# [<k> (h/Mpc)]	[<P_0(k)> (Mpc/h)^3]	[ErrorBar (Mpc/h)^3]	nModes	[<P_2(k)> (Mpc/h)^3]
2.825283e-03	5.278000e+03	1.463854e+03	13.000000	0.000000e+00
4.787023e-03	8.960015e+03	1.559738e+03	33.000000	0.000000e+00
6.808858e-03	1.080213e+04	1.215334e+03	79.000000	0.000000e+00
8.837018e-03	1.539333e+04	1.423114e+03	117.000000	0.000000e+00
1.090508e-02	1.233925e+04	8.618103e+02	205.000000	0.000000e+00
1.285043e-02	1.524938e+04	9.947599e+02	235.000000	0.000000e+00
1.484672e-02	1.500048e+04	7.808938e+02	369.000000	0.000000e+00
1.685151e-02	1.451010e+04	6.973111e+02	433.000000	0.000000e+00
1.887417e-02	1.408697e+04	5.824247e+02	585.000000	0.000000e+00
2.087690e-02	1.361640e+04	5.225496e+02	679.000000	0.000000e+00
2.284645e-02	1.310267e+04	4.595306e+02	813.000000	0.000000e+00
2.485035e-02	1.260567e+04	4.016501e+02	985.000000	0.000000e+00
2.689016e-02	1.282703e+04	3.729354e+02	1183.000000	0.000000e+00
2.887890e-02	1.226234e+04	3.442250e+02	1269.000000	0.000000e+00
3.085965e-02	1.105615e+04	2.820115e+02	1537.000000	0.000000e+00
3.284962e-02	1.027752e+04	2.527853e+02	1653.000000	0.000000e+00
3.484370e-02	9.873385e+03	2.228465e+02	1963.000000	0.000000e+00
3.684264e-02	9.765922e+03	2.120523e+02	2121.000000	0.000000e+00
3.884666e-02	8.955812e+03	1.823166e+02	2413.000000	0.000000e+00
4.085134e-02	8.554433e+03	1.666483e+02	2635.000000	0.000000e+00
4.284129e-02	8.141605e+03	1.517889e+02	2877.000000	0.000000e+00
4.482380e-02	7.943811e+03	1.411132e+02	3169.000000	0.000000e+00
4.682964e-02	7.664840e+03	1.294301e+02	3507.000000	0.000000e+00
4.882111e-02	7.437486e+03	1.225201e+02	3685.000000	0.000000e+00
5.081452e-02	6.897098e+03	1.068708e+02	4165.000000	0.000000e+00
5.282512e-02	6.889148e+03	1.041303e+02	4377.000000	0.000000e+00
5.483161e-02	6.677306e+03	9.583115e+01	4855.000000	0.000000e+00
5.681794e-02	6.557133e+03	9.339735e+01	4929.000000	0.000000e+00
5.880488e-02	6.148931e+03	8.230829e+01	5581.000000	0.000000e+00
6.078752e-02	6.405880e+03	8.500468e+01	5679.000000	0.000000e+00
6.279015e-02	6.171250e+03	7.723118e+01	6385.000000	0.000000e+00
6.479167e-02	5.955414e+03	7.356850e+01	6553.000000	0.000000e+00
6.679172e-02	5.797530e+03	6.868321e+01	7125.000000	0.000000e+00
6.879078e-02	5.600462e+03	6.489828e+01	7447.000000	0.000000e+00
7.078414e-02	5.516454e+03	6.195135e+01	7929.000000	0.000000e+00
7.278159e-02	5.296498e+03	5.795189e+01	8353.000000	0.000000e+00
7.476640e-02	5.236239e+03	5.589796e+01	8775.000000	0.000000e+00
7.675907e-02	5.050351e+03	5.233314e+01	9313.000000	0.000000e+00
7.875735e-02	4.772992e+03	4.811396e+01	9841.000000	0.000000e+00
8.074579e-02	4.704680e+03	4.660384e+01	10191.000000	0.000000e+00
8.274077e-02	4.491863e+03	4.303017e+01	10897.000000	0.000000e+00
8.473833e-02	4.346652e+03	4.088806e+01	11301.000000	0.000000e+00
8.674360e-02	4.131486e+03	3.767591e+01	12025.000000	0.000000e+00
8.874697e-02	4.027539e+03	3.613487e+01	12423.000000	0.000000e+00
9.074179e-02	3.851656e+03	3.375401e+01	13021.000000	0.000000e+00
9.272623e-02	3.718496e+03	3.211693e+01	13405.000000	0.000000e+00
9.471269e-02	3.559343e+03	2.982004e+01	14247.000000	0.000000e+00
9.671056e-02	3.436896e+03	2.833451e+01	14713.000000	0.000000e+00
9.870727e-02	3.307389e+03	2.657502e+01	15489.000000	0.000000e+00
1.007038e-01	3.212823e+03	2.546894e+01	15913.000000	0.000000e+00
1.027044e-01	3.130800e+03	2.409805e+01	16879.000000	0.000000e+00
1.047038e-01	2.994251e+03	2.283560e+01	17193.000000	0.000000e+00
1.067040e-01	2.955263e+03	2.193179e+01	18157.000000	0.000000e+00
1.086889e-01	2.913599e+03	2.151503e+01	18339.000000	0.000000e+00
1.106818e-01	2.845948e+03	2.034221e+01	19573.000000	0.000000e+00
1.126797e-01	2.795677e+03	1.979765e+01	19941.000000	0.000000e+00
1.146640e-01	2.759998e+03	1.921630e+01	20629.000000	0.000000e+00
1.166593e-01	2.686664e+03	1.825721e+01	21655.000000	0.000000e+00
1.186555e-01	2.618856e+03	1.761116e+01	22113.000000	0.000000e+00
1.206557e-01	2.588726e+03	1.700132e+01	23185.000000	0.000000e+00
1.226521e-01	2.561841e+03	1.665254e+01	23667.000000	0.000000e+00
1.246394e-01	2.527877e+03	1.618805e+01	24385.000000	0.000000e+00
1.266433e-01	2.477734e+03	1.544097e+01	25749.000000	0.000000e+00
1.286372e-01	2.450420e+03	1.529274e+01	25675.000000	0.000000e+00
1.306323e-01	2.375645e+03	1.434944e+01	27409.000000	0.000000e+00
1.326290e-01	2.353679e+03	1.421780e+01	27405.000000	0.000000e+00
1.346159e-01	2.325411e+03	1.372240e+01	28717.000000	0.000000e+00
1.366167e-01	2.256800e+03	1.311849e+01	29595.000000	0.000000e+00
1.386146e-01	2.215639e+03	1.272830e+01	30301.000000	0.000000e+00
1.406031e-01	2.157616e+03	1.223452e+01	31101.000000	0.000000e+00
1.425916e-01	2.136518e+03	1.193921e+01	32023.000000	0.000000e+00
1.445846e-01	2.055743e+03	1.132044e+01	32977.000000	0.000000e+00
1.465916e-01	2.001355e+03	1.078291e+01	34449.000000	0.000000e+00
1.485919e-01	1.947273e+03	1.047633e+01	34549.000000	0.000000e+00
1.505868e-01	1.906754e+03	1.003402e+01	36111.000000	0.000000e+00
1.525827e-01	1.873680e+03	9.801787e+00	36541.000000	0.000000e+00
1.545720e-01	1.821712e+03	9.380177e+00	37717.000000	0.000000e+00
1.565618e-01	1.763327e+03	8.972893e+00	38619.000000	0.000000e+00
1.585558e-01	1.730218e+03	8.687985e+00	39661.000000	0.000000e+00
1.605447e-01	1.702995e+03	8.457553e+00	40545.000000	0.000000e+00
1.625373e-01	1.661212e+03	8.123794e+00	41815.000000	0.000000e+00
1.645437e-01	1.637950e+03	7.887440e+00	43125.000000	0.000000e+00
1.665425e-01	1.594424e+03	7.628824e+00	43681.000000	0.000000e+00
1.685320e-01	1.578180e+03	7.470470e+00	44629.000000	0.000000e+00
1.705261e-01	1.550721e+03	7.212498e+00	46227.000000	0.000000e+00
1.725263e-01	1.521510e+03	7.025006e+00	46909.000000	0.000000e+00
1.745216e-01	1.506418e+03	6.858914e+00	48237.000000	0.000000e+00
1.765059e-01	1.490786e+03	6.763525e+00	48583.000000	0.000000e+00
1.785033e-01	1.469046e+03	6.505235e+00	50997.000000	0.000000e+00
1.805083e-01	1.446273e+03	6.379424e+00	51397.000000	0.000000e+00
1.825017e-01	1.423027e+03	6.211251e+00	52489.000000	0.000000e+00
1.844937e-01	1.414232e+03	6.097924e+00	53787.000000	0.000000e+00
1.864887e-01	1.403506e+03	5.989310e+00	54913.000000	0.000000e+00
1.884818e-01	1.385307e+03	5.855195e+00	55977.000000	0.000000e+00
1.904753e-01	1.358415e+03	5.669173e+00	57415.000000	0.000000e+00
1.924660e-01	1.334886e+03	5.537801e+00	58105.000000	0.000000e+00
1.944594e-01	1.329682e+03	5.426912e+00	60033.000000	0.000000e+00
1.964596e-01	1.309545e+03	5.304410e+00	60949.000000	0.000000e+00
1.984543e-01	1.283480e+03	5.144837e+00	62235.000000	0.000000e+00
2.004453e-01	1.267678e+03	5.041394e+00	63229.000000	0.000000e+00
2.024446e-01	1.253228e+03	4.910542e+00	65133.000000	0.000000e+00
2.044399e-01	1.234386e+03	4.815541e+00	65707.000000	0.000000e+00
2.064345e-01	1.206207e+03	4.640595e+00	67561.000000	0.000000e+00
2.084313e-01	1.199501e+03	4.582891e+00	68505.000000	0.000000e+00
2.104244e-01	1.170924e+03	4.427481e+00	69943.000000	0.000000e+00
2.124186e-01	1.150293e+03	4.314026e+00	71097.000000	0.000000e+00
2.144149e-01	1.132859e+03	4.192295e+00	73021.000000	0.000000e+00
2.164075e-01	1.120803e+03	4.139299e+00	73317.000000	0.000000e+00
2.183998e-01	1.101649e+03	4.001396e+00	75799.000000	0.000000e+00
2.203919e-01	1.081115e+03	3.921076e+00	76021.000000	0.000000e+00
2.223865e-01	1.073048e+03	3.823714e+00	78753.000000	0.000000e+00
2.243849e-01	1.060883e+03	3.767518e+00	79291.000000	0.000000e+00
2.263816e-01	1.040789e+03	3.654052e+00	81129.000000	0.000000e+00
2.283784e-01	1.022253e+03	3.560301e+00	82441.000000	0.000000e+00
2.303757e-01	1.015249e+03	3.504004e+00	83949.000000	0.000000e+00
2.323699e-01	9.966081e+02	3.415867e+00	85123.000000	0.000000e+00
2.343653e-01	9.900059e+02	3.357805e+00	86929.000000	0.000000e+00
2.363576e-01	9.766346e+02	3.296189e+00	87789.000000	0.000000e+00
2.383451e-01	9.683119e+02	3.234488e+00	89623.000000	0.000000e+00
2.403415e-01	9.549245e+02	3.159630e+00	91341.000000	0.000000e+00
2.423378e-01	9.466200e+02	3.106679e+00	92845.000000	0.000000e+00
2.443322e-01	9.335299e+02	3.043431e+00	94087.000000	0.000000e+00
2.463300e-01	9.250049e+02	2.980276e+00	96333.000000	0.000000e+00
2.483279e-01	9.165782e+02	2.939185e+00	97249.000000	0.000000e+00
2.503275e-01	9.039289e+02	2.865633e+00	99501.000000	0.000000e+00
2.523142e-01	8.950655e+02	2.840648e+00	99283.000000	0.000000e+00
2.543013e-01	8.864856e+02	2.768416e+00	102537.000000	0.000000e+00
2.562973e-01	8.735147e+02	2.715491e+00	103477.000000	0.000000e+00
2.582930e-01	8.696040e+02	2.674110e+00	105751.000000	0.000000e+00
2.602906e-01	8.579014e+02	2.624288e+00	106869.000000	0.000000e+00
2.622842e-01	8.527071e+02	2.586373e+00	108697.000000	0.000000e+00
2.642824e-01	8.419812e+02	2.532037e+00	110577.000000	0.000000e+00
2.662844e-01	8.289335e+02	2.470798e+00	112555.000000	0.000000e+00
2.682741e-01	8.174472e+02	2.436150e+00	112593.000000	0.000000e+00
2.702629e-01	8.137374e+02	2.393625e+00	115573.000000	0.000000e+00
2.722603e-01	8.029879e+02	2.344723e+00	117283.000000	0.000000e+00
2.742558e-01	7.981190e+02	2.317715e+00	118581.000000	0.000000e+00
2.762488e-01	7.865373e+02	2.264648e+00	120625.000000	0.000000e+00
2.782426e-01	7.771215e+02	2.225485e+00	121935.000000	0.000000e+00
2.802382e-01	7.680194e+02	2.177161e+00	124441.000000	0.000000e+00
2.822328e-01	7.622835e+02	2.151618e+00	125517.000000	0.000000e+00
2.842249e-01	7.558607e+02	2.118022e+00	127357.000000	0.000000e+00
2.862208e-01	7.471617e+02	2.073091e+00	129895.000000	0.000000e+00
2.882169e-01	7.370644e+02	2.038760e+00	130701.000000	0.000000e+00
2.902141e-01	7.324889e+02	2.001597e+00	133921.000000	0.000000e+00
2.922105e-01	7.255908e+02	1.980781e+00	134187.000000	0.000000e+00
2.942043e-01	7.193058e+02	1.942474e+00	137125.000000	0.000000e+00
2.962008e-01	7.118910e+02	1.913181e+00	138457.000000	0.000000e+00
2.981989e-01	7.029369e+02	1.872422e+00	140937.000000	0.000000e+00
3.001897e-01	6.954063e+02	1.849544e+00	141367.000000	0.000000e+00
3.021797e-01	6.912251e+02	1.819133e+00	144381.000000	0.000000e+00
3.041718e-01	6.823072e+02	1.788444e+00	145549.000000	0.000000e+00
3.061699e-01	6.773021e+02	1.753827e+00	149139.000000	0.000000e+00
3.081700e-01	6.733348e+02	1.740627e+00	149641.000000	0.000000e+00
3.101613e-01	6.698015e+02	1.718995e+00	151825.000000	0.000000e+00
3.121531e-01	6.618317e+02	1.689507e+00	153453.000000	0.000000e+00
3.141451e-01	6.559638e+02	1.661403e+00	155887.000000	0.000000e+00
3.161415e-01	6.501111e+02	1.634906e+00	158121.000000	0.000000e+00
3.181385e-01	6.449078e+02	1.613071e+00	159841.000000	0.000000e+00
3.201285e-01	6.356276e+02	1.583266e+00	161175.000000	0.000000e+00
3.221251e-01	6.313033e+02	1.555685e+00	164677.000000	0.000000e+00
3.241246e-01	6.292387e+02	1.544141e+00	166057.000000	0.000000e+00
3.261187e-01	6.229379e+02	1.521158e+00	167703.000000	0.000000e+00
3.281140e-01	6.188411e+02	1.499724e+00	170269.000000	0.000000e+00
3.301103e-01	6.140370e+02	1.479470e+00	172257.000000	0.000000e+00
3.321038e-01	6.056802e+02	1.453457e+00	173653.000000	0.000000e+00
3.340963e-01	6.030983e+02	1.435058e+00	176619.000000	0.000000e+00
3.360891e-01	5.990599e+02	1.421646e+00	177565.000000	0.000000e+00
3.380839e-01	5.937911e+02	1.394610e+00	181285.000000	0.000000e+00
3.400815e-01	5.875294e+02	1.375125e+00	182547.000000	0.000000e+00
3.420775e-01	5.845360e+02	1.359044e+00	184993.000000	0.000000e+00
3.440714e-01	5.792558e+02	1.340321e+00	186777.000000	0.000000e+00
3.460660e-01	5.725430e+02	1.316720e+00	189073.000000	0.000000e+00
3.480602e-01	5.675610e+02	1.296995e+00	191491.000000	0.000000e+00
3.500575e-01	5.680868e+02	1.290290e+00	193845.000000	0.000000e+00
3.520518e-01	5.623593e+02	1.272902e+00	195181.000000	0.000000e+00
3.540398e-01	5.570143e+02	1.253955e+00	197319.000000	0.000000e+00
3.560324e-01	5.546813e+02	1.239583e+00	200233.000000	0.000000e+00
3.580294e-01	5.486893e+02	1.217696e+00	203037.000000	0.000000e+00
3.600284e-01	5.447293e+02	1.203484e+00	204871.000000	0.000000e+00
3.620203e-01	5.416891e+02	1.192844e+00	206221.000000	0.000000e+00
3.640124e-01	5.383808e+02	1.176163e+00	209529.000000	0.000000e+00
3.660135e-01	5.328682e+02	1.155831e+00	212545.000000	0.000000e+00
3.680092e-01	5.274982e+02	1.142405e+00	213207.000000	0.000000e+00
3.700028e-01	5.262322e+02	1.130762e+00	216577.000000	0.000000e+00
3.719978e-01	5.210048e+02	1.115376e+00	218193.000000	0.000000e+00
3.739960e-01	5.184711e+02	1.100020e+00	222151.000000	0.000000e+00
3.759897e-01	5.153506e+02	1.094656e+00	221641.000000	0.000000e+00
3.779792e-01	5.109939e+02	1.074472e+00	226173.000000	0.000000e+00
3.799721e-01	5.066362e+02	1.063412e+00	226981.000000	0.000000e+00
3.819688e-01	5.037260e+02	1.046023e+00	231903.000000	0.000000e+00
3.839641e-01	5.015432e+02	1.042412e+00	231493.000000	0.000000e+00
3.859568e-01	4.969349e+02	1.022835e+00	236041.000000	0.000000e+00
3.879523e-01	4.928374e+02	1.011854e+00	237231.000000	0.000000e+00
3.899494e-01	4.905145e+02	9.993346e-01	240925.000000	0.000000e+00
3.919470e-01	4.874651e+02	9.893431e-01	242769.000000	0.000000e+00
3.939372e-01	4.852979e+02	9.829464e-01	243757.000000	0.000000e+00
3.959285e-01	4.776445e+02	9.591661e-01	247983.000000	0.000000e+00
3.979255e-01	4.767551e+02	9.529899e-01	250273.000000	0.000000e+00
3.999206e-01	4.722281e+02	9.400055e-01	252373.000000	0.000000e+00
4.019150e-01	4.697586e+02	9.294464e-01	255447.000000	0.000000e+00
4.039099e-01	4.671871e+02	9.214019e-01	257089.000000	0.000000e+00
4.059061e-01	4.648011e+02	9.093891e-01	261237.000000	0.000000e+00
4.079005e-01	4.607409e+02	9.007043e-01	261667.000000	0.000000e+00
4.098970e-01	4.586178e+02	8.877395e-01	266889.000000	0.000000e+00
4.118939e-01	4.559589e+02	8.823283e-01	267049.000000	0.000000e+00
4.138863e-01	4.532223e+02	8.712962e-01	270577.000000	0.000000e+00
4.158785e-01	4.492955e+02	8.604683e-01	272643.000000	0.000000e+00
4.178735e-01	4.489881e+02	8.543170e-01	276205.000000	0.000000e+00
4.198688e-01	4.452351e+02	8.441800e-01	278169.000000	0.000000e+00
4.218621e-01	4.425269e+02	8.350768e-01	280819.000000	0.000000e+00
4.238555e-01	4.387794e+02	8.238932e-01	283629.000000	0.000000e+00
4.258541e-01	4.371316e+02	8.149188e-01	287737.000000	0.000000e+00
4.278511e-01	4.339863e+02	8.083644e-01	288229.000000	0.000000e+00
4.298418e-01	4.322567e+02	8.005865e-01	291519.000000	0.000000e+00
4.318357e-01	4.302984e+02	7.926507e-01	294697.000000	0.000000e+00
4.338304e-01	4.266986e+02	7.832075e-01	296817.000000	0.000000e+00
4.358259e-01	4.237140e+02	7.726413e-01	300739.000000	0.000000e+00
4.378207e-01	4.218600e+02	7.677533e-01	301921.000000	0.000000e+00
4.398126e-01	4.176287e+02	7.556406e-01	305457.000000	0.000000e+00
4.418091e-01	4.171499e+02	7.506303e-01	308839.000000	0.000000e+00
4.438046e-01	4.141873e+02	7.431344e-01	310641.000000	0.000000e+00
4.457993e-01	4.113414e+02	7.335039e-01	314485.000000	0.000000e+00
4.477952e-01	4.081613e+02	7.259566e-01	316113.000000	0.000000e+00
4.497898e-01	4.076272e+02	7.202804e-01	320275.000000	0.000000e+00
4.517835e-01	4.051689e+02	7.150064e-01	321109.000000	0.000000e+00
4.537771e-01	4.038492e+02	7.071798e-01	326121.000000	0.000000e+00
4.557736e-01	4.003160e+02	6.992732e-01	327727.000000	0.000000e+00
4.577705e-01	3.994183e+02	6.933875e-01	331821.000000	0.000000e+00
4.597631e-01	3.959136e+02	6.866044e-01	332497.000000	0.000000e+00
4.617563e-01	3.946950e+02	6.795468e-01	337353.000000	0.000000e+00
4.637522e-01	3.926141e+02	6.737647e-01	339559.000000	0.000000e+00
4.657493e-01	3.900692e+02	6.657315e-01	343309.000000	0.000000e+00
4.677438e-01	3.878610e+02	6.605712e-01	344757.000000	0.000000e+00
4.697365e-01	3.858110e+02	6.533513e-01	348703.000000	0.000000e+00
4.717321e-01	3.845515e+02	6.488429e-01	351261.000000	0.000000e+00
4.737250e-01	3.825918e+02	6.429788e-01	354061.000000	0.000000e+00
4.757151e-01	3.793991e+02	6.357717e-01	356115.000000	0.000000e+00
4.777098e-01	3.782330e+02	6.289321e-01	361669.000000	0.000000e+00
4.797067e-01	3.757491e+02	6.237473e-01	362893.000000	0.000000e+00
4.817021e-01	3.740377e+02	6.173373e-01	367101.000000	0.000000e+00
4.836980e-01	3.725464e+02	6.129273e-01	369439.000000	0.000000e+00
4.856946e-01	3.705628e+02	6.065378e-01	373257.000000	0.000000e+00
4.876921e-01	3.681579e+02	6.004401e-01	375949.000000	0.000000e+00
4.896859e-01	3.660627e+02	5.953672e-01	378043.000000	0.000000e+00
4.916774e-01	3.653865e+02	5.918660e-01	381117.000000	0.000000e+00
4.936740e-01	3.634961e+02	5.847277e-01	386449.000000	0.000000e+00
4.956690e-01	3.624706e+02	5.831173e-01	386397.000000	0.000000e+00
4.976600e-01	3.585410e+02	5.731596e-01	391315.000000	0.000000e+00
4.996551e-01	3.578965e+02	5.699559e-01	394305.000000	0.000000e+00
5.016519e-01	3.559243e+02	5.641233e-01	398077.000000	0.000000e+00
5.036462e-01	3.537330e+02	5.593576e-01	399919.000000	0.000000e+00
5.056381e-01	3.525970e+02	5.553480e-01	403113.000000	0.000000e+00
5.076338e-01	3.508935e+02	5.491910e-01	408229.000000	0.000000e+00
5.096324e-01	3.490382e+02	5.448981e-01	410313.000000	0.000000e+00
5.116253e-01	3.467618e+02	5.397850e-01	412687.000000	0.000000e+00
5.136183e-01	3.461065e+02	5.362358e-01	416589.000000	0.000000e+00
5.156137e-01	3.437543e+02	5.304616e-01	419941.000000	0.000000e+00
5.176078e-01	3.422459e+02	5.262240e-01	422995.000000	0.000000e+00
5.196028e-01	3.408501e+02	5.219561e-01	426441.000000	0.000000e+00
5.215957e-01	3.398624e+02	5.188448e-01	429073.000000	0.000000e+00
5.235886e-01	3.384277e+02	5.146209e-01	432471.000000	0.000000e+00
5.255851e-01	3.364672e+02	5.086295e-01	437605.000000	0.000000e+00
5.275802e-01	3.351037e+02	5.060990e-01	438417.000000	0.000000e+00
5.295745e-01	3.332444e+02	5.002379e-01	443785.000000	0.000000e+00
5.315675e-01	3.321115e+02	4.980090e-01	444727.000000	0.000000e+00
5.335612e-01	3.314853e+02	4.939005e-01	450453.000000	0.000000e+00
5.355583e-01	3.296237e+02	4.895492e-01	453361.000000	0.000000e+00
5.375541e-01	3.270037e+02	4.840135e-01	456447.000000	0.000000e+00
5.395464e-01	3.256524e+02	4.809976e-01	458377.000000	0.000000e+00
5.415432e-01	3.245906e+02	4.756954e-01	465601.000000	0.000000e+00
5.435403e-01	3.233428e+02	4.741011e-01	465141.000000	0.000000e+00
5.455338e-01	3.218252e+02	4.689580e-01	470947.000000	0.000000e+00
5.475270e-01	3.207852e+02	4.670253e-01	471789.000000	0.000000e+00
5.495209e-01	3.195498e+02	4.622190e-01	477949.000000	0.000000e+00
5.515191e-01	3.183112e+02	4.588336e-01	481275.000000	0.000000e+00
5.535108e-01	3.160787e+02	4.556280e-01	481249.000000	0.000000e+00
5.555021e-01	3.152083e+02	4.510285e-01	488413.000000	0.000000e+00
5.575004e-01	3.127074e+02	4.460268e-01	491535.000000	0.000000e+00
5.594964e-01	3.124588e+02	4.445189e-01	494089.000000	0.000000e+00
5.614893e-01	3.108889e+02	4.407485e-01	497541.000000	0.000000e+00
5.634832e-01	3.094532e+02	4.371432e-01	501121.000000	0.000000e+00
5.654804e-01	3.087454e+02	4.337137e-01	506751.000000	0.000000e+00
5.674733e-01	3.075477e+02	4.324932e-01	505669.000000	0.000000e+00
5.694666e-01	3.058636e+02	4.264222e-01	514489.000000	0.000000e+00
5.714632e-01	3.049690e+02	4.251691e-01	514503.000000	0.000000e+00
5.734584e-01	3.029579e+02	4.199248e-01	520501.000000	0.000000e+00
5.754516e-01	3.020134e+02	4.182992e-01	521289.000000	0.000000e+00
5.774446e-01	3.016103e+02	4.154266e-01	527113.000000	0.000000e+00
5.794400e-01	2.999813e+02	4.119351e-01	530311.000000	0.000000e+00
5.814361e-01	2.983370e+02	4.080728e-01	534489.000000	0.000000e+00
5.834313e-01	2.980412e+02	4.066819e-01	537085.000000	0.000000e+00
5.854261e-01	2.961609e+02	4.023216e-01	541887.000000	0.000000e+00
5.874218e-01	2.951619e+02	3.998380e-01	544945.000000	0.000000e+00
5.894178e-01	2.940560e+02	3.967717e-01	549261.000000	0.000000e+00
5.914114e-01	2.933093e+02	3.951374e-01	551005.000000	0.000000e+00
5.934041e-01	2.914611e+02	3.906933e-01	556531.000000	0.000000e+00
5.953995e-01	2.908400e+02	3.886635e-01	559965.000000	0.000000e+00
5.973956e-01	2.897693e+02	3.858528e-01	563977.000000	0.000000e+00
5.993886e-01	2.880953e+02	3.829149e-01	566067.000000	0.000000e+00
6.013797e-01	2.872336e+02	3.803018e-01	570445.000000	0.000000e+00
6.033767e-01	2.865530e+02	3.772221e-01	577053.000000	0.000000e+00
6.053748e-01	2.853313e+02	3.751311e-01	578539.000000	0.000000e+00
6.073667e-01	2.841659e+02	3.728092e-01	580993.000000	0.000000e+00
6.093587e-01	2.835249e+02	3.701619e-01	586677.000000	0.000000e+00
6.113538e-01	2.816343e+02	3.666439e-01	590041.000000	0.000000e+00
6.133526e-01	2.810412e+02	3.637760e-01	596859.000000	0.000000e+00
6.153452e-01	2.796038e+02	3.627997e-01	593953.000000	0.000000e+00
6.173353e-01	2.792906e+02	3.596762e-01	602961.000000	0.000000e+00
6.193326e-01	2.771248e+02	3.558517e-01	606475.000000	0.000000e+00
6.213311e-01	2.769537e+02	3.543041e-01	611029.000000	0.000000e+00
6.233265e-01	2.763819e+02	3.530265e-01	612921.000000	0.000000e+00
6.253179e-01	2.744834e+02	3.497558e-01	615889.000000	0.000000e+00
6.273130e-01	2.736035e+02	3.465070e-01	623475.000000	0.000000e+00
6.293122e-01	2.733261e+02	3.453893e-01	626245.000000	0.000000e+00
6.313064e-01	2.719948e+02	3.431617e-01	628237.000000	0.000000e+00
6.332981e-01	2.708214e+02	3.404313e-01	632859.000000	0.000000e+00
6.352932e-01	2.704440e+02	3.386309e-01	637825.000000	0.000000e+00
6.372885e-01	2.696030e+02	3.365830e-01	641601.000000	0.000000e+00
6.392814e-01	2.686727e+02	3.348121e-01	643939.000000	0.000000e+00
6.412738e-01	2.672360e+02	3.316213e-01	649389.000000	0.000000e+00
6.432707e-01	2.664317e+02	3.292350e-01	654877.000000	0.000000e+00
6.452688e-01	2.654149e+02	3.270957e-01	658417.000000	0.000000e+00
6.472597e-01	2.651200e+02	3.267227e-01	658455.000000	0.000000e+00
6.492521e-01	2.634816e+02	3.225946e-01	667093.000000	0.000000e+00
6.512503e-01	2.625808e+02	3.206230e-01	670713.000000	0.000000e+00
6.532472e-01	2.613740e+02	3.182176e-01	674647.000000	0.000000e+00
6.552421e-01	2.605565e+02	3.165748e-01	677409.000000	0.000000e+00
6.572351e-01	2.601728e+02	3.151129e-01	681697.000000	0.000000e+00
6.592311e-01	2.589871e+02	3.123627e-01	687445.000000	0.000000e+00
6.612259e-01	2.579806e+02	3.106714e-01	689559.000000	0.000000e+00
6.632165e-01	2.574006e+02	3.092290e-01	692881.000000	0.000000e+00
6.652114e-01	2.569265e+02	3.069953e-01	700413.000000	0.000000e+00
6.672061e-01	2.556693e+02	3.052349e-01	701599.000000	0.000000e+00
6.692014e-01	2.545756e+02	3.023529e-01	708933.000000	0.000000e+00
6.711970e-01	2.535181e+02	3.007172e-01	710725.000000	0.000000e+00
6.731898e-01	2.530330e+02	2.992688e-01	714877.000000	0.000000e+00
6.751840e-01	2.523694e+02	2.973824e-01	720183.000000	0.000000e+00
6.771803e-01	2.512649e+02	2.950019e-01	725461.000000	0.000000e+00
6.791765e-01	2.503925e+02	2.934595e-01	728025.000000	0.000000e+00
6.811703e-01	2.501403e+02	2.921978e-01	732847.000000	0.000000e+00
6.831642e-01	2.491210e+02	2.903766e-01	736033.000000	0.000000e+00
6.851614e-01	2.484311e+02	2.879326e-01	744441.000000	0.000000e+00
6.871573e-01	2.471528e+02	2.866178e-01	743575.000000	0.000000e+00
6.891516e-01	2.469762e+02	2.848766e-01	751617.000000	0.000000e+00
6.911457e-01	2.460225e+02	2.835880e-01	752617.000000	0.000000e+00
6.931383e-01	2.449885e+02	2.812845e-01	758577.000000	0.000000e+00
6.951321e-01	2.440633e+02	2.794193e-01	762943.000000	0.000000e+00
6.971274e-01	2.437180e+02	2.781145e-01	767941.000000	0.000000e+00
6.991227e-01	2.427668e+02	2.763247e-01	771861.000000	0.000000e+00
7.011176e-01	2.429455e+02	2.757025e-01	776491.000000	0.000000e+00
7.031125e-01	2.415589e+02	2.734070e-01	780597.000000	0.000000e+00
7.051071e-01	2.404224e+02	2.712851e-01	785413.000000	0.000000e+00
7.070999e-01	2.398705e+02	2.702525e-01	787797.000000	0.000000e+00
7.090964e-01	2.390839e+02	2.677584e-01	797287.000000	0.000000e+00
7.110914e-01	2.387160e+02	2.676295e-01	795601.000000	0.000000e+00
7.130842e-01	2.377079e+02	2.650467e-01	804345.000000	0.000000e+00
7.150803e-01	2.364679e+02	2.631331e-01	807595.000000	0.000000e+00
7.170741e-01	2.362967e+02	2.623891e-01	811005.000000	0.000000e+00
7.190690e-01	2.357521e+02	2.606964e-01	817789.000000	0.000000e+00
7.210619e-01	2.346627e+02	2.593658e-01	818583.000000	0.000000e+00
7.230561e-01	2.339816e+02	2.572238e-01	827449.000000	0.000000e+00
7.250536e-01	2.329108e+02	2.555025e-01	830977.000000	0.000000e+00
7.270476e-01	2.325733e+02	2.548019e-01	833133.000000	0.000000e+00
7.290418e-01	2.318797e+02	2.528560e-01	840967.000000	0.000000e+00
7.310364e-01	2.315397e+02	2.523086e-01	842145.000000	0.000000e+00
7.330319e-01	2.309593e+02	2.503414e-01	851149.000000	0.000000e+00
7.350274e-01	2.304428e+02	2.497507e-01	851359.000000	0.000000e+00
7.370219e-01	2.294099e+02	2.474825e-01	859281.000000	0.000000e+00
7.390166e-01	2.281248e+02	2.457887e-01	861433.000000	0.000000e+00
7.410089e-01	2.277726e+02	2.447899e-01	865797.000000	0.000000e+00
7.430036e-01	2.270942e+02	2.430025e-01	873355.000000	0.000000e+00
7.449973e-01	2.266459e+02	2.424242e-01	874065.000000	0.000000e+00
7.469934e-01	2.258801e+02	2.401338e-01	884809.000000	0.000000e+00
7.489888e-01	2.256495e+02	2.401061e-01	883207.000000	0.000000e+00
7.509812e-01	2.250745e+02	2.384514e-01	890949.000000	0.000000e+00
7.529763e-01	2.243843e+02	2.370787e-01	895777.000000	0.000000e+00
7.549714e-01	2.231061e+02	2.351741e-01	900003.000000	0.000000e+00
7.569669e-01	2.229115e+02	2.342178e-01	905785.000000	0.000000e+00
7.589617e-01	2.217196e+02	2.325474e-01	909045.000000	0.000000e+00
7.609524e-01	2.214496e+02	2.320096e-01	911041.000000	0.000000e+00
7.629473e-01	2.208056e+02	2.298120e-01	923155.000000	0.000000e+00
7.649457e-01	2.202024e+02	2.291363e-01	923541.000000	0.000000e+00
7.669414e-01	2.197588e+02	2.278277e-01	930421.000000	0.000000e+00
7.689348e-01	2.188465e+02	2.268158e-01	930963.000000	0.000000e+00
7.709274e-01	2.181989e+02	2.251430e-01	939265.000000	0.000000e+00
7.729233e-01	2.177785e+02	2.241116e-01	944281.000000	0.000000e+00
7.749191e-01	2.170568e+02	2.228983e-01	948273.000000	0.000000e+00
7.769132e-01	2.163484e+02	2.216583e-01	952663.000000	0.000000e+00
7.789076e-01	2.160423e+02	2.206424e-01	958737.000000	0.000000e+00
7.809031e-01	2.154559e+02	2.195682e-01	962893.000000	0.000000e+00
7.828987e-01	2.148105e+02	2.181922e-01	969243.000000	0.000000e+00
7.848915e-01	2.140467e+02	2.174072e-01	969325.000000	0.000000e+00
7.868833e-01	2.136370e+02	2.159311e-01	978865.000000	0.000000e+00
7.888804e-01	2.131867e+02	2.148844e-01	984261.000000	0.000000e+00
7.908771e-01	2.128630e+02	2.141333e-01	988171.000000	0.000000e+00
7.928676e-01	2.123785e+02	2.136184e-01	988425.000000	0.000000e+00
7.948626e-01	2.115172e+02	2.113072e-01	1001989.000000	0.000000e+00
7.968598e-01	2.108674e+02	2.106931e-01	1001655.000000	0.000000e+00
7.988545e-01	2.104648e+02	2.095704e-01	1008553.000000	0.000000e+00
8.008504e-01	2.095644e+02	2.081630e-01	1013509.000000	0.000000e+00
8.028453e-01	2.089292e+02	2.071314e-01	1017435.000000	0.000000e+00
8.048390e-01	2.085214e+02	2.062219e-01	1022425.000000	0.000000e+00
8.068333e-01	2.080252e+02	2.051414e-01	1028313.000000	0.000000e+00
8.088264e-01	2.077058e+02	2.045589e-01	1031005.000000	0.000000e+00
8.108207e-01	2.069922e+02	2.029531e-01	1040199.000000	0.000000e+00
8.128165e-01	2.064011e+02	2.021628e-01	1042369.000000	0.000000e+00
8.148139e-01	2.058249e+02	2.006353e-01	1052401.000000	0.000000e+00
8.168081e-01	2.053883e+02	2.005081e-01	1049271.000000	0.000000e+00
8.188002e-01	2.048518e+02	1.989486e-01	1060225.000000	0.000000e+00
8.207967e-01	2.043675e+02	1.980787e-01	1064505.000000	0.000000e+00
8.227922e-01	2.034857e+02	1.967828e-01	1069285.000000	0.000000e+00
8.247842e-01	2.031327e+02	1.962405e-01	1071475.000000	0.000000e+00
8.267774e-01	2.024301e+02	1.947141e-01	1080825.000000	0.000000e+00
8.287741e-01	2.023845e+02	1.942756e-01	1085221.000000	0.000000e+00
8.307694e-01	2.020041e+02	1.934476e-01	1090419.000000	0.000000e+00
8.327612e-01	2.010147e+02	1.924136e-01	1091401.000000	0.000000e+00
8.347561e-01	2.008173e+02	1.910729e-01	1104597.000000	0.000000e+00
8.367530e-01	2.002450e+02	1.905887e-01	1103899.000000	0.000000e+00
8.387474e-01	1.996759e+02	1.893285e-01	1112293.000000	0.000000e+00
8.407404e-01	1.992308e+02	1.887897e-01	1113669.000000	0.000000e+00
8.427374e-01	1.990495e+02	1.875666e-01	1126189.000000	0.000000e+00
8.447334e-01	1.981338e+02	1.868848e-01	1124007.000000	0.000000e+00
8.467264e-01	1.979140e+02	1.859337e-01	1133017.000000	0.000000e+00
8.487214e-01	1.973416e+02	1.850341e-01	1137453.000000	0.000000e+00
8.507177e-01	1.966049e+02	1.837427e-01	1144903.000000	0.000000e+00
8.527137e-01	1.962859e+02	1.832502e-01	1147333.000000	0.000000e+00
8.547066e-01	1.957724e+02	1.823131e-01	1153101.000000	0.000000e+00
8.566997e-01	1.949986e+02	1.812445e-01	1157533.000000	0.000000e+00
8.586939e-01	1.946590e+02	1.802971e-01	1165659.000000	0.000000e+00
8.606895e-01	1.943513e+02	1.797229e-01	1169413.000000	0.000000e+00
8.626845e-01	1.939823e+02	1.788670e-01	1176153.000000	0.000000e+00
8.646771e-01	1.935327e+02	1.783334e-01	1177723.000000	0.000000e+00
8.666737e-01	1.931709e+02	1.769961e-01	1191121.000000	0.000000e+00
8.686687e-01	1.923511e+02	1.765256e-01	1187337.000000	0.000000e+00
8.706613e-01	1.922621e+02	1.756000e-01	1198777.000000	0.000000e+00
8.726576e-01	1.915524e+02	1.746329e-01	1203159.000000	0.000000e+00
8.746526e-01	1.912337e+02	1.739906e-01	1208029.000000	0.000000e+00
8.766473e-01	1.909944e+02	1.733772e-01	1213549.000000	0.000000e+00
8.786425e-01	1.900261e+02	1.720249e-01	1220235.000000	0.000000e+00
8.806361e-01	1.901123e+02	1.719679e-01	1222153.000000	0.000000e+00
8.826306e-01	1.893670e+02	1.705646e-01	1232625.000000	0.000000e+00
8.846261e-01	1.890528e+02	1.701352e-01	1234747.000000	0.000000e+00
8.866198e-01	1.885927e+02	1.693044e-01	1240833.000000	0.000000e+00
8.886129e-01	1.879396e+02	1.683624e-01	1246081.000000	0.000000e+00
8.906092e-01	1.874852e+02	1.673424e-01	1255225.000000	0.000000e+00
8.926060e-01	1.870771e+02	1.667535e-01	1258611.000000	0.000000e+00
8.945977e-01	1.869767e+02	1.665998e-01	1259581.000000	0.000000e+00
8.965906e-01	1.860366e+02	1.650041e-01	1271181.000000	0.000000e+00
8.985880e-01	1.858361e+02	1.644187e-01	1277491.000000	0.000000e+00
9.005838e-01	1.853872e+02	1.638883e-01	1279569.000000	0.000000e+00
9.025779e-01	1.848957e+02	1.629523e-01	1287457.000000	0.000000e+00
9.045696e-01	1.843301e+02	1.624864e-01	1286941.000000	0.000000e+00
9.065641e-01	1.841521e+02	1.613239e-01	1303035.000000	0.000000e+00
9.085608e-01	1.835275e+02	1.608665e-01	1301581.000000	0.000000e+00
9.105556e-01	1.835778e+02	1.603405e-01	1310853.000000	0.000000e+00
9.125491e-01	1.830760e+02	1.597963e-01	1312591.000000	0.000000e+00
9.145430e-01	1.824480e+02	1.586816e-01	1321981.000000	0.000000e+00
9.165388e-01	1.822770e+02	1.582067e-01	1327437.000000	0.000000e+00
9.185338e-01	1.816109e+02	1.573771e-01	1331683.000000	0.000000e+00
9.205260e-01	1.809398e+02	1.565726e-01	1335477.000000	0.000000e+00
9.225196e-01	1.808399e+02	1.558987e-01	1345561.000000	0.000000e+00
9.245166e-01	1.804739e+02	1.552660e-01	1351065.000000	0.000000e+00
9.265116e-01	1.801041e+02	1.547179e-01	1355083.000000	0.000000e+00
9.285045e-01	1.795168e+02	1.539672e-01	1359421.000000	0.000000e+00
9.305006e-01	1.795166e+02	1.532888e-01	1371477.000000	0.000000e+00
9.324963e-01	1.789035e+02	1.528169e-01	1370551.000000	0.000000e+00
9.344905e-01	1.783780e+02	1.517921e-01	1380969.000000	0.000000e+00
9.364841e-01	1.778658e+02	1.513153e-01	1381717.000000	0.000000e+00
9.384788e-01	1.777417e+02	1.505440e-01	1393965.000000	0.000000e+00
9.404757e-01	1.770686e+02	1.498065e-01	1397083.000000	0.000000e+00
9.424709e-01	1.768451e+02	1.492859e-01	1403293.000000	0.000000e+00
9.444637e-01	1.764969e+02	1.488929e-01	1405161.000000	0.000000e+00
9.464579e-01	1.761009e+02	1.478949e-01	1417807.000000	0.000000e+00
9.484531e-01	1.757077e+02	1.475639e-01	1417821.000000	0.000000e+00
9.504465e-01	1.755503e+02	1.469059e-01	1427989.000000	0.000000e+00
9.524403e-01	1.746579e+02	1.460590e-01	1429947.000000	0.000000e+00
9.544356e-01	1.747636e+02	1.455520e-01	1441669.000000	0.000000e+00
9.564314e-01	1.743879e+02	1.451425e-01	1443589.000000	0.000000e+00
9.584264e-01	1.737799e+02	1.442331e-01	1451673.000000	0.000000e+00
9.604198e-01	1.736707e+02	1.440046e-01	1454455.000000	0.000000e+00
9.624139e-01	1.731055e+02	1.430962e-01	1463409.000000	0.000000e+00
9.644094e-01	1.727858e+02	1.425247e-01	1469725.000000	0.000000e+00
9.664057e-01	1.723158e+02	1.418076e-01	1476559.000000	0.000000e+00
9.684002e-01	1.720947e+02	1.415153e-01	1478865.000000	0.000000e+00
9.703940e-01	1.716032e+02	1.406755e-01	1488037.000000	0.000000e+00
9.723898e-01	1.710774e+02	1.399847e-01	1493565.000000	0.000000e+00
9.743840e-01	1.708005e+02	1.395080e-01	1498927.000000	0.000000e+00
9.763785e-01	1.703093e+02	1.388074e-01	1505397.000000	0.000000e+00
9.783734e-01	1.701969e+02	1.384165e-01	1511917.000000	0.000000e+00
9.803685e-01	1.698393e+02	1.378238e-01	1518547.000000	0.000000e+00
9.823637e-01	1.694886e+02	1.373011e-01	1523817.000000	0.000000e+00
9.843574e-01	1.691496e+02	1.367874e-01	1529149.000000	0.000000e+00
9.863523e-01	1.688313e+02	1.361551e-01	1537581.000000	0.000000e+00
9.883468e-01	1.684549e+02	1.356923e-01	1541191.000000	0.000000e+00
9.903414e-01	1.681566e+02	1.350477e-01	1550433.000000	0.000000e+00
9.923355e-01	1.676095e+02	1.345203e-01	1552465.000000	0.000000e+00
9.943301e-01	1.674099e+02	1.338682e-01	1563895.000000	0.000000e+00
9.963253e-01	1.667661e+02	1.332674e-01	1565913.000000	0.000000e+00
9.983198e-01	1.667711e+02	1.328641e-01	1575529.000000	0.000000e+00
1.000313e+00	1.664494e+02	1.325648e-01	1576551.000000	0.000000e+00
1.002307e+00	1.658001e+02	1.315218e-01	1589185.000000	0.000000e+00
1.004304e+00	1.657120e+02	1.312846e-01	1593237.000000	0.000000e+00
1.006299e+00	1.651946e+02	1.306342e-01	1599109.000000	0.000000e+00
1.008293e+00	1.650386e+02	1.302956e-01	1604395.000000	0.000000e+00
1.010286e+00	1.646407e+02	1.297178e-01	1610925.000000	0.000000e+00
1.012281e+00	1.643097e+02	1.290943e-01	1619989.000000	0.000000e+00
1.014278e+00	1.637376e+02	1.284024e-01	1626111.000000	0.000000e+00
1.016273e+00	1.637560e+02	1.282803e-01	1629577.000000	0.000000e+00
1.018266e+00	1.634614e+02	1.277301e-01	1637737.000000	0.000000e+00
1.020261e+00	1.631220e+02	1.272647e-01	1642893.000000	0.000000e+00
1.022257e+00	1.626396e+02	1.264890e-01	1653283.000000	0.000000e+00
1.024250e+00	1.621737e+02	1.261733e-01	1652061.000000	0.000000e+00
1.026244e+00	1.617622e+02	1.253009e-01	1666657.000000	0.000000e+00
1.028241e+00	1.615985e+02	1.250349e-01	1670367.000000	0.000000e+00
1.030236e+00	1.613452e+02	1.246587e-01	1675201.000000	0.000000e+00
1.032228e+00	1.611385e+02	1.243121e-01	1680241.000000	0.000000e+00
1.034224e+00	1.608361e+02	1.236385e-01	1692231.000000	0.000000e+00
1.036220e+00	1.602407e+02	1.230749e-01	1695145.000000	0.000000e+00
1.038214e+00	1.598338e+02	1.225112e-01	1702101.000000	0.000000e+00
1.040208e+00	1.598112e+02	1.222845e-01	1707937.000000	0.000000e+00
1.042203e+00	1.596088e+02	1.218145e-01	1716783.000000	0.000000e+00
1.044197e+00	1.593013e+02	1.215162e-01	1718581.000000	0.000000e+00
1.046189e+00	1.587081e+02	1.207757e-01	1726789.000000	0.000000e+00
1.048183e+00	1.583878e+02	1.201804e-01	1736907.000000	0.000000e+00
1.050179e+00	1.583410e+02	1.199598e-01	1742269.000000	0.000000e+00
1.052174e+00	1.579131e+02	1.194197e-01	1748577.000000	0.000000e+00
1.054169e+00	1.573835e+02	1.188023e-01	1754965.000000	0.000000e+00
1.056163e+00	1.572936e+02	1.185901e-01	1759239.000000	0.000000e+00
1.058157e+00	1.570286e+02	1.180119e-01	1770541.000000	0.000000e+00
1.060154e+00	1.567875e+02	1.176530e-01	1775893.000000	0.000000e+00
1.062148e+00	1.561991e+02	1.170498e-01	1780803.000000	0.000000e+00
1.064143e+00	1.559228e+02	1.166104e-01	1787905.000000	0.000000e+00
1.066137e+00	1.556531e+02	1.161853e-01	1794789.000000	0.000000e+00
1.068131e+00	1.556485e+02	1.159780e-01	1801105.000000	0.000000e+00
1.070126e+00	1.551022e+02	1.152937e-01	1809775.000000	0.000000e+00
1.072119e+00	1.546306e+02	1.149301e-01	1810185.000000	0.000000e+00
1.074114e+00	1.546022e+02	1.143290e-01	1828597.000000	0.000000e+00
1.076113e+00	1.543064e+02	1.140844e-01	1829427.000000	0.000000e+00
1.078107e+00	1.538974e+02	1.136343e-01	1834189.000000	0.000000e+00
1.080099e+00	1.535556e+02	1.132336e-01	1838997.000000	0.000000e+00
1.082092e+00	1.534050e+02	1.128515e-01	1847839.000000	0.000000e+00
1.084089e+00	1.531169e+02	1.121900e-01	1862677.000000	0.000000e+00
1.086085e+00	1.527321e+02	1.120502e-01	1857957.000000	0.000000e+00
1.088077e+00	1.524457e+02	1.114676e-01	1870393.000000	0.000000e+00
1.090073e+00	1.520931e+02	1.110009e-01	1877439.000000	0.000000e+00
1.092068e+00	1.519014e+02	1.106572e-01	1884361.000000	0.000000e+00
1.094062e+00	1.515503e+02	1.102980e-01	1887897.000000	0.000000e+00
1.096057e+00	1.512355e+02	1.097347e-01	1899415.000000	0.000000e+00
1.098053e+00	1.508831e+02	1.093311e-01	1904557.000000	0.000000e+00
1.100048e+00	1.509355e+02	1.091514e-01	1912161.000000	0.000000e+00
1.102043e+00	1.503498e+02	1.086204e-01	1915945.000000	0.000000e+00
1.104036e+00	1.500877e+02	1.081802e-01	1924839.000000	0.000000e+00
1.106029e+00	1.500882e+02	1.080662e-01	1928917.000000	0.000000e+00
1.108023e+00	1.496455e+02	1.074314e-01	1940281.000000	0.000000e+00
1.110020e+00	1.493449e+02	1.069912e-01	1948431.000000	0.000000e+00
1.112015e+00	1.488150e+02	1.065398e-01	1951057.000000	0.000000e+00
1.114010e+00	1.487563e+02	1.062166e-01	1961397.000000	0.000000e+00
1.116005e+00	1.485114e+02	1.059233e-01	1965787.000000	0.000000e+00
1.117998e+00	1.482155e+02	1.055468e-01	1971957.000000	0.000000e+00
1.119992e+00	1.480160e+02	1.051372e-01	1982005.000000	0.000000e+00
1.121988e+00	1.477098e+02	1.047505e-01	1988413.000000	0.000000e+00
1.123983e+00	1.474064e+02	1.042970e-01	1997511.000000	0.000000e+00
1.125977e+00	1.471225e+02	1.040805e-01	1998109.000000	0.000000e+00
1.127972e+00	1.470059e+02	1.036229e-01	2012601.000000	0.000000e+00
1.129966e+00	1.465977e+02	1.033171e-01	2013307.000000	0.000000e+00
1.131961e+00	1.463878e+02	1.028313e-01	2026557.000000	0.000000e+00
1.133958e+00	1.461859e+02	1.025531e-01	2031949.000000	0.000000e+00
1.135953e+00	1.458744e+02	1.021923e-01	2037613.000000	0.000000e+00
1.137947e+00	1.455060e+02	1.017597e-01	2044611.000000	0.000000e+00
1.139941e+00	1.452556e+02	1.014569e-01	2049757.000000	0.000000e+00
1.141933e+00	1.450197e+02	1.011210e-01	2056701.000000	0.000000e+00
1.143926e+00	1.448300e+02	1.007486e-01	2066515.000000	0.000000e+00
1.145922e+00	1.444566e+02	1.002751e-01	2075337.000000	0.000000e+00
1.147919e+00	1.443114e+02	9.996665e-02	2083969.000000	0.000000e+00
1.149913e+00	1.439451e+02	9.969784e-02	2084599.000000	0.000000e+00
1.151906e+00	1.437436e+02	9.930644e-02	2095185.000000	0.000000e+00
1.153901e+00	1.434093e+02	9.885759e-02	2104429.000000	0.000000e+00
1.155897e+00	1.432382e+02	9.860072e-02	2110365.000000	0.000000e+00
1.157894e+00	1.428626e+02	9.809291e-02	2121103.000000	0.000000e+00
1.159888e+00	1.425874e+02	9.793653e-02	2119693.000000	0.000000e+00
1.161881e+00	1.424434e+02	9.750429e-02	2134209.000000	0.000000e+00
1.163877e+00	1.423214e+02	9.728395e-02	2140219.000000	0.000000e+00
1.165871e+00	1.418442e+02	9.691151e-02	2142261.000000	0.000000e+00
1.167864e+00	1.417401e+02	9.653663e-02	2155765.000000	0.000000e+00
1.169859e+00	1.412627e+02	9.612514e-02	2159637.000000	0.000000e+00
1.171854e+00	1.411052e+02	9.575611e-02	2171467.000000	0.000000e+00
1.173850e+00	1.409170e+02	9.555328e-02	2174881.000000	0.000000e+00
1.175844e+00	1.407973e+02	9.526535e-02	2184333.000000	0.000000e+00
1.177839e+00	1.404674e+02	9.489477e-02	2191123.000000	0.000000e+00
1.179834e+00	1.401343e+02	9.451836e-02	2198145.000000	0.000000e+00
1.181828e+00	1.399410e+02	9.425189e-02	2204497.000000	0.000000e+00
1.183822e+00	1.396178e+02	9.384423e-02	2213433.000000	0.000000e+00
1.185817e+00	1.394007e+02	9.356527e-02	2219731.000000	0.000000e+00
1.187809e+00	1.391350e+02	9.327523e-02	2225053.000000	0.000000e+00
1.189803e+00	1.388929e+02	9.291528e-02	2234529.000000	0.000000e+00
1.191799e+00	1.386124e+02	9.244289e-02	2248315.000000	0.000000e+00
1.193796e+00	1.384235e+02	9.224848e-02	2251653.000000	0.000000e+00
1.195792e+00	1.381988e+02	9.194073e-02	2259397.000000	0.000000e+00
1.197785e+00	1.381132e+02	9.183647e-02	2261727.000000	0.000000e+00
1.199779e+00	1.377569e+02	9.133245e-02	2274973.000000	0.000000e+00
1.201773e+00	1.374050e+02	9.106720e-02	2276569.000000	0.000000e+00
1.203767e+00	1.372982e+02	9.070915e-02	2291013.000000	0.000000e+00
1.205763e+00	1.369022e+02	9.032984e-02	2296987.000000	0.000000e+00
1.207758e+00	1.366068e+02	9.001225e-02	2303253.000000	0.000000e+00
1.209754e+00	1.364281e+02	8.968901e-02	2313817.000000	0.000000e+00
1.211748e+00	1.362337e+02	8.952444e-02	2315719.000000	0.000000e+00
1.213743e+00	1.359110e+02	8.904856e-02	2329461.000000	0.000000e+00
1.215737e+00	1.358415e+02	8.898576e-02	2330365.000000	0.000000e+00
1.217730e+00	1.355939e+02	8.860876e-02	2341677.000000	0.000000e+00
1.219726e+00	1.352966e+02	8.819241e-02	2353483.000000	0.000000e+00
1.221721e+00	1.351445e+02	8.810271e-02	2352981.000000	0.000000e+00
1.223715e+00	1.347773e+02	8.761046e-02	2366581.000000	0.000000e+00
1.225710e+00	1.346306e+02	8.740382e-02	2372611.000000	0.000000e+00
1.227704e+00	1.343273e+02	8.711726e-02	2377497.000000	0.000000e+00
1.229699e+00	1.341726e+02	8.676132e-02	2391529.000000	0.000000e+00
1.231694e+00	1.339675e+02	8.657932e-02	2394255.000000	0.000000e+00
1.233689e+00	1.338296e+02	8.627864e-02	2406013.000000	0.000000e+00
1.235683e+00	1.334466e+02	8.598653e-02	2408541.000000	0.000000e+00
1.237678e+00	1.331192e+02	8.557790e-02	2419681.000000	0.000000e+00
1.239673e+00	1.331216e+02	8.540731e-02	2429443.000000	0.000000e+00
1.241668e+00	1.329350e+02	8.525156e-02	2431497.000000	0.000000e+00
1.243663e+00	1.324818e+02	8.468738e-02	2447233.000000	0.000000e+00
1.245659e+00	1.323309e+02	8.454631e-02	2449815.000000	0.000000e+00
1.247653e+00	1.320476e+02	8.424924e-02	2456569.000000	0.000000e+00
1.249644e+00	1.319188e+02	8.414045e-02	2458125.000000	0.000000e+00
1.251638e+00	1.316534e+02	8.360515e-02	2479693.000000	0.000000e+00
1.253636e+00	1.313715e+02	8.334142e-02	2484739.000000	0.000000e+00
1.255632e+00	1.311661e+02	8.310434e-02	2491125.000000	0.000000e+00
1.257626e+00	1.309692e+02	8.290249e-02	2495761.000000	0.000000e+00
1.259621e+00	1.308869e+02	8.266616e-02	2506899.000000	0.000000e+00
1.261615e+00	1.306743e+02	8.246978e-02	2510677.000000	0.000000e+00
1.263609e+00	1.303838e+02	8.205241e-02	2525017.000000	0.000000e+00
1.265604e+00	1.302176e+02	8.195044e-02	2524857.000000	0.000000e+00
1.267598e+00	1.300175e+02	8.157178e-02	2540527.000000	0.000000e+00
1.269593e+00	1.296436e+02	8.128533e-02	2543769.000000	0.000000e+00
1.271588e+00	1.294971e+02	8.101649e-02	2554897.000000	0.000000e+00
1.273582e+00	1.292346e+02	8.075972e-02	2560755.000000	0.000000e+00
1.275577e+00	1.291326e+02	8.054646e-02	2570269.000000	0.000000e+00
1.277572e+00	1.288557e+02	8.028255e-02	2576113.000000	0.000000e+00
1.279565e+00	1.284962e+02	7.994392e-02	2583507.000000	0.000000e+00
1.281558e+00	1.283284e+02	7.969346e-02	2592985.000000	0.000000e+00
1.283553e+00	1.282112e+02	7.945801e-02	2603613.000000	0.000000e+00
1.285549e+00	1.279980e+02	7.922585e-02	2610193.000000	0.000000e+00
1.287543e+00	1.276730e+02	7.892113e-02	2617047.000000	0.000000e+00
1.289538e+00	1.276473e+02	7.876977e-02	2626057.000000	0.000000e+00
1.291534e+00	1.274390e+02	7.846626e-02	2637781.000000	0.000000e+00
1.293528e+00	1.271848e+02	7.829869e-02	2638527.000000	0.000000e+00
1.295521e+00	1.269626e+02	7.799554e-02	2649793.000000	0.000000e+00
1.297517e+00	1.267964e+02	7.771229e-02	2662161.000000	0.000000e+00
1.299511e+00	1.264774e+02	7.750660e-02	2662861.000000	0.000000e+00
1.301506e+00	1.262936e+02	7.716350e-02	2678791.000000	0.000000e+00
1.303501e+00	1.261148e+02	7.701131e-02	2681781.000000	0.000000e+00
1.305496e+00	1.258898e+02	7.672621e-02	2692117.000000	0.000000e+00
1.307491e+00	1.258111e+02	7.655798e-02	2700579.000000	0.000000e+00
1.309485e+00	1.257238e+02	7.644071e-02	2705113.000000	0.000000e+00
1.311479e+00	1.252512e+02	7.598158e-02	2717361.000000	0.000000e+00
1.313474e+00	1.251110e+02	7.579318e-02	2724775.000000	0.000000e+00
1.315469e+00	1.248055e+02	7.548594e-02	2733601.000000	0.000000e+00
1.317464e+00	1.247285e+02	7.532378e-02	2741997.000000	0.000000e+00
1.319459e+00	1.244942e+02	7.509600e-02	2748301.000000	0.000000e+00
1.321454e+00	1.242578e+02	7.481679e-02	2758347.000000	0.000000e+00
1.323447e+00	1.239646e+02	7.458290e-02	2762593.000000	0.000000e+00
1.325442e+00	1.238053e+02	7.429035e-02	2777241.000000	0.000000e+00
1.327438e+00	1.237033e+02	7.414338e-02	2783671.000000	0.000000e+00
1.329433e+00	1.236556e+02	7.400043e-02	2792281.000000	0.000000e+00
1.331427e+00	1.233008e+02	7.372068e-02	2797389.000000	0.000000e+00
1.333421e+00	1.230867e+02	7.348789e-02	2805373.000000	0.000000e+00
1.335416e+00	1.229062e+02	7.319046e-02	2819931.000000	0.000000e+00
1.337412e+00	1.227557e+02	7.302231e-02	2826001.000000	0.000000e+00
1.339407e+00	1.225271e+02	7.280649e-02	2832201.000000	0.000000e+00
1.341402e+00	1.222873e+02	7.250459e-02	2844667.000000	0.000000e+00
1.343396e+00	1.220030e+02	7.236117e-02	2842693.000000	0.000000e+00
1.345387e+00	1.219509e+02	7.214536e-02	2857281.000000	0.000000e+00
1.347382e+00	1.216256e+02	7.181263e-02	2868457.000000	0.000000e+00
1.349378e+00	1.213506e+02	7.153019e-02	2878095.000000	0.000000e+00
1.351373e+00	1.212858e+02	7.142935e-02	2883145.000000	0.000000e+00
1.353369e+00	1.212162e+02	7.122802e-02	2896141.000000	0.000000e+00
1.355363e+00	1.209507e+02	7.106096e-02	2897043.000000	0.000000e+00
1.357357e+00	1.206352e+02	7.070740e-02	2910841.000000	0.000000e+00
1.359352e+00	1.205283e+02	7.057356e-02	2916717.000000	0.000000e+00
1.361346e+00	1.203385e+02	7.034759e-02	2926243.000000	0.000000e+00
1.363341e+00	1.201418e+02	7.009794e-02	2937501.000000	0.000000e+00
1.365335e+00	1.199964e+02	6.997416e-02	2940769.000000	0.000000e+00
1.367330e+00	1.199717e+02	6.980046e-02	2954209.000000	0.000000e+00
1.369325e+00	1.196490e+02	6.951533e-02	2962491.000000	0.000000e+00
1.371320e+00	1.193129e+02	6.924915e-02	2968561.000000	0.000000e+00
1.373315e+00	1.192212e+02	6.906499e-02	2979825.000000	0.000000e+00
1.375310e+00	1.188523e+02	6.876086e-02	2987671.000000	0.000000e+00
1.377305e+00	1.188068e+02	6.864223e-02	2995713.000000	0.000000e+00
1.379299e+00	1.186705e+02	6.850058e-02	3001213.000000	0.000000e+00
1.381291e+00	1.185529e+02	6.834477e-02	3008941.000000	0.000000e+00
1.383286e+00	1.183729e+02	6.803496e-02	3027195.000000	0.000000e+00
1.385283e+00	1.181180e+02	6.784155e-02	3031381.000000	0.000000e+00
1.387277e+00	1.179844e+02	6.770110e-02	3037089.000000	0.000000e+00
1.389271e+00	1.177982e+02	6.747586e-02	3047755.000000	0.000000e+00
1.391265e+00	1.176091e+02	6.728628e-02	3055125.000000	0.000000e+00
1.393258e+00	1.174106e+02	6.708195e-02	3063397.000000	0.000000e+00
1.395253e+00	1.172210e+02	6.681933e-02	3077563.000000	0.000000e+00
1.397249e+00	1.168565e+02	6.656001e-02	3082329.000000	0.000000e+00
1.399243e+00	1.168792e+02	6.646457e-02	3092389.000000	0.000000e+00
1.401239e+00	1.166440e+02	6.622314e-02	3102453.000000	0.000000e+00
1.403233e+00	1.164282e+02	6.605159e-02	3107059.000000	0.000000e+00
1.405226e+00	1.162662e+02	6.585243e-02	3117193.000000	0.000000e+00
1.407222e+00	1.160104e+02	6.557415e-02	3129885.000000	0.000000e+00
1.409216e+00	1.159022e+02	6.547024e-02	3133975.000000	0.000000e+00
1.411211e+00	1.156684e+02	6.520411e-02	3146877.000000	0.000000e+00
1.413206e+00	1.154847e+02	6.504089e-02	3152653.000000	0.000000e+00
1.415201e+00	1.153523e+02	6.482252e-02	3166653.000000	0.000000e+00
1.417197e+00	1.150802e+02	6.462142e-02	3171379.000000	0.000000e+00
1.419191e+00	1.149077e+02	6.444082e-02	3179629.000000	0.000000e+00
1.421187e+00	1.148258e+02	6.426296e-02	3192693.000000	0.000000e+00
1.423181e+00	1.146611e+02	6.414698e-02	3195067.000000	0.000000e+00
1.425175e+00	1.144187e+02	6.387679e-02	3208545.000000	0.000000e+00
1.427168e+00	1.143671e+02	6.382261e-02	3211093.000000	0.000000e+00
1.429161e+00	1.142198e+02	6.361723e-02	3223539.000000	0.000000e+00
1.431157e+00	1.140166e+02	6.331136e-02	3243193.000000	0.000000e+00
1.433155e+00	1.137611e+02	6.315417e-02	3244765.000000	0.000000e+00
1.435149e+00	1.135828e+02	6.301740e-02	3248661.000000	0.000000e+00
1.437142e+00	1.134638e+02	6.282019e-02	3262243.000000	0.000000e+00
1.439138e+00	1.132261e+02	6.258228e-02	3273333.000000	0.000000e+00
1.441132e+00	1.130673e+02	6.248530e-02	3274297.000000	0.000000e+00
1.443123e+00	1.128573e+02	6.227151e-02	3284583.000000	0.000000e+00
1.445118e+00	1.126581e+02	6.199278e-02	3302497.000000	0.000000e+00
1.447115e+00	1.124697e+02	6.181675e-02	3310237.000000	0.000000e+00
1.449110e+00	1.123848e+02	6.172302e-02	3315285.000000	0.000000e+00
1.451106e+00	1.121924e+02	6.149675e-02	3328303.000000	0.000000e+00
1.453101e+00	1.120465e+02	6.137701e-02	3332613.000000	0.000000e+00
1.455095e+00	1.118769e+02	6.116803e-02	3345277.000000	0.000000e+00
1.457090e+00	1.116546e+02	6.097710e-02	3352891.000000	0.000000e+00
1.459084e+00	1.115521e+02	6.088092e-02	3357321.000000	0.000000e+00
1.461078e+00	1.112648e+02	6.056027e-02	3375517.000000	0.000000e+00
1.463073e+00	1.110856e+02	6.044040e-02	3378009.000000	0.000000e+00
1.465068e+00	1.110141e+02	6.028436e-02	3391147.000000	0.000000e+00
1.467062e+00	1.109608e+02	6.020514e-02	3396813.000000	0.000000e+00
1.469058e+00	1.106720e+02	5.990051e-02	3413617.000000	0.000000e+00
1.471053e+00	1.104688e+02	5.978287e-02	3414487.000000	0.000000e+00
1.473046e+00	1.103630e+02	5.964172e-02	3424101.000000	0.000000e+00
1.475040e+00	1.102017e+02	5.945740e-02	3435301.000000	0.000000e+00
1.477034e+00	1.100460e+02	5.929298e-02	3444627.000000	0.000000e+00
1.479030e+00	1.098420e+02	5.906120e-02	3458857.000000	0.000000e+00
1.481024e+00	1.096757e+02	5.898581e-02	3457209.000000	0.000000e+00
1.483018e+00	1.094840e+02	5.870930e-02	3477661.000000	0.000000e+00
1.485014e+00	1.093180e+02	5.858591e-02	3481747.000000	0.000000e+00
1.487008e+00	1.091661e+02	5.841313e-02	3492645.000000	0.000000e+00
1.489002e+00	1.090418e+02	5.830463e-02	3497677.000000	0.000000e+00
1.490997e+00	1.089635e+02	5.811313e-02	3515715.000000	0.000000e+00
1.492993e+00	1.087576e+02	5.799144e-02	3517153.000000	0.000000e+00
1.494987e+00	1.085208e+02	5.774532e-02	3531769.000000	0.000000e+00
1.496982e+00	1.082760e+02	5.757226e-02	3537021.000000	0.000000e+00
1.498975e+00	1.081942e+02	5.744775e-02	3547003.000000	0.000000e+00
1.500970e+00	1.080070e+02	5.724781e-02	3559473.000000	0.000000e+00
1.502966e+00	1.079239e+02	5.712754e-02	3568981.000000	0.000000e+00
1.504960e+00	1.077467e+02	5.698624e-02	3574935.000000	0.000000e+00
1.506955e+00	1.075994e+02	5.681144e-02	3587137.000000	0.000000e+00
1.508949e+00	1.073014e+02	5.660982e-02	3592753.000000	0.000000e+00
1.510943e+00	1.072306e+02	5.646344e-02	3606639.000000	0.000000e+00
1.512938e+00	1.070892e+02	5.632196e-02	3615229.000000	0.000000e+00
1.514933e+00	1.069491e+02	5.616533e-02	3625917.000000	0.000000e+00
1.516927e+00	1.068575e+02	5.609102e-02	3629305.000000	0.000000e+00
1.518923e+00	1.066101e+02	5.577875e-02	3653079.000000	0.000000e+00
1.520918e+00	1.064303e+02	5.575977e-02	3643249.000000	0.000000e+00
1.522911e+00	1.062902e+02	5.550668e-02	3666877.000000	0.000000e+00
1.524905e+00	1.060992e+02	5.540782e-02	3666759.000000	0.000000e+00
1.526901e+00	1.058521e+02	5.509032e-02	3691885.000000	0.000000e+00
1.528897e+00	1.057754e+02	5.509400e-02	3686049.000000	0.000000e+00
1.530892e+00	1.056409e+02	5.488248e-02	3705073.000000	0.000000e+00
1.532887e+00	1.054841e+02	5.476057e-02	3710547.000000	0.000000e+00
1.534882e+00	1.053555e+02	5.461284e-02	3721561.000000	0.000000e+00
1.536875e+00	1.051885e+02	5.452045e-02	3722353.000000	0.000000e+00
1.538868e+00	1.050084e+02	5.428063e-02	3742467.000000	0.000000e+00
1.540864e+00	1.049106e+02	5.416604e-02	3751321.000000	0.000000e+00
1.542860e+00	1.048020e+02	5.403909e-02	3761169.000000	0.000000e+00
1.544854e+00	1.046510e+02	5.393636e-02	3764641.000000	0.000000e+00
1.546848e+00	1.044090e+02	5.369322e-02	3781267.000000	0.000000e+00
1.548843e+00	1.042947e+02	5.360710e-02	3785121.000000	0.000000e+00
1.550838e+00	1.040845e+02	5.337674e-02	3802489.000000	0.000000e+00
1.552832e+00	1.039040e+02	5.328046e-02	3803019.000000	0.000000e+00
1.554826e+00	1.038325e+02	5.312328e-02	3820297.000000	0.000000e+00
1.556822e+00	1.035819e+02	5.293303e-02	3829257.000000	0.000000e+00
1.558817e+00	1.035501e+02	5.285147e-02	3838723.000000	0.000000e+00
1.560812e+00	1.034307e+02	5.275676e-02	3843637.000000	0.000000e+00
1.562805e+00	1.031752e+02	5.253727e-02	3856701.000000	0.000000e+00
1.564800e+00	1.030432e+02	5.240900e-02	3865693.000000	0.000000e+00
1.566794e+00	1.030255e+02	5.231631e-02	3878067.000000	0.000000e+00
1.568788e+00	1.027923e+02	5.215798e-02	3884005.000000	0.000000e+00
1.570782e+00	1.026584e+02	5.200880e-02	3896145.000000	0.000000e+00
1.572778e+00	1.023949e+02	5.178649e-02	3909523.000000	0.000000e+00
1.574774e+00	1.022405e+02	5.163566e-02	3920545.000000	0.000000e+00
1.576769e+00	1.021355e+02	5.157059e-02	3922377.000000	0.000000e+00
1.578764e+00	1.019610e+02	5.137278e-02	3939145.000000	0.000000e+00
1.580758e+00	1.019128e+02	5.131660e-02	3944043.000000	0.000000e+00
1.582753e+00	1.017902e+02	5.116589e-02	3957769.000000	0.000000e+00
1.584747e+00	1.015162e+02	5.101390e-02	3959985.000000	0.000000e+00
1.586740e+00	1.013592e+02	5.082425e-02	3977263.000000	0.000000e+00
1.588734e+00	1.012833e+02	5.075157e-02	3982693.000000	0.000000e+00
1.590730e+00	1.011181e+02	5.052725e-02	4005033.000000	0.000000e+00
1.592726e+00	1.008611e+02	5.042841e-02	4000339.000000	0.000000e+00
1.594721e+00	1.008111e+02	5.024811e-02	4025109.000000	0.000000e+00
1.596716e+00	1.006881e+02	5.023252e-02	4017781.000000	0.000000e+00
1.598709e+00	1.005326e+02	5.001619e-02	4040101.000000	0.000000e+00
1.600704e+00	1.003676e+02	4.991514e-02	4043175.000000	0.000000e+00
1.602699e+00	1.003119e+02	4.979172e-02	4058737.000000	0.000000e+00
1.604693e+00	1.000663e+02	4.964021e-02	4063581.000000	0.000000e+00
1.606688e+00	9.998906e+01	4.949493e-02	4081159.000000	0.000000e+00
1.608683e+00	9.985498e+01	4.940604e-02	4084881.000000	0.000000e+00
1.610678e+00	9.977009e+01	4.927226e-02	4100113.000000	0.000000e+00
1.612672e+00	9.944650e+01	4.911669e-02	4099405.000000	0.000000e+00
1.614666e+00	9.935405e+01	4.893463e-02	4122291.000000	0.000000e+00
1.616661e+00	9.919614e+01	4.885075e-02	4123321.000000	0.000000e+00
1.618656e+00	9.909324e+01	4.868582e-02	4142697.000000	0.000000e+00
1.620650e+00	9.898204e+01	4.863803e-02	4141531.000000	0.000000e+00
1.622645e+00	9.879016e+01	4.841596e-02	4163421.000000	0.000000e+00
1.624641e+00	9.866328e+01	4.831895e-02	4169425.000000	0.000000e+00
1.626636e+00	9.861517e+01	4.824262e-02	4178551.000000	0.000000e+00
1.628630e+00	9.851862e+01	4.814700e-02	4186953.000000	0.000000e+00
1.630625e+00	9.820024e+01	4.791434e-02	4200433.000000	0.000000e+00
1.632619e+00	9.808518e+01	4.782933e-02	4205505.000000	0.000000e+00
1.634614e+00	9.796094e+01	4.766029e-02	4224667.000000	0.000000e+00
1.636608e+00	9.785332e+01	4.761831e-02	4222825.000000	0.000000e+00
1.638602e+00	9.778300e+01	4.745437e-02	4245945.000000	0.000000e+00
1.640597e+00	9.758620e+01	4.735312e-02	4246975.000000	0.000000e+00
1.642592e+00	9.746225e+01	4.718987e-02	4265553.000000	0.000000e+00
1.644587e+00	9.726280e+01	4.707408e-02	4269037.000000	0.000000e+00
1.646582e+00	9.720553e+01	4.697382e-02	4282233.000000	0.000000e+00
1.648576e+00	9.707685e+01	4.686203e-02	4291303.000000	0.000000e+00
1.650570e+00	9.688672e+01	4.673572e-02	4297645.000000	0.000000e+00
1.652565e+00	9.671435e+01	4.654052e-02	4318365.000000	0.000000e+00
1.654560e+00	9.652278e+01	4.643416e-02	4321003.000000	0.000000e+00
1.656555e+00	9.644270e+01	4.631677e-02	4335729.000000	0.000000e+00
1.658548e+00	9.625852e+01	4.622964e-02	4335481.000000	0.000000e+00
1.660542e+00	9.618870e+01	4.605371e-02	4362333.000000	0.000000e+00
1.662537e+00	9.608544e+01	4.602150e-02	4359067.000000	0.000000e+00
1.664532e+00	9.588660e+01	4.581632e-02	4380013.000000	0.000000e+00
1.666526e+00	9.574849e+01	4.575888e-02	4378377.000000	0.000000e+00
1.668520e+00	9.560239e+01	4.555529e-02	4404127.000000	0.000000e+00
1.670516e+00	9.550734e+01	4.550732e-02	4404645.000000	0.000000e+00
1.672511e+00	9.544211e+01	4.539393e-02	4420633.000000	0.000000e+00
1.674506e+00	9.528634e+01	4.529390e-02	4425699.000000	0.000000e+00
1.676501e+00	9.508438e+01	4.511139e-02	4442689.000000	0.000000e+00
1.678497e+00	9.495345e+01	4.500741e-02	4450957.000000	0.000000e+00
1.680491e+00	9.484389e+01	4.494109e-02	4453809.000000	0.000000e+00
1.682484e+00	9.475590e+01	4.481869e-02	4469863.000000	0.000000e+00
1.684479e+00	9.458715e+01	4.467456e-02	4482741.000000	0.000000e+00
1.686473e+00	9.434603e+01	4.453557e-02	4487797.000000	0.000000e+00
1.688468e+00	9.438729e+01	4.446321e-02	4506355.000000	0.000000e+00
1.690463e+00	9.420421e+01	4.435387e-02	4511049.000000	0.000000e+00
1.692459e+00	9.404431e+01	4.418651e-02	4529869.000000	0.000000e+00
1.694454e+00	9.389427e+01	4.411306e-02	4530477.000000	0.000000e+00
1.696448e+00	9.379643e+01	4.398330e-02	4547755.000000	0.000000e+00
1.698443e+00	9.361449e+01	4.387853e-02	4551789.000000	0.000000e+00
1.700437e+00	9.355417e+01	4.378104e-02	4566193.000000	0.000000e+00
1.702432e+00	9.338077e+01	4.363866e-02	4579015.000000	0.000000e+00
1.704427e+00	9.328409e+01	4.356078e-02	4585893.000000	0.000000e+00
1.706421e+00	9.308218e+01	4.340711e-02	4598449.000000	0.000000e+00
1.708416e+00	9.297139e+01	4.330331e-02	4609527.000000	0.000000e+00
1.710410e+00	9.282841e+01	4.319368e-02	4618717.000000	0.000000e+00
1.712404e+00	9.269683e+01	4.307148e-02	4631805.000000	0.000000e+00
1.714399e+00	9.259244e+01	4.297960e-02	4641157.000000	0.000000e+00
1.716394e+00	9.245471e+01	4.285823e-02	4653607.000000	0.000000e+00
1.718388e+00	9.233017e+01	4.277077e-02	4660077.000000	0.000000e+00
1.720383e+00	9.216507e+01	4.261993e-02	4676353.000000	0.000000e+00
1.722378e+00	9.206787e+01	4.254507e-02	4682931.000000	0.000000e+00
1.724373e+00	9.192337e+01	4.239170e-02	4702081.000000	0.000000e+00
1.726369e+00	9.185776e+01	4.234316e-02	4706145.000000	0.000000e+00
1.728363e+00	9.168444e+01	4.223439e-02	4712581.000000	0.000000e+00
1.730356e+00	9.161240e+01	4.214001e-02	4726279.000000	0.000000e+00
1.732349e+00	9.144079e+01	4.202064e-02	4735377.000000	0.000000e+00
1.734343e+00	9.132672e+01	4.190454e-02	4749781.000000	0.000000e+00
1.736339e+00	9.122164e+01	4.177171e-02	4769043.000000	0.000000e+00
1.738334e+00	9.107905e+01	4.172349e-02	4765141.000000	0.000000e+00
1.740328e+00	9.096017e+01	4.156819e-02	4788289.000000	0.000000e+00
1.742324e+00	9.078963e+01	4.147079e-02	4792785.000000	0.000000e+00
1.744318e+00	9.073483e+01	4.140308e-02	4802671.000000	0.000000e+00
1.746312e+00	9.051467e+01	4.124437e-02	4816245.000000	0.000000e+00
1.748307e+00	9.045462e+01	4.117096e-02	4827025.000000	0.000000e+00
1.750301e+00	9.029587e+01	4.105661e-02	4836927.000000	0.000000e+00
1.752297e+00	9.014357e+01	4.092037e-02	4852777.000000	0.000000e+00
1.754292e+00	9.009234e+01	4.085536e-02	4862701.000000	0.000000e+00
1.756286e+00	9.001055e+01	4.080704e-02	4865379.000000	0.000000e+00
1.758280e+00	8.983453e+01	4.064687e-02	4884637.000000	0.000000e+00
1.760276e+00	8.976559e+01	4.056446e-02	4896981.000000	0.000000e+00
1.762271e+00	8.961669e+01	4.049214e-02	4898197.000000	0.000000e+00
1.764264e+00	8.944418e+01	4.032808e-02	4919139.000000	0.000000e+00
1.766259e+00	8.929103e+01	4.024637e-02	4922233.000000	0.000000e+00
1.768253e+00	8.916552e+01	4.011929e-02	4939549.000000	0.000000e+00
1.770248e+00	8.902907e+01	4.002329e-02	4948095.000000	0.000000e+00
1.772243e+00	8.893420e+01	3.992724e-02	4961341.000000	0.000000e+00
1.774237e+00	8.881263e+01	3.983978e-02	4969533.000000	0.000000e+00
1.776233e+00	8.878727e+01	3.974857e-02	4989517.000000	0.000000e+00
1.778228e+00	8.861718e+01	3.968019e-02	4987563.000000	0.000000e+00
1.780222e+00	8.852492e+01	3.956433e-02	5006377.000000	0.000000e+00
1.782216e+00	8.835110e+01	3.945615e-02	5014117.000000	0.000000e+00
1.784211e+00	8.824713e+01	3.934240e-02	5031291.000000	0.000000e+00
1.786206e+00	8.816569e+01	3.929237e-02	5034805.000000	0.000000e+00
1.788201e+00	8.796659e+01	3.912996e-02	5053785.000000	0.000000e+00
1.790195e+00	8.789994e+01	3.908760e-02	5057071.000000	0.000000e+00
1.792190e+00	8.778039e+01	3.896514e-02	5075077.000000	0.000000e+00
1.794185e+00	8.760496e+01	3.886142e-02	5081829.000000	0.000000e+00
1.796179e+00	8.752757e+01	3.877113e-02	5096509.000000	0.000000e+00
1.798175e+00	8.738079e+01	3.866479e-02	5107407.000000	0.000000e+00
1.800168e+00	8.722015e+01	3.857596e-02	5112109.000000	0.000000e+00
1.802163e+00	8.715245e+01	3.846954e-02	5132457.000000	0.000000e+00
1.804158e+00	8.704982e+01	3.839557e-02	5140123.000000	0.000000e+00
1.806152e+00	8.700563e+01	3.835064e-02	5146945.000000	0.000000e+00
1.808146e+00	8.684646e+01	3.820592e-02	5167053.000000	0.000000e+00
1.810142e+00	8.668211e+01	3.810238e-02	5175529.000000	0.000000e+00
1.812137e+00	8.647866e+01	3.796601e-02	5188335.000000	0.000000e+00
1.814131e+00	8.649470e+01	3.796986e-02	5189209.000000	0.000000e+00
1.816125e+00	8.629754e+01	3.779319e-02	5213985.000000	0.000000e+00
1.818121e+00	8.627190e+01	3.774181e-02	5225083.000000	0.000000e+00
1.820116e+00	8.605327e+01	3.764273e-02	5226037.000000	0.000000e+00
1.822110e+00	8.598498e+01	3.754187e-02	5245821.000000	0.000000e+00
1.824104e+00	8.581269e+01	3.745217e-02	5249875.000000	0.000000e+00
1.826098e+00	8.571991e+01	3.735289e-02	5266413.000000	0.000000e+00
1.828093e+00	8.567324e+01	3.728178e-02	5280769.000000	0.000000e+00
1.830088e+00	8.552752e+01	3.720062e-02	5285809.000000	0.000000e+00
1.832082e+00	8.541206e+01	3.709636e-02	5301219.000000	0.000000e+00
1.834077e+00	8.531630e+01	3.701818e-02	5311705.000000	0.000000e+00
1.836072e+00	8.515137e+01	3.688589e-02	5329209.000000	0.000000e+00
1.838067e+00	8.506624e+01	3.684388e-02	5330695.000000	0.000000e+00
1.840062e+00	8.490394e+01	3.670477e-02	5350701.000000	0.000000e+00
1.842057e+00	8.485190e+01	3.666060e-02	5357029.000000	0.000000e+00
1.844051e+00	8.468778e+01	3.655875e-02	5366101.000000	0.000000e+00
1.846045e+00	8.460894e+01	3.645288e-02	5387271.000000	0.000000e+00
1.848041e+00	8.451424e+01	3.639725e-02	5391661.000000	0.000000e+00
1.850034e+00	8.440110e+01	3.631861e-02	5400549.000000	0.000000e+00
1.852029e+00	8.431804e+01	3.621161e-02	5421823.000000	0.000000e+00
1.854024e+00	8.413077e+01	3.612091e-02	5424909.000000	0.000000e+00
1.856018e+00	8.406011e+01	3.603198e-02	5442565.000000	0.000000e+00
1.858013e+00	8.387392e+01	3.593803e-02	5446849.000000	0.000000e+00
1.860007e+00	8.380274e+01	3.583453e-02	5469063.000000	0.000000e+00
1.862003e+00	8.374446e+01	3.578568e-02	5476381.000000	0.000000e+00
1.863998e+00	8.358548e+01	3.568169e-02	5487453.000000	0.000000e+00
1.865993e+00	8.345676e+01	3.559415e-02	5497507.000000	0.000000e+00
1.867987e+00	8.333020e+01	3.549673e-02	5510973.000000	0.000000e+00
1.869983e+00	8.325962e+01	3.542094e-02	5525209.000000	0.000000e+00
1.871977e+00	8.316427e+01	3.536680e-02	5529451.000000	0.000000e+00
1.873971e+00	8.308963e+01	3.528738e-02	5544405.000000	0.000000e+00
1.875965e+00	8.293719e+01	3.518153e-02	5557369.000000	0.000000e+00
1.877960e+00	8.282054e+01	3.508236e-02	5573121.000000	0.000000e+00
1.879954e+00	8.269758e+01	3.502417e-02	5575063.000000	0.000000e+00
1.881948e+00	8.253120e+01	3.490230e-02	5591497.000000	0.000000e+00
1.883943e+00	8.244524e+01	3.480451e-02	5611257.000000	0.000000e+00
1.885940e+00	8.241593e+01	3.476386e-02	5620387.000000	0.000000e+00
1.887934e+00	8.226553e+01	3.468180e-02	5626425.000000	0.000000e+00
1.889927e+00	8.214943e+01	3.460883e-02	5634241.000000	0.000000e+00
1.891922e+00	8.205632e+01	3.450218e-02	5656281.000000	0.000000e+00
1.893917e+00	8.193491e+01	3.442008e-02	5666491.000000	0.000000e+00
1.895912e+00	8.176219e+01	3.432243e-02	5674777.000000	0.000000e+00
1.897907e+00	8.169856e+01	3.424187e-02	5692641.000000	0.000000e+00
1.899902e+00	8.157870e+01	3.417699e-02	5697523.000000	0.000000e+00
1.901896e+00	8.144392e+01	3.407611e-02	5712381.000000	0.000000e+00
1.903890e+00	8.139431e+01	3.402645e-02	5722093.000000	0.000000e+00
1.905883e+00	8.125798e+01	3.395005e-02	5728635.000000	0.000000e+00
1.907879e+00	8.116326e+01	3.381746e-02	5760193.000000	0.000000e+00
1.909876e+00	8.105872e+01	3.376402e-02	5763565.000000	0.000000e+00
1.911870e+00	8.098168e+01	3.373029e-02	5764125.000000	0.000000e+00
1.913863e+00	8.088256e+01	3.362446e-02	5786275.000000	0.000000e+00
1.915858e+00	8.076664e+01	3.355376e-02	5794041.000000	0.000000e+00
1.917854e+00	8.060702e+01	3.342219e-02	5816689.000000	0.000000e+00
1.919848e+00	8.054101e+01	3.340436e-02	5813367.000000	0.000000e+00
1.921842e+00	8.042903e+01	3.330767e-02	5830921.000000	0.000000e+00
1.923837e+00	8.025378e+01	3.318072e-02	5850049.000000	0.000000e+00
1.925832e+00	8.022873e+01	3.315667e-02	5854881.000000	0.000000e+00
1.927827e+00	8.009554e+01	3.305303e-02	5872111.000000	0.000000e+00
1.929821e+00	8.000284e+01	3.300539e-02	5875449.000000	0.000000e+00
1.931815e+00	7.991789e+01	3.290839e-02	5897593.000000	0.000000e+00
1.933810e+00	7.978342e+01	3.283647e-02	5903539.000000	0.000000e+00
1.935805e+00	7.969812e+01	3.274795e-02	5922813.000000	0.000000e+00
1.937800e+00	7.959288e+01	3.269072e-02	5927881.000000	0.000000e+00
1.939795e+00	7.949444e+01	3.260982e-02	5942601.000000	0.000000e+00
1.941790e+00	7.940376e+01	3.252718e-02	5959219.000000	0.000000e+00
1.943785e+00	7.927705e+01	3.247138e-02	5960649.000000	0.000000e+00
1.945778e+00	7.918486e+01	3.239665e-02	5974261.000000	0.000000e+00
1.947773e+00	7.907514e+01	3.228401e-02	5999359.000000	0.000000e+00
1.949769e+00	7.896422e+01	3.222912e-02	6002937.000000	0.000000e+00
1.951763e+00	7.883862e+01	3.215090e-02	6013009.000000	0.000000e+00
1.953756e+00	7.882768e+01	3.212131e-02	6022419.000000	0.000000e+00
1.955751e+00	7.861850e+01	3.196587e-02	6048901.000000	0.000000e+00
1.957746e+00	7.852312e+01	3.193293e-02	6046689.000000	0.000000e+00
1.959739e+00	7.844408e+01	3.186289e-02	6061081.000000	0.000000e+00
1.961734e+00	7.833283e+01	3.176158e-02	6082519.000000	0.000000e+00
1.963729e+00	7.823192e+01	3.170424e-02	6088821.000000	0.000000e+00
1.965725e+00	7.814348e+01	3.162305e-02	6106297.000000	0.000000e+00
1.967719e+00	7.805446e+01	3.157173e-02	6112215.000000	0.000000e+00
1.969713e+00	7.796641e+01	3.150823e-02	6123037.000000	0.000000e+00
1.971708e+00	7.786914e+01	3.140735e-02	6147069.000000	0.000000e+00
1.973704e+00	7.780338e+01	3.138122e-02	6146917.000000	0.000000e+00
1.975698e+00	7.759439e+01	3.124860e-02	6165943.000000	0.000000e+00
1.977691e+00	7.754160e+01	3.122047e-02	6168657.000000	0.000000e+00
1.979687e+00	7.740629e+01	3.108572e-02	6200557.000000	0.000000e+00
1.981682e+00	7.729261e+01	3.104926e-02	6196887.000000	0.000000e+00
1.983676e+00	7.725658e+01	3.098712e-02	6215965.000000	0.000000e+00
1.985672e+00	7.709261e+01	3.089048e-02	6228397.000000	0.000000e+00
1.987666e+00	7.699532e+01	3.083433e-02	6235335.000000	0.000000e+00
1.989660e+00	7.695496e+01	3.078341e-02	6249421.000000	0.000000e+00
1.991655e+00	7.681636e+01	3.068038e-02	6268821.000000	0.000000e+00
1.993649e+00	7.681008e+01	3.066912e-02	6272401.000000	0.000000e+00
1.995644e+00	7.661183e+01	3.053713e-02	6294123.000000	0.000000e+00
1.997640e+00	7.660142e+01	3.051167e-02	6302917.000000	0.000000e+00
1.999635e+00	7.644991e+01	3.041954e-02	6316093.000000	0.000000e+00
2.001627e+00	7.638100e+01	3.040021e-02	6312735.000000	0.000000e+00
2.003622e+00	7.625019e+01	3.024664e-02	6355177.000000	0.000000e+00
2.005619e+00	7.614879e+01	3.021664e-02	6350877.000000	0.000000e+00
2.007614e+00	7.608932e+01	3.015670e-02	6366193.000000	0.000000e+00
2.009608e+00	7.596674e+01	3.009396e-02	6372183.000000	0.000000e+00
2.011602e+00	7.587118e+01	3.000231e-02	6395053.000000	0.000000e+00
2.013597e+00	7.575282e+01	2.994214e-02	6400765.000000	0.000000e+00
2.015592e+00	7.563298e+01	2.985489e-02	6417879.000000	0.000000e+00
2.017586e+00	7.555763e+01	2.981748e-02	6421177.000000	0.000000e+00
2.019579e+00	7.547723e+01	2.974028e-02	6440829.000000	0.000000e+00
2.021574e+00	7.535908e+01	2.966590e-02	6452917.000000	0.000000e+00
2.023568e+00	7.527651e+01	2.960241e-02	6466435.000000	0.000000e+00
2.025562e+00	7.512569e+01	2.951547e-02	6478545.000000	0.000000e+00
2.027557e+00	7.505578e+01	2.945634e-02	6492481.000000	0.000000e+00
2.029553e+00	7.497351e+01	2.938435e-02	6510039.000000	0.000000e+00
2.031548e+00	7.487979e+01	2.932771e-02	6518881.000000	0.000000e+00
2.033543e+00	7.478600e+01	2.926075e-02	6532353.000000	0.000000e+00
2.035537e+00	7.469645e+01	2.921405e-02	6537571.000000	0.000000e+00
2.037532e+00	7.456032e+01	2.911572e-02	6557833.000000	0.000000e+00
2.039526e+00	7.448520e+01	2.906553e-02	6567249.000000	0.000000e+00
2.041520e+00	7.438624e+01	2.900201e-02	6578533.000000	0.000000e+00
2.043515e+00	7.434076e+01	2.893475e-02	6601071.000000	0.000000e+00
2.045510e+00	7.416092e+01	2.886001e-02	6603241.000000	0.000000e+00
2.047505e+00	7.411074e+01	2.879109e-02	6625917.000000	0.000000e+00
2.049500e+00	7.396840e+01	2.873008e-02	6628555.000000	0.000000e+00
2.051494e+00	7.392900e+01	2.867461e-02	6647137.000000	0.000000e+00
2.053489e+00	7.381971e+01	2.860333e-02	6660573.000000	0.000000e+00
2.055484e+00	7.376667e+01	2.855867e-02	6671821.000000	0.000000e+00
2.057478e+00	7.360061e+01	2.846613e-02	6685071.000000	0.000000e+00
2.059472e+00	7.355819e+01	2.842586e-02	6696301.000000	0.000000e+00
2.061467e+00	7.339364e+01	2.832472e-02	6714069.000000	0.000000e+00
2.063463e+00	7.335644e+01	2.827463e-02	6731047.000000	0.000000e+00
2.065458e+00	7.321603e+01	2.822991e-02	6726565.000000	0.000000e+00
2.067451e+00	7.317743e+01	2.815560e-02	6754989.000000	0.000000e+00
2.069447e+00	7.305028e+01	2.808883e-02	6763579.000000	0.000000e+00
2.071442e+00	7.296945e+01	2.803211e-02	6775953.000000	0.000000e+00
2.073435e+00	7.286283e+01	2.797315e-02	6784681.000000	0.000000e+00
2.075430e+00	7.277373e+01	2.790156e-02	6802873.000000	0.000000e+00
2.077424e+00	7.268304e+01	2.784162e-02	6815175.000000	0.000000e+00
2.079420e+00	7.259824e+01	2.776811e-02	6835333.000000	0.000000e+00
2.081415e+00	7.249530e+01	2.772840e-02	6835497.000000	0.000000e+00
2.083408e+00	7.240587e+01	2.765446e-02	6855151.000000	0.000000e+00
2.085403e+00	7.231150e+01	2.759198e-02	6868293.000000	0.000000e+00
2.087397e+00	7.224126e+01	2.754641e-02	6877657.000000	0.000000e+00
2.089392e+00	7.211736e+01	2.746772e-02	6893413.000000	0.000000e+00
2.091386e+00	7.210653e+01	2.743372e-02	6908439.000000	0.000000e+00
2.093381e+00	7.196346e+01	2.735317e-02	6921637.000000	0.000000e+00
2.095376e+00	7.189391e+01	2.729996e-02	6935217.000000	0.000000e+00
2.097371e+00	7.176819e+01	2.723569e-02	6943639.000000	0.000000e+00
2.099365e+00	7.169009e+01	2.717364e-02	6960213.000000	0.000000e+00
2.101360e+00	7.159071e+01	2.710230e-02	6977521.000000	0.000000e+00
2.103355e+00	7.147856e+01	2.704820e-02	6983527.000000	0.000000e+00
2.105350e+00	7.142397e+01	2.698926e-02	7003353.000000	0.000000e+00
2.107344e+00	7.130421e+01	2.693618e-02	7007425.000000	0.000000e+00
2.109339e+00	7.121993e+01	2.685644e-02	7032441.000000	0.000000e+00
2.111333e+00	7.114275e+01	2.682895e-02	7031599.000000	0.000000e+00
2.113327e+00	7.104075e+01	2.675193e-02	7051881.000000	0.000000e+00
2.115322e+00	7.100728e+01	2.670226e-02	7071469.000000	0.000000e+00
2.117318e+00	7.083839e+01	2.661583e-02	7083655.000000	0.000000e+00
2.119313e+00	7.075048e+01	2.656314e-02	7094145.000000	0.000000e+00
2.121306e+00	7.068993e+01	2.653557e-02	7096729.000000	0.000000e+00
2.123301e+00	7.062669e+01	2.645988e-02	7124625.000000	0.000000e+00
2.125296e+00	7.054224e+01	2.640542e-02	7136947.000000	0.000000e+00
2.127291e+00	7.045052e+01	2.636345e-02	7141081.000000	0.000000e+00
2.129285e+00	7.035980e+01	2.628663e-02	7164393.000000	0.000000e+00
2.131281e+00	7.023177e+01	2.621655e-02	7176559.000000	0.000000e+00
2.133275e+00	7.013923e+01	2.617380e-02	7181061.000000	0.000000e+00
2.135268e+00	7.011766e+01	2.614510e-02	7192405.000000	0.000000e+00
2.137263e+00	6.999717e+01	2.604685e-02	7221885.000000	0.000000e+00
2.139259e+00	6.986873e+01	2.598309e-02	7230763.000000	0.000000e+00
2.141255e+00	6.977198e+01	2.592474e-02	7243249.000000	0.000000e+00
2.143249e+00	6.977053e+01	2.592099e-02	7245045.000000	0.000000e+00
2.145242e+00	6.962392e+01	2.582395e-02	7268947.000000	0.000000e+00
2.147237e+00	6.955915e+01	2.577337e-02	7283937.000000	0.000000e+00
2.149233e+00	6.949154e+01	2.571884e-02	7300645.000000	0.000000e+00
2.151227e+00	6.939460e+01	2.568674e-02	7298499.000000	0.000000e+00
2.153221e+00	6.927697e+01	2.559554e-02	7325701.000000	0.000000e+00
2.155216e+00	6.923680e+01	2.556600e-02	7334125.000000	0.000000e+00
2.157211e+00	6.912939e+01	2.550008e-02	7349241.000000	0.000000e+00
2.159205e+00	6.899879e+01	2.543179e-02	7360867.000000	0.000000e+00
2.161199e+00	6.899231e+01	2.541054e-02	7371801.000000	0.000000e+00
2.163193e+00	6.888356e+01	2.533549e-02	7392181.000000	0.000000e+00
2.165188e+00	6.876640e+01	2.527644e-02	7401519.000000	0.000000e+00
2.167184e+00	6.869669e+01	2.521183e-02	7424425.000000	0.000000e+00
2.169179e+00	6.862752e+01	2.517768e-02	7429597.000000	0.000000e+00
2.171173e+00	6.850506e+01	2.511085e-02	7442565.000000	0.000000e+00
2.173168e+00	6.846049e+01	2.506571e-02	7459675.000000	0.000000e+00
2.175163e+00	6.833436e+01	2.499514e-02	7474245.000000	0.000000e+00
2.177158e+00	6.825364e+01	2.494468e-02	7486789.000000	0.000000e+00
2.179152e+00	6.818003e+01	2.490897e-02	7492087.000000	0.000000e+00
2.181146e+00	6.803199e+01	2.481539e-02	7515957.000000	0.000000e+00
2.183141e+00	6.799249e+01	2.478351e-02	7526557.000000	0.000000e+00
2.185135e+00	6.795028e+01	2.475053e-02	7537263.000000	0.000000e+00
2.187130e+00	6.780731e+01	2.466921e-02	7555141.000000	0.000000e+00
2.189125e+00	6.773535e+01	2.461535e-02	7572141.000000	0.000000e+00
2.191120e+00	6.763880e+01	2.456831e-02	7579513.000000	0.000000e+00
2.193115e+00	6.758993e+01	2.451612e-02	7600819.000000	0.000000e+00
2.195109e+00	6.751373e+01	2.448730e-02	7601553.000000	0.000000e+00
2.197104e+00	6.740120e+01	2.439566e-02	7633261.000000	0.000000e+00
2.199100e+00	6.733208e+01	2.436940e-02	7634043.000000	0.000000e+00
2.201094e+00	6.726747e+01	2.431868e-02	7651213.000000	0.000000e+00
2.203088e+00	6.713020e+01	2.425742e-02	7658553.000000	0.000000e+00
2.205082e+00	6.708869e+01	2.421646e-02	7674985.000000	0.000000e+00
2.207077e+00	6.698904e+01	2.413982e-02	7700863.000000	0.000000e+00
2.209072e+00	6.684050e+01	2.407922e-02	7705389.000000	0.000000e+00
2.211067e+00	6.682827e+01	2.404862e-02	7722181.000000	0.000000e+00
2.213061e+00	6.679098e+01	2.402572e-02	7728279.000000	0.000000e+00
2.215055e+00	6.667442e+01	2.395154e-02	7749109.000000	0.000000e+00
2.217050e+00	6.661063e+01	2.390237e-02	7766137.000000	0.000000e+00
2.219045e+00	6.644608e+01	2.383464e-02	7771797.000000	0.000000e+00
2.221039e+00	6.639330e+01	2.378844e-02	7789627.000000	0.000000e+00
2.223034e+00	6.631035e+01	2.373023e-02	7808337.000000	0.000000e+00
2.225029e+00	6.623834e+01	2.369157e-02	7816837.000000	0.000000e+00
2.227024e+00	6.619687e+01	2.364554e-02	7837479.000000	0.000000e+00
2.229018e+00	6.610596e+01	2.361208e-02	7838137.000000	0.000000e+00
2.231013e+00	6.599372e+01	2.353124e-02	7865305.000000	0.000000e+00
2.233008e+00	6.593932e+01	2.349326e-02	7877751.000000	0.000000e+00
2.235003e+00	6.584062e+01	2.345014e-02	7883101.000000	0.000000e+00
2.236996e+00	6.576520e+01	2.339825e-02	7899969.000000	0.000000e+00
2.238992e+00	6.569547e+01	2.333801e-02	7923973.000000	0.000000e+00
2.240986e+00	6.555953e+01	2.328678e-02	7925979.000000	0.000000e+00
2.242981e+00	6.556372e+01	2.325604e-02	7947961.000000	0.000000e+00
2.244976e+00	6.539705e+01	2.318404e-02	7956793.000000	0.000000e+00
2.246970e+00	6.538165e+01	2.315866e-02	7970487.000000	0.000000e+00
2.248965e+00	6.527129e+01	2.308949e-02	7991269.000000	0.000000e+00
2.250960e+00	6.519292e+01	2.304643e-02	8001909.000000	0.000000e+00
2.252954e+00	6.514386e+01	2.301674e-02	8010493.000000	0.000000e+00
2.254948e+00	6.502776e+01	2.293963e-02	8035719.000000	0.000000e+00
2.256943e+00	6.495764e+01	2.290948e-02	8039521.000000	0.000000e+00
2.258939e+00	6.488605e+01	2.284394e-02	8067901.000000	0.000000e+00
2.260933e+00	6.479796e+01	2.282213e-02	8061399.000000	0.000000e+00
2.262927e+00	6.473894e+01	2.275122e-02	8096953.000000	0.000000e+00
2.264923e+00	6.462514e+01	2.270540e-02	8101113.000000	0.000000e+00
2.266918e+00	6.453313e+01	2.265116e-02	8116795.000000	0.000000e+00
2.268912e+00	6.448907e+01	2.262612e-02	8123665.000000	0.000000e+00
2.270906e+00	6.438504e+01	2.256421e-02	8141973.000000	0.000000e+00
2.272900e+00	6.430953e+01	2.252037e-02	8154541.000000	0.000000e+00
2.274895e+00	6.420919e+01	2.244907e-02	8180835.000000	0.000000e+00
2.276890e+00	6.416063e+01	2.243690e-02	8177329.000000	0.000000e+00
2.278883e+00	6.410871e+01	2.238543e-02	8201685.000000	0.000000e+00
2.280878e+00	6.403281e+01	2.233442e-02	8219695.000000	0.000000e+00
2.282873e+00	6.394687e+01	2.229235e-02	8228617.000000	0.000000e+00
2.284867e+00	6.388623e+01	2.225376e-02	8241525.000000	0.000000e+00
2.286862e+00	6.378277e+01	2.218879e-02	8263033.000000	0.000000e+00
2.288857e+00	6.371058e+01	2.215317e-02	8270871.000000	0.000000e+00
2.290852e+00	6.365865e+01	2.210622e-02	8292505.000000	0.000000e+00
2.292847e+00	6.352529e+01	2.205166e-02	8298717.000000	0.000000e+00
2.294842e+00	6.345936e+01	2.199244e-02	8326159.000000	0.000000e+00
2.296837e+00	6.341211e+01	2.198428e-02	8319937.000000	0.000000e+00
2.298831e+00	6.330241e+01	2.190644e-02	8350197.000000	0.000000e+00
2.300825e+00	6.323829e+01	2.187653e-02	8356099.000000	0.000000e+00
2.302820e+00	6.315812e+01	2.182242e-02	8376309.000000	0.000000e+00
2.304815e+00	6.303705e+01	2.176367e-02	8389333.000000	0.000000e+00
2.306809e+00	6.298813e+01	2.173473e-02	8398641.000000	0.000000e+00
2.308803e+00	6.289025e+01	2.167227e-02	8420887.000000	0.000000e+00
2.310799e+00	6.283031e+01	2.162970e-02	8437957.000000	0.000000e+00
2.312794e+00	6.275858e+01	2.159474e-02	8445981.000000	0.000000e+00
2.314788e+00	6.264541e+01	2.154384e-02	8455363.000000	0.000000e+00
2.316782e+00	6.261912e+01	2.150771e-02	8476677.000000	0.000000e+00
2.318778e+00	6.252605e+01	2.144134e-02	8503897.000000	0.000000e+00
2.320773e+00	6.248445e+01	2.143822e-02	8495065.000000	0.000000e+00
2.322766e+00	6.238692e+01	2.137232e-02	8520867.000000	0.000000e+00
2.324761e+00	6.231885e+01	2.133330e-02	8533417.000000	0.000000e+00
2.326756e+00	6.226769e+01	2.128611e-02	8557221.000000	0.000000e+00
2.328751e+00	6.216474e+01	2.124418e-02	8562655.000000	0.000000e+00
2.330745e+00	6.210181e+01	2.120970e-02	8573133.000000	0.000000e+00
2.332739e+00	6.198335e+01	2.114477e-02	8592985.000000	0.000000e+00
2.334733e+00	6.194447e+01	2.112504e-02	8598253.000000	0.000000e+00
2.336728e+00	6.183142e+01	2.104040e-02	8635959.000000	0.000000e+00
2.338724e+00	6.177256e+01	2.101976e-02	8636461.000000	0.000000e+00
2.340718e+00	6.170640e+01	2.097783e-02	8652453.000000	0.000000e+00
2.342712e+00	6.163879e+01	2.094064e-02	8664199.000000	0.000000e+00
2.344707e+00	6.154340e+01	2.088217e-02	8685837.000000	0.000000e+00
2.346702e+00	6.154262e+01	2.087377e-02	8692609.000000	0.000000e+00
2.348697e+00	6.140788e+01	2.080063e-02	8715559.000000	0.000000e+00
2.350691e+00	6.134267e+01	2.077053e-02	8722281.000000	0.000000e+00
2.352686e+00	6.126498e+01	2.071384e-02	8747893.000000	0.000000e+00
2.354680e+00	6.118275e+01	2.068914e-02	8745273.000000	0.000000e+00
2.356674e+00	6.111318e+01	2.063171e-02	8774035.000000	0.000000e+00
2.358670e+00	6.104410e+01	2.059119e-02	8788693.000000	0.000000e+00
2.360665e+00	6.099329e+01	2.055745e-02	8802897.000000	0.000000e+00
2.362659e+00	6.090527e+01	2.051625e-02	8812795.000000	0.000000e+00
2.364654e+00	6.082015e+01	2.046304e-02	8833941.000000	0.000000e+00
2.366649e+00	6.071777e+01	2.041451e-02	8846137.000000	0.000000e+00
2.368644e+00	6.067344e+01	2.038700e-02	8857077.000000	0.000000e+00
2.370638e+00	6.059990e+01	2.034213e-02	8874643.000000	0.000000e+00
2.372633e+00	6.056753e+01	2.031255e-02	8891005.000000	0.000000e+00
2.374628e+00	6.046739e+01	2.026285e-02	8905149.000000	0.000000e+00
2.376622e+00	6.039842e+01	2.022642e-02	8916883.000000	0.000000e+00
2.378617e+00	6.031497e+01	2.017431e-02	8938257.000000	0.000000e+00
2.380611e+00	6.026083e+01	2.014835e-02	8945221.000000	0.000000e+00
2.382604e+00	6.018874e+01	2.011266e-02	8955531.000000	0.000000e+00
2.384600e+00	6.009783e+01	2.003357e-02	8999137.000000	0.000000e+00
2.386597e+00	6.005506e+01	2.002615e-02	8992993.000000	0.000000e+00
2.388591e+00	5.997450e+01	1.998235e-02	9008241.000000	0.000000e+00
2.390585e+00	5.993397e+01	1.995587e-02	9019963.000000	0.000000e+00
2.392579e+00	5.981995e+01	1.989486e-02	9040869.000000	0.000000e+00
2.394574e+00	5.973944e+01	1.985256e-02	9055021.000000	0.000000e+00
2.396569e+00	5.964076e+01	1.979974e-02	9073347.000000	0.000000e+00
2.398563e+00	5.961483e+01	1.978449e-02	9079441.000000	0.000000e+00
2.400558e+00	5.955899e+01	1.973413e-02	9108745.000000	0.000000e+00
2.402553e+00	5.945946e+01	1.970135e-02	9108561.000000	0.000000e+00
2.404547e+00	5.937741e+01	1.964433e-02	9136255.000000	0.000000e+00
2.406542e+00	5.935149e+01	1.963091e-02	9140757.000000	0.000000e+00
2.408536e+00	5.924436e+01	1.957145e-02	9163213.000000	0.000000e+00
2.410532e+00	5.920266e+01	1.953608e-02	9183487.000000	0.000000e+00
2.412527e+00	5.910224e+01	1.949883e-02	9187365.000000	0.000000e+00
2.414520e+00	5.902846e+01	1.946364e-02	9197605.000000	0.000000e+00
2.416514e+00	5.896211e+01	1.941410e-02	9223833.000000	0.000000e+00
2.418509e+00	5.887270e+01	1.936965e-02	9238135.000000	0.000000e+00
2.420504e+00	5.882774e+01	1.933297e-02	9259065.000000	0.000000e+00
2.422500e+00	5.873225e+01	1.929322e-02	9267097.000000	0.000000e+00
2.424495e+00	5.866911e+01	1.925397e-02	9284923.000000	0.000000e+00
2.426489e+00	5.862165e+01	1.923320e-02	9289941.000000	0.000000e+00
2.428484e+00	5.853079e+01	1.916685e-02	9325393.000000	0.000000e+00
2.430478e+00	5.848681e+01	1.916113e-02	9316947.000000	0.000000e+00
2.432473e+00	5.843789e+01	1.910971e-02	9351493.000000	0.000000e+00
2.434468e+00	5.830927e+01	1.906271e-02	9356337.000000	0.000000e+00
2.436463e+00	5.825194e+01	1.901959e-02	9380341.000000	0.000000e+00
2.438457e+00	5.823509e+01	1.901539e-02	9379051.000000	0.000000e+00
2.440450e+00	5.811228e+01	1.894714e-02	9406941.000000	0.000000e+00
2.442446e+00	5.802734e+01	1.890015e-02	9426157.000000	0.000000e+00
2.444441e+00	5.798476e+01	1.887605e-02	9436383.000000	0.000000e+00
2.446435e+00	5.789037e+01	1.883671e-02	9445009.000000	0.000000e+00
2.448429e+00	5.788116e+01	1.881016e-02	9468681.000000	0.000000e+00
2.450424e+00	5.778985e+01	1.876903e-02	9480241.000000	0.000000e+00
2.452418e+00	5.770655e+01	1.872339e-02	9499075.000000	0.000000e+00
2.454413e+00	5.764798e+01	1.868889e-02	9514833.000000	0.000000e+00
2.456408e+00	5.760556e+01	1.865940e-02	9530893.000000	0.000000e+00
2.458403e+00	5.748758e+01	1.860816e-02	9544239.000000	0.000000e+00
2.460398e+00	5.743173e+01	1.857457e-02	9560185.000000	0.000000e+00
2.462392e+00	5.741806e+01	1.855950e-02	9571153.000000	0.000000e+00
2.464386e+00	5.731370e+01	1.850603e-02	9591579.000000	0.000000e+00
2.466380e+00	5.726244e+01	1.848180e-02	9599557.000000	0.000000e+00
2.468375e+00	5.717627e+01	1.842008e-02	9634929.000000	0.000000e+00
2.470371e+00	5.711812e+01	1.840257e-02	9633649.000000	0.000000e+00
2.472366e+00	5.701730e+01	1.834500e-02	9660015.000000	0.000000e+00
2.474360e+00	5.696223e+01	1.833052e-02	9656605.000000	0.000000e+00
2.476354e+00	5.692814e+01	1.828936e-02	9688513.000000	0.000000e+00
2.478349e+00	5.686605e+01	1.826077e-02	9697683.000000	0.000000e+00
2.480344e+00	5.678444e+01	1.821663e-02	9716785.000000	0.000000e+00
2.482338e+00	5.669553e+01	1.817390e-02	9731985.000000	0.000000e+00
2.484333e+00	5.665165e+01	1.814449e-02	9748453.000000	0.000000e+00
2.486329e+00	5.655296e+01	1.809307e-02	9769815.000000	0.000000e+00
2.488323e+00	5.651789e+01	1.808424e-02	9767233.000000	0.000000e+00
2.490317e+00	5.645481e+01	1.803433e-02	9799453.000000	0.000000e+00
2.492312e+00	5.638429e+01	1.800345e-02	9808551.000000	0.000000e+00
2.494307e+00	5.630688e+01	1.796664e-02	9821761.000000	0.000000e+00
2.496302e+00	5.623800e+01	1.791985e-02	9848973.000000	0.000000e+00
2.498296e+00	5.618881e+01	1.790872e-02	9843979.000000	0.000000e+00
2.500288e+00	5.607775e+01	1.785739e-02	9861549.000000	0.000000e+00
2.502283e+00	5.601988e+01	1.780232e-02	9902185.000000	0.000000e+00
2.504280e+00	5.595336e+01	1.777789e-02	9905857.000000	0.000000e+00
2.506274e+00	5.591198e+01	1.775516e-02	9916551.000000	0.000000e+00
2.508269e+00	5.586787e+01	1.772355e-02	9936253.000000	0.000000e+00
2.510263e+00	5.579400e+01	1.769287e-02	9944397.000000	0.000000e+00
2.512257e+00	5.571800e+01	1.764652e-02	9969487.000000	0.000000e+00
2.514252e+00	5.565110e+01	1.761068e-02	9986089.000000	0.000000e+00
2.516247e+00	5.556984e+01	1.757445e-02	9998037.000000	0.000000e+00
2.518242e+00	5.552380e+01	1.754295e-02	10017361.000000	0.000000e+00
2.520237e+00	5.545732e+01	1.751023e-02	10030767.000000	0.000000e+00
2.522230e+00	5.542228e+01	1.749324e-02	10037569.000000	0.000000e+00
2.524225e+00	5.536805e+01	1.745050e-02	10067061.000000	0.000000e+00
2.526220e+00	5.526906e+01	1.741032e-02	10077451.000000	0.000000e+00
2.528214e+00	5.520319e+01	1.737674e-02	10092337.000000	0.000000e+00
2.530210e+00	5.514834e+01	1.733681e-02	10118745.000000	0.000000e+00
2.532204e+00	5.505979e+01	1.730868e-02	10119085.000000	0.000000e+00
2.534199e+00	5.497425e+01	1.725516e-02	10150347.000000	0.000000e+00
2.536194e+00	5.495918e+01	1.725175e-02	10148785.000000	0.000000e+00
2.538188e+00	5.487445e+01	1.719868e-02	10180053.000000	0.000000e+00
2.540183e+00	5.480535e+01	1.716814e-02	10190599.000000	0.000000e+00
2.542178e+00	5.474569e+01	1.714084e-02	10200829.000000	0.000000e+00
2.544173e+00	5.471743e+01	1.710764e-02	10229889.000000	0.000000e+00
2.546167e+00	5.465060e+01	1.708739e-02	10229119.000000	0.000000e+00
2.548162e+00	5.455110e+01	1.702362e-02	10268409.000000	0.000000e+00
2.550157e+00	5.450036e+01	1.701630e-02	10258129.000000	0.000000e+00
2.552151e+00	5.448406e+01	1.698615e-02	10288429.000000	0.000000e+00
2.554146e+00	5.439776e+01	1.694856e-02	10301403.000000	0.000000e+00
2.556140e+00	5.431247e+01	1.691343e-02	10311829.000000	0.000000e+00
2.558133e+00	5.422753e+01	1.687178e-02	10330413.000000	0.000000e+00
2.560128e+00	5.421926e+01	1.684760e-02	10356931.000000	0.000000e+00
2.562123e+00	5.410467e+01	1.681152e-02	10357509.000000	0.000000e+00
2.564118e+00	5.404635e+01	1.676002e-02	10398817.000000	0.000000e+00
2.566114e+00	5.399925e+01	1.674831e-02	10395217.000000	0.000000e+00
2.568108e+00	5.395001e+01	1.671979e-02	10411695.000000	0.000000e+00
2.570102e+00	5.387970e+01	1.668042e-02	10433653.000000	0.000000e+00
2.572098e+00	5.381209e+01	1.664385e-02	10453269.000000	0.000000e+00
2.574093e+00	5.374048e+01	1.661498e-02	10461727.000000	0.000000e+00
2.576087e+00	5.368513e+01	1.658766e-02	10474605.000000	0.000000e+00
2.578081e+00	5.361970e+01	1.655112e-02	10495273.000000	0.000000e+00
2.580076e+00	5.356606e+01	1.651608e-02	10518775.000000	0.000000e+00
2.582071e+00	5.350191e+01	1.649360e-02	10522233.000000	0.000000e+00
2.584065e+00	5.342160e+01	1.644708e-02	10550089.000000	0.000000e+00
2.586060e+00	5.337738e+01	1.642699e-02	10558413.000000	0.000000e+00
2.588055e+00	5.332858e+01	1.639277e-02	10583155.000000	0.000000e+00
2.590050e+00	5.323800e+01	1.635815e-02	10591929.000000	0.000000e+00
2.592045e+00	5.320434e+01	1.633219e-02	10612201.000000	0.000000e+00
2.594039e+00	5.313590e+01	1.630622e-02	10618651.000000	0.000000e+00
2.596033e+00	5.307608e+01	1.626401e-02	10649829.000000	0.000000e+00
2.598028e+00	5.302101e+01	1.624651e-02	10650637.000000	0.000000e+00
2.600022e+00	5.294522e+01	1.619872e-02	10682973.000000	0.000000e+00
2.602018e+00	5.287299e+01	1.616814e-02	10694179.000000	0.000000e+00
2.604012e+00	5.281983e+01	1.614446e-02	10704025.000000	0.000000e+00
2.606006e+00	5.277349e+01	1.612120e-02	10716105.000000	0.000000e+00
2.608000e+00	5.268041e+01	1.606783e-02	10749391.000000	0.000000e+00
2.609995e+00	5.264836e+01	1.605548e-02	10752837.000000	0.000000e+00
2.611990e+00	5.256186e+01	1.600434e-02	10786141.000000	0.000000e+00
2.613986e+00	5.254457e+01	1.600022e-02	10784589.000000	0.000000e+00
2.615980e+00	5.243881e+01	1.595057e-02	10808203.000000	0.000000e+00
2.617974e+00	5.240284e+01	1.593247e-02	10817905.000000	0.000000e+00
2.619969e+00	5.231185e+01	1.588659e-02	10842729.000000	0.000000e+00
2.621963e+00	5.227811e+01	1.586933e-02	10852315.000000	0.000000e+00
2.623958e+00	5.224895e+01	1.583929e-02	10881369.000000	0.000000e+00
2.625953e+00	5.214878e+01	1.580451e-02	10887457.000000	0.000000e+00
2.627948e+00	5.210885e+01	1.577716e-02	10908507.000000	0.000000e+00
2.629942e+00	5.203396e+01	1.574670e-02	10919293.000000	0.000000e+00
2.631937e+00	5.200945e+01	1.572210e-02	10943173.000000	0.000000e+00
2.633932e+00	5.192636e+01	1.568897e-02	10954353.000000	0.000000e+00
2.635927e+00	5.188394e+01	1.566280e-02	10973047.000000	0.000000e+00
2.637921e+00	5.178450e+01	1.562389e-02	10985529.000000	0.000000e+00
2.639916e+00	5.175272e+01	1.559343e-02	11014957.000000	0.000000e+00
2.641910e+00	5.171316e+01	1.558575e-02	11008971.000000	0.000000e+00
2.643904e+00	5.162480e+01	1.553569e-02	11042197.000000	0.000000e+00
2.645899e+00	5.155569e+01	1.550568e-02	11055325.000000	0.000000e+00
2.647895e+00	5.154191e+01	1.548202e-02	11083209.000000	0.000000e+00
2.649890e+00	5.145297e+01	1.545202e-02	11087923.000000	0.000000e+00
2.651884e+00	5.140154e+01	1.542762e-02	11100801.000000	0.000000e+00
2.653878e+00	5.137595e+01	1.540782e-02	11118277.000000	0.000000e+00
2.655873e+00	5.126321e+01	1.535658e-02	11143531.000000	0.000000e+00
2.657867e+00	5.121897e+01	1.533738e-02	11152161.000000	0.000000e+00
2.659862e+00	5.114795e+01	1.530281e-02	11171569.000000	0.000000e+00
2.661856e+00	5.112636e+01	1.528272e-02	11191503.000000	0.000000e+00
2.663851e+00	5.106701e+01	1.525643e-02	11204053.000000	0.000000e+00
2.665845e+00	5.099476e+01	1.522230e-02	11222529.000000	0.000000e+00
2.667840e+00	5.093666e+01	1.519389e-02	11238877.000000	0.000000e+00
2.669835e+00	5.088512e+01	1.516592e-02	11257555.000000	0.000000e+00
2.671830e+00	5.082746e+01	1.513660e-02	11275605.000000	0.000000e+00
2.673825e+00	5.076158e+01	1.509952e-02	11301697.000000	0.000000e+00
2.675820e+00	5.071370e+01	1.509137e-02	11292579.000000	0.000000e+00
2.677813e+00	5.065722e+01	1.505217e-02	11326213.000000	0.000000e+00
2.679809e+00	5.058297e+01	1.501672e-02	11346405.000000	0.000000e+00
2.681804e+00	5.053647e+01	1.499565e-02	11357401.000000	0.000000e+00
2.683798e+00	5.045449e+01	1.496401e-02	11368507.000000	0.000000e+00
2.685793e+00	5.042003e+01	1.493406e-02	11398569.000000	0.000000e+00
2.687788e+00	5.034059e+01	1.490522e-02	11406697.000000	0.000000e+00
2.689782e+00	5.028236e+01	1.487533e-02	11426103.000000	0.000000e+00
2.691776e+00	5.023125e+01	1.485425e-02	11435269.000000	0.000000e+00
2.693771e+00	5.017674e+01	1.481856e-02	11465505.000000	0.000000e+00
2.695766e+00	5.013551e+01	1.480021e-02	11475061.000000	0.000000e+00
2.697761e+00	5.007874e+01	1.476805e-02	11499007.000000	0.000000e+00
2.699756e+00	5.001686e+01	1.474661e-02	11503989.000000	0.000000e+00
2.701749e+00	4.995348e+01	1.471615e-02	11522401.000000	0.000000e+00
2.703744e+00	4.992871e+01	1.468974e-02	11552403.000000	0.000000e+00
2.705739e+00	4.986203e+01	1.466626e-02	11558497.000000	0.000000e+00
2.707733e+00	4.976985e+01	1.462849e-02	11575333.000000	0.000000e+00
2.709728e+00	4.974637e+01	1.460526e-02	11601231.000000	0.000000e+00
2.711723e+00	4.965642e+01	1.457667e-02	11604709.000000	0.000000e+00
2.713717e+00	4.962663e+01	1.454813e-02	11636313.000000	0.000000e+00
2.715712e+00	4.959510e+01	1.453729e-02	11638861.000000	0.000000e+00
2.717706e+00	4.952093e+01	1.449506e-02	11671791.000000	0.000000e+00
2.719701e+00	4.946345e+01	1.447790e-02	11672329.000000	0.000000e+00
2.721695e+00	4.939251e+01	1.443845e-02	11702569.000000	0.000000e+00
2.723690e+00	4.935035e+01	1.442211e-02	11709087.000000	0.000000e+00
2.725685e+00	4.930556e+01	1.438940e-02	11741041.000000	0.000000e+00
2.727680e+00	4.924590e+01	1.436556e-02	11751549.000000	0.000000e+00
2.729675e+00	4.917202e+01	1.433323e-02	11769229.000000	0.000000e+00
2.731669e+00	4.912646e+01	1.431586e-02	11775951.000000	0.000000e+00
2.733664e+00	4.905161e+01	1.427569e-02	11806261.000000	0.000000e+00
2.735659e+00	4.901402e+01	1.425527e-02	11821969.000000	0.000000e+00
2.737654e+00	4.894106e+01	1.422782e-02	11832327.000000	0.000000e+00
2.739647e+00	4.892822e+01	1.422188e-02	11835997.000000	0.000000e+00
2.741641e+00	4.888224e+01	1.417922e-02	11884953.000000	0.000000e+00
2.743638e+00	4.880841e+01	1.415268e-02	11893567.000000	0.000000e+00
2.745632e+00	4.873720e+01	1.412788e-02	11900557.000000	0.000000e+00
2.747627e+00	4.868491e+01	1.410034e-02	11921469.000000	0.000000e+00
2.749622e+00	4.863390e+01	1.407082e-02	11946457.000000	0.000000e+00
2.751617e+00	4.860476e+01	1.405576e-02	11957727.000000	0.000000e+00
2.753611e+00	4.850999e+01	1.402773e-02	11958793.000000	0.000000e+00
2.755604e+00	4.847897e+01	1.399668e-02	11996553.000000	0.000000e+00
2.757600e+00	4.843256e+01	1.396988e-02	12019579.000000	0.000000e+00
2.759595e+00	4.834572e+01	1.394872e-02	12012877.000000	0.000000e+00
2.761589e+00	4.830537e+01	1.391718e-02	12047265.000000	0.000000e+00
2.763583e+00	4.828076e+01	1.390902e-02	12049117.000000	0.000000e+00
2.765577e+00	4.820631e+01	1.386640e-02	12085935.000000	0.000000e+00
2.767573e+00	4.814842e+01	1.384045e-02	12102181.000000	0.000000e+00
2.769567e+00	4.808370e+01	1.381881e-02	12107493.000000	0.000000e+00
2.771562e+00	4.807081e+01	1.379768e-02	12138103.000000	0.000000e+00
2.773558e+00	4.797716e+01	1.376278e-02	12152257.000000	0.000000e+00
2.775552e+00	4.793603e+01	1.374713e-02	12159069.000000	0.000000e+00
2.777546e+00	4.790526e+01	1.372881e-02	12175891.000000	0.000000e+00
2.779540e+00	4.783299e+01	1.369167e-02	12205125.000000	0.000000e+00
2.781535e+00	4.775349e+01	1.365991e-02	12221221.000000	0.000000e+00
2.783530e+00	4.773965e+01	1.364705e-02	12237165.000000	0.000000e+00
2.785525e+00	4.768448e+01	1.362345e-02	12251227.000000	0.000000e+00
2.787519e+00	4.762413e+01	1.359706e-02	12267721.000000	0.000000e+00
2.789514e+00	4.757567e+01	1.356927e-02	12292977.000000	0.000000e+00
2.791509e+00	4.752035e+01	1.354513e-02	12308155.000000	0.000000e+00
2.793504e+00	4.743898e+01	1.351223e-02	12325845.000000	0.000000e+00
2.795498e+00	4.741118e+01	1.350034e-02	12333085.000000	0.000000e+00
2.797493e+00	4.734854e+01	1.346582e-02	12363673.000000	0.000000e+00
2.799488e+00	4.729817e+01	1.344473e-02	12376119.000000	0.000000e+00
2.801482e+00	4.725535e+01	1.342282e-02	12394081.000000	0.000000e+00
2.803477e+00	4.721283e+01	1.340351e-02	12407457.000000	0.000000e+00
2.805471e+00	4.712928e+01	1.336701e-02	12431203.000000	0.000000e+00
2.807466e+00	4.708988e+01	1.334814e-02	12445545.000000	0.000000e+00
2.809460e+00	4.705539e+01	1.332694e-02	12466885.000000	0.000000e+00
2.811455e+00	4.697357e+01	1.329628e-02	12480925.000000	0.000000e+00
2.813450e+00	4.693592e+01	1.327122e-02	12508023.000000	0.000000e+00
2.815444e+00	4.689110e+01	1.326145e-02	12502549.000000	0.000000e+00
2.817438e+00	4.683377e+01	1.322368e-02	12543357.000000	0.000000e+00
2.819433e+00	4.678224e+01	1.320507e-02	12551059.000000	0.000000e+00
2.821428e+00	4.673280e+01	1.317993e-02	12572373.000000	0.000000e+00
2.823424e+00	4.667307e+01	1.314936e-02	12598633.000000	0.000000e+00
2.825418e+00	4.662860e+01	1.313726e-02	12597811.000000	0.000000e+00
2.827413e+00	4.661034e+01	1.311541e-02	12629925.000000	0.000000e+00
2.829407e+00	4.652474e+01	1.308696e-02	12638353.000000	0.000000e+00
2.831402e+00	4.649709e+01	1.306821e-02	12659577.000000	0.000000e+00
2.833396e+00	4.643612e+01	1.304191e-02	12677383.000000	0.000000e+00
2.835391e+00	4.637789e+01	1.301628e-02	12695445.000000	0.000000e+00
2.837385e+00	4.631776e+01	1.299094e-02	12711997.000000	0.000000e+00
2.839380e+00	4.628769e+01	1.296956e-02	12737395.000000	0.000000e+00
2.841375e+00	4.621501e+01	1.294599e-02	12743697.000000	0.000000e+00
2.843370e+00	4.618107e+01	1.292000e-02	12776233.000000	0.000000e+00
2.845365e+00	4.612037e+01	1.289738e-02	12787413.000000	0.000000e+00
2.847360e+00	4.605808e+01	1.287304e-02	12801163.000000	0.000000e+00
2.849354e+00	4.602209e+01	1.285185e-02	12823345.000000	0.000000e+00
2.851349e+00	4.598825e+01	1.283658e-02	12834981.000000	0.000000e+00
2.853343e+00	4.590228e+01	1.280145e-02	12857311.000000	0.000000e+00
2.855337e+00	4.587183e+01	1.278744e-02	12868401.000000	0.000000e+00
2.857332e+00	4.582748e+01	1.276144e-02	12895933.000000	0.000000e+00
2.859326e+00	4.577605e+01	1.274342e-02	12903423.000000	0.000000e+00
2.861321e+00	4.572295e+01	1.271245e-02	12936289.000000	0.000000e+00
2.863316e+00	4.567179e+01	1.269330e-02	12946345.000000	0.000000e+00
2.865311e+00	4.560300e+01	1.266277e-02	12969681.000000	0.000000e+00
2.867306e+00	4.557080e+01	1.264487e-02	12988063.000000	0.000000e+00
2.869301e+00	4.551470e+01	1.262419e-02	12998589.000000	0.000000e+00
2.871295e+00	4.545623e+01	1.259764e-02	13019929.000000	0.000000e+00
2.873290e+00	4.544127e+01	1.258460e-02	13038339.000000	0.000000e+00
2.875285e+00	4.537495e+01	1.255903e-02	13053289.000000	0.000000e+00
2.877279e+00	4.531245e+01	1.253192e-02	13073749.000000	0.000000e+00
2.879273e+00	4.527107e+01	1.251506e-02	13085049.000000	0.000000e+00
2.881268e+00	4.523816e+01	1.248788e-02	13122979.000000	0.000000e+00
2.883263e+00	4.517306e+01	1.247379e-02	13114821.000000	0.000000e+00
2.885257e+00	4.510885e+01	1.243941e-02	13149937.000000	0.000000e+00
2.887251e+00	4.505141e+01	1.241864e-02	13160391.000000	0.000000e+00
2.889246e+00	4.501616e+01	1.239529e-02	13189345.000000	0.000000e+00
2.891241e+00	4.496355e+01	1.237513e-02	13201453.000000	0.000000e+00
2.893236e+00	4.491897e+01	1.235235e-02	13223925.000000	0.000000e+00
2.895231e+00	4.488129e+01	1.233748e-02	13233583.000000	0.000000e+00
2.897226e+00	4.483157e+01	1.231056e-02	13262097.000000	0.000000e+00
2.899221e+00	4.479963e+01	1.229869e-02	13268773.000000	0.000000e+00
2.901215e+00	4.471360e+01	1.226470e-02	13291231.000000	0.000000e+00
2.903209e+00	4.468612e+01	1.225043e-02	13305861.000000	0.000000e+00
2.905203e+00	4.464222e+01	1.222813e-02	13328197.000000	0.000000e+00
2.907198e+00	4.457049e+01	1.219844e-02	13350159.000000	0.000000e+00
2.909193e+00	4.452403e+01	1.217748e-02	13368229.000000	0.000000e+00
2.911187e+00	4.446669e+01	1.215794e-02	13376709.000000	0.000000e+00
2.913182e+00	4.445781e+01	1.214372e-02	13402705.000000	0.000000e+00
2.915177e+00	4.441457e+01	1.212166e-02	13425379.000000	0.000000e+00
2.917171e+00	4.435850e+01	1.210488e-02	13428669.000000	0.000000e+00
2.919165e+00	4.428383e+01	1.207012e-02	13460689.000000	0.000000e+00
2.921160e+00	4.424757e+01	1.205234e-02	13478343.000000	0.000000e+00
2.923155e+00	4.420163e+01	1.203495e-02	13489261.000000	0.000000e+00
2.925149e+00	4.415505e+01	1.201133e-02	13513845.000000	0.000000e+00
2.927144e+00	4.409349e+01	1.198651e-02	13532041.000000	0.000000e+00
2.929140e+00	4.406088e+01	1.196439e-02	13562047.000000	0.000000e+00
2.931134e+00	4.401109e+01	1.195477e-02	13553193.000000	0.000000e+00
2.933129e+00	4.397792e+01	1.192649e-02	13597021.000000	0.000000e+00
2.935124e+00	4.392742e+01	1.190893e-02	13605855.000000	0.000000e+00
2.937118e+00	4.386402e+01	1.188909e-02	13611925.000000	0.000000e+00
2.939112e+00	4.382721e+01	1.186270e-02	13649629.000000	0.000000e+00
2.941107e+00	4.379303e+01	1.184997e-02	13657647.000000	0.000000e+00
2.943102e+00	4.373372e+01	1.182475e-02	13678825.000000	0.000000e+00
2.945097e+00	4.367563e+01	1.179789e-02	13704693.000000	0.000000e+00
2.947091e+00	4.361325e+01	1.178141e-02	13703845.000000	0.000000e+00
2.949085e+00	4.358704e+01	1.176212e-02	13732299.000000	0.000000e+00
2.951080e+00	4.354289e+01	1.173801e-02	13760857.000000	0.000000e+00
2.953075e+00	4.347930e+01	1.171798e-02	13767649.000000	0.000000e+00
2.955070e+00	4.343327e+01	1.169346e-02	13796187.000000	0.000000e+00
2.957064e+00	4.340666e+01	1.168302e-02	13803913.000000	0.000000e+00
2.959059e+00	4.334459e+01	1.165591e-02	13828581.000000	0.000000e+00
2.961053e+00	4.328532e+01	1.163417e-02	13842361.000000	0.000000e+00
2.963048e+00	4.324456e+01	1.161195e-02	13869231.000000	0.000000e+00
2.965042e+00	4.320417e+01	1.159770e-02	13877389.000000	0.000000e+00
2.967037e+00	4.315956e+01	1.157111e-02	13912465.000000	0.000000e+00
2.969032e+00	4.310071e+01	1.155330e-02	13917351.000000	0.000000e+00
2.971027e+00	4.307559e+01	1.153665e-02	13941289.000000	0.000000e+00
2.973021e+00	4.300799e+01	1.151298e-02	13954761.000000	0.000000e+00
2.975016e+00	4.298421e+01	1.149746e-02	13976995.000000	0.000000e+00
2.977011e+00	4.294587e+01	1.147829e-02	13998729.000000	0.000000e+00
2.979005e+00	4.288338e+01	1.145812e-02	14007193.000000	0.000000e+00
2.980999e+00	4.281439e+01	1.142831e-02	14035105.000000	0.000000e+00
2.982994e+00	4.277788e+01	1.141065e-02	14054583.000000	0.000000e+00
2.984990e+00	4.274249e+01	1.139173e-02	14077981.000000	0.000000e+00
2.986985e+00	4.270042e+01	1.137440e-02	14093121.000000	0.000000e+00
2.988979e+00	4.267594e+01	1.136354e-02	14103895.000000	0.000000e+00
2.990974e+00	4.260576e+01	1.133495e-02	14128549.000000	0.000000e+00
2.992968e+00	4.256205e+01	1.131722e-02	14143785.000000	0.000000e+00
2.994963e+00	4.251623e+01	1.129754e-02	14162545.000000	0.000000e+00
2.996957e+00	4.246821e+01	1.127671e-02	14182851.000000	0.000000e+00
2.998951e+00	4.241966e+01	1.125704e-02	14199913.000000	0.000000e+00
3.000946e+00	4.239400e+01	1.123924e-02	14227713.000000	0.000000e+00
3.002940e+00	4.234282e+01	1.122657e-02	14225443.000000	0.000000e+00
3.004935e+00	4.229406e+01	1.119316e-02	14277529.000000	0.000000e+00
3.006932e+00	4.224608e+01	1.117546e-02	14290317.000000	0.000000e+00
3.008926e+00	4.218186e+01	1.116279e-02	14279281.000000	0.000000e+00
3.010920e+00	4.215026e+01	1.113672e-02	14324715.000000	0.000000e+00
3.012915e+00	4.212722e+01	1.112875e-02	14329549.000000	0.000000e+00
3.014910e+00	4.207083e+01	1.109974e-02	14366013.000000	0.000000e+00
3.016905e+00	4.201853e+01	1.108614e-02	14365519.000000	0.000000e+00
3.018899e+00	4.199602e+01	1.107087e-02	14389729.000000	0.000000e+00
3.020893e+00	4.193656e+01	1.104620e-02	14413185.000000	0.000000e+00
3.022888e+00	4.187935e+01	1.102315e-02	14434063.000000	0.000000e+00
3.024883e+00	4.186776e+01	1.101515e-02	14447025.000000	0.000000e+00
3.026877e+00	4.180367e+01	1.098989e-02	14469109.000000	0.000000e+00
3.028872e+00	4.178339e+01	1.097847e-02	14485185.000000	0.000000e+00
3.030867e+00	4.172072e+01	1.095316e-02	14508583.000000	0.000000e+00
3.032861e+00	4.167926e+01	1.093873e-02	14517973.000000	0.000000e+00
3.034856e+00	4.162357e+01	1.090816e-02	14560485.000000	0.000000e+00
3.036851e+00	4.156528e+01	1.089436e-02	14556535.000000	0.000000e+00
3.038846e+00	4.155451e+01	1.087991e-02	14587665.000000	0.000000e+00
3.040840e+00	4.149647e+01	1.086121e-02	14597065.000000	0.000000e+00
3.042834e+00	4.144445e+01	1.084136e-02	14613877.000000	0.000000e+00
3.044829e+00	4.141571e+01	1.081842e-02	14655567.000000	0.000000e+00
3.046824e+00	4.135392e+01	1.080447e-02	14649637.000000	0.000000e+00
3.048818e+00	4.132594e+01	1.078515e-02	14682273.000000	0.000000e+00
3.050812e+00	4.127118e+01	1.076784e-02	14690491.000000	0.000000e+00
3.052807e+00	4.123812e+01	1.074452e-02	14730705.000000	0.000000e+00
3.054803e+00	4.119831e+01	1.073145e-02	14738113.000000	0.000000e+00
3.056797e+00	4.114580e+01	1.071414e-02	14748103.000000	0.000000e+00
3.058791e+00	4.110750e+01	1.069558e-02	14771805.000000	0.000000e+00
3.060786e+00	4.105965e+01	1.067168e-02	14803525.000000	0.000000e+00
3.062781e+00	4.101493e+01	1.065768e-02	14810109.000000	0.000000e+00
3.064776e+00	4.098337e+01	1.064017e-02	14836063.000000	0.000000e+00
3.066770e+00	4.093129e+01	1.062149e-02	14850477.000000	0.000000e+00
3.068765e+00	4.089984e+01	1.060365e-02	14877577.000000	0.000000e+00
3.070760e+00	4.087097e+01	1.059088e-02	14892451.000000	0.000000e+00
3.072755e+00	4.081289e+01	1.056980e-02	14909421.000000	0.000000e+00
3.074749e+00	4.075989e+01	1.055322e-02	14917513.000000	0.000000e+00
3.076743e+00	4.071786e+01	1.052944e-02	14954061.000000	0.000000e+00
3.078738e+00	4.065656e+01	1.050794e-02	14970139.000000	0.000000e+00
3.080733e+00	4.063657e+01	1.049342e-02	14996853.000000	0.000000e+00
3.082727e+00	4.060745e+01	1.048870e-02	14988853.000000	0.000000e+00
3.084721e+00	4.054534e+01	1.045675e-02	15034471.000000	0.000000e+00
3.086717e+00	4.050208e+01	1.044026e-02	15049845.000000	0.000000e+00
3.088711e+00	4.047519e+01	1.042964e-02	15060481.000000	0.000000e+00
3.090705e+00	4.042342e+01	1.040901e-02	15081585.000000	0.000000e+00
3.092700e+00	4.035780e+01	1.038198e-02	15111055.000000	0.000000e+00
3.094695e+00	4.033653e+01	1.037205e-02	15124033.000000	0.000000e+00
3.096689e+00	4.028454e+01	1.035348e-02	15139257.000000	0.000000e+00
3.098684e+00	4.025394e+01	1.033702e-02	15164419.000000	0.000000e+00
3.100679e+00	4.019218e+01	1.031415e-02	15185061.000000	0.000000e+00
3.102674e+00	4.016210e+01	1.029746e-02	15211525.000000	0.000000e+00
3.104669e+00	4.013822e+01	1.028943e-02	15217155.000000	0.000000e+00
3.106663e+00	4.008773e+01	1.027018e-02	15235861.000000	0.000000e+00
3.108657e+00	4.004981e+01	1.025107e-02	15263797.000000	0.000000e+00
3.110652e+00	3.999755e+01	1.023330e-02	15276897.000000	0.000000e+00
3.112647e+00	3.995876e+01	1.021430e-02	15304051.000000	0.000000e+00
3.114641e+00	3.992683e+01	1.020177e-02	15317157.000000	0.000000e+00
3.116636e+00	3.987279e+01	1.017866e-02	15345181.000000	0.000000e+00
3.118631e+00	3.983768e+01	1.016666e-02	15354351.000000	0.000000e+00
3.120626e+00	3.978788e+01	1.014274e-02	15388321.000000	0.000000e+00
3.122620e+00	3.974440e+01	1.013199e-02	15387301.000000	0.000000e+00
3.124615e+00	3.970287e+01	1.011055e-02	15420345.000000	0.000000e+00
3.126609e+00	3.967570e+01	1.009900e-02	15434515.000000	0.000000e+00
3.128604e+00	3.961652e+01	1.007619e-02	15458241.000000	0.000000e+00
3.130598e+00	3.959682e+01	1.006564e-02	15475249.000000	0.000000e+00
3.132593e+00	3.953461e+01	1.004238e-02	15498223.000000	0.000000e+00
3.134588e+00	3.949663e+01	1.002663e-02	15517077.000000	0.000000e+00
3.136583e+00	3.948022e+01	1.001386e-02	15543769.000000	0.000000e+00
3.138577e+00	3.942281e+01	9.999632e-03	15542727.000000	0.000000e+00
3.140571e+00	3.938902e+01	9.977742e-03	15584245.000000	0.000000e+00
3.142566e+00	3.932576e+01	9.959645e-03	15590733.000000	0.000000e+00
3.144561e+00	3.930312e+01	9.944850e-03	15619153.000000	0.000000e+00
3.146555e+00	3.924675e+01	9.925736e-03	15634423.000000	0.000000e+00
3.148550e+00	3.922898e+01	9.914851e-03	15654585.000000	0.000000e+00
3.150545e+00	3.917641e+01	9.892560e-03	15683101.000000	0.000000e+00
3.152540e+00	3.914802e+01	9.881890e-03	15694215.000000	0.000000e+00
3.154535e+00	3.909941e+01	9.864025e-03	15712021.000000	0.000000e+00
3.156529e+00	3.905435e+01	9.844247e-03	15738885.000000	0.000000e+00
3.158524e+00	3.901832e+01	9.830742e-03	15753049.000000	0.000000e+00
3.160519e+00	3.897282e+01	9.812782e-03	15773911.000000	0.000000e+00
3.162513e+00	3.896163e+01	9.805921e-03	15786921.000000	0.000000e+00
3.164508e+00	3.889231e+01	9.774271e-03	15832837.000000	0.000000e+00
3.166504e+00	3.886055e+01	9.768114e-03	15826923.000000	0.000000e+00
3.168497e+00	3.881965e+01	9.751768e-03	15846613.000000	0.000000e+00
3.170491e+00	3.877420e+01	9.732440e-03	15872385.000000	0.000000e+00
3.172486e+00	3.872162e+01	9.711355e-03	15898183.000000	0.000000e+00
3.174481e+00	3.869339e+01	9.700196e-03	15911557.000000	0.000000e+00
3.176475e+00	3.863534e+01	9.678420e-03	15935313.000000	0.000000e+00
3.178470e+00	3.861246e+01	9.666126e-03	15956953.000000	0.000000e+00
3.180465e+00	3.858116e+01	9.651926e-03	15978003.000000	0.000000e+00
3.182460e+00	3.853883e+01	9.638621e-03	15987013.000000	0.000000e+00
3.184455e+00	3.849540e+01	9.616678e-03	16023877.000000	0.000000e+00
3.186450e+00	3.845236e+01	9.602998e-03	16033647.000000	0.000000e+00
3.188445e+00	3.839477e+01	9.582111e-03	16055425.000000	0.000000e+00
3.190439e+00	3.839935e+01	9.577870e-03	16073481.000000	0.000000e+00
3.192434e+00	3.832914e+01	9.554045e-03	16094725.000000	0.000000e+00
3.194428e+00	3.829352e+01	9.541463e-03	16107219.000000	0.000000e+00
3.196422e+00	3.825821e+01	9.523409e-03	16138549.000000	0.000000e+00
3.198417e+00	3.820976e+01	9.507008e-03	16153285.000000	0.000000e+00
3.200411e+00	3.817107e+01	9.492736e-03	16169103.000000	0.000000e+00
3.202406e+00	3.814936e+01	9.477912e-03	16201273.000000	0.000000e+00
3.204401e+00	3.811241e+01	9.463674e-03	16218597.000000	0.000000e+00
3.206395e+00	3.805380e+01	9.446146e-03	16228813.000000	0.000000e+00
3.208390e+00	3.801974e+01	9.426412e-03	16267671.000000	0.000000e+00
3.210386e+00	3.798175e+01	9.414627e-03	16275853.000000	0.000000e+00
3.212380e+00	3.794579e+01	9.402071e-03	16288465.000000	0.000000e+00
3.214374e+00	3.789309e+01	9.381326e-03	16315167.000000	0.000000e+00
3.216368e+00	3.783866e+01	9.362307e-03	16334497.000000	0.000000e+00
3.218363e+00	3.782168e+01	9.350823e-03	16359945.000000	0.000000e+00
3.220358e+00	3.776677e+01	9.332101e-03	16378003.000000	0.000000e+00
3.222353e+00	3.774667e+01	9.321820e-03	16396677.000000	0.000000e+00
3.224347e+00	3.769899e+01	9.302165e-03	16424473.000000	0.000000e+00
3.226342e+00	3.766810e+01	9.294604e-03	16424257.000000	0.000000e+00
3.228336e+00	3.764218e+01	9.277745e-03	16461315.000000	0.000000e+00
3.230331e+00	3.760373e+01	9.262830e-03	16480657.000000	0.000000e+00
3.232326e+00	3.753791e+01	9.240231e-03	16503441.000000	0.000000e+00
3.234320e+00	3.751621e+01	9.231280e-03	16516351.000000	0.000000e+00
3.236316e+00	3.747838e+01	9.210589e-03	16557193.000000	0.000000e+00
3.238311e+00	3.745520e+01	9.206756e-03	16550493.000000	0.000000e+00
3.240305e+00	3.740287e+01	9.186602e-03	16576777.000000	0.000000e+00
3.242299e+00	3.736918e+01	9.170820e-03	16603923.000000	0.000000e+00
3.244294e+00	3.731826e+01	9.153994e-03	16619641.000000	0.000000e+00
3.246288e+00	3.729170e+01	9.143086e-03	16635609.000000	0.000000e+00
3.248283e+00	3.725443e+01	9.122149e-03	16678675.000000	0.000000e+00
3.250279e+00	3.722452e+01	9.113909e-03	16682029.000000	0.000000e+00
3.252272e+00	3.716826e+01	9.097449e-03	16691877.000000	0.000000e+00
3.254267e+00	3.713712e+01	9.078092e-03	16735063.000000	0.000000e+00
3.256262e+00	3.709611e+01	9.067058e-03	16738785.000000	0.000000e+00
3.258256e+00	3.707760e+01	9.056647e-03	16760557.000000	0.000000e+00
3.260250e+00	3.701919e+01	9.036432e-03	16782621.000000	0.000000e+00
3.262245e+00	3.698205e+01	9.018818e-03	16814455.000000	0.000000e+00
3.264240e+00	3.693859e+01	9.004166e-03	16829593.000000	0.000000e+00
3.266235e+00	3.691459e+01	8.994729e-03	16843017.000000	0.000000e+00
3.268230e+00	3.686297e+01	8.974116e-03	16873195.000000	0.000000e+00
3.270224e+00	3.685739e+01	8.971435e-03	16878165.000000	0.000000e+00
3.272218e+00	3.678648e+01	8.946124e-03	16908565.000000	0.000000e+00
3.274213e+00	3.676070e+01	8.935019e-03	16926865.000000	0.000000e+00
3.276208e+00	3.670349e+01	8.910982e-03	16965375.000000	0.000000e+00
3.278203e+00	3.669626e+01	8.909432e-03	16964593.000000	0.000000e+00
3.280197e+00	3.666125e+01	8.894177e-03	16990377.000000	0.000000e+00
3.282192e+00	3.661413e+01	8.875665e-03	17017495.000000	0.000000e+00
3.284187e+00	3.656626e+01	8.858088e-03	17040453.000000	0.000000e+00
3.286181e+00	3.654545e+01	8.855076e-03	17032645.000000	0.000000e+00
3.288175e+00	3.648831e+01	8.828051e-03	17083537.000000	0.000000e+00
3.290170e+00	3.648184e+01	8.824180e-03	17092467.000000	0.000000e+00
3.292165e+00	3.643151e+01	8.803263e-03	17126437.000000	0.000000e+00
3.294160e+00	3.639384e+01	8.792794e-03	17131761.000000	0.000000e+00
3.296154e+00	3.636569e+01	8.782432e-03	17145655.000000	0.000000e+00
3.298149e+00	3.631840e+01	8.758072e-03	17196357.000000	0.000000e+00
3.300144e+00	3.629667e+01	8.754052e-03	17191561.000000	0.000000e+00
3.302138e+00	3.624908e+01	8.735612e-03	17218975.000000	0.000000e+00
3.304132e+00	3.621476e+01	8.726548e-03	17222109.000000	0.000000e+00
3.306126e+00	3.617993e+01	8.703790e-03	17279005.000000	0.000000e+00
3.308122e+00	3.613385e+01	8.692850e-03	17278425.000000	0.000000e+00
3.310117e+00	3.610255e+01	8.678063e-03	17307331.000000	0.000000e+00
3.312111e+00	3.607217e+01	8.667151e-03	17321757.000000	0.000000e+00
3.314106e+00	3.602302e+01	8.648527e-03	17349061.000000	0.000000e+00
3.316101e+00	3.601164e+01	8.641057e-03	17368087.000000	0.000000e+00
3.318096e+00	3.594146e+01	8.619549e-03	17386905.000000	0.000000e+00
3.320090e+00	3.593516e+01	8.615008e-03	17399137.000000	0.000000e+00
3.322085e+00	3.587913e+01	8.590612e-03	17443581.000000	0.000000e+00
3.324080e+00	3.584645e+01	8.585916e-03	17430871.000000	0.000000e+00
3.326074e+00	3.581780e+01	8.566497e-03	17482009.000000	0.000000e+00
3.328069e+00	3.577454e+01	8.554155e-03	17490165.000000	0.000000e+00
3.330064e+00	3.574737e+01	8.539837e-03	17522215.000000	0.000000e+00
3.332059e+00	3.568735e+01	8.526689e-03	17517321.000000	0.000000e+00
3.334052e+00	3.568041e+01	8.517196e-03	17549569.000000	0.000000e+00
3.336047e+00	3.563394e+01	8.498832e-03	17579607.000000	0.000000e+00
3.338042e+00	3.559682e+01	8.484442e-03	17602561.000000	0.000000e+00
3.340037e+00	3.554956e+01	8.469181e-03	17619181.000000	0.000000e+00
3.342032e+00	3.551352e+01	8.455805e-03	17639145.000000	0.000000e+00
3.344026e+00	3.548309e+01	8.445205e-03	17653159.000000	0.000000e+00
3.346021e+00	3.545336e+01	8.430454e-03	17685321.000000	0.000000e+00
3.348016e+00	3.541742e+01	8.418095e-03	17701345.000000	0.000000e+00
3.350010e+00	3.537919e+01	8.403255e-03	17725587.000000	0.000000e+00
3.352005e+00	3.534622e+01	8.393440e-03	17733973.000000	0.000000e+00
3.353999e+00	3.530424e+01	8.374709e-03	17771101.000000	0.000000e+00
3.355994e+00	3.527625e+01	8.365422e-03	17782353.000000	0.000000e+00
3.357989e+00	3.523947e+01	8.348718e-03	17816371.000000	0.000000e+00
3.359984e+00	3.520084e+01	8.338185e-03	17822265.000000	0.000000e+00
3.361978e+00	3.516765e+01	8.322440e-03	17856049.000000	0.000000e+00
3.363973e+00	3.512982e+01	8.313196e-03	17857299.000000	0.000000e+00
3.365967e+00	3.510046e+01	8.294681e-03	17907145.000000	0.000000e+00
3.367962e+00	3.506650e+01	8.287693e-03	17902657.000000	0.000000e+00
3.369956e+00	3.502362e+01	8.271101e-03	17930625.000000	0.000000e+00
3.371951e+00	3.500864e+01	8.260115e-03	17962975.000000	0.000000e+00
3.373946e+00	3.496368e+01	8.244736e-03	17983773.000000	0.000000e+00
3.375941e+00	3.491103e+01	8.230936e-03	17989825.000000	0.000000e+00
3.377935e+00	3.490295e+01	8.220964e-03	18025147.000000	0.000000e+00
3.379930e+00	3.485857e+01	8.208338e-03	18034689.000000	0.000000e+00
3.381925e+00	3.481368e+01	8.190906e-03	18064921.000000	0.000000e+00
3.383919e+00	3.478634e+01	8.180048e-03	18084471.000000	0.000000e+00
3.385914e+00	3.475511e+01	8.167958e-03	18105493.000000	0.000000e+00
3.387908e+00	3.470955e+01	8.153951e-03	18120153.000000	0.000000e+00
3.389903e+00	3.468546e+01	8.141733e-03	18149353.000000	0.000000e+00
3.391898e+00	3.465271e+01	8.128383e-03	18174655.000000	0.000000e+00
3.393893e+00	3.462176e+01	8.118684e-03	18185577.000000	0.000000e+00
3.395886e+00	3.458110e+01	8.106445e-03	18197713.000000	0.000000e+00
3.397881e+00	3.453944e+01	8.085435e-03	18248355.000000	0.000000e+00
3.399877e+00	3.451005e+01	8.075963e-03	18260077.000000	0.000000e+00
3.401871e+00	3.446916e+01	8.065366e-03	18264729.000000	0.000000e+00
3.403865e+00	3.445818e+01	8.055689e-03	18296977.000000	0.000000e+00
3.405860e+00	3.442041e+01	8.041861e-03	18319723.000000	0.000000e+00
3.407855e+00	3.435937e+01	8.021978e-03	18345417.000000	0.000000e+00
3.409850e+00	3.434351e+01	8.014506e-03	18362665.000000	0.000000e+00
3.411845e+00	3.431869e+01	8.003663e-03	18385851.000000	0.000000e+00
3.413840e+00	3.428491e+01	7.992096e-03	18402829.000000	0.000000e+00
3.415834e+00	3.425637e+01	7.980805e-03	18424233.000000	0.000000e+00
3.417828e+00	3.421985e+01	7.969305e-03	18438067.000000	0.000000e+00
3.419823e+00	3.417814e+01	7.952021e-03	18473185.000000	0.000000e+00
3.421817e+00	3.415445e+01	7.943953e-03	18485073.000000	0.000000e+00
3.423812e+00	3.411125e+01	7.927845e-03	18513349.000000	0.000000e+00
3.425807e+00	3.407362e+01	7.913297e-03	18540507.000000	0.000000e+00
3.427801e+00	3.403746e+01	7.903352e-03	18547765.000000	0.000000e+00
3.429796e+00	3.401762e+01	7.889944e-03	18589177.000000	0.000000e+00
3.431791e+00	3.397258e+01	7.879399e-03	18589635.000000	0.000000e+00
3.433785e+00	3.395980e+01	7.871162e-03	18614557.000000	0.000000e+00
3.435780e+00	3.391182e+01	7.851758e-03	18653841.000000	0.000000e+00
3.437775e+00	3.388653e+01	7.844686e-03	18659629.000000	0.000000e+00
3.439770e+00	3.384856e+01	7.828420e-03	18695283.000000	0.000000e+00
3.441765e+00	3.382354e+01	7.822050e-03	18698077.000000	0.000000e+00
3.443759e+00	3.377347e+01	7.804018e-03	18729013.000000	0.000000e+00
3.445753e+00	3.374237e+01	7.794388e-03	18740763.000000	0.000000e+00
3.447748e+00	3.371528e+01	7.780055e-03	18779677.000000	0.000000e+00
3.449743e+00	3.368160e+01	7.767642e-03	18802125.000000	0.000000e+00
3.451737e+00	3.364634e+01	7.759678e-03	18801319.000000	0.000000e+00
3.453732e+00	3.360590e+01	7.741434e-03	18844653.000000	0.000000e+00
3.455727e+00	3.358300e+01	7.733839e-03	18855961.000000	0.000000e+00
3.457721e+00	3.355469e+01	7.722955e-03	18877285.000000	0.000000e+00
3.459715e+00	3.351235e+01	7.708168e-03	18901983.000000	0.000000e+00
3.461711e+00	3.346459e+01	7.690449e-03	18935101.000000	0.000000e+00
3.463705e+00	3.344670e+01	7.686108e-03	18936237.000000	0.000000e+00
3.465699e+00	3.340268e+01	7.669350e-03	18969043.000000	0.000000e+00
3.467694e+00	3.337388e+01	7.659020e-03	18987469.000000	0.000000e+00
3.469689e+00	3.335211e+01	7.648521e-03	19014801.000000	0.000000e+00
3.471683e+00	3.333167e+01	7.640112e-03	19033333.000000	0.000000e+00
3.473677e+00	3.329488e+01	7.629627e-03	19043571.000000	0.000000e+00
3.475672e+00	3.324995e+01	7.609936e-03	19090621.000000	0.000000e+00
3.477668e+00	3.322489e+01	7.602503e-03	19099149.000000	0.000000e+00
3.479662e+00	3.319699e+01	7.592183e-03	19118947.000000	0.000000e+00
3.481657e+00	3.315316e+01	7.577368e-03	19143133.000000	0.000000e+00
3.483651e+00	3.311749e+01	7.564245e-03	19168305.000000	0.000000e+00
3.485646e+00	3.309663e+01	7.555237e-03	19189837.000000	0.000000e+00
3.487641e+00	3.304136e+01	7.540311e-03	19201599.000000	0.000000e+00
3.489635e+00	3.303199e+01	7.532548e-03	19230277.000000	0.000000e+00
3.491630e+00	3.299840e+01	7.519279e-03	19258989.000000	0.000000e+00
3.493625e+00	3.298381e+01	7.511295e-03	19282879.000000	0.000000e+00
3.495619e+00	3.294754e+01	7.504163e-03	19277089.000000	0.000000e+00
3.497614e+00	3.289684e+01	7.482613e-03	19328661.000000	0.000000e+00
3.499609e+00	3.286580e+01	7.472452e-03	19344703.000000	0.000000e+00
3.501604e+00	3.282635e+01	7.460713e-03	19359069.000000	0.000000e+00
3.503598e+00	3.279134e+01	7.448638e-03	19380481.000000	0.000000e+00
3.505592e+00	3.277744e+01	7.440099e-03	19408533.000000	0.000000e+00
3.507587e+00	3.273661e+01	7.425393e-03	19436971.000000	0.000000e+00
3.509582e+00	3.271136e+01	7.418294e-03	19444153.000000	0.000000e+00
3.511577e+00	3.267384e+01	7.403110e-03	19479237.000000	0.000000e+00
3.513572e+00	3.265949e+01	7.396538e-03	19496731.000000	0.000000e+00
3.515566e+00	3.261752e+01	7.384677e-03	19509177.000000	0.000000e+00
3.517561e+00	3.257574e+01	7.367390e-03	19550653.000000	0.000000e+00
3.519555e+00	3.255266e+01	7.362108e-03	19550989.000000	0.000000e+00
3.521551e+00	3.252404e+01	7.345179e-03	19606683.000000	0.000000e+00
3.523545e+00	3.248850e+01	7.341749e-03	19582141.000000	0.000000e+00
3.525538e+00	3.246069e+01	7.327209e-03	19626297.000000	0.000000e+00
3.527533e+00	3.242884e+01	7.315299e-03	19651639.000000	0.000000e+00
3.529529e+00	3.239347e+01	7.299775e-03	19692285.000000	0.000000e+00
3.531524e+00	3.236646e+01	7.295149e-03	19684393.000000	0.000000e+00
3.533518e+00	3.233415e+01	7.281650e-03	19718023.000000	0.000000e+00
3.535513e+00	3.229573e+01	7.268797e-03	19740813.000000	0.000000e+00
3.537507e+00	3.226299e+01	7.257820e-03	19760449.000000	0.000000e+00
3.539501e+00	3.223501e+01	7.250932e-03	19763685.000000	0.000000e+00
3.541495e+00	3.220063e+01	7.232505e-03	19822171.000000	0.000000e+00
3.543491e+00	3.217786e+01	7.226105e-03	19829229.000000	0.000000e+00
3.545486e+00	3.214224e+01	7.212435e-03	19860421.000000	0.000000e+00
3.547481e+00	3.210976e+01	7.203181e-03	19871263.000000	0.000000e+00
3.549475e+00	3.208942e+01	7.194412e-03	19894497.000000	0.000000e+00
3.551470e+00	3.205415e+01	7.182518e-03	19916593.000000	0.000000e+00
3.553464e+00	3.203263e+01	7.173114e-03	19942041.000000	0.000000e+00
3.555459e+00	3.199530e+01	7.159889e-03	19969159.000000	0.000000e+00
3.557454e+00	3.196775e+01	7.152710e-03	19974825.000000	0.000000e+00
3.559448e+00	3.191295e+01	7.134563e-03	20007793.000000	0.000000e+00
3.561443e+00	3.190503e+01	7.126388e-03	20043763.000000	0.000000e+00
3.563438e+00	3.186942e+01	7.119190e-03	20039517.000000	0.000000e+00
3.565431e+00	3.183047e+01	7.105140e-03	20069689.000000	0.000000e+00
3.567426e+00	3.181296e+01	7.093942e-03	20110965.000000	0.000000e+00
3.569422e+00	3.177796e+01	7.083275e-03	20127223.000000	0.000000e+00
3.571417e+00	3.174349e+01	7.074501e-03	20133421.000000	0.000000e+00
3.573410e+00	3.170423e+01	7.062745e-03	20150565.000000	0.000000e+00
3.575404e+00	3.168705e+01	7.051469e-03	20193163.000000	0.000000e+00
3.577400e+00	3.165428e+01	7.039102e-03	20222289.000000	0.000000e+00
3.579395e+00	3.161633e+01	7.029104e-03	20231257.000000	0.000000e+00
3.581389e+00	3.158964e+01	7.020873e-03	20244507.000000	0.000000e+00
3.583384e+00	3.155794e+01	7.006302e-03	20288017.000000	0.000000e+00
3.585379e+00	3.153267e+01	6.997703e-03	20305357.000000	0.000000e+00
3.587373e+00	3.151245e+01	6.992015e-03	20312325.000000	0.000000e+00
3.589367e+00	3.147183e+01	6.977726e-03	20343055.000000	0.000000e+00
3.591361e+00	3.143892e+01	6.967191e-03	20361969.000000	0.000000e+00
3.593356e+00	3.141783e+01	6.955349e-03	20403961.000000	0.000000e+00
3.595352e+00	3.137741e+01	6.943934e-03	20418459.000000	0.000000e+00
3.597346e+00	3.134471e+01	6.935381e-03	20426221.000000	0.000000e+00
3.599341e+00	3.130916e+01	6.920664e-03	20466673.000000	0.000000e+00
3.601336e+00	3.128276e+01	6.912921e-03	20477973.000000	0.000000e+00
3.603330e+00	3.125453e+01	6.903656e-03	20495935.000000	0.000000e+00
3.605324e+00	3.123052e+01	6.891289e-03	20537973.000000	0.000000e+00
3.607319e+00	3.120552e+01	6.884564e-03	20545177.000000	0.000000e+00
3.609314e+00	3.116317e+01	6.870123e-03	20575683.000000	0.000000e+00
3.611308e+00	3.114586e+01	6.864803e-03	20584693.000000	0.000000e+00
3.613303e+00	3.110745e+01	6.850484e-03	20619889.000000	0.000000e+00
3.615297e+00	3.107353e+01	6.839714e-03	20639787.000000	0.000000e+00
3.617292e+00	3.105697e+01	6.830307e-03	20674621.000000	0.000000e+00
3.619287e+00	3.102907e+01	6.822796e-03	20682969.000000	0.000000e+00
3.621282e+00	3.100397e+01	6.811649e-03	20717149.000000	0.000000e+00
3.623277e+00	3.095483e+01	6.800838e-03	20717251.000000	0.000000e+00
3.625271e+00	3.094165e+01	6.791485e-03	20756661.000000	0.000000e+00
3.627266e+00	3.090768e+01	6.779866e-03	20782165.000000	0.000000e+00
3.629261e+00	3.088051e+01	6.770131e-03	20805339.000000	0.000000e+00
3.631256e+00	3.086026e+01	6.762630e-03	20824177.000000	0.000000e+00
3.633250e+00	3.081743e+01	6.750284e-03	20842449.000000	0.000000e+00
3.635244e+00	3.079737e+01	6.742393e-03	20864077.000000	0.000000e+00
3.637239e+00	3.076819e+01	6.729301e-03	20905663.000000	0.000000e+00
3.639234e+00	3.072671e+01	6.720432e-03	20904405.000000	0.000000e+00
3.641229e+00	3.071004e+01	6.709804e-03	20947921.000000	0.000000e+00
3.643224e+00	3.067644e+01	6.700376e-03	20960979.000000	0.000000e+00
3.645218e+00	3.064665e+01	6.692542e-03	20969293.000000	0.000000e+00
3.647212e+00	3.061688e+01	6.678335e-03	21017721.000000	0.000000e+00
3.649207e+00	3.060511e+01	6.676158e-03	21015259.000000	0.000000e+00
3.651201e+00	3.054878e+01	6.657437e-03	21055897.000000	0.000000e+00
3.653196e+00	3.053166e+01	6.648202e-03	21090765.000000	0.000000e+00
3.655191e+00	3.050934e+01	6.643026e-03	21092773.000000	0.000000e+00
3.657186e+00	3.047603e+01	6.629825e-03	21130647.000000	0.000000e+00
3.659181e+00	3.043645e+01	6.620337e-03	21136237.000000	0.000000e+00
3.661175e+00	3.041400e+01	6.610577e-03	21167437.000000	0.000000e+00
3.663170e+00	3.038879e+01	6.600211e-03	21198795.000000	0.000000e+00
3.665165e+00	3.036094e+01	6.592209e-03	21211357.000000	0.000000e+00
3.667159e+00	3.034048e+01	6.584974e-03	21229353.000000	0.000000e+00
3.669154e+00	3.029794e+01	6.568953e-03	21273253.000000	0.000000e+00
3.671149e+00	3.027632e+01	6.563254e-03	21279807.000000	0.000000e+00
3.673144e+00	3.023085e+01	6.549016e-03	21308293.000000	0.000000e+00
3.675138e+00	3.022206e+01	6.546596e-03	21311653.000000	0.000000e+00
3.677132e+00	3.018262e+01	6.529123e-03	21369987.000000	0.000000e+00
3.679127e+00	3.014187e+01	6.520450e-03	21369049.000000	0.000000e+00
3.681122e+00	3.013575e+01	6.513634e-03	21405105.000000	0.000000e+00
3.683116e+00	3.010905e+01	6.507355e-03	21408445.000000	0.000000e+00
3.685111e+00	3.005593e+01	6.487328e-03	21464883.000000	0.000000e+00
3.687106e+00	3.004257e+01	6.486003e-03	21454573.000000	0.000000e+00
3.689099e+00	3.001277e+01	6.475544e-03	21481249.000000	0.000000e+00
3.691094e+00	2.997961e+01	6.459905e-03	21537723.000000	0.000000e+00
3.693090e+00	2.995364e+01	6.455126e-03	21532273.000000	0.000000e+00
3.695084e+00	2.993558e+01	6.446397e-03	21564597.000000	0.000000e+00
3.697079e+00	2.991217e+01	6.439193e-03	21579079.000000	0.000000e+00
3.699073e+00	2.987854e+01	6.427250e-03	21610677.000000	0.000000e+00
3.701068e+00	2.985190e+01	6.419273e-03	21625801.000000	0.000000e+00
3.703063e+00	2.982371e+01	6.407180e-03	21666541.000000	0.000000e+00
3.705057e+00	2.979531e+01	6.401064e-03	21666627.000000	0.000000e+00
3.707052e+00	2.976959e+01	6.388907e-03	21711637.000000	0.000000e+00
3.709047e+00	2.972738e+01	6.377926e-03	21724725.000000	0.000000e+00
3.711042e+00	2.970851e+01	6.370457e-03	21748063.000000	0.000000e+00
3.713036e+00	2.968896e+01	6.363151e-03	21769357.000000	0.000000e+00
3.715031e+00	2.964850e+01	6.350515e-03	21796545.000000	0.000000e+00
3.717025e+00	2.962982e+01	6.344477e-03	21810541.000000	0.000000e+00
3.719020e+00	2.960308e+01	6.331909e-03	21857703.000000	0.000000e+00
3.721015e+00	2.957484e+01	6.325517e-03	21860125.000000	0.000000e+00
3.723010e+00	2.955081e+01	6.316286e-03	21888465.000000	0.000000e+00
3.725004e+00	2.950479e+01	6.304244e-03	21903775.000000	0.000000e+00
3.726998e+00	2.948514e+01	6.295505e-03	21935389.000000	0.000000e+00
3.728992e+00	2.945811e+01	6.286641e-03	21956973.000000	0.000000e+00
3.730987e+00	2.943760e+01	6.277662e-03	21989167.000000	0.000000e+00
3.732983e+00	2.941656e+01	6.269799e-03	22012857.000000	0.000000e+00
3.734977e+00	2.936861e+01	6.257070e-03	22030525.000000	0.000000e+00
3.736972e+00	2.935603e+01	6.252879e-03	22041165.000000	0.000000e+00
3.738966e+00	2.932465e+01	6.238620e-03	22094719.000000	0.000000e+00
3.740961e+00	2.929648e+01	6.233761e-03	22086685.000000	0.000000e+00
3.742956e+00	2.927623e+01	6.223482e-03	22129077.000000	0.000000e+00
3.744950e+00	2.923384e+01	6.212426e-03	22143655.000000	0.000000e+00
3.746945e+00	2.921515e+01	6.204102e-03	22174737.000000	0.000000e+00
3.748939e+00	2.918565e+01	6.195877e-03	22188769.000000	0.000000e+00
3.750934e+00	2.915149e+01	6.184298e-03	22219833.000000	0.000000e+00
3.752929e+00	2.913165e+01	6.176084e-03	22248655.000000	0.000000e+00
3.754924e+00	2.910685e+01	6.167791e-03	22270549.000000	0.000000e+00
3.756919e+00	2.908747e+01	6.161696e-03	22284933.000000	0.000000e+00
3.758913e+00	2.906205e+01	6.153104e-03	22308175.000000	0.000000e+00
3.760907e+00	2.902375e+01	6.141995e-03	22329969.000000	0.000000e+00
3.762902e+00	2.899396e+01	6.129636e-03	22374097.000000	0.000000e+00
3.764897e+00	2.897084e+01	6.124703e-03	22374433.000000	0.000000e+00
3.766891e+00	2.893092e+01	6.110582e-03	22416063.000000	0.000000e+00
3.768886e+00	2.891651e+01	6.105209e-03	22433173.000000	0.000000e+00
3.770881e+00	2.889373e+01	6.097736e-03	22452765.000000	0.000000e+00
3.772875e+00	2.887547e+01	6.090030e-03	22481191.000000	0.000000e+00
3.774870e+00	2.883160e+01	6.078431e-03	22498545.000000	0.000000e+00
3.776865e+00	2.880172e+01	6.066941e-03	22537057.000000	0.000000e+00
3.778860e+00	2.878284e+01	6.062464e-03	22540783.000000	0.000000e+00
3.780854e+00	2.875882e+01	6.052501e-03	22577325.000000	0.000000e+00
3.782848e+00	2.873474e+01	6.044998e-03	22595521.000000	0.000000e+00
3.784843e+00	2.870989e+01	6.036540e-03	22619709.000000	0.000000e+00
3.786838e+00	2.866685e+01	6.023157e-03	22652263.000000	0.000000e+00
3.788833e+00	2.866001e+01	6.018787e-03	22674345.000000	0.000000e+00
3.790827e+00	2.862670e+01	6.010021e-03	22687717.000000	0.000000e+00
3.792822e+00	2.859678e+01	5.999201e-03	22722043.000000	0.000000e+00
3.794817e+00	2.857277e+01	5.991590e-03	22741581.000000	0.000000e+00
3.796811e+00	2.854424e+01	5.983695e-03	22756117.000000	0.000000e+00
3.798806e+00	2.853202e+01	5.976335e-03	22792665.000000	0.000000e+00
3.800801e+00	2.849555e+01	5.965096e-03	22820191.000000	0.000000e+00
3.802795e+00	2.846598e+01	5.957406e-03	22831677.000000	0.000000e+00
3.804790e+00	2.844249e+01	5.947406e-03	22870729.000000	0.000000e+00
3.806785e+00	2.840937e+01	5.939853e-03	22875571.000000	0.000000e+00
3.808779e+00	2.839868e+01	5.933279e-03	22909041.000000	0.000000e+00
3.810773e+00	2.836466e+01	5.924105e-03	22925017.000000	0.000000e+00
3.812767e+00	2.834237e+01	5.915453e-03	22956015.000000	0.000000e+00
3.814763e+00	2.831191e+01	5.902733e-03	23005513.000000	0.000000e+00
3.816759e+00	2.829363e+01	5.899582e-03	23000377.000000	0.000000e+00
3.818753e+00	2.826534e+01	5.890175e-03	23027781.000000	0.000000e+00
3.820747e+00	2.823801e+01	5.881899e-03	23047987.000000	0.000000e+00
3.822742e+00	2.820714e+01	5.871784e-03	23076933.000000	0.000000e+00
3.824736e+00	2.818137e+01	5.863045e-03	23103493.000000	0.000000e+00
3.826731e+00	2.816141e+01	5.855946e-03	23126751.000000	0.000000e+00
3.828726e+00	2.812326e+01	5.844602e-03	23153761.000000	0.000000e+00
3.830721e+00	2.810105e+01	5.838454e-03	23165905.000000	0.000000e+00
3.832715e+00	2.807613e+01	5.828925e-03	23200521.000000	0.000000e+00
3.834709e+00	2.805596e+01	5.822979e-03	23214523.000000	0.000000e+00
3.836704e+00	2.802301e+01	5.812176e-03	23246205.000000	0.000000e+00
3.838699e+00	2.800255e+01	5.802545e-03	23289385.000000	0.000000e+00
3.840694e+00	2.797383e+01	5.797237e-03	23284227.000000	0.000000e+00
3.842689e+00	2.794630e+01	5.786615e-03	23323801.000000	0.000000e+00
3.844683e+00	2.792904e+01	5.782681e-03	23326717.000000	0.000000e+00
3.846677e+00	2.790492e+01	5.772788e-03	23366331.000000	0.000000e+00
3.848672e+00	2.787745e+01	5.763001e-03	23399605.000000	0.000000e+00
3.850666e+00	2.785670e+01	5.757217e-03	23411769.000000	0.000000e+00
3.852661e+00	2.782582e+01	5.745769e-03	23453077.000000	0.000000e+00
3.854656e+00	2.780255e+01	5.739871e-03	23461999.000000	0.000000e+00
3.856651e+00	2.777209e+01	5.730194e-03	23489757.000000	0.000000e+00
3.858646e+00	2.774970e+01	5.722346e-03	23516269.000000	0.000000e+00
3.860640e+00	2.772699e+01	5.715995e-03	23529987.000000	0.000000e+00
3.862635e+00	2.768743e+01	5.702645e-03	23572873.000000	0.000000e+00
3.864630e+00	2.768102e+01	5.700496e-03	23579733.000000	0.000000e+00
3.866624e+00	2.765296e+01	5.692025e-03	23602045.000000	0.000000e+00
3.868618e+00	2.761526e+01	5.681055e-03	23628715.000000	0.000000e+00
3.870612e+00	2.760075e+01	5.674855e-03	23655513.000000	0.000000e+00
3.872607e+00	2.756934e+01	5.663745e-03	23694385.000000	0.000000e+00
3.874602e+00	2.754654e+01	5.657706e-03	23705739.000000	0.000000e+00
3.876597e+00	2.751790e+01	5.649194e-03	23727805.000000	0.000000e+00
3.878591e+00	2.749306e+01	5.640295e-03	23759793.000000	0.000000e+00
3.880586e+00	2.746953e+01	5.632397e-03	23785693.000000	0.000000e+00
3.882581e+00	2.744807e+01	5.626926e-03	23794759.000000	0.000000e+00
3.884575e+00	2.742469e+01	5.617837e-03	23831157.000000	0.000000e+00
3.886570e+00	2.740326e+01	5.610068e-03	23859877.000000	0.000000e+00
3.888564e+00	2.738034e+01	5.604256e-03	23869407.000000	0.000000e+00
3.890559e+00	2.735183e+01	5.593250e-03	23913565.000000	0.000000e+00
3.892554e+00	2.732293e+01	5.586550e-03	23920329.000000	0.000000e+00
3.894548e+00	2.730493e+01	5.579177e-03	23952007.000000	0.000000e+00
3.896543e+00	2.728068e+01	5.569705e-03	23990869.000000	0.000000e+00
3.898539e+00	2.724770e+01	5.561279e-03	24005469.000000	0.000000e+00
3.900533e+00	2.721983e+01	5.553553e-03	24023101.000000	0.000000e+00
3.902527e+00	2.719432e+01	5.546806e-03	24036459.000000	0.000000e+00
3.904521e+00	2.716875e+01	5.536738e-03	24078613.000000	0.000000e+00
3.906516e+00	2.714957e+01	5.530920e-03	24095245.000000	0.000000e+00
3.908511e+00	2.713518e+01	5.524139e-03	24128823.000000	0.000000e+00
3.910506e+00	2.710726e+01	5.515886e-03	24151321.000000	0.000000e+00
3.912500e+00	2.708396e+01	5.508002e-03	24178881.000000	0.000000e+00
3.914495e+00	2.705271e+01	5.500337e-03	24190405.000000	0.000000e+00
3.916490e+00	2.702801e+01	5.489584e-03	24240927.000000	0.000000e+00
3.918485e+00	2.700852e+01	5.487076e-03	24228121.000000	0.000000e+00
3.920479e+00	2.697944e+01	5.475041e-03	24282373.000000	0.000000e+00
3.922474e+00	2.695585e+01	5.469053e-03	24293031.000000	0.000000e+00
3.924468e+00	2.693077e+01	5.460154e-03	24326965.000000	0.000000e+00
3.926463e+00	2.691206e+01	5.453940e-03	24348549.000000	0.000000e+00
3.928458e+00	2.688371e+01	5.446434e-03	24364303.000000	0.000000e+00
3.930452e+00	2.686656e+01	5.439043e-03	24399405.000000	0.000000e+00
3.932447e+00	2.684032e+01	5.430228e-03	24430885.000000	0.000000e+00
3.934442e+00	2.682064e+01	5.425369e-03	24438793.000000	0.000000e+00
3.936436e+00	2.679505e+01	5.417420e-03	24463803.000000	0.000000e+00
3.938431e+00	2.675373e+01	5.404999e-03	24500641.000000	0.000000e+00
3.940426e+00	2.673871e+01	5.399416e-03	24523773.000000	0.000000e+00
3.942420e+00	2.672010e+01	5.393944e-03	24539371.000000	0.000000e+00
3.944415e+00	2.669511e+01	5.383845e-03	24585465.000000	0.000000e+00
3.946410e+00	2.666694e+01	5.377624e-03	24590401.000000	0.000000e+00
3.948405e+00	2.664607e+01	5.370433e-03	24617713.000000	0.000000e+00
3.950399e+00	2.662137e+01	5.363053e-03	24639759.000000	0.000000e+00
3.952394e+00	2.659555e+01	5.353656e-03	24678409.000000	0.000000e+00
3.954389e+00	2.657350e+01	5.348677e-03	24683385.000000	0.000000e+00
3.956383e+00	2.655917e+01	5.341216e-03	24725695.000000	0.000000e+00
3.958378e+00	2.652768e+01	5.333356e-03	24739873.000000	0.000000e+00
3.960372e+00	2.650023e+01	5.324100e-03	24774609.000000	0.000000e+00
3.962367e+00	2.648238e+01	5.319752e-03	24781705.000000	0.000000e+00
3.964362e+00	2.645757e+01	5.309621e-03	24829767.000000	0.000000e+00
3.966356e+00	2.643500e+01	5.305585e-03	24825169.000000	0.000000e+00
3.968350e+00	2.641023e+01	5.295073e-03	24877149.000000	0.000000e+00
3.970345e+00	2.638519e+01	5.288676e-03	24890107.000000	0.000000e+00
3.972339e+00	2.635243e+01	5.279234e-03	24917209.000000	0.000000e+00
3.974335e+00	2.633204e+01	5.270077e-03	24965205.000000	0.000000e+00
3.976330e+00	2.631603e+01	5.267350e-03	24960679.000000	0.000000e+00
3.978324e+00	2.629633e+01	5.259722e-03	24995673.000000	0.000000e+00
3.980319e+00	2.626190e+01	5.250303e-03	25019785.000000	0.000000e+00
3.982314e+00	2.624358e+01	5.243762e-03	25047261.000000	0.000000e+00
3.984308e+00	2.623100e+01	5.239671e-03	25062331.000000	0.000000e+00
3.986303e+00	2.619406e+01	5.228740e-03	25096405.000000	0.000000e+00
3.988297e+00	2.617208e+01	5.222146e-03	25117617.000000	0.000000e+00
3.990292e+00	2.615414e+01	5.214663e-03	25155235.000000	0.000000e+00
3.992287e+00	2.611966e+01	5.207134e-03	25161549.000000	0.000000e+00
3.994282e+00	2.610229e+01	5.198589e-03	25210777.000000	0.000000e+00
3.996277e+00	2.608038e+01	5.194114e-03	25211857.000000	0.000000e+00
3.998271e+00	2.606482e+01	5.187605e-03	25245027.000000	0.000000e+00
4.000266e+00	2.602903e+01	5.178180e-03	25267477.000000	0.000000e+00
4.002260e+00	2.600910e+01	5.171643e-03	25292613.000000	0.000000e+00
4.004253e+00	2.599008e+01	5.168507e-03	25286287.000000	0.000000e+00
4.006248e+00	2.595923e+01	5.153678e-03	25371669.000000	0.000000e+00
4.008243e+00	2.593444e+01	5.148637e-03	25372837.000000	0.000000e+00
4.010238e+00	2.592274e+01	5.142838e-03	25407151.000000	0.000000e+00
4.012233e+00	2.589398e+01	5.137506e-03	25403469.000000	0.000000e+00
4.014227e+00	2.587126e+01	5.126454e-03	25468357.000000	0.000000e+00
4.016223e+00	2.585617e+01	5.123513e-03	25467885.000000	0.000000e+00
4.018217e+00	2.582926e+01	5.116139e-03	25488199.000000	0.000000e+00
4.020211e+00	2.580841e+01	5.107704e-03	25531185.000000	0.000000e+00
4.022206e+00	2.577894e+01	5.100095e-03	25548985.000000	0.000000e+00
4.024201e+00	2.576051e+01	5.093937e-03	25574179.000000	0.000000e+00
4.026196e+00	2.574049e+01	5.085925e-03	25614957.000000	0.000000e+00
4.028191e+00	2.571292e+01	5.080989e-03	25609801.000000	0.000000e+00
4.030185e+00	2.568568e+01	5.072159e-03	25644633.000000	0.000000e+00
4.032179e+00	2.566811e+01	5.066015e-03	25671715.000000	0.000000e+00
4.034174e+00	2.564989e+01	5.058134e-03	25715229.000000	0.000000e+00
4.036169e+00	2.562395e+01	5.053870e-03	25706569.000000	0.000000e+00
4.038163e+00	2.560912e+01	5.045798e-03	25759027.000000	0.000000e+00
4.040158e+00	2.558716e+01	5.039424e-03	25779969.000000	0.000000e+00
4.042153e+00	2.555424e+01	5.029818e-03	25811977.000000	0.000000e+00
4.044147e+00	2.552983e+01	5.024978e-03	25812345.000000	0.000000e+00
4.046141e+00	2.550969e+01	5.017069e-03	25852951.000000	0.000000e+00
4.048136e+00	2.548531e+01	5.008940e-03	25887373.000000	0.000000e+00
4.050131e+00	2.545989e+01	5.001850e-03	25909077.000000	0.000000e+00
4.052126e+00	2.545386e+01	5.000462e-03	25911163.000000	0.000000e+00
4.054120e+00	2.542688e+01	4.988979e-03	25975425.000000	0.000000e+00
4.056116e+00	2.539330e+01	4.982190e-03	25977517.000000	0.000000e+00
4.058110e+00	2.537209e+01	4.975102e-03	26008095.000000	0.000000e+00
4.060105e+00	2.535429e+01	4.969186e-03	26033497.000000	0.000000e+00
4.062100e+00	2.533166e+01	4.962049e-03	26061841.000000	0.000000e+00
4.064094e+00	2.530300e+01	4.954811e-03	26078937.000000	0.000000e+00
4.066089e+00	2.529866e+01	4.951619e-03	26103607.000000	0.000000e+00
4.068083e+00	2.526539e+01	4.942370e-03	26132529.000000	0.000000e+00
4.070078e+00	2.524101e+01	4.934670e-03	26163589.000000	0.000000e+00
4.072073e+00	2.521866e+01	4.927729e-03	26190903.000000	0.000000e+00
4.074068e+00	2.520482e+01	4.922639e-03	26216293.000000	0.000000e+00
4.076062e+00	2.517269e+01	4.914822e-03	26232745.000000	0.000000e+00
4.078057e+00	2.516167e+01	4.910096e-03	26260245.000000	0.000000e+00
4.080051e+00	2.512869e+01	4.900355e-03	26295691.000000	0.000000e+00
4.082046e+00	2.510644e+01	4.895411e-03	26302197.000000	0.000000e+00
4.084040e+00	2.508774e+01	4.888206e-03	26340493.000000	0.000000e+00
4.086035e+00	2.506791e+01	4.882174e-03	26363919.000000	0.000000e+00
4.088030e+00	2.504473e+01	4.874329e-03	26399941.000000	0.000000e+00
4.090024e+00	2.502978e+01	4.869778e-03	26417737.000000	0.000000e+00
4.092019e+00	2.500835e+01	4.863956e-03	26435703.000000	0.000000e+00
4.094014e+00	2.497938e+01	4.853424e-03	26489077.000000	0.000000e+00
4.096009e+00	2.496135e+01	4.849488e-03	26493801.000000	0.000000e+00
4.098004e+00	2.493777e+01	4.843675e-03	26507281.000000	0.000000e+00
4.099998e+00	2.492630e+01	4.838058e-03	26544427.000000	0.000000e+00
4.101992e+00	2.489775e+01	4.829275e-03	26580069.000000	0.000000e+00
4.103987e+00	2.487812e+01	4.825189e-03	26583157.000000	0.000000e+00
4.105981e+00	2.484856e+01	4.815573e-03	26626047.000000	0.000000e+00
4.107975e+00	2.483181e+01	4.811562e-03	26634493.000000	0.000000e+00
4.109970e+00	2.479561e+01	4.797924e-03	26708097.000000	0.000000e+00
4.111966e+00	2.478699e+01	4.798338e-03	26684929.000000	0.000000e+00
4.113960e+00	2.476476e+01	4.789390e-03	26736703.000000	0.000000e+00
4.115955e+00	2.473828e+01	4.783819e-03	26741733.000000	0.000000e+00
4.117949e+00	2.473243e+01	4.779048e-03	26782477.000000	0.000000e+00
4.119944e+00	2.469360e+01	4.768359e-03	26818275.000000	0.000000e+00
4.121939e+00	2.468064e+01	4.764956e-03	26828425.000000	0.000000e+00
4.123934e+00	2.465730e+01	4.758117e-03	26854737.000000	0.000000e+00
4.125928e+00	2.463759e+01	4.752411e-03	26876227.000000	0.000000e+00
4.127923e+00	2.462038e+01	4.745306e-03	26919133.000000	0.000000e+00
4.129917e+00	2.459742e+01	4.740248e-03	26926329.000000	0.000000e+00
4.131911e+00	2.456678e+01	4.732466e-03	26947681.000000	0.000000e+00
4.133907e+00	2.455609e+01	4.723797e-03	27023151.000000	0.000000e+00
4.135902e+00	2.453181e+01	4.722072e-03	26989441.000000	0.000000e+00
4.137896e+00	2.449916e+01	4.711177e-03	27042297.000000	0.000000e+00
4.139890e+00	2.448374e+01	4.705930e-03	27068539.000000	0.000000e+00
4.141885e+00	2.446272e+01	4.699704e-03	27093709.000000	0.000000e+00
4.143880e+00	2.443992e+01	4.693289e-03	27117213.000000	0.000000e+00
4.145874e+00	2.442049e+01	4.687869e-03	27136741.000000	0.000000e+00
4.147868e+00	2.440482e+01	4.682611e-03	27162831.000000	0.000000e+00
4.149863e+00	2.439316e+01	4.677544e-03	27195709.000000	0.000000e+00
4.151858e+00	2.436097e+01	4.667948e-03	27235609.000000	0.000000e+00
4.153853e+00	2.434409e+01	4.663623e-03	27248355.000000	0.000000e+00
4.155848e+00	2.431061e+01	4.655619e-03	27266965.000000	0.000000e+00
4.157843e+00	2.429251e+01	4.647549e-03	27321021.000000	0.000000e+00
4.159838e+00	2.427768e+01	4.645331e-03	27313741.000000	0.000000e+00
4.161832e+00	2.425353e+01	4.636809e-03	27359715.000000	0.000000e+00
4.163826e+00	2.423225e+01	4.632585e-03	27361537.000000	0.000000e+00
4.165821e+00	2.421107e+01	4.624218e-03	27412681.000000	0.000000e+00
4.167815e+00	2.419277e+01	4.619184e-03	27430935.000000	0.000000e+00
4.169810e+00	2.417035e+01	4.612840e-03	27455473.000000	0.000000e+00
4.171805e+00	2.415228e+01	4.606482e-03	27490173.000000	0.000000e+00
4.173799e+00	2.413533e+01	4.601983e-03	27505303.000000	0.000000e+00
4.175794e+00	2.411499e+01	4.595029e-03	27542133.000000	0.000000e+00
4.177789e+00	2.409119e+01	4.588688e-03	27563809.000000	0.000000e+00
4.179783e+00	2.406743e+01	4.582730e-03	27581053.000000	0.000000e+00
4.181777e+00	2.404714e+01	4.576510e-03	27609483.000000	0.000000e+00
4.183772e+00	2.402353e+01	4.568935e-03	27646717.000000	0.000000e+00
4.185767e+00	2.400388e+01	4.562255e-03	27682413.000000	0.000000e+00
4.187762e+00	2.397853e+01	4.556087e-03	27698803.000000	0.000000e+00
4.189757e+00	2.395883e+01	4.550801e-03	27717601.000000	0.000000e+00
4.191752e+00	2.395302e+01	4.546955e-03	27751041.000000	0.000000e+00
4.193746e+00	2.392314e+01	4.540701e-03	27758137.000000	0.000000e+00
4.195740e+00	2.389750e+01	4.531429e-03	27812163.000000	0.000000e+00
4.197735e+00	2.389185e+01	4.529804e-03	27818965.000000	0.000000e+00
4.199730e+00	2.386006e+01	4.519700e-03	27869145.000000	0.000000e+00
4.201725e+00	2.383211e+01	4.513685e-03	27878047.000000	0.000000e+00
4.203719e+00	2.382365e+01	4.510396e-03	27898897.000000	0.000000e+00
4.205714e+00	2.379350e+01	4.502120e-03	27930753.000000	0.000000e+00
4.207708e+00	2.378880e+01	4.499161e-03	27956443.000000	0.000000e+00
4.209703e+00	2.376004e+01	4.490878e-03	27991869.000000	0.000000e+00
4.211698e+00	2.374284e+01	4.485658e-03	28016437.000000	0.000000e+00
4.213693e+00	2.371218e+01	4.478399e-03	28034805.000000	0.000000e+00
4.215687e+00	2.369186e+01	4.472222e-03	28064131.000000	0.000000e+00
4.217682e+00	2.367853e+01	4.467005e-03	28098073.000000	0.000000e+00
4.219677e+00	2.366037e+01	4.462253e-03	28114785.000000	0.000000e+00
4.221671e+00	2.364313e+01	4.456586e-03	28145263.000000	0.000000e+00
4.223666e+00	2.361554e+01	4.449172e-03	28173285.000000	0.000000e+00
4.225660e+00	2.359849e+01	4.443886e-03	28199569.000000	0.000000e+00
4.227655e+00	2.359172e+01	4.441235e-03	28217061.000000	0.000000e+00
4.229649e+00	2.355626e+01	4.431604e-03	28254715.000000	0.000000e+00
4.231644e+00	2.353492e+01	4.426171e-03	28272817.000000	0.000000e+00
4.233639e+00	2.351853e+01	4.419407e-03	28319949.000000	0.000000e+00
4.235634e+00	2.349545e+01	4.413876e-03	28335259.000000	0.000000e+00
4.237629e+00	2.348089e+01	4.410101e-03	28348629.000000	0.000000e+00
4.239623e+00	2.345339e+01	4.402139e-03	28384657.000000	0.000000e+00
4.241617e+00	2.344501e+01	4.399257e-03	28401565.000000	0.000000e+00
4.243612e+00	2.342018e+01	4.390326e-03	28456851.000000	0.000000e+00
4.245607e+00	2.339599e+01	4.385511e-03	28460485.000000	0.000000e+00
4.247601e+00	2.337563e+01	4.379475e-03	28489353.000000	0.000000e+00
4.249596e+00	2.336742e+01	4.374935e-03	28528459.000000	0.000000e+00
4.251591e+00	2.333950e+01	4.369225e-03	28534761.000000	0.000000e+00
4.253586e+00	2.332602e+01	4.362812e-03	28585681.000000	0.000000e+00
4.255580e+00	2.329170e+01	4.356336e-03	28586419.000000	0.000000e+00
4.257575e+00	2.327513e+01	4.349487e-03	28635729.000000	0.000000e+00
4.259570e+00	2.325707e+01	4.344783e-03	28653253.000000	0.000000e+00
4.261565e+00	2.324375e+01	4.339699e-03	28687521.000000	0.000000e+00
4.263559e+00	2.321913e+01	4.334294e-03	28698235.000000	0.000000e+00
4.265554e+00	2.320472e+01	4.328968e-03	28733193.000000	0.000000e+00
4.267548e+00	2.318480e+01	4.323100e-03	28761793.000000	0.000000e+00
4.269543e+00	2.316715e+01	4.318676e-03	28776907.000000	0.000000e+00
4.271537e+00	2.313984e+01	4.311785e-03	28800933.000000	0.000000e+00
4.273532e+00	2.312415e+01	4.303832e-03	28868281.000000	0.000000e+00
4.275527e+00	2.310273e+01	4.301056e-03	28852017.000000	0.000000e+00
4.277521e+00	2.308126e+01	4.293911e-03	28894351.000000	0.000000e+00
4.279515e+00	2.306352e+01	4.288886e-03	28917597.000000	0.000000e+00
4.281510e+00	2.304274e+01	4.281458e-03	28965769.000000	0.000000e+00
4.283505e+00	2.303139e+01	4.279689e-03	28961143.000000	0.000000e+00
4.285500e+00	2.300908e+01	4.271710e-03	29013141.000000	0.000000e+00
4.287494e+00	2.299285e+01	4.267629e-03	29027665.000000	0.000000e+00
4.289489e+00	2.296900e+01	4.261839e-03	29046267.000000	0.000000e+00
4.291483e+00	2.293996e+01	4.253158e-03	29091253.000000	0.000000e+00
4.293478e+00	2.292081e+01	4.247454e-03	29120749.000000	0.000000e+00
4.295473e+00	2.291239e+01	4.245469e-03	29126589.000000	0.000000e+00
4.297468e+00	2.288784e+01	4.236693e-03	29184715.000000	0.000000e+00
4.299463e+00	2.287036e+01	4.233755e-03	29180613.000000	0.000000e+00
4.301457e+00	2.284977e+01	4.227369e-03	29216173.000000	0.000000e+00
4.303452e+00	2.283234e+01	4.221283e-03	29255811.000000	0.000000e+00
4.305447e+00	2.281734e+01	4.217942e-03	29263669.000000	0.000000e+00
4.307441e+00	2.279051e+01	4.210234e-03	29301901.000000	0.000000e+00
4.309436e+00	2.278177e+01	4.206974e-03	29324817.000000	0.000000e+00
4.311431e+00	2.275232e+01	4.198447e-03	29367991.000000	0.000000e+00
4.313425e+00	2.274002e+01	4.196693e-03	29360745.000000	0.000000e+00
4.315419e+00	2.271687e+01	4.188489e-03	29415889.000000	0.000000e+00
4.317414e+00	2.269148e+01	4.182070e-03	29440347.000000	0.000000e+00
4.319409e+00	2.267961e+01	4.178197e-03	29464129.000000	0.000000e+00
4.321403e+00	2.266074e+01	4.173064e-03	29487505.000000	0.000000e+00
4.323398e+00	2.263978e+01	4.166814e-03	29521347.000000	0.000000e+00
4.325392e+00	2.262959e+01	4.164143e-03	29532625.000000	0.000000e+00
4.327387e+00	2.260160e+01	4.155449e-03	29583021.000000	0.000000e+00
4.329382e+00	2.258688e+01	4.151677e-03	29598193.000000	0.000000e+00
4.331376e+00	2.256812e+01	4.146272e-03	29626155.000000	0.000000e+00
4.333371e+00	2.254488e+01	4.140307e-03	29650429.000000	0.000000e+00
4.335366e+00	2.252042e+01	4.131997e-03	29705233.000000	0.000000e+00
4.337361e+00	2.250562e+01	4.130275e-03	29690931.000000	0.000000e+00
4.339355e+00	2.248708e+01	4.123368e-03	29741425.000000	0.000000e+00
4.341350e+00	2.247012e+01	4.117798e-03	29776977.000000	0.000000e+00
4.343345e+00	2.246206e+01	4.116036e-03	29781097.000000	0.000000e+00
4.345339e+00	2.243299e+01	4.108764e-03	29809303.000000	0.000000e+00
4.347334e+00	2.241797e+01	4.103003e-03	29853057.000000	0.000000e+00
4.349329e+00	2.239681e+01	4.097345e-03	29879089.000000	0.000000e+00
4.351324e+00	2.237551e+01	4.091322e-03	29910135.000000	0.000000e+00
4.353319e+00	2.235951e+01	4.088315e-03	29911345.000000	0.000000e+00
4.355313e+00	2.233271e+01	4.079521e-03	29968461.000000	0.000000e+00
4.357308e+00	2.232052e+01	4.076990e-03	29972941.000000	0.000000e+00
4.359302e+00	2.230464e+01	4.072213e-03	30000571.000000	0.000000e+00
4.361296e+00	2.228578e+01	4.066405e-03	30035481.000000	0.000000e+00
4.363291e+00	2.226538e+01	4.060023e-03	30074845.000000	0.000000e+00
4.365286e+00	2.224548e+01	4.055403e-03	30089547.000000	0.000000e+00
4.367280e+00	2.222964e+01	4.050127e-03	30125041.000000	0.000000e+00
4.369275e+00	2.221178e+01	4.045152e-03	30150669.000000	0.000000e+00
4.371269e+00	2.219041e+01	4.040771e-03	30157987.000000	0.000000e+00
4.373264e+00	2.216791e+01	4.032802e-03	30215917.000000	0.000000e+00
4.375259e+00	2.215999e+01	4.031163e-03	30218865.000000	0.000000e+00
4.377253e+00	2.213374e+01	4.023350e-03	30264553.000000	0.000000e+00
4.379248e+00	2.211864e+01	4.019099e-03	30287211.000000	0.000000e+00
4.381243e+00	2.209890e+01	4.013728e-03	30314149.000000	0.000000e+00
4.383238e+00	2.208510e+01	4.009222e-03	30344413.000000	0.000000e+00
4.385232e+00	2.206322e+01	4.003688e-03	30368079.000000	0.000000e+00
4.387227e+00	2.204982e+01	3.998613e-03	30408229.000000	0.000000e+00
4.389222e+00	2.201848e+01	3.992566e-03	30413769.000000	0.000000e+00
4.391216e+00	2.201107e+01	3.989127e-03	30445753.000000	0.000000e+00
4.393210e+00	2.199100e+01	3.984232e-03	30464967.000000	0.000000e+00
4.395205e+00	2.197442e+01	3.977497e-03	30522133.000000	0.000000e+00
4.397200e+00	2.196182e+01	3.974691e-03	30530221.000000	0.000000e+00
4.399195e+00	2.193607e+01	3.967498e-03	30569211.000000	0.000000e+00
4.401189e+00	2.191850e+01	3.963590e-03	30580465.000000	0.000000e+00
4.403184e+00	2.189770e+01	3.957505e-03	30616389.000000	0.000000e+00
4.405178e+00	2.188184e+01	3.952552e-03	30648727.000000	0.000000e+00
4.407173e+00	2.186639e+01	3.948299e-03	30671433.000000	0.000000e+00
4.409168e+00	2.184129e+01	3.941494e-03	30706837.000000	0.000000e+00
4.411162e+00	2.182190e+01	3.936834e-03	30724921.000000	0.000000e+00
4.413157e+00	2.180137e+01	3.931439e-03	30751371.000000	0.000000e+00
4.415151e+00	2.178960e+01	3.927034e-03	30787141.000000	0.000000e+00
4.417146e+00	2.177037e+01	3.921213e-03	30824121.000000	0.000000e+00
4.419141e+00	2.176084e+01	3.919436e-03	30825067.000000	0.000000e+00
4.421136e+00	2.173471e+01	3.911277e-03	30879525.000000	0.000000e+00
4.423130e+00	2.171396e+01	3.906774e-03	30891685.000000	0.000000e+00
4.425125e+00	2.169928e+01	3.902724e-03	30913969.000000	0.000000e+00
4.427119e+00	2.168781e+01	3.897384e-03	30966003.000000	0.000000e+00
4.429114e+00	2.166657e+01	3.893984e-03	30959365.000000	0.000000e+00
4.431109e+00	2.164526e+01	3.885655e-03	31031097.000000	0.000000e+00
4.433104e+00	2.162472e+01	3.882104e-03	31028923.000000	0.000000e+00
4.435098e+00	2.161345e+01	3.877933e-03	31063297.000000	0.000000e+00
4.437093e+00	2.159883e+01	3.874142e-03	31082025.000000	0.000000e+00
4.439087e+00	2.157144e+01	3.866308e-03	31129009.000000	0.000000e+00
4.441082e+00	2.155686e+01	3.863399e-03	31133763.000000	0.000000e+00
4.443076e+00	2.154574e+01	3.858968e-03	31173133.000000	0.000000e+00
4.445071e+00	2.151975e+01	3.851898e-03	31212249.000000	0.000000e+00
4.447066e+00	2.150323e+01	3.846806e-03	31246891.000000	0.000000e+00
4.449061e+00	2.148820e+01	3.844624e-03	31238653.000000	0.000000e+00
4.451055e+00	2.146319e+01	3.836288e-03	31301565.000000	0.000000e+00
4.453050e+00	2.145362e+01	3.834972e-03	31295143.000000	0.000000e+00
4.455044e+00	2.143462e+01	3.827738e-03	31357917.000000	0.000000e+00
4.457039e+00	2.142036e+01	3.824538e-03	31368625.000000	0.000000e+00
4.459034e+00	2.139768e+01	3.818489e-03	31401489.000000	0.000000e+00
4.461029e+00	2.138585e+01	3.814078e-03	31439371.000000	0.000000e+00
4.463024e+00	2.136869e+01	3.810492e-03	31448065.000000	0.000000e+00
4.465018e+00	2.133818e+01	3.803067e-03	31480869.000000	0.000000e+00
4.467013e+00	2.133591e+01	3.800284e-03	31520287.000000	0.000000e+00
4.469008e+00	2.130628e+01	3.794737e-03	31524765.000000	0.000000e+00
4.471002e+00	2.129332e+01	3.788706e-03	31586737.000000	0.000000e+00
4.472997e+00	2.128116e+01	3.787437e-03	31571841.000000	0.000000e+00
4.474991e+00	2.126395e+01	3.780907e-03	31629763.000000	0.000000e+00
4.476985e+00	2.123843e+01	3.775358e-03	31646713.000000	0.000000e+00
4.478981e+00	2.122409e+01	3.769726e-03	31698477.000000	0.000000e+00
4.480975e+00	2.120917e+01	3.766879e-03	31701811.000000	0.000000e+00
4.482970e+00	2.119392e+01	3.761288e-03	31750425.000000	0.000000e+00
4.484965e+00	2.117501e+01	3.757660e-03	31755001.000000	0.000000e+00
4.486959e+00	2.115959e+01	3.753142e-03	31785187.000000	0.000000e+00
4.488954e+00	2.114009e+01	3.747359e-03	31824621.000000	0.000000e+00
4.490948e+00	2.111430e+01	3.741081e-03	31853641.000000	0.000000e+00
4.492943e+00	2.110325e+01	3.737870e-03	31874997.000000	0.000000e+00
4.494937e+00	2.108354e+01	3.733247e-03	31894351.000000	0.000000e+00
4.496932e+00	2.106766e+01	3.726603e-03	31959957.000000	0.000000e+00
4.498927e+00	2.105432e+01	3.724540e-03	31954873.000000	0.000000e+00
4.500922e+00	2.103418e+01	3.718393e-03	31999303.000000	0.000000e+00
4.502916e+00	2.102367e+01	3.716030e-03	32008005.000000	0.000000e+00
4.504911e+00	2.100320e+01	3.709349e-03	32060881.000000	0.000000e+00
4.506906e+00	2.098596e+01	3.705826e-03	32069169.000000	0.000000e+00
4.508901e+00	2.097145e+01	3.700397e-03	32118883.000000	0.000000e+00
4.510896e+00	2.094309e+01	3.694645e-03	32131869.000000	0.000000e+00
4.512890e+00	2.093639e+01	3.691961e-03	32158033.000000	0.000000e+00
4.514884e+00	2.091879e+01	3.687325e-03	32184751.000000	0.000000e+00
4.516879e+00	2.089916e+01	3.681676e-03	32223045.000000	0.000000e+00
4.518874e+00	2.089286e+01	3.679587e-03	32240209.000000	0.000000e+00
4.520868e+00	2.086419e+01	3.672846e-03	32269911.000000	0.000000e+00
4.522862e+00	2.084418e+01	3.667010e-03	32310613.000000	0.000000e+00
4.524857e+00	2.083059e+01	3.663084e-03	32337705.000000	0.000000e+00
4.526852e+00	2.082104e+01	3.660730e-03	32349649.000000	0.000000e+00
4.528846e+00	2.079975e+01	3.654460e-03	32394403.000000	0.000000e+00
4.530841e+00	2.078061e+01	3.649377e-03	32424945.000000	0.000000e+00
4.532836e+00	2.075775e+01	3.643342e-03	32460913.000000	0.000000e+00
4.534831e+00	2.075277e+01	3.642074e-03	32467935.000000	0.000000e+00
4.536826e+00	2.073266e+01	3.636871e-03	32497837.000000	0.000000e+00
4.538820e+00	2.071265e+01	3.631136e-03	32537665.000000	0.000000e+00
4.540815e+00	2.070205e+01	3.627915e-03	32562117.000000	0.000000e+00
4.542809e+00	2.067649e+01	3.622351e-03	32581603.000000	0.000000e+00
4.544804e+00	2.066403e+01	3.618006e-03	32620569.000000	0.000000e+00
4.546798e+00	2.065372e+01	3.614811e-03	32645653.000000	0.000000e+00
4.548793e+00	2.063310e+01	3.609251e-03	32680947.000000	0.000000e+00
4.550788e+00	2.061403e+01	3.604935e-03	32698729.000000	0.000000e+00
4.552782e+00	2.060677e+01	3.601959e-03	32729737.000000	0.000000e+00
4.554777e+00	2.058231e+01	3.595788e-03	32764233.000000	0.000000e+00
4.556772e+00	2.056444e+01	3.590853e-03	32797339.000000	0.000000e+00
4.558767e+00	2.055227e+01	3.587266e-03	32824077.000000	0.000000e+00
4.560761e+00	2.052461e+01	3.581185e-03	32847061.000000	0.000000e+00
4.562756e+00	2.051298e+01	3.577456e-03	32878251.000000	0.000000e+00
4.564750e+00	2.049560e+01	3.573250e-03	32899885.000000	0.000000e+00
4.566745e+00	2.048199e+01	3.568518e-03	32943421.000000	0.000000e+00
4.568740e+00	2.046645e+01	3.565512e-03	32948931.000000	0.000000e+00
4.570734e+00	2.045061e+01	3.560154e-03	32997049.000000	0.000000e+00
4.572729e+00	2.043126e+01	3.555012e-03	33029949.000000	0.000000e+00
4.574724e+00	2.041923e+01	3.551698e-03	33052681.000000	0.000000e+00
4.576718e+00	2.039718e+01	3.547635e-03	33056935.000000	0.000000e+00
4.578712e+00	2.038364e+01	3.542529e-03	33108297.000000	0.000000e+00
4.580708e+00	2.036615e+01	3.536946e-03	33155917.000000	0.000000e+00
4.582703e+00	2.034737e+01	3.533059e-03	33167667.000000	0.000000e+00
4.584697e+00	2.033128e+01	3.529557e-03	33180949.000000	0.000000e+00
4.586691e+00	2.031457e+01	3.524658e-03	33218577.000000	0.000000e+00
4.588686e+00	2.030383e+01	3.521272e-03	33247345.000000	0.000000e+00
4.590681e+00	2.029298e+01	3.516271e-03	33306355.000000	0.000000e+00
4.592676e+00	2.026793e+01	3.512280e-03	33299697.000000	0.000000e+00
4.594671e+00	2.025267e+01	3.507003e-03	33349741.000000	0.000000e+00
4.596665e+00	2.023503e+01	3.503576e-03	33356799.000000	0.000000e+00
4.598660e+00	2.022197e+01	3.499132e-03	33398437.000000	0.000000e+00
4.600655e+00	2.020114e+01	3.493798e-03	33431529.000000	0.000000e+00
4.602649e+00	2.018456e+01	3.490374e-03	33442171.000000	0.000000e+00
4.604644e+00	2.016127e+01	3.484090e-03	33485521.000000	0.000000e+00
4.606638e+00	2.015235e+01	3.481687e-03	33502089.000000	0.000000e+00
4.608632e+00	2.014396e+01	3.477950e-03	33546193.000000	0.000000e+00
4.610627e+00	2.012659e+01	3.473415e-03	33575835.000000	0.000000e+00
4.612622e+00	2.010815e+01	3.469471e-03	33590593.000000	0.000000e+00
4.614616e+00	2.009339e+01	3.464528e-03	33637101.000000	0.000000e+00
4.616611e+00	2.007403e+01	3.459846e-03	33663235.000000	0.000000e+00
4.618606e+00	2.005967e+01	3.456821e-03	33673945.000000	0.000000e+00
4.620601e+00	2.004575e+01	3.451594e-03	33729129.000000	0.000000e+00
4.622596e+00	2.002210e+01	3.446694e-03	33745345.000000	0.000000e+00
4.624590e+00	2.001979e+01	3.445325e-03	33764379.000000	0.000000e+00
4.626585e+00	1.999539e+01	3.438692e-03	33812185.000000	0.000000e+00
4.628580e+00	1.998217e+01	3.435264e-03	33834901.000000	0.000000e+00
4.630574e+00	1.996619e+01	3.431466e-03	33855615.000000	0.000000e+00
4.632569e+00	1.995007e+01	3.427057e-03	33888013.000000	0.000000e+00
4.634563e+00	1.992943e+01	3.422867e-03	33900765.000000	0.000000e+00
4.636557e+00	1.991099e+01	3.417112e-03	33952141.000000	0.000000e+00
4.638552e+00	1.990030e+01	3.412947e-03	33998511.000000	0.000000e+00
4.640547e+00	1.988491e+01	3.409588e-03	34012897.000000	0.000000e+00
4.642542e+00	1.986993e+01	3.406319e-03	34026865.000000	0.000000e+00
4.644536e+00	1.984724e+01	3.400934e-03	34056807.000000	0.000000e+00
4.646530e+00	1.984006e+01	3.398336e-03	34084201.000000	0.000000e+00
4.648525e+00	1.981848e+01	3.391733e-03	34142673.000000	0.000000e+00
4.650520e+00	1.980998e+01	3.389867e-03	34150939.000000	0.000000e+00
4.652515e+00	1.978204e+01	3.382929e-03	34194489.000000	0.000000e+00
4.654510e+00	1.977611e+01	3.381441e-03	34204093.000000	0.000000e+00
4.656504e+00	1.975237e+01	3.374870e-03	34255021.000000	0.000000e+00
4.658499e+00	1.974231e+01	3.372999e-03	34258119.000000	0.000000e+00
4.660493e+00	1.972919e+01	3.368958e-03	34294729.000000	0.000000e+00
4.662488e+00	1.971453e+01	3.364197e-03	34340757.000000	0.000000e+00
4.664483e+00	1.969325e+01	3.359949e-03	34353391.000000	0.000000e+00
4.666477e+00	1.968300e+01	3.356394e-03	34390365.000000	0.000000e+00
4.668472e+00	1.966260e+01	3.351958e-03	34410001.000000	0.000000e+00
4.670466e+00	1.964880e+01	3.347721e-03	34448761.000000	0.000000e+00
4.672461e+00	1.964008e+01	3.345245e-03	34469151.000000	0.000000e+00
4.674456e+00	1.961994e+01	3.338525e-03	34537117.000000	0.000000e+00
4.676451e+00	1.960356e+01	3.337016e-03	34510641.000000	0.000000e+00
4.678445e+00	1.958910e+01	3.331269e-03	34578787.000000	0.000000e+00
4.680440e+00	1.957117e+01	3.328056e-03	34582165.000000	0.000000e+00
4.682434e+00	1.956104e+01	3.323787e-03	34635189.000000	0.000000e+00
4.684429e+00	1.954222e+01	3.319853e-03	34650571.000000	0.000000e+00
4.686424e+00	1.952487e+01	3.315387e-03	34682301.000000	0.000000e+00
4.688418e+00	1.951043e+01	3.311710e-03	34707949.000000	0.000000e+00
4.690413e+00	1.949279e+01	3.306349e-03	34757685.000000	0.000000e+00
4.692408e+00	1.948335e+01	3.304997e-03	34752403.000000	0.000000e+00
4.694402e+00	1.945970e+01	3.298008e-03	34815205.000000	0.000000e+00
4.696397e+00	1.945099e+01	3.296218e-03	34821825.000000	0.000000e+00
4.698392e+00	1.943614e+01	3.290769e-03	34883911.000000	0.000000e+00
4.700387e+00	1.941539e+01	3.287781e-03	34872777.000000	0.000000e+00
4.702381e+00	1.940315e+01	3.283338e-03	34923145.000000	0.000000e+00
4.704376e+00	1.938999e+01	3.279766e-03	34951785.000000	0.000000e+00
4.706370e+00	1.937748e+01	3.276448e-03	34977439.000000	0.000000e+00
4.708365e+00	1.935578e+01	3.271965e-03	34994845.000000	0.000000e+00
4.710360e+00	1.933806e+01	3.265878e-03	35061117.000000	0.000000e+00
4.712355e+00	1.933241e+01	3.264709e-03	35065759.000000	0.000000e+00
4.714349e+00	1.931495e+01	3.260100e-03	35101473.000000	0.000000e+00
4.716344e+00	1.929712e+01	3.256772e-03	35108353.000000	0.000000e+00
4.718338e+00	1.928094e+01	3.251214e-03	35169433.000000	0.000000e+00
4.720333e+00	1.927107e+01	3.248747e-03	35186823.000000	0.000000e+00
4.722328e+00	1.925220e+01	3.244236e-03	35215681.000000	0.000000e+00
4.724322e+00	1.923536e+01	3.239908e-03	35248065.000000	0.000000e+00
4.726317e+00	1.922262e+01	3.236843e-03	35268091.000000	0.000000e+00
4.728311e+00	1.920836e+01	3.232169e-03	35317713.000000	0.000000e+00
4.730307e+00	1.919094e+01	3.228346e-03	35337217.000000	0.000000e+00
4.732301e+00	1.918127e+01	3.225872e-03	35355799.000000	0.000000e+00
4.734295e+00	1.916423e+01	3.221177e-03	35395953.000000	0.000000e+00
4.736290e+00	1.914141e+01	3.215219e-03	35442697.000000	0.000000e+00
4.738285e+00	1.912437e+01	3.212505e-03	35439417.000000	0.000000e+00
4.740280e+00	1.911833e+01	3.208872e-03	35497279.000000	0.000000e+00
4.742274e+00	1.910493e+01	3.206245e-03	35505657.000000	0.000000e+00
4.744269e+00	1.908712e+01	3.201270e-03	35549737.000000	0.000000e+00
4.746264e+00	1.906788e+01	3.196825e-03	35576839.000000	0.000000e+00
4.748258e+00	1.905612e+01	3.194434e-03	35586141.000000	0.000000e+00
4.750252e+00	1.904136e+01	3.189574e-03	35639425.000000	0.000000e+00
4.752247e+00	1.902902e+01	3.186602e-03	35659677.000000	0.000000e+00
4.754242e+00	1.901596e+01	3.182109e-03	35711371.000000	0.000000e+00
4.756236e+00	1.899703e+01	3.179242e-03	35704629.000000	0.000000e+00
4.758231e+00	1.898214e+01	3.174103e-03	35764201.000000	0.000000e+00
4.760226e+00	1.896734e+01	3.170359e-03	35792851.000000	0.000000e+00
4.762220e+00	1.895408e+01	3.167946e-03	35797281.000000	0.000000e+00
4.764215e+00	1.893526e+01	3.162363e-03	35852473.000000	0.000000e+00
4.766209e+00	1.892087e+01	3.159349e-03	35866347.000000	0.000000e+00
4.768204e+00	1.890781e+01	3.155129e-03	35912701.000000	0.000000e+00
4.770199e+00	1.889603e+01	3.152009e-03	35939041.000000	0.000000e+00
4.772194e+00	1.887691e+01	3.147776e-03	35962881.000000	0.000000e+00
4.774189e+00	1.886838e+01	3.144746e-03	35999635.000000	0.000000e+00
4.776183e+00	1.885425e+01	3.141384e-03	36022701.000000	0.000000e+00
4.778178e+00	1.883726e+01	3.137297e-03	36051577.000000	0.000000e+00
4.780172e+00	1.882120e+01	3.133614e-03	36074751.000000	0.000000e+00
4.782167e+00	1.881240e+01	3.130129e-03	36121345.000000	0.000000e+00
4.784162e+00	1.878466e+01	3.124273e-03	36150049.000000	0.000000e+00
4.786157e+00	1.877718e+01	3.121053e-03	36195825.000000	0.000000e+00
4.788152e+00	1.876428e+01	3.119059e-03	36192343.000000	0.000000e+00
4.790146e+00	1.874703e+01	3.115195e-03	36215505.000000	0.000000e+00
4.792140e+00	1.873212e+01	3.110139e-03	36275569.000000	0.000000e+00
4.794135e+00	1.871592e+01	3.106297e-03	36302463.000000	0.000000e+00
4.796130e+00	1.870889e+01	3.104286e-03	36322225.000000	0.000000e+00
4.798124e+00	1.869312e+01	3.100235e-03	36355849.000000	0.000000e+00
4.800118e+00	1.867179e+01	3.096060e-03	36370839.000000	0.000000e+00
4.802113e+00	1.866048e+01	3.091242e-03	36440113.000000	0.000000e+00
4.804108e+00	1.865184e+01	3.089585e-03	36445401.000000	0.000000e+00
4.806103e+00	1.863608e+01	3.086246e-03	36462625.000000	0.000000e+00
4.808097e+00	1.861955e+01	3.081379e-03	36513063.000000	0.000000e+00
4.810092e+00	1.860681e+01	3.077928e-03	36544897.000000	0.000000e+00
4.812087e+00	1.858988e+01	3.074223e-03	36566425.000000	0.000000e+00
4.814081e+00	1.857640e+01	3.070576e-03	36600171.000000	0.000000e+00
4.816076e+00	1.856312e+01	3.066925e-03	36634945.000000	0.000000e+00
4.818071e+00	1.854719e+01	3.063428e-03	36655653.000000	0.000000e+00
4.820065e+00	1.853012e+01	3.059417e-03	36684217.000000	0.000000e+00
4.822060e+00	1.851857e+01	3.055816e-03	36724891.000000	0.000000e+00
4.824055e+00	1.850617e+01	3.053042e-03	36742413.000000	0.000000e+00
4.826049e+00	1.848643e+01	3.047628e-03	36794437.000000	0.000000e+00
4.828044e+00	1.847503e+01	3.045245e-03	36806619.000000	0.000000e+00
4.830039e+00	1.845704e+01	3.041028e-03	36836917.000000	0.000000e+00
4.832033e+00	1.844347e+01	3.037223e-03	36874989.000000	0.000000e+00
4.834028e+00	1.843945e+01	3.035612e-03	36898033.000000	0.000000e+00
4.836023e+00	1.842013e+01	3.030637e-03	36941767.000000	0.000000e+00
4.838017e+00	1.840848e+01	3.028514e-03	36946797.000000	0.000000e+00
4.840011e+00	1.838848e+01	3.023387e-03	36991669.000000	0.000000e+00
4.842006e+00	1.837581e+01	3.019780e-03	37029015.000000	0.000000e+00
4.844001e+00	1.835954e+01	3.015668e-03	37064377.000000	0.000000e+00
4.845996e+00	1.835441e+01	3.013976e-03	37085241.000000	0.000000e+00
4.847991e+00	1.833244e+01	3.008986e-03	37119343.000000	0.000000e+00
4.849985e+00	1.831839e+01	3.005752e-03	37142269.000000	0.000000e+00
4.851980e+00	1.830650e+01	3.002263e-03	37180293.000000	0.000000e+00
4.853975e+00	1.829464e+01	2.999218e-03	37207621.000000	0.000000e+00
4.855969e+00	1.827717e+01	2.995095e-03	37238859.000000	0.000000e+00
4.857964e+00	1.826213e+01	2.991946e-03	37255945.000000	0.000000e+00
4.859958e+00	1.825094e+01	2.987846e-03	37312461.000000	0.000000e+00
4.861953e+00	1.823613e+01	2.985008e-03	37322815.000000	0.000000e+00
4.863947e+00	1.822480e+01	2.981807e-03	37356505.000000	0.000000e+00
4.865942e+00	1.820394e+01	2.976626e-03	37400949.000000	0.000000e+00
4.867937e+00	1.818877e+01	2.973589e-03	37414945.000000	0.000000e+00
4.869931e+00	1.818249e+01	2.970846e-03	37458147.000000	0.000000e+00
4.871926e+00	1.816218e+01	2.966854e-03	37475161.000000	0.000000e+00
4.873921e+00	1.815525e+01	2.963791e-03	37524037.000000	0.000000e+00
4.875915e+00	1.814026e+01	2.960783e-03	37538223.000000	0.000000e+00
4.877910e+00	1.812858e+01	2.957660e-03	37569121.000000	0.000000e+00
4.879905e+00	1.810843e+01	2.952187e-03	37624761.000000	0.000000e+00
4.881900e+00	1.809968e+01	2.950529e-03	37630687.000000	0.000000e+00
4.883894e+00	1.808111e+01	2.946148e-03	37665261.000000	0.000000e+00
4.885889e+00	1.806884e+01	2.942457e-03	37708609.000000	0.000000e+00
4.887884e+00	1.806099e+01	2.940815e-03	37717921.000000	0.000000e+00
4.889878e+00	1.805024e+01	2.937811e-03	37750119.000000	0.000000e+00
4.891872e+00	1.802111e+01	2.931879e-03	37780777.000000	0.000000e+00
4.893866e+00	1.801550e+01	2.928821e-03	37836153.000000	0.000000e+00
4.895862e+00	1.800337e+01	2.925684e-03	37866307.000000	0.000000e+00
4.897857e+00	1.798484e+01	2.922397e-03	37873437.000000	0.000000e+00
4.899851e+00	1.796870e+01	2.918071e-03	37917661.000000	0.000000e+00
4.901846e+00	1.795742e+01	2.915064e-03	37948249.000000	0.000000e+00
4.903840e+00	1.794915e+01	2.912828e-03	37971507.000000	0.000000e+00
4.905835e+00	1.794110e+01	2.909741e-03	38018017.000000	0.000000e+00
4.907830e+00	1.792109e+01	2.906719e-03	38012181.000000	0.000000e+00
4.909825e+00	1.790399e+01	2.900244e-03	38109295.000000	0.000000e+00
4.911820e+00	1.789499e+01	2.899918e-03	38079517.000000	0.000000e+00
4.913814e+00	1.787858e+01	2.895382e-03	38128905.000000	0.000000e+00
4.915808e+00	1.786672e+01	2.892417e-03	38156461.000000	0.000000e+00
4.917803e+00	1.785412e+01	2.888478e-03	38206635.000000	0.000000e+00
4.919798e+00	1.783321e+01	2.884924e-03	38211133.000000	0.000000e+00
4.921793e+00	1.782465e+01	2.881260e-03	38271657.000000	0.000000e+00
4.923787e+00	1.780779e+01	2.878580e-03	38270431.000000	0.000000e+00
4.925781e+00	1.779486e+01	2.875151e-03	38306077.000000	0.000000e+00
4.927776e+00	1.778125e+01	2.870742e-03	38365113.000000	0.000000e+00
4.929771e+00	1.777397e+01	2.869130e-03	38376751.000000	0.000000e+00
4.931766e+00	1.774868e+01	2.863942e-03	38406381.000000	0.000000e+00
4.933760e+00	1.774110e+01	2.862116e-03	38422597.000000	0.000000e+00
4.935754e+00	1.772770e+01	2.857378e-03	38491929.000000	0.000000e+00
4.937750e+00	1.771649e+01	2.855068e-03	38505475.000000	0.000000e+00
4.939744e+00	1.770312e+01	2.852184e-03	38525185.000000	0.000000e+00
4.941739e+00	1.769367e+01	2.848655e-03	38579445.000000	0.000000e+00
4.943734e+00	1.767789e+01	2.845653e-03	38591995.000000	0.000000e+00
4.945728e+00	1.766122e+01	2.841710e-03	38626197.000000	0.000000e+00
4.947723e+00	1.764748e+01	2.837978e-03	38667613.000000	0.000000e+00
4.949718e+00	1.763994e+01	2.836516e-03	38674437.000000	0.000000e+00
4.951712e+00	1.762127e+01	2.831571e-03	38727523.000000	0.000000e+00
4.953707e+00	1.760741e+01	2.828533e-03	38749717.000000	0.000000e+00
4.955702e+00	1.759902e+01	2.825608e-03	38792973.000000	0.000000e+00
4.957696e+00	1.758372e+01	2.822935e-03	38798959.000000	0.000000e+00
4.959691e+00	1.756679e+01	2.817755e-03	38866761.000000	0.000000e+00
4.961686e+00	1.755458e+01	2.815602e-03	38872129.000000	0.000000e+00
4.963680e+00	1.754166e+01	2.812397e-03	38903455.000000	0.000000e+00
4.965675e+00	1.752746e+01	2.808537e-03	38947305.000000	0.000000e+00
4.967670e+00	1.751747e+01	2.805968e-03	38974213.000000	0.000000e+00
4.969665e+00	1.750211e+01	2.802581e-03	38999973.000000	0.000000e+00
4.971659e+00	1.748978e+01	2.799691e-03	39025519.000000	0.000000e+00
4.973653e+00	1.748182e+01	2.797803e-03	39042609.000000	0.000000e+00
4.975647e+00	1.746468e+01	2.792365e-03	39118033.000000	0.000000e+00
4.977642e+00	1.744952e+01	2.790626e-03	39098803.000000	0.000000e+00
4.979636e+00	1.744197e+01	2.786192e-03	39189441.000000	0.000000e+00
4.981632e+00	1.742413e+01	2.783680e-03	39179917.000000	0.000000e+00
4.983626e+00	1.741324e+01	2.780141e-03	39230637.000000	0.000000e+00
4.985621e+00	1.739344e+01	2.775597e-03	39269731.000000	0.000000e+00
4.987616e+00	1.738355e+01	2.774128e-03	39266685.000000	0.000000e+00
4.989610e+00	1.737728e+01	2.771430e-03	39314773.000000	0.000000e+00
4.991605e+00	1.736058e+01	2.767352e-03	39354979.000000	0.000000e+00
4.993600e+00	1.734309e+01	2.763706e-03	39379425.000000	0.000000e+00
4.995594e+00	1.733532e+01	2.761822e-03	39397825.000000	0.000000e+00
4.997589e+00	1.731782e+01	2.757371e-03	39445359.000000	0.000000e+00
4.999583e+00	1.730264e+01	2.754008e-03	39472441.000000	0.000000e+00
5.001578e+00	1.729885e+01	2.752833e-03	39488853.000000	0.000000e+00
5.003572e+00	1.728080e+01	2.747485e-03	39560077.000000	0.000000e+00
5.005567e+00	1.727113e+01	2.746056e-03	39556951.000000	0.000000e+00
5.007562e+00	1.725391e+01	2.741794e-03	39600945.000000	0.000000e+00
5.009557e+00	1.724210e+01	2.738551e-03	39640489.000000	0.000000e+00
5.011552e+00	1.723127e+01	2.736000e-03	39664503.000000	0.000000e+00
5.013546e+00	1.721356e+01	2.732199e-03	39693229.000000	0.000000e+00
5.015541e+00	1.720001e+01	2.729138e-03	39719761.000000	0.000000e+00
5.017536e+00	1.718883e+01	2.725438e-03	39775905.000000	0.000000e+00
5.019531e+00	1.717834e+01	2.723388e-03	39787207.000000	0.000000e+00
5.021525e+00	1.716603e+01	2.720800e-03	39805809.000000	0.000000e+00
5.023519e+00	1.715279e+01	2.717416e-03	39843469.000000	0.000000e+00
5.025514e+00	1.713952e+01	2.713503e-03	39896643.000000	0.000000e+00
5.027509e+00	1.713011e+01	2.711333e-03	39916705.000000	0.000000e+00
5.029504e+00	1.711045e+01	2.706513e-03	39967081.000000	0.000000e+00
5.031499e+00	1.709946e+01	2.705036e-03	39959361.000000	0.000000e+00
5.033493e+00	1.709066e+01	2.701788e-03	40014295.000000	0.000000e+00
5.035487e+00	1.707613e+01	2.698647e-03	40039341.000000	0.000000e+00
5.037482e+00	1.706435e+01	2.695741e-03	40070341.000000	0.000000e+00
5.039476e+00	1.705026e+01	2.692341e-03	40105287.000000	0.000000e+00
5.041471e+00	1.704079e+01	2.689618e-03	40141909.000000	0.000000e+00
5.043466e+00	1.702329e+01	2.685763e-03	40174597.000000	0.000000e+00
5.045460e+00	1.701398e+01	2.683934e-03	40185363.000000	0.000000e+00
5.047455e+00	1.700169e+01	2.679762e-03	40252405.000000	0.000000e+00
5.049450e+00	1.698711e+01	2.677469e-03	40252245.000000	0.000000e+00
5.051445e+00	1.697645e+01	2.674099e-03	40303129.000000	0.000000e+00
5.053439e+00	1.696184e+01	2.670998e-03	40327275.000000	0.000000e+00
5.055433e+00	1.694919e+01	2.668496e-03	40342693.000000	0.000000e+00
5.057428e+00	1.693550e+01	2.664329e-03	40403641.000000	0.000000e+00
5.059423e+00	1.692479e+01	2.661895e-03	40426395.000000	0.000000e+00
5.061417e+00	1.691133e+01	2.659119e-03	40446409.000000	0.000000e+00
5.063412e+00	1.690125e+01	2.655726e-03	40501509.000000	0.000000e+00
5.065407e+00	1.688571e+01	2.653068e-03	40508113.000000	0.000000e+00
5.067402e+00	1.687134e+01	2.648964e-03	40564579.000000	0.000000e+00
5.069396e+00	1.686415e+01	2.647362e-03	40579065.000000	0.000000e+00
5.071391e+00	1.685065e+01	2.643921e-03	40619677.000000	0.000000e+00
5.073386e+00	1.683627e+01	2.641064e-03	40638171.000000	0.000000e+00
5.075380e+00	1.682129e+01	2.637159e-03	40686121.000000	0.000000e+00
5.077375e+00	1.681272e+01	2.634896e-03	40714485.000000	0.000000e+00
5.079370e+00	1.679562e+01	2.631275e-03	40743631.000000	0.000000e+00
5.081364e+00	1.678783e+01	2.629309e-03	40766701.000000	0.000000e+00
5.083358e+00	1.677326e+01	2.626208e-03	40792161.000000	0.000000e+00
5.085353e+00	1.676253e+01	2.622289e-03	40861849.000000	0.000000e+00
5.087348e+00	1.675010e+01	2.620390e-03	40860459.000000	0.000000e+00
5.089342e+00	1.673662e+01	2.617111e-03	40896997.000000	0.000000e+00
5.091337e+00	1.672807e+01	2.613906e-03	40955469.000000	0.000000e+00
5.093332e+00	1.671204e+01	2.611504e-03	40952251.000000	0.000000e+00
5.095326e+00	1.669660e+01	2.607651e-03	40997473.000000	0.000000e+00
5.097321e+00	1.668737e+01	2.605175e-03	41030049.000000	0.000000e+00
5.099316e+00	1.667234e+01	2.601094e-03	41084809.000000	0.000000e+00
5.101311e+00	1.666823e+01	2.600597e-03	41080239.000000	0.000000e+00
5.103305e+00	1.665107e+01	2.596199e-03	41134729.000000	0.000000e+00
5.105300e+00	1.664200e+01	2.593838e-03	41164741.000000	0.000000e+00
5.107294e+00	1.662525e+01	2.590886e-03	41175591.000000	0.000000e+00
5.109289e+00	1.661781e+01	2.587609e-03	41243005.000000	0.000000e+00
5.111283e+00	1.660482e+01	2.585817e-03	41235645.000000	0.000000e+00
5.113278e+00	1.658836e+01	2.581494e-03	41291905.000000	0.000000e+00
5.115273e+00	1.657653e+01	2.578046e-03	41343363.000000	0.000000e+00
5.117267e+00	1.656334e+01	2.576445e-03	41328913.000000	0.000000e+00
5.119262e+00	1.655559e+01	2.573182e-03	41395009.000000	0.000000e+00
5.121257e+00	1.654634e+01	2.570987e-03	41419419.000000	0.000000e+00
5.123252e+00	1.652614e+01	2.566557e-03	41461141.000000	0.000000e+00
5.125246e+00	1.651748e+01	2.564954e-03	41469441.000000	0.000000e+00
5.127241e+00	1.650357e+01	2.560881e-03	41531443.000000	0.000000e+00
5.129236e+00	1.648872e+01	2.558466e-03	41535045.000000	0.000000e+00
5.131230e+00	1.648264e+01	2.556084e-03	41581837.000000	0.000000e+00
5.133225e+00	1.646755e+01	2.553112e-03	41602381.000000	0.000000e+00
5.135219e+00	1.645926e+01	2.550227e-03	41654607.000000	0.000000e+00
5.137214e+00	1.644241e+01	2.547062e-03	41672737.000000	0.000000e+00
5.139209e+00	1.643548e+01	2.544595e-03	41718393.000000	0.000000e+00
5.141203e+00	1.642203e+01	2.541937e-03	41737279.000000	0.000000e+00
5.143198e+00	1.640897e+01	2.538788e-03	41774373.000000	0.000000e+00
5.145193e+00	1.639488e+01	2.535281e-03	41818081.000000	0.000000e+00
5.147187e+00	1.638858e+01	2.534418e-03	41814433.000000	0.000000e+00
5.149182e+00	1.637346e+01	2.529801e-03	41889783.000000	0.000000e+00
5.151177e+00	1.635737e+01	2.526738e-03	41908945.000000	0.000000e+00
5.153172e+00	1.634811e+01	2.524493e-03	41935953.000000	0.000000e+00
5.155166e+00	1.633438e+01	2.521487e-03	41965447.000000	0.000000e+00
5.157161e+00	1.632427e+01	2.519362e-03	41984233.000000	0.000000e+00
5.159155e+00	1.631117e+01	2.515354e-03	42050613.000000	0.000000e+00
5.161150e+00	1.629761e+01	2.513151e-03	42054307.000000	0.000000e+00
5.163145e+00	1.628608e+01	2.509741e-03	42109017.000000	0.000000e+00
5.165139e+00	1.627984e+01	2.508955e-03	42103165.000000	0.000000e+00
5.167134e+00	1.626461e+01	2.504014e-03	42190413.000000	0.000000e+00
5.169129e+00	1.625334e+01	2.502213e-03	42192655.000000	0.000000e+00
5.171124e+00	1.624282e+01	2.499286e-03	42236773.000000	0.000000e+00
5.173118e+00	1.622870e+01	2.497000e-03	42240633.000000	0.000000e+00
5.175113e+00	1.621713e+01	2.492750e-03	42324355.000000	0.000000e+00
5.177108e+00	1.620583e+01	2.491243e-03	42316557.000000	0.000000e+00
5.179102e+00	1.619420e+01	2.488350e-03	42354169.000000	0.000000e+00
5.181097e+00	1.618153e+01	2.485042e-03	42400557.000000	0.000000e+00
5.183092e+00	1.616952e+01	2.482434e-03	42426643.000000	0.000000e+00
5.185086e+00	1.615721e+01	2.480106e-03	42441637.000000	0.000000e+00
5.187081e+00	1.615053e+01	2.477483e-03	42496401.000000	0.000000e+00
5.189075e+00	1.613375e+01	2.474775e-03	42501007.000000	0.000000e+00
5.191069e+00	1.612168e+01	2.470860e-03	42572013.000000	0.000000e+00
5.193065e+00	1.610920e+01	2.468284e-03	42594901.000000	0.000000e+00
5.195059e+00	1.609686e+01	2.466087e-03	42605475.000000	0.000000e+00
5.197053e+00	1.609483e+01	2.464621e-03	42645433.000000	0.000000e+00
5.199048e+00	1.607640e+01	2.459913e-03	42710833.000000	0.000000e+00
5.201043e+00	1.606850e+01	2.458875e-03	42704901.000000	0.000000e+00
5.203037e+00	1.605730e+01	2.455774e-03	42753175.000000	0.000000e+00
5.205032e+00	1.603819e+01	2.452338e-03	42771069.000000	0.000000e+00
5.207027e+00	1.603110e+01	2.449151e-03	42844561.000000	0.000000e+00
5.209022e+00	1.602281e+01	2.448046e-03	42838891.000000	0.000000e+00
5.211017e+00	1.600474e+01	2.443700e-03	42894477.000000	0.000000e+00
5.213011e+00	1.599856e+01	2.442801e-03	42892921.000000	0.000000e+00
5.215005e+00	1.598487e+01	2.438924e-03	42955785.000000	0.000000e+00
5.217000e+00	1.597350e+01	2.436412e-03	42983191.000000	0.000000e+00
5.218995e+00	1.595782e+01	2.432971e-03	43020297.000000	0.000000e+00
5.220989e+00	1.595013e+01	2.431385e-03	43034905.000000	0.000000e+00
5.222984e+00	1.593863e+01	2.428231e-03	43084579.000000	0.000000e+00
5.224979e+00	1.592838e+01	2.425567e-03	43123773.000000	0.000000e+00
5.226974e+00	1.591248e+01	2.422690e-03	43139953.000000	0.000000e+00
5.228968e+00	1.590954e+01	2.421320e-03	43172865.000000	0.000000e+00
5.230962e+00	1.589589e+01	2.418243e-03	43208539.000000	0.000000e+00
5.232958e+00	1.588225e+01	2.414490e-03	43268637.000000	0.000000e+00
5.234952e+00	1.587078e+01	2.413525e-03	43240717.000000	0.000000e+00
5.236946e+00	1.585769e+01	2.408958e-03	43333303.000000	0.000000e+00
5.238941e+00	1.584765e+01	2.407398e-03	43334493.000000	0.000000e+00
5.240936e+00	1.583611e+01	2.404532e-03	43374613.000000	0.000000e+00
5.242930e+00	1.582288e+01	2.401330e-03	43417767.000000	0.000000e+00
5.244925e+00	1.580860e+01	2.398442e-03	43443829.000000	0.000000e+00
5.246920e+00	1.580136e+01	2.396683e-03	43467813.000000	0.000000e+00
5.248914e+00	1.578635e+01	2.393531e-03	43499605.000000	0.000000e+00
5.250909e+00	1.577731e+01	2.390295e-03	43567555.000000	0.000000e+00
5.252904e+00	1.576695e+01	2.388623e-03	43571277.000000	0.000000e+00
5.254898e+00	1.575538e+01	2.386246e-03	43594069.000000	0.000000e+00
5.256893e+00	1.574493e+01	2.383063e-03	43652643.000000	0.000000e+00
5.258888e+00	1.573392e+01	2.380677e-03	43679029.000000	0.000000e+00
5.260883e+00	1.572066e+01	2.377903e-03	43707253.000000	0.000000e+00
5.262877e+00	1.571003e+01	2.375597e-03	43732893.000000	0.000000e+00
5.264872e+00	1.569628e+01	2.372274e-03	43778767.000000	0.000000e+00
5.266866e+00	1.568710e+01	2.370306e-03	43800261.000000	0.000000e+00
5.268861e+00	1.567588e+01	2.367327e-03	43847785.000000	0.000000e+00
5.270856e+00	1.566302e+01	2.364850e-03	43867575.000000	0.000000e+00
5.272850e+00	1.565181e+01	2.362380e-03	43896445.000000	0.000000e+00
5.274845e+00	1.564206e+01	2.359363e-03	43953985.000000	0.000000e+00
5.276840e+00	1.563003e+01	2.357210e-03	43966623.000000	0.000000e+00
5.278834e+00	1.561898e+01	2.354382e-03	44010025.000000	0.000000e+00
5.280829e+00	1.560520e+01	2.351100e-03	44055093.000000	0.000000e+00
5.282824e+00	1.559631e+01	2.349820e-03	44052913.000000	0.000000e+00
5.284818e+00	1.558816e+01	2.347406e-03	44097411.000000	0.000000e+00
5.286813e+00	1.557445e+01	2.343704e-03	44159077.000000	0.000000e+00
5.288808e+00	1.556671e+01	2.342220e-03	44171089.000000	0.000000e+00
5.290802e+00	1.555473e+01	2.339630e-03	44200851.000000	0.000000e+00
5.292797e+00	1.553780e+01	2.336114e-03	44237533.000000	0.000000e+00
5.294791e+00	1.552506e+01	2.333443e-03	44266233.000000	0.000000e+00
5.296786e+00	1.552264e+01	2.331834e-03	44313505.000000	0.000000e+00
5.298781e+00	1.551020e+01	2.329531e-03	44330011.000000	0.000000e+00
5.300775e+00	1.549463e+01	2.325905e-03	44379129.000000	0.000000e+00
5.302770e+00	1.548561e+01	2.323651e-03	44413489.000000	0.000000e+00
5.304765e+00	1.547370e+01	2.321062e-03	44444151.000000	0.000000e+00
5.306759e+00	1.546538e+01	2.319440e-03	44458501.000000	0.000000e+00
5.308754e+00	1.545425e+01	2.316449e-03	44509245.000000	0.000000e+00
5.310749e+00	1.544308e+01	2.313897e-03	44543005.000000	0.000000e+00
5.312743e+00	1.543356e+01	2.311687e-03	44573275.000000	0.000000e+00
5.314738e+00	1.541921e+01	2.308645e-03	44607705.000000	0.000000e+00
5.316733e+00	1.540897e+01	2.306196e-03	44643133.000000	0.000000e+00
5.318727e+00	1.539904e+01	2.304503e-03	44651139.000000	0.000000e+00
5.320721e+00	1.538939e+01	2.301360e-03	44717125.000000	0.000000e+00
5.322716e+00	1.537722e+01	2.299009e-03	44737773.000000	0.000000e+00
5.324711e+00	1.536667e+01	2.296254e-03	44783683.000000	0.000000e+00
5.326706e+00	1.535527e+01	2.293728e-03	44815777.000000	0.000000e+00
5.328700e+00	1.534304e+01	2.291858e-03	44817477.000000	0.000000e+00
5.330694e+00	1.533335e+01	2.288860e-03	44878261.000000	0.000000e+00
5.332690e+00	1.532211e+01	2.285849e-03	44930559.000000	0.000000e+00
5.334684e+00	1.531232e+01	2.284935e-03	44909089.000000	0.000000e+00
5.336679e+00	1.530331e+01	2.280992e-03	45011469.000000	0.000000e+00
5.338674e+00	1.529137e+01	2.279865e-03	44985727.000000	0.000000e+00
5.340668e+00	1.528081e+01	2.276761e-03	45046165.000000	0.000000e+00
5.342663e+00	1.526617e+01	2.273542e-03	45087309.000000	0.000000e+00
5.344658e+00	1.525547e+01	2.271069e-03	45122245.000000	0.000000e+00
5.346652e+00	1.524565e+01	2.269413e-03	45129975.000000	0.000000e+00
5.348647e+00	1.523711e+01	2.266638e-03	45189829.000000	0.000000e+00
5.350642e+00	1.522258e+01	2.264174e-03	45201949.000000	0.000000e+00
5.352637e+00	1.521249e+01	2.260848e-03	45274911.000000	0.000000e+00
5.354631e+00	1.519992e+01	2.259887e-03	45238585.000000	0.000000e+00
5.356626e+00	1.519159e+01	2.256011e-03	45344481.000000	0.000000e+00
5.358620e+00	1.518113e+01	2.255077e-03	45319543.000000	0.000000e+00
5.360615e+00	1.516752e+01	2.251077e-03	45399225.000000	0.000000e+00
5.362610e+00	1.515973e+01	2.249941e-03	45398425.000000	0.000000e+00
5.364604e+00	1.514636e+01	2.246775e-03	45446185.000000	0.000000e+00
5.366599e+00	1.513827e+01	2.244554e-03	45487515.000000	0.000000e+00
5.368593e+00	1.512541e+01	2.241934e-03	45516469.000000	0.000000e+00
5.370588e+00	1.511615e+01	2.239676e-03	45552501.000000	0.000000e+00
5.372583e+00	1.510405e+01	2.237481e-03	45568855.000000	0.000000e+00
5.374577e+00	1.509453e+01	2.234475e-03	45633921.000000	0.000000e+00
5.376573e+00	1.508624e+01	2.232502e-03	45664417.000000	0.000000e+00
5.378567e+00	1.507198e+01	2.230459e-03	45661717.000000	0.000000e+00
5.380561e+00	1.506029e+01	2.227211e-03	45723963.000000	0.000000e+00
5.382556e+00	1.505062e+01	2.225053e-03	45753889.000000	0.000000e+00
5.384550e+00	1.503974e+01	2.223004e-03	45772017.000000	0.000000e+00
5.386545e+00	1.503040e+01	2.219847e-03	45845311.000000	0.000000e+00
5.388540e+00	1.502569e+01	2.218997e-03	45851661.000000	0.000000e+00
5.390535e+00	1.500800e+01	2.215727e-03	45878905.000000	0.000000e+00
5.392529e+00	1.500150e+01	2.214149e-03	45904537.000000	0.000000e+00
5.394524e+00	1.499068e+01	2.210697e-03	45981603.000000	0.000000e+00
5.396519e+00	1.498075e+01	2.209439e-03	45972985.000000	0.000000e+00
5.398513e+00	1.496546e+01	2.206003e-03	46022253.000000	0.000000e+00
5.400507e+00	1.496041e+01	2.204291e-03	46062667.000000	0.000000e+00
5.402502e+00	1.495068e+01	2.202318e-03	46085257.000000	0.000000e+00
5.404497e+00	1.494034e+01	2.199569e-03	46136613.000000	0.000000e+00
5.406492e+00	1.492631e+01	2.197056e-03	46155415.000000	0.000000e+00
5.408486e+00	1.491776e+01	2.194536e-03	46208481.000000	0.000000e+00
5.410481e+00	1.490676e+01	2.192285e-03	46235173.000000	0.000000e+00
5.412476e+00	1.489257e+01	2.189926e-03	46246665.000000	0.000000e+00
5.414470e+00	1.488902e+01	2.188029e-03	46304803.000000	0.000000e+00
5.416465e+00	1.487070e+01	2.185175e-03	46311685.000000	0.000000e+00
5.418459e+00	1.486596e+01	2.183462e-03	46354797.000000	0.000000e+00
5.420453e+00	1.485218e+01	2.180089e-03	46412203.000000	0.000000e+00
5.422449e+00	1.484331e+01	2.178226e-03	46436061.000000	0.000000e+00
5.424443e+00	1.483168e+01	2.175507e-03	46479313.000000	0.000000e+00
5.426438e+00	1.481778e+01	2.173049e-03	46497285.000000	0.000000e+00
5.428433e+00	1.481122e+01	2.171020e-03	46542967.000000	0.000000e+00
5.430428e+00	1.479529e+01	2.168202e-03	46563697.000000	0.000000e+00
5.432422e+00	1.478957e+01	2.166504e-03	46600665.000000	0.000000e+00
5.434417e+00	1.477908e+01	2.164099e-03	46638043.000000	0.000000e+00
5.436411e+00	1.476739e+01	2.161439e-03	46679013.000000	0.000000e+00
5.438406e+00	1.475847e+01	2.159463e-03	46707997.000000	0.000000e+00
5.440401e+00	1.474783e+01	2.157204e-03	46738399.000000	0.000000e+00
5.442395e+00	1.473699e+01	2.154867e-03	46770981.000000	0.000000e+00
5.444390e+00	1.472696e+01	2.152642e-03	46803937.000000	0.000000e+00
5.446384e+00	1.471935e+01	2.150493e-03	46849089.000000	0.000000e+00
5.448379e+00	1.470699e+01	2.148159e-03	46872127.000000	0.000000e+00
5.450374e+00	1.469360e+01	2.145134e-03	46918881.000000	0.000000e+00
5.452369e+00	1.468575e+01	2.143229e-03	46952113.000000	0.000000e+00
5.454364e+00	1.467773e+01	2.141107e-03	46993843.000000	0.000000e+00
5.456358e+00	1.466890e+01	2.139397e-03	47012385.000000	0.000000e+00
5.458353e+00	1.465796e+01	2.137102e-03	47043133.000000	0.000000e+00
5.460347e+00	1.464415e+01	2.134149e-03	47084613.000000	0.000000e+00
5.462342e+00	1.463563e+01	2.131888e-03	47129623.000000	0.000000e+00
5.464337e+00	1.462988e+01	2.130647e-03	47147445.000000	0.000000e+00
5.466331e+00	1.461485e+01	2.128078e-03	47164333.000000	0.000000e+00
5.468326e+00	1.460564e+01	2.125048e-03	47239303.000000	0.000000e+00
5.470320e+00	1.459254e+01	2.123086e-03	47241849.000000	0.000000e+00
5.472315e+00	1.458689e+01	2.121154e-03	47291257.000000	0.000000e+00
5.474309e+00	1.457661e+01	2.118811e-03	47329179.000000	0.000000e+00
5.476304e+00	1.456693e+01	2.116663e-03	47362273.000000	0.000000e+00
5.478299e+00	1.455429e+01	2.114092e-03	47395197.000000	0.000000e+00
5.480293e+00	1.454773e+01	2.112369e-03	47429773.000000	0.000000e+00
5.482288e+00	1.453200e+01	2.109022e-03	47477575.000000	0.000000e+00
5.484283e+00	1.452378e+01	2.107868e-03	47475861.000000	0.000000e+00
5.486278e+00	1.451480e+01	2.104516e-03	47568325.000000	0.000000e+00
5.488272e+00	1.450056e+01	2.103163e-03	47536107.000000	0.000000e+00
5.490267e+00	1.449519e+01	2.100684e-03	47613073.000000	0.000000e+00
5.492262e+00	1.448783e+01	2.099149e-03	47634337.000000	0.000000e+00
5.494256e+00	1.447058e+01	2.095890e-03	47668881.000000	0.000000e+00
5.496250e+00	1.446226e+01	2.094044e-03	47698063.000000	0.000000e+00
5.498245e+00	1.445257e+01	2.091406e-03	47754405.000000	0.000000e+00
5.500240e+00	1.444378e+01	2.089746e-03	47772133.000000	0.000000e+00
5.502235e+00	1.443354e+01	2.087369e-03	47813175.000000	0.000000e+00
5.504229e+00	1.442393e+01	2.085527e-03	47833909.000000	0.000000e+00
5.506224e+00	1.441157e+01	2.082639e-03	47884453.000000	0.000000e+00
5.508219e+00	1.440512e+01	2.081108e-03	47912025.000000	0.000000e+00
5.510213e+00	1.439425e+01	2.078570e-03	47956639.000000	0.000000e+00
5.512208e+00	1.438406e+01	2.076778e-03	47971437.000000	0.000000e+00
5.514203e+00	1.437228e+01	2.073706e-03	48034945.000000	0.000000e+00
5.516197e+00	1.436619e+01	2.072847e-03	48033951.000000	0.000000e+00
5.518191e+00	1.435325e+01	2.070098e-03	48074965.000000	0.000000e+00
5.520186e+00	1.434379e+01	2.067374e-03	48138205.000000	0.000000e+00
5.522181e+00	1.433386e+01	2.065641e-03	48152247.000000	0.000000e+00
5.524176e+00	1.432711e+01	2.063463e-03	48208489.000000	0.000000e+00
5.526171e+00	1.431430e+01	2.061406e-03	48218421.000000	0.000000e+00
5.528165e+00	1.430644e+01	2.059398e-03	48259465.000000	0.000000e+00
5.530160e+00	1.429150e+01	2.056459e-03	48296487.000000	0.000000e+00
5.532154e+00	1.427842e+01	2.054185e-03	48314869.000000	0.000000e+00
5.534149e+00	1.427294e+01	2.052125e-03	48374809.000000	0.000000e+00
5.536144e+00	1.426318e+01	2.049859e-03	48415503.000000	0.000000e+00
5.538139e+00	1.425650e+01	2.048388e-03	48439681.000000	0.000000e+00
5.540133e+00	1.424608e+01	2.046190e-03	48472881.000000	0.000000e+00
5.542128e+00	1.423615e+01	2.044672e-03	48477253.000000	0.000000e+00
5.544122e+00	1.422267e+01	2.041033e-03	48558127.000000	0.000000e+00
5.546117e+00	1.421477e+01	2.039521e-03	48576153.000000	0.000000e+00
5.548112e+00	1.420623e+01	2.037324e-03	48622573.000000	0.000000e+00
5.550106e+00	1.419330e+01	2.035361e-03	48627735.000000	0.000000e+00
5.552101e+00	1.418552e+01	2.032972e-03	48688669.000000	0.000000e+00
5.554096e+00	1.417692e+01	2.031196e-03	48714681.000000	0.000000e+00
5.556090e+00	1.416691e+01	2.029417e-03	48731227.000000	0.000000e+00
5.558085e+00	1.415538e+01	2.026344e-03	48799681.000000	0.000000e+00
5.560079e+00	1.414644e+01	2.024706e-03	48816933.000000	0.000000e+00
5.562074e+00	1.414027e+01	2.022951e-03	48858985.000000	0.000000e+00
5.564069e+00	1.412715e+01	2.020107e-03	48905787.000000	0.000000e+00
5.566064e+00	1.411927e+01	2.018948e-03	48907381.000000	0.000000e+00
5.568058e+00	1.411116e+01	2.016678e-03	48961185.000000	0.000000e+00
5.570053e+00	1.409753e+01	2.013925e-03	49000399.000000	0.000000e+00
5.572047e+00	1.408839e+01	2.012047e-03	49028245.000000	0.000000e+00
5.574042e+00	1.407784e+01	2.009377e-03	49085025.000000	0.000000e+00
5.576037e+00	1.407144e+01	2.008546e-03	49080961.000000	0.000000e+00
5.578032e+00	1.406199e+01	2.005763e-03	49151235.000000	0.000000e+00
5.580026e+00	1.404948e+01	2.004042e-03	49148089.000000	0.000000e+00
5.582021e+00	1.404174e+01	2.001463e-03	49220613.000000	0.000000e+00
5.584015e+00	1.402998e+01	1.999547e-03	49232395.000000	0.000000e+00
5.586010e+00	1.402417e+01	1.997524e-03	49291297.000000	0.000000e+00
5.588005e+00	1.401528e+01	1.995757e-03	49316073.000000	0.000000e+00
5.589999e+00	1.400313e+01	1.994087e-03	49313053.000000	0.000000e+00
5.591994e+00	1.399175e+01	1.990630e-03	49404051.000000	0.000000e+00
5.593989e+00	1.398633e+01	1.989721e-03	49410913.000000	0.000000e+00
5.595983e+00	1.397153e+01	1.986891e-03	49446973.000000	0.000000e+00
5.597978e+00	1.396361e+01	1.984512e-03	49509435.000000	0.000000e+00
5.599973e+00	1.395272e+01	1.983028e-03	49506277.000000	0.000000e+00
5.601967e+00	1.394626e+01	1.980767e-03	49573425.000000	0.000000e+00
5.603962e+00	1.393494e+01	1.979090e-03	49576891.000000	0.000000e+00
5.605956e+00	1.392764e+01	1.976852e-03	49637181.000000	0.000000e+00
5.607951e+00	1.392197e+01	1.975366e-03	49671385.000000	0.000000e+00
5.609946e+00	1.391032e+01	1.973342e-03	49690021.000000	0.000000e+00
5.611940e+00	1.389707e+01	1.970496e-03	49738779.000000	0.000000e+00
5.613935e+00	1.388874e+01	1.968875e-03	49761049.000000	0.000000e+00
5.615930e+00	1.387822e+01	1.965833e-03	49839525.000000	0.000000e+00
5.617924e+00	1.386749e+01	1.965148e-03	49797223.000000	0.000000e+00
5.619919e+00	1.385964e+01	1.961995e-03	49900821.000000	0.000000e+00
5.621913e+00	1.385181e+01	1.961195e-03	49885177.000000	0.000000e+00
5.623908e+00	1.384210e+01	1.958123e-03	49971733.000000	0.000000e+00
5.625902e+00	1.383171e+01	1.956916e-03	49958247.000000	0.000000e+00
5.627897e+00	1.382143e+01	1.953868e-03	50039809.000000	0.000000e+00
5.629892e+00	1.381326e+01	1.952220e-03	50065065.000000	0.000000e+00
5.631887e+00	1.380560e+01	1.950557e-03	50094859.000000	0.000000e+00
5.633882e+00	1.379597e+01	1.949103e-03	50099677.000000	0.000000e+00
5.635876e+00	1.378560e+01	1.946232e-03	50172117.000000	0.000000e+00
5.637871e+00	1.377621e+01	1.944576e-03	50189167.000000	0.000000e+00
5.639866e+00	1.376677e+01	1.942186e-03	50243745.000000	0.000000e+00
5.641860e+00	1.376068e+01	1.941538e-03	50232829.000000	0.000000e+00
5.643854e+00	1.374771e+01	1.937888e-03	50327265.000000	0.000000e+00
5.645849e+00	1.374042e+01	1.936637e-03	50338831.000000	0.000000e+00
5.647844e+00	1.372987e+01	1.934221e-03	50387245.000000	0.000000e+00
5.649839e+00	1.372194e+01	1.932840e-03	50401053.000000	0.000000e+00
5.651833e+00	1.371491e+01	1.931090e-03	50440723.000000	0.000000e+00
5.653828e+00	1.369851e+01	1.927968e-03	50483217.000000	0.000000e+00
5.655823e+00	1.369328e+01	1.926512e-03	50520937.000000	0.000000e+00
5.657817e+00	1.368197e+01	1.924577e-03	50538981.000000	0.000000e+00
5.659812e+00	1.367540e+01	1.922249e-03	50612815.000000	0.000000e+00
5.661807e+00	1.366491e+01	1.921278e-03	50586361.000000	0.000000e+00
5.663801e+00	1.365481e+01	1.918229e-03	50672277.000000	0.000000e+00
5.665796e+00	1.364698e+01	1.916560e-03	50702347.000000	0.000000e+00
5.667791e+00	1.363785e+01	1.914883e-03	50723253.000000	0.000000e+00
5.669785e+00	1.362805e+01	1.912694e-03	50766409.000000	0.000000e+00
5.671779e+00	1.361632e+01	1.910788e-03	50780223.000000	0.000000e+00
5.673774e+00	1.360788e+01	1.908039e-03	50863525.000000	0.000000e+00
5.675769e+00	1.359812e+01	1.906505e-03	50872333.000000	0.000000e+00
5.677764e+00	1.358978e+01	1.904659e-03	50908545.000000	0.000000e+00
5.679758e+00	1.358315e+01	1.903227e-03	50935411.000000	0.000000e+00
5.681753e+00	1.357469e+01	1.901038e-03	50989221.000000	0.000000e+00
5.683748e+00	1.356304e+01	1.898773e-03	51023185.000000	0.000000e+00
5.685742e+00	1.355453e+01	1.897751e-03	51014107.000000	0.000000e+00
5.687736e+00	1.354341e+01	1.894482e-03	51106365.000000	0.000000e+00
5.689731e+00	1.353544e+01	1.892952e-03	51128809.000000	0.000000e+00
5.691726e+00	1.352719e+01	1.890964e-03	51173949.000000	0.000000e+00
5.693721e+00	1.351947e+01	1.889740e-03	51181795.000000	0.000000e+00
5.695715e+00	1.350715e+01	1.887153e-03	51228705.000000	0.000000e+00
5.697710e+00	1.349747e+01	1.885117e-03	51265813.000000	0.000000e+00
5.699705e+00	1.348680e+01	1.882838e-03	51308791.000000	0.000000e+00
5.701699e+00	1.348482e+01	1.882033e-03	51337677.000000	0.000000e+00
5.703694e+00	1.347202e+01	1.879510e-03	51377845.000000	0.000000e+00
5.705689e+00	1.346378e+01	1.877866e-03	51404925.000000	0.000000e+00
5.707683e+00	1.345382e+01	1.875501e-03	51458431.000000	0.000000e+00
5.709678e+00	1.344676e+01	1.874279e-03	51471513.000000	0.000000e+00
5.711672e+00	1.343357e+01	1.871655e-03	51514765.000000	0.000000e+00
5.713667e+00	1.342620e+01	1.869802e-03	51560215.000000	0.000000e+00
5.715662e+00	1.341931e+01	1.868258e-03	51592545.000000	0.000000e+00
5.717656e+00	1.340573e+01	1.866024e-03	51611449.000000	0.000000e+00
5.719650e+00	1.339834e+01	1.864306e-03	51649683.000000	0.000000e+00
5.721645e+00	1.338950e+01	1.862070e-03	51705457.000000	0.000000e+00
5.723640e+00	1.338230e+01	1.860036e-03	51762897.000000	0.000000e+00
5.725635e+00	1.336985e+01	1.858281e-03	51764317.000000	0.000000e+00
5.727630e+00	1.336294e+01	1.856747e-03	51796267.000000	0.000000e+00
5.729624e+00	1.335336e+01	1.854685e-03	51837093.000000	0.000000e+00
5.731619e+00	1.334616e+01	1.852229e-03	51918661.000000	0.000000e+00
5.733614e+00	1.333622e+01	1.851323e-03	51892107.000000	0.000000e+00
5.735609e+00	1.332845e+01	1.848780e-03	51974341.000000	0.000000e+00
5.737603e+00	1.331850e+01	1.847740e-03	51955177.000000	0.000000e+00
5.739598e+00	1.331241e+01	1.845517e-03	52032813.000000	0.000000e+00
5.741592e+00	1.330364e+01	1.843754e-03	52063675.000000	0.000000e+00
5.743587e+00	1.329067e+01	1.841307e-03	52100445.000000	0.000000e+00
5.745582e+00	1.327999e+01	1.839602e-03	52113229.000000	0.000000e+00
5.747576e+00	1.327187e+01	1.837049e-03	52194291.000000	0.000000e+00
5.749572e+00	1.326759e+01	1.836265e-03	52205161.000000	0.000000e+00
5.751566e+00	1.325477e+01	1.833908e-03	52238329.000000	0.000000e+00
5.753560e+00	1.324773e+01	1.832601e-03	52257327.000000	0.000000e+00
5.755555e+00	1.323908e+01	1.829842e-03	52346593.000000	0.000000e+00
5.757550e+00	1.322899e+01	1.828928e-03	52319097.000000	0.000000e+00
5.759544e+00	1.321907e+01	1.826527e-03	52378093.000000	0.000000e+00
5.761539e+00	1.321450e+01	1.824790e-03	52441551.000000	0.000000e+00
5.763533e+00	1.320213e+01	1.823185e-03	52435597.000000	0.000000e+00
5.765528e+00	1.319734e+01	1.821199e-03	52511905.000000	0.000000e+00
5.767522e+00	1.318595e+01	1.819655e-03	52510323.000000	0.000000e+00
5.769517e+00	1.317635e+01	1.816845e-03	52596217.000000	0.000000e+00
5.771512e+00	1.317126e+01	1.816204e-03	52592685.000000	0.000000e+00
5.773507e+00	1.315955e+01	1.813520e-03	52654693.000000	0.000000e+00
5.775502e+00	1.315340e+01	1.812346e-03	52673763.000000	0.000000e+00
5.777496e+00	1.314168e+01	1.810061e-03	52712689.000000	0.000000e+00
5.779491e+00	1.312972e+01	1.807767e-03	52750417.000000	0.000000e+00
5.781486e+00	1.312526e+01	1.806644e-03	52780143.000000	0.000000e+00
5.783480e+00	1.311691e+01	1.804671e-03	52828309.000000	0.000000e+00
5.785475e+00	1.310505e+01	1.802719e-03	52847157.000000	0.000000e+00
5.787469e+00	1.309797e+01	1.801123e-03	52883653.000000	0.000000e+00
5.789464e+00	1.308917e+01	1.799019e-03	52936159.000000	0.000000e+00
5.791459e+00	1.308316e+01	1.797400e-03	52982889.000000	0.000000e+00
5.793454e+00	1.307542e+01	1.795713e-03	53019709.000000	0.000000e+00
5.795448e+00	1.306458e+01	1.794332e-03	53013339.000000	0.000000e+00
5.797442e+00	1.305633e+01	1.792133e-03	53076457.000000	0.000000e+00
5.799437e+00	1.304775e+01	1.790190e-03	53121849.000000	0.000000e+00
5.801432e+00	1.303697e+01	1.788139e-03	53155843.000000	0.000000e+00
5.803426e+00	1.302966e+01	1.786841e-03	53173357.000000	0.000000e+00
5.805421e+00	1.301837e+01	1.784188e-03	53239257.000000	0.000000e+00
5.807416e+00	1.300876e+01	1.782642e-03	53252929.000000	0.000000e+00
5.809410e+00	1.300555e+01	1.781620e-03	53287707.000000	0.000000e+00
5.811405e+00	1.298986e+01	1.778601e-03	53339893.000000	0.000000e+00
5.813400e+00	1.298398e+01	1.777296e-03	53369877.000000	0.000000e+00
5.815394e+00	1.297734e+01	1.775674e-03	53412715.000000	0.000000e+00
5.817389e+00	1.297045e+01	1.774257e-03	53441317.000000	0.000000e+00
5.819384e+00	1.296236e+01	1.772525e-03	53479029.000000	0.000000e+00
5.821378e+00	1.295315e+01	1.770632e-03	53517289.000000	0.000000e+00
5.823373e+00	1.294245e+01	1.768581e-03	53552919.000000	0.000000e+00
5.825368e+00	1.293300e+01	1.766624e-03	53593297.000000	0.000000e+00
5.827363e+00	1.292627e+01	1.764922e-03	53640805.000000	0.000000e+00
5.829357e+00	1.291801e+01	1.763655e-03	53649351.000000	0.000000e+00
5.831352e+00	1.291201e+01	1.762082e-03	53695213.000000	0.000000e+00
5.833346e+00	1.289932e+01	1.759530e-03	53745261.000000	0.000000e+00
5.835341e+00	1.289285e+01	1.758293e-03	53766919.000000	0.000000e+00
5.837335e+00	1.288190e+01	1.756213e-03	53802849.000000	0.000000e+00
5.839330e+00	1.287261e+01	1.754259e-03	53845009.000000	0.000000e+00
5.841325e+00	1.286624e+01	1.752528e-03	53898097.000000	0.000000e+00
5.843320e+00	1.285680e+01	1.750862e-03	53921475.000000	0.000000e+00
5.845314e+00	1.285146e+01	1.749380e-03	53968057.000000	0.000000e+00
5.847309e+00	1.283730e+01	1.747178e-03	53984961.000000	0.000000e+00
5.849304e+00	1.283594e+01	1.746118e-03	54039139.000000	0.000000e+00
5.851298e+00	1.282036e+01	1.743564e-03	54066057.000000	0.000000e+00
5.853293e+00	1.281440e+01	1.742462e-03	54084181.000000	0.000000e+00
5.855287e+00	1.281014e+01	1.740993e-03	54139429.000000	0.000000e+00
5.857282e+00	1.279881e+01	1.738633e-03	54190527.000000	0.000000e+00
5.859277e+00	1.279297e+01	1.737187e-03	54231277.000000	0.000000e+00
5.861272e+00	1.278112e+01	1.735447e-03	54239397.000000	0.000000e+00
5.863266e+00	1.277438e+01	1.733947e-03	54276031.000000	0.000000e+00
5.865261e+00	1.276229e+01	1.731010e-03	54357309.000000	0.000000e+00
5.867256e+00	1.275408e+01	1.729854e-03	54359977.000000	0.000000e+00
5.869250e+00	1.275050e+01	1.729007e-03	54382705.000000	0.000000e+00
5.871244e+00	1.274101e+01	1.726856e-03	54437199.000000	0.000000e+00
5.873239e+00	1.273219e+01	1.724799e-03	54491569.000000	0.000000e+00
5.875234e+00	1.272512e+01	1.723764e-03	54496509.000000	0.000000e+00
5.877228e+00	1.271780e+01	1.721857e-03	54554431.000000	0.000000e+00
5.879223e+00	1.270559e+01	1.719683e-03	54587413.000000	0.000000e+00
5.881218e+00	1.269889e+01	1.718552e-03	54601737.000000	0.000000e+00
5.883212e+00	1.269050e+01	1.716221e-03	54677767.000000	0.000000e+00
5.885207e+00	1.268267e+01	1.714737e-03	54704889.000000	0.000000e+00
5.887202e+00	1.267208e+01	1.713264e-03	54707533.000000	0.000000e+00
5.889196e+00	1.266239e+01	1.710569e-03	54796137.000000	0.000000e+00
5.891191e+00	1.265673e+01	1.709592e-03	54809755.000000	0.000000e+00
5.893186e+00	1.264735e+01	1.707973e-03	54832405.000000	0.000000e+00
5.895180e+00	1.263817e+01	1.705985e-03	54880485.000000	0.000000e+00
5.897174e+00	1.263425e+01	1.705481e-03	54878887.000000	0.000000e+00
5.899169e+00	1.262186e+01	1.701877e-03	55003473.000000	0.000000e+00
5.901164e+00	1.261243e+01	1.701012e-03	54977197.000000	0.000000e+00
5.903159e+00	1.260805e+01	1.699343e-03	55047069.000000	0.000000e+00
5.905153e+00	1.259612e+01	1.697713e-03	55048447.000000	0.000000e+00
5.907148e+00	1.258855e+01	1.695371e-03	55134313.000000	0.000000e+00
5.909143e+00	1.258295e+01	1.694900e-03	55115877.000000	0.000000e+00
5.911137e+00	1.257511e+01	1.692623e-03	55195399.000000	0.000000e+00
5.913132e+00	1.256602e+01	1.691033e-03	55219389.000000	0.000000e+00
5.915127e+00	1.256057e+01	1.689506e-03	55271257.000000	0.000000e+00
5.917122e+00	1.254856e+01	1.687925e-03	55268931.000000	0.000000e+00
5.919116e+00	1.254141e+01	1.685717e-03	55350709.000000	0.000000e+00
5.921111e+00	1.253449e+01	1.684824e-03	55348309.000000	0.000000e+00
5.923105e+00	1.252318e+01	1.682600e-03	55394565.000000	0.000000e+00
5.925100e+00	1.251347e+01	1.680532e-03	55444927.000000	0.000000e+00
5.927095e+00	1.250799e+01	1.679238e-03	55481781.000000	0.000000e+00
5.929089e+00	1.249720e+01	1.677197e-03	55520989.000000	0.000000e+00
5.931084e+00	1.248908e+01	1.675757e-03	55544227.000000	0.000000e+00
5.933079e+00	1.248681e+01	1.674716e-03	55593045.000000	0.000000e+00
5.935073e+00	1.247394e+01	1.672349e-03	55635697.000000	0.000000e+00
5.937068e+00	1.246449e+01	1.670876e-03	55649385.000000	0.000000e+00
5.939063e+00	1.245920e+01	1.669020e-03	55725979.000000	0.000000e+00
5.941057e+00	1.245186e+01	1.668116e-03	55720617.000000	0.000000e+00
5.943052e+00	1.243999e+01	1.665572e-03	55784461.000000	0.000000e+00
5.945047e+00	1.243547e+01	1.664439e-03	55819807.000000	0.000000e+00
5.947041e+00	1.242904e+01	1.663666e-03	55813977.000000	0.000000e+00
5.949035e+00	1.242051e+01	1.660825e-03	55928209.000000	0.000000e+00
5.951031e+00	1.241484e+01	1.660108e-03	55925451.000000	0.000000e+00
5.953025e+00	1.240556e+01	1.658305e-03	55963333.000000	0.000000e+00
5.955020e+00	1.239653e+01	1.656626e-03	55995261.000000	0.000000e+00
5.957014e+00	1.238733e+01	1.654633e-03	56046925.000000	0.000000e+00
5.959009e+00	1.238131e+01	1.653669e-03	56057803.000000	0.000000e+00
5.961003e+00	1.237171e+01	1.651331e-03	56129493.000000	0.000000e+00
5.962998e+00	1.236339e+01	1.649830e-03	56156089.000000	0.000000e+00
5.964993e+00	1.235416e+01	1.648062e-03	56192691.000000	0.000000e+00
5.966987e+00	1.234617e+01	1.646899e-03	56199253.000000	0.000000e+00
5.968982e+00	1.233901e+01	1.644566e-03	56293485.000000	0.000000e+00
5.970977e+00	1.232885e+01	1.643466e-03	56276101.000000	0.000000e+00
5.972971e+00	1.232316e+01	1.641526e-03	56357095.000000	0.000000e+00
5.974966e+00	1.231406e+01	1.640198e-03	56365053.000000	0.000000e+00
5.976961e+00	1.230776e+01	1.638300e-03	56437909.000000	0.000000e+00
5.978956e+00	1.229761e+01	1.636834e-03	56445879.000000	0.000000e+00
5.980950e+00	1.229032e+01	1.635254e-03	56487961.000000	0.000000e+00
5.982945e+00	1.228577e+01	1.634103e-03	56525689.000000	0.000000e+00
5.984939e+00	1.227385e+01	1.631791e-03	56576109.000000	0.000000e+00
5.986934e+00	1.226879e+01	1.630735e-03	56602627.000000	0.000000e+00
5.988929e+00	1.226110e+01	1.629102e-03	56645121.000000	0.000000e+00
5.990923e+00	1.225167e+01	1.627778e-03	56650021.000000	0.000000e+00
5.992918e+00	1.224391e+01	1.625416e-03	56742855.000000	0.000000e+00
5.994913e+00	1.223730e+01	1.624576e-03	56740249.000000	0.000000e+00
5.996907e+00	1.222853e+01	1.622477e-03	56805649.000000	0.000000e+00
5.998902e+00	1.221963e+01	1.620976e-03	56828103.000000	0.000000e+00
6.000897e+00	1.221421e+01	1.619564e-03	56876689.000000	0.000000e+00
6.002891e+00	1.220517e+01	1.618196e-03	56888601.000000	0.000000e+00
6.004886e+00	1.219521e+01	1.615967e-03	56952649.000000	0.000000e+00
6.006880e+00	1.219011e+01	1.615233e-03	56956683.000000	0.000000e+00
6.008875e+00	1.218085e+01	1.612765e-03	57044377.000000	0.000000e+00
6.010870e+00	1.217312e+01	1.611485e-03	57062617.000000	0.000000e+00
6.012865e+00	1.216386e+01	1.609759e-03	57097995.000000	0.000000e+00
6.014859e+00	1.215637e+01	1.608349e-03	57127789.000000	0.000000e+00
6.016854e+00	1.215080e+01	1.606833e-03	57183153.000000	0.000000e+00
6.018849e+00	1.213937e+01	1.604939e-03	57210385.000000	0.000000e+00
6.020843e+00	1.213361e+01	1.603746e-03	57241207.000000	0.000000e+00
6.022838e+00	1.212437e+01	1.601885e-03	57286977.000000	0.000000e+00
6.024833e+00	1.211745e+01	1.600456e-03	57323797.000000	0.000000e+00
6.026827e+00	1.210945e+01	1.598891e-03	57360219.000000	0.000000e+00
6.028822e+00	1.210172e+01	1.597419e-03	57392701.000000	0.000000e+00
6.030816e+00	1.209776e+01	1.596301e-03	57435489.000000	0.000000e+00
6.032811e+00	1.208907e+01	1.594482e-03	57483931.000000	0.000000e+00
6.034806e+00	1.207912e+01	1.593011e-03	57495409.000000	0.000000e+00
6.036800e+00	1.207397e+01	1.591343e-03	57566901.000000	0.000000e+00
6.038795e+00	1.206572e+01	1.590444e-03	57553237.000000	0.000000e+00
6.040789e+00	1.205767e+01	1.588243e-03	57635931.000000	0.000000e+00
6.042784e+00	1.205062e+01	1.586812e-03	57672337.000000	0.000000e+00
6.044779e+00	1.203926e+01	1.584691e-03	57717885.000000	0.000000e+00
6.046774e+00	1.203383e+01	1.583636e-03	57742699.000000	0.000000e+00
6.048769e+00	1.202799e+01	1.582186e-03	57792385.000000	0.000000e+00
6.050763e+00	1.202053e+01	1.581095e-03	57800433.000000	0.000000e+00
6.052758e+00	1.200970e+01	1.578920e-03	57855409.000000	0.000000e+00
6.054752e+00	1.200028e+01	1.577229e-03	57888627.000000	0.000000e+00
6.056746e+00	1.199431e+01	1.576044e-03	57918049.000000	0.000000e+00
6.058741e+00	1.198616e+01	1.574237e-03	57972225.000000	0.000000e+00
6.060736e+00	1.197799e+01	1.572626e-03	58011823.000000	0.000000e+00
6.062730e+00	1.197463e+01	1.571742e-03	58044529.000000	0.000000e+00
6.064725e+00	1.196677e+01	1.569862e-03	58107381.000000	0.000000e+00
6.066720e+00	1.195626e+01	1.568697e-03	58091533.000000	0.000000e+00
6.068714e+00	1.195161e+01	1.566911e-03	58178703.000000	0.000000e+00
6.070709e+00	1.194261e+01	1.565481e-03	58197337.000000	0.000000e+00
6.072704e+00	1.193302e+01	1.563362e-03	58261489.000000	0.000000e+00
6.074699e+00	1.192679e+01	1.562523e-03	58263195.000000	0.000000e+00
6.076694e+00	1.191947e+01	1.560893e-03	58313305.000000	0.000000e+00
6.078688e+00	1.191005e+01	1.559336e-03	58337457.000000	0.000000e+00
6.080682e+00	1.190101e+01	1.557485e-03	58387519.000000	0.000000e+00
6.082677e+00	1.189622e+01	1.556163e-03	58439685.000000	0.000000e+00
6.084672e+00	1.188902e+01	1.555058e-03	58451917.000000	0.000000e+00
6.086666e+00	1.187875e+01	1.552910e-03	58512493.000000	0.000000e+00
6.088661e+00	1.187360e+01	1.551726e-03	58551027.000000	0.000000e+00
6.090656e+00	1.186443e+01	1.550193e-03	58576357.000000	0.000000e+00
6.092650e+00	1.185741e+01	1.548665e-03	58622529.000000	0.000000e+00
6.094645e+00	1.184771e+01	1.546898e-03	58660471.000000	0.000000e+00
6.096640e+00	1.184157e+01	1.545654e-03	58694049.000000	0.000000e+00
6.098635e+00	1.183734e+01	1.544215e-03	58761433.000000	0.000000e+00
6.100629e+00	1.182882e+01	1.543437e-03	58736125.000000	0.000000e+00
6.102623e+00	1.181674e+01	1.540500e-03	58839903.000000	0.000000e+00
6.104618e+00	1.181240e+01	1.540145e-03	58823773.000000	0.000000e+00
6.106613e+00	1.180828e+01	1.538474e-03	58910505.000000	0.000000e+00
6.108607e+00	1.179880e+01	1.537154e-03	58917091.000000	0.000000e+00
6.110602e+00	1.178815e+01	1.534859e-03	58986669.000000	0.000000e+00
6.112597e+00	1.178229e+01	1.533895e-03	59002261.000000	0.000000e+00
6.114592e+00	1.177448e+01	1.532507e-03	59030755.000000	0.000000e+00
6.116586e+00	1.176661e+01	1.530629e-03	59096613.000000	0.000000e+00
6.118581e+00	1.176011e+01	1.529596e-03	59111125.000000	0.000000e+00
6.120575e+00	1.175204e+01	1.528016e-03	59152161.000000	0.000000e+00
6.122570e+00	1.174903e+01	1.526955e-03	59204059.000000	0.000000e+00
6.124565e+00	1.173815e+01	1.525167e-03	59233093.000000	0.000000e+00
6.126559e+00	1.173109e+01	1.523876e-03	59262117.000000	0.000000e+00
6.128554e+00	1.172202e+01	1.521623e-03	59345971.000000	0.000000e+00
6.130549e+00	1.171546e+01	1.520925e-03	59333937.000000	0.000000e+00
6.132543e+00	1.171070e+01	1.519439e-03	59401741.000000	0.000000e+00
6.134538e+00	1.170105e+01	1.517679e-03	59441445.000000	0.000000e+00
6.136533e+00	1.169417e+01	1.516441e-03	59468587.000000	0.000000e+00
6.138528e+00	1.168808e+01	1.515287e-03	59497165.000000	0.000000e+00
6.140522e+00	1.167761e+01	1.513395e-03	59539161.000000	0.000000e+00
6.142517e+00	1.167475e+01	1.512320e-03	59594791.000000	0.000000e+00
6.144511e+00	1.166330e+01	1.510860e-03	59592873.000000	0.000000e+00
6.146506e+00	1.165630e+01	1.508924e-03	59674189.000000	0.000000e+00
6.148501e+00	1.164662e+01	1.507174e-03	59713575.000000	0.000000e+00
6.150495e+00	1.164365e+01	1.506657e-03	59724013.000000	0.000000e+00
6.152489e+00	1.163386e+01	1.504859e-03	59766325.000000	0.000000e+00
6.154484e+00	1.162654e+01	1.503101e-03	59830833.000000	0.000000e+00
6.156479e+00	1.161953e+01	1.501702e-03	59870023.000000	0.000000e+00
6.158474e+00	1.161148e+01	1.500671e-03	59869329.000000	0.000000e+00
6.160468e+00	1.160457e+01	1.498755e-03	59951005.000000	0.000000e+00
6.162463e+00	1.159620e+01	1.497468e-03	59967615.000000	0.000000e+00
6.164458e+00	1.159117e+01	1.496084e-03	60026425.000000	0.000000e+00
6.166452e+00	1.158389e+01	1.495260e-03	60017173.000000	0.000000e+00
6.168447e+00	1.157820e+01	1.493596e-03	60091845.000000	0.000000e+00
6.170441e+00	1.156989e+01	1.491996e-03	60134419.000000	0.000000e+00
6.172436e+00	1.155996e+01	1.490682e-03	60137157.000000	0.000000e+00
6.174430e+00	1.155234e+01	1.488556e-03	60229549.000000	0.000000e+00
6.176425e+00	1.154462e+01	1.487541e-03	60231235.000000	0.000000e+00
6.178420e+00	1.153987e+01	1.486091e-03	60299121.000000	0.000000e+00
6.180415e+00	1.152955e+01	1.484291e-03	60337417.000000	0.000000e+00
6.182410e+00	1.152608e+01	1.483745e-03	60345501.000000	0.000000e+00
6.184404e+00	1.151683e+01	1.481753e-03	60410767.000000	0.000000e+00
6.186399e+00	1.151237e+01	1.480896e-03	60433929.000000	0.000000e+00
6.188394e+00	1.150352e+01	1.479266e-03	60473965.000000	0.000000e+00
6.190388e+00	1.149769e+01	1.478019e-03	60514807.000000	0.000000e+00
6.192383e+00	1.148876e+01	1.476315e-03	60560409.000000	0.000000e+00
6.194378e+00	1.148045e+01	1.474734e-03	60602521.000000	0.000000e+00
6.196372e+00	1.147125e+01	1.473220e-03	60629775.000000	0.000000e+00
6.198366e+00	1.146890e+01	1.472827e-03	60637381.000000	0.000000e+00
6.200361e+00	1.146278e+01	1.470730e-03	60745557.000000	0.000000e+00
6.202356e+00	1.145177e+01	1.469165e-03	60758137.000000	0.000000e+00
6.204351e+00	1.144775e+01	1.468425e-03	60776671.000000	0.000000e+00
6.206345e+00	1.143887e+01	1.466719e-03	60823665.000000	0.000000e+00
6.208340e+00	1.143258e+01	1.465484e-03	60859237.000000	0.000000e+00
6.210335e+00	1.142293e+01	1.463354e-03	60933447.000000	0.000000e+00
6.212329e+00	1.141928e+01	1.462888e-03	60933397.000000	0.000000e+00
6.214324e+00	1.140956e+01	1.461087e-03	60979729.000000	0.000000e+00
6.216319e+00	1.140071e+01	1.459242e-03	61039269.000000	0.000000e+00
6.218314e+00	1.139501e+01	1.458073e-03	61076107.000000	0.000000e+00
6.220308e+00	1.139037e+01	1.457566e-03	61068753.000000	0.000000e+00
6.222302e+00	1.138449e+01	1.456142e-03	61125037.000000	0.000000e+00
6.224297e+00	1.137444e+01	1.453820e-03	61212327.000000	0.000000e+00
6.226292e+00	1.136805e+01	1.452812e-03	61228453.000000	0.000000e+00
6.228287e+00	1.136057e+01	1.451461e-03	61261717.000000	0.000000e+00
6.230281e+00	1.135487e+01	1.450366e-03	61292715.000000	0.000000e+00
6.232276e+00	1.134733e+01	1.448976e-03	61328809.000000	0.000000e+00
6.234270e+00	1.133952e+01	1.447463e-03	61372557.000000	0.000000e+00
6.236265e+00	1.132977e+01	1.445677e-03	61418581.000000	0.000000e+00
6.238259e+00	1.132471e+01	1.444758e-03	61441791.000000	0.000000e+00
6.240254e+00	1.131894e+01	1.443116e-03	61518973.000000	0.000000e+00
6.242249e+00	1.130828e+01	1.441620e-03	61530613.000000	0.000000e+00
6.244243e+00	1.130360e+01	1.440714e-03	61557003.000000	0.000000e+00
6.246238e+00	1.129458e+01	1.438876e-03	61615981.000000	0.000000e+00
6.248232e+00	1.128958e+01	1.437831e-03	61651005.000000	0.000000e+00
6.250227e+00	1.128338e+01	1.436371e-03	61708525.000000	0.000000e+00
6.252222e+00	1.127209e+01	1.434699e-03	61728735.000000	0.000000e+00
6.254217e+00	1.127000e+01	1.433864e-03	61777657.000000	0.000000e+00
6.256211e+00	1.125993e+01	1.432393e-03	61794061.000000	0.000000e+00
6.258206e+00	1.125439e+01	1.430849e-03	61866639.000000	0.000000e+00
6.260201e+00	1.124808e+01	1.430014e-03	61869517.000000	0.000000e+00
6.262195e+00	1.124002e+01	1.428008e-03	61954557.000000	0.000000e+00
6.264190e+00	1.123457e+01	1.427319e-03	61954213.000000	0.000000e+00
6.266185e+00	1.122758e+01	1.425796e-03	62009455.000000	0.000000e+00
6.268179e+00	1.121846e+01	1.424223e-03	62045493.000000	0.000000e+00
6.270174e+00	1.121087e+01	1.422680e-03	62096077.000000	0.000000e+00
6.272168e+00	1.120622e+01	1.421976e-03	62106051.000000	0.000000e+00
6.274163e+00	1.119884e+01	1.420213e-03	62178361.000000	0.000000e+00
6.276158e+00	1.119078e+01	1.418891e-03	62204589.000000	0.000000e+00
6.278153e+00	1.118360e+01	1.417490e-03	62247727.000000	0.000000e+00
6.280147e+00	1.117646e+01	1.416283e-03	62274217.000000	0.000000e+00
6.282142e+00	1.117137e+01	1.414954e-03	62334525.000000	0.000000e+00
6.284136e+00	1.116535e+01	1.414037e-03	62348125.000000	0.000000e+00
6.286131e+00	1.115626e+01	1.412148e-03	62413263.000000	0.000000e+00
6.288126e+00	1.115074e+01	1.411055e-03	62448157.000000	0.000000e+00
6.290121e+00	1.114341e+01	1.409684e-03	62487441.000000	0.000000e+00
6.292115e+00	1.113435e+01	1.408239e-03	62513947.000000	0.000000e+00
6.294110e+00	1.112899e+01	1.407183e-03	62547577.000000	0.000000e+00
6.296104e+00	1.112362e+01	1.405605e-03	62627673.000000	0.000000e+00
6.298099e+00	1.111678e+01	1.404925e-03	62611213.000000	0.000000e+00
6.300094e+00	1.110993e+01	1.402856e-03	62718627.000000	0.000000e+00
6.302089e+00	1.110420e+01	1.402467e-03	62688793.000000	0.000000e+00
6.304083e+00	1.109495e+01	1.400363e-03	62772549.000000	0.000000e+00
6.306077e+00	1.108862e+01	1.399449e-03	62782783.000000	0.000000e+00
6.308072e+00	1.108081e+01	1.397648e-03	62856145.000000	0.000000e+00
6.310067e+00	1.107681e+01	1.396837e-03	62883633.000000	0.000000e+00
6.312062e+00	1.106834e+01	1.395429e-03	62914291.000000	0.000000e+00
6.314056e+00	1.106025e+01	1.394051e-03	62946705.000000	0.000000e+00
6.316051e+00	1.105222e+01	1.392236e-03	63019249.000000	0.000000e+00
6.318046e+00	1.104994e+01	1.391821e-03	63030901.000000	0.000000e+00
6.320040e+00	1.104068e+01	1.390142e-03	63077343.000000	0.000000e+00
6.322035e+00	1.103437e+01	1.389181e-03	63092473.000000	0.000000e+00
6.324029e+00	1.102528e+01	1.387063e-03	63181077.000000	0.000000e+00
6.326024e+00	1.102174e+01	1.386419e-03	63199183.000000	0.000000e+00
6.328019e+00	1.101088e+01	1.384723e-03	63229353.000000	0.000000e+00
6.330013e+00	1.100459e+01	1.383380e-03	63279745.000000	0.000000e+00
6.332008e+00	1.100084e+01	1.382418e-03	63324733.000000	0.000000e+00
6.334003e+00	1.099526e+01	1.381344e-03	63358839.000000	0.000000e+00
6.335997e+00	1.098632e+01	1.379908e-03	63387565.000000	0.000000e+00
6.337992e+00	1.097779e+01	1.378242e-03	63442353.000000	0.000000e+00
6.339987e+00	1.097412e+01	1.377244e-03	63491791.000000	0.000000e+00
6.341982e+00	1.096587e+01	1.376175e-03	63494925.000000	0.000000e+00
6.343976e+00	1.096113e+01	1.374930e-03	63554989.000000	0.000000e+00
6.345970e+00	1.095289e+01	1.373596e-03	63582835.000000	0.000000e+00
6.347965e+00	1.094330e+01	1.371643e-03	63652293.000000	0.000000e+00
6.349960e+00	1.093791e+01	1.370683e-03	63678805.000000	0.000000e+00
6.351955e+00	1.093256e+01	1.369503e-03	63726141.000000	0.000000e+00
6.353949e+00	1.092583e+01	1.368567e-03	63734803.000000	0.000000e+00
6.355944e+00	1.091788e+01	1.366819e-03	63804973.000000	0.000000e+00
6.357939e+00	1.091161e+01	1.365509e-03	63854097.000000	0.000000e+00
6.359933e+00	1.090596e+01	1.364612e-03	63871795.000000	0.000000e+00
6.361928e+00	1.089816e+01	1.363273e-03	63905841.000000	0.000000e+00
6.363923e+00	1.089288e+01	1.361858e-03	63976717.000000	0.000000e+00
6.365918e+00	1.088820e+01	1.361073e-03	63995409.000000	0.000000e+00
6.367912e+00	1.088116e+01	1.359933e-03	64019887.000000	0.000000e+00
6.369906e+00	1.087020e+01	1.358063e-03	64067149.000000	0.000000e+00
6.371901e+00	1.086447e+01	1.356678e-03	64130313.000000	0.000000e+00
6.373896e+00	1.086060e+01	1.355762e-03	64171291.000000	0.000000e+00
6.375890e+00	1.085314e+01	1.354774e-03	64176705.000000	0.000000e+00
6.377885e+00	1.084775e+01	1.353185e-03	64263565.000000	0.000000e+00
6.379880e+00	1.083643e+01	1.351782e-03	64262733.000000	0.000000e+00
6.381874e+00	1.083269e+01	1.350745e-03	64317103.000000	0.000000e+00
6.383869e+00	1.082334e+01	1.349128e-03	64360081.000000	0.000000e+00
6.385864e+00	1.081691e+01	1.347969e-03	64394193.000000	0.000000e+00
6.387858e+00	1.081102e+01	1.346715e-03	64443895.000000	0.000000e+00
6.389853e+00	1.080342e+01	1.345433e-03	64476081.000000	0.000000e+00
6.391847e+00	1.079912e+01	1.344484e-03	64515697.000000	0.000000e+00
6.393842e+00	1.079408e+01	1.343456e-03	64554171.000000	0.000000e+00
6.395837e+00	1.078384e+01	1.341526e-03	64617241.000000	0.000000e+00
6.397832e+00	1.078109e+01	1.341024e-03	64632745.000000	0.000000e+00
6.399827e+00	1.077430e+01	1.339330e-03	64714713.000000	0.000000e+00
6.401821e+00	1.076817e+01	1.338742e-03	64697839.000000	0.000000e+00
6.403816e+00	1.076016e+01	1.337178e-03	64752885.000000	0.000000e+00
6.405810e+00	1.075440e+01	1.336001e-03	64797577.000000	0.000000e+00
6.407804e+00	1.074837e+01	1.335118e-03	64810591.000000	0.000000e+00
6.409799e+00	1.073788e+01	1.332666e-03	64922301.000000	0.000000e+00
6.411794e+00	1.073366e+01	1.332122e-03	64924381.000000	0.000000e+00
6.413789e+00	1.072842e+01	1.331223e-03	64948617.000000	0.000000e+00
6.415783e+00	1.072103e+01	1.329854e-03	64992835.000000	0.000000e+00
6.417778e+00	1.071650e+01	1.328441e-03	65076117.000000	0.000000e+00
6.419773e+00	1.070414e+01	1.326985e-03	65068585.000000	0.000000e+00
6.421767e+00	1.069918e+01	1.325808e-03	65123815.000000	0.000000e+00
6.423762e+00	1.069481e+01	1.324865e-03	65163285.000000	0.000000e+00
6.425757e+00	1.068617e+01	1.323158e-03	65226037.000000	0.000000e+00
6.427751e+00	1.068219e+01	1.322687e-03	65223831.000000	0.000000e+00
6.429746e+00	1.067509e+01	1.321220e-03	65281897.000000	0.000000e+00
6.431740e+00	1.066840e+01	1.319886e-03	65331921.000000	0.000000e+00
6.433735e+00	1.066223e+01	1.318774e-03	65366557.000000	0.000000e+00
6.435729e+00	1.065544e+01	1.317612e-03	65398411.000000	0.000000e+00
6.437724e+00	1.064725e+01	1.316014e-03	65456661.000000	0.000000e+00
6.439719e+00	1.064209e+01	1.314933e-03	65500849.000000	0.000000e+00
6.441714e+00	1.063726e+01	1.313877e-03	65546607.000000	0.000000e+00
6.443709e+00	1.063027e+01	1.312923e-03	65555701.000000	0.000000e+00
6.445703e+00	1.062233e+01	1.311335e-03	65616453.000000	0.000000e+00
6.447698e+00	1.061788e+01	1.310630e-03	65631913.000000	0.000000e+00
6.449692e+00	1.060979e+01	1.308853e-03	65709991.000000	0.000000e+00
6.451687e+00	1.060344e+01	1.307982e-03	65718885.000000	0.000000e+00
6.453681e+00	1.059593e+01	1.306412e-03	65783617.000000	0.000000e+00
6.455676e+00	1.059210e+01	1.305692e-03	65808603.000000	0.000000e+00
6.457671e+00	1.058416e+01	1.304184e-03	65862025.000000	0.000000e+00
6.459666e+00	1.057776e+01	1.302932e-03	65908777.000000	0.000000e+00
6.461660e+00	1.057183e+01	1.302042e-03	65925009.000000	0.000000e+00
6.463655e+00	1.056549e+01	1.300679e-03	65984023.000000	0.000000e+00
6.465650e+00	1.055969e+01	1.299715e-03	66009489.000000	0.000000e+00
6.467644e+00	1.055255e+01	1.298512e-03	66042397.000000	0.000000e+00
6.469639e+00	1.054584e+01	1.296880e-03	66124551.000000	0.000000e+00
6.471634e+00	1.054067e+01	1.296076e-03	66141757.000000	0.000000e+00
6.473628e+00	1.053481e+01	1.295049e-03	66173065.000000	0.000000e+00
6.475623e+00	1.052642e+01	1.293474e-03	66228771.000000	0.000000e+00
6.477618e+00	1.052077e+01	1.292406e-03	66266917.000000	0.000000e+00
6.479612e+00	1.051242e+01	1.291102e-03	66295485.000000	0.000000e+00
6.481607e+00	1.050661e+01	1.290027e-03	66332749.000000	0.000000e+00
6.483601e+00	1.050080e+01	1.288626e-03	66403431.000000	0.000000e+00
6.485596e+00	1.049700e+01	1.288189e-03	66400501.000000	0.000000e+00
6.487591e+00	1.048949e+01	1.286391e-03	66491005.000000	0.000000e+00
6.489585e+00	1.048205e+01	1.285563e-03	66482271.000000	0.000000e+00
6.491580e+00	1.047364e+01	1.283792e-03	66558937.000000	0.000000e+00
6.493575e+00	1.047050e+01	1.283058e-03	66595113.000000	0.000000e+00
6.495569e+00	1.046448e+01	1.281869e-03	66642049.000000	0.000000e+00
6.497564e+00	1.045678e+01	1.280931e-03	66641439.000000	0.000000e+00
6.499558e+00	1.045112e+01	1.279362e-03	66732625.000000	0.000000e+00
6.501553e+00	1.044407e+01	1.278428e-03	66740089.000000	0.000000e+00
6.503548e+00	1.043710e+01	1.276976e-03	66802755.000000	0.000000e+00
6.505542e+00	1.043175e+01	1.276071e-03	66828925.000000	0.000000e+00
6.507537e+00	1.042490e+01	1.274674e-03	66887589.000000	0.000000e+00
6.509532e+00	1.041870e+01	1.273680e-03	66912391.000000	0.000000e+00
6.511526e+00	1.041287e+01	1.272700e-03	66940489.000000	0.000000e+00
6.513520e+00	1.040764e+01	1.271515e-03	66997917.000000	0.000000e+00
6.515516e+00	1.040350e+01	1.270373e-03	67065013.000000	0.000000e+00
6.517510e+00	1.039514e+01	1.269215e-03	67079607.000000	0.000000e+00
6.519505e+00	1.038578e+01	1.267933e-03	67094353.000000	0.000000e+00
6.521499e+00	1.038104e+01	1.266476e-03	67187493.000000	0.000000e+00
6.523494e+00	1.037679e+01	1.265762e-03	67208107.000000	0.000000e+00
6.525489e+00	1.037155e+01	1.264796e-03	67242901.000000	0.000000e+00
6.527484e+00	1.036359e+01	1.263418e-03	67286241.000000	0.000000e+00
6.529478e+00	1.035732e+01	1.262267e-03	67327465.000000	0.000000e+00
6.531473e+00	1.035169e+01	1.261249e-03	67362819.000000	0.000000e+00
6.533467e+00	1.034414e+01	1.259898e-03	67409053.000000	0.000000e+00
6.535462e+00	1.033884e+01	1.258941e-03	67442421.000000	0.000000e+00
6.537457e+00	1.033524e+01	1.257791e-03	67518727.000000	0.000000e+00
6.539451e+00	1.032370e+01	1.256446e-03	67512277.000000	0.000000e+00
6.541446e+00	1.032113e+01	1.255421e-03	67588965.000000	0.000000e+00
6.543441e+00	1.031383e+01	1.254456e-03	67597333.000000	0.000000e+00
6.545435e+00	1.030786e+01	1.252935e-03	67683075.000000	0.000000e+00
6.547430e+00	1.030104e+01	1.252089e-03	67684885.000000	0.000000e+00
6.549425e+00	1.029607e+01	1.250994e-03	67738093.000000	0.000000e+00
6.551419e+00	1.028799e+01	1.249500e-03	67793607.000000	0.000000e+00
6.553414e+00	1.028270e+01	1.248724e-03	67808065.000000	0.000000e+00
6.555409e+00	1.027635e+01	1.247363e-03	67872225.000000	0.000000e+00
6.557403e+00	1.026954e+01	1.246302e-03	67897735.000000	0.000000e+00
6.559398e+00	1.026432e+01	1.245234e-03	67945161.000000	0.000000e+00
6.561392e+00	1.026012e+01	1.244363e-03	67984585.000000	0.000000e+00
6.563387e+00	1.025287e+01	1.243097e-03	68026861.000000	0.000000e+00
6.565382e+00	1.024749e+01	1.241993e-03	68076363.000000	0.000000e+00
6.567376e+00	1.023996e+01	1.240763e-03	68111197.000000	0.000000e+00
6.569371e+00	1.023572e+01	1.239597e-03	68182857.000000	0.000000e+00
6.571366e+00	1.022584e+01	1.238412e-03	68181739.000000	0.000000e+00
6.573360e+00	1.022159e+01	1.237610e-03	68213277.000000	0.000000e+00
6.575355e+00	1.021411e+01	1.235929e-03	68298937.000000	0.000000e+00
6.577350e+00	1.021073e+01	1.235532e-03	68297629.000000	0.000000e+00
6.579344e+00	1.020240e+01	1.233931e-03	68363271.000000	0.000000e+00
6.581339e+00	1.019961e+01	1.233276e-03	68398477.000000	0.000000e+00
6.583334e+00	1.019228e+01	1.231683e-03	68476941.000000	0.000000e+00
6.585329e+00	1.018781e+01	1.231303e-03	68459251.000000	0.000000e+00
6.587323e+00	1.017998e+01	1.229682e-03	68534337.000000	0.000000e+00
6.589318e+00	1.017684e+01	1.229100e-03	68556973.000000	0.000000e+00
6.591312e+00	1.016696e+01	1.227299e-03	68624875.000000	0.000000e+00
6.593307e+00	1.015984e+01	1.226208e-03	68650857.000000	0.000000e+00
6.595301e+00	1.015452e+01	1.225534e-03	68654449.000000	0.000000e+00
6.597296e+00	1.014721e+01	1.223716e-03	68759421.000000	0.000000e+00
6.599291e+00	1.014301e+01	1.223157e-03	68765287.000000	0.000000e+00
6.601285e+00	1.013659e+01	1.221832e-03	68827249.000000	0.000000e+00
6.603280e+00	1.013070e+01	1.220898e-03	68852577.000000	0.000000e+00
6.605275e+00	1.012499e+01	1.219657e-03	68914915.000000	0.000000e+00
6.607269e+00	1.011996e+01	1.219044e-03	68915805.000000	0.000000e+00
6.609264e+00	1.011150e+01	1.217412e-03	68985133.000000	0.000000e+00
6.611258e+00	1.010651e+01	1.216401e-03	69031713.000000	0.000000e+00
6.613253e+00	1.010089e+01	1.215321e-03	69077575.000000	0.000000e+00
6.615248e+00	1.009395e+01	1.214384e-03	69089281.000000	0.000000e+00
6.617242e+00	1.008999e+01	1.213170e-03	69173229.000000	0.000000e+00
6.619238e+00	1.008231e+01	1.212012e-03	69200071.000000	0.000000e+00
6.621232e+00	1.007827e+01	1.211251e-03	69231585.000000	0.000000e+00
6.623227e+00	1.007251e+01	1.210360e-03	69254305.000000	0.000000e+00
6.625221e+00	1.006431e+01	1.208727e-03	69328431.000000	0.000000e+00
6.627216e+00	1.006058e+01	1.207949e-03	69366361.000000	0.000000e+00
6.629211e+00	1.005410e+01	1.206936e-03	69393433.000000	0.000000e+00
6.631205e+00	1.004630e+01	1.205536e-03	69446673.000000	0.000000e+00
6.633200e+00	1.004334e+01	1.204973e-03	69470731.000000	0.000000e+00
6.635194e+00	1.003624e+01	1.203591e-03	69531897.000000	0.000000e+00
6.637189e+00	1.003042e+01	1.202603e-03	69565465.000000	0.000000e+00
6.639184e+00	1.002211e+01	1.201130e-03	69620583.000000	0.000000e+00
6.641179e+00	1.001702e+01	1.200368e-03	69638233.000000	0.000000e+00
6.643173e+00	1.001209e+01	1.199349e-03	69688069.000000	0.000000e+00
6.645168e+00	1.000456e+01	1.197927e-03	69748569.000000	0.000000e+00
6.647163e+00	9.997841e+00	1.196710e-03	69796687.000000	0.000000e+00
6.649157e+00	9.993224e+00	1.196344e-03	69774837.000000	0.000000e+00
6.651152e+00	9.987953e+00	1.194785e-03	69883273.000000	0.000000e+00
6.653147e+00	9.984223e+00	1.194057e-03	69916363.000000	0.000000e+00
6.655141e+00	9.975889e+00	1.192990e-03	69924549.000000	0.000000e+00
6.657135e+00	9.971367e+00	1.191979e-03	69979717.000000	0.000000e+00
6.659130e+00	9.964219e+00	1.190812e-03	70016457.000000	0.000000e+00
6.661125e+00	9.958659e+00	1.189385e-03	70106263.000000	0.000000e+00
6.663120e+00	9.953240e+00	1.188903e-03	70086741.000000	0.000000e+00
6.665114e+00	9.947135e+00	1.187610e-03	70153381.000000	0.000000e+00
6.667109e+00	9.940542e+00	1.186276e-03	70218067.000000	0.000000e+00
6.669103e+00	9.934187e+00	1.185561e-03	70212945.000000	0.000000e+00
6.671098e+00	9.931053e+00	1.184385e-03	70308061.000000	0.000000e+00
6.673093e+00	9.922022e+00	1.183406e-03	70296387.000000	0.000000e+00
6.675087e+00	9.916356e+00	1.182338e-03	70343017.000000	0.000000e+00
6.677082e+00	9.912175e+00	1.181096e-03	70431585.000000	0.000000e+00
6.679077e+00	9.906542e+00	1.180290e-03	70447681.000000	0.000000e+00
6.681071e+00	9.900492e+00	1.179050e-03	70509763.000000	0.000000e+00
6.683066e+00	9.897331e+00	1.178657e-03	70511697.000000	0.000000e+00
6.685061e+00	9.890653e+00	1.177183e-03	70593073.000000	0.000000e+00
6.687055e+00	9.882604e+00	1.176104e-03	70607571.000000	0.000000e+00
6.689050e+00	9.876542e+00	1.174925e-03	70662649.000000	0.000000e+00
6.691045e+00	9.870599e+00	1.173982e-03	70690953.000000	0.000000e+00
6.693039e+00	9.864906e+00	1.172701e-03	70763773.000000	0.000000e+00
6.695034e+00	9.860103e+00	1.172056e-03	70772755.000000	0.000000e+00
6.697028e+00	9.854432e+00	1.171038e-03	70814397.000000	0.000000e+00
6.699023e+00	9.846518e+00	1.169621e-03	70872001.000000	0.000000e+00
6.701018e+00	9.842657e+00	1.168748e-03	70922331.000000	0.000000e+00
6.703013e+00	9.836991e+00	1.167819e-03	70953493.000000	0.000000e+00
6.705007e+00	9.832662e+00	1.166852e-03	71008525.000000	0.000000e+00
6.707002e+00	9.825167e+00	1.165957e-03	71009271.000000	0.000000e+00
6.708996e+00	9.818391e+00	1.164391e-03	71102185.000000	0.000000e+00
6.710991e+00	9.813070e+00	1.163512e-03	71132433.000000	0.000000e+00
6.712986e+00	9.808187e+00	1.162647e-03	71167513.000000	0.000000e+00
6.714980e+00	9.802074e+00	1.161827e-03	71179227.000000	0.000000e+00
6.716975e+00	9.796736e+00	1.160444e-03	71271217.000000	0.000000e+00
6.718970e+00	9.790225e+00	1.159376e-03	71307709.000000	0.000000e+00
6.720965e+00	9.785612e+00	1.158608e-03	71335107.000000	0.000000e+00
6.722959e+00	9.778318e+00	1.157759e-03	71333209.000000	0.000000e+00
6.724953e+00	9.773012e+00	1.156427e-03	71420157.000000	0.000000e+00
6.726948e+00	9.765921e+00	1.155299e-03	71455789.000000	0.000000e+00
6.728943e+00	9.762793e+00	1.154270e-03	71537391.000000	0.000000e+00
6.730938e+00	9.758945e+00	1.153811e-03	71537917.000000	0.000000e+00
6.732933e+00	9.751306e+00	1.152283e-03	71615581.000000	0.000000e+00
6.734927e+00	9.745356e+00	1.151704e-03	71600091.000000	0.000000e+00
6.736921e+00	9.739198e+00	1.150350e-03	71678101.000000	0.000000e+00
6.738916e+00	9.734028e+00	1.149693e-03	71683905.000000	0.000000e+00
6.740910e+00	9.728360e+00	1.148273e-03	71777653.000000	0.000000e+00
6.742905e+00	9.722522e+00	1.147250e-03	71819335.000000	0.000000e+00
6.744900e+00	9.715897e+00	1.146223e-03	71850177.000000	0.000000e+00
6.746895e+00	9.710625e+00	1.145312e-03	71886373.000000	0.000000e+00
6.748890e+00	9.706403e+00	1.144550e-03	71919615.000000	0.000000e+00
6.750884e+00	9.700306e+00	1.143543e-03	71955817.000000	0.000000e+00
6.752878e+00	9.693734e+00	1.142264e-03	72019377.000000	0.000000e+00
6.754873e+00	9.686972e+00	1.141086e-03	72067459.000000	0.000000e+00
6.756868e+00	9.682855e+00	1.140257e-03	72110929.000000	0.000000e+00
6.758862e+00	9.677111e+00	1.139719e-03	72093417.000000	0.000000e+00
6.760857e+00	9.673507e+00	1.138371e-03	72210433.000000	0.000000e+00
6.762852e+00	9.665835e+00	1.137316e-03	72229863.000000	0.000000e+00
6.764847e+00	9.660454e+00	1.136232e-03	72287137.000000	0.000000e+00
6.766841e+00	9.653268e+00	1.135277e-03	72301185.000000	0.000000e+00
6.768836e+00	9.649199e+00	1.134360e-03	72357079.000000	0.000000e+00
6.770831e+00	9.643498e+00	1.133422e-03	72391201.000000	0.000000e+00
6.772825e+00	9.638099e+00	1.132482e-03	72430269.000000	0.000000e+00
6.774819e+00	9.633016e+00	1.131515e-03	72477553.000000	0.000000e+00
6.776815e+00	9.624906e+00	1.129871e-03	72566379.000000	0.000000e+00
6.778809e+00	9.622629e+00	1.129867e-03	72532477.000000	0.000000e+00
6.780804e+00	9.614750e+00	1.128068e-03	72644985.000000	0.000000e+00
6.782799e+00	9.609963e+00	1.127594e-03	72633703.000000	0.000000e+00
6.784793e+00	9.603830e+00	1.126476e-03	72685057.000000	0.000000e+00
6.786787e+00	9.599983e+00	1.125595e-03	72740601.000000	0.000000e+00
6.788782e+00	9.593349e+00	1.124420e-03	72791959.000000	0.000000e+00
6.790777e+00	9.588379e+00	1.123521e-03	72832977.000000	0.000000e+00
6.792772e+00	9.581185e+00	1.122518e-03	72853753.000000	0.000000e+00
6.794766e+00	9.579085e+00	1.121874e-03	72905473.000000	0.000000e+00
6.796761e+00	9.569662e+00	1.120304e-03	72966087.000000	0.000000e+00
6.798756e+00	9.565699e+00	1.119648e-03	72991153.000000	0.000000e+00
6.800750e+00	9.560533e+00	1.118786e-03	73024713.000000	0.000000e+00
6.802745e+00	9.556492e+00	1.117741e-03	73099567.000000	0.000000e+00
6.804740e+00	9.549086e+00	1.116713e-03	73120737.000000	0.000000e+00
6.806734e+00	9.542466e+00	1.115623e-03	73162081.000000	0.000000e+00
6.808729e+00	9.536918e+00	1.114607e-03	73210333.000000	0.000000e+00
6.810724e+00	9.531267e+00	1.113492e-03	73270167.000000	0.000000e+00
6.812718e+00	9.527444e+00	1.113005e-03	73275493.000000	0.000000e+00
6.814713e+00	9.522468e+00	1.111923e-03	73341501.000000	0.000000e+00
6.816707e+00	9.514503e+00	1.110827e-03	73363387.000000	0.000000e+00
6.818702e+00	9.508404e+00	1.109323e-03	73468149.000000	0.000000e+00
6.820697e+00	9.504484e+00	1.109092e-03	73438201.000000	0.000000e+00
6.822691e+00	9.499993e+00	1.107969e-03	73517587.000000	0.000000e+00
6.824686e+00	9.494941e+00	1.107195e-03	73542153.000000	0.000000e+00
6.826681e+00	9.488691e+00	1.105903e-03	73617013.000000	0.000000e+00
6.828675e+00	9.482574e+00	1.105162e-03	73620777.000000	0.000000e+00
6.830670e+00	9.476460e+00	1.103936e-03	73689235.000000	0.000000e+00
6.832665e+00	9.470707e+00	1.103024e-03	73721601.000000	0.000000e+00
6.834659e+00	9.467199e+00	1.102252e-03	73770253.000000	0.000000e+00
6.836654e+00	9.461523e+00	1.101280e-03	73811983.000000	0.000000e+00
6.838648e+00	9.457102e+00	1.100478e-03	73850505.000000	0.000000e+00
6.840643e+00	9.450477e+00	1.099440e-03	73886329.000000	0.000000e+00
6.842638e+00	9.442092e+00	1.097962e-03	73954017.000000	0.000000e+00
6.844633e+00	9.439222e+00	1.097164e-03	74016691.000000	0.000000e+00
6.846627e+00	9.430844e+00	1.096400e-03	73988353.000000	0.000000e+00
6.848622e+00	9.428071e+00	1.095443e-03	74073993.000000	0.000000e+00
6.850616e+00	9.422032e+00	1.094502e-03	74106439.000000	0.000000e+00
6.852611e+00	9.417381e+00	1.093569e-03	74159661.000000	0.000000e+00
6.854605e+00	9.411910e+00	1.092628e-03	74201185.000000	0.000000e+00
6.856600e+00	9.406397e+00	1.091559e-03	74259573.000000	0.000000e+00
6.858595e+00	9.401967e+00	1.090808e-03	74291827.000000	0.000000e+00
6.860590e+00	9.396345e+00	1.090012e-03	74311333.000000	0.000000e+00
6.862584e+00	9.387914e+00	1.088573e-03	74374317.000000	0.000000e+00
6.864579e+00	9.386115e+00	1.087945e-03	74431651.000000	0.000000e+00
6.866574e+00	9.379591e+00	1.087091e-03	74445033.000000	0.000000e+00
6.868568e+00	9.374705e+00	1.086084e-03	74505529.000000	0.000000e+00
6.870563e+00	9.368369e+00	1.085039e-03	74548239.000000	0.000000e+00
6.872558e+00	9.363542e+00	1.084232e-03	74582317.000000	0.000000e+00
6.874552e+00	9.358445e+00	1.083250e-03	74636257.000000	0.000000e+00
6.876547e+00	9.350043e+00	1.082056e-03	74666829.000000	0.000000e+00
6.878541e+00	9.349775e+00	1.081532e-03	74734903.000000	0.000000e+00
6.880536e+00	9.339995e+00	1.080314e-03	74746893.000000	0.000000e+00
6.882531e+00	9.337700e+00	1.079500e-03	74822917.000000	0.000000e+00
6.884525e+00	9.334888e+00	1.079152e-03	74826123.000000	0.000000e+00
6.886520e+00	9.327015e+00	1.077594e-03	74916049.000000	0.000000e+00
6.888515e+00	9.321242e+00	1.076763e-03	74938897.000000	0.000000e+00
6.890510e+00	9.315784e+00	1.075947e-03	74964717.000000	0.000000e+00
6.892504e+00	9.310666e+00	1.074840e-03	75036715.000000	0.000000e+00
6.894499e+00	9.304749e+00	1.074057e-03	75050637.000000	0.000000e+00
6.896493e+00	9.299481e+00	1.073001e-03	75113425.000000	0.000000e+00
6.898488e+00	9.295763e+00	1.072321e-03	75148519.000000	0.000000e+00
6.900482e+00	9.288084e+00	1.071131e-03	75191253.000000	0.000000e+00
6.902477e+00	9.283502e+00	1.070186e-03	75249757.000000	0.000000e+00
6.904472e+00	9.278550e+00	1.069504e-03	75265359.000000	0.000000e+00
6.906466e+00	9.271316e+00	1.068199e-03	75331813.000000	0.000000e+00
6.908461e+00	9.267541e+00	1.067554e-03	75361533.000000	0.000000e+00
6.910456e+00	9.261021e+00	1.066287e-03	75434401.000000	0.000000e+00
6.912451e+00	9.256333e+00	1.065530e-03	75465235.000000	0.000000e+00
6.914445e+00	9.251329e+00	1.064931e-03	75468393.000000	0.000000e+00
6.916439e+00	9.246714e+00	1.063737e-03	75562441.000000	0.000000e+00
6.918434e+00	9.241065e+00	1.062898e-03	75589431.000000	0.000000e+00
6.920429e+00	9.236130e+00	1.061968e-03	75640945.000000	0.000000e+00
6.922424e+00	9.229171e+00	1.061058e-03	75656697.000000	0.000000e+00
6.924418e+00	9.225123e+00	1.060069e-03	75731377.000000	0.000000e+00
6.926413e+00	9.221833e+00	1.059507e-03	75757699.000000	0.000000e+00
6.928407e+00	9.213241e+00	1.058256e-03	75795489.000000	0.000000e+00
6.930402e+00	9.212398e+00	1.057709e-03	75860065.000000	0.000000e+00
6.932397e+00	9.200972e+00	1.056078e-03	75905883.000000	0.000000e+00
6.934392e+00	9.198267e+00	1.055562e-03	75935401.000000	0.000000e+00
6.936386e+00	9.194153e+00	1.054764e-03	75982345.000000	0.000000e+00
6.938381e+00	9.189867e+00	1.053981e-03	76024437.000000	0.000000e+00
6.940376e+00	9.183672e+00	1.052882e-03	76080487.000000	0.000000e+00
6.942371e+00	9.177385e+00	1.051988e-03	76105545.000000	0.000000e+00
6.944365e+00	9.172204e+00	1.051123e-03	76144861.000000	0.000000e+00
6.946359e+00	9.168383e+00	1.050299e-03	76200771.000000	0.000000e+00
6.948354e+00	9.162873e+00	1.049410e-03	76238197.000000	0.000000e+00
6.950349e+00	9.159234e+00	1.048501e-03	76309885.000000	0.000000e+00
6.952343e+00	9.150130e+00	1.047536e-03	76298607.000000	0.000000e+00
6.954338e+00	9.146210e+00	1.046474e-03	76388113.000000	0.000000e+00
6.956333e+00	9.142408e+00	1.045762e-03	76428585.000000	0.000000e+00
6.958328e+00	9.135503e+00	1.044707e-03	76467313.000000	0.000000e+00
6.960322e+00	9.131960e+00	1.044119e-03	76494123.000000	0.000000e+00
6.962317e+00	9.125820e+00	1.043048e-03	76548181.000000	0.000000e+00
6.964311e+00	9.122099e+00	1.042301e-03	76595545.000000	0.000000e+00
6.966306e+00	9.116037e+00	1.041319e-03	76638015.000000	0.000000e+00
6.968301e+00	9.109144e+00	1.040127e-03	76697749.000000	0.000000e+00
6.970295e+00	9.106913e+00	1.039866e-03	76698621.000000	0.000000e+00
6.972290e+00	9.102000e+00	1.038750e-03	76780597.000000	0.000000e+00
6.974284e+00	9.093542e+00	1.037611e-03	76806315.000000	0.000000e+00
6.976279e+00	9.090622e+00	1.036951e-03	76854685.000000	0.000000e+00
6.978274e+00	9.083897e+00	1.035796e-03	76912249.000000	0.000000e+00
6.980268e+00	9.079341e+00	1.035183e-03	76926255.000000	0.000000e+00
6.982263e+00	9.073992e+00	1.034018e-03	77008861.000000	0.000000e+00
6.984258e+00	9.069568e+00	1.033400e-03	77025801.000000	0.000000e+00
6.986252e+00	9.065766e+00	1.032575e-03	77084311.000000	0.000000e+00
6.988247e+00	9.059156e+00	1.031535e-03	77127253.000000	0.000000e+00
6.990242e+00	9.052970e+00	1.030598e-03	77161977.000000	0.000000e+00
6.992236e+00	9.049209e+00	1.029974e-03	77191417.000000	0.000000e+00
6.994231e+00	9.042741e+00	1.028761e-03	77262891.000000	0.000000e+00
6.996225e+00	9.040062e+00	1.028333e-03	77281501.000000	0.000000e+00
6.998220e+00	9.032567e+00	1.026952e-03	77361045.000000	0.000000e+00
7.000215e+00	9.026683e+00	1.026162e-03	77379259.000000	0.000000e+00
7.002210e+00	9.023350e+00	1.025394e-03	77438029.000000	0.000000e+00
7.004204e+00	9.017570e+00	1.024461e-03	77479725.000000	0.000000e+00
7.006199e+00	9.012379e+00	1.023780e-03	77493505.000000	0.000000e+00
7.008193e+00	9.008184e+00	1.022747e-03	77577891.000000	0.000000e+00
7.010188e+00	9.002631e+00	1.021923e-03	77607253.000000	0.000000e+00
7.012183e+00	8.997622e+00	1.021073e-03	77650137.000000	0.000000e+00
7.014178e+00	8.993838e+00	1.020325e-03	77698603.000000	0.000000e+00
7.016172e+00	8.986613e+00	1.019236e-03	77739661.000000	0.000000e+00
7.018167e+00	8.983172e+00	1.018698e-03	77762205.000000	0.000000e+00
7.020161e+00	8.978054e+00	1.017677e-03	77829547.000000	0.000000e+00
7.022156e+00	8.972355e+00	1.016577e-03	77899053.000000	0.000000e+00
7.024151e+00	8.967724e+00	1.016028e-03	77902825.000000	0.000000e+00
7.026145e+00	8.962662e+00	1.015055e-03	77964165.000000	0.000000e+00
7.028140e+00	8.955855e+00	1.013969e-03	78012679.000000	0.000000e+00
7.030135e+00	8.952055e+00	1.013447e-03	78026737.000000	0.000000e+00
7.032129e+00	8.949220e+00	1.012731e-03	78087585.000000	0.000000e+00
7.034124e+00	8.943026e+00	1.011519e-03	78166591.000000	0.000000e+00
7.036119e+00	8.939184e+00	1.011135e-03	78158709.000000	0.000000e+00
7.038113e+00	8.933255e+00	1.009890e-03	78247645.000000	0.000000e+00
7.040108e+00	8.927009e+00	1.009121e-03	78257461.000000	0.000000e+00
7.042102e+00	8.921915e+00	1.008195e-03	78311775.000000	0.000000e+00
7.044097e+00	8.917411e+00	1.007354e-03	78363445.000000	0.000000e+00
7.046092e+00	8.913945e+00	1.006684e-03	78406845.000000	0.000000e+00
7.048087e+00	8.909637e+00	1.005916e-03	78450631.000000	0.000000e+00
7.050081e+00	8.901915e+00	1.004821e-03	78485505.000000	0.000000e+00
7.052076e+00	8.898087e+00	1.004177e-03	78518593.000000	0.000000e+00
7.054070e+00	8.894797e+00	1.003390e-03	78583777.000000	0.000000e+00
7.056065e+00	8.887326e+00	1.002186e-03	78640395.000000	0.000000e+00
7.058060e+00	8.881468e+00	1.001326e-03	78671749.000000	0.000000e+00
7.060055e+00	8.879236e+00	1.000702e-03	78730281.000000	0.000000e+00
7.062049e+00	8.874027e+00	1.000044e-03	78741355.000000	0.000000e+00
7.064044e+00	8.867703e+00	9.990080e-04	78792405.000000	0.000000e+00
7.066038e+00	8.863960e+00	9.980492e-04	78877237.000000	0.000000e+00
7.068033e+00	8.859146e+00	9.975501e-04	78870451.000000	0.000000e+00
7.070027e+00	8.853831e+00	9.965691e-04	78931005.000000	0.000000e+00
7.072022e+00	8.848539e+00	9.955684e-04	78995245.000000	0.000000e+00
7.074017e+00	8.843318e+00	9.948344e-04	79018521.000000	0.000000e+00
7.076012e+00	8.838847e+00	9.939365e-04	79081327.000000	0.000000e+00
7.078006e+00	8.833503e+00	9.933718e-04	79075549.000000	0.000000e+00
7.080000e+00	8.827693e+00	9.920779e-04	79177689.000000	0.000000e+00
7.081995e+00	8.825228e+00	9.915158e-04	79223227.000000	0.000000e+00
7.083990e+00	8.817569e+00	9.905885e-04	79233933.000000	0.000000e+00
7.085984e+00	8.813596e+00	9.897968e-04	79289221.000000	0.000000e+00
7.087979e+00	8.807800e+00	9.886514e-04	79368573.000000	0.000000e+00
7.089974e+00	8.802695e+00	9.881519e-04	79356751.000000	0.000000e+00
7.091969e+00	8.798446e+00	9.871532e-04	79440649.000000	0.000000e+00
7.093963e+00	8.792919e+00	9.863992e-04	79462233.000000	0.000000e+00
7.095958e+00	8.789492e+00	9.855458e-04	79537879.000000	0.000000e+00
7.097953e+00	8.784160e+00	9.848483e-04	79553961.000000	0.000000e+00
7.099947e+00	8.777846e+00	9.838176e-04	79606177.000000	0.000000e+00
7.101942e+00	8.776665e+00	9.833271e-04	79664175.000000	0.000000e+00
7.103937e+00	8.768009e+00	9.822641e-04	79679281.000000	0.000000e+00
7.105931e+00	8.762517e+00	9.811911e-04	79753645.000000	0.000000e+00
7.107926e+00	8.760710e+00	9.807798e-04	79787637.000000	0.000000e+00
7.109921e+00	8.755565e+00	9.800374e-04	79814731.000000	0.000000e+00
7.111915e+00	8.749070e+00	9.790685e-04	79854177.000000	0.000000e+00
7.113910e+00	8.744068e+00	9.780035e-04	79936705.000000	0.000000e+00
7.115904e+00	8.737076e+00	9.770723e-04	79961115.000000	0.000000e+00
7.117899e+00	8.735907e+00	9.764922e-04	80034721.000000	0.000000e+00
7.119894e+00	8.730787e+00	9.759231e-04	80034193.000000	0.000000e+00
7.121889e+00	8.724747e+00	9.746997e-04	80124249.000000	0.000000e+00
7.123884e+00	8.718557e+00	9.738921e-04	80143363.000000	0.000000e+00
7.125878e+00	8.714900e+00	9.732740e-04	80177877.000000	0.000000e+00
7.127872e+00	8.711830e+00	9.727181e-04	80213005.000000	0.000000e+00
7.129867e+00	8.708756e+00	9.719845e-04	80277451.000000	0.000000e+00
7.131861e+00	8.701216e+00	9.709066e-04	80316525.000000	0.000000e+00
7.133856e+00	8.698054e+00	9.700703e-04	80396617.000000	0.000000e+00
7.135851e+00	8.692167e+00	9.695586e-04	80372613.000000	0.000000e+00
7.137845e+00	8.687431e+00	9.683240e-04	80489887.000000	0.000000e+00
7.139840e+00	8.681920e+00	9.675400e-04	80518137.000000	0.000000e+00
7.141835e+00	8.677059e+00	9.667827e-04	80554045.000000	0.000000e+00
7.143830e+00	8.671576e+00	9.660770e-04	80569843.000000	0.000000e+00
7.145824e+00	8.667010e+00	9.650823e-04	80651013.000000	0.000000e+00
7.147819e+00	8.663311e+00	9.645628e-04	80669017.000000	0.000000e+00
7.149813e+00	8.658039e+00	9.637308e-04	80710035.000000	0.000000e+00
7.151808e+00	8.653407e+00	9.628242e-04	80775613.000000	0.000000e+00
7.153803e+00	8.647848e+00	9.618117e-04	80841801.000000	0.000000e+00
7.155797e+00	8.644061e+00	9.613005e-04	80856937.000000	0.000000e+00
7.157792e+00	8.639268e+00	9.604734e-04	80906467.000000	0.000000e+00
7.159787e+00	8.632249e+00	9.593241e-04	80968713.000000	0.000000e+00
7.161782e+00	8.628649e+00	9.587073e-04	81005317.000000	0.000000e+00
7.163776e+00	8.625602e+00	9.580751e-04	81054987.000000	0.000000e+00
7.165771e+00	8.620759e+00	9.575878e-04	81046417.000000	0.000000e+00
7.167765e+00	8.615949e+00	9.564137e-04	81154881.000000	0.000000e+00
7.169760e+00	8.610633e+00	9.556429e-04	81185569.000000	0.000000e+00
7.171755e+00	8.605563e+00	9.548183e-04	81230131.000000	0.000000e+00
7.173749e+00	8.600433e+00	9.541266e-04	81250977.000000	0.000000e+00
7.175744e+00	8.596118e+00	9.531961e-04	81328021.000000	0.000000e+00
7.177739e+00	8.591871e+00	9.524794e-04	81369999.000000	0.000000e+00
7.179733e+00	8.586595e+00	9.518086e-04	81384673.000000	0.000000e+00
7.181728e+00	8.581097e+00	9.506633e-04	81476461.000000	0.000000e+00
7.183723e+00	8.578134e+00	9.503128e-04	81480279.000000	0.000000e+00
7.185717e+00	8.571153e+00	9.493420e-04	81514177.000000	0.000000e+00
7.187711e+00	8.567512e+00	9.483974e-04	81607233.000000	0.000000e+00
7.189706e+00	8.563080e+00	9.478024e-04	81625225.000000	0.000000e+00
7.191701e+00	8.558490e+00	9.468834e-04	81696099.000000	0.000000e+00
7.193696e+00	8.554678e+00	9.463706e-04	81711829.000000	0.000000e+00
7.195691e+00	8.550692e+00	9.455396e-04	81779245.000000	0.000000e+00
7.197685e+00	8.543672e+00	9.445720e-04	81812379.000000	0.000000e+00
7.199680e+00	8.538125e+00	9.436530e-04	81865393.000000	0.000000e+00
7.201675e+00	8.532473e+00	9.428113e-04	81903081.000000	0.000000e+00
7.203669e+00	8.529566e+00	9.423393e-04	81929305.000000	0.000000e+00
7.205664e+00	8.525700e+00	9.415274e-04	81996279.000000	0.000000e+00
7.207658e+00	8.520722e+00	9.408489e-04	82018729.000000	0.000000e+00
7.209653e+00	8.514705e+00	9.396996e-04	82103389.000000	0.000000e+00
7.211647e+00	8.511243e+00	9.391478e-04	82133067.000000	0.000000e+00
7.213642e+00	8.506172e+00	9.384941e-04	82149565.000000	0.000000e+00
7.215636e+00	8.500772e+00	9.373206e-04	82250853.000000	0.000000e+00
7.217631e+00	8.497921e+00	9.369903e-04	82253665.000000	0.000000e+00
7.219626e+00	8.492264e+00	9.360113e-04	82316103.000000	0.000000e+00
7.221621e+00	8.486780e+00	9.350624e-04	82376749.000000	0.000000e+00
7.223615e+00	8.482771e+00	9.346546e-04	82370785.000000	0.000000e+00
7.225610e+00	8.478512e+00	9.336624e-04	82463079.000000	0.000000e+00
7.227604e+00	8.473390e+00	9.329040e-04	82497457.000000	0.000000e+00
7.229599e+00	8.468355e+00	9.321291e-04	82536477.000000	0.000000e+00
7.231594e+00	8.464043e+00	9.314120e-04	82579471.000000	0.000000e+00
7.233589e+00	8.460632e+00	9.305602e-04	82664053.000000	0.000000e+00
7.235583e+00	8.456263e+00	9.300537e-04	82668657.000000	0.000000e+00
7.237578e+00	8.449664e+00	9.289820e-04	82730233.000000	0.000000e+00
7.239573e+00	8.445067e+00	9.282787e-04	82765515.000000	0.000000e+00
7.241567e+00	8.443626e+00	9.280067e-04	82785781.000000	0.000000e+00
7.243562e+00	8.437085e+00	9.267124e-04	82888629.000000	0.000000e+00
7.245557e+00	8.432659e+00	9.262437e-04	82885495.000000	0.000000e+00
7.247551e+00	8.427450e+00	9.253763e-04	82938385.000000	0.000000e+00
7.249546e+00	8.422017e+00	9.243363e-04	83017989.000000	0.000000e+00
7.251541e+00	8.419056e+00	9.237744e-04	83060569.000000	0.000000e+00
7.253535e+00	8.414200e+00	9.231534e-04	83076447.000000	0.000000e+00
7.255530e+00	8.409278e+00	9.223606e-04	83121985.000000	0.000000e+00
7.257524e+00	8.404935e+00	9.216081e-04	83171817.000000	0.000000e+00
7.259519e+00	8.399182e+00	9.206642e-04	83228383.000000	0.000000e+00
7.261514e+00	8.394152e+00	9.197974e-04	83285497.000000	0.000000e+00
7.263509e+00	8.390260e+00	9.191897e-04	83318337.000000	0.000000e+00
7.265503e+00	8.385407e+00	9.184044e-04	83364343.000000	0.000000e+00
7.267498e+00	8.381309e+00	9.177244e-04	83406357.000000	0.000000e+00
7.269493e+00	8.375922e+00	9.168399e-04	83459977.000000	0.000000e+00
7.271487e+00	8.370884e+00	9.162523e-04	83466565.000000	0.000000e+00
7.273482e+00	8.368564e+00	9.153791e-04	83579535.000000	0.000000e+00
7.275476e+00	8.363699e+00	9.148822e-04	83573077.000000	0.000000e+00
7.277471e+00	8.358772e+00	9.139266e-04	83649297.000000	0.000000e+00
7.279465e+00	8.355859e+00	9.135885e-04	83652895.000000	0.000000e+00
7.281460e+00	8.349474e+00	9.123850e-04	83745585.000000	0.000000e+00
7.283455e+00	8.344306e+00	9.116521e-04	83776477.000000	0.000000e+00
7.285450e+00	8.342204e+00	9.111346e-04	83829445.000000	0.000000e+00
7.287444e+00	8.336307e+00	9.103009e-04	83864367.000000	0.000000e+00
7.289439e+00	8.329952e+00	9.092525e-04	83929765.000000	0.000000e+00
7.291433e+00	8.327430e+00	9.090624e-04	83914041.000000	0.000000e+00
7.293428e+00	8.324094e+00	9.080719e-04	84029827.000000	0.000000e+00
7.295423e+00	8.317332e+00	9.072947e-04	84037149.000000	0.000000e+00
7.297417e+00	8.314399e+00	9.065111e-04	84123145.000000	0.000000e+00
7.299412e+00	8.308690e+00	9.059034e-04	84120391.000000	0.000000e+00
7.301407e+00	8.304405e+00	9.049984e-04	84201801.000000	0.000000e+00
7.303401e+00	8.300833e+00	9.045421e-04	84214285.000000	0.000000e+00
7.305396e+00	8.295642e+00	9.036186e-04	84280989.000000	0.000000e+00
7.307391e+00	8.291411e+00	9.027978e-04	84348223.000000	0.000000e+00
7.309385e+00	8.287220e+00	9.022601e-04	84363417.000000	0.000000e+00
7.311380e+00	8.282138e+00	9.013583e-04	84428689.000000	0.000000e+00
7.313375e+00	8.277617e+00	9.007449e-04	84451435.000000	0.000000e+00
7.315369e+00	8.273710e+00	8.999155e-04	84527313.000000	0.000000e+00
7.317364e+00	8.269040e+00	8.994476e-04	84519793.000000	0.000000e+00
7.319358e+00	8.262211e+00	8.981966e-04	84615477.000000	0.000000e+00
7.321353e+00	8.257919e+00	8.974777e-04	84663055.000000	0.000000e+00
7.323348e+00	8.253290e+00	8.968205e-04	84692161.000000	0.000000e+00
7.325343e+00	8.251144e+00	8.963321e-04	84740385.000000	0.000000e+00
7.327337e+00	8.247817e+00	8.956945e-04	84792655.000000	0.000000e+00
7.329332e+00	8.242398e+00	8.948455e-04	84842025.000000	0.000000e+00
7.331327e+00	8.237373e+00	8.941549e-04	84869569.000000	0.000000e+00
7.333321e+00	8.232994e+00	8.934164e-04	84919581.000000	0.000000e+00
7.335316e+00	8.227125e+00	8.925186e-04	84969223.000000	0.000000e+00
7.337310e+00	8.225765e+00	8.920393e-04	85032445.000000	0.000000e+00
7.339305e+00	8.219029e+00	8.911703e-04	85058865.000000	0.000000e+00
7.341300e+00	8.214920e+00	8.904949e-04	85102795.000000	0.000000e+00
7.343294e+00	8.210369e+00	8.898445e-04	85132845.000000	0.000000e+00
7.345289e+00	8.207054e+00	8.887872e-04	85266613.000000	0.000000e+00
7.347284e+00	8.203289e+00	8.886109e-04	85222191.000000	0.000000e+00
7.349278e+00	8.197673e+00	8.876253e-04	85294645.000000	0.000000e+00
7.351273e+00	8.193628e+00	8.870229e-04	85326289.000000	0.000000e+00
7.353267e+00	8.187311e+00	8.860364e-04	85384593.000000	0.000000e+00
7.355262e+00	8.183898e+00	8.853511e-04	85445539.000000	0.000000e+00
7.357257e+00	8.179026e+00	8.846712e-04	85475049.000000	0.000000e+00
7.359251e+00	8.173620e+00	8.838196e-04	85526677.000000	0.000000e+00
7.361246e+00	8.169914e+00	8.831964e-04	85569783.000000	0.000000e+00
7.363241e+00	8.166859e+00	8.825247e-04	85636009.000000	0.000000e+00
7.365235e+00	8.163914e+00	8.821003e-04	85656613.000000	0.000000e+00
7.367230e+00	8.158240e+00	8.812074e-04	85711017.000000	0.000000e+00
7.369225e+00	8.152244e+00	8.802429e-04	85772731.000000	0.000000e+00
7.371219e+00	8.149174e+00	8.797723e-04	85799865.000000	0.000000e+00
7.373214e+00	8.144415e+00	8.789960e-04	85851121.000000	0.000000e+00
7.375209e+00	8.139766e+00	8.782897e-04	85891111.000000	0.000000e+00
7.377203e+00	8.135840e+00	8.776358e-04	85936197.000000	0.000000e+00
7.379198e+00	8.131105e+00	8.768103e-04	85997905.000000	0.000000e+00
7.381193e+00	8.126209e+00	8.760035e-04	86052651.000000	0.000000e+00
7.383187e+00	8.122976e+00	8.755323e-04	86076781.000000	0.000000e+00
7.385182e+00	8.117389e+00	8.747018e-04	86121729.000000	0.000000e+00
7.387176e+00	8.112648e+00	8.738766e-04	86183677.000000	0.000000e+00
7.389171e+00	8.108603e+00	8.732552e-04	86220343.000000	0.000000e+00
7.391166e+00	8.106193e+00	8.726264e-04	86293329.000000	0.000000e+00
7.393161e+00	8.101581e+00	8.720643e-04	86306317.000000	0.000000e+00
7.395155e+00	8.096826e+00	8.712301e-04	86370183.000000	0.000000e+00
7.397150e+00	8.091364e+00	8.704826e-04	86401909.000000	0.000000e+00
7.399145e+00	8.086661e+00	8.696137e-04	86474025.000000	0.000000e+00
7.401139e+00	8.083947e+00	8.693419e-04	86470033.000000	0.000000e+00
7.403134e+00	8.078420e+00	8.681237e-04	86594383.000000	0.000000e+00
7.405129e+00	8.074054e+00	8.677806e-04	86569209.000000	0.000000e+00
7.407123e+00	8.069814e+00	8.668748e-04	86659117.000000	0.000000e+00
7.409118e+00	8.066689e+00	8.665102e-04	86664903.000000	0.000000e+00
7.411112e+00	8.061806e+00	8.655706e-04	86748049.000000	0.000000e+00
7.413107e+00	8.056834e+00	8.647483e-04	86805933.000000	0.000000e+00
7.415102e+00	8.051654e+00	8.641954e-04	86805301.000000	0.000000e+00
7.417096e+00	8.046926e+00	8.631880e-04	86905903.000000	0.000000e+00
7.419091e+00	8.045604e+00	8.630597e-04	86903181.000000	0.000000e+00
7.421086e+00	8.040004e+00	8.621329e-04	86968933.000000	0.000000e+00
7.423081e+00	8.035614e+00	8.612786e-04	87046419.000000	0.000000e+00
7.425075e+00	8.031601e+00	8.608281e-04	87050533.000000	0.000000e+00
7.427069e+00	8.027884e+00	8.602906e-04	87078685.000000	0.000000e+00
7.429064e+00	8.021976e+00	8.591570e-04	87180171.000000	0.000000e+00
7.431059e+00	8.018705e+00	8.586817e-04	87205537.000000	0.000000e+00
7.433053e+00	8.015266e+00	8.581280e-04	87243225.000000	0.000000e+00
7.435048e+00	8.009837e+00	8.573744e-04	87278329.000000	0.000000e+00
7.437042e+00	8.006992e+00	8.566489e-04	87364107.000000	0.000000e+00
7.439037e+00	8.001882e+00	8.559734e-04	87390397.000000	0.000000e+00
7.441032e+00	7.996046e+00	8.551199e-04	87437269.000000	0.000000e+00
7.443027e+00	7.992560e+00	8.544478e-04	87498531.000000	0.000000e+00
7.445022e+00	7.989101e+00	8.539111e-04	87532741.000000	0.000000e+00
7.447016e+00	7.983288e+00	8.530101e-04	87590145.000000	0.000000e+00
7.449011e+00	7.980788e+00	8.527123e-04	87596437.000000	0.000000e+00
7.451005e+00	7.974301e+00	8.516194e-04	87678711.000000	0.000000e+00
7.453000e+00	7.971113e+00	8.510467e-04	87726577.000000	0.000000e+00
7.454995e+00	7.966445e+00	8.503609e-04	87765253.000000	0.000000e+00
7.456989e+00	7.962982e+00	8.497537e-04	87814323.000000	0.000000e+00
7.458984e+00	7.958691e+00	8.491069e-04	87853381.000000	0.000000e+00
7.460979e+00	7.954335e+00	8.482607e-04	87932409.000000	0.000000e+00
7.462973e+00	7.952351e+00	8.479738e-04	87948043.000000	0.000000e+00
7.464968e+00	7.945168e+00	8.469620e-04	87999121.000000	0.000000e+00
7.466962e+00	7.941705e+00	8.463719e-04	88045077.000000	0.000000e+00
7.468957e+00	7.937888e+00	8.457311e-04	88093789.000000	0.000000e+00
7.470952e+00	7.930678e+00	8.446579e-04	88157427.000000	0.000000e+00
7.472947e+00	7.929025e+00	8.443742e-04	88179901.000000	0.000000e+00
7.474941e+00	7.925413e+00	8.437227e-04	88235697.000000	0.000000e+00
7.476935e+00	7.919814e+00	8.429680e-04	88268911.000000	0.000000e+00
7.478931e+00	7.915355e+00	8.419512e-04	88382629.000000	0.000000e+00
7.480925e+00	7.913392e+00	8.419549e-04	88338033.000000	0.000000e+00
7.482919e+00	7.907820e+00	8.409938e-04	88415401.000000	0.000000e+00
7.484914e+00	7.905423e+00	8.403691e-04	88493247.000000	0.000000e+00
7.486909e+00	7.898980e+00	8.395713e-04	88517029.000000	0.000000e+00
7.488904e+00	7.894239e+00	8.387953e-04	88574481.000000	0.000000e+00
7.490898e+00	7.890612e+00	8.382084e-04	88617067.000000	0.000000e+00
7.492893e+00	7.887820e+00	8.377076e-04	88660273.000000	0.000000e+00
7.494888e+00	7.883639e+00	8.370424e-04	88707141.000000	0.000000e+00
7.496882e+00	7.878461e+00	8.363168e-04	88744423.000000	0.000000e+00
7.498877e+00	7.874837e+00	8.356892e-04	88796037.000000	0.000000e+00
7.500871e+00	7.868734e+00	8.346856e-04	88871761.000000	0.000000e+00
7.502866e+00	7.865498e+00	8.343917e-04	88861281.000000	0.000000e+00
7.504861e+00	7.861251e+00	8.333262e-04	88992487.000000	0.000000e+00
7.506856e+00	7.857087e+00	8.329416e-04	88980337.000000	0.000000e+00
7.508850e+00	7.855588e+00	8.324678e-04	89047665.000000	0.000000e+00
7.510845e+00	7.849183e+00	8.316703e-04	89073079.000000	0.000000e+00
7.512839e+00	7.845259e+00	8.309934e-04	89129073.000000	0.000000e+00
7.514834e+00	7.840116e+00	8.302211e-04	89177941.000000	0.000000e+00
7.516828e+00	7.836299e+00	8.295398e-04	89237533.000000	0.000000e+00
7.518823e+00	7.834027e+00	8.290872e-04	89283195.000000	0.000000e+00
7.520818e+00	7.827933e+00	8.283330e-04	89306761.000000	0.000000e+00
7.522812e+00	7.825060e+00	8.276281e-04	89393265.000000	0.000000e+00
7.524807e+00	7.822104e+00	8.273120e-04	89394019.000000	0.000000e+00
7.526802e+00	7.815095e+00	8.261259e-04	89490321.000000	0.000000e+00
7.528797e+00	7.812924e+00	8.257894e-04	89513509.000000	0.000000e+00
7.530791e+00	7.808346e+00	8.251531e-04	89546581.000000	0.000000e+00
7.532785e+00	7.804415e+00	8.245163e-04	89594667.000000	0.000000e+00
7.534780e+00	7.800964e+00	8.238784e-04	89654125.000000	0.000000e+00
7.536775e+00	7.794702e+00	8.228916e-04	89725053.000000	0.000000e+00
7.538770e+00	7.791574e+00	8.223792e-04	89764819.000000	0.000000e+00
7.540765e+00	7.788737e+00	8.219035e-04	89803329.000000	0.000000e+00
7.542759e+00	7.783782e+00	8.211785e-04	89847541.000000	0.000000e+00
7.544754e+00	7.778585e+00	8.205614e-04	89862619.000000	0.000000e+00
7.546748e+00	7.775118e+00	8.197974e-04	89949945.000000	0.000000e+00
7.548743e+00	7.770560e+00	8.191323e-04	89990461.000000	0.000000e+00
7.550738e+00	7.766867e+00	8.184017e-04	90065553.000000	0.000000e+00
7.552733e+00	7.762546e+00	8.179083e-04	90073939.000000	0.000000e+00
7.554727e+00	7.758992e+00	8.174103e-04	90101157.000000	0.000000e+00
7.556722e+00	7.753777e+00	8.164110e-04	90200485.000000	0.000000e+00
7.558716e+00	7.750559e+00	8.160213e-04	90211735.000000	0.000000e+00
7.560711e+00	7.746061e+00	8.152459e-04	90278553.000000	0.000000e+00
7.562706e+00	7.742296e+00	8.146065e-04	90332449.000000	0.000000e+00
7.564700e+00	7.737402e+00	8.139845e-04	90356217.000000	0.000000e+00
7.566695e+00	7.733018e+00	8.131361e-04	90442303.000000	0.000000e+00
7.568690e+00	7.731043e+00	8.128282e-04	90464605.000000	0.000000e+00
7.570684e+00	7.727960e+00	8.124865e-04	90468525.000000	0.000000e+00
7.572678e+00	7.722160e+00	8.114597e-04	90561523.000000	0.000000e+00
7.574673e+00	7.719056e+00	8.109118e-04	90611049.000000	0.000000e+00
7.576668e+00	7.714646e+00	8.101379e-04	90680521.000000	0.000000e+00
7.578663e+00	7.708881e+00	8.095516e-04	90676251.000000	0.000000e+00
7.580657e+00	7.705809e+00	8.087921e-04	90774265.000000	0.000000e+00
7.582652e+00	7.701603e+00	8.081620e-04	90816649.000000	0.000000e+00
7.584647e+00	7.697040e+00	8.076269e-04	90829305.000000	0.000000e+00
7.586641e+00	7.695844e+00	8.072654e-04	90882403.000000	0.000000e+00
7.588636e+00	7.689789e+00	8.063552e-04	90944409.000000	0.000000e+00
7.590631e+00	7.686062e+00	8.056583e-04	91013557.000000	0.000000e+00
7.592625e+00	7.683564e+00	8.054572e-04	90999795.000000	0.000000e+00
7.594620e+00	7.679561e+00	8.045483e-04	91110517.000000	0.000000e+00
7.596614e+00	7.672708e+00	8.038412e-04	91108057.000000	0.000000e+00
7.598609e+00	7.670004e+00	8.031210e-04	91207221.000000	0.000000e+00
7.600604e+00	7.665526e+00	8.025481e-04	91230871.000000	0.000000e+00
7.602599e+00	7.660658e+00	8.017555e-04	91295265.000000	0.000000e+00
7.604593e+00	7.657237e+00	8.013354e-04	91309405.000000	0.000000e+00
7.606588e+00	7.653924e+00	8.007423e-04	91365591.000000	0.000000e+00
7.608582e+00	7.649608e+00	8.000662e-04	91416925.000000	0.000000e+00
7.610577e+00	7.645743e+00	7.993970e-04	91477513.000000	0.000000e+00
7.612572e+00	7.641537e+00	7.988500e-04	91502073.000000	0.000000e+00
7.614567e+00	7.637495e+00	7.979839e-04	91603807.000000	0.000000e+00
7.616562e+00	7.634838e+00	7.977131e-04	91602261.000000	0.000000e+00
7.618556e+00	7.629911e+00	7.969577e-04	91657573.000000	0.000000e+00
7.620550e+00	7.625139e+00	7.963081e-04	91692403.000000	0.000000e+00
7.622545e+00	7.622102e+00	7.955953e-04	91783581.000000	0.000000e+00
7.624540e+00	7.617833e+00	7.951692e-04	91779097.000000	0.000000e+00
7.626534e+00	7.614275e+00	7.944596e-04	91857255.000000	0.000000e+00
7.628529e+00	7.610076e+00	7.939241e-04	91879789.000000	0.000000e+00
7.630523e+00	7.604914e+00	7.929636e-04	91977597.000000	0.000000e+00
7.632518e+00	7.600604e+00	7.924849e-04	91984405.000000	0.000000e+00
7.634513e+00	7.597374e+00	7.918801e-04	92046679.000000	0.000000e+00
7.636507e+00	7.593820e+00	7.913805e-04	92076741.000000	0.000000e+00
7.638502e+00	7.590950e+00	7.908090e-04	92140177.000000	0.000000e+00
7.640497e+00	7.586108e+00	7.899683e-04	92218647.000000	0.000000e+00
7.642491e+00	7.583159e+00	7.896801e-04	92214217.000000	0.000000e+00
7.644486e+00	7.578461e+00	7.889529e-04	92269869.000000	0.000000e+00
7.646480e+00	7.575245e+00	7.882615e-04	92353369.000000	0.000000e+00
7.648475e+00	7.570363e+00	7.877414e-04	92356207.000000	0.000000e+00
7.650470e+00	7.565145e+00	7.867491e-04	92461713.000000	0.000000e+00
7.652465e+00	7.562774e+00	7.863861e-04	92489101.000000	0.000000e+00
7.654459e+00	7.557184e+00	7.857707e-04	92497131.000000	0.000000e+00
7.656454e+00	7.553354e+00	7.850183e-04	92580625.000000	0.000000e+00
7.658448e+00	7.550884e+00	7.845635e-04	92627365.000000	0.000000e+00
7.660443e+00	7.546487e+00	7.838960e-04	92677167.000000	0.000000e+00
7.662438e+00	7.542725e+00	7.832925e-04	92727517.000000	0.000000e+00
7.664432e+00	7.539585e+00	7.828397e-04	92757537.000000	0.000000e+00
7.666427e+00	7.535317e+00	7.821284e-04	92821153.000000	0.000000e+00
7.668422e+00	7.530998e+00	7.815099e-04	92861583.000000	0.000000e+00
7.670416e+00	7.527066e+00	7.809260e-04	92903413.000000	0.000000e+00
7.672411e+00	7.523234e+00	7.802094e-04	92979409.000000	0.000000e+00
7.674406e+00	7.519045e+00	7.795723e-04	93027747.000000	0.000000e+00
7.676401e+00	7.514462e+00	7.790926e-04	93028849.000000	0.000000e+00
7.678395e+00	7.511901e+00	7.784604e-04	93116505.000000	0.000000e+00
7.680389e+00	7.507244e+00	7.779446e-04	93124429.000000	0.000000e+00
7.682384e+00	7.504232e+00	7.771263e-04	93245799.000000	0.000000e+00
7.684379e+00	7.499290e+00	7.766201e-04	93244453.000000	0.000000e+00
7.686374e+00	7.495423e+00	7.759284e-04	93314485.000000	0.000000e+00
7.688368e+00	7.491737e+00	7.756250e-04	93295671.000000	0.000000e+00
7.690363e+00	7.487816e+00	7.747019e-04	93420265.000000	0.000000e+00
7.692358e+00	7.485160e+00	7.742766e-04	93456597.000000	0.000000e+00
7.694352e+00	7.480328e+00	7.736613e-04	93484471.000000	0.000000e+00
7.696347e+00	7.476354e+00	7.729822e-04	93549333.000000	0.000000e+00
7.698341e+00	7.473536e+00	7.726004e-04	93571237.000000	0.000000e+00
7.700336e+00	7.469613e+00	7.717678e-04	93674809.000000	0.000000e+00
7.702331e+00	7.463198e+00	7.711921e-04	93653655.000000	0.000000e+00
7.704325e+00	7.460500e+00	7.705384e-04	93744817.000000	0.000000e+00
7.706320e+00	7.456656e+00	7.699060e-04	93802149.000000	0.000000e+00
7.708315e+00	7.453310e+00	7.694135e-04	93838003.000000	0.000000e+00
7.710310e+00	7.449676e+00	7.689252e-04	93865609.000000	0.000000e+00
7.712304e+00	7.445937e+00	7.681561e-04	93959277.000000	0.000000e+00
7.714299e+00	7.441814e+00	7.677864e-04	93945685.000000	0.000000e+00
7.716293e+00	7.438791e+00	7.671292e-04	94030263.000000	0.000000e+00
7.718288e+00	7.434777e+00	7.665266e-04	94076545.000000	0.000000e+00
7.720283e+00	7.430515e+00	7.659219e-04	94117161.000000	0.000000e+00
7.722277e+00	7.426782e+00	7.653092e-04	94173247.000000	0.000000e+00
7.724272e+00	7.422271e+00	7.645419e-04	94247749.000000	0.000000e+00
7.726267e+00	7.419632e+00	7.641608e-04	94274709.000000	0.000000e+00
7.728262e+00	7.414087e+00	7.634636e-04	94305853.000000	0.000000e+00
7.730256e+00	7.411256e+00	7.628949e-04	94374411.000000	0.000000e+00
7.732251e+00	7.408392e+00	7.625030e-04	94398433.000000	0.000000e+00
7.734245e+00	7.404230e+00	7.617684e-04	94474365.000000	0.000000e+00
7.736239e+00	7.400846e+00	7.614277e-04	94472491.000000	0.000000e+00
7.738234e+00	7.396444e+00	7.604374e-04	94606069.000000	0.000000e+00
7.740229e+00	7.392026e+00	7.599374e-04	94617477.000000	0.000000e+00
7.742224e+00	7.388597e+00	7.595041e-04	94637599.000000	0.000000e+00
7.744219e+00	7.384433e+00	7.586189e-04	94751697.000000	0.000000e+00
7.746213e+00	7.380768e+00	7.582816e-04	94741909.000000	0.000000e+00
7.748208e+00	7.376182e+00	7.577180e-04	94765005.000000	0.000000e+00
7.750202e+00	7.372408e+00	7.568098e-04	94895407.000000	0.000000e+00
7.752197e+00	7.369031e+00	7.565038e-04	94885213.000000	0.000000e+00
7.754192e+00	7.365195e+00	7.557925e-04	94964949.000000	0.000000e+00
7.756186e+00	7.360885e+00	7.553225e-04	94971919.000000	0.000000e+00
7.758181e+00	7.357273e+00	7.545083e-04	95083629.000000	0.000000e+00
7.760176e+00	7.354315e+00	7.541276e-04	95103121.000000	0.000000e+00
7.762170e+00	7.349815e+00	7.535896e-04	95122441.000000	0.000000e+00
7.764165e+00	7.345685e+00	7.527174e-04	95235891.000000	0.000000e+00
7.766159e+00	7.343905e+00	7.526559e-04	95205289.000000	0.000000e+00
7.768154e+00	7.338430e+00	7.517070e-04	95303577.000000	0.000000e+00
7.770149e+00	7.333622e+00	7.509547e-04	95369503.000000	0.000000e+00
7.772144e+00	7.332056e+00	7.507535e-04	95379885.000000	0.000000e+00
7.774138e+00	7.326037e+00	7.498798e-04	95445373.000000	0.000000e+00
7.776133e+00	7.323902e+00	7.494010e-04	95511679.000000	0.000000e+00
7.778128e+00	7.320840e+00	7.490091e-04	95531733.000000	0.000000e+00
7.780122e+00	7.317545e+00	7.484201e-04	95596045.000000	0.000000e+00
7.782117e+00	7.313210e+00	7.477829e-04	95645625.000000	0.000000e+00
7.784112e+00	7.308861e+00	7.472972e-04	95656123.000000	0.000000e+00
7.786105e+00	7.303499e+00	7.466147e-04	95690517.000000	0.000000e+00
7.788100e+00	7.300507e+00	7.457927e-04	95823013.000000	0.000000e+00
7.790095e+00	7.296931e+00	7.453335e-04	95847151.000000	0.000000e+00
7.792090e+00	7.293694e+00	7.448141e-04	95895729.000000	0.000000e+00
7.794085e+00	7.291109e+00	7.444386e-04	95924485.000000	0.000000e+00
7.796079e+00	7.286730e+00	7.438024e-04	95973249.000000	0.000000e+00
7.798074e+00	7.283165e+00	7.431142e-04	96057055.000000	0.000000e+00
7.800069e+00	7.279899e+00	7.427568e-04	96063301.000000	0.000000e+00
7.802063e+00	7.276506e+00	7.421339e-04	96134937.000000	0.000000e+00
7.804058e+00	7.272036e+00	7.415777e-04	96160939.000000	0.000000e+00
7.806052e+00	7.267891e+00	7.408138e-04	96249537.000000	0.000000e+00
7.808047e+00	7.265117e+00	7.404329e-04	96275041.000000	0.000000e+00
7.810042e+00	7.260010e+00	7.396826e-04	96334881.000000	0.000000e+00
7.812037e+00	7.256350e+00	7.392164e-04	96359215.000000	0.000000e+00
7.814031e+00	7.253016e+00	7.386379e-04	96421561.000000	0.000000e+00
7.816026e+00	7.250512e+00	7.381630e-04	96478989.000000	0.000000e+00
7.818020e+00	7.245377e+00	7.375120e-04	96512527.000000	0.000000e+00
7.820015e+00	7.242209e+00	7.370048e-04	96560937.000000	0.000000e+00
7.822009e+00	7.239389e+00	7.363912e-04	96646621.000000	0.000000e+00
7.824004e+00	7.235510e+00	7.359245e-04	96665583.000000	0.000000e+00
7.825999e+00	7.231208e+00	7.351850e-04	96744973.000000	0.000000e+00
7.827994e+00	7.228592e+00	7.348109e-04	96773449.000000	0.000000e+00
7.829989e+00	7.223879e+00	7.342393e-04	96797853.000000	0.000000e+00
7.831983e+00	7.220316e+00	7.336459e-04	96858871.000000	0.000000e+00
7.833978e+00	7.216567e+00	7.330182e-04	96924093.000000	0.000000e+00
7.835972e+00	7.213663e+00	7.325489e-04	96970237.000000	0.000000e+00
7.837967e+00	7.210065e+00	7.320574e-04	97003647.000000	0.000000e+00
7.839962e+00	7.204963e+00	7.312018e-04	97093237.000000	0.000000e+00
7.841956e+00	7.203090e+00	7.309992e-04	97096549.000000	0.000000e+00
7.843951e+00	7.198342e+00	7.302071e-04	97179105.000000	0.000000e+00
7.845946e+00	7.195268e+00	7.297767e-04	97210663.000000	0.000000e+00
7.847940e+00	7.190260e+00	7.290745e-04	97262481.000000	0.000000e+00
7.849935e+00	7.187354e+00	7.286166e-04	97306069.000000	0.000000e+00
7.851929e+00	7.183664e+00	7.280136e-04	97367275.000000	0.000000e+00
7.853924e+00	7.180731e+00	7.276527e-04	97384329.000000	0.000000e+00
7.855919e+00	7.176932e+00	7.268777e-04	97488853.000000	0.000000e+00
7.857913e+00	7.173707e+00	7.265705e-04	97483647.000000	0.000000e+00
7.859908e+00	7.169272e+00	7.258003e-04	97569877.000000	0.000000e+00
7.861902e+00	7.164981e+00	7.252783e-04	97593465.000000	0.000000e+00
7.863897e+00	7.160327e+00	7.244554e-04	97688257.000000	0.000000e+00
7.865892e+00	7.157289e+00	7.241675e-04	97683007.000000	0.000000e+00
7.867886e+00	7.155789e+00	7.236754e-04	97774893.000000	0.000000e+00
7.869881e+00	7.150977e+00	7.229773e-04	97832113.000000	0.000000e+00
7.871876e+00	7.146979e+00	7.225286e-04	97844151.000000	0.000000e+00
7.873871e+00	7.144597e+00	7.220444e-04	97910125.000000	0.000000e+00
7.875865e+00	7.140513e+00	7.215122e-04	97942569.000000	0.000000e+00
7.877860e+00	7.135913e+00	7.207795e-04	98015365.000000	0.000000e+00
7.879855e+00	7.133466e+00	7.203623e-04	98061643.000000	0.000000e+00
7.881849e+00	7.127865e+00	7.196799e-04	98093493.000000	0.000000e+00
7.883844e+00	7.125477e+00	7.191453e-04	98173573.000000	0.000000e+00
7.885839e+00	7.122273e+00	7.187177e-04	98202063.000000	0.000000e+00
7.887833e+00	7.118473e+00	7.181404e-04	98255077.000000	0.000000e+00
7.889828e+00	7.114470e+00	7.175597e-04	98303517.000000	0.000000e+00
7.891822e+00	7.110623e+00	7.171733e-04	98303065.000000	0.000000e+00
7.893817e+00	7.107653e+00	7.162806e-04	98465935.000000	0.000000e+00
7.895812e+00	7.102815e+00	7.158580e-04	98448105.000000	0.000000e+00
7.897806e+00	7.098608e+00	7.152871e-04	98488513.000000	0.000000e+00
7.899801e+00	7.096356e+00	7.147907e-04	98562783.000000	0.000000e+00
7.901796e+00	7.093568e+00	7.143255e-04	98613697.000000	0.000000e+00
7.903790e+00	7.089599e+00	7.138495e-04	98634757.000000	0.000000e+00
7.905785e+00	7.084691e+00	7.131303e-04	98697027.000000	0.000000e+00
7.907779e+00	7.082866e+00	7.127873e-04	98741137.000000	0.000000e+00
7.909774e+00	7.079869e+00	7.121613e-04	98831121.000000	0.000000e+00
7.911769e+00	7.074830e+00	7.117123e-04	98815045.000000	0.000000e+00
7.913763e+00	7.070626e+00	7.109195e-04	98917899.000000	0.000000e+00
7.915758e+00	7.068762e+00	7.105520e-04	98968033.000000	0.000000e+00
7.917753e+00	7.063927e+00	7.099841e-04	98990869.000000	0.000000e+00
7.919747e+00	7.062003e+00	7.095813e-04	99049299.000000	0.000000e+00
7.921742e+00	7.057387e+00	7.088782e-04	99116185.000000	0.000000e+00
7.923737e+00	7.054807e+00	7.085797e-04	99127209.000000	0.000000e+00
7.925731e+00	7.050327e+00	7.079272e-04	99183925.000000	0.000000e+00
7.927726e+00	7.046459e+00	7.071852e-04	99283155.000000	0.000000e+00
7.929721e+00	7.041910e+00	7.067006e-04	99291025.000000	0.000000e+00
7.931715e+00	7.039689e+00	7.061767e-04	99375685.000000	0.000000e+00
7.933710e+00	7.036499e+00	7.058642e-04	99373587.000000	0.000000e+00
7.935705e+00	7.034653e+00	7.053412e-04	99468793.000000	0.000000e+00
7.937699e+00	7.028839e+00	7.046663e-04	99494757.000000	0.000000e+00
7.939694e+00	7.026766e+00	7.043655e-04	99520999.000000	0.000000e+00
7.941688e+00	7.021637e+00	7.034662e-04	99630021.000000	0.000000e+00
7.943683e+00	7.018420e+00	7.030220e-04	99664585.000000	0.000000e+00
7.945678e+00	7.016110e+00	7.027284e-04	99682213.000000	0.000000e+00
7.947672e+00	7.011517e+00	7.020306e-04	99749763.000000	0.000000e+00
7.949667e+00	7.007441e+00	7.014093e-04	99810409.000000	0.000000e+00
7.951662e+00	7.005209e+00	7.010466e-04	99850077.000000	0.000000e+00
7.953656e+00	7.001230e+00	7.004673e-04	99901723.000000	0.000000e+00
7.955651e+00	6.997211e+00	6.998972e-04	99949681.000000	0.000000e+00
7.957646e+00	6.994195e+00	6.994565e-04	99989409.000000	0.000000e+00
7.959640e+00	6.990106e+00	6.988574e-04	100043833.000000	0.000000e+00
7.961635e+00	6.985848e+00	6.981258e-04	100131543.000000	0.000000e+00
7.963630e+00	6.982467e+00	6.977802e-04	100133761.000000	0.000000e+00
7.965624e+00	6.980909e+00	6.973431e-04	100214589.000000	0.000000e+00
7.967619e+00	6.977257e+00	6.967340e-04	100284895.000000	0.000000e+00
7.969614e+00	6.972641e+00	6.963001e-04	100277065.000000	0.000000e+00
7.971609e+00	6.969498e+00	6.956533e-04	100373097.000000	0.000000e+00
7.973603e+00	6.965135e+00	6.953021e-04	100348747.000000	0.000000e+00
7.975597e+00	6.962334e+00	6.945953e-04	100472205.000000	0.000000e+00
7.977592e+00	6.958654e+00	6.941591e-04	100492225.000000	0.000000e+00
7.979587e+00	6.954761e+00	6.934901e-04	100573557.000000	0.000000e+00
7.981582e+00	6.951592e+00	6.930614e-04	100606267.000000	0.000000e+00
7.983576e+00	6.949197e+00	6.926645e-04	100652233.000000	0.000000e+00
7.985571e+00	6.944838e+00	6.919342e-04	100738329.000000	0.000000e+00
7.987566e+00	6.942234e+00	6.916601e-04	100742587.000000	0.000000e+00
7.989560e+00	6.937098e+00	6.910331e-04	100776201.000000	0.000000e+00
7.991555e+00	6.934158e+00	6.905084e-04	100843885.000000	0.000000e+00
7.993549e+00	6.931011e+00	6.899624e-04	100911877.000000	0.000000e+00
7.995544e+00	6.927771e+00	6.894874e-04	100956531.000000	0.000000e+00
7.997539e+00	6.924803e+00	6.889852e-04	101017129.000000	0.000000e+00
7.999533e+00	6.920467e+00	6.883916e-04	101064741.000000	0.000000e+00
8.001528e+00	6.917050e+00	6.879157e-04	101104723.000000	0.000000e+00
8.003523e+00	6.913209e+00	6.872568e-04	101186181.000000	0.000000e+00
8.005517e+00	6.909862e+00	6.869957e-04	101165101.000000	0.000000e+00
8.007512e+00	6.906491e+00	6.863738e-04	101249617.000000	0.000000e+00
8.009506e+00	6.904728e+00	6.860320e-04	101298819.000000	0.000000e+00
8.011501e+00	6.900254e+00	6.853010e-04	101383537.000000	0.000000e+00
8.013496e+00	6.896228e+00	6.847763e-04	101420493.000000	0.000000e+00
8.015490e+00	6.892412e+00	6.842995e-04	101449519.000000	0.000000e+00
8.017485e+00	6.890668e+00	6.839025e-04	101515953.000000	0.000000e+00
8.019480e+00	6.885475e+00	6.832640e-04	101552509.000000	0.000000e+00
8.021474e+00	6.882698e+00	6.828137e-04	101604511.000000	0.000000e+00
8.023469e+00	6.880942e+00	6.823509e-04	101690469.000000	0.000000e+00
8.025464e+00	6.875205e+00	6.817533e-04	101699041.000000	0.000000e+00
8.027458e+00	6.872369e+00	6.812857e-04	101754681.000000	0.000000e+00
8.029453e+00	6.869543e+00	6.806840e-04	101850811.000000	0.000000e+00
8.031448e+00	6.865886e+00	6.803795e-04	101833533.000000	0.000000e+00
8.033442e+00	6.863332e+00	6.797689e-04	101940661.000000	0.000000e+00
8.035437e+00	6.858650e+00	6.792860e-04	101946415.000000	0.000000e+00
8.037432e+00	6.855839e+00	6.787093e-04	102036057.000000	0.000000e+00
8.039426e+00	6.851701e+00	6.782662e-04	102046117.000000	0.000000e+00
8.041421e+00	6.849916e+00	6.779056e-04	102101493.000000	0.000000e+00
8.043415e+00	6.845176e+00	6.771459e-04	102189151.000000	0.000000e+00
8.045410e+00	6.841437e+00	6.766972e-04	102212953.000000	0.000000e+00
8.047405e+00	6.838453e+00	6.760926e-04	102306525.000000	0.000000e+00
8.049400e+00	6.836154e+00	6.759396e-04	102284035.000000	0.000000e+00
8.051394e+00	6.831888e+00	6.751609e-04	102392193.000000	0.000000e+00
8.053389e+00	6.828654e+00	6.747978e-04	102405397.000000	0.000000e+00
8.055383e+00	6.825695e+00	6.742794e-04	102474063.000000	0.000000e+00
8.057378e+00	6.822231e+00	6.737830e-04	102520993.000000	0.000000e+00
8.059372e+00	6.818712e+00	6.732696e-04	102571501.000000	0.000000e+00
8.061367e+00	6.815411e+00	6.727729e-04	102623577.000000	0.000000e+00
8.063362e+00	6.810885e+00	6.721244e-04	102685183.000000	0.000000e+00
8.065356e+00	6.808305e+00	6.717544e-04	102720453.000000	0.000000e+00
8.067351e+00	6.805861e+00	6.712366e-04	102805165.000000	0.000000e+00
8.069346e+00	6.802312e+00	6.708382e-04	102820011.000000	0.000000e+00
8.071341e+00	6.798470e+00	6.702474e-04	102885013.000000	0.000000e+00
8.073335e+00	6.794688e+00	6.697701e-04	102917089.000000	0.000000e+00
8.075330e+00	6.791742e+00	6.693454e-04	102958413.000000	0.000000e+00
8.077324e+00	6.788880e+00	6.687268e-04	103062043.000000	0.000000e+00
8.079319e+00	6.784471e+00	6.682473e-04	103075989.000000	0.000000e+00
8.081314e+00	6.781414e+00	6.676753e-04	103159645.000000	0.000000e+00
8.083309e+00	6.777404e+00	6.673101e-04	103150515.000000	0.000000e+00
8.085303e+00	6.775004e+00	6.667247e-04	103258525.000000	0.000000e+00
8.087298e+00	6.772072e+00	6.664128e-04	103265785.000000	0.000000e+00
8.089292e+00	6.768262e+00	6.658138e-04	103335309.000000	0.000000e+00
8.091287e+00	6.764801e+00	6.652674e-04	103399291.000000	0.000000e+00
8.093282e+00	6.763342e+00	6.650275e-04	103429269.000000	0.000000e+00
8.095276e+00	6.757414e+00	6.641913e-04	103508173.000000	0.000000e+00
8.097271e+00	6.755744e+00	6.638642e-04	103559011.000000	0.000000e+00
8.099266e+00	6.751205e+00	6.634250e-04	103556901.000000	0.000000e+00
8.101260e+00	6.749014e+00	6.628266e-04	103676605.000000	0.000000e+00
8.103255e+00	6.745169e+00	6.624952e-04	103662123.000000	0.000000e+00
8.105249e+00	6.740404e+00	6.617408e-04	103751869.000000	0.000000e+00
8.107244e+00	6.737155e+00	6.612027e-04	103820673.000000	0.000000e+00
8.109239e+00	6.736048e+00	6.610481e-04	103835113.000000	0.000000e+00
8.111233e+00	6.731927e+00	6.604657e-04	103891075.000000	0.000000e+00
8.113228e+00	6.727960e+00	6.598358e-04	103966917.000000	0.000000e+00
8.115223e+00	6.724987e+00	6.594358e-04	104001097.000000	0.000000e+00
8.117218e+00	6.721668e+00	6.589955e-04	104037327.000000	0.000000e+00
8.119212e+00	6.718640e+00	6.584296e-04	104122369.000000	0.000000e+00
8.121207e+00	6.715199e+00	6.580372e-04	104139849.000000	0.000000e+00
8.123201e+00	6.711931e+00	6.575015e-04	104208097.000000	0.000000e+00
8.125196e+00	6.708114e+00	6.570423e-04	104235139.000000	0.000000e+00
8.127191e+00	6.704502e+00	6.563698e-04	104336421.000000	0.000000e+00
8.129185e+00	6.702438e+00	6.561827e-04	104331649.000000	0.000000e+00
8.131180e+00	6.698368e+00	6.554093e-04	104451063.000000	0.000000e+00
8.133175e+00	6.696521e+00	6.552986e-04	104428729.000000	0.000000e+00
8.135169e+00	6.691466e+00	6.544885e-04	104529405.000000	0.000000e+00
8.137164e+00	6.686487e+00	6.538987e-04	104562295.000000	0.000000e+00
8.139159e+00	6.685242e+00	6.535533e-04	104633845.000000	0.000000e+00
8.141153e+00	6.682180e+00	6.532428e-04	104637453.000000	0.000000e+00
8.143147e+00	6.679501e+00	6.528041e-04	104694109.000000	0.000000e+00
8.145142e+00	6.674647e+00	6.519734e-04	104808579.000000	0.000000e+00
8.147137e+00	6.672341e+00	6.517128e-04	104819965.000000	0.000000e+00
8.149132e+00	6.668572e+00	6.511420e-04	104885245.000000	0.000000e+00
8.151126e+00	6.666225e+00	6.509399e-04	104876463.000000	0.000000e+00
8.153121e+00	6.662827e+00	6.502183e-04	105002269.000000	0.000000e+00
8.155116e+00	6.658940e+00	6.497093e-04	105044193.000000	0.000000e+00
8.157111e+00	6.655733e+00	6.492663e-04	105086281.000000	0.000000e+00
8.159105e+00	6.653744e+00	6.489667e-04	105120483.000000	0.000000e+00
8.161100e+00	6.649301e+00	6.483987e-04	105164161.000000	0.000000e+00
8.163094e+00	6.646861e+00	6.479556e-04	105230773.000000	0.000000e+00
8.165089e+00	6.641994e+00	6.472572e-04	105303567.000000	0.000000e+00
8.167084e+00	6.638968e+00	6.469715e-04	105300601.000000	0.000000e+00
8.169078e+00	6.636467e+00	6.464371e-04	105395337.000000	0.000000e+00
8.171073e+00	6.632146e+00	6.458315e-04	105455599.000000	0.000000e+00
8.173068e+00	6.628635e+00	6.453808e-04	105491169.000000	0.000000e+00
8.175062e+00	6.626121e+00	6.450236e-04	105527977.000000	0.000000e+00
8.177057e+00	6.624673e+00	6.446809e-04	105594013.000000	0.000000e+00
8.179052e+00	6.620491e+00	6.441295e-04	105641355.000000	0.000000e+00
8.181046e+00	6.618269e+00	6.437139e-04	105706837.000000	0.000000e+00
8.183041e+00	6.614127e+00	6.431279e-04	105767025.000000	0.000000e+00
8.185036e+00	6.609582e+00	6.426143e-04	105790639.000000	0.000000e+00
8.187031e+00	6.607880e+00	6.422641e-04	105851521.000000	0.000000e+00
8.189025e+00	6.604279e+00	6.417446e-04	105907413.000000	0.000000e+00
8.191019e+00	6.602156e+00	6.415681e-04	105897589.000000	0.000000e+00
8.193014e+00	6.598932e+00	6.407270e-04	106072143.000000	0.000000e+00
8.195009e+00	6.593535e+00	6.404212e-04	105999853.000000	0.000000e+00
8.197003e+00	6.591761e+00	6.398880e-04	106119429.000000	0.000000e+00
8.198998e+00	6.586980e+00	6.392985e-04	106161067.000000	0.000000e+00
8.200993e+00	6.584414e+00	6.388610e-04	106223749.000000	0.000000e+00
8.202987e+00	6.581909e+00	6.385425e-04	106248849.000000	0.000000e+00
8.204982e+00	6.578049e+00	6.379665e-04	106315957.000000	0.000000e+00
8.206977e+00	6.575284e+00	6.375156e-04	106376907.000000	0.000000e+00
8.208971e+00	6.571862e+00	6.371052e-04	106403161.000000	0.000000e+00
8.210966e+00	6.568476e+00	6.365919e-04	106465017.000000	0.000000e+00
8.212961e+00	6.565385e+00	6.360363e-04	106550779.000000	0.000000e+00
8.214955e+00	6.561802e+00	6.356622e-04	106559833.000000	0.000000e+00
8.216950e+00	6.559331e+00	6.352735e-04	106609905.000000	0.000000e+00
8.218944e+00	6.555684e+00	6.347177e-04	106677991.000000	0.000000e+00
8.220939e+00	6.553215e+00	6.343036e-04	106736877.000000	0.000000e+00
8.222934e+00	6.549273e+00	6.337863e-04	106782601.000000	0.000000e+00
8.224928e+00	6.547447e+00	6.334920e-04	106822245.000000	0.000000e+00
8.226923e+00	6.541990e+00	6.327940e-04	106879663.000000	0.000000e+00
8.228918e+00	6.538726e+00	6.322579e-04	106954165.000000	0.000000e+00
8.230912e+00	6.537102e+00	6.320037e-04	106987077.000000	0.000000e+00
8.232907e+00	6.533147e+00	6.314214e-04	107054839.000000	0.000000e+00
8.234902e+00	6.530748e+00	6.310956e-04	107086701.000000	0.000000e+00
8.236897e+00	6.527573e+00	6.306239e-04	107142721.000000	0.000000e+00
8.238891e+00	6.525803e+00	6.303679e-04	107171593.000000	0.000000e+00
8.240886e+00	6.521872e+00	6.297134e-04	107265147.000000	0.000000e+00
8.242880e+00	6.517696e+00	6.291881e-04	107306773.000000	0.000000e+00
8.244875e+00	6.514426e+00	6.288018e-04	107330901.000000	0.000000e+00
8.246870e+00	6.510988e+00	6.282248e-04	107414683.000000	0.000000e+00
8.248864e+00	6.508401e+00	6.279105e-04	107436813.000000	0.000000e+00
8.250859e+00	6.504232e+00	6.272188e-04	107536021.000000	0.000000e+00
8.252854e+00	6.502611e+00	6.270826e-04	107529115.000000	0.000000e+00
8.254848e+00	6.500024e+00	6.264861e-04	107648241.000000	0.000000e+00
8.256843e+00	6.495150e+00	6.259634e-04	107666485.000000	0.000000e+00
8.258838e+00	6.492769e+00	6.256818e-04	107684421.000000	0.000000e+00
8.260832e+00	6.490280e+00	6.252435e-04	107752783.000000	0.000000e+00
8.262827e+00	6.487433e+00	6.247234e-04	107837613.000000	0.000000e+00
8.264821e+00	6.484230e+00	6.243717e-04	107852557.000000	0.000000e+00
8.266816e+00	6.480724e+00	6.237594e-04	107947567.000000	0.000000e+00
8.268811e+00	6.477412e+00	6.234198e-04	107954757.000000	0.000000e+00
8.270805e+00	6.474299e+00	6.228726e-04	108040633.000000	0.000000e+00
8.272800e+00	6.470503e+00	6.223387e-04	108099213.000000	0.000000e+00
8.274795e+00	6.468137e+00	6.221423e-04	108088363.000000	0.000000e+00
8.276789e+00	6.464694e+00	6.214793e-04	108203841.000000	0.000000e+00
8.278784e+00	6.461501e+00	6.210492e-04	108246733.000000	0.000000e+00
8.280779e+00	6.459261e+00	6.207658e-04	108270499.000000	0.000000e+00
8.282773e+00	6.455771e+00	6.201899e-04	108354477.000000	0.000000e+00
8.284768e+00	6.453025e+00	6.198368e-04	108385705.000000	0.000000e+00
8.286762e+00	6.449264e+00	6.192984e-04	108447693.000000	0.000000e+00
8.288757e+00	6.446084e+00	6.189586e-04	108459775.000000	0.000000e+00
8.290751e+00	6.442193e+00	6.182417e-04	108580273.000000	0.000000e+00
8.292746e+00	6.439696e+00	6.179189e-04	108609501.000000	0.000000e+00
8.294741e+00	6.436817e+00	6.175346e-04	108647503.000000	0.000000e+00
8.296735e+00	6.433436e+00	6.171757e-04	108659649.000000	0.000000e+00
8.298730e+00	6.430501e+00	6.164787e-04	108806149.000000	0.000000e+00
8.300725e+00	6.427243e+00	6.160858e-04	108834627.000000	0.000000e+00
8.302720e+00	6.423482e+00	6.156197e-04	108871933.000000	0.000000e+00
8.304715e+00	6.421542e+00	6.153922e-04	108886645.000000	0.000000e+00
8.306709e+00	6.417654e+00	6.148190e-04	108957729.000000	0.000000e+00
8.308704e+00	6.415041e+00	6.143770e-04	109025743.000000	0.000000e+00
8.310698e+00	6.412751e+00	6.140423e-04	109066677.000000	0.000000e+00
8.312693e+00	6.410329e+00	6.136377e-04	109128109.000000	0.000000e+00
8.314688e+00	6.405588e+00	6.130209e-04	109186119.000000	0.000000e+00
8.316683e+00	6.402672e+00	6.125749e-04	109245637.000000	0.000000e+00
8.318677e+00	6.399931e+00	6.122225e-04	109277845.000000	0.000000e+00
8.320672e+00	6.396123e+00	6.117859e-04	109303653.000000	0.000000e+00
8.322666e+00	6.394616e+00	6.113920e-04	109392979.000000	0.000000e+00
8.324661e+00	6.390737e+00	6.109081e-04	109433433.000000	0.000000e+00
8.326655e+00	6.387332e+00	6.103985e-04	109499485.000000	0.000000e+00
8.328650e+00	6.385428e+00	6.102013e-04	109504947.000000	0.000000e+00
8.330644e+00	6.381200e+00	6.094441e-04	109631929.000000	0.000000e+00
8.332639e+00	6.377549e+00	6.090652e-04	109642789.000000	0.000000e+00
8.334634e+00	6.375454e+00	6.086637e-04	109715355.000000	0.000000e+00
8.336629e+00	6.372735e+00	6.083793e-04	109724305.000000	0.000000e+00
8.338623e+00	6.369296e+00	6.077116e-04	109846905.000000	0.000000e+00
8.340618e+00	6.366978e+00	6.075293e-04	109832821.000000	0.000000e+00
8.342612e+00	6.363527e+00	6.070301e-04	109894315.000000	0.000000e+00
8.344607e+00	6.359123e+00	6.064234e-04	109961997.000000	0.000000e+00
8.346602e+00	6.357750e+00	6.060602e-04	110046289.000000	0.000000e+00
8.348597e+00	6.354116e+00	6.056353e-04	110074791.000000	0.000000e+00
8.350591e+00	6.351427e+00	6.052354e-04	110127037.000000	0.000000e+00
8.352586e+00	6.347430e+00	6.047361e-04	110170185.000000	0.000000e+00
8.354581e+00	6.345714e+00	6.043919e-04	110236093.000000	0.000000e+00
8.356575e+00	6.343146e+00	6.040950e-04	110255167.000000	0.000000e+00
8.358570e+00	6.338161e+00	6.034406e-04	110320833.000000	0.000000e+00
8.360564e+00	6.334904e+00	6.029643e-04	110381641.000000	0.000000e+00
8.362559e+00	6.332326e+00	6.025293e-04	110451123.000000	0.000000e+00
8.364554e+00	6.329806e+00	6.021672e-04	110496013.000000	0.000000e+00
8.366548e+00	6.326937e+00	6.017873e-04	110535273.000000	0.000000e+00
8.368543e+00	6.323900e+00	6.013744e-04	110580919.000000	0.000000e+00
8.370538e+00	6.321197e+00	6.007957e-04	110699341.000000	0.000000e+00
8.372532e+00	6.317439e+00	6.005436e-04	110660589.000000	0.000000e+00
8.374527e+00	6.314176e+00	5.999060e-04	110781421.000000	0.000000e+00
8.376522e+00	6.311741e+00	5.995964e-04	110810343.000000	0.000000e+00
8.378517e+00	6.308367e+00	5.991945e-04	110840473.000000	0.000000e+00
8.380511e+00	6.304890e+00	5.986402e-04	110923417.000000	0.000000e+00
8.382506e+00	6.303036e+00	5.983257e-04	110974779.000000	0.000000e+00
8.384500e+00	6.300182e+00	5.979883e-04	110999437.000000	0.000000e+00
8.386495e+00	6.298029e+00	5.975722e-04	111078117.000000	0.000000e+00
8.388489e+00	6.294132e+00	5.971598e-04	111094009.000000	0.000000e+00
8.390484e+00	6.291090e+00	5.965653e-04	111207951.000000	0.000000e+00
8.392479e+00	6.287975e+00	5.962939e-04	111198973.000000	0.000000e+00
8.394473e+00	6.284689e+00	5.957088e-04	111301141.000000	0.000000e+00
8.396468e+00	6.282179e+00	5.954213e-04	111319647.000000	0.000000e+00
8.398463e+00	6.277427e+00	5.947060e-04	111418861.000000	0.000000e+00
8.400458e+00	6.276070e+00	5.945462e-04	111430593.000000	0.000000e+00
8.402452e+00	6.273159e+00	5.941004e-04	111494377.000000	0.000000e+00
8.404447e+00	6.270075e+00	5.936897e-04	111538923.000000	0.000000e+00
8.406441e+00	6.266071e+00	5.931809e-04	111587689.000000	0.000000e+00
8.408436e+00	6.263740e+00	5.927856e-04	111653437.000000	0.000000e+00
8.410430e+00	6.260827e+00	5.923813e-04	111701967.000000	0.000000e+00
8.412425e+00	6.258391e+00	5.919823e-04	111765553.000000	0.000000e+00
8.414420e+00	6.255227e+00	5.915555e-04	111813753.000000	0.000000e+00
8.416415e+00	6.251472e+00	5.910256e-04	111879907.000000	0.000000e+00
8.418409e+00	6.247903e+00	5.906155e-04	111907401.000000	0.000000e+00
8.420404e+00	6.246017e+00	5.902225e-04	111988861.000000	0.000000e+00
8.422399e+00	6.244167e+00	5.900495e-04	111988153.000000	0.000000e+00
8.424393e+00	6.240791e+00	5.894457e-04	112096395.000000	0.000000e+00
8.426388e+00	6.237356e+00	5.891228e-04	112095793.000000	0.000000e+00
8.428382e+00	6.235131e+00	5.885326e-04	112240641.000000	0.000000e+00
8.430377e+00	6.231082e+00	5.882363e-04	112207879.000000	0.000000e+00
8.432372e+00	6.228371e+00	5.877648e-04	112290193.000000	0.000000e+00
8.434367e+00	6.226049e+00	5.873812e-04	112353105.000000	0.000000e+00
8.436361e+00	6.221396e+00	5.868681e-04	112381453.000000	0.000000e+00
8.438356e+00	6.219340e+00	5.865033e-04	112446927.000000	0.000000e+00
8.440350e+00	6.215715e+00	5.859983e-04	112509577.000000	0.000000e+00
8.442345e+00	6.213560e+00	5.856475e-04	112566273.000000	0.000000e+00
8.444340e+00	6.210840e+00	5.853548e-04	112580275.000000	0.000000e+00
8.446334e+00	6.208886e+00	5.849126e-04	112679641.000000	0.000000e+00
8.448329e+00	6.204410e+00	5.844616e-04	112690977.000000	0.000000e+00
8.450324e+00	6.202187e+00	5.839579e-04	112804555.000000	0.000000e+00
8.452318e+00	6.198605e+00	5.836824e-04	112780689.000000	0.000000e+00
8.454313e+00	6.196527e+00	5.831988e-04	112892101.000000	0.000000e+00
8.456307e+00	6.193760e+00	5.828907e-04	112910541.000000	0.000000e+00
8.458302e+00	6.190280e+00	5.823652e-04	112987327.000000	0.000000e+00
8.460297e+00	6.187752e+00	5.820235e-04	113027677.000000	0.000000e+00
8.462291e+00	6.185490e+00	5.815846e-04	113115597.000000	0.000000e+00
8.464286e+00	6.181418e+00	5.811623e-04	113130931.000000	0.000000e+00
8.466281e+00	6.179949e+00	5.808635e-04	113193525.000000	0.000000e+00
8.468275e+00	6.176425e+00	5.804131e-04	113240029.000000	0.000000e+00
8.470270e+00	6.171890e+00	5.798831e-04	113280597.000000	0.000000e+00
8.472264e+00	6.169911e+00	5.794416e-04	113380531.000000	0.000000e+00
8.474259e+00	6.168313e+00	5.792227e-04	113407489.000000	0.000000e+00
8.476254e+00	6.163835e+00	5.786348e-04	113473101.000000	0.000000e+00
8.478249e+00	6.161701e+00	5.783223e-04	113517127.000000	0.000000e+00
8.480243e+00	6.159712e+00	5.780986e-04	113531673.000000	0.000000e+00
8.482238e+00	6.154578e+00	5.773861e-04	113622409.000000	0.000000e+00
8.484232e+00	6.152727e+00	5.770598e-04	113682493.000000	0.000000e+00
8.486227e+00	6.149575e+00	5.765816e-04	113754519.000000	0.000000e+00
8.488222e+00	6.146354e+00	5.761882e-04	113790577.000000	0.000000e+00
8.490217e+00	6.143825e+00	5.759093e-04	113807121.000000	0.000000e+00
8.492211e+00	6.141665e+00	5.754582e-04	113905495.000000	0.000000e+00
8.494206e+00	6.138359e+00	5.751139e-04	113919177.000000	0.000000e+00
8.496201e+00	6.135862e+00	5.745865e-04	114035581.000000	0.000000e+00
8.498195e+00	6.132185e+00	5.742649e-04	114026551.000000	0.000000e+00
8.500190e+00	6.129734e+00	5.738502e-04	114100137.000000	0.000000e+00
8.502185e+00	6.126795e+00	5.734252e-04	114159793.000000	0.000000e+00
8.504179e+00	6.123362e+00	5.729731e-04	114211917.000000	0.000000e+00
8.506174e+00	6.120413e+00	5.726107e-04	114246391.000000	0.000000e+00
8.508168e+00	6.118014e+00	5.722618e-04	114296109.000000	0.000000e+00
8.510163e+00	6.115175e+00	5.717651e-04	114388537.000000	0.000000e+00
8.512158e+00	6.112726e+00	5.713694e-04	114455299.000000	0.000000e+00
8.514153e+00	6.109046e+00	5.710046e-04	114463653.000000	0.000000e+00
8.516147e+00	6.106894e+00	5.706704e-04	114517057.000000	0.000000e+00
8.518142e+00	6.103125e+00	5.701117e-04	114600009.000000	0.000000e+00
8.520136e+00	6.101565e+00	5.698414e-04	114650119.000000	0.000000e+00
8.522131e+00	6.097955e+00	5.694805e-04	114659685.000000	0.000000e+00
8.524125e+00	6.095287e+00	5.690042e-04	114751249.000000	0.000000e+00
8.526120e+00	6.091905e+00	5.685520e-04	114806323.000000	0.000000e+00
8.528115e+00	6.089419e+00	5.682039e-04	114853233.000000	0.000000e+00
8.530109e+00	6.086981e+00	5.678329e-04	114911341.000000	0.000000e+00
8.532104e+00	6.084256e+00	5.674501e-04	114963387.000000	0.000000e+00
8.534099e+00	6.081088e+00	5.670435e-04	115008469.000000	0.000000e+00
8.536093e+00	6.078083e+00	5.666096e-04	115070893.000000	0.000000e+00
8.538088e+00	6.075477e+00	5.662600e-04	115114245.000000	0.000000e+00
8.540083e+00	6.072313e+00	5.658055e-04	115179187.000000	0.000000e+00
8.542077e+00	6.070150e+00	5.655340e-04	115207665.000000	0.000000e+00
8.544072e+00	6.068254e+00	5.650420e-04	115336321.000000	0.000000e+00
8.546067e+00	6.063791e+00	5.646678e-04	115319403.000000	0.000000e+00
8.548062e+00	6.062199e+00	5.642981e-04	115409905.000000	0.000000e+00
8.550056e+00	6.058007e+00	5.639273e-04	115401961.000000	0.000000e+00
8.552050e+00	6.055704e+00	5.634365e-04	115515273.000000	0.000000e+00
8.554045e+00	6.053729e+00	5.631088e-04	115574323.000000	0.000000e+00
8.556040e+00	6.050251e+00	5.626912e-04	115612965.000000	0.000000e+00
8.558035e+00	6.047710e+00	5.623969e-04	115636813.000000	0.000000e+00
8.560029e+00	6.044574e+00	5.619586e-04	115697199.000000	0.000000e+00
8.562024e+00	6.042358e+00	5.614984e-04	115801945.000000	0.000000e+00
8.564019e+00	6.038343e+00	5.611284e-04	115800673.000000	0.000000e+00
8.566013e+00	6.037324e+00	5.608743e-04	115866513.000000	0.000000e+00
8.568008e+00	6.034324e+00	5.603955e-04	115949251.000000	0.000000e+00
8.570003e+00	6.029109e+00	5.598337e-04	115981341.000000	0.000000e+00
8.571997e+00	6.027557e+00	5.595364e-04	116044873.000000	0.000000e+00
8.573992e+00	6.024201e+00	5.590874e-04	116101951.000000	0.000000e+00
8.575987e+00	6.021825e+00	5.588130e-04	116124357.000000	0.000000e+00
8.577981e+00	6.019308e+00	5.582849e-04	116246917.000000	0.000000e+00
8.579976e+00	6.015768e+00	5.581178e-04	116179755.000000	0.000000e+00
8.581970e+00	6.013511e+00	5.575327e-04	116336365.000000	0.000000e+00
8.583965e+00	6.010697e+00	5.571865e-04	116372025.000000	0.000000e+00
8.585959e+00	6.007999e+00	5.568926e-04	116390305.000000	0.000000e+00
8.587954e+00	6.004721e+00	5.562944e-04	116513527.000000	0.000000e+00
8.589949e+00	6.003191e+00	5.561697e-04	116506365.000000	0.000000e+00
8.591943e+00	5.999294e+00	5.556869e-04	116557405.000000	0.000000e+00
8.593938e+00	5.997613e+00	5.552699e-04	116667159.000000	0.000000e+00
8.595933e+00	5.995257e+00	5.550333e-04	116674909.000000	0.000000e+00
8.597927e+00	5.991120e+00	5.545498e-04	116717229.000000	0.000000e+00
8.599922e+00	5.988337e+00	5.540501e-04	116819233.000000	0.000000e+00
8.601917e+00	5.986021e+00	5.537925e-04	116837515.000000	0.000000e+00
8.603911e+00	5.982886e+00	5.533928e-04	116883837.000000	0.000000e+00
8.605906e+00	5.980089e+00	5.528970e-04	116984089.000000	0.000000e+00
8.607901e+00	5.977426e+00	5.525244e-04	117037599.000000	0.000000e+00
8.609895e+00	5.975075e+00	5.523127e-04	117035233.000000	0.000000e+00
8.611890e+00	5.972008e+00	5.517078e-04	117171645.000000	0.000000e+00
8.613885e+00	5.969387e+00	5.515644e-04	117129715.000000	0.000000e+00
8.615879e+00	5.966038e+00	5.509620e-04	117254281.000000	0.000000e+00
8.617874e+00	5.963580e+00	5.507296e-04	117256569.000000	0.000000e+00
8.619869e+00	5.961065e+00	5.502590e-04	117358189.000000	0.000000e+00
8.621863e+00	5.958062e+00	5.498938e-04	117395739.000000	0.000000e+00
8.623858e+00	5.954958e+00	5.495020e-04	117440761.000000	0.000000e+00
8.625853e+00	5.953242e+00	5.492072e-04	117499141.000000	0.000000e+00
8.627847e+00	5.949461e+00	5.487598e-04	117541371.000000	0.000000e+00
8.629842e+00	5.946141e+00	5.482572e-04	117625561.000000	0.000000e+00
8.631837e+00	5.944547e+00	5.479715e-04	117685137.000000	0.000000e+00
8.633831e+00	5.941609e+00	5.476738e-04	117696649.000000	0.000000e+00
8.635826e+00	5.939765e+00	5.472876e-04	117789699.000000	0.000000e+00
8.637821e+00	5.936194e+00	5.469228e-04	117805093.000000	0.000000e+00
8.639815e+00	5.933503e+00	5.464529e-04	117900829.000000	0.000000e+00
8.641810e+00	5.930825e+00	5.461124e-04	117941367.000000	0.000000e+00
8.643804e+00	5.927696e+00	5.458482e-04	117931009.000000	0.000000e+00
8.645799e+00	5.926042e+00	5.453035e-04	118100805.000000	0.000000e+00
8.647794e+00	5.922723e+00	5.450709e-04	118069231.000000	0.000000e+00
8.649788e+00	5.918962e+00	5.445541e-04	118143261.000000	0.000000e+00
8.651783e+00	5.917192e+00	5.442647e-04	118198225.000000	0.000000e+00
8.653777e+00	5.914341e+00	5.438020e-04	118285417.000000	0.000000e+00
8.655772e+00	5.910761e+00	5.434132e-04	118311327.000000	0.000000e+00
8.657767e+00	5.908635e+00	5.430293e-04	118393477.000000	0.000000e+00
8.659762e+00	5.906700e+00	5.427989e-04	118416441.000000	0.000000e+00
8.661756e+00	5.903767e+00	5.423975e-04	118473991.000000	0.000000e+00
8.663751e+00	5.900020e+00	5.418874e-04	118546509.000000	0.000000e+00
8.665746e+00	5.897881e+00	5.415795e-04	118595305.000000	0.000000e+00
8.667740e+00	5.896108e+00	5.413064e-04	118643653.000000	0.000000e+00
8.669735e+00	5.893602e+00	5.409126e-04	118715511.000000	0.000000e+00
8.671730e+00	5.890729e+00	5.405829e-04	118744477.000000	0.000000e+00
8.673724e+00	5.887904e+00	5.401781e-04	118808481.000000	0.000000e+00
8.675719e+00	5.884508e+00	5.397838e-04	118844911.000000	0.000000e+00
8.677713e+00	5.880864e+00	5.392923e-04	118914217.000000	0.000000e+00
8.679708e+00	5.879735e+00	5.389701e-04	119010717.000000	0.000000e+00
8.681703e+00	5.875521e+00	5.385680e-04	119017741.000000	0.000000e+00
8.683697e+00	5.874474e+00	5.383424e-04	119075079.000000	0.000000e+00
8.685692e+00	5.871247e+00	5.379411e-04	119121793.000000	0.000000e+00
8.687687e+00	5.868900e+00	5.375415e-04	119203605.000000	0.000000e+00
8.689681e+00	5.866160e+00	5.372435e-04	119224483.000000	0.000000e+00
8.691676e+00	5.862911e+00	5.367478e-04	119312521.000000	0.000000e+00
8.693671e+00	5.860392e+00	5.363513e-04	119386353.000000	0.000000e+00
8.695665e+00	5.859018e+00	5.362571e-04	119372299.000000	0.000000e+00
8.697660e+00	5.855560e+00	5.356391e-04	119506713.000000	0.000000e+00
8.699655e+00	5.853578e+00	5.354385e-04	119515333.000000	0.000000e+00
8.701649e+00	5.849313e+00	5.349470e-04	119560653.000000	0.000000e+00
8.703644e+00	5.846700e+00	5.345785e-04	119618563.000000	0.000000e+00
8.705638e+00	5.844613e+00	5.342790e-04	119667229.000000	0.000000e+00
8.707633e+00	5.841769e+00	5.337330e-04	119795565.000000	0.000000e+00
8.709628e+00	5.839084e+00	5.335841e-04	119752267.000000	0.000000e+00
8.711622e+00	5.836148e+00	5.330965e-04	119850801.000000	0.000000e+00
8.713617e+00	5.833140e+00	5.326647e-04	119921485.000000	0.000000e+00
8.715612e+00	5.830499e+00	5.323720e-04	119944705.000000	0.000000e+00
8.717606e+00	5.829123e+00	5.320279e-04	120043239.000000	0.000000e+00
8.719601e+00	5.824951e+00	5.316372e-04	120047677.000000	0.000000e+00
8.721595e+00	5.822609e+00	5.313134e-04	120097437.000000	0.000000e+00
8.723590e+00	5.820260e+00	5.308975e-04	120188659.000000	0.000000e+00
8.725585e+00	5.818482e+00	5.305982e-04	120250773.000000	0.000000e+00
8.727579e+00	5.814630e+00	5.301980e-04	120272977.000000	0.000000e+00
8.729574e+00	5.812506e+00	5.298199e-04	120356719.000000	0.000000e+00
8.731569e+00	5.809570e+00	5.294272e-04	120413577.000000	0.000000e+00
8.733564e+00	5.807534e+00	5.291847e-04	120439513.000000	0.000000e+00
8.735558e+00	5.804406e+00	5.287277e-04	120517893.000000	0.000000e+00
8.737553e+00	5.802274e+00	5.284466e-04	120557503.000000	0.000000e+00
8.739547e+00	5.799709e+00	5.280740e-04	120620961.000000	0.000000e+00
8.741542e+00	5.796846e+00	5.277155e-04	120665701.000000	0.000000e+00
8.743537e+00	5.793297e+00	5.272220e-04	120743731.000000	0.000000e+00
8.745531e+00	5.791512e+00	5.270118e-04	120765621.000000	0.000000e+00
8.747526e+00	5.788071e+00	5.264331e-04	120887497.000000	0.000000e+00
8.749521e+00	5.786135e+00	5.262721e-04	120880581.000000	0.000000e+00
8.751515e+00	5.783638e+00	5.259605e-04	120919375.000000	0.000000e+00
8.753510e+00	5.780782e+00	5.255160e-04	121004433.000000	0.000000e+00
8.755505e+00	5.778554e+00	5.251594e-04	121075429.000000	0.000000e+00
8.757499e+00	5.776183e+00	5.248612e-04	121113619.000000	0.000000e+00
8.759494e+00	5.772488e+00	5.243648e-04	121187817.000000	0.000000e+00
8.761489e+00	5.770469e+00	5.241113e-04	121220257.000000	0.000000e+00
8.763483e+00	5.767640e+00	5.237899e-04	121250109.000000	0.000000e+00
8.765478e+00	5.766062e+00	5.233891e-04	121369423.000000	0.000000e+00
8.767473e+00	5.762087e+00	5.230711e-04	121349569.000000	0.000000e+00
8.769467e+00	5.759944e+00	5.226311e-04	121463541.000000	0.000000e+00
8.771462e+00	5.757264e+00	5.223507e-04	121480867.000000	0.000000e+00
8.773456e+00	5.755248e+00	5.219716e-04	121572213.000000	0.000000e+00
8.775451e+00	5.752664e+00	5.215981e-04	121637101.000000	0.000000e+00
8.777446e+00	5.749914e+00	5.212945e-04	121662375.000000	0.000000e+00
8.779441e+00	5.747051e+00	5.209055e-04	121722889.000000	0.000000e+00
8.781435e+00	5.744217e+00	5.205295e-04	121778593.000000	0.000000e+00
8.783430e+00	5.741128e+00	5.201600e-04	121820577.000000	0.000000e+00
8.785424e+00	5.738472e+00	5.198130e-04	121870411.000000	0.000000e+00
8.787419e+00	5.736506e+00	5.194383e-04	121962693.000000	0.000000e+00
8.789414e+00	5.733641e+00	5.190893e-04	122004745.000000	0.000000e+00
8.791408e+00	5.731273e+00	5.187443e-04	122066247.000000	0.000000e+00
8.793403e+00	5.728362e+00	5.183901e-04	122108965.000000	0.000000e+00
8.795398e+00	5.726281e+00	5.181287e-04	122143405.000000	0.000000e+00
8.797392e+00	5.723608e+00	5.177509e-04	122207541.000000	0.000000e+00
8.799387e+00	5.721192e+00	5.173424e-04	122297287.000000	0.000000e+00
8.801382e+00	5.719485e+00	5.171047e-04	122336697.000000	0.000000e+00
8.803376e+00	5.716357e+00	5.166845e-04	122401825.000000	0.000000e+00
8.805371e+00	5.712731e+00	5.163426e-04	122408511.000000	0.000000e+00
8.807365e+00	5.711735e+00	5.160624e-04	122498725.000000	0.000000e+00
8.809360e+00	5.709081e+00	5.157120e-04	122551309.000000	0.000000e+00
8.811355e+00	5.705942e+00	5.152626e-04	122630187.000000	0.000000e+00
8.813350e+00	5.703821e+00	5.149526e-04	122686645.000000	0.000000e+00
8.815344e+00	5.700982e+00	5.146909e-04	122689197.000000	0.000000e+00
8.817339e+00	5.697554e+00	5.141760e-04	122787253.000000	0.000000e+00
8.819333e+00	5.695610e+00	5.139311e-04	122820427.000000	0.000000e+00
8.821328e+00	5.694263e+00	5.136930e-04	122876205.000000	0.000000e+00
8.823323e+00	5.690896e+00	5.131789e-04	122976937.000000	0.000000e+00
8.825317e+00	5.687559e+00	5.128993e-04	122966751.000000	0.000000e+00
8.827312e+00	5.685018e+00	5.124105e-04	123091369.000000	0.000000e+00
8.829306e+00	5.683316e+00	5.123498e-04	123046821.000000	0.000000e+00
8.831301e+00	5.679881e+00	5.117745e-04	123174601.000000	0.000000e+00
8.833296e+00	5.677200e+00	5.113810e-04	123247819.000000	0.000000e+00
8.835290e+00	5.674662e+00	5.110951e-04	123275457.000000	0.000000e+00
8.837285e+00	5.672365e+00	5.107575e-04	123338545.000000	0.000000e+00
8.839280e+00	5.669485e+00	5.103795e-04	123395943.000000	0.000000e+00
8.841274e+00	5.667257e+00	5.101337e-04	123417781.000000	0.000000e+00
8.843269e+00	5.665152e+00	5.097647e-04	123504777.000000	0.000000e+00
8.845264e+00	5.661555e+00	5.093549e-04	123546511.000000	0.000000e+00
8.847258e+00	5.659610e+00	5.090561e-04	123606649.000000	0.000000e+00
8.849253e+00	5.657053e+00	5.086924e-04	123671565.000000	0.000000e+00
8.851248e+00	5.655085e+00	5.083577e-04	123748345.000000	0.000000e+00
8.853242e+00	5.652243e+00	5.080821e-04	123758175.000000	0.000000e+00
8.855237e+00	5.650575e+00	5.077744e-04	123835093.000000	0.000000e+00
8.857231e+00	5.646573e+00	5.073348e-04	123874113.000000	0.000000e+00
8.859226e+00	5.644752e+00	5.069315e-04	123991327.000000	0.000000e+00
8.861221e+00	5.642269e+00	5.067690e-04	123961693.000000	0.000000e+00
8.863216e+00	5.639433e+00	5.062758e-04	124078473.000000	0.000000e+00
8.865210e+00	5.637011e+00	5.060288e-04	124093021.000000	0.000000e+00
8.867205e+00	5.634115e+00	5.055783e-04	124186551.000000	0.000000e+00
8.869199e+00	5.631623e+00	5.053419e-04	124192837.000000	0.000000e+00
8.871194e+00	5.629464e+00	5.048464e-04	124341325.000000	0.000000e+00
8.873189e+00	5.626310e+00	5.046181e-04	124314483.000000	0.000000e+00
8.875183e+00	5.624529e+00	5.043826e-04	124351801.000000	0.000000e+00
8.877178e+00	5.622293e+00	5.038943e-04	124493901.000000	0.000000e+00
8.879173e+00	5.620457e+00	5.037075e-04	124504897.000000	0.000000e+00
8.881168e+00	5.617254e+00	5.033237e-04	124552767.000000	0.000000e+00
8.883162e+00	5.613095e+00	5.028467e-04	124604461.000000	0.000000e+00
8.885157e+00	5.610546e+00	5.024567e-04	124684645.000000	0.000000e+00
8.887151e+00	5.609338e+00	5.023228e-04	124697415.000000	0.000000e+00
8.889146e+00	5.606962e+00	5.018468e-04	124828261.000000	0.000000e+00
8.891141e+00	5.605198e+00	5.017364e-04	124804629.000000	0.000000e+00
8.893135e+00	5.601795e+00	5.012289e-04	124905715.000000	0.000000e+00
8.895130e+00	5.598954e+00	5.009057e-04	124940073.000000	0.000000e+00
8.897125e+00	5.596583e+00	5.005379e-04	125017837.000000	0.000000e+00
8.899119e+00	5.594314e+00	5.002462e-04	125062213.000000	0.000000e+00
8.901114e+00	5.591480e+00	4.999012e-04	125108043.000000	0.000000e+00
8.903108e+00	5.588795e+00	4.994906e-04	125193517.000000	0.000000e+00
8.905103e+00	5.586733e+00	4.992027e-04	125245461.000000	0.000000e+00
8.907098e+00	5.585040e+00	4.990372e-04	125252611.000000	0.000000e+00
8.909092e+00	5.581101e+00	4.984999e-04	125345761.000000	0.000000e+00
8.911087e+00	5.579627e+00	4.981545e-04	125453313.000000	0.000000e+00
8.913082e+00	5.576725e+00	4.979593e-04	125421157.000000	0.000000e+00
8.915076e+00	5.574851e+00	4.976365e-04	125499507.000000	0.000000e+00
8.917071e+00	5.572725e+00	4.972904e-04	125578453.000000	0.000000e+00
8.919066e+00	5.569302e+00	4.968480e-04	125647653.000000	0.000000e+00
8.921061e+00	5.567558e+00	4.966315e-04	125678479.000000	0.000000e+00
8.923055e+00	5.564339e+00	4.962891e-04	125706481.000000	0.000000e+00
8.925050e+00	5.561639e+00	4.958244e-04	125820057.000000	0.000000e+00
8.927044e+00	5.558775e+00	4.955142e-04	125847907.000000	0.000000e+00
8.929039e+00	5.558014e+00	4.953370e-04	125903481.000000	0.000000e+00
8.931034e+00	5.554711e+00	4.949381e-04	125956681.000000	0.000000e+00
8.933028e+00	5.552742e+00	4.946085e-04	126035205.000000	0.000000e+00
8.935023e+00	5.549321e+00	4.941546e-04	126111307.000000	0.000000e+00
8.937018e+00	5.547196e+00	4.940100e-04	126088525.000000	0.000000e+00
8.939012e+00	5.544649e+00	4.936508e-04	126156165.000000	0.000000e+00
8.941007e+00	5.541052e+00	4.931537e-04	126246643.000000	0.000000e+00
8.943001e+00	5.538489e+00	4.927823e-04	126320085.000000	0.000000e+00
8.944996e+00	5.537299e+00	4.925982e-04	126360205.000000	0.000000e+00
8.946991e+00	5.535115e+00	4.923126e-04	126407049.000000	0.000000e+00
8.948986e+00	5.532934e+00	4.919424e-04	126497659.000000	0.000000e+00
8.950980e+00	5.530483e+00	4.916829e-04	126519061.000000	0.000000e+00
8.952975e+00	5.528307e+00	4.914084e-04	126560793.000000	0.000000e+00
8.954969e+00	5.524996e+00	4.909928e-04	126623311.000000	0.000000e+00
8.956964e+00	5.523420e+00	4.906446e-04	126730785.000000	0.000000e+00
8.958959e+00	5.520905e+00	4.904416e-04	126720205.000000	0.000000e+00
8.960953e+00	5.518828e+00	4.900803e-04	126811669.000000	0.000000e+00
8.962948e+00	5.515528e+00	4.896520e-04	126881763.000000	0.000000e+00
8.964943e+00	5.513025e+00	4.893068e-04	126945577.000000	0.000000e+00
8.966937e+00	5.510227e+00	4.890799e-04	126934401.000000	0.000000e+00
8.968932e+00	5.508062e+00	4.886913e-04	127036471.000000	0.000000e+00
8.970927e+00	5.506221e+00	4.883950e-04	127105641.000000	0.000000e+00
8.972921e+00	5.503229e+00	4.880810e-04	127130965.000000	0.000000e+00
8.974916e+00	5.501211e+00	4.877426e-04	127214095.000000	0.000000e+00
8.976910e+00	5.498044e+00	4.874596e-04	127215237.000000	0.000000e+00
8.978905e+00	5.496606e+00	4.870114e-04	127382857.000000	0.000000e+00
8.980900e+00	5.493700e+00	4.868366e-04	127339593.000000	0.000000e+00
8.982894e+00	5.491462e+00	4.864318e-04	127447711.000000	0.000000e+00
8.984889e+00	5.489168e+00	4.862106e-04	127457121.000000	0.000000e+00
8.986883e+00	5.485887e+00	4.857561e-04	127543141.000000	0.000000e+00
8.988878e+00	5.484751e+00	4.854886e-04	127630855.000000	0.000000e+00
8.990873e+00	5.482479e+00	4.852000e-04	127676901.000000	0.000000e+00
8.992868e+00	5.480072e+00	4.850184e-04	127660357.000000	0.000000e+00
8.994862e+00	5.477551e+00	4.845008e-04	127815597.000000	0.000000e+00
8.996857e+00	5.474331e+00	4.841734e-04	127838047.000000	0.000000e+00
8.998852e+00	5.472087e+00	4.840048e-04	127822329.000000	0.000000e+00
9.000846e+00	5.469790e+00	4.835130e-04	127974937.000000	0.000000e+00
9.002841e+00	5.466862e+00	4.831958e-04	128005891.000000	0.000000e+00
9.004836e+00	5.464702e+00	4.829531e-04	128033349.000000	0.000000e+00
9.006830e+00	5.462479e+00	4.825813e-04	128126425.000000	0.000000e+00
9.008825e+00	5.460530e+00	4.823772e-04	128143335.000000	0.000000e+00
9.010819e+00	5.457369e+00	4.819686e-04	128212129.000000	0.000000e+00
9.012814e+00	5.455927e+00	4.816709e-04	128302837.000000	0.000000e+00
9.014809e+00	5.453092e+00	4.813933e-04	128317413.000000	0.000000e+00
9.016803e+00	5.449816e+00	4.809430e-04	128403391.000000	0.000000e+00
9.018798e+00	5.447908e+00	4.806426e-04	128473905.000000	0.000000e+00
9.020793e+00	5.445584e+00	4.804390e-04	128473129.000000	0.000000e+00
9.022787e+00	5.443810e+00	4.800518e-04	128596695.000000	0.000000e+00
9.024782e+00	5.440958e+00	4.798072e-04	128592961.000000	0.000000e+00
9.026777e+00	5.438830e+00	4.794397e-04	128689453.000000	0.000000e+00
9.028771e+00	5.436160e+00	4.791472e-04	128720133.000000	0.000000e+00
9.030766e+00	5.433440e+00	4.787355e-04	128812615.000000	0.000000e+00
9.032761e+00	5.431141e+00	4.784774e-04	128842545.000000	0.000000e+00
9.034755e+00	5.428749e+00	4.781309e-04	128915737.000000	0.000000e+00
9.036750e+00	5.426603e+00	4.778765e-04	128951019.000000	0.000000e+00
9.038744e+00	5.423903e+00	4.775887e-04	128978029.000000	0.000000e+00
9.040739e+00	5.422185e+00	4.771774e-04	129118621.000000	0.000000e+00
9.042734e+00	5.420059e+00	4.769673e-04	129131079.000000	0.000000e+00
9.044728e+00	5.417019e+00	4.766141e-04	129177529.000000	0.000000e+00
9.046723e+00	5.414981e+00	4.762724e-04	129265653.000000	0.000000e+00
9.048718e+00	5.412266e+00	4.759573e-04	129307069.000000	0.000000e+00
9.050713e+00	5.409867e+00	4.756519e-04	129358419.000000	0.000000e+00
9.052707e+00	5.408014e+00	4.753470e-04	129435697.000000	0.000000e+00
9.054702e+00	5.404799e+00	4.750259e-04	129456673.000000	0.000000e+00
9.056696e+00	5.403714e+00	4.748129e-04	129520851.000000	0.000000e+00
9.058691e+00	5.399864e+00	4.743361e-04	129596497.000000	0.000000e+00
9.060686e+00	5.398216e+00	4.740910e-04	129651381.000000	0.000000e+00
9.062680e+00	5.396944e+00	4.739416e-04	129671977.000000	0.000000e+00
9.064675e+00	5.393524e+00	4.734670e-04	129767419.000000	0.000000e+00
9.066670e+00	5.390730e+00	4.730866e-04	129841581.000000	0.000000e+00
9.068665e+00	5.388563e+00	4.727900e-04	129900049.000000	0.000000e+00
9.070659e+00	5.387381e+00	4.726955e-04	129895047.000000	0.000000e+00
9.072653e+00	5.385450e+00	4.723839e-04	129973189.000000	0.000000e+00
9.074648e+00	5.381837e+00	4.719285e-04	130049529.000000	0.000000e+00
9.076643e+00	5.379830e+00	4.716263e-04	130119085.000000	0.000000e+00
9.078637e+00	5.377342e+00	4.713673e-04	130141699.000000	0.000000e+00
9.080632e+00	5.374551e+00	4.709546e-04	130234557.000000	0.000000e+00
9.082627e+00	5.372910e+00	4.707223e-04	130283533.000000	0.000000e+00
9.084622e+00	5.370088e+00	4.703853e-04	130333299.000000	0.000000e+00
9.086616e+00	5.367766e+00	4.701336e-04	130360069.000000	0.000000e+00
9.088611e+00	5.365839e+00	4.697720e-04	130467093.000000	0.000000e+00
9.090605e+00	5.363058e+00	4.694981e-04	130484023.000000	0.000000e+00
9.092600e+00	5.361347e+00	4.691888e-04	130572781.000000	0.000000e+00
9.094595e+00	5.358152e+00	4.688058e-04	130630353.000000	0.000000e+00
9.096589e+00	5.357468e+00	4.687051e-04	130653121.000000	0.000000e+00
9.098584e+00	5.354696e+00	4.682520e-04	130770699.000000	0.000000e+00
9.100579e+00	5.352082e+00	4.680714e-04	130743829.000000	0.000000e+00
9.102573e+00	5.349163e+00	4.675711e-04	130880917.000000	0.000000e+00
9.104568e+00	5.347130e+00	4.673609e-04	130899099.000000	0.000000e+00
9.106563e+00	5.344354e+00	4.669560e-04	130990129.000000	0.000000e+00
9.108557e+00	5.342070e+00	4.667673e-04	130984053.000000	0.000000e+00
9.110552e+00	5.339904e+00	4.664277e-04	131068489.000000	0.000000e+00
9.112547e+00	5.337013e+00	4.659694e-04	131184231.000000	0.000000e+00
9.114541e+00	5.334926e+00	4.658208e-04	131165317.000000	0.000000e+00
9.116536e+00	5.333163e+00	4.655115e-04	131252905.000000	0.000000e+00
9.118531e+00	5.330732e+00	4.651958e-04	131311287.000000	0.000000e+00
9.120525e+00	5.328091e+00	4.649089e-04	131343205.000000	0.000000e+00
9.122520e+00	5.325988e+00	4.645369e-04	131449809.000000	0.000000e+00
9.124514e+00	5.324641e+00	4.644137e-04	131453047.000000	0.000000e+00
9.126509e+00	5.321124e+00	4.639413e-04	131546949.000000	0.000000e+00
9.128504e+00	5.319697e+00	4.637212e-04	131601169.000000	0.000000e+00
9.130498e+00	5.317543e+00	4.634790e-04	131632129.000000	0.000000e+00
9.132493e+00	5.315273e+00	4.631384e-04	131713311.000000	0.000000e+00
9.134488e+00	5.312190e+00	4.627799e-04	131764465.000000	0.000000e+00
9.136482e+00	5.310133e+00	4.624791e-04	131833761.000000	0.000000e+00
9.138477e+00	5.307452e+00	4.621550e-04	131885455.000000	0.000000e+00
9.140472e+00	5.306045e+00	4.619443e-04	131935785.000000	0.000000e+00
9.142466e+00	5.303390e+00	4.615864e-04	132008269.000000	0.000000e+00
9.144461e+00	5.301175e+00	4.613182e-04	132051397.000000	0.000000e+00
9.146456e+00	5.298480e+00	4.609790e-04	132111411.000000	0.000000e+00
9.148450e+00	5.296563e+00	4.607207e-04	132163909.000000	0.000000e+00
9.150445e+00	5.294734e+00	4.604352e-04	132236481.000000	0.000000e+00
9.152440e+00	5.291695e+00	4.600982e-04	132278287.000000	0.000000e+00
9.154434e+00	5.289548e+00	4.598405e-04	132319129.000000	0.000000e+00
9.156429e+00	5.287875e+00	4.594940e-04	132434949.000000	0.000000e+00
9.158424e+00	5.285572e+00	4.592280e-04	132472945.000000	0.000000e+00
9.160418e+00	5.283163e+00	4.589542e-04	132510207.000000	0.000000e+00
9.162413e+00	5.280982e+00	4.587320e-04	132529069.000000	0.000000e+00
9.164407e+00	5.277989e+00	4.582813e-04	132639453.000000	0.000000e+00
9.166402e+00	5.275666e+00	4.579791e-04	132697663.000000	0.000000e+00
9.168397e+00	5.274531e+00	4.577797e-04	132756157.000000	0.000000e+00
9.170391e+00	5.271023e+00	4.573624e-04	132821673.000000	0.000000e+00
9.172386e+00	5.270010e+00	4.571970e-04	132866731.000000	0.000000e+00
9.174381e+00	5.267031e+00	4.568381e-04	132925161.000000	0.000000e+00
9.176375e+00	5.265250e+00	4.566554e-04	132941581.000000	0.000000e+00
9.178370e+00	5.263537e+00	4.563946e-04	133006965.000000	0.000000e+00
9.180364e+00	5.260064e+00	4.558785e-04	133132435.000000	0.000000e+00
9.182359e+00	5.257990e+00	4.556338e-04	133170409.000000	0.000000e+00
9.184354e+00	5.256123e+00	4.554168e-04	133202709.000000	0.000000e+00
9.186348e+00	5.253853e+00	4.551462e-04	133245943.000000	0.000000e+00
9.188343e+00	5.251839e+00	4.548323e-04	133327641.000000	0.000000e+00
9.190338e+00	5.249259e+00	4.544888e-04	133398085.000000	0.000000e+00
9.192332e+00	5.246639e+00	4.542227e-04	133421181.000000	0.000000e+00
9.194327e+00	5.245414e+00	4.539379e-04	133526251.000000	0.000000e+00
9.196322e+00	5.243253e+00	4.537169e-04	133546273.000000	0.000000e+00
9.198316e+00	5.240592e+00	4.533976e-04	133598685.000000	0.000000e+00
9.200311e+00	5.238231e+00	4.530508e-04	133682827.000000	0.000000e+00
9.202306e+00	5.235817e+00	4.527537e-04	133734933.000000	0.000000e+00
9.204301e+00	5.233223e+00	4.523847e-04	133820521.000000	0.000000e+00
9.206295e+00	5.231447e+00	4.522943e-04	133783147.000000	0.000000e+00
9.208289e+00	5.229553e+00	4.518647e-04	133940625.000000	0.000000e+00
9.210284e+00	5.226217e+00	4.515810e-04	133937905.000000	0.000000e+00
9.212279e+00	5.224022e+00	4.512501e-04	134021769.000000	0.000000e+00
9.214273e+00	5.222218e+00	4.509740e-04	134093275.000000	0.000000e+00
9.216268e+00	5.220789e+00	4.508374e-04	134101113.000000	0.000000e+00
9.218263e+00	5.217315e+00	4.502707e-04	134260033.000000	0.000000e+00
9.220258e+00	5.215490e+00	4.501727e-04	134224567.000000	0.000000e+00
9.222252e+00	5.213576e+00	4.498235e-04	134334381.000000	0.000000e+00
9.224247e+00	5.210593e+00	4.495236e-04	134359801.000000	0.000000e+00
9.226241e+00	5.208652e+00	4.492919e-04	134398221.000000	0.000000e+00
9.228236e+00	5.206970e+00	4.489566e-04	134512123.000000	0.000000e+00
9.230231e+00	5.204117e+00	4.486545e-04	134545761.000000	0.000000e+00
9.232225e+00	5.203193e+00	4.485043e-04	134588113.000000	0.000000e+00
9.234220e+00	5.200800e+00	4.481657e-04	134667559.000000	0.000000e+00
9.236215e+00	5.197602e+00	4.478469e-04	134693589.000000	0.000000e+00
9.238209e+00	5.195603e+00	4.474889e-04	134805409.000000	0.000000e+00
9.240204e+00	5.194215e+00	4.473137e-04	134838945.000000	0.000000e+00
9.242199e+00	5.191072e+00	4.469528e-04	134893399.000000	0.000000e+00
9.244193e+00	5.189247e+00	4.466958e-04	134953761.000000	0.000000e+00
9.246188e+00	5.186316e+00	4.463337e-04	135020173.000000	0.000000e+00
9.248183e+00	5.185099e+00	4.461666e-04	135057943.000000	0.000000e+00
9.250177e+00	5.182934e+00	4.459751e-04	135061065.000000	0.000000e+00
9.252171e+00	5.180684e+00	4.455283e-04	135214633.000000	0.000000e+00
9.254166e+00	5.178058e+00	4.452437e-04	135250299.000000	0.000000e+00
9.256161e+00	5.175971e+00	4.450071e-04	135285061.000000	0.000000e+00
9.258155e+00	5.173678e+00	4.446783e-04	135365173.000000	0.000000e+00
9.260150e+00	5.171885e+00	4.444019e-04	135439713.000000	0.000000e+00
9.262145e+00	5.170016e+00	4.441633e-04	135487267.000000	0.000000e+00
9.264140e+00	5.166702e+00	4.438220e-04	135521805.000000	0.000000e+00
9.266134e+00	5.164765e+00	4.435884e-04	135562849.000000	0.000000e+00
9.268129e+00	5.162693e+00	4.432478e-04	135662379.000000	0.000000e+00
9.270124e+00	5.160017e+00	4.429002e-04	135734593.000000	0.000000e+00
9.272118e+00	5.158756e+00	4.427367e-04	135768469.000000	0.000000e+00
9.274113e+00	5.156493e+00	4.424637e-04	135816813.000000	0.000000e+00
9.276108e+00	5.154035e+00	4.421034e-04	135908635.000000	0.000000e+00
9.278103e+00	5.152559e+00	4.419480e-04	135926385.000000	0.000000e+00
9.280097e+00	5.149011e+00	4.415194e-04	136002841.000000	0.000000e+00
9.282092e+00	5.147302e+00	4.413260e-04	136031727.000000	0.000000e+00
9.284086e+00	5.145018e+00	4.409813e-04	136123645.000000	0.000000e+00
9.286081e+00	5.142476e+00	4.406780e-04	136176373.000000	0.000000e+00
9.288075e+00	5.141835e+00	4.405124e-04	136244823.000000	0.000000e+00
9.290070e+00	5.138844e+00	4.401701e-04	136298077.000000	0.000000e+00
9.292065e+00	5.136909e+00	4.399077e-04	136358025.000000	0.000000e+00
9.294059e+00	5.134423e+00	4.396420e-04	136390765.000000	0.000000e+00
9.296054e+00	5.133420e+00	4.393980e-04	136488943.000000	0.000000e+00
9.298049e+00	5.129755e+00	4.390808e-04	136491129.000000	0.000000e+00
9.300043e+00	5.127931e+00	4.386737e-04	136647325.000000	0.000000e+00
9.302038e+00	5.125604e+00	4.385572e-04	136595907.000000	0.000000e+00
9.304033e+00	5.124130e+00	4.382236e-04	136725313.000000	0.000000e+00
9.306028e+00	5.121905e+00	4.379349e-04	136786725.000000	0.000000e+00
9.308022e+00	5.119455e+00	4.376719e-04	136820185.000000	0.000000e+00
9.310017e+00	5.117487e+00	4.374381e-04	136861171.000000	0.000000e+00
9.312011e+00	5.115330e+00	4.371689e-04	136914345.000000	0.000000e+00
9.314006e+00	5.113821e+00	4.368625e-04	137025541.000000	0.000000e+00
9.316001e+00	5.111673e+00	4.366870e-04	137020491.000000	0.000000e+00
9.317995e+00	5.109184e+00	4.363137e-04	137121469.000000	0.000000e+00
9.319990e+00	5.106268e+00	4.359382e-04	137200989.000000	0.000000e+00
9.321984e+00	5.104531e+00	4.357985e-04	137195623.000000	0.000000e+00
9.323979e+00	5.102399e+00	4.354195e-04	137319781.000000	0.000000e+00
9.325974e+00	5.100038e+00	4.351979e-04	137332473.000000	0.000000e+00
9.327968e+00	5.098797e+00	4.349877e-04	137398369.000000	0.000000e+00
9.329963e+00	5.096256e+00	4.346588e-04	137469243.000000	0.000000e+00
9.331957e+00	5.094057e+00	4.344123e-04	137506597.000000	0.000000e+00
9.333952e+00	5.091979e+00	4.340514e-04	137622981.000000	0.000000e+00
9.335947e+00	5.089976e+00	4.339080e-04	137605591.000000	0.000000e+00
9.337941e+00	5.087226e+00	4.334815e-04	137727601.000000	0.000000e+00
9.339936e+00	5.085022e+00	4.332077e-04	137782305.000000	0.000000e+00
9.341931e+00	5.083191e+00	4.330430e-04	137787817.000000	0.000000e+00
9.343926e+00	5.081447e+00	4.326906e-04	137917659.000000	0.000000e+00
9.345920e+00	5.079316e+00	4.325316e-04	137903365.000000	0.000000e+00
9.347915e+00	5.077456e+00	4.321922e-04	138018829.000000	0.000000e+00
9.349910e+00	5.074587e+00	4.318532e-04	138079467.000000	0.000000e+00
9.351905e+00	5.073303e+00	4.317268e-04	138090469.000000	0.000000e+00
9.353899e+00	5.070818e+00	4.314472e-04	138134085.000000	0.000000e+00
9.355893e+00	5.068140e+00	4.310015e-04	138273709.000000	0.000000e+00
9.357888e+00	5.066577e+00	4.308056e-04	138314175.000000	0.000000e+00
9.359883e+00	5.064397e+00	4.305837e-04	138337609.000000	0.000000e+00
9.361878e+00	5.061887e+00	4.303074e-04	138378061.000000	0.000000e+00
9.363872e+00	5.059711e+00	4.299359e-04	138498171.000000	0.000000e+00
9.365867e+00	5.057487e+00	4.297408e-04	138502117.000000	0.000000e+00
9.367861e+00	5.055881e+00	4.294753e-04	138585393.000000	0.000000e+00
9.369856e+00	5.054261e+00	4.292959e-04	138612295.000000	0.000000e+00
9.371850e+00	5.051025e+00	4.288387e-04	138730197.000000	0.000000e+00
9.373845e+00	5.049729e+00	4.286856e-04	138758089.000000	0.000000e+00
9.375840e+00	5.047889e+00	4.283669e-04	138863365.000000	0.000000e+00
9.377835e+00	5.044625e+00	4.281342e-04	138834651.000000	0.000000e+00
9.379829e+00	5.042931e+00	4.278674e-04	138914509.000000	0.000000e+00
9.381824e+00	5.040788e+00	4.274715e-04	139053729.000000	0.000000e+00
9.383819e+00	5.039526e+00	4.273818e-04	139042423.000000	0.000000e+00
9.385813e+00	5.037482e+00	4.270712e-04	139131813.000000	0.000000e+00
9.387808e+00	5.034883e+00	4.267826e-04	139176289.000000	0.000000e+00
9.389803e+00	5.032415e+00	4.264491e-04	139257493.000000	0.000000e+00
9.391797e+00	5.030257e+00	4.262390e-04	139275267.000000	0.000000e+00
9.393792e+00	5.028130e+00	4.259745e-04	139330405.000000	0.000000e+00
9.395787e+00	5.026845e+00	4.256881e-04	139446609.000000	0.000000e+00
9.397781e+00	5.024174e+00	4.254271e-04	139469419.000000	0.000000e+00
9.399776e+00	5.022547e+00	4.251928e-04	139532821.000000	0.000000e+00
9.401771e+00	5.019978e+00	4.248655e-04	139604913.000000	0.000000e+00
9.403765e+00	5.017949e+00	4.247017e-04	139599703.000000	0.000000e+00
9.405760e+00	5.015874e+00	4.243214e-04	139734453.000000	0.000000e+00
9.407754e+00	5.014218e+00	4.241460e-04	139757653.000000	0.000000e+00
9.409749e+00	5.012360e+00	4.238670e-04	139838001.000000	0.000000e+00
9.411744e+00	5.009953e+00	4.235946e-04	139883515.000000	0.000000e+00
9.413738e+00	5.008178e+00	4.233602e-04	139939213.000000	0.000000e+00
9.415733e+00	5.005434e+00	4.229811e-04	140036565.000000	0.000000e+00
9.417728e+00	5.003258e+00	4.228208e-04	140020987.000000	0.000000e+00
9.419722e+00	5.001254e+00	4.224445e-04	140158245.000000	0.000000e+00
9.421717e+00	5.000175e+00	4.223247e-04	140177209.000000	0.000000e+00
9.423712e+00	4.997074e+00	4.219634e-04	140243265.000000	0.000000e+00
9.425706e+00	4.994768e+00	4.216751e-04	140305519.000000	0.000000e+00
9.427701e+00	4.993425e+00	4.215369e-04	140322073.000000	0.000000e+00
9.429695e+00	4.991063e+00	4.211523e-04	140445441.000000	0.000000e+00
9.431690e+00	4.989780e+00	4.209444e-04	140511943.000000	0.000000e+00
9.433685e+00	4.987171e+00	4.207281e-04	140509437.000000	0.000000e+00
9.435679e+00	4.985470e+00	4.204500e-04	140599417.000000	0.000000e+00
9.437674e+00	4.982800e+00	4.201634e-04	140640541.000000	0.000000e+00
9.439668e+00	4.980454e+00	4.198256e-04	140734323.000000	0.000000e+00
9.441663e+00	4.978310e+00	4.195455e-04	140801041.000000	0.000000e+00
9.443658e+00	4.976493e+00	4.193224e-04	140847993.000000	0.000000e+00
9.445653e+00	4.975309e+00	4.191972e-04	140865091.000000	0.000000e+00
9.447647e+00	4.973286e+00	4.189053e-04	140946813.000000	0.000000e+00
9.449642e+00	4.970716e+00	4.185344e-04	141050809.000000	0.000000e+00
9.451637e+00	4.968585e+00	4.183600e-04	141047419.000000	0.000000e+00
9.453631e+00	4.967178e+00	4.180593e-04	141170433.000000	0.000000e+00
9.455626e+00	4.964945e+00	4.178817e-04	141163405.000000	0.000000e+00
9.457621e+00	4.963145e+00	4.175570e-04	141280533.000000	0.000000e+00
9.459615e+00	4.960765e+00	4.173608e-04	141277831.000000	0.000000e+00
9.461610e+00	4.958799e+00	4.170223e-04	141395157.000000	0.000000e+00
9.463604e+00	4.956367e+00	4.168111e-04	141399661.000000	0.000000e+00
9.465599e+00	4.954605e+00	4.164256e-04	141560911.000000	0.000000e+00
9.467594e+00	4.952365e+00	4.163076e-04	141513081.000000	0.000000e+00
9.469588e+00	4.950030e+00	4.159477e-04	141624409.000000	0.000000e+00
9.471583e+00	4.948144e+00	4.157238e-04	141669045.000000	0.000000e+00
9.473578e+00	4.946588e+00	4.155014e-04	141731527.000000	0.000000e+00
9.475573e+00	4.944452e+00	4.152024e-04	141813201.000000	0.000000e+00
9.477567e+00	4.941857e+00	4.149567e-04	141832153.000000	0.000000e+00
9.479562e+00	4.939847e+00	4.146726e-04	141911095.000000	0.000000e+00
9.481557e+00	4.938645e+00	4.144733e-04	141978525.000000	0.000000e+00
9.483551e+00	4.936914e+00	4.142781e-04	142012693.000000	0.000000e+00
9.485545e+00	4.933478e+00	4.139263e-04	142056207.000000	0.000000e+00
9.487540e+00	4.931699e+00	4.135926e-04	142183033.000000	0.000000e+00
9.489535e+00	4.930682e+00	4.134551e-04	142218937.000000	0.000000e+00
9.491530e+00	4.928299e+00	4.132060e-04	142252809.000000	0.000000e+00
9.493524e+00	4.926365e+00	4.129104e-04	142344787.000000	0.000000e+00
9.495519e+00	4.924571e+00	4.127233e-04	142370133.000000	0.000000e+00
9.497514e+00	4.922612e+00	4.124168e-04	142468369.000000	0.000000e+00
9.499508e+00	4.920096e+00	4.121945e-04	142476327.000000	0.000000e+00
9.501503e+00	4.918764e+00	4.119267e-04	142584409.000000	0.000000e+00
9.503498e+00	4.916276e+00	4.116256e-04	142648717.000000	0.000000e+00
9.505492e+00	4.914114e+00	4.114410e-04	142651185.000000	0.000000e+00
9.507487e+00	4.912723e+00	4.111450e-04	142775815.000000	0.000000e+00
9.509482e+00	4.910040e+00	4.108676e-04	142812477.000000	0.000000e+00
9.511476e+00	4.908437e+00	4.106712e-04	142855885.000000	0.000000e+00
9.513471e+00	4.906826e+00	4.104360e-04	142925727.000000	0.000000e+00
9.515465e+00	4.904919e+00	4.101984e-04	142980133.000000	0.000000e+00
9.517460e+00	4.902569e+00	4.098559e-04	143081977.000000	0.000000e+00
9.519455e+00	4.900465e+00	4.096747e-04	143085723.000000	0.000000e+00
9.521449e+00	4.897973e+00	4.093348e-04	143177689.000000	0.000000e+00
9.523444e+00	4.896789e+00	4.092052e-04	143199129.000000	0.000000e+00
9.525438e+00	4.894625e+00	4.089303e-04	143265013.000000	0.000000e+00
9.527433e+00	4.892900e+00	4.086336e-04	143372079.000000	0.000000e+00
9.529428e+00	4.889495e+00	4.082559e-04	143437621.000000	0.000000e+00
9.531423e+00	4.888337e+00	4.081434e-04	143448757.000000	0.000000e+00
9.533417e+00	4.885874e+00	4.078640e-04	143500599.000000	0.000000e+00
9.535412e+00	4.884513e+00	4.075428e-04	143646865.000000	0.000000e+00
9.537407e+00	4.881856e+00	4.073814e-04	143604309.000000	0.000000e+00
9.539401e+00	4.880253e+00	4.071311e-04	143686597.000000	0.000000e+00
9.541395e+00	4.878788e+00	4.068839e-04	143774839.000000	0.000000e+00
9.543390e+00	4.876635e+00	4.065983e-04	143849841.000000	0.000000e+00
9.545385e+00	4.875004e+00	4.063895e-04	143901361.000000	0.000000e+00
9.547380e+00	4.872809e+00	4.061607e-04	143933871.000000	0.000000e+00
9.549374e+00	4.871110e+00	4.059722e-04	143967097.000000	0.000000e+00
9.551369e+00	4.868460e+00	4.055526e-04	144108237.000000	0.000000e+00
9.553363e+00	4.866246e+00	4.053651e-04	144110461.000000	0.000000e+00
9.555358e+00	4.864710e+00	4.051230e-04	144191647.000000	0.000000e+00
9.557353e+00	4.863363e+00	4.049055e-04	144266625.000000	0.000000e+00
9.559347e+00	4.861433e+00	4.046975e-04	144300433.000000	0.000000e+00
9.561342e+00	4.859421e+00	4.043840e-04	144404655.000000	0.000000e+00
9.563337e+00	4.856946e+00	4.042116e-04	144380629.000000	0.000000e+00
9.565331e+00	4.855532e+00	4.039235e-04	144502521.000000	0.000000e+00
9.567326e+00	4.852387e+00	4.035621e-04	144574015.000000	0.000000e+00
9.569321e+00	4.851144e+00	4.034144e-04	144605761.000000	0.000000e+00
9.571315e+00	4.848619e+00	4.031729e-04	144628401.000000	0.000000e+00
9.573310e+00	4.846977e+00	4.028161e-04	144786541.000000	0.000000e+00
9.575305e+00	4.845427e+00	4.027043e-04	144774303.000000	0.000000e+00
9.577299e+00	4.842631e+00	4.023612e-04	144854017.000000	0.000000e+00
9.579294e+00	4.841531e+00	4.021805e-04	144918381.000000	0.000000e+00
9.581289e+00	4.839260e+00	4.018890e-04	144992551.000000	0.000000e+00
9.583284e+00	4.836847e+00	4.016536e-04	145017853.000000	0.000000e+00
9.585278e+00	4.835378e+00	4.014207e-04	145098009.000000	0.000000e+00
9.587273e+00	4.833313e+00	4.012044e-04	145130449.000000	0.000000e+00
9.589267e+00	4.830905e+00	4.008895e-04	145213743.000000	0.000000e+00
9.591262e+00	4.829605e+00	4.006525e-04	145307281.000000	0.000000e+00
9.593257e+00	4.827492e+00	4.005001e-04	145290733.000000	0.000000e+00
9.595251e+00	4.826365e+00	4.002224e-04	145424475.000000	0.000000e+00
9.597246e+00	4.823843e+00	3.999979e-04	145435645.000000	0.000000e+00
9.599241e+00	4.822051e+00	3.997122e-04	145535493.000000	0.000000e+00
9.601235e+00	4.820143e+00	3.995405e-04	145545307.000000	0.000000e+00
9.603230e+00	4.817999e+00	3.991876e-04	145673097.000000	0.000000e+00
9.605225e+00	4.816885e+00	3.990651e-04	145695133.000000	0.000000e+00
9.607219e+00	4.814118e+00	3.987784e-04	145737133.000000	0.000000e+00
9.609214e+00	4.812193e+00	3.985168e-04	145811847.000000	0.000000e+00
9.611208e+00	4.811028e+00	3.983911e-04	145833229.000000	0.000000e+00
9.613203e+00	4.808634e+00	3.979805e-04	145988865.000000	0.000000e+00
9.615197e+00	4.806827e+00	3.978198e-04	145997083.000000	0.000000e+00
9.617192e+00	4.804166e+00	3.975060e-04	146065773.000000	0.000000e+00
9.619187e+00	4.802802e+00	3.972531e-04	146168833.000000	0.000000e+00
9.621182e+00	4.800683e+00	3.971148e-04	146141653.000000	0.000000e+00
9.623176e+00	4.799114e+00	3.968358e-04	146251563.000000	0.000000e+00
9.625171e+00	4.796637e+00	3.965533e-04	146308813.000000	0.000000e+00
9.627166e+00	4.794280e+00	3.963186e-04	146338257.000000	0.000000e+00
9.629160e+00	4.792295e+00	3.959979e-04	146454043.000000	0.000000e+00
9.631155e+00	4.790830e+00	3.958647e-04	146463037.000000	0.000000e+00
9.633150e+00	4.789936e+00	3.956367e-04	146577165.000000	0.000000e+00
9.635144e+00	4.787003e+00	3.953831e-04	146585533.000000	0.000000e+00
9.637139e+00	4.785848e+00	3.951689e-04	146673723.000000	0.000000e+00
9.639133e+00	4.783352e+00	3.948972e-04	146722417.000000	0.000000e+00
9.641128e+00	4.781514e+00	3.946581e-04	146787393.000000	0.000000e+00
9.643123e+00	4.779483e+00	3.943816e-04	146868475.000000	0.000000e+00
9.645118e+00	4.778115e+00	3.942165e-04	146907349.000000	0.000000e+00
9.647112e+00	4.775883e+00	3.939338e-04	146980905.000000	0.000000e+00
9.649107e+00	4.773812e+00	3.937304e-04	147005227.000000	0.000000e+00
9.651101e+00	4.771880e+00	3.934594e-04	147088641.000000	0.000000e+00
9.653096e+00	4.770383e+00	3.932168e-04	147177805.000000	0.000000e+00
9.655091e+00	4.768055e+00	3.930181e-04	147182949.000000	0.000000e+00
9.657085e+00	4.765976e+00	3.927290e-04	147271147.000000	0.000000e+00
9.659080e+00	4.764128e+00	3.924849e-04	147340141.000000	0.000000e+00
9.661075e+00	4.762299e+00	3.921904e-04	147448173.000000	0.000000e+00
9.663069e+00	4.759947e+00	3.920518e-04	147406759.000000	0.000000e+00
9.665064e+00	4.759364e+00	3.918021e-04	147558561.000000	0.000000e+00
9.667058e+00	4.756874e+00	3.916332e-04	147531301.000000	0.000000e+00
9.669053e+00	4.755030e+00	3.913510e-04	147629637.000000	0.000000e+00
9.671048e+00	4.752781e+00	3.910154e-04	147743359.000000	0.000000e+00
9.673042e+00	4.751526e+00	3.908898e-04	147760261.000000	0.000000e+00
9.675037e+00	4.749510e+00	3.906460e-04	147819201.000000	0.000000e+00
9.677032e+00	4.747691e+00	3.903888e-04	147900667.000000	0.000000e+00
9.679027e+00	4.745944e+00	3.902073e-04	147929385.000000	0.000000e+00
9.681021e+00	4.744214e+00	3.899567e-04	148011613.000000	0.000000e+00
9.683015e+00	4.742507e+00	3.898002e-04	148023871.000000	0.000000e+00
9.685010e+00	4.740261e+00	3.893976e-04	148189677.000000	0.000000e+00
9.687005e+00	4.737697e+00	3.892187e-04	148165549.000000	0.000000e+00
9.689000e+00	4.735928e+00	3.889591e-04	148252617.000000	0.000000e+00
9.690994e+00	4.734282e+00	3.887432e-04	148314187.000000	0.000000e+00
9.692989e+00	4.732429e+00	3.885075e-04	148377981.000000	0.000000e+00
9.694984e+00	4.730319e+00	3.882613e-04	148433713.000000	0.000000e+00
9.696978e+00	4.728393e+00	3.880409e-04	148481467.000000	0.000000e+00
9.698973e+00	4.726882e+00	3.878139e-04	148560285.000000	0.000000e+00
9.700968e+00	4.724692e+00	3.875332e-04	148637725.000000	0.000000e+00
9.702962e+00	4.722826e+00	3.873565e-04	148655925.000000	0.000000e+00
9.704957e+00	4.721864e+00	3.871641e-04	148743079.000000	0.000000e+00
9.706952e+00	4.719536e+00	3.868568e-04	148832649.000000	0.000000e+00
9.708946e+00	4.718087e+00	3.867732e-04	148805521.000000	0.000000e+00
9.710941e+00	4.716348e+00	3.864576e-04	148938799.000000	0.000000e+00
9.712935e+00	4.714261e+00	3.862326e-04	148980429.000000	0.000000e+00
9.714930e+00	4.712296e+00	3.859346e-04	149086309.000000	0.000000e+00
9.716925e+00	4.710615e+00	3.858208e-04	149067795.000000	0.000000e+00
9.718919e+00	4.708326e+00	3.855023e-04	149169193.000000	0.000000e+00
9.720914e+00	4.706760e+00	3.853021e-04	149224917.000000	0.000000e+00
9.722908e+00	4.704817e+00	3.850736e-04	149278753.000000	0.000000e+00
9.724903e+00	4.702386e+00	3.847618e-04	149366335.000000	0.000000e+00
9.726898e+00	4.701250e+00	3.846408e-04	149388069.000000	0.000000e+00
9.728892e+00	4.699343e+00	3.843317e-04	149507101.000000	0.000000e+00
9.730887e+00	4.697905e+00	3.842067e-04	149512899.000000	0.000000e+00
9.732882e+00	4.694916e+00	3.838302e-04	149615761.000000	0.000000e+00
9.734877e+00	4.693395e+00	3.836464e-04	149662165.000000	0.000000e+00
9.736871e+00	4.691476e+00	3.834164e-04	149719269.000000	0.000000e+00
9.738866e+00	4.690222e+00	3.832472e-04	149771335.000000	0.000000e+00
9.740860e+00	4.687528e+00	3.829600e-04	149823849.000000	0.000000e+00
9.742855e+00	4.686270e+00	3.827084e-04	149940325.000000	0.000000e+00
9.744850e+00	4.684124e+00	3.824954e-04	149969931.000000	0.000000e+00
9.746845e+00	4.683338e+00	3.823724e-04	150016093.000000	0.000000e+00
9.748839e+00	4.680455e+00	3.820441e-04	150089125.000000	0.000000e+00
9.750834e+00	4.679522e+00	3.819209e-04	150126081.000000	0.000000e+00
9.752828e+00	4.677013e+00	3.815952e-04	150221203.000000	0.000000e+00
9.754823e+00	4.676425e+00	3.814805e-04	150273789.000000	0.000000e+00
9.756818e+00	4.673201e+00	3.811477e-04	150328825.000000	0.000000e+00
9.758812e+00	4.672262e+00	3.810025e-04	150382971.000000	0.000000e+00
9.760807e+00	4.670038e+00	3.807119e-04	150469285.000000	0.000000e+00
9.762802e+00	4.667888e+00	3.804803e-04	150513817.000000	0.000000e+00
9.764796e+00	4.665896e+00	3.802622e-04	150557991.000000	0.000000e+00
9.766791e+00	4.664469e+00	3.800119e-04	150664189.000000	0.000000e+00
9.768786e+00	4.662558e+00	3.797913e-04	150715677.000000	0.000000e+00
9.770780e+00	4.660230e+00	3.795367e-04	150767341.000000	0.000000e+00
9.772775e+00	4.659466e+00	3.794742e-04	150767523.000000	0.000000e+00
9.774769e+00	4.657862e+00	3.791340e-04	150934201.000000	0.000000e+00
9.776764e+00	4.655192e+00	3.788791e-04	150964213.000000	0.000000e+00
9.778759e+00	4.653326e+00	3.786821e-04	151000155.000000	0.000000e+00
9.780753e+00	4.652090e+00	3.785249e-04	151045333.000000	0.000000e+00
9.782748e+00	4.650118e+00	3.782515e-04	151135557.000000	0.000000e+00
9.784743e+00	4.648012e+00	3.780231e-04	151181233.000000	0.000000e+00
9.786737e+00	4.646247e+00	3.777341e-04	151297699.000000	0.000000e+00
9.788732e+00	4.644596e+00	3.775948e-04	151301709.000000	0.000000e+00
9.790727e+00	4.642746e+00	3.773799e-04	151353481.000000	0.000000e+00
9.792721e+00	4.641297e+00	3.771516e-04	151442151.000000	0.000000e+00
9.794716e+00	4.639247e+00	3.768672e-04	151536805.000000	0.000000e+00
9.796711e+00	4.637443e+00	3.766611e-04	151584789.000000	0.000000e+00
9.798706e+00	4.635902e+00	3.765052e-04	151609567.000000	0.000000e+00
9.800700e+00	4.633579e+00	3.762288e-04	151680253.000000	0.000000e+00
9.802695e+00	4.632056e+00	3.760315e-04	151739661.000000	0.000000e+00
9.804689e+00	4.629914e+00	3.757345e-04	151839193.000000	0.000000e+00
9.806684e+00	4.628340e+00	3.755561e-04	151880127.000000	0.000000e+00
9.808678e+00	4.626984e+00	3.754539e-04	151873801.000000	0.000000e+00
9.810673e+00	4.624981e+00	3.750848e-04	152041053.000000	0.000000e+00
9.812668e+00	4.622676e+00	3.749157e-04	152026615.000000	0.000000e+00
9.814662e+00	4.620877e+00	3.746247e-04	152144413.000000	0.000000e+00
9.816657e+00	4.619238e+00	3.744552e-04	152174217.000000	0.000000e+00
9.818652e+00	4.617377e+00	3.741837e-04	152272321.000000	0.000000e+00
9.820646e+00	4.616497e+00	3.741144e-04	152270643.000000	0.000000e+00
9.822641e+00	4.614452e+00	3.737776e-04	152410081.000000	0.000000e+00
9.824636e+00	4.611898e+00	3.736291e-04	152362477.000000	0.000000e+00
9.826630e+00	4.610677e+00	3.733091e-04	152542995.000000	0.000000e+00
9.828625e+00	4.609007e+00	3.731744e-04	152542573.000000	0.000000e+00
9.830620e+00	4.607259e+00	3.728991e-04	152651985.000000	0.000000e+00
9.832614e+00	4.604738e+00	3.727287e-04	152624461.000000	0.000000e+00
9.834608e+00	4.603219e+00	3.725218e-04	152693223.000000	0.000000e+00
9.836603e+00	4.601750e+00	3.722059e-04	152854921.000000	0.000000e+00
9.838598e+00	4.599122e+00	3.719790e-04	152866753.000000	0.000000e+00
9.840593e+00	4.598010e+00	3.718230e-04	152921055.000000	0.000000e+00
9.842587e+00	4.595703e+00	3.715523e-04	152990293.000000	0.000000e+00
9.844582e+00	4.594882e+00	3.713578e-04	153095949.000000	0.000000e+00
9.846577e+00	4.593270e+00	3.712453e-04	153081307.000000	0.000000e+00
9.848572e+00	4.590630e+00	3.709045e-04	153186453.000000	0.000000e+00
9.850566e+00	4.588862e+00	3.707659e-04	153182929.000000	0.000000e+00
9.852561e+00	4.587255e+00	3.704520e-04	153335233.000000	0.000000e+00
9.854555e+00	4.586184e+00	3.703387e-04	153357423.000000	0.000000e+00
9.856550e+00	4.584648e+00	3.701388e-04	153420277.000000	0.000000e+00
9.858545e+00	4.582749e+00	3.698687e-04	153517113.000000	0.000000e+00
9.860540e+00	4.579716e+00	3.696091e-04	153529435.000000	0.000000e+00
9.862534e+00	4.579022e+00	3.694261e-04	153635073.000000	0.000000e+00
9.864529e+00	4.576829e+00	3.692287e-04	153652117.000000	0.000000e+00
9.866523e+00	4.575428e+00	3.690744e-04	153686497.000000	0.000000e+00
9.868518e+00	4.573828e+00	3.687988e-04	153808623.000000	0.000000e+00
9.870512e+00	4.572037e+00	3.686321e-04	153827233.000000	0.000000e+00
9.872507e+00	4.569696e+00	3.682791e-04	153964509.000000	0.000000e+00
9.874502e+00	4.568611e+00	3.681836e-04	153971179.000000	0.000000e+00
9.876496e+00	4.566161e+00	3.679156e-04	154030225.000000	0.000000e+00
9.878491e+00	4.564590e+00	3.676564e-04	154141437.000000	0.000000e+00
9.880486e+00	4.563520e+00	3.675690e-04	154142395.000000	0.000000e+00
9.882480e+00	4.561654e+00	3.673151e-04	154229397.000000	0.000000e+00
9.884475e+00	4.559738e+00	3.670806e-04	154296769.000000	0.000000e+00
9.886470e+00	4.558383e+00	3.669195e-04	154340553.000000	0.000000e+00
9.888464e+00	4.556341e+00	3.666360e-04	154440847.000000	0.000000e+00
9.890459e+00	4.554829e+00	3.664909e-04	154460617.000000	0.000000e+00
9.892454e+00	4.552975e+00	3.662221e-04	154561509.000000	0.000000e+00
9.894448e+00	4.551615e+00	3.660907e-04	154580095.000000	0.000000e+00
9.896443e+00	4.548997e+00	3.657515e-04	154688865.000000	0.000000e+00
9.898437e+00	4.547978e+00	3.656513e-04	154704349.000000	0.000000e+00
9.900432e+00	4.545497e+00	3.652859e-04	154844889.000000	0.000000e+00
9.902427e+00	4.543892e+00	3.651822e-04	154823419.000000	0.000000e+00
9.904422e+00	4.542593e+00	3.649762e-04	154909729.000000	0.000000e+00
9.906416e+00	4.540494e+00	3.647147e-04	154988541.000000	0.000000e+00
9.908411e+00	4.538856e+00	3.645554e-04	155012143.000000	0.000000e+00
9.910405e+00	4.537308e+00	3.643312e-04	155097141.000000	0.000000e+00
9.912400e+00	4.535649e+00	3.640927e-04	155186809.000000	0.000000e+00
9.914395e+00	4.534170e+00	3.639342e-04	155220837.000000	0.000000e+00
9.916389e+00	4.532439e+00	3.636789e-04	155320147.000000	0.000000e+00
9.918384e+00	4.530689e+00	3.635028e-04	155350609.000000	0.000000e+00
9.920379e+00	4.528401e+00	3.632449e-04	155414181.000000	0.000000e+00
9.922374e+00	4.526936e+00	3.630524e-04	155478451.000000	0.000000e+00
9.924368e+00	4.524340e+00	3.627581e-04	155552193.000000	0.000000e+00
9.926363e+00	4.522695e+00	3.626042e-04	155571061.000000	0.000000e+00
9.928357e+00	4.521031e+00	3.623932e-04	155637763.000000	0.000000e+00
9.930352e+00	4.519901e+00	3.621937e-04	155731365.000000	0.000000e+00
9.932346e+00	4.518430e+00	3.619485e-04	155840905.000000	0.000000e+00
9.934341e+00	4.517045e+00	3.618505e-04	155829777.000000	0.000000e+00
9.936336e+00	4.514874e+00	3.616018e-04	155894239.000000	0.000000e+00
9.938330e+00	4.513415e+00	3.613551e-04	156006297.000000	0.000000e+00
9.940325e+00	4.512049e+00	3.611842e-04	156059533.000000	0.000000e+00
9.942320e+00	4.509589e+00	3.609554e-04	156087055.000000	0.000000e+00
9.944314e+00	4.508895e+00	3.608260e-04	156150897.000000	0.000000e+00
9.946309e+00	4.506191e+00	3.604889e-04	156255493.000000	0.000000e+00
9.948304e+00	4.504740e+00	3.603338e-04	156289353.000000	0.000000e+00
9.950298e+00	4.503406e+00	3.601808e-04	156329515.000000	0.000000e+00
9.952293e+00	4.500699e+00	3.598578e-04	156422157.000000	0.000000e+00
9.954288e+00	4.499441e+00	3.596620e-04	156504949.000000	0.000000e+00
9.956282e+00	4.497984e+00	3.595202e-04	156526963.000000	0.000000e+00
9.958277e+00	4.496335e+00	3.593163e-04	156589857.000000	0.000000e+00
9.960272e+00	4.494733e+00	3.590656e-04	156696841.000000	0.000000e+00
9.962266e+00	4.492952e+00	3.588830e-04	156732003.000000	0.000000e+00
9.964261e+00	4.490703e+00	3.586255e-04	156800053.000000	0.000000e+00
9.966256e+00	4.489464e+00	3.585196e-04	156806205.000000	0.000000e+00
9.968250e+00	4.487660e+00	3.581773e-04	156979789.000000	0.000000e+00
9.970245e+00	4.486213e+00	3.580854e-04	156959083.000000	0.000000e+00
9.972240e+00	4.484580e+00	3.578749e-04	157029429.000000	0.000000e+00
9.974234e+00	4.483480e+00	3.576990e-04	157106845.000000	0.000000e+00
9.976229e+00	4.480761e+00	3.573834e-04	157193619.000000	0.000000e+00
9.978224e+00	4.479685e+00	3.572592e-04	157227373.000000	0.000000e+00
9.980218e+00	4.477448e+00	3.570061e-04	157293133.000000	0.000000e+00
9.982213e+00	4.475943e+00	3.567914e-04	157376709.000000	0.000000e+00
9.984208e+00	4.474225e+00	3.566139e-04	157412467.000000	0.000000e+00
9.986202e+00	4.472553e+00	3.564223e-04	157463997.000000	0.000000e+00
9.988197e+00	4.470652e+00	3.561571e-04	157564573.000000	0.000000e+00
9.990191e+00	4.469883e+00	3.560593e-04	157596879.000000	0.000000e+00
9.992186e+00	4.468343e+00	3.558141e-04	157705477.000000	0.000000e+00
9.994181e+00	4.465558e+00	3.555897e-04	157707721.000000	0.000000e+00
9.996175e+00	4.464494e+00	3.554154e-04	157787295.000000	0.000000e+00
9.998170e+00	4.463034e+00	3.552184e-04	157859041.000000	0.000000e+00
1.000016e+01	4.461231e+00	3.549603e-04	157961001.000000	0.000000e+00
1.000216e+01	4.459707e+00	3.548368e-04	157962985.000000	0.000000e+00
1.000415e+01	4.457481e+00	3.545715e-04	158041527.000000	0.000000e+00
1.000615e+01	4.456465e+00	3.544466e-04	158080933.000000	0.000000e+00
1.000814e+01	4.453963e+00	3.540513e-04	158256217.000000	0.000000e+00
1.001014e+01	4.452743e+00	3.540154e-04	158201655.000000	0.000000e+00
1.001213e+01	4.451523e+00	3.538059e-04	158302237.000000	0.000000e+00
1.001413e+01	4.449373e+00	3.535569e-04	158372241.000000	0.000000e+00
1.001612e+01	4.448222e+00	3.533831e-04	158446033.000000	0.000000e+00
1.001812e+01	4.446438e+00	3.531726e-04	158507707.000000	0.000000e+00
1.002011e+01	4.444492e+00	3.529940e-04	158529297.000000	0.000000e+00
1.002211e+01	4.443150e+00	3.527599e-04	158643949.000000	0.000000e+00
1.002410e+01	4.441006e+00	3.525468e-04	158682567.000000	0.000000e+00
1.002610e+01	4.439917e+00	3.523999e-04	158737021.000000	0.000000e+00
1.002809e+01	4.438276e+00	3.522130e-04	158788017.000000	0.000000e+00
1.003008e+01	4.436280e+00	3.519523e-04	158880373.000000	0.000000e+00
1.003208e+01	4.434863e+00	3.517684e-04	158944963.000000	0.000000e+00
1.003407e+01	4.433247e+00	3.515925e-04	158988105.000000	0.000000e+00
1.003607e+01	4.431543e+00	3.513459e-04	159088993.000000	0.000000e+00
1.003806e+01	4.430074e+00	3.511996e-04	159115983.000000	0.000000e+00
1.004006e+01	4.428795e+00	3.510692e-04	159142345.000000	0.000000e+00
1.004205e+01	4.426460e+00	3.507140e-04	159296757.000000	0.000000e+00
1.004405e+01	4.424264e+00	3.505725e-04	159267175.000000	0.000000e+00
1.004604e+01	4.423644e+00	3.503816e-04	159396145.000000	0.000000e+00
1.004804e+01	4.421180e+00	3.501336e-04	159444237.000000	0.000000e+00
1.005003e+01	4.420280e+00	3.499585e-04	159538873.000000	0.000000e+00
1.005203e+01	4.418981e+00	3.498350e-04	159557655.000000	0.000000e+00
1.005402e+01	4.416318e+00	3.495763e-04	159601417.000000	0.000000e+00
1.005601e+01	4.415723e+00	3.494327e-04	159689625.000000	0.000000e+00
1.005801e+01	4.413928e+00	3.491782e-04	159792403.000000	0.000000e+00
1.006000e+01	4.412040e+00	3.489928e-04	159825433.000000	0.000000e+00
1.006200e+01	4.410011e+00	3.487921e-04	159862281.000000	0.000000e+00
1.006399e+01	4.408886e+00	3.486032e-04	159953953.000000	0.000000e+00
1.006599e+01	4.406596e+00	3.483478e-04	160022259.000000	0.000000e+00
1.006798e+01	4.405420e+00	3.481917e-04	160080229.000000	0.000000e+00
1.006998e+01	4.403349e+00	3.479691e-04	160134409.000000	0.000000e+00
1.007197e+01	4.402189e+00	3.477791e-04	160225059.000000	0.000000e+00
1.007397e+01	4.399909e+00	3.476101e-04	160214773.000000	0.000000e+00
1.007596e+01	4.399232e+00	3.474270e-04	160334349.000000	0.000000e+00
1.007796e+01	4.397170e+00	3.471855e-04	160407043.000000	0.000000e+00
1.007995e+01	4.396027e+00	3.470701e-04	160430301.000000	0.000000e+00
1.008195e+01	4.394382e+00	3.468178e-04	160543549.000000	0.000000e+00
1.008394e+01	4.392126e+00	3.466195e-04	160562329.000000	0.000000e+00
1.008593e+01	4.390447e+00	3.463811e-04	160660491.000000	0.000000e+00
1.008793e+01	4.389500e+00	3.462351e-04	160726681.000000	0.000000e+00
1.008992e+01	4.387600e+00	3.460480e-04	160761249.000000	0.000000e+00
1.009192e+01	4.386119e+00	3.458999e-04	160790335.000000	0.000000e+00
1.009391e+01	4.383736e+00	3.455730e-04	160919625.000000	0.000000e+00
1.009591e+01	4.383175e+00	3.454560e-04	160987513.000000	0.000000e+00
1.009790e+01	4.381774e+00	3.453153e-04	161015797.000000	0.000000e+00
1.009990e+01	4.379348e+00	3.450440e-04	161090463.000000	0.000000e+00
1.010189e+01	4.377982e+00	3.448517e-04	161169601.000000	0.000000e+00
1.010389e+01	4.375828e+00	3.446291e-04	161219133.000000	0.000000e+00
1.010588e+01	4.374524e+00	3.444768e-04	161265583.000000	0.000000e+00
1.010788e+01	4.373498e+00	3.443056e-04	161350317.000000	0.000000e+00
1.010987e+01	4.371457e+00	3.440340e-04	161454301.000000	0.000000e+00
1.011187e+01	4.370846e+00	3.440052e-04	161436169.000000	0.000000e+00
1.011386e+01	4.369175e+00	3.437872e-04	161517459.000000	0.000000e+00
1.011585e+01	4.366898e+00	3.434829e-04	161635165.000000	0.000000e+00
1.011785e+01	4.365298e+00	3.433206e-04	161669481.000000	0.000000e+00
1.011984e+01	4.363719e+00	3.431774e-04	161687407.000000	0.000000e+00
1.012184e+01	4.361922e+00	3.428945e-04	161820949.000000	0.000000e+00
1.012383e+01	4.360881e+00	3.427592e-04	161871429.000000	0.000000e+00
1.012583e+01	4.358528e+00	3.425339e-04	161909623.000000	0.000000e+00
1.012782e+01	4.357605e+00	3.423787e-04	161987721.000000	0.000000e+00
1.012982e+01	4.355657e+00	3.421960e-04	162015889.000000	0.000000e+00
1.013181e+01	4.354782e+00	3.420167e-04	162120657.000000	0.000000e+00
1.013381e+01	4.353186e+00	3.418114e-04	162196459.000000	0.000000e+00
1.013580e+01	4.350998e+00	3.416364e-04	162199489.000000	0.000000e+00
1.013780e+01	4.349021e+00	3.413141e-04	162358329.000000	0.000000e+00
1.013979e+01	4.348219e+00	3.412873e-04	162323959.000000	0.000000e+00
1.014178e+01	4.346860e+00	3.410452e-04	162452937.000000	0.000000e+00
1.014378e+01	4.344544e+00	3.408498e-04	162465997.000000	0.000000e+00
1.014577e+01	4.343592e+00	3.406354e-04	162599253.000000	0.000000e+00
1.014777e+01	4.341700e+00	3.405251e-04	162562879.000000	0.000000e+00
1.014976e+01	4.340470e+00	3.402858e-04	162699337.000000	0.000000e+00
1.015176e+01	4.338409e+00	3.400710e-04	162750321.000000	0.000000e+00
1.015375e+01	4.336666e+00	3.398762e-04	162805999.000000	0.000000e+00
1.015575e+01	4.335467e+00	3.396874e-04	162896901.000000	0.000000e+00
1.015774e+01	4.334116e+00	3.394987e-04	162976489.000000	0.000000e+00
1.015974e+01	4.331826e+00	3.393294e-04	162966763.000000	0.000000e+00
1.016173e+01	4.330964e+00	3.391729e-04	163052217.000000	0.000000e+00
1.016373e+01	4.329753e+00	3.389686e-04	163157593.000000	0.000000e+00
1.016572e+01	4.327655e+00	3.387518e-04	163208169.000000	0.000000e+00
1.016772e+01	4.326159e+00	3.385855e-04	163255687.000000	0.000000e+00
1.016971e+01	4.324932e+00	3.384311e-04	163311933.000000	0.000000e+00
1.017170e+01	4.322936e+00	3.381871e-04	163396801.000000	0.000000e+00
1.017370e+01	4.322242e+00	3.380764e-04	163451323.000000	0.000000e+00
1.017569e+01	4.319484e+00	3.377700e-04	163539045.000000	0.000000e+00
1.017769e+01	4.318114e+00	3.376449e-04	163556509.000000	0.000000e+00
1.017968e+01	4.317341e+00	3.374890e-04	163649001.000000	0.000000e+00
1.018168e+01	4.316062e+00	3.373160e-04	163719859.000000	0.000000e+00
1.018367e+01	4.313411e+00	3.369970e-04	163828605.000000	0.000000e+00
1.018567e+01	4.311999e+00	3.368883e-04	163826989.000000	0.000000e+00
1.018766e+01	4.311038e+00	3.367677e-04	163871203.000000	0.000000e+00
1.018966e+01	4.308868e+00	3.365474e-04	163920813.000000	0.000000e+00
1.019165e+01	4.308094e+00	3.363517e-04	164052601.000000	0.000000e+00
1.019365e+01	4.306268e+00	3.361636e-04	164097015.000000	0.000000e+00
1.019564e+01	4.304766e+00	3.359656e-04	164175901.000000	0.000000e+00
1.019763e+01	4.303196e+00	3.357893e-04	164228481.000000	0.000000e+00
1.019963e+01	4.301163e+00	3.355823e-04	164275801.000000	0.000000e+00
1.020162e+01	4.299459e+00	3.353385e-04	164384455.000000	0.000000e+00
1.020362e+01	4.298505e+00	3.352904e-04	164358729.000000	0.000000e+00
1.020561e+01	4.296640e+00	3.350156e-04	164485621.000000	0.000000e+00
1.020761e+01	4.295381e+00	3.348305e-04	164570991.000000	0.000000e+00
1.020960e+01	4.293569e+00	3.346549e-04	164604781.000000	0.000000e+00
1.021160e+01	4.291965e+00	3.344613e-04	164672269.000000	0.000000e+00
1.021359e+01	4.291147e+00	3.343581e-04	164711193.000000	0.000000e+00
1.021559e+01	4.288890e+00	3.340806e-04	164811451.000000	0.000000e+00
1.021758e+01	4.287334e+00	3.338986e-04	164871441.000000	0.000000e+00
1.021958e+01	4.285906e+00	3.337030e-04	164954845.000000	0.000000e+00
1.022157e+01	4.284417e+00	3.335278e-04	165013455.000000	0.000000e+00
1.022357e+01	4.282979e+00	3.333971e-04	165032053.000000	0.000000e+00
1.022556e+01	4.281186e+00	3.331269e-04	165161425.000000	0.000000e+00
1.022755e+01	4.279989e+00	3.330546e-04	165140853.000000	0.000000e+00
1.022955e+01	4.278167e+00	3.327625e-04	165290083.000000	0.000000e+00
1.023154e+01	4.277384e+00	3.326628e-04	165328569.000000	0.000000e+00
1.023354e+01	4.275163e+00	3.324460e-04	165372421.000000	0.000000e+00
1.023553e+01	4.274316e+00	3.323190e-04	165433299.000000	0.000000e+00
1.023753e+01	4.272650e+00	3.321127e-04	165509833.000000	0.000000e+00
1.023952e+01	4.271492e+00	3.319648e-04	165567469.000000	0.000000e+00
1.024152e+01	4.269178e+00	3.317351e-04	165617307.000000	0.000000e+00
1.024351e+01	4.267874e+00	3.315174e-04	165733513.000000	0.000000e+00
1.024551e+01	4.266180e+00	3.313059e-04	165813549.000000	0.000000e+00
1.024750e+01	4.264609e+00	3.312118e-04	165785593.000000	0.000000e+00
1.024950e+01	4.262984e+00	3.309503e-04	165921171.000000	0.000000e+00
1.025149e+01	4.262541e+00	3.309092e-04	165927949.000000	0.000000e+00
1.025348e+01	4.260418e+00	3.306148e-04	166057969.000000	0.000000e+00
1.025548e+01	4.259412e+00	3.305222e-04	166072647.000000	0.000000e+00
1.025747e+01	4.257508e+00	3.302788e-04	166168837.000000	0.000000e+00
1.025947e+01	4.256481e+00	3.301326e-04	166235817.000000	0.000000e+00
1.026146e+01	4.254413e+00	3.299238e-04	166284529.000000	0.000000e+00
1.026346e+01	4.253216e+00	3.297833e-04	166332667.000000	0.000000e+00
1.026545e+01	4.251371e+00	3.295339e-04	166439997.000000	0.000000e+00
1.026745e+01	4.250065e+00	3.294207e-04	166452133.000000	0.000000e+00
1.026944e+01	4.248713e+00	3.292055e-04	166563879.000000	0.000000e+00
1.027144e+01	4.247412e+00	3.290711e-04	166597777.000000	0.000000e+00
1.027343e+01	4.245634e+00	3.288803e-04	166651557.000000	0.000000e+00
1.027543e+01	4.244430e+00	3.286738e-04	166766407.000000	0.000000e+00
1.027742e+01	4.242406e+00	3.284694e-04	166814773.000000	0.000000e+00
1.027942e+01	4.241095e+00	3.283131e-04	166870569.000000	0.000000e+00
1.028141e+01	4.239370e+00	3.281386e-04	166912201.000000	0.000000e+00
1.028340e+01	4.238012e+00	3.279315e-04	167015979.000000	0.000000e+00
1.028540e+01	4.236601e+00	3.278013e-04	167037421.000000	0.000000e+00
1.028739e+01	4.235049e+00	3.275708e-04	167150085.000000	0.000000e+00
1.028939e+01	4.233322e+00	3.274031e-04	167184871.000000	0.000000e+00
1.029138e+01	4.232847e+00	3.272582e-04	167295505.000000	0.000000e+00
1.029338e+01	4.230901e+00	3.270982e-04	167305161.000000	0.000000e+00
1.029537e+01	4.229160e+00	3.268686e-04	167402461.000000	0.000000e+00
1.029737e+01	4.228062e+00	3.267694e-04	167417163.000000	0.000000e+00
1.029936e+01	4.226360e+00	3.265781e-04	167478433.000000	0.000000e+00
1.030136e+01	4.224941e+00	3.263149e-04	167636121.000000	0.000000e+00
1.030335e+01	4.223759e+00	3.261962e-04	167664283.000000	0.000000e+00
1.030535e+01	4.222043e+00	3.260508e-04	167677429.000000	0.000000e+00
1.030734e+01	4.220236e+00	3.258400e-04	167750805.000000	0.000000e+00
1.030933e+01	4.219470e+00	3.257035e-04	167830525.000000	0.000000e+00
1.031133e+01	4.217642e+00	3.254440e-04	167952615.000000	0.000000e+00
1.031332e+01	4.216058e+00	3.253066e-04	167968357.000000	0.000000e+00
1.031532e+01	4.214252e+00	3.251058e-04	168031885.000000	0.000000e+00
1.031731e+01	4.213693e+00	3.249741e-04	168123471.000000	0.000000e+00
1.031931e+01	4.212079e+00	3.247977e-04	168177217.000000	0.000000e+00
1.032130e+01	4.209921e+00	3.246089e-04	168200409.000000	0.000000e+00
1.032330e+01	4.208601e+00	3.244089e-04	168302263.000000	0.000000e+00
1.032529e+01	4.207673e+00	3.243011e-04	168339981.000000	0.000000e+00
1.032729e+01	4.205706e+00	3.240402e-04	168453457.000000	0.000000e+00
1.032928e+01	4.204319e+00	3.239324e-04	168454453.000000	0.000000e+00
1.033128e+01	4.202728e+00	3.237201e-04	168547827.000000	0.000000e+00
1.033327e+01	4.201566e+00	3.235596e-04	168621805.000000	0.000000e+00
1.033527e+01	4.200337e+00	3.233474e-04	168744513.000000	0.000000e+00
1.033726e+01	4.198844e+00	3.232454e-04	168730999.000000	0.000000e+00
1.033925e+01	4.197128e+00	3.230265e-04	168821589.000000	0.000000e+00
1.034125e+01	4.195743e+00	3.228544e-04	168890137.000000	0.000000e+00
1.034324e+01	4.194298e+00	3.226959e-04	168939685.000000	0.000000e+00
1.034524e+01	4.192474e+00	3.224657e-04	169033887.000000	0.000000e+00
1.034723e+01	4.190989e+00	3.223488e-04	169036669.000000	0.000000e+00
1.034923e+01	4.190262e+00	3.221461e-04	169190709.000000	0.000000e+00
1.035122e+01	4.188151e+00	3.220171e-04	169155763.000000	0.000000e+00
1.035322e+01	4.187195e+00	3.218176e-04	169288261.000000	0.000000e+00
1.035521e+01	4.185640e+00	3.216279e-04	169362117.000000	0.000000e+00
1.035721e+01	4.184563e+00	3.215323e-04	169375699.000000	0.000000e+00
1.035920e+01	4.182620e+00	3.212970e-04	169466337.000000	0.000000e+00
1.036120e+01	4.180731e+00	3.211133e-04	169507165.000000	0.000000e+00
1.036319e+01	4.179687e+00	3.208979e-04	169649973.000000	0.000000e+00
1.036519e+01	4.178220e+00	3.207774e-04	169658263.000000	0.000000e+00
1.036718e+01	4.177117e+00	3.206475e-04	169706077.000000	0.000000e+00
1.036917e+01	4.175177e+00	3.204008e-04	169809717.000000	0.000000e+00
1.037117e+01	4.173854e+00	3.202878e-04	169821919.000000	0.000000e+00
1.037316e+01	4.172496e+00	3.200619e-04	169951077.000000	0.000000e+00
1.037516e+01	4.171460e+00	3.199567e-04	169978429.000000	0.000000e+00
1.037715e+01	4.169841e+00	3.197378e-04	170079093.000000	0.000000e+00
1.037915e+01	4.168698e+00	3.196184e-04	170112919.000000	0.000000e+00
1.038114e+01	4.166930e+00	3.193859e-04	170216185.000000	0.000000e+00
1.038314e+01	4.165302e+00	3.192363e-04	170242725.000000	0.000000e+00
1.038513e+01	4.164100e+00	3.190794e-04	170311807.000000	0.000000e+00
1.038713e+01	4.163097e+00	3.189103e-04	170410353.000000	0.000000e+00
1.038912e+01	4.161574e+00	3.187779e-04	170427193.000000	0.000000e+00
1.039112e+01	4.159952e+00	3.185891e-04	170496291.000000	0.000000e+00
1.039311e+01	4.158403e+00	3.183658e-04	170608357.000000	0.000000e+00
1.039510e+01	4.157282e+00	3.182310e-04	170660929.000000	0.000000e+00
1.039710e+01	4.155190e+00	3.180211e-04	170714337.000000	0.000000e+00
1.039909e+01	4.154709e+00	3.179446e-04	170756983.000000	0.000000e+00
1.040109e+01	4.152640e+00	3.177103e-04	170838597.000000	0.000000e+00
1.040308e+01	4.151139e+00	3.175531e-04	170884165.000000	0.000000e+00
1.040508e+01	4.149957e+00	3.173607e-04	170993959.000000	0.000000e+00
1.040707e+01	4.148942e+00	3.172243e-04	171057333.000000	0.000000e+00
1.040907e+01	4.147057e+00	3.170352e-04	171105925.000000	0.000000e+00
1.041106e+01	4.146241e+00	3.169834e-04	171094485.000000	0.000000e+00
1.041306e+01	4.144693e+00	3.166646e-04	171311167.000000	0.000000e+00
1.041505e+01	4.142663e+00	3.165444e-04	171273429.000000	0.000000e+00
1.041705e+01	4.141346e+00	3.163081e-04	171420373.000000	0.000000e+00
1.041904e+01	4.140559e+00	3.163049e-04	171358663.000000	0.000000e+00
1.042104e+01	4.139689e+00	3.160754e-04	171535497.000000	0.000000e+00
1.042303e+01	4.137816e+00	3.158965e-04	171574573.000000	0.000000e+00
1.042502e+01	4.136268e+00	3.157685e-04	171585129.000000	0.000000e+00
1.042702e+01	4.134814e+00	3.155564e-04	171695107.000000	0.000000e+00
1.042901e+01	4.133589e+00	3.153861e-04	171778701.000000	0.000000e+00
1.043101e+01	4.132005e+00	3.151862e-04	171864997.000000	0.000000e+00
1.043300e+01	4.130849e+00	3.150762e-04	171888703.000000	0.000000e+00
1.043500e+01	4.129153e+00	3.149021e-04	171937605.000000	0.000000e+00
1.043699e+01	4.127062e+00	3.146700e-04	172016989.000000	0.000000e+00
1.043899e+01	4.125968e+00	3.144930e-04	172119327.000000	0.000000e+00
1.044098e+01	4.124572e+00	3.143937e-04	172111669.000000	0.000000e+00
1.044298e+01	4.123180e+00	3.141609e-04	172250385.000000	0.000000e+00
1.044497e+01	4.122291e+00	3.140940e-04	172249537.000000	0.000000e+00
1.044697e+01	4.120507e+00	3.138318e-04	172388119.000000	0.000000e+00
1.044896e+01	4.119716e+00	3.137613e-04	172399401.000000	0.000000e+00
1.045095e+01	4.117898e+00	3.135518e-04	172477561.000000	0.000000e+00
1.045295e+01	4.116393e+00	3.133556e-04	172567431.000000	0.000000e+00
1.045494e+01	4.115402e+00	3.132548e-04	172595365.000000	0.000000e+00
1.045694e+01	4.113728e+00	3.130024e-04	172733209.000000	0.000000e+00
1.045893e+01	4.112511e+00	3.129179e-04	172724265.000000	0.000000e+00
1.046093e+01	4.110982e+00	3.127065e-04	172829251.000000	0.000000e+00
1.046292e+01	4.110098e+00	3.126236e-04	172846617.000000	0.000000e+00
1.046492e+01	4.108139e+00	3.123573e-04	172976437.000000	0.000000e+00
1.046691e+01	4.107252e+00	3.122612e-04	173008203.000000	0.000000e+00
1.046891e+01	4.105810e+00	3.120924e-04	173073733.000000	0.000000e+00
1.047090e+01	4.104463e+00	3.119588e-04	173108413.000000	0.000000e+00
1.047290e+01	4.103659e+00	3.117621e-04	173258979.000000	0.000000e+00
1.047489e+01	4.102028e+00	3.116563e-04	173238937.000000	0.000000e+00
1.047689e+01	4.099813e+00	3.114092e-04	173326545.000000	0.000000e+00
1.047888e+01	4.098864e+00	3.112324e-04	173443225.000000	0.000000e+00
1.048087e+01	4.097301e+00	3.111134e-04	173443551.000000	0.000000e+00
1.048287e+01	4.096395e+00	3.109317e-04	173569585.000000	0.000000e+00
1.048486e+01	4.095265e+00	3.108423e-04	173573665.000000	0.000000e+00
1.048686e+01	4.093281e+00	3.106014e-04	173674623.000000	0.000000e+00
1.048885e+01	4.093063e+00	3.105226e-04	173744221.000000	0.000000e+00
1.049085e+01	4.091817e+00	3.103720e-04	173806953.000000	0.000000e+00
1.049284e+01	4.089238e+00	3.100932e-04	173900245.000000	0.000000e+00
1.049484e+01	4.088005e+00	3.099890e-04	173912283.000000	0.000000e+00
1.049683e+01	4.086076e+00	3.097584e-04	174006961.000000	0.000000e+00
1.049883e+01	4.085033e+00	3.096089e-04	174086245.000000	0.000000e+00
1.050082e+01	4.084107e+00	3.094957e-04	174134559.000000	0.000000e+00
1.050282e+01	4.082567e+00	3.093206e-04	174200317.000000	0.000000e+00
1.050481e+01	4.081154e+00	3.091831e-04	174234669.000000	0.000000e+00
1.050680e+01	4.080660e+00	3.090639e-04	174326857.000000	0.000000e+00
1.050880e+01	4.078420e+00	3.087998e-04	174433543.000000	0.000000e+00
1.051079e+01	4.077500e+00	3.087105e-04	174455613.000000	0.000000e+00
1.051279e+01	4.075734e+00	3.085099e-04	174531337.000000	0.000000e+00
1.051478e+01	4.074692e+00	3.083902e-04	174577647.000000	0.000000e+00
1.051678e+01	4.073317e+00	3.082172e-04	174655669.000000	0.000000e+00
1.051877e+01	4.072489e+00	3.080689e-04	174752793.000000	0.000000e+00
1.052077e+01	4.070508e+00	3.079084e-04	174764923.000000	0.000000e+00
1.052276e+01	4.069136e+00	3.076878e-04	174897661.000000	0.000000e+00
1.052476e+01	4.068357e+00	3.076017e-04	174928545.000000	0.000000e+00
1.052675e+01	4.066787e+00	3.074372e-04	174980665.000000	0.000000e+00
1.052875e+01	4.065676e+00	3.072702e-04	175075203.000000	0.000000e+00
1.053074e+01	4.063781e+00	3.070882e-04	175119421.000000	0.000000e+00
1.053274e+01	4.062784e+00	3.069379e-04	175205025.000000	0.000000e+00
1.053473e+01	4.061208e+00	3.067674e-04	175263691.000000	0.000000e+00
1.053672e+01	4.059773e+00	3.066351e-04	175291021.000000	0.000000e+00
1.053872e+01	4.058292e+00	3.064175e-04	175412073.000000	0.000000e+00
1.054071e+01	4.056718e+00	3.062499e-04	175467913.000000	0.000000e+00
1.054271e+01	4.055623e+00	3.060869e-04	175560075.000000	0.000000e+00
1.054470e+01	4.054427e+00	3.060245e-04	175528093.000000	0.000000e+00
1.054670e+01	4.053479e+00	3.058164e-04	175684885.000000	0.000000e+00
1.054869e+01	4.051951e+00	3.056315e-04	175764819.000000	0.000000e+00
1.055069e+01	4.050880e+00	3.055424e-04	175774489.000000	0.000000e+00
1.055268e+01	4.049223e+00	3.053595e-04	175841145.000000	0.000000e+00
1.055468e+01	4.048638e+00	3.052327e-04	175936471.000000	0.000000e+00
1.055667e+01	4.046858e+00	3.050509e-04	175991361.000000	0.000000e+00
1.055867e+01	4.045639e+00	3.049347e-04	176019397.000000	0.000000e+00
1.056066e+01	4.044142e+00	3.046990e-04	176161429.000000	0.000000e+00
1.056266e+01	4.042801e+00	3.045691e-04	176194743.000000	0.000000e+00
1.056465e+01	4.041609e+00	3.044236e-04	176259277.000000	0.000000e+00
1.056664e+01	4.040379e+00	3.042786e-04	176319921.000000	0.000000e+00
1.056864e+01	4.039095e+00	3.041378e-04	176371027.000000	0.000000e+00
1.057063e+01	4.038484e+00	3.040326e-04	176439717.000000	0.000000e+00
1.057263e+01	4.035873e+00	3.037467e-04	176543461.000000	0.000000e+00
1.057462e+01	4.035198e+00	3.036533e-04	176593069.000000	0.000000e+00
1.057662e+01	4.033424e+00	3.034474e-04	176677323.000000	0.000000e+00
1.057861e+01	4.032684e+00	3.034058e-04	176661025.000000	0.000000e+00
1.058061e+01	4.030979e+00	3.031141e-04	176851473.000000	0.000000e+00
1.058260e+01	4.030050e+00	3.030976e-04	176789311.000000	0.000000e+00
1.058460e+01	4.028312e+00	3.027930e-04	176992341.000000	0.000000e+00
1.058659e+01	4.027455e+00	3.027251e-04	176996365.000000	0.000000e+00
1.058859e+01	4.025088e+00	3.024974e-04	177054769.000000	0.000000e+00
1.059058e+01	4.024633e+00	3.024039e-04	177124215.000000	0.000000e+00
1.059257e+01	4.023461e+00	3.022663e-04	177182173.000000	0.000000e+00
1.059457e+01	4.021737e+00	3.020666e-04	177264585.000000	0.000000e+00
1.059656e+01	4.021011e+00	3.019732e-04	177310171.000000	0.000000e+00
1.059856e+01	4.019312e+00	3.017656e-04	177404269.000000	0.000000e+00
1.060055e+01	4.017939e+00	3.016067e-04	177469881.000000	0.000000e+00
1.060255e+01	4.016895e+00	3.014966e-04	177507187.000000	0.000000e+00
1.060454e+01	4.014986e+00	3.012634e-04	177613161.000000	0.000000e+00
1.060654e+01	4.013888e+00	3.011508e-04	177648781.000000	0.000000e+00
1.060853e+01	4.012493e+00	3.009944e-04	177709989.000000	0.000000e+00
1.061053e+01	4.012203e+00	3.009001e-04	177795631.000000	0.000000e+00
1.061252e+01	4.010334e+00	3.006966e-04	177870625.000000	0.000000e+00
1.061452e+01	4.008785e+00	3.005515e-04	177904869.000000	0.000000e+00
1.061651e+01	4.007729e+00	3.003707e-04	178025227.000000	0.000000e+00
1.061851e+01	4.006527e+00	3.002917e-04	178012053.000000	0.000000e+00
1.062050e+01	4.004398e+00	3.000652e-04	178091605.000000	0.000000e+00
1.062249e+01	4.003627e+00	2.998813e-04	178241313.000000	0.000000e+00
1.062449e+01	4.002864e+00	2.997948e-04	178276267.000000	0.000000e+00
1.062648e+01	4.001202e+00	2.996445e-04	178306993.000000	0.000000e+00
1.062848e+01	4.000233e+00	2.994952e-04	178398321.000000	0.000000e+00
1.063047e+01	3.998231e+00	2.992918e-04	178462207.000000	0.000000e+00
1.063247e+01	3.997116e+00	2.991823e-04	178493265.000000	0.000000e+00
1.063446e+01	3.995966e+00	2.989636e-04	178651561.000000	0.000000e+00
1.063646e+01	3.995031e+00	2.989282e-04	178610343.000000	0.000000e+00
1.063845e+01	3.993908e+00	2.987131e-04	178767073.000000	0.000000e+00
1.064045e+01	3.992936e+00	2.986096e-04	178803973.000000	0.000000e+00
1.064244e+01	3.991455e+00	2.984700e-04	178838457.000000	0.000000e+00
1.064444e+01	3.989296e+00	2.982227e-04	178941583.000000	0.000000e+00
1.064643e+01	3.988275e+00	2.981066e-04	178989261.000000	0.000000e+00
1.064842e+01	3.987986e+00	2.980195e-04	179067973.000000	0.000000e+00
1.065042e+01	3.986017e+00	2.978059e-04	179147815.000000	0.000000e+00
1.065241e+01	3.985486e+00	2.977290e-04	179192745.000000	0.000000e+00
1.065441e+01	3.983281e+00	2.974978e-04	179272777.000000	0.000000e+00
1.065640e+01	3.982478e+00	2.973892e-04	179331357.000000	0.000000e+00
1.065840e+01	3.981189e+00	2.972547e-04	179377615.000000	0.000000e+00
1.066039e+01	3.979626e+00	2.970496e-04	179484357.000000	0.000000e+00
1.066239e+01	3.978629e+00	2.969586e-04	179504377.000000	0.000000e+00
1.066438e+01	3.977494e+00	2.967668e-04	179633971.000000	0.000000e+00
1.066638e+01	3.976239e+00	2.966402e-04	179673945.000000	0.000000e+00
1.066837e+01	3.975268e+00	2.965317e-04	179717617.000000	0.000000e+00
1.067037e+01	3.974219e+00	2.964097e-04	179770599.000000	0.000000e+00
1.067236e+01	3.972179e+00	2.961411e-04	179911981.000000	0.000000e+00
1.067436e+01	3.971215e+00	2.960631e-04	179919525.000000	0.000000e+00
1.067635e+01	3.969860e+00	2.958829e-04	180015733.000000	0.000000e+00
1.067834e+01	3.968684e+00	2.957576e-04	180061591.000000	0.000000e+00
1.068034e+01	3.967758e+00	2.956314e-04	180131277.000000	0.000000e+00
1.068233e+01	3.966658e+00	2.954739e-04	180223453.000000	0.000000e+00
1.068433e+01	3.964698e+00	2.952752e-04	180287823.000000	0.000000e+00
1.068632e+01	3.963916e+00	2.951732e-04	180341317.000000	0.000000e+00
1.068832e+01	3.963146e+00	2.950915e-04	180371073.000000	0.000000e+00
1.069031e+01	3.961246e+00	2.948244e-04	180524725.000000	0.000000e+00
1.069231e+01	3.960112e+00	2.947270e-04	180540643.000000	0.000000e+00
1.069430e+01	3.958764e+00	2.945978e-04	180576117.000000	0.000000e+00
1.069630e+01	3.957844e+00	2.944367e-04	180689785.000000	0.000000e+00
1.069829e+01	3.956312e+00	2.942939e-04	180725175.000000	0.000000e+00
1.070029e+01	3.955101e+00	2.941117e-04	180838333.000000	0.000000e+00
1.070228e+01	3.953662e+00	2.939610e-04	180892105.000000	0.000000e+00
1.070428e+01	3.952594e+00	2.938397e-04	180943677.000000	0.000000e+00
1.070627e+01	3.951423e+00	2.937054e-04	181001875.000000	0.000000e+00
1.070826e+01	3.950354e+00	2.935684e-04	181072905.000000	0.000000e+00
1.071026e+01	3.949181e+00	2.934139e-04	181156009.000000	0.000000e+00
1.071225e+01	3.948040e+00	2.932813e-04	181215159.000000	0.000000e+00
1.071425e+01	3.946898e+00	2.931366e-04	181289137.000000	0.000000e+00
1.071624e+01	3.945579e+00	2.929754e-04	181367389.000000	0.000000e+00
1.071824e+01	3.943812e+00	2.928021e-04	181419603.000000	0.000000e+00
1.072023e+01	3.943317e+00	2.927096e-04	181488541.000000	0.000000e+00
1.072223e+01	3.941511e+00	2.925201e-04	181557465.000000	0.000000e+00
1.072422e+01	3.940485e+00	2.923918e-04	181622257.000000	0.000000e+00
1.072622e+01	3.938944e+00	2.922212e-04	181692183.000000	0.000000e+00
1.072821e+01	3.937916e+00	2.921428e-04	181694749.000000	0.000000e+00
1.073021e+01	3.936904e+00	2.919367e-04	181858021.000000	0.000000e+00
1.073220e+01	3.935939e+00	2.918567e-04	181868439.000000	0.000000e+00
1.073419e+01	3.934446e+00	2.916200e-04	182025601.000000	0.000000e+00
1.073619e+01	3.933737e+00	2.915765e-04	182014353.000000	0.000000e+00
1.073818e+01	3.932090e+00	2.914215e-04	182055469.000000	0.000000e+00
1.074018e+01	3.930658e+00	2.912347e-04	182156383.000000	0.000000e+00
1.074217e+01	3.929975e+00	2.910917e-04	182272041.000000	0.000000e+00
1.074417e+01	3.928012e+00	2.909357e-04	182285197.000000	0.000000e+00
1.074616e+01	3.927310e+00	2.908209e-04	182364051.000000	0.000000e+00
1.074816e+01	3.925790e+00	2.906386e-04	182451589.000000	0.000000e+00
1.075015e+01	3.925281e+00	2.905678e-04	182493165.000000	0.000000e+00
1.075215e+01	3.923189e+00	2.903537e-04	182567671.000000	0.000000e+00
1.075414e+01	3.922256e+00	2.902170e-04	182652757.000000	0.000000e+00
1.075614e+01	3.921508e+00	2.901492e-04	182668401.000000	0.000000e+00
1.075813e+01	3.919645e+00	2.898828e-04	182830561.000000	0.000000e+00
1.076013e+01	3.918999e+00	2.898517e-04	182809407.000000	0.000000e+00
1.076212e+01	3.918256e+00	2.897199e-04	182906377.000000	0.000000e+00
1.076411e+01	3.916971e+00	2.895846e-04	182957277.000000	0.000000e+00
1.076611e+01	3.915116e+00	2.893694e-04	183056071.000000	0.000000e+00
1.076810e+01	3.914460e+00	2.892716e-04	183118441.000000	0.000000e+00
1.077010e+01	3.912279e+00	2.890804e-04	183156549.000000	0.000000e+00
1.077209e+01	3.911422e+00	2.889411e-04	183252877.000000	0.000000e+00
1.077409e+01	3.910073e+00	2.887975e-04	183308643.000000	0.000000e+00
1.077608e+01	3.909167e+00	2.886704e-04	183385009.000000	0.000000e+00
1.077808e+01	3.907974e+00	2.885146e-04	183471177.000000	0.000000e+00
1.078007e+01	3.906487e+00	2.883581e-04	183530515.000000	0.000000e+00
1.078207e+01	3.905764e+00	2.882836e-04	183557557.000000	0.000000e+00
1.078406e+01	3.904439e+00	2.881063e-04	183658785.000000	0.000000e+00
1.078606e+01	3.903642e+00	2.879941e-04	183726925.000000	0.000000e+00
1.078805e+01	3.902029e+00	2.878074e-04	183813339.000000	0.000000e+00
1.079005e+01	3.900332e+00	2.876395e-04	183867973.000000	0.000000e+00
1.079204e+01	3.899995e+00	2.876146e-04	183867985.000000	0.000000e+00
1.079403e+01	3.898490e+00	2.873759e-04	184031487.000000	0.000000e+00
1.079603e+01	3.897813e+00	2.873086e-04	184053853.000000	0.000000e+00
1.079802e+01	3.896977e+00	2.871616e-04	184163145.000000	0.000000e+00
1.080002e+01	3.894982e+00	2.870268e-04	184147639.000000	0.000000e+00
1.080201e+01	3.894025e+00	2.868251e-04	184316013.000000	0.000000e+00
1.080401e+01	3.892315e+00	2.866969e-04	184319029.000000	0.000000e+00
1.080600e+01	3.891265e+00	2.865492e-04	184409485.000000	0.000000e+00
1.080800e+01	3.890209e+00	2.864359e-04	184455171.000000	0.000000e+00
1.080999e+01	3.889437e+00	2.863086e-04	184545973.000000	0.000000e+00
1.081199e+01	3.888341e+00	2.861800e-04	184607865.000000	0.000000e+00
1.081398e+01	3.886919e+00	2.860355e-04	184659247.000000	0.000000e+00
1.081598e+01	3.885982e+00	2.858906e-04	184757373.000000	0.000000e+00
1.081797e+01	3.884483e+00	2.857443e-04	184803937.000000	0.000000e+00
1.081996e+01	3.883382e+00	2.856395e-04	184834705.000000	0.000000e+00
1.082196e+01	3.882180e+00	2.854304e-04	184991115.000000	0.000000e+00
1.082395e+01	3.881018e+00	2.853133e-04	185032177.000000	0.000000e+00
1.082595e+01	3.880518e+00	2.852467e-04	185070897.000000	0.000000e+00
1.082794e+01	3.879013e+00	2.850833e-04	185139367.000000	0.000000e+00
1.082994e+01	3.878070e+00	2.849149e-04	185268225.000000	0.000000e+00
1.083193e+01	3.876625e+00	2.848337e-04	185235769.000000	0.000000e+00
1.083393e+01	3.875777e+00	2.846657e-04	185373403.000000	0.000000e+00
1.083592e+01	3.873936e+00	2.844887e-04	185427789.000000	0.000000e+00
1.083792e+01	3.873623e+00	2.844206e-04	185486641.000000	0.000000e+00
1.083991e+01	3.872322e+00	2.842860e-04	185537601.000000	0.000000e+00
1.084191e+01	3.871073e+00	2.841005e-04	185660143.000000	0.000000e+00
1.084390e+01	3.869318e+00	2.839439e-04	185696485.000000	0.000000e+00
1.084590e+01	3.868802e+00	2.838452e-04	185776137.000000	0.000000e+00
1.084789e+01	3.867586e+00	2.836980e-04	185852119.000000	0.000000e+00
1.084988e+01	3.866261e+00	2.835592e-04	185906589.000000	0.000000e+00
1.085188e+01	3.865284e+00	2.834353e-04	185975125.000000	0.000000e+00
1.085387e+01	3.864446e+00	2.833520e-04	186003813.000000	0.000000e+00
1.085587e+01	3.862952e+00	2.831345e-04	186145795.000000	0.000000e+00
1.085786e+01	3.861977e+00	2.830443e-04	186170293.000000	0.000000e+00
1.085986e+01	3.860165e+00	2.828468e-04	186255585.000000	0.000000e+00
1.086185e+01	3.859944e+00	2.827914e-04	186307255.000000	0.000000e+00
1.086385e+01	3.858252e+00	2.826156e-04	186375537.000000	0.000000e+00
1.086584e+01	3.856925e+00	2.824441e-04	186473629.000000	0.000000e+00
1.086784e+01	3.856085e+00	2.823721e-04	186487491.000000	0.000000e+00
1.086983e+01	3.854951e+00	2.822206e-04	186577885.000000	0.000000e+00
1.087183e+01	3.853860e+00	2.820971e-04	186635641.000000	0.000000e+00
1.087382e+01	3.852858e+00	2.819330e-04	186755865.000000	0.000000e+00
1.087581e+01	3.851457e+00	2.817955e-04	186802183.000000	0.000000e+00
1.087781e+01	3.849994e+00	2.816639e-04	186834765.000000	0.000000e+00
1.087980e+01	3.849881e+00	2.815684e-04	186950641.000000	0.000000e+00
1.088180e+01	3.848822e+00	2.814440e-04	187013011.000000	0.000000e+00
1.088379e+01	3.847445e+00	2.813234e-04	187039365.000000	0.000000e+00
1.088579e+01	3.846225e+00	2.811760e-04	187116877.000000	0.000000e+00
1.088778e+01	3.844836e+00	2.809805e-04	187242069.000000	0.000000e+00
1.088978e+01	3.843992e+00	2.808783e-04	187296019.000000	0.000000e+00
1.089177e+01	3.842912e+00	2.808119e-04	187279329.000000	0.000000e+00
1.089377e+01	3.841735e+00	2.805993e-04	187448341.000000	0.000000e+00
1.089576e+01	3.839994e+00	2.804440e-04	187486003.000000	0.000000e+00
1.089776e+01	3.839540e+00	2.803839e-04	187521993.000000	0.000000e+00
1.089975e+01	3.838478e+00	2.802314e-04	187622317.000000	0.000000e+00
1.090175e+01	3.837090e+00	2.800735e-04	187698153.000000	0.000000e+00
1.090374e+01	3.836307e+00	2.799454e-04	187793239.000000	0.000000e+00
1.090573e+01	3.834940e+00	2.798391e-04	187801977.000000	0.000000e+00
1.090773e+01	3.833684e+00	2.797180e-04	187841665.000000	0.000000e+00
1.090972e+01	3.832669e+00	2.795108e-04	188020591.000000	0.000000e+00
1.091172e+01	3.831501e+00	2.794496e-04	187988253.000000	0.000000e+00
1.091371e+01	3.830210e+00	2.792378e-04	188146741.000000	0.000000e+00
1.091571e+01	3.829937e+00	2.792410e-04	188115663.000000	0.000000e+00
1.091770e+01	3.828591e+00	2.790421e-04	188251453.000000	0.000000e+00
1.091970e+01	3.827513e+00	2.789464e-04	188274609.000000	0.000000e+00
1.092169e+01	3.826088e+00	2.787683e-04	188374921.000000	0.000000e+00
1.092369e+01	3.824941e+00	2.786106e-04	188475199.000000	0.000000e+00
1.092568e+01	3.823274e+00	2.784808e-04	188486577.000000	0.000000e+00
1.092768e+01	3.822953e+00	2.783468e-04	188636377.000000	0.000000e+00
1.092967e+01	3.822215e+00	2.783106e-04	188612667.000000	0.000000e+00
1.093166e+01	3.820465e+00	2.781318e-04	188682325.000000	0.000000e+00
1.093366e+01	3.819593e+00	2.779895e-04	188789233.000000	0.000000e+00
1.093565e+01	3.818648e+00	2.778815e-04	188842641.000000	0.000000e+00
1.093765e+01	3.817037e+00	2.776822e-04	188954227.000000	0.000000e+00
1.093964e+01	3.816231e+00	2.775967e-04	188990733.000000	0.000000e+00
1.094164e+01	3.815422e+00	2.774723e-04	189080197.000000	0.000000e+00
1.094363e+01	3.814235e+00	2.773602e-04	189115335.000000	0.000000e+00
1.094563e+01	3.813258e+00	2.772078e-04	189226321.000000	0.000000e+00
1.094762e+01	3.812340e+00	2.771216e-04	189252889.000000	0.000000e+00
1.094962e+01	3.810922e+00	2.769718e-04	189316743.000000	0.000000e+00
1.095161e+01	3.809624e+00	2.768109e-04	189407725.000000	0.000000e+00
1.095361e+01	3.808584e+00	2.766624e-04	189507585.000000	0.000000e+00
1.095560e+01	3.807701e+00	2.765987e-04	189507073.000000	0.000000e+00
1.095760e+01	3.806063e+00	2.763883e-04	189632463.000000	0.000000e+00
1.095959e+01	3.806053e+00	2.763642e-04	189664609.000000	0.000000e+00
1.096158e+01	3.804368e+00	2.761778e-04	189752401.000000	0.000000e+00
1.096358e+01	3.803743e+00	2.760677e-04	189841503.000000	0.000000e+00
1.096557e+01	3.802277e+00	2.759325e-04	189881077.000000	0.000000e+00
1.096757e+01	3.801559e+00	2.758271e-04	189954465.000000	0.000000e+00
1.096956e+01	3.800143e+00	2.756875e-04	190005349.000000	0.000000e+00
1.097156e+01	3.799251e+00	2.755360e-04	190125003.000000	0.000000e+00
1.097355e+01	3.797978e+00	2.754331e-04	190139605.000000	0.000000e+00
1.097555e+01	3.797167e+00	2.752986e-04	190244161.000000	0.000000e+00
1.097754e+01	3.795490e+00	2.751312e-04	190307559.000000	0.000000e+00
1.097954e+01	3.794932e+00	2.750309e-04	190390441.000000	0.000000e+00
1.098153e+01	3.793381e+00	2.749047e-04	190409505.000000	0.000000e+00
1.098353e+01	3.792716e+00	2.747773e-04	190519273.000000	0.000000e+00
1.098552e+01	3.791683e+00	2.746545e-04	190585747.000000	0.000000e+00
1.098751e+01	3.790832e+00	2.745444e-04	190653129.000000	0.000000e+00
1.098951e+01	3.789497e+00	2.743827e-04	190743445.000000	0.000000e+00
1.099150e+01	3.788496e+00	2.742767e-04	190790055.000000	0.000000e+00
1.099350e+01	3.787432e+00	2.741803e-04	190817089.000000	0.000000e+00
1.099549e+01	3.786470e+00	2.740138e-04	190952073.000000	0.000000e+00
1.099749e+01	3.785724e+00	2.739086e-04	191023327.000000	0.000000e+00
1.099948e+01	3.784078e+00	2.737859e-04	191028397.000000	0.000000e+00
1.100148e+01	3.782894e+00	2.736253e-04	191133177.000000	0.000000e+00
1.100347e+01	3.782103e+00	2.735161e-04	191205781.000000	0.000000e+00
1.100547e+01	3.781410e+00	2.733874e-04	191315643.000000	0.000000e+00
1.100746e+01	3.780600e+00	2.733462e-04	191291389.000000	0.000000e+00
1.100946e+01	3.779359e+00	2.731614e-04	191424549.000000	0.000000e+00
1.101145e+01	3.778085e+00	2.730140e-04	191502139.000000	0.000000e+00
1.101345e+01	3.777115e+00	2.729254e-04	191528185.000000	0.000000e+00
1.101544e+01	3.775525e+00	2.727277e-04	191644521.000000	0.000000e+00
1.101743e+01	3.774938e+00	2.726726e-04	191662261.000000	0.000000e+00
1.101943e+01	3.773514e+00	2.724911e-04	191772855.000000	0.000000e+00
1.102142e+01	3.772630e+00	2.723807e-04	191838577.000000	0.000000e+00
1.102342e+01	3.771958e+00	2.723172e-04	191859717.000000	0.000000e+00
1.102541e+01	3.770993e+00	2.721506e-04	191996275.000000	0.000000e+00
1.102741e+01	3.769940e+00	2.720414e-04	192043153.000000	0.000000e+00
1.102940e+01	3.768703e+00	2.718972e-04	192120825.000000	0.000000e+00
1.103140e+01	3.767441e+00	2.718064e-04	192120331.000000	0.000000e+00
1.103339e+01	3.767011e+00	2.716528e-04	192293877.000000	0.000000e+00
1.103539e+01	3.765962e+00	2.715852e-04	192282433.000000	0.000000e+00
1.103738e+01	3.764506e+00	2.714088e-04	192383641.000000	0.000000e+00
1.103938e+01	3.764138e+00	2.713203e-04	192471603.000000	0.000000e+00
1.104137e+01	3.762340e+00	2.711876e-04	192475933.000000	0.000000e+00
1.104336e+01	3.760898e+00	2.709689e-04	192639009.000000	0.000000e+00
1.104536e+01	3.760491e+00	2.709143e-04	192674911.000000	0.000000e+00
1.104735e+01	3.759644e+00	2.708223e-04	192719073.000000	0.000000e+00
1.104935e+01	3.758068e+00	2.706288e-04	192832945.000000	0.000000e+00
1.105134e+01	3.757307e+00	2.705589e-04	192854497.000000	0.000000e+00
1.105334e+01	3.756286e+00	2.704415e-04	192917067.000000	0.000000e+00
1.105533e+01	3.755281e+00	2.702874e-04	193033801.000000	0.000000e+00
1.105733e+01	3.754537e+00	2.702118e-04	193065213.000000	0.000000e+00
1.105932e+01	3.753507e+00	2.700566e-04	193181287.000000	0.000000e+00
1.106132e+01	3.752307e+00	2.699652e-04	193188453.000000	0.000000e+00
1.106331e+01	3.751549e+00	2.698263e-04	193309357.000000	0.000000e+00
1.106531e+01	3.750266e+00	2.696951e-04	193365079.000000	0.000000e+00
1.106730e+01	3.749356e+00	2.696026e-04	193403937.000000	0.000000e+00
1.106930e+01	3.748463e+00	2.695002e-04	193458721.000000	0.000000e+00
1.107129e+01	3.747160e+00	2.692783e-04	193643061.000000	0.000000e+00
1.107329e+01	3.746089e+00	2.692070e-04	193634935.000000	0.000000e+00
1.107528e+01	3.745109e+00	2.690905e-04	193701085.000000	0.000000e+00
1.107727e+01	3.744739e+00	2.690449e-04	193728477.000000	0.000000e+00
1.107927e+01	3.743341e+00	2.688274e-04	193897231.000000	0.000000e+00
1.108126e+01	3.742107e+00	2.687302e-04	193909581.000000	0.000000e+00
1.108326e+01	3.741127e+00	2.686155e-04	193973725.000000	0.000000e+00
1.108525e+01	3.740504e+00	2.685363e-04	194023389.000000	0.000000e+00
1.108725e+01	3.739344e+00	2.683664e-04	194148727.000000	0.000000e+00
1.108924e+01	3.738299e+00	2.682362e-04	194228605.000000	0.000000e+00
1.109124e+01	3.737244e+00	2.681341e-04	194266881.000000	0.000000e+00
1.109323e+01	3.736466e+00	2.680561e-04	194298991.000000	0.000000e+00
1.109523e+01	3.735155e+00	2.678768e-04	194422677.000000	0.000000e+00
1.109722e+01	3.734495e+00	2.677747e-04	194502241.000000	0.000000e+00
1.109922e+01	3.733274e+00	2.676836e-04	194507421.000000	0.000000e+00
1.110121e+01	3.732098e+00	2.675112e-04	194635567.000000	0.000000e+00
1.110320e+01	3.732062e+00	2.674688e-04	194693425.000000	0.000000e+00
1.110520e+01	3.730320e+00	2.673199e-04	194728641.000000	0.000000e+00
1.110719e+01	3.729937e+00	2.672142e-04	194842603.000000	0.000000e+00
1.110919e+01	3.728369e+00	2.670763e-04	194879901.000000	0.000000e+00
1.111118e+01	3.727126e+00	2.669094e-04	194993677.000000	0.000000e+00
1.111318e+01	3.726687e+00	2.668590e-04	195021339.000000	0.000000e+00
1.111517e+01	3.724906e+00	2.666444e-04	195148705.000000	0.000000e+00
1.111717e+01	3.724442e+00	2.666372e-04	195110593.000000	0.000000e+00
1.111916e+01	3.723641e+00	2.664684e-04	195273921.000000	0.000000e+00
1.112116e+01	3.722439e+00	2.663635e-04	195301651.000000	0.000000e+00
1.112315e+01	3.721785e+00	2.662641e-04	195378705.000000	0.000000e+00
1.112515e+01	3.720657e+00	2.661183e-04	195474349.000000	0.000000e+00
1.112714e+01	3.719749e+00	2.660323e-04	195505363.000000	0.000000e+00
1.112913e+01	3.718421e+00	2.658642e-04	195612897.000000	0.000000e+00
1.113113e+01	3.717646e+00	2.657731e-04	195665293.000000	0.000000e+00
1.113312e+01	3.716930e+00	2.656542e-04	195765177.000000	0.000000e+00
1.113512e+01	3.715931e+00	2.655534e-04	195808423.000000	0.000000e+00
1.113711e+01	3.715077e+00	2.654667e-04	195846393.000000	0.000000e+00
1.113911e+01	3.713861e+00	2.653138e-04	195943837.000000	0.000000e+00
1.114110e+01	3.712665e+00	2.651410e-04	196072999.000000	0.000000e+00
1.114310e+01	3.712024e+00	2.651207e-04	196035393.000000	0.000000e+00
1.114509e+01	3.710612e+00	2.649151e-04	196190305.000000	0.000000e+00
1.114709e+01	3.710303e+00	2.648808e-04	196208499.000000	0.000000e+00
1.114908e+01	3.708908e+00	2.647328e-04	196280269.000000	0.000000e+00
1.115108e+01	3.708397e+00	2.646396e-04	196364337.000000	0.000000e+00
1.115307e+01	3.706865e+00	2.644586e-04	196470949.000000	0.000000e+00
1.115507e+01	3.705478e+00	2.643543e-04	196478839.000000	0.000000e+00
1.115706e+01	3.705055e+00	2.642827e-04	196540401.000000	0.000000e+00
1.115905e+01	3.704456e+00	2.641123e-04	196730509.000000	0.000000e+00
1.116105e+01	3.703488e+00	2.640623e-04	196702095.000000	0.000000e+00
1.116304e+01	3.702128e+00	2.638967e-04	196804465.000000	0.000000e+00
1.116504e+01	3.701715e+00	2.638453e-04	196837257.000000	0.000000e+00
1.116703e+01	3.700527e+00	2.636831e-04	196953001.000000	0.000000e+00
1.116903e+01	3.699139e+00	2.635626e-04	196985347.000000	0.000000e+00
1.117102e+01	3.698667e+00	2.634706e-04	197072565.000000	0.000000e+00
1.117302e+01	3.697579e+00	2.633674e-04	197110921.000000	0.000000e+00
1.117501e+01	3.696665e+00	2.632140e-04	197243283.000000	0.000000e+00
1.117701e+01	3.695543e+00	2.631023e-04	197291017.000000	0.000000e+00
1.117900e+01	3.694788e+00	2.630124e-04	197345185.000000	0.000000e+00
1.118100e+01	3.694061e+00	2.629338e-04	197385477.000000	0.000000e+00
1.118299e+01	3.692758e+00	2.627552e-04	197514619.000000	0.000000e+00
1.118499e+01	3.692031e+00	2.626630e-04	197575449.000000	0.000000e+00
1.118698e+01	3.690990e+00	2.625726e-04	197600005.000000	0.000000e+00
1.118897e+01	3.689947e+00	2.624113e-04	197731179.000000	0.000000e+00
1.119097e+01	3.689006e+00	2.623065e-04	197788369.000000	0.000000e+00
1.119296e+01	3.688302e+00	2.622254e-04	197835217.000000	0.000000e+00
1.119496e+01	3.687166e+00	2.620861e-04	197923515.000000	0.000000e+00
1.119695e+01	3.686202e+00	2.619494e-04	198026533.000000	0.000000e+00
1.119895e+01	3.685611e+00	2.619096e-04	198023145.000000	0.000000e+00
1.120094e+01	3.684257e+00	2.617421e-04	198131089.000000	0.000000e+00
1.120294e+01	3.683830e+00	2.616769e-04	198183975.000000	0.000000e+00
1.120493e+01	3.682581e+00	2.615265e-04	198277453.000000	0.000000e+00
1.120693e+01	3.681735e+00	2.614190e-04	198349321.000000	0.000000e+00
1.120892e+01	3.680970e+00	2.613378e-04	198390159.000000	0.000000e+00
1.121092e+01	3.679680e+00	2.611731e-04	198501169.000000	0.000000e+00
1.121291e+01	3.678892e+00	2.610938e-04	198536841.000000	0.000000e+00
1.121490e+01	3.678207e+00	2.609897e-04	198621277.000000	0.000000e+00
1.121690e+01	3.677078e+00	2.608665e-04	198686883.000000	0.000000e+00
1.121889e+01	3.675926e+00	2.607326e-04	198766273.000000	0.000000e+00
1.122089e+01	3.674645e+00	2.605871e-04	198849673.000000	0.000000e+00
1.122288e+01	3.674356e+00	2.605400e-04	198890379.000000	0.000000e+00
1.122488e+01	3.673253e+00	2.604015e-04	198982429.000000	0.000000e+00
1.122687e+01	3.672314e+00	2.602945e-04	199044345.000000	0.000000e+00
1.122887e+01	3.671788e+00	2.601922e-04	199143823.000000	0.000000e+00
1.123086e+01	3.670324e+00	2.600858e-04	199147837.000000	0.000000e+00
1.123286e+01	3.669657e+00	2.599480e-04	199286577.000000	0.000000e+00
1.123485e+01	3.668916e+00	2.598779e-04	199313509.000000	0.000000e+00
1.123685e+01	3.668290e+00	2.597514e-04	199439715.000000	0.000000e+00
1.123884e+01	3.667096e+00	2.596787e-04	199421497.000000	0.000000e+00
1.124084e+01	3.666502e+00	2.595102e-04	199615893.000000	0.000000e+00
1.124283e+01	3.665130e+00	2.594619e-04	199540795.000000	0.000000e+00
1.124482e+01	3.664345e+00	2.593139e-04	199682965.000000	0.000000e+00
1.124682e+01	3.663165e+00	2.591711e-04	199774377.000000	0.000000e+00
1.124881e+01	3.662510e+00	2.590696e-04	199859497.000000	0.000000e+00
1.125081e+01	3.661519e+00	2.589691e-04	199906431.000000	0.000000e+00
1.125280e+01	3.660678e+00	2.589084e-04	199908241.000000	0.000000e+00
1.125480e+01	3.659244e+00	2.586962e-04	200079441.000000	0.000000e+00
1.125679e+01	3.659024e+00	2.586782e-04	200083267.000000	0.000000e+00
1.125879e+01	3.657695e+00	2.584867e-04	200234341.000000	0.000000e+00
1.126078e+01	3.656830e+00	2.584528e-04	200192169.000000	0.000000e+00
1.126278e+01	3.656559e+00	2.583776e-04	200279029.000000	0.000000e+00
1.126477e+01	3.654899e+00	2.581420e-04	200462595.000000	0.000000e+00
1.126677e+01	3.654341e+00	2.580937e-04	200476429.000000	0.000000e+00
1.126876e+01	3.653571e+00	2.580147e-04	200514685.000000	0.000000e+00
1.127076e+01	3.652755e+00	2.578906e-04	200618199.000000	0.000000e+00
1.127275e+01	3.651031e+00	2.577563e-04	200637697.000000	0.000000e+00
1.127474e+01	3.651222e+00	2.576888e-04	200763813.000000	0.000000e+00
1.127674e+01	3.650328e+00	2.576101e-04	200788039.000000	0.000000e+00
1.127873e+01	3.649169e+00	2.574399e-04	200925945.000000	0.000000e+00
1.128073e+01	3.648489e+00	2.573567e-04	200981113.000000	0.000000e+00
1.128272e+01	3.647529e+00	2.572832e-04	200990125.000000	0.000000e+00
1.128472e+01	3.646516e+00	2.571450e-04	201094443.000000	0.000000e+00
1.128671e+01	3.645746e+00	2.570214e-04	201202945.000000	0.000000e+00
1.128871e+01	3.644517e+00	2.569157e-04	201232749.000000	0.000000e+00
1.129070e+01	3.644101e+00	2.568053e-04	201359815.000000	0.000000e+00
1.129270e+01	3.643416e+00	2.567608e-04	201353853.000000	0.000000e+00
1.129469e+01	3.641828e+00	2.565769e-04	201466813.000000	0.000000e+00
1.129669e+01	3.641402e+00	2.565214e-04	201506905.000000	0.000000e+00
1.129868e+01	3.640787e+00	2.563926e-04	201641319.000000	0.000000e+00
1.130067e+01	3.639527e+00	2.562965e-04	201652945.000000	0.000000e+00
1.130267e+01	3.638317e+00	2.561419e-04	201762177.000000	0.000000e+00
1.130466e+01	3.637387e+00	2.560456e-04	201810787.000000	0.000000e+00
1.130666e+01	3.636842e+00	2.559868e-04	201843057.000000	0.000000e+00
1.130865e+01	3.636278e+00	2.558376e-04	202015789.000000	0.000000e+00
1.131065e+01	3.635203e+00	2.557728e-04	201998683.000000	0.000000e+00
1.131264e+01	3.634729e+00	2.556917e-04	202074213.000000	0.000000e+00
1.131464e+01	3.633405e+00	2.555103e-04	202213909.000000	0.000000e+00
1.131663e+01	3.632618e+00	2.554384e-04	202240029.000000	0.000000e+00
1.131863e+01	3.631666e+00	2.553221e-04	202318087.000000	0.000000e+00
1.132062e+01	3.631163e+00	2.552674e-04	202348837.000000	0.000000e+00
1.132262e+01	3.629764e+00	2.550834e-04	202484745.000000	0.000000e+00
1.132461e+01	3.629236e+00	2.550346e-04	202503319.000000	0.000000e+00
1.132661e+01	3.628485e+00	2.549185e-04	202603965.000000	0.000000e+00
1.132860e+01	3.627512e+00	2.548039e-04	202677553.000000	0.000000e+00
1.133059e+01	3.626108e+00	2.546967e-04	202691181.000000	0.000000e+00
1.133259e+01	3.625760e+00	2.545502e-04	202885639.000000	0.000000e+00
1.133458e+01	3.624565e+00	2.544624e-04	202891789.000000	0.000000e+00
1.133658e+01	3.623938e+00	2.543716e-04	202966365.000000	0.000000e+00
1.133857e+01	3.623085e+00	2.542912e-04	202999267.000000	0.000000e+00
1.134057e+01	3.622406e+00	2.541874e-04	203088861.000000	0.000000e+00
1.134256e+01	3.621420e+00	2.540563e-04	203188009.000000	0.000000e+00
1.134456e+01	3.620679e+00	2.539591e-04	203260227.000000	0.000000e+00
1.134655e+01	3.619887e+00	2.538977e-04	203269573.000000	0.000000e+00
1.134855e+01	3.619272e+00	2.537719e-04	203402173.000000	0.000000e+00
1.135054e+01	3.617806e+00	2.536339e-04	203458533.000000	0.000000e+00
1.135254e+01	3.617522e+00	2.535634e-04	203539747.000000	0.000000e+00
1.135453e+01	3.616793e+00	2.534627e-04	203619417.000000	0.000000e+00
1.135653e+01	3.615914e+00	2.533927e-04	203632837.000000	0.000000e+00
1.135852e+01	3.614853e+00	2.532452e-04	203750499.000000	0.000000e+00
1.136051e+01	3.614254e+00	2.531664e-04	203809861.000000	0.000000e+00
1.136251e+01	3.612896e+00	2.530237e-04	203886409.000000	0.000000e+00
1.136450e+01	3.612411e+00	2.529753e-04	203909805.000000	0.000000e+00
1.136650e+01	3.611225e+00	2.527741e-04	204100351.000000	0.000000e+00
1.136849e+01	3.610607e+00	2.527572e-04	204057897.000000	0.000000e+00
1.137049e+01	3.609834e+00	2.526224e-04	204188245.000000	0.000000e+00
1.137248e+01	3.609092e+00	2.525744e-04	204181879.000000	0.000000e+00
1.137448e+01	3.607710e+00	2.523632e-04	204367173.000000	0.000000e+00
1.137647e+01	3.607370e+00	2.523218e-04	204395629.000000	0.000000e+00
1.137847e+01	3.606356e+00	2.522203e-04	204445353.000000	0.000000e+00
1.138046e+01	3.605933e+00	2.521337e-04	204537751.000000	0.000000e+00
1.138246e+01	3.604989e+00	2.520410e-04	204581121.000000	0.000000e+00
1.138445e+01	3.604121e+00	2.518870e-04	204732613.000000	0.000000e+00
1.138644e+01	3.603061e+00	2.518207e-04	204720175.000000	0.000000e+00
1.138844e+01	3.602157e+00	2.516865e-04	204835653.000000	0.000000e+00
1.139043e+01	3.601998e+00	2.516871e-04	204816589.000000	0.000000e+00
1.139243e+01	3.601080e+00	2.515080e-04	205003851.000000	0.000000e+00
1.139442e+01	3.599640e+00	2.513993e-04	205017097.000000	0.000000e+00
1.139642e+01	3.599108e+00	2.512898e-04	205135233.000000	0.000000e+00
1.139841e+01	3.598162e+00	2.512203e-04	205140817.000000	0.000000e+00
1.140041e+01	3.597731e+00	2.511001e-04	205287955.000000	0.000000e+00
1.140240e+01	3.596269e+00	2.509962e-04	205291101.000000	0.000000e+00
1.140440e+01	3.595950e+00	2.509230e-04	205374433.000000	0.000000e+00
1.140639e+01	3.595136e+00	2.508141e-04	205459767.000000	0.000000e+00
1.140839e+01	3.594637e+00	2.507387e-04	205526149.000000	0.000000e+00
1.141038e+01	3.593690e+00	2.506073e-04	205633545.000000	0.000000e+00
1.141237e+01	3.592777e+00	2.505133e-04	205683181.000000	0.000000e+00
1.141437e+01	3.592377e+00	2.504424e-04	205753999.000000	0.000000e+00
1.141636e+01	3.591596e+00	2.503342e-04	205842249.000000	0.000000e+00
1.141836e+01	3.590852e+00	2.502789e-04	205847941.000000	0.000000e+00
1.142035e+01	3.589830e+00	2.501089e-04	206010519.000000	0.000000e+00
1.142235e+01	3.589069e+00	2.500660e-04	205993885.000000	0.000000e+00
1.142434e+01	3.588290e+00	2.499149e-04	206153449.000000	0.000000e+00
1.142634e+01	3.587125e+00	2.498438e-04	206136879.000000	0.000000e+00
1.142833e+01	3.586469e+00	2.496929e-04	206310757.000000	0.000000e+00
1.143033e+01	3.585744e+00	2.496534e-04	206292621.000000	0.000000e+00
1.143232e+01	3.584826e+00	2.495224e-04	206403529.000000	0.000000e+00
1.143432e+01	3.584379e+00	2.494431e-04	206483343.000000	0.000000e+00
1.143631e+01	3.583842e+00	2.493637e-04	206552905.000000	0.000000e+00
1.143831e+01	3.582508e+00	2.492403e-04	206603593.000000	0.000000e+00
1.144030e+01	3.581749e+00	2.491488e-04	206667795.000000	0.000000e+00
1.144229e+01	3.581241e+00	2.490403e-04	206789125.000000	0.000000e+00
1.144429e+01	3.580212e+00	2.489816e-04	206767917.000000	0.000000e+00
1.144628e+01	3.579618e+00	2.488069e-04	206989489.000000	0.000000e+00
1.144828e+01	3.578525e+00	2.487459e-04	206964555.000000	0.000000e+00
1.145027e+01	3.578097e+00	2.486827e-04	207020329.000000	0.000000e+00
1.145227e+01	3.577278e+00	2.485562e-04	207136357.000000	0.000000e+00
1.145426e+01	3.576764e+00	2.485021e-04	207166947.000000	0.000000e+00
1.145626e+01	3.575770e+00	2.484012e-04	207220057.000000	0.000000e+00
1.145825e+01	3.574729e+00	2.482027e-04	207430809.000000	0.000000e+00
1.146025e+01	3.574273e+00	2.482331e-04	207327109.000000	0.000000e+00
1.146224e+01	3.573258e+00	2.480324e-04	207544747.000000	0.000000e+00
1.146424e+01	3.572795e+00	2.479818e-04	207575745.000000	0.000000e+00
1.146623e+01	3.571713e+00	2.479160e-04	207560245.000000	0.000000e+00
1.146823e+01	3.570765e+00	2.477560e-04	207718083.000000	0.000000e+00
1.147022e+01	3.570221e+00	2.476780e-04	207785545.000000	0.000000e+00
1.147221e+01	3.569602e+00	2.476005e-04	207843573.000000	0.000000e+00
1.147421e+01	3.568315e+00	2.474754e-04	207903691.000000	0.000000e+00
1.147620e+01	3.567882e+00	2.474007e-04	207978817.000000	0.000000e+00
1.147820e+01	3.567125e+00	2.473054e-04	208050789.000000	0.000000e+00
1.148019e+01	3.566573e+00	2.472167e-04	208135717.000000	0.000000e+00
1.148219e+01	3.565678e+00	2.471208e-04	208192851.000000	0.000000e+00
1.148418e+01	3.565302e+00	2.470542e-04	208261021.000000	0.000000e+00
1.148618e+01	3.564022e+00	2.468929e-04	208383633.000000	0.000000e+00
1.148817e+01	3.563126e+00	2.467989e-04	208437619.000000	0.000000e+00
1.149017e+01	3.562406e+00	2.467182e-04	208489705.000000	0.000000e+00
1.149216e+01	3.562358e+00	2.467055e-04	208505433.000000	0.000000e+00
1.149416e+01	3.561773e+00	2.465910e-04	208630561.000000	0.000000e+00
1.149615e+01	3.560612e+00	2.464390e-04	208751943.000000	0.000000e+00
1.149814e+01	3.559898e+00	2.463674e-04	208789549.000000	0.000000e+00
1.150014e+01	3.558825e+00	2.462479e-04	208866225.000000	0.000000e+00
1.150213e+01	3.557945e+00	2.461676e-04	208899139.000000	0.000000e+00
1.150413e+01	3.557603e+00	2.460841e-04	209000773.000000	0.000000e+00
1.150612e+01	3.556675e+00	2.459837e-04	209062329.000000	0.000000e+00
1.150812e+01	3.555988e+00	2.458819e-04	209154655.000000	0.000000e+00
1.151011e+01	3.555242e+00	2.457813e-04	209237973.000000	0.000000e+00
1.151211e+01	3.554289e+00	2.456803e-04	209297761.000000	0.000000e+00
1.151410e+01	3.553782e+00	2.456369e-04	209312125.000000	0.000000e+00
1.151610e+01	3.553212e+00	2.455073e-04	209465859.000000	0.000000e+00
1.151809e+01	3.552168e+00	2.454200e-04	209491789.000000	0.000000e+00
1.152009e+01	3.551016e+00	2.452803e-04	209594625.000000	0.000000e+00
1.152208e+01	3.550428e+00	2.452026e-04	209657875.000000	0.000000e+00
1.152408e+01	3.550119e+00	2.451463e-04	209717745.000000	0.000000e+00
1.152607e+01	3.549267e+00	2.450268e-04	209821585.000000	0.000000e+00
1.152806e+01	3.548314e+00	2.449356e-04	209865109.000000	0.000000e+00
1.153006e+01	3.547700e+00	2.448467e-04	209944863.000000	0.000000e+00
1.153205e+01	3.547630e+00	2.448080e-04	210002977.000000	0.000000e+00
1.153405e+01	3.546287e+00	2.446724e-04	210076701.000000	0.000000e+00
1.153604e+01	3.545860e+00	2.445681e-04	210205267.000000	0.000000e+00
1.153804e+01	3.545408e+00	2.445459e-04	210189897.000000	0.000000e+00
1.154003e+01	3.544062e+00	2.443755e-04	210323221.000000	0.000000e+00
1.154203e+01	3.543452e+00	2.443134e-04	210357787.000000	0.000000e+00
1.154402e+01	3.542974e+00	2.442225e-04	210457641.000000	0.000000e+00
1.154602e+01	3.542077e+00	2.441128e-04	210540133.000000	0.000000e+00
1.154801e+01	3.541389e+00	2.440496e-04	210567489.000000	0.000000e+00
1.155001e+01	3.540510e+00	2.439220e-04	210683119.000000	0.000000e+00
1.155200e+01	3.540169e+00	2.438670e-04	210737457.000000	0.000000e+00
1.155400e+01	3.539035e+00	2.437293e-04	210840625.000000	0.000000e+00
1.155599e+01	3.538330e+00	2.436533e-04	210888007.000000	0.000000e+00
1.155798e+01	3.537292e+00	2.435515e-04	210940569.000000	0.000000e+00
1.155998e+01	3.537276e+00	2.435013e-04	211025773.000000	0.000000e+00
1.156197e+01	3.536391e+00	2.433951e-04	211104249.000000	0.000000e+00
1.156397e+01	3.535601e+00	2.432928e-04	211187383.000000	0.000000e+00
1.156596e+01	3.535180e+00	2.432364e-04	211234885.000000	0.000000e+00
1.156796e+01	3.534188e+00	2.430965e-04	211359549.000000	0.000000e+00
1.156995e+01	3.533466e+00	2.430295e-04	211389775.000000	0.000000e+00
1.157195e+01	3.533131e+00	2.429662e-04	211459821.000000	0.000000e+00
1.157394e+01	3.532203e+00	2.428546e-04	211542961.000000	0.000000e+00
1.157594e+01	3.531679e+00	2.427930e-04	211587609.000000	0.000000e+00
1.157793e+01	3.530732e+00	2.426346e-04	211750291.000000	0.000000e+00
1.157993e+01	3.530103e+00	2.425914e-04	211750249.000000	0.000000e+00
1.158192e+01	3.529550e+00	2.424951e-04	211852065.000000	0.000000e+00
1.158391e+01	3.528343e+00	2.423952e-04	211881667.000000	0.000000e+00
1.158591e+01	3.528392e+00	2.423499e-04	211966833.000000	0.000000e+00
1.158790e+01	3.527987e+00	2.422623e-04	212071477.000000	0.000000e+00
1.158990e+01	3.526550e+00	2.421190e-04	212149767.000000	0.000000e+00
1.159189e+01	3.525955e+00	2.420717e-04	212160925.000000	0.000000e+00
1.159389e+01	3.525551e+00	2.419720e-04	212287225.000000	0.000000e+00
1.159588e+01	3.524492e+00	2.418662e-04	212345397.000000	0.000000e+00
1.159788e+01	3.523912e+00	2.417766e-04	212432803.000000	0.000000e+00
1.159987e+01	3.523035e+00	2.417060e-04	212451033.000000	0.000000e+00
1.160187e+01	3.522717e+00	2.416020e-04	212595769.000000	0.000000e+00
1.160386e+01	3.522140e+00	2.415483e-04	212620539.000000	0.000000e+00
1.160586e+01	3.520850e+00	2.413752e-04	212769781.000000	0.000000e+00
1.160785e+01	3.520027e+00	2.413410e-04	212730565.000000	0.000000e+00
1.160985e+01	3.520118e+00	2.412645e-04	212876349.000000	0.000000e+00
1.161184e+01	3.518828e+00	2.411311e-04	212955895.000000	0.000000e+00
1.161383e+01	3.518924e+00	2.411369e-04	212957193.000000	0.000000e+00
1.161583e+01	3.517831e+00	2.410095e-04	213050137.000000	0.000000e+00
1.161782e+01	3.517296e+00	2.408864e-04	213202939.000000	0.000000e+00
1.161982e+01	3.516504e+00	2.408192e-04	213225933.000000	0.000000e+00
1.162181e+01	3.516082e+00	2.407321e-04	213328993.000000	0.000000e+00
1.162381e+01	3.515209e+00	2.406633e-04	213344919.000000	0.000000e+00
1.162580e+01	3.514443e+00	2.405620e-04	213431797.000000	0.000000e+00
1.162780e+01	3.514063e+00	2.404832e-04	213525513.000000	0.000000e+00
1.162979e+01	3.513139e+00	2.403763e-04	213602905.000000	0.000000e+00
1.163179e+01	3.512522e+00	2.403082e-04	213649027.000000	0.000000e+00
1.163378e+01	3.511492e+00	2.402112e-04	213696213.000000	0.000000e+00
1.163578e+01	3.511392e+00	2.401110e-04	213862453.000000	0.000000e+00
1.163777e+01	3.510399e+00	2.400217e-04	213900627.000000	0.000000e+00
1.163976e+01	3.509906e+00	2.399710e-04	213930901.000000	0.000000e+00
1.164176e+01	3.509522e+00	2.398852e-04	214037109.000000	0.000000e+00
1.164375e+01	3.508678e+00	2.398203e-04	214050049.000000	0.000000e+00
1.164575e+01	3.508336e+00	2.396739e-04	214269811.000000	0.000000e+00
1.164774e+01	3.507346e+00	2.396582e-04	214176969.000000	0.000000e+00
1.164974e+01	3.506619e+00	2.395075e-04	214357501.000000	0.000000e+00
1.165173e+01	3.506276e+00	2.394624e-04	214396539.000000	0.000000e+00
1.165373e+01	3.505885e+00	2.394002e-04	214460053.000000	0.000000e+00
1.165572e+01	3.504924e+00	2.392864e-04	214546345.000000	0.000000e+00
1.165772e+01	3.504166e+00	2.392289e-04	214556709.000000	0.000000e+00
1.165971e+01	3.503678e+00	2.390742e-04	214774639.000000	0.000000e+00
1.166171e+01	3.502776e+00	2.390279e-04	214747137.000000	0.000000e+00
1.166370e+01	3.502135e+00	2.389516e-04	214805617.000000	0.000000e+00
1.166570e+01	3.501393e+00	2.388365e-04	214921827.000000	0.000000e+00
1.166769e+01	3.500980e+00	2.387671e-04	214996009.000000	0.000000e+00
1.166968e+01	3.500420e+00	2.386978e-04	215052049.000000	0.000000e+00
1.167168e+01	3.499621e+00	2.385910e-04	215146383.000000	0.000000e+00
1.167367e+01	3.499328e+00	2.385325e-04	215215741.000000	0.000000e+00
1.167567e+01	3.498636e+00	2.384337e-04	215309085.000000	0.000000e+00
1.167766e+01	3.497794e+00	2.384006e-04	215265193.000000	0.000000e+00
1.167966e+01	3.496633e+00	2.382217e-04	215445447.000000	0.000000e+00
1.168165e+01	3.496752e+00	2.381787e-04	215538049.000000	0.000000e+00
1.168365e+01	3.496002e+00	2.381018e-04	215584693.000000	0.000000e+00
1.168564e+01	3.495481e+00	2.380496e-04	215615007.000000	0.000000e+00
1.168764e+01	3.494528e+00	2.379264e-04	215720557.000000	0.000000e+00
1.168963e+01	3.493966e+00	2.378468e-04	215795697.000000	0.000000e+00
1.169163e+01	3.492829e+00	2.377175e-04	215889949.000000	0.000000e+00
1.169362e+01	3.492559e+00	2.376989e-04	215890311.000000	0.000000e+00
1.169561e+01	3.492139e+00	2.375905e-04	216035365.000000	0.000000e+00
1.169761e+01	3.491139e+00	2.374762e-04	216119533.000000	0.000000e+00
1.169960e+01	3.491079e+00	2.374528e-04	216154635.000000	0.000000e+00
1.170160e+01	3.490285e+00	2.373845e-04	216180817.000000	0.000000e+00
1.170359e+01	3.489537e+00	2.372326e-04	216364881.000000	0.000000e+00
1.170559e+01	3.488945e+00	2.372035e-04	216344539.000000	0.000000e+00
1.170758e+01	3.488523e+00	2.371038e-04	216474337.000000	0.000000e+00
1.170958e+01	3.488064e+00	2.370377e-04	216537945.000000	0.000000e+00
1.171157e+01	3.487306e+00	2.369485e-04	216606973.000000	0.000000e+00
1.171357e+01	3.486789e+00	2.368765e-04	216674295.000000	0.000000e+00
1.171556e+01	3.485907e+00	2.367783e-04	216744325.000000	0.000000e+00
1.171756e+01	3.485198e+00	2.366774e-04	216840993.000000	0.000000e+00
1.171955e+01	3.484724e+00	2.365904e-04	216941359.000000	0.000000e+00
1.172155e+01	3.484392e+00	2.365681e-04	216940993.000000	0.000000e+00
1.172354e+01	3.483611e+00	2.364732e-04	217017789.000000	0.000000e+00
1.172553e+01	3.483225e+00	2.363770e-04	217146421.000000	0.000000e+00
1.172753e+01	3.482944e+00	2.363337e-04	217190823.000000	0.000000e+00
1.172952e+01	3.482134e+00	2.362281e-04	217284109.000000	0.000000e+00
1.173152e+01	3.481166e+00	2.361368e-04	217331253.000000	0.000000e+00
1.173351e+01	3.480684e+00	2.360454e-04	217439371.000000	0.000000e+00
1.173551e+01	3.479758e+00	2.359740e-04	217455193.000000	0.000000e+00
1.173750e+01	3.479607e+00	2.358840e-04	217602153.000000	0.000000e+00
1.173950e+01	3.478837e+00	2.358446e-04	217578589.000000	0.000000e+00
1.174149e+01	3.478480e+00	2.357105e-04	217781655.000000	0.000000e+00
1.174349e+01	3.477789e+00	2.356957e-04	217722529.000000	0.000000e+00
1.174548e+01	3.477459e+00	2.355827e-04	217889949.000000	0.000000e+00
1.174748e+01	3.476826e+00	2.355007e-04	217962403.000000	0.000000e+00
1.174947e+01	3.475948e+00	2.354327e-04	217978177.000000	0.000000e+00
1.175147e+01	3.475327e+00	2.353156e-04	218117253.000000	0.000000e+00
1.175346e+01	3.474986e+00	2.352919e-04	218118367.000000	0.000000e+00
1.175545e+01	3.474428e+00	2.351924e-04	218232933.000000	0.000000e+00
1.175745e+01	3.473753e+00	2.351051e-04	218309965.000000	0.000000e+00
1.175944e+01	3.472915e+00	2.349992e-04	218401513.000000	0.000000e+00
1.176144e+01	3.472538e+00	2.349706e-04	218407131.000000	0.000000e+00
1.176343e+01	3.471804e+00	2.348323e-04	218572081.000000	0.000000e+00
1.176543e+01	3.471351e+00	2.347932e-04	218587833.000000	0.000000e+00
1.176742e+01	3.471407e+00	2.347581e-04	218660323.000000	0.000000e+00
1.176942e+01	3.470240e+00	2.346129e-04	218783781.000000	0.000000e+00
1.177141e+01	3.469607e+00	2.345606e-04	218801665.000000	0.000000e+00
1.177341e+01	3.469303e+00	2.344877e-04	218899369.000000	0.000000e+00
1.177540e+01	3.468759e+00	2.344265e-04	218944863.000000	0.000000e+00
1.177740e+01	3.467790e+00	2.342918e-04	219074269.000000	0.000000e+00
1.177939e+01	3.467179e+00	2.342134e-04	219143769.000000	0.000000e+00
1.178138e+01	3.466920e+00	2.341887e-04	219157279.000000	0.000000e+00
1.178338e+01	3.466383e+00	2.340627e-04	219325317.000000	0.000000e+00
1.178537e+01	3.465733e+00	2.340254e-04	219312997.000000	0.000000e+00
1.178737e+01	3.465160e+00	2.339469e-04	219387535.000000	0.000000e+00
1.178936e+01	3.464545e+00	2.338328e-04	219523701.000000	0.000000e+00
1.179136e+01	3.463892e+00	2.337727e-04	219553765.000000	0.000000e+00
1.179335e+01	3.463376e+00	2.337009e-04	219623229.000000	0.000000e+00
1.179535e+01	3.462924e+00	2.336185e-04	219720859.000000	0.000000e+00
1.179734e+01	3.462428e+00	2.335376e-04	219810145.000000	0.000000e+00
1.179934e+01	3.461907e+00	2.334836e-04	219845697.000000	0.000000e+00
1.180133e+01	3.461282e+00	2.333840e-04	219953947.000000	0.000000e+00
1.180333e+01	3.460460e+00	2.332995e-04	220008777.000000	0.000000e+00
1.180532e+01	3.460395e+00	2.332718e-04	220052677.000000	0.000000e+00
1.180732e+01	3.459828e+00	2.331512e-04	220208301.000000	0.000000e+00
1.180931e+01	3.459140e+00	2.330769e-04	220261219.000000	0.000000e+00
1.181130e+01	3.458831e+00	2.330621e-04	220249825.000000	0.000000e+00
1.181330e+01	3.457777e+00	2.329038e-04	220414929.000000	0.000000e+00
1.181529e+01	3.457861e+00	2.328650e-04	220499059.000000	0.000000e+00
1.181729e+01	3.457195e+00	2.328137e-04	220511181.000000	0.000000e+00
1.181928e+01	3.456465e+00	2.327385e-04	220560613.000000	0.000000e+00
1.182128e+01	3.455596e+00	2.326288e-04	220657623.000000	0.000000e+00
1.182327e+01	3.455556e+00	2.325381e-04	220824613.000000	0.000000e+00
1.182527e+01	3.454902e+00	2.324966e-04	220819957.000000	0.000000e+00
1.182726e+01	3.454524e+00	2.324490e-04	220862061.000000	0.000000e+00
1.182926e+01	3.453687e+00	2.323215e-04	220997431.000000	0.000000e+00
1.183125e+01	3.453419e+00	2.322681e-04	221064765.000000	0.000000e+00
1.183325e+01	3.452519e+00	2.321679e-04	221140321.000000	0.000000e+00
1.183524e+01	3.452292e+00	2.321319e-04	221179923.000000	0.000000e+00
1.183723e+01	3.451997e+00	2.320450e-04	221307637.000000	0.000000e+00
1.183923e+01	3.451533e+00	2.319943e-04	221344825.000000	0.000000e+00
1.184122e+01	3.450947e+00	2.319011e-04	221447673.000000	0.000000e+00
1.184322e+01	3.450002e+00	2.318301e-04	221461915.000000	0.000000e+00
1.184521e+01	3.449839e+00	2.317577e-04	221579373.000000	0.000000e+00
1.184721e+01	3.449532e+00	2.316960e-04	221657809.000000	0.000000e+00
1.184920e+01	3.448798e+00	2.316254e-04	221698711.000000	0.000000e+00
1.185120e+01	3.448142e+00	2.315081e-04	221839053.000000	0.000000e+00
1.185319e+01	3.447881e+00	2.314591e-04	221899357.000000	0.000000e+00
1.185519e+01	3.447400e+00	2.314195e-04	221913345.000000	0.000000e+00
1.185718e+01	3.446758e+00	2.313057e-04	222049003.000000	0.000000e+00
1.185918e+01	3.445718e+00	2.312128e-04	222093405.000000	0.000000e+00
1.186117e+01	3.445523e+00	2.311630e-04	222163957.000000	0.000000e+00
1.186317e+01	3.445257e+00	2.311184e-04	222215443.000000	0.000000e+00
1.186516e+01	3.444477e+00	2.310028e-04	222337245.000000	0.000000e+00
1.186715e+01	3.444094e+00	2.309220e-04	222443365.000000	0.000000e+00
1.186915e+01	3.443684e+00	2.308804e-04	222470439.000000	0.000000e+00
1.187114e+01	3.443126e+00	2.308037e-04	222546145.000000	0.000000e+00
1.187314e+01	3.442673e+00	2.307556e-04	222580509.000000	0.000000e+00
1.187513e+01	3.442211e+00	2.306547e-04	222715321.000000	0.000000e+00
1.187713e+01	3.441399e+00	2.305653e-04	222783055.000000	0.000000e+00
1.187912e+01	3.440848e+00	2.305039e-04	222830397.000000	0.000000e+00
1.188112e+01	3.440994e+00	2.304601e-04	222933985.000000	0.000000e+00
1.188311e+01	3.440087e+00	2.303653e-04	222999807.000000	0.000000e+00
1.188511e+01	3.439434e+00	2.302958e-04	223049881.000000	0.000000e+00
1.188710e+01	3.438887e+00	2.302233e-04	223119465.000000	0.000000e+00
1.188910e+01	3.438539e+00	2.301410e-04	223233793.000000	0.000000e+00
1.189109e+01	3.438049e+00	2.300609e-04	223325587.000000	0.000000e+00
1.189308e+01	3.437892e+00	2.300368e-04	223351929.000000	0.000000e+00
1.189508e+01	3.437429e+00	2.299577e-04	223445389.000000	0.000000e+00
1.189707e+01	3.436616e+00	2.298681e-04	223513923.000000	0.000000e+00
1.189907e+01	3.435934e+00	2.297650e-04	223625749.000000	0.000000e+00
1.190106e+01	3.435375e+00	2.297151e-04	223650313.000000	0.000000e+00
1.190306e+01	3.435605e+00	2.296629e-04	223781895.000000	0.000000e+00
1.190505e+01	3.435057e+00	2.296234e-04	223787437.000000	0.000000e+00
1.190705e+01	3.434423e+00	2.295061e-04	223933545.000000	0.000000e+00
1.190904e+01	3.433954e+00	2.294652e-04	223952161.000000	0.000000e+00
1.191104e+01	3.433721e+00	2.293960e-04	224056971.000000	0.000000e+00
1.191303e+01	3.432721e+00	2.293039e-04	224106397.000000	0.000000e+00
1.191503e+01	3.432595e+00	2.292374e-04	224219953.000000	0.000000e+00
1.191702e+01	3.432292e+00	2.291806e-04	224291511.000000	0.000000e+00
1.191902e+01	3.431475e+00	2.291343e-04	224275297.000000	0.000000e+00
1.192101e+01	3.430693e+00	2.290006e-04	224434893.000000	0.000000e+00
1.192300e+01	3.430028e+00	2.289256e-04	224495017.000000	0.000000e+00
1.192500e+01	3.429913e+00	2.288782e-04	224572767.000000	0.000000e+00
1.192699e+01	3.429206e+00	2.288017e-04	224630521.000000	0.000000e+00
1.192899e+01	3.429368e+00	2.287503e-04	224752597.000000	0.000000e+00
1.193098e+01	3.428324e+00	2.286796e-04	224754771.000000	0.000000e+00
1.193298e+01	3.428567e+00	2.286440e-04	224856649.000000	0.000000e+00
1.193497e+01	3.427609e+00	2.285078e-04	224999049.000000	0.000000e+00
1.193697e+01	3.427105e+00	2.284748e-04	224997745.000000	0.000000e+00
1.193896e+01	3.426887e+00	2.283892e-04	225137871.000000	0.000000e+00
1.194096e+01	3.426486e+00	2.283571e-04	225148429.000000	0.000000e+00
1.194295e+01	3.425910e+00	2.282730e-04	225238609.000000	0.000000e+00
1.194495e+01	3.425944e+00	2.282201e-04	225347583.000000	0.000000e+00
1.194694e+01	3.425759e+00	2.281728e-04	225416605.000000	0.000000e+00
1.194894e+01	3.425099e+00	2.281152e-04	225443529.000000	0.000000e+00
1.195093e+01	3.424584e+00	2.280149e-04	225574183.000000	0.000000e+00
1.195292e+01	3.423946e+00	2.279685e-04	225581905.000000	0.000000e+00
1.195492e+01	3.423578e+00	2.278736e-04	225721161.000000	0.000000e+00
1.195691e+01	3.423372e+00	2.278271e-04	225786241.000000	0.000000e+00
1.195891e+01	3.422258e+00	2.277216e-04	225848427.000000	0.000000e+00
1.196090e+01	3.422428e+00	2.276842e-04	225945097.000000	0.000000e+00
1.196290e+01	3.421615e+00	2.275983e-04	226008261.000000	0.000000e+00
1.196489e+01	3.420976e+00	2.275616e-04	225996799.000000	0.000000e+00
1.196689e+01	3.420670e+00	2.274390e-04	226199881.000000	0.000000e+00
1.196888e+01	3.420883e+00	2.274547e-04	226196901.000000	0.000000e+00
1.197088e+01	3.419763e+00	2.273217e-04	226313305.000000	0.000000e+00
1.197287e+01	3.419675e+00	2.272743e-04	226396107.000000	0.000000e+00
1.197487e+01	3.419236e+00	2.272150e-04	226456153.000000	0.000000e+00
1.197686e+01	3.418336e+00	2.271225e-04	226521477.000000	0.000000e+00
1.197885e+01	3.418508e+00	2.270910e-04	226606999.000000	0.000000e+00
1.198085e+01	3.418368e+00	2.270772e-04	226616137.000000	0.000000e+00
1.198284e+01	3.417231e+00	2.268883e-04	226842405.000000	0.000000e+00
1.198484e+01	3.416939e+00	2.268746e-04	226831147.000000	0.000000e+00
1.198683e+01	3.416688e+00	2.268220e-04	226903041.000000	0.000000e+00
1.198883e+01	3.416273e+00	2.267743e-04	226943365.000000	0.000000e+00
1.199082e+01	3.416045e+00	2.266782e-04	227105581.000000	0.000000e+00
1.199282e+01	3.414959e+00	2.266055e-04	227106687.000000	0.000000e+00
1.199481e+01	3.415422e+00	2.265726e-04	227234329.000000	0.000000e+00
1.199681e+01	3.414489e+00	2.264869e-04	227282241.000000	0.000000e+00
1.199880e+01	3.413965e+00	2.264274e-04	227331859.000000	0.000000e+00
1.200080e+01	3.413775e+00	2.263543e-04	227453385.000000	0.000000e+00
1.200279e+01	3.413425e+00	2.262989e-04	227518093.000000	0.000000e+00
1.200479e+01	3.412815e+00	2.262259e-04	227583517.000000	0.000000e+00
1.200678e+01	3.412214e+00	2.261393e-04	227677623.000000	0.000000e+00
1.200877e+01	3.411991e+00	2.261038e-04	227719357.000000	0.000000e+00
1.201077e+01	3.411752e+00	2.260536e-04	227788617.000000	0.000000e+00
1.201276e+01	3.410899e+00	2.259395e-04	227904631.000000	0.000000e+00
1.201476e+01	3.410985e+00	2.259393e-04	227916669.000000	0.000000e+00
1.201675e+01	3.410324e+00	2.258124e-04	228084469.000000	0.000000e+00
1.201875e+01	3.410038e+00	2.257912e-04	228089119.000000	0.000000e+00
1.202074e+01	3.409402e+00	2.256816e-04	228225501.000000	0.000000e+00
1.202274e+01	3.408916e+00	2.256185e-04	228288121.000000	0.000000e+00
1.202473e+01	3.409265e+00	2.256360e-04	228299349.000000	0.000000e+00
1.202673e+01	3.408705e+00	2.255256e-04	228447883.000000	0.000000e+00
1.202872e+01	3.408337e+00	2.254832e-04	228484509.000000	0.000000e+00
1.203072e+01	3.407838e+00	2.253971e-04	228592105.000000	0.000000e+00
1.203271e+01	3.407346e+00	2.253369e-04	228648211.000000	0.000000e+00
1.203471e+01	3.407118e+00	2.252924e-04	228708069.000000	0.000000e+00
1.203670e+01	3.406770e+00	2.252155e-04	228817249.000000	0.000000e+00
1.203869e+01	3.406150e+00	2.251673e-04	228832101.000000	0.000000e+00
1.204069e+01	3.405720e+00	2.250601e-04	228992359.000000	0.000000e+00
1.204268e+01	3.405564e+00	2.250439e-04	229004161.000000	0.000000e+00
1.204468e+01	3.405402e+00	2.249823e-04	229107825.000000	0.000000e+00
1.204667e+01	3.404523e+00	2.248937e-04	229170091.000000	0.000000e+00
1.204867e+01	3.404585e+00	2.248570e-04	229253253.000000	0.000000e+00
1.205066e+01	3.403995e+00	2.247562e-04	229379401.000000	0.000000e+00
1.205266e+01	3.403786e+00	2.247514e-04	229361025.000000	0.000000e+00
1.205465e+01	3.403292e+00	2.246622e-04	229476571.000000	0.000000e+00
1.205665e+01	3.402876e+00	2.246263e-04	229493797.000000	0.000000e+00
1.205864e+01	3.402509e+00	2.245037e-04	229694973.000000	0.000000e+00
1.206064e+01	3.402195e+00	2.244615e-04	229738903.000000	0.000000e+00
1.206263e+01	3.401711e+00	2.244139e-04	229770933.000000	0.000000e+00
1.206462e+01	3.401703e+00	2.243747e-04	229850185.000000	0.000000e+00
1.206662e+01	3.401113e+00	2.243057e-04	229911951.000000	0.000000e+00
1.206861e+01	3.400518e+00	2.242147e-04	230018029.000000	0.000000e+00
1.207061e+01	3.400694e+00	2.241896e-04	230093461.000000	0.000000e+00
1.207260e+01	3.399970e+00	2.241193e-04	230139897.000000	0.000000e+00
1.207460e+01	3.399775e+00	2.240386e-04	230279179.000000	0.000000e+00
1.207659e+01	3.398925e+00	2.239805e-04	230283489.000000	0.000000e+00
1.207859e+01	3.398973e+00	2.239141e-04	230426689.000000	0.000000e+00
1.208058e+01	3.398767e+00	2.238676e-04	230494239.000000	0.000000e+00
1.208258e+01	3.397988e+00	2.238060e-04	230515705.000000	0.000000e+00
1.208457e+01	3.397623e+00	2.237242e-04	230634565.000000	0.000000e+00
1.208657e+01	3.397685e+00	2.236880e-04	230717733.000000	0.000000e+00
1.208856e+01	3.397324e+00	2.236471e-04	230752987.000000	0.000000e+00
1.209056e+01	3.396395e+00	2.235341e-04	230860125.000000	0.000000e+00
1.209255e+01	3.396595e+00	2.235227e-04	230910781.000000	0.000000e+00
1.209454e+01	3.396149e+00	2.234529e-04	230994247.000000	0.000000e+00
1.209654e+01	3.395870e+00	2.233863e-04	231094245.000000	0.000000e+00
1.209853e+01	3.395418e+00	2.233231e-04	231163369.000000	0.000000e+00
1.210053e+01	3.394909e+00	2.232736e-04	231196527.000000	0.000000e+00
1.210252e+01	3.394774e+00	2.232190e-04	231291397.000000	0.000000e+00
1.210452e+01	3.394900e+00	2.231583e-04	231434433.000000	0.000000e+00
1.210651e+01	3.395121e+00	2.231704e-04	231439513.000000	0.000000e+00
1.210851e+01	3.393843e+00	2.230348e-04	231546511.000000	0.000000e+00
1.211050e+01	3.393928e+00	2.230154e-04	231598389.000000	0.000000e+00
1.211250e+01	3.393206e+00	2.229117e-04	231715357.000000	0.000000e+00
1.211449e+01	3.393024e+00	2.228865e-04	231742839.000000	0.000000e+00
1.211649e+01	3.392423e+00	2.227989e-04	231843001.000000	0.000000e+00
1.211848e+01	3.392230e+00	2.227495e-04	231919437.000000	0.000000e+00
1.212047e+01	3.391672e+00	2.226794e-04	231989149.000000	0.000000e+00
1.212247e+01	3.391923e+00	2.226489e-04	232087099.000000	0.000000e+00
1.212446e+01	3.391158e+00	2.225735e-04	232139493.000000	0.000000e+00
1.212646e+01	3.390707e+00	2.225024e-04	232226245.000000	0.000000e+00
1.212845e+01	3.390787e+00	2.224634e-04	232318443.000000	0.000000e+00
1.213045e+01	3.389968e+00	2.223762e-04	232388545.000000	0.000000e+00
1.213244e+01	3.390511e+00	2.223992e-04	232414785.000000	0.000000e+00
1.213444e+01	3.389457e+00	2.222919e-04	232494565.000000	0.000000e+00
1.213643e+01	3.389680e+00	2.222176e-04	232680871.000000	0.000000e+00
1.213843e+01	3.389240e+00	2.222096e-04	232637265.000000	0.000000e+00
1.214042e+01	3.388696e+00	2.220975e-04	232797157.000000	0.000000e+00
1.214242e+01	3.388850e+00	2.221010e-04	232811235.000000	0.000000e+00
1.214441e+01	3.388028e+00	2.220041e-04	232901425.000000	0.000000e+00
1.214641e+01	3.388099e+00	2.219585e-04	233006725.000000	0.000000e+00
1.214840e+01	3.387527e+00	2.219066e-04	233037195.000000	0.000000e+00
1.215039e+01	3.387117e+00	2.218366e-04	233127901.000000	0.000000e+00
1.215239e+01	3.387218e+00	2.217756e-04	233269929.000000	0.000000e+00
1.215438e+01	3.386522e+00	2.217330e-04	233263777.000000	0.000000e+00
1.215638e+01	3.386651e+00	2.216924e-04	233366883.000000	0.000000e+00
1.215837e+01	3.386239e+00	2.216495e-04	233400505.000000	0.000000e+00
1.216037e+01	3.385908e+00	2.215347e-04	233596729.000000	0.000000e+00
1.216236e+01	3.385591e+00	2.215124e-04	233599947.000000	0.000000e+00
1.216436e+01	3.385164e+00	2.214377e-04	233698693.000000	0.000000e+00
1.216635e+01	3.385445e+00	2.214344e-04	233744517.000000	0.000000e+00
1.216835e+01	3.384953e+00	2.213709e-04	233810509.000000	0.000000e+00
1.217034e+01	3.384774e+00	2.213303e-04	233871567.000000	0.000000e+00
1.217234e+01	3.384330e+00	2.212204e-04	234042661.000000	0.000000e+00
1.217433e+01	3.383841e+00	2.211959e-04	234026893.000000	0.000000e+00
1.217632e+01	3.384033e+00	2.211652e-04	234118383.000000	0.000000e+00
1.217832e+01	3.383505e+00	2.210804e-04	234224953.000000	0.000000e+00
1.218031e+01	3.382921e+00	2.209993e-04	234316077.000000	0.000000e+00
1.218231e+01	3.383008e+00	2.210038e-04	234318511.000000	0.000000e+00
1.218430e+01	3.382693e+00	2.209112e-04	234471397.000000	0.000000e+00
1.218630e+01	3.382482e+00	2.208618e-04	234546981.000000	0.000000e+00
1.218829e+01	3.382479e+00	2.208179e-04	234639877.000000	0.000000e+00
1.219029e+01	3.382077e+00	2.208134e-04	234593547.000000	0.000000e+00
1.219228e+01	3.381542e+00	2.207088e-04	234741685.000000	0.000000e+00
1.219428e+01	3.381409e+00	2.206490e-04	234850449.000000	0.000000e+00
1.219627e+01	3.380984e+00	2.205853e-04	234927067.000000	0.000000e+00
1.219827e+01	3.381029e+00	2.205708e-04	234964297.000000	0.000000e+00
1.220026e+01	3.380611e+00	2.205065e-04	235043205.000000	0.000000e+00
1.220226e+01	3.379834e+00	2.204174e-04	235125157.000000	0.000000e+00
1.220425e+01	3.380184e+00	2.203776e-04	235258719.000000	0.000000e+00
1.220624e+01	3.379527e+00	2.203190e-04	235292341.000000	0.000000e+00
1.220824e+01	3.379150e+00	2.202736e-04	235336965.000000	0.000000e+00
1.221023e+01	3.378906e+00	2.202094e-04	235440139.000000	0.000000e+00
1.221223e+01	3.378734e+00	2.201791e-04	235480933.000000	0.000000e+00
1.221422e+01	3.378581e+00	2.200948e-04	235640145.000000	0.000000e+00
1.221622e+01	3.378631e+00	2.201053e-04	235624627.000000	0.000000e+00
1.221821e+01	3.378359e+00	2.199896e-04	235834449.000000	0.000000e+00
1.222021e+01	3.378471e+00	2.200089e-04	235808713.000000	0.000000e+00
1.222220e+01	3.377685e+00	2.198966e-04	235939893.000000	0.000000e+00
1.222420e+01	3.377560e+00	2.198728e-04	235973467.000000	0.000000e+00
1.222619e+01	3.377281e+00	2.198314e-04	236023321.000000	0.000000e+00
1.222819e+01	3.377267e+00	2.197852e-04	236120649.000000	0.000000e+00
1.223018e+01	3.376644e+00	2.197011e-04	236214235.000000	0.000000e+00
1.223217e+01	3.376973e+00	2.196801e-04	236305497.000000	0.000000e+00
1.223417e+01	3.376211e+00	2.196241e-04	236319277.000000	0.000000e+00
1.223616e+01	3.376302e+00	2.195407e-04	236511733.000000	0.000000e+00
1.223816e+01	3.376091e+00	2.195240e-04	236518119.000000	0.000000e+00
1.224015e+01	3.375760e+00	2.194881e-04	236548933.000000	0.000000e+00
1.224215e+01	3.375290e+00	2.193789e-04	236718621.000000	0.000000e+00
1.224414e+01	3.375456e+00	2.193756e-04	236749111.000000	0.000000e+00
1.224614e+01	3.374728e+00	2.192933e-04	236824449.000000	0.000000e+00
1.224813e+01	3.374809e+00	2.192715e-04	236882989.000000	0.000000e+00
1.225013e+01	3.374870e+00	2.192138e-04	237016441.000000	0.000000e+00
1.225212e+01	3.374437e+00	2.191647e-04	237061659.000000	0.000000e+00
1.225412e+01	3.374249e+00	2.191220e-04	237127621.000000	0.000000e+00
1.225611e+01	3.373921e+00	2.190734e-04	237186693.000000	0.000000e+00
1.225811e+01	3.373610e+00	2.189916e-04	237320275.000000	0.000000e+00
1.226010e+01	3.373468e+00	2.189638e-04	237360549.000000	0.000000e+00
1.226209e+01	3.372794e+00	2.188478e-04	237517273.000000	0.000000e+00
1.226409e+01	3.373339e+00	2.189025e-04	237475471.000000	0.000000e+00
1.226608e+01	3.372634e+00	2.187922e-04	237615393.000000	0.000000e+00
1.226808e+01	3.372632e+00	2.187775e-04	237647077.000000	0.000000e+00
1.227007e+01	3.372598e+00	2.187098e-04	237789477.000000	0.000000e+00
1.227207e+01	3.372423e+00	2.186732e-04	237844279.000000	0.000000e+00
1.227406e+01	3.372253e+00	2.186638e-04	237841041.000000	0.000000e+00
1.227606e+01	3.371617e+00	2.185161e-04	238072729.000000	0.000000e+00
1.227805e+01	3.371765e+00	2.185584e-04	238001491.000000	0.000000e+00
1.228005e+01	3.371560e+00	2.184799e-04	238143585.000000	0.000000e+00
1.228204e+01	3.371414e+00	2.184332e-04	238224877.000000	0.000000e+00
1.228404e+01	3.371282e+00	2.183810e-04	238320045.000000	0.000000e+00
1.228603e+01	3.370949e+00	2.183456e-04	238350163.000000	0.000000e+00
1.228803e+01	3.371036e+00	2.182956e-04	238471621.000000	0.000000e+00
1.229002e+01	3.370634e+00	2.182418e-04	238532469.000000	0.000000e+00
1.229201e+01	3.370224e+00	2.181957e-04	238575163.000000	0.000000e+00
1.229401e+01	3.370272e+00	2.181395e-04	238705005.000000	0.000000e+00
1.229600e+01	3.369793e+00	2.180822e-04	238762381.000000	0.000000e+00
1.229800e+01	3.370272e+00	2.180725e-04	238851567.000000	0.000000e+00
1.229999e+01	3.369536e+00	2.179977e-04	238911109.000000	0.000000e+00
1.230199e+01	3.369306e+00	2.179402e-04	239004553.000000	0.000000e+00
1.230398e+01	3.369546e+00	2.179517e-04	239013393.000000	0.000000e+00
1.230598e+01	3.368924e+00	2.178093e-04	239237731.000000	0.000000e+00
1.230797e+01	3.369052e+00	2.178286e-04	239213493.000000	0.000000e+00
1.230997e+01	3.368371e+00	2.177493e-04	239290885.000000	0.000000e+00
1.231196e+01	3.368752e+00	2.177173e-04	239415459.000000	0.000000e+00
1.231396e+01	3.368268e+00	2.176776e-04	239433913.000000	0.000000e+00
1.231595e+01	3.368008e+00	2.176233e-04	239516545.000000	0.000000e+00
1.231794e+01	3.368286e+00	2.176003e-04	239606625.000000	0.000000e+00
1.231994e+01	3.367574e+00	2.174949e-04	239737615.000000	0.000000e+00
1.232193e+01	3.367711e+00	2.174918e-04	239763909.000000	0.000000e+00
1.232393e+01	3.367610e+00	2.174324e-04	239880601.000000	0.000000e+00
1.232592e+01	3.367440e+00	2.174640e-04	239786571.000000	0.000000e+00
1.232792e+01	3.367234e+00	2.173083e-04	240101089.000000	0.000000e+00
1.232991e+01	3.367706e+00	2.173496e-04	240076897.000000	0.000000e+00
1.233191e+01	3.367429e+00	2.173080e-04	240129585.000000	0.000000e+00
1.233390e+01	3.366810e+00	2.172201e-04	240235591.000000	0.000000e+00
1.233590e+01	3.366940e+00	2.172095e-04	240277569.000000	0.000000e+00
1.233789e+01	3.366615e+00	2.171071e-04	240457885.000000	0.000000e+00
1.233989e+01	3.366308e+00	2.170842e-04	240464719.000000	0.000000e+00
1.234188e+01	3.366322e+00	2.170559e-04	240529317.000000	0.000000e+00
1.234388e+01	3.366230e+00	2.170009e-04	240638317.000000	0.000000e+00
1.234587e+01	3.366140e+00	2.169787e-04	240674487.000000	0.000000e+00
1.234786e+01	3.365701e+00	2.168893e-04	240810277.000000	0.000000e+00
1.234986e+01	3.366036e+00	2.168970e-04	240840969.000000	0.000000e+00
1.235185e+01	3.365850e+00	2.168406e-04	240939709.000000	0.000000e+00
1.235385e+01	3.365516e+00	2.167743e-04	241039243.000000	0.000000e+00
1.235584e+01	3.365322e+00	2.167570e-04	241050021.000000	0.000000e+00
1.235784e+01	3.365124e+00	2.166804e-04	241191889.000000	0.000000e+00
1.235983e+01	3.364965e+00	2.166327e-04	241275471.000000	0.000000e+00
1.236183e+01	3.365072e+00	2.166366e-04	241282177.000000	0.000000e+00
1.236382e+01	3.365119e+00	2.165589e-04	241461969.000000	0.000000e+00
1.236582e+01	3.364531e+00	2.165282e-04	241446061.000000	0.000000e+00
1.236781e+01	3.364685e+00	2.164877e-04	241558507.000000	0.000000e+00
1.236981e+01	3.364721e+00	2.164614e-04	241622397.000000	0.000000e+00
1.237180e+01	3.364675e+00	2.164177e-04	241713409.000000	0.000000e+00
1.237379e+01	3.364249e+00	2.163421e-04	241820967.000000	0.000000e+00
1.237579e+01	3.364519e+00	2.163486e-04	241845349.000000	0.000000e+00
1.237778e+01	3.364046e+00	2.162683e-04	241956961.000000	0.000000e+00
1.237978e+01	3.363886e+00	2.162178e-04	242047083.000000	0.000000e+00
1.238177e+01	3.363859e+00	2.161919e-04	242101153.000000	0.000000e+00
1.238377e+01	3.363928e+00	2.161663e-04	242168385.000000	0.000000e+00
1.238576e+01	3.363845e+00	2.161062e-04	242291257.000000	0.000000e+00
1.238776e+01	3.363211e+00	2.160439e-04	242339499.000000	0.000000e+00
1.238975e+01	3.363417e+00	2.160437e-04	242369617.000000	0.000000e+00
1.239175e+01	3.363025e+00	2.159522e-04	242518489.000000	0.000000e+00
1.239374e+01	3.363188e+00	2.159299e-04	242592159.000000	0.000000e+00
1.239574e+01	3.362809e+00	2.158843e-04	242639905.000000	0.000000e+00
1.239773e+01	3.363049e+00	2.158770e-04	242690985.000000	0.000000e+00
1.239973e+01	3.362929e+00	2.157991e-04	242848885.000000	0.000000e+00
1.240172e+01	3.362531e+00	2.157671e-04	242863383.000000	0.000000e+00
1.240371e+01	3.362711e+00	2.157329e-04	242966473.000000	0.000000e+00
1.240571e+01	3.362574e+00	2.156830e-04	243059029.000000	0.000000e+00
1.240770e+01	3.362618e+00	2.156582e-04	243121287.000000	0.000000e+00
1.240970e+01	3.362496e+00	2.156182e-04	243193981.000000	0.000000e+00
1.241169e+01	3.362530e+00	2.155886e-04	243265617.000000	0.000000e+00
1.241369e+01	3.362126e+00	2.155458e-04	243303733.000000	0.000000e+00
1.241568e+01	3.362392e+00	2.154771e-04	243497571.000000	0.000000e+00
1.241768e+01	3.362257e+00	2.154607e-04	243514873.000000	0.000000e+00
1.241967e+01	3.362499e+00	2.154430e-04	243590113.000000	0.000000e+00
1.242167e+01	3.361673e+00	2.153721e-04	243630723.000000	0.000000e+00
1.242366e+01	3.361881e+00	2.153249e-04	243767605.000000	0.000000e+00
1.242566e+01	3.361651e+00	2.152650e-04	243870069.000000	0.000000e+00
1.242765e+01	3.361453e+00	2.152581e-04	243856867.000000	0.000000e+00
1.242965e+01	3.361293e+00	2.151944e-04	243977965.000000	0.000000e+00
1.243164e+01	3.361562e+00	2.151736e-04	244064205.000000	0.000000e+00
1.243363e+01	3.361743e+00	2.151419e-04	244162489.000000	0.000000e+00
1.243563e+01	3.361675e+00	2.151131e-04	244218183.000000	0.000000e+00
1.243762e+01	3.361284e+00	2.150634e-04	244274077.000000	0.000000e+00
1.243962e+01	3.360998e+00	2.150103e-04	244353177.000000	0.000000e+00
1.244161e+01	3.361364e+00	2.149781e-04	244479691.000000	0.000000e+00
1.244361e+01	3.361130e+00	2.149369e-04	244539253.000000	0.000000e+00
1.244560e+01	3.361177e+00	2.149290e-04	244564113.000000	0.000000e+00
1.244760e+01	3.361267e+00	2.148690e-04	244713853.000000	0.000000e+00
1.244959e+01	3.360821e+00	2.148125e-04	244777539.000000	0.000000e+00
1.245159e+01	3.361078e+00	2.148281e-04	244779409.000000	0.000000e+00
1.245358e+01	3.360720e+00	2.146987e-04	245022297.000000	0.000000e+00
1.245558e+01	3.361001e+00	2.147502e-04	244946023.000000	0.000000e+00
1.245757e+01	3.360761e+00	2.146683e-04	245097793.000000	0.000000e+00
1.245957e+01	3.360687e+00	2.146452e-04	245139777.000000	0.000000e+00
1.246156e+01	3.360826e+00	2.146271e-04	245201215.000000	0.000000e+00
1.246355e+01	3.360219e+00	2.145088e-04	245383389.000000	0.000000e+00
1.246555e+01	3.361030e+00	2.145857e-04	245325781.000000	0.000000e+00
1.246754e+01	3.360662e+00	2.145048e-04	245457081.000000	0.000000e+00
1.246954e+01	3.360277e+00	2.144230e-04	245588263.000000	0.000000e+00
1.247153e+01	3.360506e+00	2.144313e-04	245602537.000000	0.000000e+00
1.247353e+01	3.360521e+00	2.143772e-04	245728809.000000	0.000000e+00
1.247552e+01	3.360562e+00	2.143523e-04	245791939.000000	0.000000e+00
1.247752e+01	3.360620e+00	2.143309e-04	245849457.000000	0.000000e+00
1.247951e+01	3.360676e+00	2.142881e-04	245956033.000000	0.000000e+00
1.248151e+01	3.360445e+00	2.142337e-04	246047017.000000	0.000000e+00
1.248350e+01	3.360581e+00	2.142232e-04	246091107.000000	0.000000e+00
1.248550e+01	3.360330e+00	2.141674e-04	246182425.000000	0.000000e+00
1.248749e+01	3.360763e+00	2.141645e-04	246252729.000000	0.000000e+00
1.248948e+01	3.360229e+00	2.141113e-04	246296527.000000	0.000000e+00
1.249148e+01	3.360097e+00	2.140500e-04	246418533.000000	0.000000e+00
1.249347e+01	3.360007e+00	2.140318e-04	246447265.000000	0.000000e+00
1.249547e+01	3.360044e+00	2.139531e-04	246634027.000000	0.000000e+00
1.249746e+01	3.360091e+00	2.139788e-04	246581649.000000	0.000000e+00
1.249946e+01	3.360465e+00	2.139138e-04	246786397.000000	0.000000e+00
1.250145e+01	3.360475e+00	2.139165e-04	246781617.000000	0.000000e+00
1.250345e+01	3.360708e+00	2.138693e-04	246924667.000000	0.000000e+00
1.250544e+01	3.360316e+00	2.138439e-04	246925737.000000	0.000000e+00
1.250744e+01	3.360278e+00	2.137636e-04	247105777.000000	0.000000e+00
1.250943e+01	3.360399e+00	2.137709e-04	247106599.000000	0.000000e+00
1.251143e+01	3.360083e+00	2.137194e-04	247179321.000000	0.000000e+00
1.251342e+01	3.360041e+00	2.136936e-04	247232809.000000	0.000000e+00
1.251541e+01	3.360553e+00	2.136481e-04	247413597.000000	0.000000e+00
1.251741e+01	3.360101e+00	2.136088e-04	247438003.000000	0.000000e+00
1.251940e+01	3.360195e+00	2.135881e-04	247499713.000000	0.000000e+00
1.252140e+01	3.360016e+00	2.135243e-04	247621389.000000	0.000000e+00
1.252339e+01	3.360226e+00	2.135132e-04	247678039.000000	0.000000e+00
1.252539e+01	3.360554e+00	2.134863e-04	247788849.000000	0.000000e+00
1.252738e+01	3.360414e+00	2.134878e-04	247764757.000000	0.000000e+00
1.252938e+01	3.360430e+00	2.134085e-04	247951281.000000	0.000000e+00
1.253137e+01	3.360238e+00	2.133876e-04	247971427.000000	0.000000e+00
1.253337e+01	3.360150e+00	2.133469e-04	248053261.000000	0.000000e+00
1.253536e+01	3.360451e+00	2.133100e-04	248183397.000000	0.000000e+00
1.253736e+01	3.360067e+00	2.132906e-04	248171875.000000	0.000000e+00
1.253935e+01	3.359962e+00	2.132050e-04	248355489.000000	0.000000e+00
1.254135e+01	3.360644e+00	2.132470e-04	248358685.000000	0.000000e+00
1.254334e+01	3.360715e+00	2.131908e-04	248500095.000000	0.000000e+00
1.254533e+01	3.360695e+00	2.131968e-04	248483185.000000	0.000000e+00
1.254733e+01	3.360721e+00	2.131183e-04	248669905.000000	0.000000e+00
1.254932e+01	3.360765e+00	2.131013e-04	248716245.000000	0.000000e+00
1.255132e+01	3.360479e+00	2.130496e-04	248794507.000000	0.000000e+00
1.255331e+01	3.360613e+00	2.130556e-04	248800389.000000	0.000000e+00
1.255531e+01	3.360781e+00	2.129965e-04	248963437.000000	0.000000e+00
1.255730e+01	3.360799e+00	2.129689e-04	249030579.000000	0.000000e+00
1.255930e+01	3.360966e+00	2.129675e-04	249058525.000000	0.000000e+00
1.256129e+01	3.360775e+00	2.128913e-04	249208645.000000	0.000000e+00
1.256329e+01	3.361174e+00	2.129075e-04	249229977.000000	0.000000e+00
1.256528e+01	3.360745e+00	2.128230e-04	249364087.000000	0.000000e+00
1.256728e+01	3.360392e+00	2.128073e-04	249348619.500000	0.000000e+00
1.256927e+01	3.360006e+00	2.127995e-04	249309406.000000	0.000000e+00
1.257127e+01	3.358617e+00	2.127205e-04	249288616.000000	0.000000e+00
1.257326e+01	3.358181e+00	2.127093e-04	249249918.000000	0.000000e+00
1.257525e+01	3.356921e+00	2.126406e-04	249224152.000000	0.000000e+00
1.257725e+01	3.355931e+00	2.126199e-04	249125574.000000	0.000000e+00
1.257924e+01	3.355142e+00	2.125660e-04	249134812.000000	0.000000e+00
1.258124e+01	3.354672e+00	2.125518e-04	249098238.000000	0.000000e+00
1.258323e+01	3.353586e+00	2.125301e-04	248987710.000000	0.000000e+00
1.258523e+01	3.352640e+00	2.124506e-04	249033646.000000	0.000000e+00
1.258722e+01	3.352124e+00	2.124419e-04	248977272.000000	0.000000e+00
1.258922e+01	3.350824e+00	2.124002e-04	248881948.000000	0.000000e+00
1.259121e+01	3.350104e+00	2.123289e-04	248942070.000000	0.000000e+00
1.259321e+01	3.349539e+00	2.123512e-04	248805898.000000	0.000000e+00
1.259520e+01	3.348438e+00	2.122938e-04	248776674.000000	0.000000e+00
1.259720e+01	3.347714e+00	2.122463e-04	248780578.000000	0.000000e+00
1.259919e+01	3.346791e+00	2.122204e-04	248704204.000000	0.000000e+00
1.260118e+01	3.345398e+00	2.121106e-04	248754354.000000	0.000000e+00
1.260318e+01	3.345364e+00	2.121567e-04	248641396.000000	0.000000e+00
1.260517e+01	3.344044e+00	2.120967e-04	248585634.000000	0.000000e+00
1.260717e+01	3.343646e+00	2.120969e-04	248526058.000000	0.000000e+00
1.260916e+01	3.342789e+00	2.120274e-04	248561652.000000	0.000000e+00
1.261116e+01	3.341864e+00	2.120198e-04	248441782.000000	0.000000e+00
1.261315e+01	3.340646e+00	2.119382e-04	248452102.000000	0.000000e+00
1.261515e+01	3.339740e+00	2.118893e-04	248431758.000000	0.000000e+00
1.261714e+01	3.338986e+00	2.118775e-04	248347492.000000	0.000000e+00
1.261914e+01	3.337574e+00	2.117934e-04	248334390.000000	0.000000e+00
1.262113e+01	3.337601e+00	2.118253e-04	248263708.000000	0.000000e+00
1.262313e+01	3.336069e+00	2.117184e-04	248286364.000000	0.000000e+00
1.262512e+01	3.335618e+00	2.117459e-04	248154792.000000	0.000000e+00
1.262712e+01	3.334652e+00	2.116947e-04	248130946.000000	0.000000e+00
1.262911e+01	3.334007e+00	2.116491e-04	248142012.000000	0.000000e+00
1.263110e+01	3.333031e+00	2.116144e-04	248078056.000000	0.000000e+00
1.263310e+01	3.331677e+00	2.115458e-04	248037300.000000	0.000000e+00
1.263509e+01	3.330938e+00	2.115084e-04	248014906.000000	0.000000e+00
1.263709e+01	3.330373e+00	2.114942e-04	247964104.000000	0.000000e+00
1.263908e+01	3.329577e+00	2.114559e-04	247935456.000000	0.000000e+00
1.264108e+01	3.328968e+00	2.114584e-04	247838872.000000	0.000000e+00
1.264307e+01	3.327721e+00	2.113727e-04	247854186.000000	0.000000e+00
1.264507e+01	3.327238e+00	2.113819e-04	247760596.000000	0.000000e+00
1.264706e+01	3.326303e+00	2.113062e-04	247798614.000000	0.000000e+00
1.264906e+01	3.325401e+00	2.112718e-04	247744984.000000	0.000000e+00
1.265105e+01	3.324702e+00	2.112810e-04	247619284.000000	0.000000e+00
1.265305e+01	3.323639e+00	2.112034e-04	247642938.000000	0.000000e+00
1.265504e+01	3.323058e+00	2.111964e-04	247572862.000000	0.000000e+00
1.265703e+01	3.321686e+00	2.111063e-04	247579572.000000	0.000000e+00
1.265903e+01	3.320894e+00	2.110827e-04	247516786.000000	0.000000e+00
1.266102e+01	3.320573e+00	2.110870e-04	247458966.000000	0.000000e+00
1.266302e+01	3.319610e+00	2.110294e-04	247450486.000000	0.000000e+00
1.266501e+01	3.318454e+00	2.109742e-04	247407574.000000	0.000000e+00
1.266701e+01	3.317422e+00	2.109417e-04	247329978.000000	0.000000e+00
1.266900e+01	3.317022e+00	2.109370e-04	247281310.000000	0.000000e+00
1.267100e+01	3.316028e+00	2.108821e-04	247261680.000000	0.000000e+00
1.267299e+01	3.315053e+00	2.108285e-04	247242112.000000	0.000000e+00
1.267499e+01	3.314234e+00	2.108028e-04	247179994.000000	0.000000e+00
1.267698e+01	3.313582e+00	2.107894e-04	247114302.000000	0.000000e+00
1.267898e+01	3.312475e+00	2.106889e-04	247184932.000000	0.000000e+00
1.268097e+01	3.311466e+00	2.106882e-04	247035996.000000	0.000000e+00
1.268297e+01	3.310967e+00	2.106933e-04	246949630.000000	0.000000e+00
1.268496e+01	3.309915e+00	2.105916e-04	247031082.000000	0.000000e+00
1.268695e+01	3.309482e+00	2.106062e-04	246932068.000000	0.000000e+00
1.268895e+01	3.308452e+00	2.105381e-04	246938350.000000	0.000000e+00
1.269094e+01	3.307464e+00	2.105359e-04	246795822.000000	0.000000e+00
1.269294e+01	3.306456e+00	2.104542e-04	246837040.000000	0.000000e+00
1.269493e+01	3.305787e+00	2.104263e-04	246802482.000000	0.000000e+00
1.269693e+01	3.305170e+00	2.104115e-04	246745018.000000	0.000000e+00
1.269892e+01	3.304083e+00	2.103789e-04	246659286.000000	0.000000e+00
1.270092e+01	3.303416e+00	2.103244e-04	246687592.000000	0.000000e+00
1.270291e+01	3.302634e+00	2.103079e-04	246609472.000000	0.000000e+00
1.270491e+01	3.301668e+00	2.102734e-04	246546246.000000	0.000000e+00
1.270690e+01	3.301198e+00	2.102582e-04	246511564.000000	0.000000e+00
1.270890e+01	3.299889e+00	2.101824e-04	246493824.000000	0.000000e+00
1.271089e+01	3.299102e+00	2.101346e-04	246488356.000000	0.000000e+00
1.271289e+01	3.298755e+00	2.101810e-04	246327646.000000	0.000000e+00
1.271488e+01	3.297450e+00	2.100725e-04	246387198.000000	0.000000e+00
1.271687e+01	3.296975e+00	2.100651e-04	246333424.000000	0.000000e+00
1.271887e+01	3.296275e+00	2.100399e-04	246288000.000000	0.000000e+00
1.272086e+01	3.295077e+00	2.099943e-04	246215938.000000	0.000000e+00
1.272286e+01	3.294277e+00	2.099521e-04	246195288.000000	0.000000e+00
1.272485e+01	3.293473e+00	2.099113e-04	246170698.000000	0.000000e+00
1.272685e+01	3.291945e+00	2.098590e-04	246065002.000000	0.000000e+00
1.272884e+01	3.291598e+00	2.098150e-04	246116292.000000	0.000000e+00
1.273084e+01	3.290552e+00	2.098056e-04	245981944.000000	0.000000e+00
1.273283e+01	3.289668e+00	2.097383e-04	246007806.000000	0.000000e+00
1.273483e+01	3.289300e+00	2.097498e-04	245925736.000000	0.000000e+00
1.273682e+01	3.288470e+00	2.096926e-04	245935686.000000	0.000000e+00
1.273882e+01	3.287422e+00	2.096490e-04	245881282.000000	0.000000e+00
1.274081e+01	3.286811e+00	2.096442e-04	245800984.000000	0.000000e+00
1.274280e+01	3.285674e+00	2.095974e-04	245740656.000000	0.000000e+00
1.274480e+01	3.284740e+00	2.095292e-04	245760850.000000	0.000000e+00
1.274679e+01	3.284058e+00	2.095037e-04	245718630.000000	0.000000e+00
1.274879e+01	3.283243e+00	2.094754e-04	245663116.000000	0.000000e+00
1.275078e+01	3.282447e+00	2.094648e-04	245568696.000000	0.000000e+00
1.275278e+01	3.281281e+00	2.093766e-04	245601274.000000	0.000000e+00
1.275477e+01	3.280979e+00	2.093981e-04	245505538.000000	0.000000e+00
1.275677e+01	3.280202e+00	2.093682e-04	245459514.000000	0.000000e+00
1.275876e+01	3.279392e+00	2.093202e-04	245450746.000000	0.000000e+00
1.276076e+01	3.278401e+00	2.092860e-04	245382498.000000	0.000000e+00
1.276275e+01	3.277589e+00	2.092134e-04	245431366.000000	0.000000e+00
1.276475e+01	3.276782e+00	2.092337e-04	245262958.000000	0.000000e+00
1.276674e+01	3.276207e+00	2.092016e-04	245252166.000000	0.000000e+00
1.276873e+01	3.275128e+00	2.091333e-04	245250550.000000	0.000000e+00
1.277073e+01	3.274543e+00	2.091425e-04	245141562.000000	0.000000e+00
1.277272e+01	3.273554e+00	2.090350e-04	245245546.000000	0.000000e+00
1.277472e+01	3.272738e+00	2.090603e-04	245063934.000000	0.000000e+00
1.277671e+01	3.271924e+00	2.090007e-04	245081686.000000	0.000000e+00
1.277871e+01	3.270855e+00	2.089593e-04	245018620.000000	0.000000e+00
1.278070e+01	3.270108e+00	2.089150e-04	245010510.000000	0.000000e+00
1.278270e+01	3.269385e+00	2.089110e-04	244911622.000000	0.000000e+00
1.278469e+01	3.268431e+00	2.088537e-04	244903032.000000	0.000000e+00
1.278669e+01	3.268009e+00	2.088457e-04	244858588.000000	0.000000e+00
1.278868e+01	3.266881e+00	2.088118e-04	244769178.000000	0.000000e+00
1.279068e+01	3.266197e+00	2.087617e-04	244784062.000000	0.000000e+00
1.279267e+01	3.265629e+00	2.087405e-04	244748740.000000	0.000000e+00
1.279467e+01	3.264630e+00	2.087185e-04	244650414.000000	0.000000e+00
1.279666e+01	3.263700e+00	2.086530e-04	244664584.000000	0.000000e+00
1.279865e+01	3.262974e+00	2.086545e-04	244552392.000000	0.000000e+00
1.280065e+01	3.262449e+00	2.086091e-04	244580104.000000	0.000000e+00
1.280264e+01	3.261258e+00	2.085560e-04	244525986.000000	0.000000e+00
1.280464e+01	3.260477e+00	2.085198e-04	244493704.000000	0.000000e+00
1.280663e+01	3.259535e+00	2.084978e-04	244404100.000000	0.000000e+00
1.280863e+01	3.258695e+00	2.084675e-04	244349082.000000	0.000000e+00
1.281062e+01	3.258005e+00	2.084354e-04	244320778.000000	0.000000e+00
1.281262e+01	3.257046e+00	2.083581e-04	244358184.000000	0.000000e+00
1.281461e+01	3.256236e+00	2.083568e-04	244239706.000000	0.000000e+00
1.281661e+01	3.255789e+00	2.083450e-04	244200412.000000	0.000000e+00
1.281860e+01	3.255203e+00	2.083215e-04	244167594.000000	0.000000e+00
1.282060e+01	3.254225e+00	2.082549e-04	244176832.000000	0.000000e+00
1.282259e+01	3.253303e+00	2.082301e-04	244096704.000000	0.000000e+00
1.282459e+01	3.252191e+00	2.081793e-04	244048960.000000	0.000000e+00
1.282658e+01	3.251406e+00	2.081620e-04	243971628.000000	0.000000e+00
1.282857e+01	3.251114e+00	2.081606e-04	243931150.000000	0.000000e+00
1.283057e+01	3.249945e+00	2.080867e-04	243929014.000000	0.000000e+00
1.283256e+01	3.249348e+00	2.080815e-04	243851442.000000	0.000000e+00
1.283456e+01	3.248224e+00	2.080128e-04	243843940.000000	0.000000e+00
1.283655e+01	3.246870e+00	2.079355e-04	243821910.000000	0.000000e+00
1.283855e+01	3.246943e+00	2.079720e-04	243747118.000000	0.000000e+00
1.284054e+01	3.245809e+00	2.079379e-04	243656856.000000	0.000000e+00
1.284254e+01	3.244936e+00	2.078882e-04	243642358.000000	0.000000e+00
1.284453e+01	3.244393e+00	2.078514e-04	243647002.000000	0.000000e+00
1.284653e+01	3.243985e+00	2.078597e-04	243566106.000000	0.000000e+00
1.284852e+01	3.242721e+00	2.077841e-04	243553552.000000	0.000000e+00
1.285052e+01	3.242114e+00	2.077753e-04	243482994.000000	0.000000e+00
1.285251e+01	3.241050e+00	2.077430e-04	243398950.000000	0.000000e+00
1.285450e+01	3.240299e+00	2.076981e-04	243391260.000000	0.000000e+00
1.285650e+01	3.239837e+00	2.076763e-04	243373030.000000	0.000000e+00
1.285849e+01	3.238922e+00	2.076632e-04	243266254.000000	0.000000e+00
1.286049e+01	3.237873e+00	2.075730e-04	243320040.000000	0.000000e+00
1.286248e+01	3.236956e+00	2.075749e-04	243177814.000000	0.000000e+00
1.286448e+01	3.236391e+00	2.075101e-04	243244794.000000	0.000000e+00
1.286647e+01	3.235623e+00	2.075230e-04	243098980.000000	0.000000e+00
1.286847e+01	3.234916e+00	2.074756e-04	243103966.000000	0.000000e+00
1.287046e+01	3.234080e+00	2.074518e-04	243034014.000000	0.000000e+00
1.287246e+01	3.233103e+00	2.073852e-04	243043342.000000	0.000000e+00
1.287445e+01	3.232566e+00	2.073841e-04	242964990.000000	0.000000e+00
1.287645e+01	3.231704e+00	2.073743e-04	242858506.000000	0.000000e+00
1.287844e+01	3.230813e+00	2.072806e-04	242944056.000000	0.000000e+00
1.288044e+01	3.230308e+00	2.073042e-04	242812768.000000	0.000000e+00
1.288243e+01	3.229118e+00	2.072299e-04	242807974.000000	0.000000e+00
1.288442e+01	3.228493e+00	2.072373e-04	242696724.000000	0.000000e+00
1.288642e+01	3.227592e+00	2.071673e-04	242725126.000000	0.000000e+00
1.288841e+01	3.227353e+00	2.071822e-04	242654268.000000	0.000000e+00
1.289041e+01	3.226343e+00	2.071377e-04	242606848.000000	0.000000e+00
1.289240e+01	3.225222e+00	2.070635e-04	242611788.000000	0.000000e+00
1.289440e+01	3.224402e+00	2.070722e-04	242468164.000000	0.000000e+00
1.289639e+01	3.223818e+00	2.070189e-04	242505136.000000	0.000000e+00
1.289839e+01	3.223306e+00	2.070059e-04	242458626.000000	0.000000e+00
1.290038e+01	3.222196e+00	2.069658e-04	242385538.000000	0.000000e+00
1.290238e+01	3.221397e+00	2.069205e-04	242371476.000000	0.000000e+00
1.290437e+01	3.220738e+00	2.068997e-04	242320852.000000	0.000000e+00
1.290637e+01	3.219421e+00	2.068372e-04	242269360.000000	0.000000e+00
1.290836e+01	3.219301e+00	2.068575e-04	242203488.000000	0.000000e+00
1.291036e+01	3.218876e+00	2.068448e-04	242169526.000000	0.000000e+00
1.291235e+01	3.217674e+00	2.067694e-04	242165136.000000	0.000000e+00
1.291434e+01	3.217112e+00	2.067927e-04	242025904.000000	0.000000e+00
1.291634e+01	3.216106e+00	2.067141e-04	242058558.000000	0.000000e+00
1.291833e+01	3.215142e+00	2.066748e-04	242005438.000000	0.000000e+00
1.292033e+01	3.214903e+00	2.066647e-04	241993192.000000	0.000000e+00
1.292232e+01	3.213661e+00	2.066162e-04	241919658.000000	0.000000e+00
1.292432e+01	3.212942e+00	2.065808e-04	241894480.000000	0.000000e+00
1.292631e+01	3.212037e+00	2.065610e-04	241804494.000000	0.000000e+00
1.292831e+01	3.211287e+00	2.065360e-04	241749946.000000	0.000000e+00
1.293030e+01	3.210205e+00	2.064710e-04	241739280.000000	0.000000e+00
1.293230e+01	3.209841e+00	2.064685e-04	241690342.000000	0.000000e+00
1.293429e+01	3.209062e+00	2.064319e-04	241658884.000000	0.000000e+00
1.293629e+01	3.208477e+00	2.064121e-04	241617120.000000	0.000000e+00
1.293828e+01	3.207369e+00	2.063668e-04	241556056.000000	0.000000e+00
1.294027e+01	3.206188e+00	2.063117e-04	241507248.000000	0.000000e+00
1.294227e+01	3.206036e+00	2.063098e-04	241488784.000000	0.000000e+00
1.294426e+01	3.204968e+00	2.062777e-04	241403028.000000	0.000000e+00
1.294626e+01	3.204156e+00	2.062314e-04	241389262.000000	0.000000e+00
1.294825e+01	3.203424e+00	2.062104e-04	241327972.000000	0.000000e+00
1.295025e+01	3.203023e+00	2.061749e-04	241350732.000000	0.000000e+00
1.295224e+01	3.201759e+00	2.061752e-04	241159690.000000	0.000000e+00
1.295424e+01	3.201152e+00	2.060854e-04	241278216.000000	0.000000e+00
1.295623e+01	3.200543e+00	2.061083e-04	241132768.000000	0.000000e+00
1.295823e+01	3.199154e+00	2.060184e-04	241133992.000000	0.000000e+00
1.296022e+01	3.198913e+00	2.060333e-04	241062762.000000	0.000000e+00
1.296222e+01	3.198154e+00	2.059882e-04	241053940.000000	0.000000e+00
1.296421e+01	3.197181e+00	2.059592e-04	240975060.000000	0.000000e+00
1.296621e+01	3.196363e+00	2.059116e-04	240963178.000000	0.000000e+00
1.296820e+01	3.196052e+00	2.059540e-04	240817014.000000	0.000000e+00
1.297019e+01	3.194521e+00	2.058249e-04	240888316.000000	0.000000e+00
1.297219e+01	3.194410e+00	2.058663e-04	240774550.000000	0.000000e+00
1.297418e+01	3.193321e+00	2.057979e-04	240770490.000000	0.000000e+00
1.297618e+01	3.192965e+00	2.057830e-04	240751684.000000	0.000000e+00
1.297817e+01	3.192021e+00	2.057824e-04	240610632.000000	0.000000e+00
1.298017e+01	3.191337e+00	2.057210e-04	240651214.000000	0.000000e+00
1.298216e+01	3.190020e+00	2.056612e-04	240592536.000000	0.000000e+00
1.298416e+01	3.189745e+00	2.056599e-04	240554236.000000	0.000000e+00
1.298615e+01	3.189128e+00	2.056580e-04	240465382.000000	0.000000e+00
1.298815e+01	3.187830e+00	2.055918e-04	240424488.000000	0.000000e+00
1.299014e+01	3.186775e+00	2.055303e-04	240409192.000000	0.000000e+00
1.299214e+01	3.186321e+00	2.055028e-04	240404982.000000	0.000000e+00
1.299413e+01	3.185641e+00	2.055089e-04	240288274.000000	0.000000e+00
1.299612e+01	3.185280e+00	2.055105e-04	240229932.000000	0.000000e+00
1.299812e+01	3.184318e+00	2.054370e-04	240256732.000000	0.000000e+00
1.300011e+01	3.183631e+00	2.054224e-04	240187120.000000	0.000000e+00
1.300211e+01	3.182523e+00	2.053822e-04	240114072.000000	0.000000e+00
1.300410e+01	3.181964e+00	2.053622e-04	240076492.000000	0.000000e+00
1.300610e+01	3.181198e+00	2.053358e-04	240022560.000000	0.000000e+00
1.300809e+01	3.180493e+00	2.052843e-04	240036730.000000	0.000000e+00
1.301009e+01	3.179845e+00	2.053075e-04	239884552.000000	0.000000e+00
1.301208e+01	3.179319e+00	2.052535e-04	239931360.000000	0.000000e+00
1.301408e+01	3.178043e+00	2.051814e-04	239907358.000000	0.000000e+00
1.301607e+01	3.177447e+00	2.052102e-04	239750154.000000	0.000000e+00
1.301807e+01	3.176761e+00	2.051428e-04	239804032.000000	0.000000e+00
1.302006e+01	3.175876e+00	2.051291e-04	239702538.000000	0.000000e+00
1.302206e+01	3.175073e+00	2.050910e-04	239670412.000000	0.000000e+00
1.302405e+01	3.174347e+00	2.050423e-04	239674456.000000	0.000000e+00
1.302604e+01	3.173724e+00	2.050167e-04	239640252.000000	0.000000e+00
1.302804e+01	3.172773e+00	2.050156e-04	239499292.000000	0.000000e+00
1.303003e+01	3.172218e+00	2.050006e-04	239450400.000000	0.000000e+00
1.303203e+01	3.171959e+00	2.049667e-04	239490610.000000	0.000000e+00
1.303402e+01	3.170977e+00	2.049550e-04	239369700.000000	0.000000e+00
1.303602e+01	3.169691e+00	2.048438e-04	239435272.000000	0.000000e+00
1.303801e+01	3.168993e+00	2.048723e-04	239263204.000000	0.000000e+00
1.304001e+01	3.168037e+00	2.048299e-04	239217924.000000	0.000000e+00
1.304200e+01	3.167449e+00	2.047406e-04	239337718.000000	0.000000e+00
1.304400e+01	3.166596e+00	2.047756e-04	239127036.000000	0.000000e+00
1.304599e+01	3.166238e+00	2.047595e-04	239110780.000000	0.000000e+00
1.304799e+01	3.164991e+00	2.046906e-04	239083266.000000	0.000000e+00
1.304998e+01	3.164656e+00	2.046561e-04	239113204.000000	0.000000e+00
1.305198e+01	3.163568e+00	2.046547e-04	238952038.000000	0.000000e+00
1.305397e+01	3.163343e+00	2.046537e-04	238920432.000000	0.000000e+00
1.305596e+01	3.162278e+00	2.045694e-04	238956550.000000	0.000000e+00
1.305796e+01	3.161293e+00	2.045542e-04	238843128.000000	0.000000e+00
1.305995e+01	3.160698e+00	2.045355e-04	238796842.000000	0.000000e+00
1.306195e+01	3.160003e+00	2.045069e-04	238758724.000000	0.000000e+00
1.306394e+01	3.159396e+00	2.044693e-04	238754640.000000	0.000000e+00
1.306594e+01	3.158591e+00	2.044464e-04	238686328.000000	0.000000e+00
1.306793e+01	3.157950e+00	2.044338e-04	238618974.000000	0.000000e+00
1.306993e+01	3.156856e+00	2.043885e-04	238559374.000000	0.000000e+00
1.307192e+01	3.156751e+00	2.043859e-04	238549590.000000	0.000000e+00
1.307392e+01	3.155562e+00	2.043329e-04	238493776.000000	0.000000e+00
1.307591e+01	3.154529e+00	2.042712e-04	238481602.000000	0.000000e+00
1.307791e+01	3.153945e+00	2.043089e-04	238305384.000000	0.000000e+00
1.307990e+01	3.153257e+00	2.042213e-04	238405582.000000	0.000000e+00
1.308189e+01	3.152631e+00	2.042178e-04	238319184.000000	0.000000e+00
1.308389e+01	3.152100e+00	2.042112e-04	238254406.000000	0.000000e+00
1.308588e+01	3.150820e+00	2.041513e-04	238200618.000000	0.000000e+00
1.308788e+01	3.150685e+00	2.041584e-04	238163602.000000	0.000000e+00
1.308987e+01	3.149503e+00	2.040841e-04	238158310.000000	0.000000e+00
1.309187e+01	3.148899e+00	2.040981e-04	238034196.000000	0.000000e+00
1.309386e+01	3.148266e+00	2.040356e-04	238084264.000000	0.000000e+00
1.309586e+01	3.147641e+00	2.040498e-04	237956670.000000	0.000000e+00
1.309785e+01	3.146546e+00	2.039987e-04	237910336.000000	0.000000e+00
1.309985e+01	3.145982e+00	2.039601e-04	237914950.000000	0.000000e+00
1.310184e+01	3.145308e+00	2.039226e-04	237900624.000000	0.000000e+00
1.310384e+01	3.144813e+00	2.039526e-04	237755914.000000	0.000000e+00
1.310583e+01	3.143594e+00	2.038717e-04	237760110.000000	0.000000e+00
1.310783e+01	3.143265e+00	2.038648e-04	237726328.000000	0.000000e+00
1.310982e+01	3.142120e+00	2.038345e-04	237623886.000000	0.000000e+00
1.311181e+01	3.141635e+00	2.037983e-04	237635020.000000	0.000000e+00
1.311381e+01	3.140744e+00	2.037811e-04	237540292.000000	0.000000e+00
1.311580e+01	3.140185e+00	2.037414e-04	237548166.000000	0.000000e+00
1.311780e+01	3.139105e+00	2.037142e-04	237448300.000000	0.000000e+00
1.311979e+01	3.138595e+00	2.036623e-04	237492216.000000	0.000000e+00
1.312179e+01	3.137909e+00	2.037002e-04	237299920.000000	0.000000e+00
1.312378e+01	3.137235e+00	2.036395e-04	237339570.000000	0.000000e+00
1.312578e+01	3.136410e+00	2.035922e-04	237324892.000000	0.000000e+00
1.312777e+01	3.136246e+00	2.036202e-04	237234964.000000	0.000000e+00
1.312977e+01	3.135083e+00	2.035603e-04	237198618.000000	0.000000e+00
1.313176e+01	3.134447e+00	2.035286e-04	237176044.000000	0.000000e+00
1.313376e+01	3.133748e+00	2.035303e-04	237066246.000000	0.000000e+00
1.313575e+01	3.132676e+00	2.034858e-04	237007948.000000	0.000000e+00
1.313774e+01	3.132049e+00	2.034318e-04	237038670.000000	0.000000e+00
1.313974e+01	3.131028e+00	2.033997e-04	236959114.000000	0.000000e+00
1.314173e+01	3.130709e+00	2.033977e-04	236915356.000000	0.000000e+00
1.314373e+01	3.130024e+00	2.033754e-04	236863662.000000	0.000000e+00
1.314572e+01	3.129144e+00	2.033391e-04	236815072.000000	0.000000e+00
1.314772e+01	3.128454e+00	2.033137e-04	236769894.000000	0.000000e+00
1.314971e+01	3.127849e+00	2.032805e-04	236755516.000000	0.000000e+00
1.315171e+01	3.127364e+00	2.032786e-04	236686504.000000	0.000000e+00
1.315370e+01	3.126079e+00	2.032241e-04	236618916.000000	0.000000e+00
1.315570e+01	3.125492e+00	2.032015e-04	236582704.000000	0.000000e+00
1.315769e+01	3.124994e+00	2.031673e-04	236587014.000000	0.000000e+00
1.315969e+01	3.124448e+00	2.031966e-04	236436136.000000	0.000000e+00
1.316168e+01	3.123454e+00	2.031167e-04	236471664.000000	0.000000e+00
1.316368e+01	3.122391e+00	2.030805e-04	236394976.000000	0.000000e+00
1.316567e+01	3.121883e+00	2.030832e-04	236311774.000000	0.000000e+00
1.316766e+01	3.121357e+00	2.030397e-04	236333484.000000	0.000000e+00
1.316966e+01	3.120959e+00	2.030330e-04	236288590.000000	0.000000e+00
1.317165e+01	3.120000e+00	2.030227e-04	236167344.000000	0.000000e+00
1.317365e+01	3.119059e+00	2.029499e-04	236194264.000000	0.000000e+00
1.317564e+01	3.118389e+00	2.029612e-04	236066580.000000	0.000000e+00
1.317764e+01	3.117447e+00	2.028884e-04	236093278.000000	0.000000e+00
1.317963e+01	3.116878e+00	2.028964e-04	235988476.000000	0.000000e+00
1.318163e+01	3.116272e+00	2.028424e-04	236022528.000000	0.000000e+00
1.318362e+01	3.115270e+00	2.028249e-04	235911370.000000	0.000000e+00
1.318562e+01	3.114756e+00	2.028085e-04	235871688.000000	0.000000e+00
1.318761e+01	3.114197e+00	2.027915e-04	235826446.000000	0.000000e+00
1.318961e+01	3.113435e+00	2.027724e-04	235755606.000000	0.000000e+00
1.319160e+01	3.112393e+00	2.026959e-04	235775626.000000	0.000000e+00
1.319360e+01	3.112104e+00	2.027168e-04	235683202.000000	0.000000e+00
1.319559e+01	3.111532e+00	2.026924e-04	235653294.000000	0.000000e+00
1.319758e+01	3.110444e+00	2.026627e-04	235557706.000000	0.000000e+00
1.319958e+01	3.109550e+00	2.025941e-04	235581774.000000	0.000000e+00
1.320157e+01	3.109111e+00	2.026130e-04	235471276.000000	0.000000e+00
1.320357e+01	3.108240e+00	2.025470e-04	235492666.000000	0.000000e+00
1.320556e+01	3.107626e+00	2.025577e-04	235374906.000000	0.000000e+00
1.320756e+01	3.107078e+00	2.025440e-04	235323622.000000	0.000000e+00
1.320955e+01	3.106051e+00	2.024737e-04	235331400.000000	0.000000e+00
1.321155e+01	3.105464e+00	2.024668e-04	235258564.000000	0.000000e+00
1.321354e+01	3.104947e+00	2.024510e-04	235216998.000000	0.000000e+00
1.321554e+01	3.103635e+00	2.024057e-04	235123228.000000	0.000000e+00
1.321753e+01	3.103772e+00	2.024074e-04	235140250.000000	0.000000e+00
1.321953e+01	3.102630e+00	2.023587e-04	235080330.000000	0.000000e+00
1.322152e+01	3.101331e+00	2.022913e-04	235039942.000000	0.000000e+00
1.322351e+01	3.101177e+00	2.023295e-04	234927912.000000	0.000000e+00
1.322551e+01	3.100488e+00	2.022688e-04	234964402.000000	0.000000e+00
1.322750e+01	3.100181e+00	2.022912e-04	234866022.000000	0.000000e+00
1.322950e+01	3.098730e+00	2.022124e-04	234829030.000000	0.000000e+00
1.323149e+01	3.098146e+00	2.022089e-04	234748750.000000	0.000000e+00
1.323349e+01	3.097714e+00	2.021830e-04	234743376.000000	0.000000e+00
1.323548e+01	3.096816e+00	2.021264e-04	234738850.000000	0.000000e+00
1.323748e+01	3.096272e+00	2.021552e-04	234589488.000000	0.000000e+00
1.323947e+01	3.095643e+00	2.021046e-04	234611500.000000	0.000000e+00
1.324147e+01	3.094879e+00	2.020919e-04	234525124.000000	0.000000e+00
1.324346e+01	3.094213e+00	2.020358e-04	234554334.000000	0.000000e+00
1.324546e+01	3.093360e+00	2.020407e-04	234413674.000000	0.000000e+00
1.324745e+01	3.092483e+00	2.020135e-04	234343884.000000	0.000000e+00
1.324945e+01	3.092240e+00	2.019836e-04	234376468.000000	0.000000e+00
1.325144e+01	3.090974e+00	2.019212e-04	234329514.000000	0.000000e+00
1.325343e+01	3.090905e+00	2.019572e-04	234235408.000000	0.000000e+00
1.325543e+01	3.089754e+00	2.018783e-04	234244072.000000	0.000000e+00
1.325742e+01	3.089472e+00	2.019277e-04	234086652.000000	0.000000e+00
1.325942e+01	3.088695e+00	2.018600e-04	234125902.000000	0.000000e+00
1.326141e+01	3.087529e+00	2.018224e-04	234036390.000000	0.000000e+00
1.326341e+01	3.086950e+00	2.017938e-04	234014848.000000	0.000000e+00
1.326540e+01	3.086550e+00	2.017835e-04	233978142.000000	0.000000e+00
1.326740e+01	3.085849e+00	2.017627e-04	233920114.000000	0.000000e+00
1.326939e+01	3.085367e+00	2.017675e-04	233836084.000000	0.000000e+00
1.327139e+01	3.084619e+00	2.017110e-04	233853666.000000	0.000000e+00
1.327338e+01	3.083817e+00	2.016913e-04	233777494.000000	0.000000e+00
1.327538e+01	3.083147e+00	2.016800e-04	233702268.000000	0.000000e+00
1.327737e+01	3.082274e+00	2.016410e-04	233660116.000000	0.000000e+00
1.327936e+01	3.081478e+00	2.015909e-04	233655510.000000	0.000000e+00
1.328136e+01	3.080748e+00	2.015819e-04	233565766.000000	0.000000e+00
1.328335e+01	3.080117e+00	2.015411e-04	233564620.000000	0.000000e+00
1.328535e+01	3.079494e+00	2.015751e-04	233391456.000000	0.000000e+00
1.328734e+01	3.078911e+00	2.015225e-04	233424976.000000	0.000000e+00
1.328934e+01	3.078252e+00	2.014793e-04	233425080.000000	0.000000e+00
1.329133e+01	3.077708e+00	2.014861e-04	233326672.000000	0.000000e+00
1.329333e+01	3.076653e+00	2.014304e-04	233295892.000000	0.000000e+00
1.329532e+01	3.075882e+00	2.014141e-04	233216676.000000	0.000000e+00
1.329732e+01	3.075658e+00	2.013870e-04	233245408.000000	0.000000e+00
1.329931e+01	3.074826e+00	2.014194e-04	233044278.000000	0.000000e+00
1.330131e+01	3.073899e+00	2.013194e-04	233135236.000000	0.000000e+00
1.330330e+01	3.073303e+00	2.013388e-04	232999968.000000	0.000000e+00
1.330530e+01	3.072623e+00	2.012751e-04	233044174.000000	0.000000e+00
1.330729e+01	3.072012e+00	2.012869e-04	232924258.000000	0.000000e+00
1.330928e+01	3.071130e+00	2.012468e-04	232883400.000000	0.000000e+00
1.331128e+01	3.070510e+00	2.012325e-04	232822372.000000	0.000000e+00
1.331327e+01	3.069767e+00	2.011800e-04	232831290.000000	0.000000e+00
1.331527e+01	3.069287e+00	2.012024e-04	232706572.000000	0.000000e+00
1.331726e+01	3.068330e+00	2.011346e-04	232718352.000000	0.000000e+00
1.331926e+01	3.067551e+00	2.011099e-04	232657414.000000	0.000000e+00
1.332125e+01	3.066813e+00	2.010996e-04	232569034.000000	0.000000e+00
1.332325e+01	3.066239e+00	2.010749e-04	232539252.000000	0.000000e+00
1.332524e+01	3.065837e+00	2.010642e-04	232503088.000000	0.000000e+00
1.332724e+01	3.065282e+00	2.010279e-04	232502778.000000	0.000000e+00
1.332923e+01	3.064504e+00	2.010267e-04	232387624.000000	0.000000e+00
1.333123e+01	3.063693e+00	2.009972e-04	232332780.000000	0.000000e+00
1.333322e+01	3.062725e+00	2.009420e-04	232313494.000000	0.000000e+00
1.333522e+01	3.062112e+00	2.009347e-04	232237450.000000	0.000000e+00
1.333721e+01	3.061612e+00	2.009142e-04	232209000.000000	0.000000e+00
1.333920e+01	3.061232e+00	2.009393e-04	232093312.000000	0.000000e+00
1.334120e+01	3.060222e+00	2.008554e-04	232133922.000000	0.000000e+00
1.334319e+01	3.059454e+00	2.008315e-04	232072732.000000	0.000000e+00
1.334519e+01	3.058529e+00	2.007787e-04	232054288.000000	0.000000e+00
1.334718e+01	3.058305e+00	2.008394e-04	231880206.000000	0.000000e+00
1.334918e+01	3.057586e+00	2.007760e-04	231917632.000000	0.000000e+00
1.335117e+01	3.056802e+00	2.007459e-04	231868260.000000	0.000000e+00
1.335317e+01	3.056134e+00	2.007301e-04	231803212.000000	0.000000e+00
1.335516e+01	3.055542e+00	2.006985e-04	231786648.000000	0.000000e+00
1.335716e+01	3.054747e+00	2.006765e-04	231716800.000000	0.000000e+00
1.335915e+01	3.054326e+00	2.006733e-04	231660256.000000	0.000000e+00
1.336115e+01	3.053352e+00	2.006433e-04	231581766.000000	0.000000e+00
1.336314e+01	3.053113e+00	2.006144e-04	231612160.000000	0.000000e+00
1.336513e+01	3.051925e+00	2.005974e-04	231471204.000000	0.000000e+00
1.336713e+01	3.051531e+00	2.005744e-04	231464650.000000	0.000000e+00
1.336912e+01	3.050983e+00	2.005563e-04	231423156.000000	0.000000e+00
1.337112e+01	3.050124e+00	2.005154e-04	231387370.000000	0.000000e+00
1.337311e+01	3.049642e+00	2.005344e-04	231270352.000000	0.000000e+00
1.337511e+01	3.048409e+00	2.004608e-04	231253146.000000	0.000000e+00
1.337710e+01	3.048192e+00	2.004429e-04	231261340.000000	0.000000e+00
1.337910e+01	3.047165e+00	2.004294e-04	231136908.000000	0.000000e+00
1.338109e+01	3.046873e+00	2.004211e-04	231111658.000000	0.000000e+00
1.338309e+01	3.046442e+00	2.004339e-04	231016614.000000	0.000000e+00
1.338508e+01	3.045396e+00	2.003404e-04	231073828.000000	0.000000e+00
1.338708e+01	3.045165e+00	2.003801e-04	230947168.000000	0.000000e+00
1.338907e+01	3.044318e+00	2.003454e-04	230898534.000000	0.000000e+00
1.339107e+01	3.043476e+00	2.003021e-04	230870728.000000	0.000000e+00
1.339306e+01	3.042867e+00	2.002879e-04	230811042.000000	0.000000e+00
1.339505e+01	3.042336e+00	2.002558e-04	230804446.000000	0.000000e+00
1.339705e+01	3.041149e+00	2.002306e-04	230682520.000000	0.000000e+00
1.339904e+01	3.040371e+00	2.001875e-04	230663820.000000	0.000000e+00
1.340104e+01	3.040374e+00	2.002115e-04	230608948.000000	0.000000e+00
1.340303e+01	3.039514e+00	2.001757e-04	230560782.000000	0.000000e+00
1.340503e+01	3.038865e+00	2.001457e-04	230531536.000000	0.000000e+00
1.340702e+01	3.038296e+00	2.001357e-04	230468364.000000	0.000000e+00
1.340902e+01	3.037662e+00	2.001246e-04	230397580.000000	0.000000e+00
1.341101e+01	3.036481e+00	2.000792e-04	230322880.000000	0.000000e+00
1.341301e+01	3.036552e+00	2.000816e-04	230328180.000000	0.000000e+00
1.341500e+01	3.035668e+00	2.000416e-04	230286310.000000	0.000000e+00
1.341700e+01	3.034855e+00	2.000212e-04	230209908.000000	0.000000e+00
1.341899e+01	3.034173e+00	1.999989e-04	230157616.000000	0.000000e+00
1.342098e+01	3.033689e+00	1.999823e-04	230122320.000000	0.000000e+00
1.342298e+01	3.032908e+00	1.999580e-04	230059996.000000	0.000000e+00
1.342497e+01	3.032343e+00	1.999465e-04	230000716.000000	0.000000e+00
1.342697e+01	3.031462e+00	1.999081e-04	229955268.000000	0.000000e+00
1.342896e+01	3.031444e+00	1.999131e-04	229941190.000000	0.000000e+00
1.343096e+01	3.029994e+00	1.998669e-04	229827552.000000	0.000000e+00
1.343295e+01	3.029687e+00	1.998569e-04	229803868.000000	0.000000e+00
1.343495e+01	3.028858e+00	1.998195e-04	229763962.000000	0.000000e+00
1.343694e+01	3.028156e+00	1.997937e-04	229716738.000000	0.000000e+00
1.343894e+01	3.027683e+00	1.997847e-04	229665880.000000	0.000000e+00
1.344093e+01	3.026656e+00	1.997413e-04	229609728.000000	0.000000e+00
1.344293e+01	3.026618e+00	1.997570e-04	229567858.000000	0.000000e+00
1.344492e+01	3.025786e+00	1.997420e-04	229476228.000000	0.000000e+00
1.344692e+01	3.025077e+00	1.996886e-04	229491274.000000	0.000000e+00
1.344891e+01	3.024597e+00	1.997202e-04	229345978.000000	0.000000e+00
1.345090e+01	3.023899e+00	1.996552e-04	229389348.000000	0.000000e+00
1.345290e+01	3.023214e+00	1.996336e-04	229335160.000000	0.000000e+00
1.345489e+01	3.022564e+00	1.996472e-04	229205148.000000	0.000000e+00
1.345689e+01	3.021790e+00	1.995700e-04	229265236.000000	0.000000e+00
1.345888e+01	3.021255e+00	1.996124e-04	229086648.000000	0.000000e+00
1.346088e+01	3.020263e+00	1.995346e-04	229114792.000000	0.000000e+00
1.346287e+01	3.019914e+00	1.995597e-04	229004230.000000	0.000000e+00
1.346487e+01	3.019626e+00	1.995221e-04	229046886.000000	0.000000e+00
1.346686e+01	3.018410e+00	1.994856e-04	228946156.000000	0.000000e+00
1.346886e+01	3.017863e+00	1.994837e-04	228867564.000000	0.000000e+00
1.347085e+01	3.017336e+00	1.994521e-04	228860194.000000	0.000000e+00
1.347285e+01	3.016404e+00	1.994029e-04	228831648.000000	0.000000e+00
1.347484e+01	3.016000e+00	1.994224e-04	228725770.000000	0.000000e+00
1.347684e+01	3.015184e+00	1.993920e-04	228671494.000000	0.000000e+00
1.347883e+01	3.015107e+00	1.994133e-04	228611100.000000	0.000000e+00
1.348082e+01	3.013745e+00	1.993236e-04	228610252.000000	0.000000e+00
1.348282e+01	3.012971e+00	1.992981e-04	228551370.000000	0.000000e+00
1.348481e+01	3.012523e+00	1.993044e-04	228468934.000000	0.000000e+00
1.348681e+01	3.011974e+00	1.992683e-04	228468214.000000	0.000000e+00
1.348880e+01	3.011449e+00	1.992755e-04	228372132.000000	0.000000e+00
1.349080e+01	3.010853e+00	1.992439e-04	228354172.000000	0.000000e+00
1.349279e+01	3.009976e+00	1.992373e-04	228236328.000000	0.000000e+00
1.349479e+01	3.009584e+00	1.992171e-04	228223192.000000	0.000000e+00
1.349678e+01	3.008956e+00	1.991889e-04	228192654.000000	0.000000e+00
1.349878e+01	3.008207e+00	1.991680e-04	228126790.000000	0.000000e+00
1.350077e+01	3.007271e+00	1.991298e-04	228072280.000000	0.000000e+00
1.350277e+01	3.006986e+00	1.991380e-04	228010440.000000	0.000000e+00
1.350476e+01	3.006379e+00	1.991031e-04	227998174.000000	0.000000e+00
1.350675e+01	3.005278e+00	1.990683e-04	227910894.000000	0.000000e+00
1.350875e+01	3.004674e+00	1.990304e-04	227906068.000000	0.000000e+00
1.351074e+01	3.004716e+00	1.990896e-04	227776878.000000	0.000000e+00
1.351274e+01	3.003810e+00	1.990146e-04	227811178.000000	0.000000e+00
1.351473e+01	3.003179e+00	1.990147e-04	227715208.000000	0.000000e+00
1.351673e+01	3.002776e+00	1.990213e-04	227639082.000000	0.000000e+00
1.351872e+01	3.001449e+00	1.989443e-04	227613910.000000	0.000000e+00
1.352072e+01	3.001436e+00	1.989699e-04	227553306.000000	0.000000e+00
1.352271e+01	3.000739e+00	1.989217e-04	227557900.000000	0.000000e+00
1.352471e+01	2.999977e+00	1.989288e-04	227426202.000000	0.000000e+00
1.352670e+01	2.999151e+00	1.988589e-04	227460814.000000	0.000000e+00
1.352870e+01	2.998884e+00	1.988860e-04	227358460.000000	0.000000e+00
1.353069e+01	2.998411e+00	1.989022e-04	227249526.000000	0.000000e+00
1.353269e+01	2.997422e+00	1.988159e-04	227296984.000000	0.000000e+00
1.353468e+01	2.996560e+00	1.988180e-04	227161470.000000	0.000000e+00
1.353667e+01	2.995748e+00	1.987609e-04	227168656.000000	0.000000e+00
1.353867e+01	2.995537e+00	1.987913e-04	227067280.000000	0.000000e+00
1.354066e+01	2.994706e+00	1.987539e-04	227026710.000000	0.000000e+00
1.354266e+01	2.994174e+00	1.987329e-04	226994152.000000	0.000000e+00
1.354465e+01	2.993421e+00	1.987036e-04	226946970.000000	0.000000e+00
1.354665e+01	2.993063e+00	1.986949e-04	226912426.000000	0.000000e+00
1.354864e+01	2.992343e+00	1.986704e-04	226859304.000000	0.000000e+00
1.355064e+01	2.991530e+00	1.986616e-04	226755940.000000	0.000000e+00
1.355263e+01	2.990973e+00	1.986237e-04	226758160.000000	0.000000e+00
1.355463e+01	2.990536e+00	1.986396e-04	226655448.000000	0.000000e+00
1.355662e+01	2.989416e+00	1.985561e-04	226676338.000000	0.000000e+00
1.355862e+01	2.989001e+00	1.985961e-04	226522176.000000	0.000000e+00
1.356061e+01	2.988800e+00	1.985780e-04	226533100.000000	0.000000e+00
1.356260e+01	2.987730e+00	1.985230e-04	226496208.000000	0.000000e+00
1.356460e+01	2.987445e+00	1.985650e-04	226357288.000000	0.000000e+00
1.356659e+01	2.986960e+00	1.985074e-04	226415200.000000	0.000000e+00
1.356859e+01	2.986335e+00	1.985067e-04	226321932.000000	0.000000e+00
1.357058e+01	2.984928e+00	1.984494e-04	226239334.000000	0.000000e+00
1.357258e+01	2.984806e+00	1.984378e-04	226247316.000000	0.000000e+00
1.357457e+01	2.984381e+00	1.984526e-04	226149256.000000	0.000000e+00
1.357657e+01	2.983857e+00	1.984365e-04	226106406.000000	0.000000e+00
1.357856e+01	2.983039e+00	1.984123e-04	226037554.000000	0.000000e+00
1.358056e+01	2.982673e+00	1.983801e-04	226055614.000000	0.000000e+00
1.358255e+01	2.981626e+00	1.983776e-04	225902640.000000	0.000000e+00
1.358455e+01	2.981043e+00	1.983374e-04	225905668.000000	0.000000e+00
1.358654e+01	2.980581e+00	1.983285e-04	225855912.000000	0.000000e+00
1.358854e+01	2.979826e+00	1.983291e-04	225740230.000000	0.000000e+00
1.359053e+01	2.979074e+00	1.982468e-04	225813580.000000	0.000000e+00
1.359252e+01	2.978921e+00	1.983098e-04	225646944.000000	0.000000e+00
1.359452e+01	2.977845e+00	1.982347e-04	225655048.000000	0.000000e+00
1.359651e+01	2.977129e+00	1.982248e-04	225569046.000000	0.000000e+00
1.359851e+01	2.976950e+00	1.982075e-04	225581188.000000	0.000000e+00
1.360050e+01	2.975960e+00	1.982149e-04	225414342.000000	0.000000e+00
1.360250e+01	2.975252e+00	1.981572e-04	225438340.000000	0.000000e+00
1.360449e+01	2.974930e+00	1.981657e-04	225370264.000000	0.000000e+00
1.360649e+01	2.974164e+00	1.981208e-04	225356346.000000	0.000000e+00
1.360848e+01	2.973892e+00	1.981490e-04	225250834.000000	0.000000e+00
1.361048e+01	2.973270e+00	1.981339e-04	225191196.000000	0.000000e+00
1.361247e+01	2.972573e+00	1.980926e-04	225179452.000000	0.000000e+00
1.361447e+01	2.971672e+00	1.980637e-04	225108582.000000	0.000000e+00
1.361646e+01	2.971277e+00	1.980538e-04	225071092.000000	0.000000e+00
1.361846e+01	2.970531e+00	1.980380e-04	224993998.000000	0.000000e+00
1.362045e+01	2.969707e+00	1.980236e-04	224902062.000000	0.000000e+00
1.362244e+01	2.969468e+00	1.979964e-04	224927638.000000	0.000000e+00
1.362444e+01	2.968567e+00	1.979533e-04	224889072.000000	0.000000e+00
1.362643e+01	2.968132e+00	1.979884e-04	224743528.000000	0.000000e+00
1.362843e+01	2.967868e+00	1.979693e-04	224746834.000000	0.000000e+00
1.363042e+01	2.966781e+00	1.979321e-04	224666592.000000	0.000000e+00
1.363242e+01	2.966477e+00	1.979186e-04	224651290.000000	0.000000e+00
1.363441e+01	2.965638e+00	1.978983e-04	224570046.000000	0.000000e+00
1.363641e+01	2.964735e+00	1.978531e-04	224536186.000000	0.000000e+00
1.363840e+01	2.964440e+00	1.978535e-04	224490342.000000	0.000000e+00
1.364040e+01	2.963912e+00	1.978688e-04	224375674.000000	0.000000e+00
1.364239e+01	2.963029e+00	1.977963e-04	224406442.000000	0.000000e+00
1.364439e+01	2.962770e+00	1.978237e-04	224305152.000000	0.000000e+00
1.364638e+01	2.962252e+00	1.978107e-04	224256136.000000	0.000000e+00
1.364837e+01	2.961632e+00	1.977782e-04	224235942.000000	0.000000e+00
1.365037e+01	2.960757e+00	1.977666e-04	224129746.000000	0.000000e+00
1.365236e+01	2.960304e+00	1.977304e-04	224143248.000000	0.000000e+00
1.365436e+01	2.959815e+00	1.977505e-04	224023876.000000	0.000000e+00
1.365635e+01	2.959077e+00	1.977260e-04	223967656.000000	0.000000e+00
1.365835e+01	2.958492e+00	1.977019e-04	223933362.000000	0.000000e+00
1.366034e+01	2.957951e+00	1.976856e-04	223888600.000000	0.000000e+00
1.366234e+01	2.956959e+00	1.976319e-04	223860084.000000	0.000000e+00
1.366433e+01	2.956335e+00	1.976356e-04	223757230.000000	0.000000e+00
1.366633e+01	2.955978e+00	1.976021e-04	223778988.000000	0.000000e+00
1.366832e+01	2.955261e+00	1.975938e-04	223689190.000000	0.000000e+00
1.367032e+01	2.954865e+00	1.976147e-04	223581916.000000	0.000000e+00
1.367231e+01	2.954430e+00	1.976036e-04	223541286.000000	0.000000e+00
1.367430e+01	2.953618e+00	1.975519e-04	223535326.000000	0.000000e+00
1.367630e+01	2.953203e+00	1.975446e-04	223488990.000000	0.000000e+00
1.367829e+01	2.952583e+00	1.975326e-04	223422358.000000	0.000000e+00
1.368029e+01	2.951808e+00	1.975420e-04	223283968.000000	0.000000e+00
1.368228e+01	2.950825e+00	1.974512e-04	223340532.000000	0.000000e+00
1.368428e+01	2.950635e+00	1.974840e-04	223237528.000000	0.000000e+00
1.368627e+01	2.949652e+00	1.974229e-04	223226922.000000	0.000000e+00
1.368827e+01	2.949362e+00	1.974697e-04	223077232.000000	0.000000e+00
1.369026e+01	2.948626e+00	1.974046e-04	223113114.000000	0.000000e+00
1.369226e+01	2.948322e+00	1.974039e-04	223068712.000000	0.000000e+00
1.369425e+01	2.947565e+00	1.974151e-04	222928732.000000	0.000000e+00
1.369625e+01	2.946405e+00	1.973323e-04	222940218.000000	0.000000e+00
1.369824e+01	2.946804e+00	1.973845e-04	222882790.000000	0.000000e+00
1.370024e+01	2.945865e+00	1.973673e-04	222779424.000000	0.000000e+00
1.370223e+01	2.945135e+00	1.973324e-04	222747820.000000	0.000000e+00
1.370422e+01	2.944930e+00	1.973306e-04	222720936.000000	0.000000e+00
1.370622e+01	2.944264e+00	1.973174e-04	222650020.000000	0.000000e+00
1.370821e+01	2.943637e+00	1.973019e-04	222590086.000000	0.000000e+00
1.371021e+01	2.942719e+00	1.972531e-04	222561450.000000	0.000000e+00
1.371220e+01	2.942195e+00	1.972393e-04	222513460.000000	0.000000e+00
1.371420e+01	2.941922e+00	1.972547e-04	222437340.000000	0.000000e+00
1.371619e+01	2.941110e+00	1.972301e-04	222369862.000000	0.000000e+00
1.371819e+01	2.940554e+00	1.971967e-04	222361218.000000	0.000000e+00
1.372018e+01	2.939929e+00	1.972002e-04	222258712.000000	0.000000e+00
1.372218e+01	2.939373e+00	1.971804e-04	222219286.000000	0.000000e+00
1.372417e+01	2.938849e+00	1.971660e-04	222172632.000000	0.000000e+00
1.372617e+01	2.938239e+00	1.971559e-04	222103114.000000	0.000000e+00
1.372816e+01	2.937451e+00	1.971323e-04	222037086.000000	0.000000e+00
1.373016e+01	2.936799e+00	1.970843e-04	222046684.000000	0.000000e+00
1.373215e+01	2.936646e+00	1.971346e-04	221910244.000000	0.000000e+00
1.373414e+01	2.935484e+00	1.970532e-04	221917962.000000	0.000000e+00
1.373614e+01	2.935191e+00	1.970541e-04	221871634.000000	0.000000e+00
1.373813e+01	2.934854e+00	1.970903e-04	221739192.000000	0.000000e+00
1.374013e+01	2.933705e+00	1.970212e-04	221721076.000000	0.000000e+00
1.374212e+01	2.933550e+00	1.970230e-04	221693676.000000	0.000000e+00
1.374412e+01	2.933110e+00	1.970109e-04	221654242.000000	0.000000e+00
1.374611e+01	2.932217e+00	1.970014e-04	221540818.000000	0.000000e+00
1.374811e+01	2.931990e+00	1.969929e-04	221525550.000000	0.000000e+00
1.375010e+01	2.931176e+00	1.969617e-04	221472586.000000	0.000000e+00
1.375210e+01	2.930825e+00	1.969806e-04	221377218.000000	0.000000e+00
1.375409e+01	2.930318e+00	1.969515e-04	221366002.000000	0.000000e+00
1.375609e+01	2.930110e+00	1.969761e-04	221279400.000000	0.000000e+00
1.375808e+01	2.928667e+00	1.968726e-04	221293876.000000	0.000000e+00
1.376007e+01	2.928440e+00	1.969225e-04	221147470.000000	0.000000e+00
1.376207e+01	2.927928e+00	1.968869e-04	221149998.000000	0.000000e+00
1.376406e+01	2.927207e+00	1.968816e-04	221053084.000000	0.000000e+00
1.376606e+01	2.926400e+00	1.968211e-04	221067048.000000	0.000000e+00
1.376805e+01	2.926184e+00	1.968467e-04	220976866.000000	0.000000e+00
1.377005e+01	2.925268e+00	1.968212e-04	220895862.000000	0.000000e+00
1.377204e+01	2.924887e+00	1.968099e-04	220863640.000000	0.000000e+00
1.377404e+01	2.924674e+00	1.968225e-04	220803166.000000	0.000000e+00
1.377603e+01	2.923636e+00	1.967751e-04	220752900.000000	0.000000e+00
1.377803e+01	2.922734e+00	1.967546e-04	220662754.000000	0.000000e+00
1.378002e+01	2.922570e+00	1.967426e-04	220664712.000000	0.000000e+00
1.378202e+01	2.921993e+00	1.967468e-04	220568218.000000	0.000000e+00
1.378401e+01	2.921128e+00	1.967017e-04	220538746.000000	0.000000e+00
1.378601e+01	2.920731e+00	1.966982e-04	220486656.000000	0.000000e+00
1.378800e+01	2.920235e+00	1.966918e-04	220426006.000000	0.000000e+00
1.378999e+01	2.919795e+00	1.966963e-04	220349526.000000	0.000000e+00
1.379199e+01	2.919582e+00	1.966991e-04	220311364.000000	0.000000e+00
1.379398e+01	2.918572e+00	1.966381e-04	220295412.000000	0.000000e+00
1.379598e+01	2.917939e+00	1.966631e-04	220143898.000000	0.000000e+00
1.379797e+01	2.917640e+00	1.966307e-04	220171234.000000	0.000000e+00
1.379997e+01	2.916937e+00	1.966224e-04	220083876.000000	0.000000e+00
1.380196e+01	2.916662e+00	1.966160e-04	220056634.000000	0.000000e+00
1.380396e+01	2.916016e+00	1.966099e-04	219972918.000000	0.000000e+00
1.380595e+01	2.915129e+00	1.965577e-04	219955708.000000	0.000000e+00
1.380795e+01	2.914505e+00	1.965548e-04	219868104.000000	0.000000e+00
1.380994e+01	2.914126e+00	1.965752e-04	219765376.000000	0.000000e+00
1.381194e+01	2.913297e+00	1.965084e-04	219789724.000000	0.000000e+00
1.381393e+01	2.912992e+00	1.965234e-04	219710100.000000	0.000000e+00
1.381593e+01	2.912141e+00	1.964920e-04	219652006.000000	0.000000e+00
1.381792e+01	2.911655e+00	1.965002e-04	219560244.000000	0.000000e+00
1.381991e+01	2.910810e+00	1.964491e-04	219546958.000000	0.000000e+00
1.382191e+01	2.910615e+00	1.964789e-04	219451210.000000	0.000000e+00
1.382390e+01	2.910079e+00	1.964476e-04	219440274.000000	0.000000e+00
1.382590e+01	2.909788e+00	1.964527e-04	219384964.000000	0.000000e+00
1.382789e+01	2.909327e+00	1.964469e-04	219328332.000000	0.000000e+00
1.382989e+01	2.908213e+00	1.963950e-04	219276334.000000	0.000000e+00
1.383188e+01	2.907491e+00	1.963889e-04	219181026.000000	0.000000e+00
1.383388e+01	2.907286e+00	1.963866e-04	219155104.000000	0.000000e+00
1.383587e+01	2.906536e+00	1.963588e-04	219104206.000000	0.000000e+00
1.383787e+01	2.906478e+00	1.963828e-04	219041844.000000	0.000000e+00
1.383986e+01	2.905321e+00	1.963384e-04	218966578.000000	0.000000e+00
1.384186e+01	2.904679e+00	1.962965e-04	218963226.000000	0.000000e+00
1.384385e+01	2.904125e+00	1.963131e-04	218842720.000000	0.000000e+00
1.384584e+01	2.904005e+00	1.963097e-04	218832258.000000	0.000000e+00
1.384784e+01	2.902852e+00	1.962695e-04	218748082.000000	0.000000e+00
1.384983e+01	2.902460e+00	1.962681e-04	218692066.000000	0.000000e+00
1.385183e+01	2.901923e+00	1.962422e-04	218668908.000000	0.000000e+00
1.385382e+01	2.901628e+00	1.962610e-04	218582584.000000	0.000000e+00
1.385582e+01	2.900951e+00	1.962245e-04	218561730.000000	0.000000e+00
1.385781e+01	2.900550e+00	1.962624e-04	218416882.000000	0.000000e+00
1.385981e+01	2.900126e+00	1.962100e-04	218469684.000000	0.000000e+00
1.386180e+01	2.899646e+00	1.962224e-04	218369902.000000	0.000000e+00
1.386380e+01	2.898658e+00	1.961760e-04	218324344.000000	0.000000e+00
1.386579e+01	2.898160e+00	1.961803e-04	218239722.000000	0.000000e+00
1.386779e+01	2.897565e+00	1.961474e-04	218223442.000000	0.000000e+00
1.386978e+01	2.897058e+00	1.961605e-04	218117742.000000	0.000000e+00
1.387178e+01	2.896678e+00	1.961372e-04	218112400.000000	0.000000e+00
1.387377e+01	2.895876e+00	1.961325e-04	218002198.000000	0.000000e+00
1.387576e+01	2.895414e+00	1.961000e-04	218004846.000000	0.000000e+00
1.387776e+01	2.895142e+00	1.961137e-04	217933378.000000	0.000000e+00
1.387975e+01	2.894065e+00	1.960822e-04	217841268.000000	0.000000e+00
1.388175e+01	2.894223e+00	1.961091e-04	217805446.000000	0.000000e+00
1.388374e+01	2.893191e+00	1.960492e-04	217782942.000000	0.000000e+00
1.388574e+01	2.892780e+00	1.960455e-04	217729372.000000	0.000000e+00
1.388773e+01	2.892179e+00	1.960618e-04	217602682.000000	0.000000e+00
1.388973e+01	2.891598e+00	1.960398e-04	217564290.000000	0.000000e+00
1.389172e+01	2.891352e+00	1.960290e-04	217551100.000000	0.000000e+00
1.389372e+01	2.890550e+00	1.960200e-04	217450470.000000	0.000000e+00
1.389571e+01	2.889867e+00	1.959783e-04	217440178.000000	0.000000e+00
1.389771e+01	2.889473e+00	1.960055e-04	217320546.000000	0.000000e+00
1.389970e+01	2.888596e+00	1.959379e-04	217338568.000000	0.000000e+00
1.390169e+01	2.888316e+00	1.959618e-04	217243522.000000	0.000000e+00
1.390369e+01	2.888099e+00	1.959762e-04	217179000.000000	0.000000e+00
1.390568e+01	2.887547e+00	1.959637e-04	217123594.000000	0.000000e+00
1.390768e+01	2.886164e+00	1.958855e-04	217088682.000000	0.000000e+00
1.390967e+01	2.886561e+00	1.959265e-04	217057816.000000	0.000000e+00
1.391167e+01	2.885950e+00	1.959505e-04	216912708.000000	0.000000e+00
1.391366e+01	2.884940e+00	1.958658e-04	216948400.000000	0.000000e+00
1.391566e+01	2.884374e+00	1.958819e-04	216827584.000000	0.000000e+00
1.391765e+01	2.883990e+00	1.958633e-04	216811056.000000	0.000000e+00
1.391965e+01	2.883512e+00	1.958788e-04	216704728.000000	0.000000e+00
1.392164e+01	2.882785e+00	1.958322e-04	216698532.000000	0.000000e+00
1.392364e+01	2.882419e+00	1.958352e-04	216637048.000000	0.000000e+00
1.392563e+01	2.881899e+00	1.958436e-04	216540304.000000	0.000000e+00
1.392763e+01	2.881553e+00	1.958192e-04	216542172.000000	0.000000e+00
1.392962e+01	2.880791e+00	1.958109e-04	216446188.000000	0.000000e+00
1.393161e+01	2.880040e+00	1.957662e-04	216432114.000000	0.000000e+00
1.393361e+01	2.879545e+00	1.958029e-04	216276610.000000	0.000000e+00
1.393560e+01	2.879824e+00	1.957991e-04	216326928.000000	0.000000e+00
1.393760e+01	2.878326e+00	1.957473e-04	216216304.000000	0.000000e+00
1.393959e+01	2.878222e+00	1.957639e-04	216164032.000000	0.000000e+00
1.394159e+01	2.877584e+00	1.957566e-04	216084312.000000	0.000000e+00
1.394358e+01	2.876973e+00	1.957256e-04	216060904.000000	0.000000e+00
1.394558e+01	2.876400e+00	1.957047e-04	216021042.000000	0.000000e+00
1.394757e+01	2.875984e+00	1.957080e-04	215951254.000000	0.000000e+00
1.394957e+01	2.875415e+00	1.957101e-04	215861340.000000	0.000000e+00
1.395156e+01	2.875037e+00	1.956909e-04	215846914.000000	0.000000e+00
1.395356e+01	2.874327e+00	1.956657e-04	215795782.000000	0.000000e+00
1.395555e+01	2.873937e+00	1.956880e-04	215687976.000000	0.000000e+00
1.395755e+01	2.873267e+00	1.956425e-04	215687830.000000	0.000000e+00
1.395954e+01	2.872823e+00	1.956716e-04	215556996.000000	0.000000e+00
1.396153e+01	2.872327e+00	1.956254e-04	215584306.000000	0.000000e+00
1.396353e+01	2.871967e+00	1.956626e-04	215448498.000000	0.000000e+00
1.396552e+01	2.871165e+00	1.956159e-04	215430868.000000	0.000000e+00
1.396752e+01	2.870793e+00	1.956050e-04	215399008.000000	0.000000e+00
1.396951e+01	2.869988e+00	1.956029e-04	215283018.000000	0.000000e+00
1.397151e+01	2.869783e+00	1.955715e-04	215321170.000000	0.000000e+00
1.397350e+01	2.868782e+00	1.955780e-04	215156688.000000	0.000000e+00
1.397550e+01	2.868439e+00	1.955693e-04	215124514.000000	0.000000e+00
1.397749e+01	2.868322e+00	1.955845e-04	215073502.000000	0.000000e+00
1.397949e+01	2.867786e+00	1.955645e-04	215037030.000000	0.000000e+00
1.398148e+01	2.866941e+00	1.955347e-04	214976002.000000	0.000000e+00
1.398348e+01	2.866851e+00	1.955558e-04	214916076.000000	0.000000e+00
1.398547e+01	2.865809e+00	1.955178e-04	214843492.000000	0.000000e+00
1.398746e+01	2.865664e+00	1.955368e-04	214779864.000000	0.000000e+00
1.398946e+01	2.864920e+00	1.954799e-04	214793332.000000	0.000000e+00
1.399145e+01	2.863837e+00	1.954626e-04	214668892.000000	0.000000e+00
1.399345e+01	2.863887e+00	1.954746e-04	214650090.000000	0.000000e+00
1.399544e+01	2.863037e+00	1.954739e-04	214524322.000000	0.000000e+00
1.399744e+01	2.862941e+00	1.954687e-04	214521192.000000	0.000000e+00
1.399943e+01	2.862229e+00	1.954594e-04	214434922.000000	0.000000e+00
1.400143e+01	2.861844e+00	1.954412e-04	214417230.000000	0.000000e+00
1.400342e+01	2.861154e+00	1.954345e-04	214328422.000000	0.000000e+00
1.400542e+01	2.860830e+00	1.954424e-04	214262770.000000	0.000000e+00
1.400741e+01	2.859978e+00	1.953965e-04	214235640.000000	0.000000e+00
1.400941e+01	2.859773e+00	1.954049e-04	214186522.000000	0.000000e+00
1.401140e+01	2.859309e+00	1.953977e-04	214132878.000000	0.000000e+00
1.401340e+01	2.858603e+00	1.954080e-04	214004590.000000	0.000000e+00
1.401539e+01	2.858196e+00	1.953776e-04	214010146.000000	0.000000e+00
1.401738e+01	2.857534e+00	1.953882e-04	213887946.000000	0.000000e+00
1.401938e+01	2.856823e+00	1.953306e-04	213907540.000000	0.000000e+00
1.402137e+01	2.856452e+00	1.953472e-04	213815730.000000	0.000000e+00
1.402337e+01	2.856208e+00	1.953681e-04	213733402.000000	0.000000e+00
1.402536e+01	2.855619e+00	1.953302e-04	213728124.000000	0.000000e+00
1.402736e+01	2.855498e+00	1.953654e-04	213633148.000000	0.000000e+00
1.402935e+01	2.854278e+00	1.952859e-04	213624496.000000	0.000000e+00
1.403135e+01	2.853905e+00	1.953259e-04	213481032.000000	0.000000e+00
1.403334e+01	2.853397e+00	1.952885e-04	213486922.000000	0.000000e+00
1.403534e+01	2.852768e+00	1.952810e-04	213409200.000000	0.000000e+00
1.403733e+01	2.852570e+00	1.952905e-04	213358798.000000	0.000000e+00
1.403933e+01	2.851839e+00	1.952630e-04	213309576.000000	0.000000e+00
1.404132e+01	2.851367e+00	1.952764e-04	213209536.000000	0.000000e+00
1.404331e+01	2.850627e+00	1.952395e-04	213179536.000000	0.000000e+00
1.404531e+01	2.850672e+00	1.952597e-04	213142092.000000	0.000000e+00
1.404730e+01	2.849715e+00	1.952327e-04	213057898.000000	0.000000e+00
1.404930e+01	2.849553e+00	1.952537e-04	212987970.000000	0.000000e+00
1.405129e+01	2.848445e+00	1.952122e-04	212912842.000000	0.000000e+00
1.405329e+01	2.848154e+00	1.951803e-04	212938944.000000	0.000000e+00
1.405528e+01	2.848101e+00	1.952422e-04	212795986.000000	0.000000e+00
1.405728e+01	2.847557e+00	1.952048e-04	212796082.000000	0.000000e+00
1.405927e+01	2.846425e+00	1.951668e-04	212709984.000000	0.000000e+00
1.406127e+01	2.846498e+00	1.952038e-04	212640052.000000	0.000000e+00
1.406326e+01	2.845838e+00	1.951842e-04	212584158.000000	0.000000e+00
1.406526e+01	2.845207e+00	1.951681e-04	212525050.000000	0.000000e+00
1.406725e+01	2.844681e+00	1.951492e-04	212487634.000000	0.000000e+00
1.406925e+01	2.844124e+00	1.951221e-04	212463420.000000	0.000000e+00
1.407124e+01	2.843934e+00	1.951593e-04	212354062.000000	0.000000e+00
1.407323e+01	2.843472e+00	1.951488e-04	212307828.000000	0.000000e+00
1.407523e+01	2.842325e+00	1.951225e-04	212193898.000000	0.000000e+00
1.407722e+01	2.842057e+00	1.950739e-04	212259486.000000	0.000000e+00
1.407922e+01	2.841446e+00	1.951260e-04	212055004.000000	0.000000e+00
1.408121e+01	2.841338e+00	1.951028e-04	212089342.000000	0.000000e+00
1.408321e+01	2.840699e+00	1.950848e-04	212033082.000000	0.000000e+00
1.408520e+01	2.840226e+00	1.951075e-04	211913290.000000	0.000000e+00
1.408720e+01	2.839806e+00	1.950731e-04	211925196.000000	0.000000e+00
1.408919e+01	2.839318e+00	1.950971e-04	211800394.000000	0.000000e+00
1.409119e+01	2.838651e+00	1.950548e-04	211792584.000000	0.000000e+00
1.409318e+01	2.837993e+00	1.950436e-04	211718794.000000	0.000000e+00
1.409518e+01	2.837648e+00	1.950505e-04	211652230.000000	0.000000e+00
1.409717e+01	2.837313e+00	1.950448e-04	211614516.000000	0.000000e+00
1.409916e+01	2.836286e+00	1.950293e-04	211495138.000000	0.000000e+00
1.410116e+01	2.836297e+00	1.950237e-04	211508952.000000	0.000000e+00
1.410315e+01	2.835788e+00	1.950319e-04	211415380.000000	0.000000e+00
1.410515e+01	2.835299e+00	1.950207e-04	211366716.000000	0.000000e+00
1.410714e+01	2.834804e+00	1.950175e-04	211299640.000000	0.000000e+00
1.410914e+01	2.834650e+00	1.950367e-04	211235008.000000	0.000000e+00
1.411113e+01	2.833763e+00	1.949863e-04	211212180.000000	0.000000e+00
1.411313e+01	2.833417e+00	1.950235e-04	211080070.000000	0.000000e+00
1.411512e+01	2.832710e+00	1.949584e-04	211115676.000000	0.000000e+00
1.411712e+01	2.832059e+00	1.949578e-04	211019926.000000	0.000000e+00
1.411911e+01	2.831569e+00	1.949679e-04	210925012.000000	0.000000e+00
1.412111e+01	2.831325e+00	1.949679e-04	210888558.000000	0.000000e+00
1.412310e+01	2.830590e+00	1.949405e-04	210838378.000000	0.000000e+00
1.412510e+01	2.830716e+00	1.949798e-04	210772242.000000	0.000000e+00
1.412709e+01	2.829958e+00	1.949573e-04	210708052.000000	0.000000e+00
1.412908e+01	2.829521e+00	1.949533e-04	210651420.000000	0.000000e+00
1.413108e+01	2.829091e+00	1.949618e-04	210569050.000000	0.000000e+00
1.413307e+01	2.828310e+00	1.949197e-04	210543754.000000	0.000000e+00
1.413507e+01	2.828102e+00	1.949382e-04	210473046.000000	0.000000e+00
1.413706e+01	2.827640e+00	1.949468e-04	210385570.000000	0.000000e+00
1.413906e+01	2.827221e+00	1.949154e-04	210391068.000000	0.000000e+00
1.414105e+01	2.826363e+00	1.949021e-04	210292204.000000	0.000000e+00
1.414305e+01	2.825900e+00	1.948911e-04	210246762.000000	0.000000e+00
1.414504e+01	2.825354e+00	1.948677e-04	210216262.000000	0.000000e+00
1.414704e+01	2.824704e+00	1.948761e-04	210101290.000000	0.000000e+00
1.414903e+01	2.824672e+00	1.949021e-04	210040524.000000	0.000000e+00
1.415103e+01	2.824147e+00	1.948916e-04	209985022.000000	0.000000e+00
1.415302e+01	2.823453e+00	1.948531e-04	209964756.000000	0.000000e+00
1.415502e+01	2.823164e+00	1.948612e-04	209904226.000000	0.000000e+00
1.415701e+01	2.823088e+00	1.949143e-04	209778838.000000	0.000000e+00
1.415900e+01	2.822343e+00	1.948618e-04	209781066.000000	0.000000e+00
1.416100e+01	2.821331e+00	1.948355e-04	209687272.000000	0.000000e+00
1.416299e+01	2.821414e+00	1.948537e-04	209660328.000000	0.000000e+00
1.416499e+01	2.820938e+00	1.948605e-04	209575096.000000	0.000000e+00
1.416698e+01	2.820309e+00	1.948383e-04	209529264.000000	0.000000e+00
1.416898e+01	2.819889e+00	1.948535e-04	209434234.000000	0.000000e+00
1.417097e+01	2.819140e+00	1.948106e-04	209415094.000000	0.000000e+00
1.417297e+01	2.818795e+00	1.948262e-04	209330520.000000	0.000000e+00
1.417496e+01	2.818469e+00	1.948124e-04	209311552.000000	0.000000e+00
1.417696e+01	2.817524e+00	1.948015e-04	209194710.000000	0.000000e+00
1.417895e+01	2.817101e+00	1.947903e-04	209155942.000000	0.000000e+00
1.418095e+01	2.816667e+00	1.947860e-04	209100798.000000	0.000000e+00
1.418294e+01	2.816413e+00	1.947821e-04	209071384.000000	0.000000e+00
1.418493e+01	2.816261e+00	1.948110e-04	208986712.000000	0.000000e+00
1.418693e+01	2.815186e+00	1.947718e-04	208911366.000000	0.000000e+00
1.418892e+01	2.814925e+00	1.947635e-04	208890442.000000	0.000000e+00
1.419092e+01	2.814233e+00	1.947842e-04	208743240.000000	0.000000e+00
1.419291e+01	2.813854e+00	1.947329e-04	208797136.000000	0.000000e+00
1.419491e+01	2.813117e+00	1.947530e-04	208644726.000000	0.000000e+00
1.419690e+01	2.812709e+00	1.947184e-04	208658428.000000	0.000000e+00
1.419890e+01	2.812325e+00	1.947380e-04	208559338.000000	0.000000e+00
1.420089e+01	2.812011e+00	1.947399e-04	208508664.000000	0.000000e+00
1.420289e+01	2.811520e+00	1.947449e-04	208425142.000000	0.000000e+00
1.420488e+01	2.811136e+00	1.947364e-04	208386438.000000	0.000000e+00
1.420688e+01	2.810289e+00	1.947258e-04	208283518.000000	0.000000e+00
1.420887e+01	2.810109e+00	1.947103e-04	208289956.000000	0.000000e+00
1.421087e+01	2.809784e+00	1.947298e-04	208200126.000000	0.000000e+00
1.421286e+01	2.808936e+00	1.946984e-04	208141672.000000	0.000000e+00
1.421485e+01	2.809062e+00	1.947266e-04	208100154.000000	0.000000e+00
1.421685e+01	2.808278e+00	1.947125e-04	208013872.000000	0.000000e+00
1.421884e+01	2.807747e+00	1.947100e-04	207940572.000000	0.000000e+00
1.422084e+01	2.806974e+00	1.946591e-04	207934828.000000	0.000000e+00
1.422283e+01	2.807181e+00	1.947362e-04	207800806.000000	0.000000e+00
1.422483e+01	2.806101e+00	1.946673e-04	207788040.000000	0.000000e+00
1.422682e+01	2.806004e+00	1.947001e-04	207703792.000000	0.000000e+00
1.422882e+01	2.805586e+00	1.946720e-04	207701802.000000	0.000000e+00
1.423081e+01	2.804850e+00	1.946802e-04	207575242.000000	0.000000e+00
1.423281e+01	2.804485e+00	1.946517e-04	207582066.000000	0.000000e+00
1.423480e+01	2.804165e+00	1.947077e-04	207415258.000000	0.000000e+00
1.423680e+01	2.803669e+00	1.946600e-04	207443680.000000	0.000000e+00
1.423879e+01	2.803124e+00	1.946731e-04	207334944.000000	0.000000e+00
1.424078e+01	2.802790e+00	1.946607e-04	207312028.000000	0.000000e+00
1.424278e+01	2.801973e+00	1.946368e-04	207242004.000000	0.000000e+00
1.424477e+01	2.801701e+00	1.946695e-04	207132400.000000	0.000000e+00
1.424677e+01	2.801243e+00	1.946367e-04	207134292.000000	0.000000e+00
1.424876e+01	2.800716e+00	1.946444e-04	207040036.000000	0.000000e+00
1.425076e+01	2.800038e+00	1.946073e-04	207018634.000000	0.000000e+00
1.425275e+01	2.800118e+00	1.946616e-04	206914926.000000	0.000000e+00
1.425475e+01	2.799606e+00	1.946444e-04	206875822.000000	0.000000e+00
1.425674e+01	2.798854e+00	1.946432e-04	206767296.000000	0.000000e+00
1.425874e+01	2.798441e+00	1.946175e-04	206761006.000000	0.000000e+00
1.426073e+01	2.798264e+00	1.946336e-04	206700604.000000	0.000000e+00
1.426273e+01	2.797527e+00	1.946059e-04	206650518.000000	0.000000e+00
1.426472e+01	2.797188e+00	1.946191e-04	206572396.000000	0.000000e+00
1.426672e+01	2.796861e+00	1.946539e-04	206450280.000000	0.000000e+00
1.426871e+01	2.795992e+00	1.945827e-04	206473108.000000	0.000000e+00
1.427070e+01	2.795675e+00	1.946046e-04	206379750.000000	0.000000e+00
1.427270e+01	2.795585e+00	1.946395e-04	206292508.000000	0.000000e+00
1.427469e+01	2.794689e+00	1.945723e-04	206302828.000000	0.000000e+00
1.427669e+01	2.794047e+00	1.945958e-04	206158176.000000	0.000000e+00
1.427868e+01	2.793958e+00	1.945842e-04	206169544.000000	0.000000e+00
1.428068e+01	2.793412e+00	1.945909e-04	206074866.000000	0.000000e+00
1.428267e+01	2.792981e+00	1.946003e-04	205991302.000000	0.000000e+00
1.428467e+01	2.792678e+00	1.945899e-04	205968588.000000	0.000000e+00
1.428666e+01	2.792460e+00	1.946072e-04	205899796.000000	0.000000e+00
1.428866e+01	2.791721e+00	1.946068e-04	205791700.000000	0.000000e+00
1.429065e+01	2.791271e+00	1.945749e-04	205792938.000000	0.000000e+00
1.429265e+01	2.790929e+00	1.945924e-04	205705396.000000	0.000000e+00
1.429464e+01	2.790138e+00	1.945730e-04	205629792.000000	0.000000e+00
1.429663e+01	2.790344e+00	1.946068e-04	205588816.000000	0.000000e+00
1.429863e+01	2.789792e+00	1.945967e-04	205528920.000000	0.000000e+00
1.430062e+01	2.788753e+00	1.945620e-04	205449106.000000	0.000000e+00
1.430262e+01	2.789007e+00	1.945961e-04	205414318.000000	0.000000e+00
1.430461e+01	2.788024e+00	1.945615e-04	205342668.000000	0.000000e+00
1.430661e+01	2.787549e+00	1.945687e-04	205257580.000000	0.000000e+00
1.430860e+01	2.787107e+00	1.945425e-04	205247664.000000	0.000000e+00
1.431060e+01	2.786698e+00	1.945587e-04	205153348.000000	0.000000e+00
1.431259e+01	2.786405e+00	1.945657e-04	205095346.000000	0.000000e+00
1.431459e+01	2.785888e+00	1.945604e-04	205030350.000000	0.000000e+00
1.431658e+01	2.785471e+00	1.945564e-04	204977578.000000	0.000000e+00
1.431858e+01	2.784963e+00	1.945500e-04	204916272.000000	0.000000e+00
1.432057e+01	2.784350e+00	1.945788e-04	204765466.000000	0.000000e+00
1.432257e+01	2.784466e+00	1.945412e-04	204861696.000000	0.000000e+00
1.432456e+01	2.783277e+00	1.945463e-04	204675898.000000	0.000000e+00
1.432655e+01	2.783466e+00	1.945517e-04	204692404.000000	0.000000e+00
1.432855e+01	2.782514e+00	1.945433e-04	204570204.000000	0.000000e+00
1.433054e+01	2.782467e+00	1.945379e-04	204574516.000000	0.000000e+00
1.433254e+01	2.782003e+00	1.945657e-04	204447810.000000	0.000000e+00
1.433453e+01	2.781102e+00	1.945099e-04	204432622.000000	0.000000e+00
1.433653e+01	2.781033e+00	1.945313e-04	204377622.000000	0.000000e+00
1.433852e+01	2.780104e+00	1.945035e-04	204299428.000000	0.000000e+00
1.434052e+01	2.780220e+00	1.945571e-04	204203890.000000	0.000000e+00
1.434251e+01	2.779634e+00	1.945392e-04	204155310.000000	0.000000e+00
1.434451e+01	2.779423e+00	1.945477e-04	204106558.000000	0.000000e+00
1.434650e+01	2.778665e+00	1.945159e-04	204062046.000000	0.000000e+00
1.434850e+01	2.778686e+00	1.945470e-04	203999818.000000	0.000000e+00
1.435049e+01	2.778189e+00	1.945709e-04	203876854.000000	0.000000e+00
1.435249e+01	2.777784e+00	1.945537e-04	203853456.000000	0.000000e+00
1.435448e+01	2.777089e+00	1.945180e-04	203826202.000000	0.000000e+00
1.435647e+01	2.776671e+00	1.945346e-04	203729958.000000	0.000000e+00
1.435847e+01	2.776337e+00	1.945473e-04	203654518.000000	0.000000e+00
1.436046e+01	2.775842e+00	1.945321e-04	203613564.000000	0.000000e+00
1.436246e+01	2.775277e+00	1.945187e-04	203558872.000000	0.000000e+00
1.436445e+01	2.774849e+00	1.945440e-04	203443240.000000	0.000000e+00
1.436645e+01	2.774256e+00	1.945011e-04	203445966.000000	0.000000e+00
1.436844e+01	2.773896e+00	1.945273e-04	203338342.000000	0.000000e+00
1.437044e+01	2.773727e+00	1.945196e-04	203329752.000000	0.000000e+00
1.437243e+01	2.773119e+00	1.945367e-04	203204638.000000	0.000000e+00
1.437443e+01	2.772645e+00	1.945253e-04	203159226.000000	0.000000e+00
1.437642e+01	2.772170e+00	1.945079e-04	203125828.000000	0.000000e+00
1.437842e+01	2.771593e+00	1.945097e-04	203037628.000000	0.000000e+00
1.438041e+01	2.771321e+00	1.945036e-04	203010378.000000	0.000000e+00
1.438240e+01	2.770950e+00	1.945232e-04	202915294.000000	0.000000e+00
1.438440e+01	2.770301e+00	1.944908e-04	202887822.000000	0.000000e+00
1.438639e+01	2.770326e+00	1.945548e-04	202758088.000000	0.000000e+00
1.438839e+01	2.769940e+00	1.945339e-04	202745046.000000	0.000000e+00
1.439038e+01	2.769398e+00	1.945184e-04	202697914.000000	0.000000e+00
1.439238e+01	2.768805e+00	1.945176e-04	202612876.000000	0.000000e+00
1.439437e+01	2.768360e+00	1.945256e-04	202530990.000000	0.000000e+00
1.439637e+01	2.768181e+00	1.945425e-04	202469626.000000	0.000000e+00
1.439836e+01	2.767427e+00	1.945020e-04	202443678.000000	0.000000e+00
1.440036e+01	2.766882e+00	1.944986e-04	202371136.000000	0.000000e+00
1.440235e+01	2.766665e+00	1.945378e-04	202257820.000000	0.000000e+00
1.440435e+01	2.766301e+00	1.945321e-04	202216452.000000	0.000000e+00
1.440634e+01	2.766357e+00	1.945538e-04	202179442.000000	0.000000e+00
1.440834e+01	2.765289e+00	1.944991e-04	202137084.000000	0.000000e+00
1.441033e+01	2.765271e+00	1.945489e-04	202030978.000000	0.000000e+00
1.441232e+01	2.764665e+00	1.945289e-04	201984006.000000	0.000000e+00
1.441432e+01	2.764087e+00	1.945134e-04	201931690.000000	0.000000e+00
1.441631e+01	2.763868e+00	1.945435e-04	201837160.000000	0.000000e+00
1.441831e+01	2.763059e+00	1.944995e-04	201810252.000000	0.000000e+00
1.442030e+01	2.762699e+00	1.945074e-04	201741454.000000	0.000000e+00
1.442230e+01	2.762308e+00	1.945246e-04	201648492.000000	0.000000e+00
1.442429e+01	2.762127e+00	1.945321e-04	201606484.000000	0.000000e+00
1.442629e+01	2.761361e+00	1.945211e-04	201517608.000000	0.000000e+00
1.442828e+01	2.761505e+00	1.945402e-04	201499132.000000	0.000000e+00
1.443028e+01	2.760672e+00	1.945151e-04	201429568.000000	0.000000e+00
1.443227e+01	2.760511e+00	1.945364e-04	201361848.000000	0.000000e+00
1.443427e+01	2.759729e+00	1.945291e-04	201262870.000000	0.000000e+00
1.443626e+01	2.759389e+00	1.945252e-04	201221220.000000	0.000000e+00
1.443826e+01	2.759119e+00	1.945105e-04	201212512.000000	0.000000e+00
1.444025e+01	2.759011e+00	1.945828e-04	201047124.000000	0.000000e+00
1.444224e+01	2.758448e+00	1.945350e-04	201063898.000000	0.000000e+00
1.444424e+01	2.757694e+00	1.945213e-04	200982334.000000	0.000000e+00
1.444623e+01	2.757907e+00	1.945797e-04	200892732.000000	0.000000e+00
1.444823e+01	2.757453e+00	1.945723e-04	200841910.000000	0.000000e+00
1.445022e+01	2.756610e+00	1.945414e-04	200782782.000000	0.000000e+00
1.445222e+01	2.756056e+00	1.945172e-04	200752102.000000	0.000000e+00
1.445421e+01	2.755862e+00	1.945643e-04	200626648.000000	0.000000e+00
1.445621e+01	2.755393e+00	1.945471e-04	200593950.000000	0.000000e+00
1.445820e+01	2.755030e+00	1.945356e-04	200564830.000000	0.000000e+00
1.446020e+01	2.754728e+00	1.945810e-04	200427108.000000	0.000000e+00
1.446219e+01	2.754119e+00	1.945365e-04	200430226.000000	0.000000e+00
1.446419e+01	2.753906e+00	1.945816e-04	200306334.000000	0.000000e+00
1.446618e+01	2.753475e+00	1.945512e-04	200306350.000000	0.000000e+00
1.446817e+01	2.753132e+00	1.945706e-04	200216404.000000	0.000000e+00
1.447017e+01	2.752649e+00	1.945699e-04	200147694.000000	0.000000e+00
1.447216e+01	2.752514e+00	1.945875e-04	200091718.000000	0.000000e+00
1.447416e+01	2.752031e+00	1.945895e-04	200017452.000000	0.000000e+00
1.447615e+01	2.751684e+00	1.945976e-04	199950334.000000	0.000000e+00
1.447815e+01	2.750945e+00	1.945529e-04	199934766.000000	0.000000e+00
1.448014e+01	2.750552e+00	1.945835e-04	199814878.000000	0.000000e+00
1.448214e+01	2.749900e+00	1.945650e-04	199758076.000000	0.000000e+00
1.448413e+01	2.749563e+00	1.945792e-04	199680024.000000	0.000000e+00
1.448613e+01	2.749500e+00	1.945809e-04	199667260.000000	0.000000e+00
1.448812e+01	2.749316e+00	1.946185e-04	199563552.000000	0.000000e+00
1.449012e+01	2.748384e+00	1.945724e-04	199522654.000000	0.000000e+00
1.449211e+01	2.748264e+00	1.945983e-04	199452150.000000	0.000000e+00
1.449411e+01	2.747904e+00	1.946221e-04	199351246.000000	0.000000e+00
1.449610e+01	2.747203e+00	1.945731e-04	199349872.000000	0.000000e+00
1.449809e+01	2.746853e+00	1.945903e-04	199263810.000000	0.000000e+00
1.450009e+01	2.746402e+00	1.945947e-04	199189330.000000	0.000000e+00
1.450208e+01	2.746254e+00	1.946040e-04	199148880.000000	0.000000e+00
1.450408e+01	2.745605e+00	1.946078e-04	199047058.000000	0.000000e+00
1.450607e+01	2.745305e+00	1.946081e-04	199002910.000000	0.000000e+00
1.450807e+01	2.744893e+00	1.946101e-04	198939042.000000	0.000000e+00
1.451006e+01	2.744878e+00	1.946536e-04	198847912.000000	0.000000e+00
1.451206e+01	2.744274e+00	1.946381e-04	198792114.000000	0.000000e+00
1.451405e+01	2.744126e+00	1.946337e-04	198779710.000000	0.000000e+00
1.451605e+01	2.743378e+00	1.946342e-04	198670236.000000	0.000000e+00
1.451804e+01	2.743397e+00	1.946534e-04	198633916.000000	0.000000e+00
1.452004e+01	2.742629e+00	1.946566e-04	198516184.000000	0.000000e+00
1.452203e+01	2.742488e+00	1.946575e-04	198493980.000000	0.000000e+00
1.452402e+01	2.741595e+00	1.946132e-04	198454954.000000	0.000000e+00
1.452602e+01	2.741664e+00	1.946733e-04	198342354.000000	0.000000e+00
1.452801e+01	2.740862e+00	1.946481e-04	198277846.000000	0.000000e+00
1.453001e+01	2.740771e+00	1.946546e-04	198251388.000000	0.000000e+00
1.453200e+01	2.740426e+00	1.946614e-04	198187642.000000	0.000000e+00
1.453400e+01	2.739860e+00	1.946635e-04	198101566.000000	0.000000e+00
1.453599e+01	2.739295e+00	1.946533e-04	198040584.000000	0.000000e+00
1.453799e+01	2.738911e+00	1.946655e-04	197960206.000000	0.000000e+00
1.453998e+01	2.738496e+00	1.946623e-04	197906694.000000	0.000000e+00
1.454198e+01	2.738242e+00	1.946773e-04	197839552.000000	0.000000e+00
1.454397e+01	2.737591e+00	1.946615e-04	197777518.000000	0.000000e+00
1.454597e+01	2.737545e+00	1.946874e-04	197718354.000000	0.000000e+00
1.454796e+01	2.737206e+00	1.946883e-04	197667586.000000	0.000000e+00
1.454996e+01	2.736522e+00	1.946909e-04	197563464.000000	0.000000e+00
1.455195e+01	2.736053e+00	1.946760e-04	197526010.000000	0.000000e+00
1.455394e+01	2.735753e+00	1.946706e-04	197493522.000000	0.000000e+00
1.455594e+01	2.735396e+00	1.947126e-04	197356840.000000	0.000000e+00
1.455793e+01	2.735245e+00	1.947176e-04	197325010.000000	0.000000e+00
1.455993e+01	2.734642e+00	1.947137e-04	197245890.000000	0.000000e+00
1.456192e+01	2.734281e+00	1.947008e-04	197219950.000000	0.000000e+00
1.456392e+01	2.734010e+00	1.947171e-04	197147820.000000	0.000000e+00
1.456591e+01	2.733767e+00	1.947482e-04	197049874.000000	0.000000e+00
1.456791e+01	2.733065e+00	1.947172e-04	197011326.000000	0.000000e+00
1.456990e+01	2.733218e+00	1.947602e-04	196946584.000000	0.000000e+00
1.457190e+01	2.732684e+00	1.947493e-04	196891516.000000	0.000000e+00
1.457389e+01	2.731905e+00	1.947391e-04	196799976.000000	0.000000e+00
1.457589e+01	2.731776e+00	1.947784e-04	196701964.000000	0.000000e+00
1.457788e+01	2.731496e+00	1.947596e-04	196699578.000000	0.000000e+00
1.457988e+01	2.731077e+00	1.947519e-04	196654834.000000	0.000000e+00
1.458187e+01	2.730618e+00	1.947816e-04	196528656.000000	0.000000e+00
1.458386e+01	2.730445e+00	1.947967e-04	196473370.000000	0.000000e+00
1.458586e+01	2.729537e+00	1.947552e-04	196426444.000000	0.000000e+00
1.458785e+01	2.729299e+00	1.947612e-04	196379928.000000	0.000000e+00
1.458985e+01	2.728766e+00	1.947776e-04	196270336.000000	0.000000e+00
1.459184e+01	2.728869e+00	1.948145e-04	196210776.000000	0.000000e+00
1.459384e+01	2.728267e+00	1.947909e-04	196171804.000000	0.000000e+00
1.459583e+01	2.727620e+00	1.947782e-04	196104364.000000	0.000000e+00
1.459783e+01	2.727686e+00	1.948311e-04	196007346.000000	0.000000e+00
1.459982e+01	2.727365e+00	1.948263e-04	195970810.000000	0.000000e+00
1.460182e+01	2.726641e+00	1.948012e-04	195917268.000000	0.000000e+00
1.460381e+01	2.726398e+00	1.948370e-04	195810274.000000	0.000000e+00
1.460581e+01	2.726276e+00	1.948497e-04	195767172.000000	0.000000e+00
1.460780e+01	2.725601e+00	1.948187e-04	195732706.000000	0.000000e+00
1.460979e+01	2.725472e+00	1.948691e-04	195612868.000000	0.000000e+00
1.461179e+01	2.724749e+00	1.948310e-04	195585660.000000	0.000000e+00
1.461378e+01	2.724731e+00	1.948626e-04	195519616.000000	0.000000e+00
1.461578e+01	2.724312e+00	1.948787e-04	195427248.000000	0.000000e+00
1.461777e+01	2.723411e+00	1.948410e-04	195373492.000000	0.000000e+00
1.461977e+01	2.723617e+00	1.948752e-04	195334494.000000	0.000000e+00
1.462176e+01	2.722926e+00	1.948750e-04	195235834.000000	0.000000e+00
1.462376e+01	2.722776e+00	1.948968e-04	195170650.000000	0.000000e+00
1.462575e+01	2.722651e+00	1.949171e-04	195112080.000000	0.000000e+00
1.462775e+01	2.721854e+00	1.948941e-04	195043870.000000	0.000000e+00
1.462974e+01	2.721749e+00	1.949042e-04	195008586.000000	0.000000e+00
1.463174e+01	2.721229e+00	1.949177e-04	194907184.000000	0.000000e+00
1.463373e+01	2.720777e+00	1.949344e-04	194808894.000000	0.000000e+00
1.463572e+01	2.720560e+00	1.949214e-04	194803786.000000	0.000000e+00
1.463772e+01	2.719995e+00	1.949109e-04	194744056.000000	0.000000e+00
1.463971e+01	2.719947e+00	1.949459e-04	194667198.000000	0.000000e+00
1.464171e+01	2.719419e+00	1.949399e-04	194603578.000000	0.000000e+00
1.464370e+01	2.719242e+00	1.949806e-04	194497056.000000	0.000000e+00
1.464570e+01	2.718945e+00	1.949653e-04	194485138.000000	0.000000e+00
1.464769e+01	2.718307e+00	1.949820e-04	194360506.000000	0.000000e+00
1.464969e+01	2.717950e+00	1.949735e-04	194326326.000000	0.000000e+00
1.465168e+01	2.717904e+00	1.950047e-04	194257594.000000	0.000000e+00
1.465368e+01	2.717429e+00	1.950060e-04	194187036.000000	0.000000e+00
1.465567e+01	2.716919e+00	1.949965e-04	194133196.000000	0.000000e+00
1.465767e+01	2.716517e+00	1.950022e-04	194064456.000000	0.000000e+00
1.465966e+01	2.715939e+00	1.949851e-04	194015776.000000	0.000000e+00
1.466166e+01	2.715892e+00	1.950430e-04	193893892.000000	0.000000e+00
1.466365e+01	2.715291e+00	1.950125e-04	193868856.000000	0.000000e+00
1.466564e+01	2.715207e+00	1.950322e-04	193817506.000000	0.000000e+00
1.466764e+01	2.714762e+00	1.950482e-04	193722360.000000	0.000000e+00
1.466963e+01	2.714348e+00	1.950526e-04	193654426.000000	0.000000e+00
1.467163e+01	2.713997e+00	1.950397e-04	193630146.000000	0.000000e+00
1.467362e+01	2.713668e+00	1.950522e-04	193558264.000000	0.000000e+00
1.467562e+01	2.713519e+00	1.950840e-04	193473886.000000	0.000000e+00
1.467761e+01	2.712871e+00	1.950924e-04	193364898.000000	0.000000e+00
1.467961e+01	2.712531e+00	1.950585e-04	193383568.000000	0.000000e+00
1.468160e+01	2.712198e+00	1.951173e-04	193219698.000000	0.000000e+00
1.468360e+01	2.712064e+00	1.951219e-04	193191496.000000	0.000000e+00
1.468559e+01	2.711289e+00	1.950833e-04	193157532.000000	0.000000e+00
1.468759e+01	2.711055e+00	1.951205e-04	193050550.000000	0.000000e+00
1.468958e+01	2.711062e+00	1.951125e-04	193067230.000000	0.000000e+00
1.469158e+01	2.710073e+00	1.951350e-04	192882036.000000	0.000000e+00
1.469357e+01	2.710192e+00	1.951350e-04	192898930.000000	0.000000e+00
1.469556e+01	2.709989e+00	1.951760e-04	192788886.000000	0.000000e+00
1.469756e+01	2.709762e+00	1.951768e-04	192755248.000000	0.000000e+00
1.469955e+01	2.709738e+00	1.952367e-04	192633466.000000	0.000000e+00
1.470155e+01	2.708643e+00	1.951609e-04	192627324.000000	0.000000e+00
1.470354e+01	2.708670e+00	1.951930e-04	192567970.000000	0.000000e+00
1.470554e+01	2.707924e+00	1.952061e-04	192435870.000000	0.000000e+00
1.470753e+01	2.707519e+00	1.951916e-04	192407104.000000	0.000000e+00
1.470953e+01	2.707378e+00	1.951975e-04	192375324.000000	0.000000e+00
1.471152e+01	2.707199e+00	1.952380e-04	192270022.000000	0.000000e+00
1.471352e+01	2.706930e+00	1.952646e-04	192179416.000000	0.000000e+00
1.471551e+01	2.706215e+00	1.952288e-04	192148440.000000	0.000000e+00
1.471751e+01	2.706469e+00	1.952732e-04	192097024.000000	0.000000e+00
1.471950e+01	2.705711e+00	1.952691e-04	191997432.000000	0.000000e+00
1.472150e+01	2.705268e+00	1.952667e-04	191939482.000000	0.000000e+00
1.472349e+01	2.705141e+00	1.953017e-04	191852502.000000	0.000000e+00
1.472548e+01	2.704602e+00	1.952738e-04	191831032.000000	0.000000e+00
1.472748e+01	2.703839e+00	1.952593e-04	191751262.000000	0.000000e+00
1.472947e+01	2.703965e+00	1.953238e-04	191642430.000000	0.000000e+00
1.473147e+01	2.703828e+00	1.953184e-04	191633638.000000	0.000000e+00
1.473346e+01	2.703098e+00	1.953259e-04	191515440.000000	0.000000e+00
1.473546e+01	2.703298e+00	1.953637e-04	191469670.000000	0.000000e+00
1.473745e+01	2.702495e+00	1.953381e-04	191406148.000000	0.000000e+00
1.473945e+01	2.702499e+00	1.953585e-04	191366736.000000	0.000000e+00
1.474144e+01	2.701893e+00	1.953841e-04	191230780.000000	0.000000e+00
1.474344e+01	2.701527e+00	1.953647e-04	191217000.000000	0.000000e+00
1.474543e+01	2.701156e+00	1.953828e-04	191129164.000000	0.000000e+00
1.474743e+01	2.700769e+00	1.953727e-04	191093928.000000	0.000000e+00
1.474942e+01	2.700497e+00	1.954107e-04	190981270.000000	0.000000e+00
1.475141e+01	2.700267e+00	1.954085e-04	190952902.000000	0.000000e+00
1.475341e+01	2.699950e+00	1.954246e-04	190876788.000000	0.000000e+00
1.475540e+01	2.699717e+00	1.954542e-04	190786030.000000	0.000000e+00
1.475740e+01	2.699233e+00	1.954272e-04	190770372.000000	0.000000e+00
1.475939e+01	2.698892e+00	1.954693e-04	190639960.000000	0.000000e+00
1.476139e+01	2.698443e+00	1.954489e-04	190616298.000000	0.000000e+00
1.476338e+01	2.698354e+00	1.955037e-04	190496842.000000	0.000000e+00
1.476538e+01	2.698093e+00	1.954701e-04	190525540.000000	0.000000e+00
1.476737e+01	2.697579e+00	1.955326e-04	190331238.000000	0.000000e+00
1.476937e+01	2.697380e+00	1.955160e-04	190335460.000000	0.000000e+00
1.477136e+01	2.696834e+00	1.955107e-04	190268652.000000	0.000000e+00
1.477336e+01	2.696671e+00	1.955382e-04	190192348.000000	0.000000e+00
1.477535e+01	2.696487e+00	1.955530e-04	190137336.000000	0.000000e+00
1.477734e+01	2.695981e+00	1.955455e-04	190080604.000000	0.000000e+00
1.477934e+01	2.695602e+00	1.955744e-04	189971206.000000	0.000000e+00
1.478133e+01	2.695261e+00	1.955669e-04	189937620.000000	0.000000e+00
1.478333e+01	2.695470e+00	1.956188e-04	189866218.000000	0.000000e+00
1.478532e+01	2.694633e+00	1.955931e-04	189798246.000000	0.000000e+00
1.478732e+01	2.694418e+00	1.956143e-04	189726904.000000	0.000000e+00
1.478931e+01	2.693784e+00	1.956146e-04	189636898.000000	0.000000e+00
1.479131e+01	2.693489e+00	1.956157e-04	189593358.000000	0.000000e+00
1.479330e+01	2.693979e+00	1.956773e-04	189542860.000000	0.000000e+00
1.479530e+01	2.693227e+00	1.956682e-04	189454650.000000	0.000000e+00
1.479729e+01	2.692818e+00	1.956890e-04	189357022.000000	0.000000e+00
1.479929e+01	2.692408e+00	1.956838e-04	189309246.000000	0.000000e+00
1.480128e+01	2.692260e+00	1.956928e-04	189271054.000000	0.000000e+00
1.480328e+01	2.691896e+00	1.957150e-04	189177040.000000	0.000000e+00
1.480527e+01	2.691443e+00	1.957094e-04	189124086.000000	0.000000e+00
1.480726e+01	2.691101e+00	1.957317e-04	189033022.000000	0.000000e+00
1.480926e+01	2.690914e+00	1.957381e-04	188994348.000000	0.000000e+00
1.481125e+01	2.690431e+00	1.957397e-04	188923474.000000	0.000000e+00
1.481325e+01	2.689848e+00	1.957527e-04	188816430.000000	0.000000e+00
1.481524e+01	2.689713e+00	1.957548e-04	188793472.000000	0.000000e+00
1.481724e+01	2.689557e+00	1.957955e-04	188693278.000000	0.000000e+00
1.481923e+01	2.689274e+00	1.957769e-04	188689200.000000	0.000000e+00
1.482123e+01	2.689191e+00	1.958613e-04	188514988.000000	0.000000e+00
1.482322e+01	2.688453e+00	1.957919e-04	188545224.000000	0.000000e+00
1.482522e+01	2.688452e+00	1.958678e-04	188398900.000000	0.000000e+00
1.482721e+01	2.687849e+00	1.958227e-04	188401332.000000	0.000000e+00
1.482921e+01	2.687900e+00	1.958825e-04	188293312.000000	0.000000e+00
1.483120e+01	2.687186e+00	1.958622e-04	188232370.000000	0.000000e+00
1.483320e+01	2.686937e+00	1.958768e-04	188169360.000000	0.000000e+00
1.483519e+01	2.686436e+00	1.958819e-04	188089372.000000	0.000000e+00
1.483718e+01	2.686167e+00	1.958909e-04	188034366.000000	0.000000e+00
1.483918e+01	2.686182e+00	1.959261e-04	187969006.000000	0.000000e+00
1.484117e+01	2.685937e+00	1.959578e-04	187873900.000000	0.000000e+00
1.484317e+01	2.685221e+00	1.959381e-04	187811394.000000	0.000000e+00
1.484516e+01	2.684933e+00	1.959490e-04	187750366.000000	0.000000e+00
1.484716e+01	2.685253e+00	1.960007e-04	187696212.000000	0.000000e+00
1.484915e+01	2.684611e+00	1.960035e-04	187600810.000000	0.000000e+00
1.485115e+01	2.684380e+00	1.960187e-04	187539690.000000	0.000000e+00
1.485314e+01	2.683756e+00	1.959980e-04	187492078.000000	0.000000e+00
1.485514e+01	2.683605e+00	1.960190e-04	187430662.000000	0.000000e+00
1.485713e+01	2.683633e+00	1.960729e-04	187331616.000000	0.000000e+00
1.485913e+01	2.683441e+00	1.960902e-04	187271758.000000	0.000000e+00
1.486112e+01	2.682425e+00	1.960526e-04	187201770.000000	0.000000e+00
1.486311e+01	2.682732e+00	1.960907e-04	187171768.000000	0.000000e+00
1.486511e+01	2.681932e+00	1.961026e-04	187037472.000000	0.000000e+00
1.486710e+01	2.681625e+00	1.960841e-04	187030054.000000	0.000000e+00
1.486910e+01	2.681531e+00	1.961304e-04	186928636.000000	0.000000e+00
1.487109e+01	2.681572e+00	1.961694e-04	186860040.000000	0.000000e+00
1.487309e+01	2.680989e+00	1.961594e-04	186797842.000000	0.000000e+00
1.487508e+01	2.680568e+00	1.961768e-04	186705906.000000	0.000000e+00
1.487708e+01	2.680083e+00	1.961554e-04	186679108.000000	0.000000e+00
1.487907e+01	2.679991e+00	1.962192e-04	186545110.000000	0.000000e+00
1.488107e+01	2.679749e+00	1.961771e-04	186591348.000000	0.000000e+00
1.488306e+01	2.679300e+00	1.962469e-04	186396196.000000	0.000000e+00
1.488506e+01	2.679270e+00	1.962605e-04	186366204.000000	0.000000e+00
1.488705e+01	2.678542e+00	1.962245e-04	186333280.000000	0.000000e+00
1.488904e+01	2.678281e+00	1.962681e-04	186214212.000000	0.000000e+00
1.489104e+01	2.678117e+00	1.962560e-04	186214420.000000	0.000000e+00
1.489303e+01	2.678361e+00	1.963358e-04	186096976.000000	0.000000e+00
1.489503e+01	2.677649e+00	1.963056e-04	186055164.000000	0.000000e+00
1.489702e+01	2.677100e+00	1.963066e-04	185977030.000000	0.000000e+00
1.489902e+01	2.677044e+00	1.963569e-04	185874042.000000	0.000000e+00
1.490101e+01	2.676538e+00	1.963279e-04	185858542.000000	0.000000e+00
1.490301e+01	2.676578e+00	1.963695e-04	185785488.000000	0.000000e+00
1.490500e+01	2.676239e+00	1.963980e-04	185684518.000000	0.000000e+00
1.490700e+01	2.675785e+00	1.964141e-04	185591086.000000	0.000000e+00
1.490899e+01	2.675688e+00	1.964158e-04	185574540.000000	0.000000e+00
1.491099e+01	2.674759e+00	1.963886e-04	185496880.000000	0.000000e+00
1.491298e+01	2.674767e+00	1.964372e-04	185406246.000000	0.000000e+00
1.491498e+01	2.674582e+00	1.964651e-04	185328004.000000	0.000000e+00
1.491697e+01	2.674529e+00	1.964665e-04	185318124.000000	0.000000e+00
1.491897e+01	2.674520e+00	1.965392e-04	185179702.000000	0.000000e+00
1.492096e+01	2.674021e+00	1.965002e-04	185184106.000000	0.000000e+00
1.492295e+01	2.673463e+00	1.965459e-04	185020644.000000	0.000000e+00
1.492495e+01	2.672979e+00	1.965117e-04	185018176.000000	0.000000e+00
1.492694e+01	2.672723e+00	1.965309e-04	184946466.000000	0.000000e+00
1.492894e+01	2.672914e+00	1.966041e-04	184835128.000000	0.000000e+00
1.493093e+01	2.672098e+00	1.965646e-04	184796638.000000	0.000000e+00
1.493293e+01	2.671933e+00	1.965780e-04	184748688.000000	0.000000e+00
1.493492e+01	2.671624e+00	1.966124e-04	184641310.000000	0.000000e+00
1.493692e+01	2.671840e+00	1.966628e-04	184576464.000000	0.000000e+00
1.493891e+01	2.671353e+00	1.966439e-04	184544608.000000	0.000000e+00
1.494091e+01	2.670897e+00	1.966813e-04	184411554.000000	0.000000e+00
1.494290e+01	2.670430e+00	1.966419e-04	184421020.000000	0.000000e+00
1.494490e+01	2.670419e+00	1.967090e-04	184293562.000000	0.000000e+00
1.494689e+01	2.670126e+00	1.967239e-04	184225296.000000	0.000000e+00
1.494888e+01	2.669657e+00	1.966967e-04	184211626.000000	0.000000e+00
1.495088e+01	2.669767e+00	1.967885e-04	184054752.000000	0.000000e+00
1.495287e+01	2.669054e+00	1.967611e-04	184007764.000000	0.000000e+00
1.495487e+01	2.669207e+00	1.967797e-04	183994098.000000	0.000000e+00
1.495686e+01	2.668950e+00	1.968100e-04	183901990.000000	0.000000e+00
1.495886e+01	2.668536e+00	1.968185e-04	183828988.000000	0.000000e+00
1.496085e+01	2.667950e+00	1.968375e-04	183712986.000000	0.000000e+00
1.496285e+01	2.668057e+00	1.968553e-04	183694456.000000	0.000000e+00
1.496484e+01	2.667511e+00	1.968575e-04	183615060.000000	0.000000e+00
1.496684e+01	2.667322e+00	1.968838e-04	183540052.000000	0.000000e+00
1.496883e+01	2.667096e+00	1.969180e-04	183445266.000000	0.000000e+00
1.497083e+01	2.666661e+00	1.968961e-04	183426250.000000	0.000000e+00
1.497282e+01	2.666303e+00	1.969088e-04	183353380.000000	0.000000e+00
1.497482e+01	2.666254e+00	1.969542e-04	183261966.000000	0.000000e+00
1.497681e+01	2.665982e+00	1.969851e-04	183167164.000000	0.000000e+00
1.497880e+01	2.665863e+00	1.970066e-04	183110808.000000	0.000000e+00
1.498080e+01	2.665350e+00	1.969814e-04	183087280.000000	0.000000e+00
1.498279e+01	2.664894e+00	1.970146e-04	182962876.000000	0.000000e+00
1.498479e+01	2.664870e+00	1.970340e-04	182923560.000000	0.000000e+00
1.498678e+01	2.664561e+00	1.970410e-04	182868076.000000	0.000000e+00
1.498878e+01	2.664535e+00	1.971173e-04	182723112.000000	0.000000e+00
1.499077e+01	2.663880e+00	1.970889e-04	182685850.000000	0.000000e+00
1.499277e+01	2.664019e+00	1.971228e-04	182642160.000000	0.000000e+00
1.499476e+01	2.663444e+00	1.971205e-04	182567602.000000	0.000000e+00
1.499676e+01	2.663071e+00	1.971320e-04	182495254.000000	0.000000e+00
1.499875e+01	2.662898e+00	1.971659e-04	182408520.000000	0.000000e+00
1.500075e+01	2.662868e+00	1.971769e-04	182384170.000000	0.000000e+00
1.500274e+01	2.662429e+00	1.971964e-04	182288070.000000	0.000000e+00
1.500473e+01	2.661916e+00	1.972190e-04	182176162.000000	0.000000e+00
1.500673e+01	2.661835e+00	1.972340e-04	182137092.000000	0.000000e+00
1.500872e+01	2.661774e+00	1.972639e-04	182073730.000000	0.000000e+00
1.501072e+01	2.661373e+00	1.972490e-04	182046310.000000	0.000000e+00
1.501271e+01	2.660770e+00	1.972908e-04	181886610.000000	0.000000e+00
1.501471e+01	2.661081e+00	1.973361e-04	181845748.000000	0.000000e+00
1.501670e+01	2.660645e+00	1.973173e-04	181820796.000000	0.000000e+00
1.501870e+01	2.660071e+00	1.973395e-04	181701508.000000	0.000000e+00
1.502069e+01	2.659958e+00	1.973688e-04	181631988.000000	0.000000e+00
1.502269e+01	2.659747e+00	1.973874e-04	181569064.000000	0.000000e+00
1.502468e+01	2.659491e+00	1.973902e-04	181528942.000000	0.000000e+00
1.502668e+01	2.658918e+00	1.974099e-04	181414548.000000	0.000000e+00
1.502867e+01	2.658959e+00	1.974432e-04	181359016.000000	0.000000e+00
1.503067e+01	2.658269e+00	1.973973e-04	181349256.000000	0.000000e+00
1.503266e+01	2.658605e+00	1.975046e-04	181197808.000000	0.000000e+00
1.503465e+01	2.657776e+00	1.974657e-04	181156210.000000	0.000000e+00
1.503665e+01	2.658196e+00	1.975428e-04	181072074.000000	0.000000e+00
1.503864e+01	2.657993e+00	1.975671e-04	181000030.000000	0.000000e+00
1.504064e+01	2.657307e+00	1.975372e-04	180961308.000000	0.000000e+00
1.504263e+01	2.657095e+00	1.975771e-04	180859258.000000	0.000000e+00
1.504463e+01	2.657095e+00	1.976109e-04	180797514.000000	0.000000e+00
1.504662e+01	2.656358e+00	1.975862e-04	180742378.000000	0.000000e+00
1.504862e+01	2.656198e+00	1.976362e-04	180629200.000000	0.000000e+00
1.505061e+01	2.656105e+00	1.976406e-04	180608370.000000	0.000000e+00
1.505261e+01	2.656064e+00	1.976923e-04	180508414.000000	0.000000e+00
1.505460e+01	2.655483e+00	1.976735e-04	180463860.000000	0.000000e+00
1.505660e+01	2.655582e+00	1.977410e-04	180354088.000000	0.000000e+00
1.505859e+01	2.654817e+00	1.977031e-04	180319326.000000	0.000000e+00
1.506058e+01	2.654829e+00	1.977650e-04	180208084.000000	0.000000e+00
1.506258e+01	2.654731e+00	1.977835e-04	180161032.000000	0.000000e+00
1.506457e+01	2.654142e+00	1.977727e-04	180100770.000000	0.000000e+00
1.506657e+01	2.654195e+00	1.978303e-04	180003268.000000	0.000000e+00
1.506856e+01	2.653861e+00	1.978354e-04	179948436.000000	0.000000e+00
1.507056e+01	2.654160e+00	1.978949e-04	179880826.000000	0.000000e+00
1.507255e+01	2.653394e+00	1.978799e-04	179804386.000000	0.000000e+00
1.507455e+01	2.652837e+00	1.978727e-04	179741940.000000	0.000000e+00
1.507654e+01	2.652693e+00	1.979102e-04	179654434.000000	0.000000e+00
1.507854e+01	2.652558e+00	1.979381e-04	179585370.000000	0.000000e+00
1.508053e+01	2.652426e+00	1.979546e-04	179537662.000000	0.000000e+00
1.508253e+01	2.652052e+00	1.979743e-04	179451216.000000	0.000000e+00
1.508452e+01	2.652129e+00	1.980060e-04	179404222.000000	0.000000e+00
1.508652e+01	2.651505e+00	1.980295e-04	179277250.000000	0.000000e+00
1.508851e+01	2.651263e+00	1.980271e-04	179248914.000000	0.000000e+00
1.509050e+01	2.651286e+00	1.980925e-04	179133742.000000	0.000000e+00
1.509250e+01	2.650561e+00	1.980549e-04	179103576.000000	0.000000e+00
1.509449e+01	2.650894e+00	1.981159e-04	179038414.000000	0.000000e+00
1.509649e+01	2.650721e+00	1.981669e-04	178922880.000000	0.000000e+00
1.509848e+01	2.650353e+00	1.981554e-04	178894048.000000	0.000000e+00
1.510048e+01	2.650002e+00	1.982091e-04	178749568.000000	0.000000e+00
1.510247e+01	2.649709e+00	1.981663e-04	178787442.000000	0.000000e+00
1.510447e+01	2.649146e+00	1.981918e-04	178665334.000000	0.000000e+00
1.510646e+01	2.649372e+00	1.982520e-04	178587324.000000	0.000000e+00
1.510846e+01	2.648929e+00	1.982522e-04	178527316.000000	0.000000e+00
1.511045e+01	2.648789e+00	1.983019e-04	178418976.000000	0.000000e+00
1.511245e+01	2.648363e+00	1.982800e-04	178401034.000000	0.000000e+00
1.511444e+01	2.647786e+00	1.982850e-04	178314244.000000	0.000000e+00
1.511644e+01	2.648290e+00	1.983628e-04	178242090.000000	0.000000e+00
1.511843e+01	2.647955e+00	1.983841e-04	178158880.000000	0.000000e+00
1.512042e+01	2.647295e+00	1.983789e-04	178079472.000000	0.000000e+00
1.512242e+01	2.647110e+00	1.983956e-04	178024408.000000	0.000000e+00
1.512441e+01	2.647322e+00	1.984603e-04	177936964.000000	0.000000e+00
1.512641e+01	2.646809e+00	1.984461e-04	177893496.000000	0.000000e+00
1.512840e+01	2.646812e+00	1.985011e-04	177795418.000000	0.000000e+00
1.513040e+01	2.646098e+00	1.984958e-04	177708894.000000	0.000000e+00
1.513239e+01	2.645993e+00	1.985276e-04	177638026.000000	0.000000e+00
1.513439e+01	2.645731e+00	1.985174e-04	177620940.000000	0.000000e+00
1.513638e+01	2.645620e+00	1.985805e-04	177493288.000000	0.000000e+00
1.513838e+01	2.645028e+00	1.985513e-04	177465922.000000	0.000000e+00
1.514037e+01	2.645429e+00	1.986330e-04	177373656.000000	0.000000e+00
1.514237e+01	2.645016e+00	1.986505e-04	177287116.000000	0.000000e+00
1.514436e+01	2.644837e+00	1.986811e-04	177208440.000000	0.000000e+00
1.514635e+01	2.644798e+00	1.986935e-04	177181180.000000	0.000000e+00
1.514835e+01	2.644351e+00	1.987110e-04	177090234.000000	0.000000e+00
1.515034e+01	2.644355e+00	1.987560e-04	177010492.000000	0.000000e+00
1.515234e+01	2.644030e+00	1.987734e-04	176935966.000000	0.000000e+00
1.515433e+01	2.643413e+00	1.987742e-04	176852010.000000	0.000000e+00
1.515633e+01	2.643656e+00	1.988096e-04	176821510.000000	0.000000e+00
1.515832e+01	2.643280e+00	1.988481e-04	176702826.000000	0.000000e+00
1.516032e+01	2.643006e+00	1.988416e-04	176677786.000000	0.000000e+00
1.516231e+01	2.642534e+00	1.988726e-04	176559624.000000	0.000000e+00
1.516431e+01	2.642894e+00	1.989157e-04	176531212.000000	0.000000e+00
1.516630e+01	2.642169e+00	1.989386e-04	176393788.000000	0.000000e+00
1.516830e+01	2.642389e+00	1.989918e-04	176328714.000000	0.000000e+00
1.517029e+01	2.642129e+00	1.989750e-04	176323912.000000	0.000000e+00
1.517229e+01	2.641834e+00	1.990123e-04	176218314.000000	0.000000e+00
1.517428e+01	2.641377e+00	1.990173e-04	176148580.000000	0.000000e+00
1.517627e+01	2.641122e+00	1.990502e-04	176056324.000000	0.000000e+00
1.517827e+01	2.641030e+00	1.990675e-04	176013480.000000	0.000000e+00
1.518026e+01	2.640638e+00	1.990831e-04	175933678.000000	0.000000e+00
1.518226e+01	2.640610e+00	1.991345e-04	175839192.000000	0.000000e+00
1.518425e+01	2.640386e+00	1.991508e-04	175780420.000000	0.000000e+00
1.518625e+01	2.640123e+00	1.991765e-04	175700154.000000	0.000000e+00
1.518824e+01	2.639649e+00	1.991674e-04	175652980.000000	0.000000e+00
1.519024e+01	2.639705e+00	1.992222e-04	175564000.000000	0.000000e+00
1.519223e+01	2.639693e+00	1.992801e-04	175460244.000000	0.000000e+00
1.519423e+01	2.639135e+00	1.992568e-04	175427218.000000	0.000000e+00
1.519622e+01	2.639023e+00	1.992814e-04	175369008.000000	0.000000e+00
1.519822e+01	2.638603e+00	1.993171e-04	175250296.000000	0.000000e+00
1.520021e+01	2.638339e+00	1.993190e-04	175212036.000000	0.000000e+00
1.520220e+01	2.638503e+00	1.993839e-04	175119622.000000	0.000000e+00
1.520420e+01	2.638227e+00	1.994072e-04	175042024.000000	0.000000e+00
1.520619e+01	2.638047e+00	1.994409e-04	174959118.000000	0.000000e+00
1.520819e+01	2.637657e+00	1.994152e-04	174952462.000000	0.000000e+00
1.521018e+01	2.637731e+00	1.994925e-04	174826728.000000	0.000000e+00
1.521218e+01	2.637469e+00	1.995061e-04	174768118.000000	0.000000e+00
1.521417e+01	2.637095e+00	1.995173e-04	174699000.000000	0.000000e+00
1.521617e+01	2.636921e+00	1.995751e-04	174574852.000000	0.000000e+00
1.521816e+01	2.636823e+00	1.995667e-04	174576568.000000	0.000000e+00
1.522016e+01	2.636543e+00	1.996099e-04	174463932.000000	0.000000e+00
1.522215e+01	2.636284e+00	1.996338e-04	174387898.000000	0.000000e+00
1.522415e+01	2.636045e+00	1.996462e-04	174334656.000000	0.000000e+00
1.522614e+01	2.635563e+00	1.996626e-04	174242104.000000	0.000000e+00
1.522814e+01	2.636037e+00	1.997211e-04	174202858.000000	0.000000e+00
1.523013e+01	2.635213e+00	1.997111e-04	174111240.000000	0.000000e+00
1.523212e+01	2.635148e+00	1.997763e-04	173989180.000000	0.000000e+00
1.523412e+01	2.635151e+00	1.997643e-04	174010350.000000	0.000000e+00
1.523611e+01	2.635152e+00	1.998536e-04	173855032.000000	0.000000e+00
1.523811e+01	2.635003e+00	1.998684e-04	173809632.000000	0.000000e+00
1.524010e+01	2.634196e+00	1.998497e-04	173735770.000000	0.000000e+00
1.524210e+01	2.634121e+00	1.998714e-04	173688016.000000	0.000000e+00
1.524409e+01	2.634206e+00	1.999405e-04	173579352.000000	0.000000e+00
1.524609e+01	2.634051e+00	1.999673e-04	173512288.000000	0.000000e+00
1.524808e+01	2.633771e+00	1.999776e-04	173457618.000000	0.000000e+00
1.525008e+01	2.632918e+00	1.999613e-04	173373412.000000	0.000000e+00
1.525207e+01	2.633366e+00	2.000501e-04	173278572.000000	0.000000e+00
1.525407e+01	2.632786e+00	2.000405e-04	173218948.000000	0.000000e+00
1.525606e+01	2.633322e+00	2.001161e-04	173158414.000000	0.000000e+00
1.525806e+01	2.632541e+00	2.000896e-04	173101656.000000	0.000000e+00
1.526005e+01	2.632268e+00	2.001440e-04	172971640.000000	0.000000e+00
1.526204e+01	2.632244e+00	2.001432e-04	172969860.000000	0.000000e+00
1.526404e+01	2.632472e+00	2.002316e-04	172847158.000000	0.000000e+00
1.526603e+01	2.632007e+00	2.002451e-04	172762780.000000	0.000000e+00
1.526803e+01	2.631714e+00	2.002398e-04	172733550.000000	0.000000e+00
1.527002e+01	2.631334e+00	2.002694e-04	172632484.000000	0.000000e+00
1.527202e+01	2.631756e+00	2.003255e-04	172591140.000000	0.000000e+00
1.527401e+01	2.630793e+00	2.003380e-04	172443466.000000	0.000000e+00
1.527601e+01	2.630978e+00	2.003532e-04	172441596.000000	0.000000e+00
1.527800e+01	2.630652e+00	2.004032e-04	172312828.000000	0.000000e+00
1.528000e+01	2.630795e+00	2.004132e-04	172314268.000000	0.000000e+00
1.528199e+01	2.630050e+00	2.004430e-04	172165530.000000	0.000000e+00
1.528399e+01	2.630355e+00	2.005043e-04	172100116.000000	0.000000e+00
1.528598e+01	2.629990e+00	2.004812e-04	172092144.000000	0.000000e+00
1.528797e+01	2.629896e+00	2.005650e-04	171936094.000000	0.000000e+00
1.528997e+01	2.629866e+00	2.005779e-04	171909984.000000	0.000000e+00
1.529196e+01	2.629347e+00	2.005851e-04	171829732.000000	0.000000e+00
1.529396e+01	2.629308e+00	2.006433e-04	171724972.000000	0.000000e+00
1.529595e+01	2.628840e+00	2.006214e-04	171701286.000000	0.000000e+00
1.529795e+01	2.628991e+00	2.006993e-04	171587872.000000	0.000000e+00
1.529994e+01	2.628616e+00	2.006929e-04	171549744.000000	0.000000e+00
1.530194e+01	2.628602e+00	2.007588e-04	171435334.000000	0.000000e+00
1.530393e+01	2.628062e+00	2.007283e-04	171417096.000000	0.000000e+00
1.530593e+01	2.628021e+00	2.007950e-04	171297820.000000	0.000000e+00
1.530792e+01	2.628172e+00	2.008471e-04	171228580.000000	0.000000e+00
1.530992e+01	2.627730e+00	2.008624e-04	171144918.000000	0.000000e+00
1.531191e+01	2.627483e+00	2.008687e-04	171102004.000000	0.000000e+00
1.531391e+01	2.627308e+00	2.009245e-04	170984196.000000	0.000000e+00
1.531590e+01	2.627706e+00	2.009752e-04	170949742.000000	0.000000e+00
1.531789e+01	2.627055e+00	2.009802e-04	170856592.000000	0.000000e+00
1.531989e+01	2.626645e+00	2.009849e-04	170795298.000000	0.000000e+00
1.532188e+01	2.626832e+00	2.010411e-04	170724088.000000	0.000000e+00
1.532388e+01	2.626510e+00	2.010780e-04	170619624.000000	0.000000e+00
1.532587e+01	2.626332e+00	2.010924e-04	170572084.000000	0.000000e+00
1.532787e+01	2.626003e+00	2.011057e-04	170506734.000000	0.000000e+00
1.532986e+01	2.626092e+00	2.011825e-04	170388148.000000	0.000000e+00
1.533186e+01	2.625845e+00	2.011954e-04	170334292.000000	0.000000e+00
1.533385e+01	2.625796e+00	2.012096e-04	170303952.000000	0.000000e+00
1.533585e+01	2.625203e+00	2.012346e-04	170184640.000000	0.000000e+00
1.533784e+01	2.625511e+00	2.013104e-04	170096442.000000	0.000000e+00
1.533984e+01	2.625329e+00	2.013205e-04	170055868.000000	0.000000e+00
1.534183e+01	2.625056e+00	2.013467e-04	169976160.000000	0.000000e+00
1.534383e+01	2.624772e+00	2.013594e-04	169918072.000000	0.000000e+00
1.534582e+01	2.624493e+00	2.014247e-04	169771750.000000	0.000000e+00
1.534781e+01	2.624278e+00	2.014070e-04	169773864.000000	0.000000e+00
1.534981e+01	2.624236e+00	2.014714e-04	169659706.000000	0.000000e+00
1.535180e+01	2.624188e+00	2.014830e-04	169633950.000000	0.000000e+00
1.535380e+01	2.623955e+00	2.015591e-04	169475884.000000	0.000000e+00
1.535579e+01	2.624150e+00	2.015820e-04	169462644.000000	0.000000e+00
1.535779e+01	2.623636e+00	2.015975e-04	169370116.000000	0.000000e+00
1.535978e+01	2.623694e+00	2.016309e-04	169321450.000000	0.000000e+00
1.536178e+01	2.623137e+00	2.016773e-04	169171812.000000	0.000000e+00
1.536377e+01	2.623238e+00	2.016876e-04	169167508.000000	0.000000e+00
1.536577e+01	2.623057e+00	2.017154e-04	169097520.000000	0.000000e+00
1.536776e+01	2.622911e+00	2.017561e-04	169010638.000000	0.000000e+00
1.536976e+01	2.622964e+00	2.018344e-04	168886222.000000	0.000000e+00
1.537175e+01	2.622694e+00	2.018280e-04	168862218.000000	0.000000e+00
1.537374e+01	2.622318e+00	2.018482e-04	168779926.000000	0.000000e+00
1.537574e+01	2.622054e+00	2.018868e-04	168681528.000000	0.000000e+00
1.537773e+01	2.621747e+00	2.018828e-04	168648742.000000	0.000000e+00
1.537973e+01	2.621597e+00	2.019352e-04	168541860.000000	0.000000e+00
1.538172e+01	2.621916e+00	2.020039e-04	168468352.000000	0.000000e+00
1.538372e+01	2.621788e+00	2.020408e-04	168390250.000000	0.000000e+00
1.538571e+01	2.621602e+00	2.020771e-04	168305916.000000	0.000000e+00
1.538771e+01	2.621264e+00	2.020568e-04	168296248.000000	0.000000e+00
1.538970e+01	2.621192e+00	2.021541e-04	168125082.000000	0.000000e+00
1.539170e+01	2.621281e+00	2.021711e-04	168108280.000000	0.000000e+00
1.539369e+01	2.620852e+00	2.021826e-04	168034056.000000	0.000000e+00
1.539569e+01	2.620573e+00	2.022255e-04	167927080.000000	0.000000e+00
1.539768e+01	2.620508e+00	2.022423e-04	167890792.000000	0.000000e+00
1.539967e+01	2.620278e+00	2.022880e-04	167785518.000000	0.000000e+00
1.540167e+01	2.619927e+00	2.022955e-04	167728108.000000	0.000000e+00
1.540366e+01	2.620044e+00	2.023471e-04	167657520.000000	0.000000e+00
1.540566e+01	2.619726e+00	2.023696e-04	167579572.000000	0.000000e+00
1.540765e+01	2.619598e+00	2.024240e-04	167473158.000000	0.000000e+00
1.540965e+01	2.619547e+00	2.024448e-04	167432332.000000	0.000000e+00
1.541164e+01	2.619342e+00	2.024791e-04	167349244.000000	0.000000e+00
1.541364e+01	2.619600e+00	2.025528e-04	167260608.000000	0.000000e+00
1.541563e+01	2.618446e+00	2.025033e-04	167194912.000000	0.000000e+00
1.541763e+01	2.618903e+00	2.025950e-04	167101896.000000	0.000000e+00
1.541962e+01	2.618908e+00	2.026224e-04	167057266.000000	0.000000e+00
1.542162e+01	2.618815e+00	2.026781e-04	166953592.000000	0.000000e+00
1.542361e+01	2.618667e+00	2.027050e-04	166890612.000000	0.000000e+00
1.542561e+01	2.618552e+00	2.027420e-04	166815058.000000	0.000000e+00
1.542760e+01	2.618502e+00	2.027813e-04	166743948.000000	0.000000e+00
1.542959e+01	2.618323e+00	2.028074e-04	166678192.000000	0.000000e+00
1.543159e+01	2.618048e+00	2.028389e-04	166591350.000000	0.000000e+00
1.543358e+01	2.617946e+00	2.028771e-04	166515814.000000	0.000000e+00
1.543558e+01	2.617500e+00	2.028856e-04	166445134.000000	0.000000e+00
1.543757e+01	2.617370e+00	2.029364e-04	166345338.000000	0.000000e+00
1.543957e+01	2.617092e+00	2.029459e-04	166294300.000000	0.000000e+00
1.544156e+01	2.616940e+00	2.029722e-04	166231938.000000	0.000000e+00
1.544356e+01	2.616883e+00	2.030502e-04	166097062.000000	0.000000e+00
1.544555e+01	2.616897e+00	2.030745e-04	166058910.000000	0.000000e+00
1.544755e+01	2.616552e+00	2.031033e-04	165968242.000000	0.000000e+00
1.544954e+01	2.616429e+00	2.031158e-04	165932176.000000	0.000000e+00
1.545154e+01	2.616473e+00	2.031771e-04	165837570.000000	0.000000e+00
1.545353e+01	2.616242e+00	2.032281e-04	165725038.000000	0.000000e+00
1.545553e+01	2.616362e+00	2.032518e-04	165701718.000000	0.000000e+00
1.545752e+01	2.616050e+00	2.032958e-04	165590512.000000	0.000000e+00
1.545951e+01	2.615932e+00	2.033246e-04	165528646.000000	0.000000e+00
1.546151e+01	2.616035e+00	2.033766e-04	165456966.000000	0.000000e+00
1.546350e+01	2.615410e+00	2.033810e-04	165370654.000000	0.000000e+00
1.546550e+01	2.615750e+00	2.034403e-04	165317478.000000	0.000000e+00
1.546749e+01	2.615614e+00	2.035036e-04	165197248.000000	0.000000e+00
1.546949e+01	2.615492e+00	2.035053e-04	165179226.000000	0.000000e+00
1.547148e+01	2.615082e+00	2.035453e-04	165062404.000000	0.000000e+00
1.547348e+01	2.615044e+00	2.035970e-04	164973940.000000	0.000000e+00
1.547547e+01	2.614746e+00	2.036139e-04	164909046.000000	0.000000e+00
1.547747e+01	2.614971e+00	2.036490e-04	164880424.000000	0.000000e+00
1.547946e+01	2.614490e+00	2.036878e-04	164757102.000000	0.000000e+00
1.548146e+01	2.614428e+00	2.037270e-04	164685814.000000	0.000000e+00
1.548345e+01	2.614232e+00	2.037507e-04	164622798.000000	0.000000e+00
1.548544e+01	2.614508e+00	2.038422e-04	164509798.000000	0.000000e+00
1.548744e+01	2.613932e+00	2.038174e-04	164477356.000000	0.000000e+00
1.548943e+01	2.614384e+00	2.039226e-04	164364606.000000	0.000000e+00
1.549143e+01	2.613525e+00	2.038871e-04	164313682.000000	0.000000e+00
1.549342e+01	2.614089e+00	2.039769e-04	164239962.000000	0.000000e+00
1.549542e+01	2.613835e+00	2.040151e-04	164146600.000000	0.000000e+00
1.549741e+01	2.613396e+00	2.040278e-04	164070990.000000	0.000000e+00
1.549941e+01	2.613490e+00	2.040815e-04	163996390.000000	0.000000e+00
1.550140e+01	2.613176e+00	2.040858e-04	163950190.000000	0.000000e+00
1.550340e+01	2.613250e+00	2.041568e-04	163845438.000000	0.000000e+00
1.550539e+01	2.613313e+00	2.042209e-04	163750348.000000	0.000000e+00
1.550739e+01	2.612672e+00	2.041964e-04	163709418.000000	0.000000e+00
1.550938e+01	2.612929e+00	2.042784e-04	163610170.000000	0.000000e+00
1.551138e+01	2.612814e+00	2.043133e-04	163539838.000000	0.000000e+00
1.551337e+01	2.612511e+00	2.043328e-04	163470726.000000	0.000000e+00
1.551536e+01	2.612534e+00	2.043812e-04	163396216.000000	0.000000e+00
1.551736e+01	2.612308e+00	2.044047e-04	163330338.000000	0.000000e+00
1.551935e+01	2.612044e+00	2.044686e-04	163195312.000000	0.000000e+00
1.552135e+01	2.611981e+00	2.044874e-04	163157424.000000	0.000000e+00
1.552334e+01	2.612298e+00	2.045661e-04	163071478.000000	0.000000e+00
1.552534e+01	2.612060e+00	2.045926e-04	162999568.000000	0.000000e+00
1.552733e+01	2.611667e+00	2.045767e-04	162975822.000000	0.000000e+00
1.552933e+01	2.611643e+00	2.046679e-04	162827722.000000	0.000000e+00
1.553132e+01	2.611640e+00	2.047207e-04	162743262.000000	0.000000e+00
1.553332e+01	2.611387e+00	2.047138e-04	162722698.000000	0.000000e+00
1.553531e+01	2.611104e+00	2.047657e-04	162604944.000000	0.000000e+00
1.553731e+01	2.611178e+00	2.047957e-04	162566590.000000	0.000000e+00
1.553930e+01	2.611373e+00	2.048856e-04	162448294.000000	0.000000e+00
1.554129e+01	2.611158e+00	2.048984e-04	162401130.000000	0.000000e+00
1.554329e+01	2.610709e+00	2.049241e-04	162304714.000000	0.000000e+00
1.554528e+01	2.610545e+00	2.049321e-04	162271524.000000	0.000000e+00
1.554728e+01	2.610286e+00	2.050064e-04	162121894.000000	0.000000e+00
1.554927e+01	2.610380e+00	2.050357e-04	162087186.000000	0.000000e+00
1.555127e+01	2.610584e+00	2.051027e-04	162006622.000000	0.000000e+00
1.555326e+01	2.610461e+00	2.051563e-04	161906722.000000	0.000000e+00
1.555526e+01	2.610213e+00	2.051642e-04	161863356.000000	0.000000e+00
1.555725e+01	2.609849e+00	2.052042e-04	161755198.000000	0.000000e+00
1.555925e+01	2.609696e+00	2.052125e-04	161723106.000000	0.000000e+00
1.556124e+01	2.609754e+00	2.052937e-04	161602414.000000	0.000000e+00
1.556324e+01	2.609761e+00	2.053355e-04	161537494.000000	0.000000e+00
1.556523e+01	2.609683e+00	2.053690e-04	161475216.000000	0.000000e+00
1.556723e+01	2.609418e+00	2.054155e-04	161369326.000000	0.000000e+00
1.556922e+01	2.609569e+00	2.054706e-04	161301336.000000	0.000000e+00
1.557121e+01	2.609593e+00	2.055099e-04	161242732.000000	0.000000e+00
1.557321e+01	2.609110e+00	2.055307e-04	161150400.000000	0.000000e+00
1.557520e+01	2.609459e+00	2.055990e-04	161086510.000000	0.000000e+00
1.557720e+01	2.609116e+00	2.056526e-04	160960150.000000	0.000000e+00
1.557919e+01	2.608458e+00	2.056193e-04	160931082.000000	0.000000e+00
1.558119e+01	2.608930e+00	2.056915e-04	160876438.000000	0.000000e+00
1.558318e+01	2.609054e+00	2.057966e-04	160727430.000000	0.000000e+00
1.558518e+01	2.609066e+00	2.058086e-04	160710112.000000	0.000000e+00
1.558717e+01	2.608547e+00	2.058442e-04	160590498.000000	0.000000e+00
1.558917e+01	2.608274e+00	2.058535e-04	160542424.000000	0.000000e+00
1.559116e+01	2.608309e+00	2.059107e-04	160457596.000000	0.000000e+00
1.559316e+01	2.608424e+00	2.059921e-04	160345056.000000	0.000000e+00
1.559515e+01	2.608078e+00	2.059792e-04	160322536.000000	0.000000e+00
1.559715e+01	2.608060e+00	2.060441e-04	160219224.000000	0.000000e+00
1.559914e+01	2.608251e+00	2.060912e-04	160169536.000000	0.000000e+00
1.560113e+01	2.608099e+00	2.061754e-04	160020028.000000	0.000000e+00
1.560313e+01	2.607576e+00	2.061566e-04	159985038.000000	0.000000e+00
1.560512e+01	2.607822e+00	2.062002e-04	159947656.000000	0.000000e+00
1.560712e+01	2.607893e+00	2.062896e-04	159817620.000000	0.000000e+00
1.560911e+01	2.607450e+00	2.063050e-04	159739612.000000	0.000000e+00
1.561111e+01	2.607546e+00	2.063568e-04	159671022.000000	0.000000e+00
1.561310e+01	2.607328e+00	2.063663e-04	159629692.000000	0.000000e+00
1.561510e+01	2.607185e+00	2.064387e-04	159500320.000000	0.000000e+00
1.561709e+01	2.607574e+00	2.065279e-04	159410112.000000	0.000000e+00
1.561909e+01	2.607582e+00	2.065240e-04	159417076.000000	0.000000e+00
1.562108e+01	2.607251e+00	2.066091e-04	159245436.000000	0.000000e+00
1.562308e+01	2.607459e+00	2.066239e-04	159247858.000000	0.000000e+00
1.562507e+01	2.606884e+00	2.066679e-04	159110040.000000	0.000000e+00
1.562706e+01	2.606535e+00	2.066638e-04	159073690.000000	0.000000e+00
1.562906e+01	2.606630e+00	2.067509e-04	158951218.000000	0.000000e+00
1.563105e+01	2.606560e+00	2.067908e-04	158881506.000000	0.000000e+00
1.563305e+01	2.607021e+00	2.068621e-04	158827966.000000	0.000000e+00
1.563504e+01	2.606478e+00	2.068984e-04	158706186.000000	0.000000e+00
1.563704e+01	2.606576e+00	2.068991e-04	158717092.000000	0.000000e+00
1.563903e+01	2.606341e+00	2.069880e-04	158552172.000000	0.000000e+00
1.564103e+01	2.606100e+00	2.070019e-04	158501494.000000	0.000000e+00
1.564302e+01	2.606203e+00	2.070431e-04	158451052.000000	0.000000e+00
1.564502e+01	2.606355e+00	2.071340e-04	158330424.000000	0.000000e+00
1.564701e+01	2.605898e+00	2.071460e-04	158256610.000000	0.000000e+00
1.564901e+01	2.606119e+00	2.071957e-04	158207418.000000	0.000000e+00
1.565100e+01	2.606137e+00	2.072615e-04	158109196.000000	0.000000e+00
1.565300e+01	2.605795e+00	2.072842e-04	158033164.000000	0.000000e+00
1.565499e+01	2.605698e+00	2.073450e-04	157928664.000000	0.000000e+00
1.565698e+01	2.605879e+00	2.073864e-04	157887502.000000	0.000000e+00
1.565898e+01	2.605489e+00	2.074086e-04	157806450.000000	0.000000e+00
1.566097e+01	2.605842e+00	2.074969e-04	157714864.000000	0.000000e+00
1.566297e+01	2.605518e+00	2.075047e-04	157663836.000000	0.000000e+00
1.566496e+01	2.605431e+00	2.075773e-04	157543054.000000	0.000000e+00
1.566696e+01	2.605289e+00	2.075923e-04	157503136.000000	0.000000e+00
1.566895e+01	2.605368e+00	2.076855e-04	157371354.000000	0.000000e+00
1.567095e+01	2.605196e+00	2.076945e-04	157337038.000000	0.000000e+00
1.567294e+01	2.605224e+00	2.077492e-04	157257516.000000	0.000000e+00
1.567494e+01	2.604923e+00	2.077816e-04	157172266.000000	0.000000e+00
1.567693e+01	2.605021e+00	2.078491e-04	157081920.000000	0.000000e+00
1.567893e+01	2.604962e+00	2.078950e-04	157005484.000000	0.000000e+00
1.568092e+01	2.604578e+00	2.079170e-04	156926044.000000	0.000000e+00
1.568291e+01	2.604404e+00	2.079401e-04	156870132.000000	0.000000e+00
1.568491e+01	2.604694e+00	2.080273e-04	156773434.000000	0.000000e+00
1.568690e+01	2.604602e+00	2.080736e-04	156692640.000000	0.000000e+00
1.568890e+01	2.604963e+00	2.081478e-04	156624418.000000	0.000000e+00
1.569089e+01	2.604396e+00	2.081672e-04	156527034.000000	0.000000e+00
1.569289e+01	2.604357e+00	2.082024e-04	156469444.000000	0.000000e+00
1.569488e+01	2.604678e+00	2.082720e-04	156403390.000000	0.000000e+00
1.569688e+01	2.604535e+00	2.083599e-04	156254340.000000	0.000000e+00
1.569887e+01	2.604410e+00	2.083744e-04	156217624.000000	0.000000e+00
1.570087e+01	2.604055e+00	2.083905e-04	156151002.000000	0.000000e+00
1.570286e+01	2.603957e+00	2.084374e-04	156068836.000000	0.000000e+00
1.570486e+01	2.604298e+00	2.085110e-04	155999602.000000	0.000000e+00
1.570685e+01	2.603967e+00	2.085535e-04	155896368.000000	0.000000e+00
1.570885e+01	2.603929e+00	2.085845e-04	155845528.000000	0.000000e+00
1.571084e+01	2.603962e+00	2.086709e-04	155720466.000000	0.000000e+00
1.571283e+01	2.604257e+00	2.087340e-04	155661562.000000	0.000000e+00
1.571483e+01	2.603748e+00	2.087239e-04	155615760.000000	0.000000e+00
1.571682e+01	2.603971e+00	2.088192e-04	155500390.000000	0.000000e+00
1.571882e+01	2.603828e+00	2.088531e-04	155432776.000000	0.000000e+00
1.572081e+01	2.603746e+00	2.089056e-04	155344848.000000	0.000000e+00
1.572281e+01	2.603387e+00	2.089337e-04	155260324.000000	0.000000e+00
1.572480e+01	2.603453e+00	2.089804e-04	155198844.000000	0.000000e+00
1.572680e+01	2.603945e+00	2.090827e-04	155105572.000000	0.000000e+00
1.572879e+01	2.603191e+00	2.090618e-04	155046768.000000	0.000000e+00
1.573079e+01	2.603583e+00	2.091719e-04	154930246.000000	0.000000e+00
1.573278e+01	2.603188e+00	2.091682e-04	154888696.000000	0.000000e+00
1.573478e+01	2.603415e+00	2.092581e-04	154782576.000000	0.000000e+00
1.573677e+01	2.603540e+00	2.093146e-04	154713982.000000	0.000000e+00
1.573876e+01	2.603260e+00	2.093420e-04	154640082.000000	0.000000e+00
1.574076e+01	2.603405e+00	2.094113e-04	154555054.000000	0.000000e+00
1.574275e+01	2.603228e+00	2.094390e-04	154493130.000000	0.000000e+00
1.574475e+01	2.603243e+00	2.095212e-04	154373878.000000	0.000000e+00
1.574674e+01	2.603471e+00	2.095726e-04	154325092.000000	0.000000e+00
1.574874e+01	2.602769e+00	2.095695e-04	154246374.000000	0.000000e+00
1.575073e+01	2.602991e+00	2.096663e-04	154130314.000000	0.000000e+00
1.575273e+01	2.603042e+00	2.096770e-04	154120650.000000	0.000000e+00
1.575472e+01	2.603028e+00	2.097717e-04	153979810.000000	0.000000e+00
1.575672e+01	2.602711e+00	2.097926e-04	153911764.000000	0.000000e+00
1.575871e+01	2.602798e+00	2.098315e-04	153864930.000000	0.000000e+00
1.576071e+01	2.602804e+00	2.099090e-04	153751990.000000	0.000000e+00
1.576270e+01	2.602796e+00	2.099562e-04	153681936.000000	0.000000e+00
1.576470e+01	2.603001e+00	2.100444e-04	153577144.000000	0.000000e+00
1.576669e+01	2.602758e+00	2.100449e-04	153547710.000000	0.000000e+00
1.576868e+01	2.602751e+00	2.101288e-04	153424312.000000	0.000000e+00
1.577068e+01	2.602413e+00	2.101480e-04	153356356.000000	0.000000e+00
1.577267e+01	2.602912e+00	2.102405e-04	153280212.000000	0.000000e+00
1.577467e+01	2.602562e+00	2.102858e-04	153173140.000000	0.000000e+00
1.577666e+01	2.602083e+00	2.102664e-04	153144990.000000	0.000000e+00
1.577866e+01	2.602135e+00	2.103502e-04	153028912.000000	0.000000e+00
1.578065e+01	2.602388e+00	2.104016e-04	152984016.000000	0.000000e+00
1.578265e+01	2.602147e+00	2.104556e-04	152877226.000000	0.000000e+00
1.578464e+01	2.602298e+00	2.105422e-04	152769208.000000	0.000000e+00
1.578664e+01	2.602312e+00	2.105629e-04	152740830.000000	0.000000e+00
1.578863e+01	2.602221e+00	2.106235e-04	152642236.000000	0.000000e+00
1.579063e+01	2.602283e+00	2.106807e-04	152566620.000000	0.000000e+00
1.579262e+01	2.602403e+00	2.107531e-04	152475970.000000	0.000000e+00
1.579462e+01	2.602061e+00	2.108005e-04	152367178.000000	0.000000e+00
1.579661e+01	2.601893e+00	2.107988e-04	152349984.000000	0.000000e+00
1.579860e+01	2.602612e+00	2.109242e-04	152253034.000000	0.000000e+00
1.580060e+01	2.601811e+00	2.109574e-04	152111412.000000	0.000000e+00
1.580259e+01	2.602096e+00	2.110020e-04	152080564.000000	0.000000e+00
1.580459e+01	2.601943e+00	2.110300e-04	152022216.000000	0.000000e+00
1.580658e+01	2.601667e+00	2.110822e-04	151914880.000000	0.000000e+00
1.580858e+01	2.602109e+00	2.111875e-04	151815052.000000	0.000000e+00
1.581057e+01	2.602340e+00	2.112427e-04	151762536.000000	0.000000e+00
1.581257e+01	2.601864e+00	2.112648e-04	151675270.000000	0.000000e+00
1.581456e+01	2.601591e+00	2.113186e-04	151566276.000000	0.000000e+00
1.581656e+01	2.601808e+00	2.113553e-04	151539004.000000	0.000000e+00
1.581855e+01	2.602100e+00	2.114588e-04	151424574.000000	0.000000e+00
1.582055e+01	2.601663e+00	2.114714e-04	151355698.000000	0.000000e+00
1.582254e+01	2.601739e+00	2.115245e-04	151288534.000000	0.000000e+00
1.582454e+01	2.601569e+00	2.115603e-04	151217538.000000	0.000000e+00
1.582653e+01	2.601886e+00	2.116758e-04	151089526.000000	0.000000e+00
1.582852e+01	2.601719e+00	2.117206e-04	151006242.000000	0.000000e+00
1.583052e+01	2.601550e+00	2.117271e-04	150977116.000000	0.000000e+00
1.583251e+01	2.601504e+00	2.118200e-04	150839466.000000	0.000000e+00
1.583451e+01	2.601948e+00	2.118801e-04	150805318.000000	0.000000e+00
1.583650e+01	2.601530e+00	2.119157e-04	150706270.000000	0.000000e+00
1.583850e+01	2.601747e+00	2.119880e-04	150628728.000000	0.000000e+00
1.584049e+01	2.601664e+00	2.120587e-04	150518512.000000	0.000000e+00
1.584249e+01	2.601742e+00	2.121027e-04	150465192.000000	0.000000e+00
1.584448e+01	2.601800e+00	2.121398e-04	150419284.000000	0.000000e+00
1.584648e+01	2.601557e+00	2.122161e-04	150283060.000000	0.000000e+00
1.584847e+01	2.601682e+00	2.122600e-04	150235314.000000	0.000000e+00
1.585047e+01	2.601769e+00	2.123254e-04	150152782.000000	0.000000e+00
1.585246e+01	2.602083e+00	2.124369e-04	150031476.000000	0.000000e+00
1.585445e+01	2.601712e+00	2.124331e-04	149994034.000000	0.000000e+00
1.585645e+01	2.601782e+00	2.125048e-04	149900886.000000	0.000000e+00
1.585844e+01	2.601388e+00	2.125316e-04	149817700.000000	0.000000e+00
1.586044e+01	2.601672e+00	2.126261e-04	149717218.000000	0.000000e+00
1.586243e+01	2.601856e+00	2.126845e-04	149656248.000000	0.000000e+00
1.586443e+01	2.601419e+00	2.126796e-04	149612896.000000	0.000000e+00
1.586642e+01	2.601792e+00	2.128351e-04	149437230.000000	0.000000e+00
1.586842e+01	2.601459e+00	2.128260e-04	149411770.000000	0.000000e+00
1.587041e+01	2.601489e+00	2.128758e-04	149345172.000000	0.000000e+00
1.587241e+01	2.601727e+00	2.129568e-04	149258890.000000	0.000000e+00
1.587440e+01	2.601534e+00	2.129947e-04	149183740.000000	0.000000e+00
1.587640e+01	2.601409e+00	2.130748e-04	149057232.000000	0.000000e+00
1.587839e+01	2.601317e+00	2.131069e-04	149001838.000000	0.000000e+00
1.588038e+01	2.601658e+00	2.131790e-04	148940142.000000	0.000000e+00
1.588238e+01	2.601377e+00	2.132183e-04	148853008.000000	0.000000e+00
1.588437e+01	2.601523e+00	2.133024e-04	148752330.000000	0.000000e+00
1.588637e+01	2.601611e+00	2.133551e-04	148688914.000000	0.000000e+00
1.588836e+01	2.601816e+00	2.134365e-04	148598914.000000	0.000000e+00
1.589036e+01	2.601624e+00	2.134913e-04	148500786.000000	0.000000e+00
1.589235e+01	2.601503e+00	2.135098e-04	148461124.000000	0.000000e+00
1.589435e+01	2.601756e+00	2.136356e-04	148315224.000000	0.000000e+00
1.589634e+01	2.601301e+00	2.136239e-04	148279552.000000	0.000000e+00
1.589834e+01	2.601330e+00	2.136732e-04	148214476.000000	0.000000e+00
1.590033e+01	2.601294e+00	2.137590e-04	148091544.000000	0.000000e+00
1.590233e+01	2.601537e+00	2.138105e-04	148047778.000000	0.000000e+00
1.590432e+01	2.601462e+00	2.139045e-04	147909120.000000	0.000000e+00
1.590632e+01	2.601684e+00	2.139287e-04	147900922.000000	0.000000e+00
1.590831e+01	2.601440e+00	2.140026e-04	147771114.000000	0.000000e+00
1.591030e+01	2.601584e+00	2.140660e-04	147699988.000000	0.000000e+00
1.591230e+01	2.601636e+00	2.141211e-04	147629908.000000	0.000000e+00
1.591429e+01	2.601805e+00	2.142206e-04	147511914.000000	0.000000e+00
1.591629e+01	2.601874e+00	2.142543e-04	147473290.000000	0.000000e+00
1.591828e+01	2.601530e+00	2.143077e-04	147360852.000000	0.000000e+00
1.592028e+01	2.601367e+00	2.143430e-04	147293848.000000	0.000000e+00
1.592227e+01	2.601709e+00	2.144194e-04	147227676.000000	0.000000e+00
1.592427e+01	2.601728e+00	2.145082e-04	147107824.000000	0.000000e+00
1.592626e+01	2.602014e+00	2.145402e-04	147096406.000000	0.000000e+00
1.592826e+01	2.602068e+00	2.146783e-04	146913156.000000	0.000000e+00
1.593025e+01	2.601808e+00	2.146855e-04	146873980.000000	0.000000e+00
1.593225e+01	2.602101e+00	2.147429e-04	146828574.000000	0.000000e+00
1.593424e+01	2.601399e+00	2.147702e-04	146712028.000000	0.000000e+00
1.593623e+01	2.601953e+00	2.148940e-04	146605614.000000	0.000000e+00
1.593823e+01	2.601815e+00	2.149122e-04	146565094.000000	0.000000e+00
1.594022e+01	2.601910e+00	2.149745e-04	146490922.000000	0.000000e+00
1.594222e+01	2.601913e+00	2.150565e-04	146379582.000000	0.000000e+00
1.594421e+01	2.601759e+00	2.150882e-04	146319190.000000	0.000000e+00
1.594621e+01	2.601974e+00	2.151764e-04	146223360.000000	0.000000e+00
1.594820e+01	2.602051e+00	2.152394e-04	146146456.000000	0.000000e+00
1.595020e+01	2.602062e+00	2.153135e-04	146047012.000000	0.000000e+00
1.595219e+01	2.601594e+00	2.153102e-04	145999014.000000	0.000000e+00
1.595419e+01	2.601900e+00	2.154054e-04	145904302.000000	0.000000e+00
1.595618e+01	2.602137e+00	2.155031e-04	145798590.000000	0.000000e+00
1.595818e+01	2.602102e+00	2.155615e-04	145715752.000000	0.000000e+00
1.596017e+01	2.602183e+00	2.155884e-04	145688358.000000	0.000000e+00
1.596217e+01	2.602023e+00	2.156804e-04	145546186.000000	0.000000e+00
1.596416e+01	2.602246e+00	2.157307e-04	145503274.000000	0.000000e+00
1.596615e+01	2.602337e+00	2.158220e-04	145390290.000000	0.000000e+00
1.596815e+01	2.602269e+00	2.158686e-04	145320052.000000	0.000000e+00
1.597014e+01	2.601973e+00	2.158872e-04	145261896.000000	0.000000e+00
1.597214e+01	2.602197e+00	2.160245e-04	145102276.000000	0.000000e+00
1.597413e+01	2.602181e+00	2.160131e-04	145115856.000000	0.000000e+00
1.597613e+01	2.602482e+00	2.161413e-04	144977164.000000	0.000000e+00
1.597812e+01	2.602259e+00	2.161666e-04	144918472.000000	0.000000e+00
1.598012e+01	2.601992e+00	2.162308e-04	144802788.000000	0.000000e+00
1.598211e+01	2.602175e+00	2.163004e-04	144729928.000000	0.000000e+00
1.598411e+01	2.602205e+00	2.163214e-04	144705114.000000	0.000000e+00
1.598610e+01	2.602579e+00	2.164571e-04	144565390.000000	0.000000e+00
1.598810e+01	2.602676e+00	2.165296e-04	144479308.000000	0.000000e+00
1.599009e+01	2.602478e+00	2.165426e-04	144439992.000000	0.000000e+00
1.599209e+01	2.602326e+00	2.166376e-04	144296380.000000	0.000000e+00
1.599408e+01	2.602261e+00	2.166557e-04	144265158.000000	0.000000e+00
1.599607e+01	2.602277e+00	2.167521e-04	144138652.000000	0.000000e+00
1.599807e+01	2.602769e+00	2.168278e-04	144092544.000000	0.000000e+00
1.600006e+01	2.603115e+00	2.169078e-04	144024544.000000	0.000000e+00
1.600206e+01	2.602914e+00	2.169795e-04	143907166.000000	0.000000e+00
1.600405e+01	2.602859e+00	2.170363e-04	143825706.000000	0.000000e+00
1.600605e+01	2.603244e+00	2.171531e-04	143713558.000000	0.000000e+00
1.600804e+01	2.602879e+00	2.171269e-04	143708022.000000	0.000000e+00
1.601004e+01	2.603031e+00	2.172324e-04	143585170.000000	0.000000e+00
1.601203e+01	2.603097e+00	2.173282e-04	143465958.000000	0.000000e+00
1.601403e+01	2.603045e+00	2.173394e-04	143445316.000000	0.000000e+00
1.601602e+01	2.602900e+00	2.174077e-04	143339218.000000	0.000000e+00
1.601802e+01	2.602773e+00	2.174863e-04	143221722.000000	0.000000e+00
1.602001e+01	2.602936e+00	2.175366e-04	143173384.000000	0.000000e+00
1.602200e+01	2.602990e+00	2.175865e-04	143113680.000000	0.000000e+00
1.602400e+01	2.602759e+00	2.176611e-04	142990246.000000	0.000000e+00
1.602599e+01	2.603507e+00	2.177855e-04	142909056.000000	0.000000e+00
1.602799e+01	2.603291e+00	2.178014e-04	142864486.000000	0.000000e+00
1.602998e+01	2.603259e+00	2.179140e-04	142713310.000000	0.000000e+00
1.603198e+01	2.603455e+00	2.179529e-04	142683858.000000	0.000000e+00
1.603397e+01	2.603058e+00	2.180016e-04	142576624.000000	0.000000e+00
1.603597e+01	2.603662e+00	2.180941e-04	142521846.000000	0.000000e+00
1.603796e+01	2.603188e+00	2.181119e-04	142446688.000000	0.000000e+00
1.603996e+01	2.603680e+00	2.182818e-04	142278772.000000	0.000000e+00
1.604195e+01	2.603772e+00	2.182869e-04	142282230.000000	0.000000e+00
1.604395e+01	2.603188e+00	2.183329e-04	142158478.000000	0.000000e+00
1.604594e+01	2.604087e+00	2.184613e-04	142089432.000000	0.000000e+00
1.604794e+01	2.604068e+00	2.185185e-04	142013002.000000	0.000000e+00
1.604993e+01	2.603703e+00	2.185582e-04	141921630.000000	0.000000e+00
1.605192e+01	2.603443e+00	2.185883e-04	141854188.000000	0.000000e+00
1.605392e+01	2.603582e+00	2.187042e-04	141719056.000000	0.000000e+00
1.605591e+01	2.604050e+00	2.187734e-04	141680364.000000	0.000000e+00
1.605791e+01	2.604338e+00	2.188627e-04	141596032.000000	0.000000e+00
1.605990e+01	2.604487e+00	2.189448e-04	141506088.000000	0.000000e+00
1.606190e+01	2.604273e+00	2.190052e-04	141404842.000000	0.000000e+00
1.606389e+01	2.604218e+00	2.190581e-04	141330570.000000	0.000000e+00
1.606589e+01	2.604177e+00	2.191227e-04	141242746.000000	0.000000e+00
1.606788e+01	2.604500e+00	2.192039e-04	141173122.000000	0.000000e+00
1.606988e+01	2.604376e+00	2.192587e-04	141089172.000000	0.000000e+00
1.607187e+01	2.604774e+00	2.193510e-04	141013588.000000	0.000000e+00
1.607387e+01	2.604474e+00	2.194320e-04	140877036.000000	0.000000e+00
1.607586e+01	2.604648e+00	2.194641e-04	140854600.000000	0.000000e+00
1.607786e+01	2.604884e+00	2.195694e-04	140745012.000000	0.000000e+00
1.607985e+01	2.604679e+00	2.196076e-04	140673934.000000	0.000000e+00
1.608184e+01	2.604827e+00	2.197017e-04	140569414.000000	0.000000e+00
1.608384e+01	2.605214e+00	2.197948e-04	140492148.000000	0.000000e+00
1.608583e+01	2.604834e+00	2.198210e-04	140417614.000000	0.000000e+00
1.608783e+01	2.605153e+00	2.199265e-04	140317350.000000	0.000000e+00
1.608982e+01	2.605437e+00	2.199991e-04	140255416.000000	0.000000e+00
1.609182e+01	2.605514e+00	2.200897e-04	140148118.000000	0.000000e+00
1.609381e+01	2.605358e+00	2.201196e-04	140093250.000000	0.000000e+00
1.609581e+01	2.605488e+00	2.201947e-04	140011750.000000	0.000000e+00
1.609780e+01	2.605337e+00	2.202812e-04	139885530.000000	0.000000e+00
1.609980e+01	2.605525e+00	2.203440e-04	139826014.000000	0.000000e+00
1.610179e+01	2.605591e+00	2.204125e-04	139746276.000000	0.000000e+00
1.610379e+01	2.605685e+00	2.204791e-04	139671886.000000	0.000000e+00
1.610578e+01	2.605982e+00	2.205940e-04	139558198.000000	0.000000e+00
1.610777e+01	2.605568e+00	2.206378e-04	139458534.000000	0.000000e+00
1.610977e+01	2.605737e+00	2.206682e-04	139438150.000000	0.000000e+00
1.611176e+01	2.606104e+00	2.208138e-04	139293552.000000	0.000000e+00
1.611376e+01	2.605976e+00	2.208306e-04	139258660.000000	0.000000e+00
1.611575e+01	2.605840e+00	2.209208e-04	139130448.000000	0.000000e+00
1.611775e+01	2.606128e+00	2.210055e-04	139054534.000000	0.000000e+00
1.611974e+01	2.605900e+00	2.210189e-04	139013326.000000	0.000000e+00
1.612174e+01	2.606760e+00	2.212051e-04	138871122.000000	0.000000e+00
1.612373e+01	2.606247e+00	2.211997e-04	138823132.000000	0.000000e+00
1.612573e+01	2.606506e+00	2.212781e-04	138752436.000000	0.000000e+00
1.612772e+01	2.606504e+00	2.213728e-04	138633550.000000	0.000000e+00
1.612972e+01	2.606608e+00	2.214516e-04	138545952.000000	0.000000e+00
1.613171e+01	2.606899e+00	2.215329e-04	138475150.000000	0.000000e+00
1.613371e+01	2.606959e+00	2.215932e-04	138406210.000000	0.000000e+00
1.613570e+01	2.607037e+00	2.216945e-04	138287940.000000	0.000000e+00
1.613769e+01	2.607250e+00	2.217536e-04	138236998.000000	0.000000e+00
1.613969e+01	2.606734e+00	2.217929e-04	138133230.000000	0.000000e+00
1.614168e+01	2.606847e+00	2.218796e-04	138037276.000000	0.000000e+00
1.614368e+01	2.607211e+00	2.219475e-04	137991292.000000	0.000000e+00
1.614567e+01	2.607023e+00	2.220496e-04	137844558.000000	0.000000e+00
1.614767e+01	2.607503e+00	2.221017e-04	137830654.000000	0.000000e+00
1.614966e+01	2.607388e+00	2.221954e-04	137702280.000000	0.000000e+00
1.615166e+01	2.607721e+00	2.222872e-04	137623834.000000	0.000000e+00
1.615365e+01	2.607422e+00	2.223131e-04	137560086.000000	0.000000e+00
1.615565e+01	2.607314e+00	2.224007e-04	137440372.000000	0.000000e+00
1.615764e+01	2.608006e+00	2.224958e-04	137395816.000000	0.000000e+00
1.615964e+01	2.608301e+00	2.226166e-04	137277858.000000	0.000000e+00
1.616163e+01	2.608006e+00	2.226492e-04	137206558.000000	0.000000e+00
1.616363e+01	2.608419e+00	2.227246e-04	137157192.000000	0.000000e+00
1.616562e+01	2.608630e+00	2.228621e-04	137010088.000000	0.000000e+00
1.616761e+01	2.608254e+00	2.228756e-04	136953984.000000	0.000000e+00
1.616961e+01	2.608665e+00	2.229824e-04	136866004.000000	0.000000e+00
1.617160e+01	2.608223e+00	2.230158e-04	136778626.000000	0.000000e+00
1.617360e+01	2.608923e+00	2.231594e-04	136675980.000000	0.000000e+00
1.617559e+01	2.608927e+00	2.232026e-04	136623586.000000	0.000000e+00
1.617759e+01	2.609035e+00	2.232780e-04	136542444.000000	0.000000e+00
1.617958e+01	2.609413e+00	2.234255e-04	136401820.000000	0.000000e+00
1.618158e+01	2.609015e+00	2.234084e-04	136380988.000000	0.000000e+00
1.618357e+01	2.608966e+00	2.235112e-04	136250580.000000	0.000000e+00
1.618557e+01	2.609043e+00	2.235604e-04	136198534.000000	0.000000e+00
1.618756e+01	2.608860e+00	2.236140e-04	136114242.000000	0.000000e+00
1.618956e+01	2.609388e+00	2.237639e-04	135986974.000000	0.000000e+00
1.619155e+01	2.609372e+00	2.237908e-04	135952602.000000	0.000000e+00
1.619354e+01	2.609616e+00	2.239053e-04	135838990.000000	0.000000e+00
1.619554e+01	2.609953e+00	2.239925e-04	135768286.000000	0.000000e+00
1.619753e+01	2.610115e+00	2.240870e-04	135670620.000000	0.000000e+00
1.619953e+01	2.609778e+00	2.241292e-04	135584488.000000	0.000000e+00
1.620152e+01	2.610258e+00	2.242421e-04	135497880.000000	0.000000e+00
1.620352e+01	2.610291e+00	2.243305e-04	135394516.000000	0.000000e+00
1.620551e+01	2.610169e+00	2.243574e-04	135349410.000000	0.000000e+00
1.620751e+01	2.610057e+00	2.244358e-04	135243376.000000	0.000000e+00
1.620950e+01	2.610651e+00	2.245598e-04	135155518.000000	0.000000e+00
1.621150e+01	2.610790e+00	2.246282e-04	135087504.000000	0.000000e+00
1.621349e+01	2.610897e+00	2.247160e-04	134993056.000000	0.000000e+00
1.621549e+01	2.610958e+00	2.247971e-04	134901996.000000	0.000000e+00
1.621748e+01	2.610734e+00	2.248608e-04	134802460.000000	0.000000e+00
1.621947e+01	2.611114e+00	2.249476e-04	134737554.000000	0.000000e+00
1.622147e+01	2.610976e+00	2.250152e-04	134642542.000000	0.000000e+00
1.622346e+01	2.611340e+00	2.251013e-04	134576968.000000	0.000000e+00
1.622546e+01	2.611592e+00	2.252018e-04	134482884.000000	0.000000e+00
1.622745e+01	2.611137e+00	2.252442e-04	134385358.000000	0.000000e+00
1.622945e+01	2.611263e+00	2.253133e-04	134315994.000000	0.000000e+00
1.623144e+01	2.611694e+00	2.254338e-04	134216680.000000	0.000000e+00
1.623344e+01	2.611852e+00	2.255264e-04	134122714.000000	0.000000e+00
1.623543e+01	2.611848e+00	2.255872e-04	134050074.000000	0.000000e+00
1.623743e+01	2.611976e+00	2.256721e-04	133962292.000000	0.000000e+00
1.623942e+01	2.612249e+00	2.257633e-04	133882122.000000	0.000000e+00
1.624142e+01	2.612018e+00	2.258400e-04	133767544.000000	0.000000e+00
1.624341e+01	2.611984e+00	2.258759e-04	133721466.000000	0.000000e+00
1.624541e+01	2.612947e+00	2.260423e-04	133623160.000000	0.000000e+00
1.624740e+01	2.612341e+00	2.260768e-04	133520482.000000	0.000000e+00
1.624939e+01	2.612757e+00	2.261791e-04	133442154.000000	0.000000e+00
1.625139e+01	2.612817e+00	2.262626e-04	133349728.000000	0.000000e+00
1.625338e+01	2.612784e+00	2.263081e-04	133292766.000000	0.000000e+00
1.625538e+01	2.612991e+00	2.264081e-04	133196206.000000	0.000000e+00
1.625737e+01	2.613373e+00	2.265376e-04	133082964.000000	0.000000e+00
1.625937e+01	2.613493e+00	2.266024e-04	133018900.000000	0.000000e+00
1.626136e+01	2.613770e+00	2.267068e-04	132924724.000000	0.000000e+00
1.626336e+01	2.613716e+00	2.267621e-04	132854400.000000	0.000000e+00
1.626535e+01	2.613672e+00	2.268628e-04	132731932.000000	0.000000e+00
1.626735e+01	2.614253e+00	2.269664e-04	132669846.000000	0.000000e+00
1.626934e+01	2.614384e+00	2.270250e-04	132614602.000000	0.000000e+00
1.627134e+01	2.614591e+00	2.271585e-04	132479706.000000	0.000000e+00
1.627333e+01	2.613925e+00	2.271357e-04	132438856.000000	0.000000e+00
1.627533e+01	2.614448e+00	2.272935e-04	132307960.000000	0.000000e+00
1.627732e+01	2.614592e+00	2.273679e-04	132235998.000000	0.000000e+00
1.627931e+01	2.614892e+00	2.274581e-04	132161464.000000	0.000000e+00
1.628131e+01	2.614601e+00	2.275090e-04	132072978.000000	0.000000e+00
1.628330e+01	2.615091e+00	2.276392e-04	131971330.000000	0.000000e+00
1.628530e+01	2.615288e+00	2.277581e-04	131853442.000000	0.000000e+00
1.628729e+01	2.615139e+00	2.277541e-04	131842980.000000	0.000000e+00
1.628929e+01	2.614897e+00	2.278334e-04	131726818.000000	0.000000e+00
1.629128e+01	2.615434e+00	2.279615e-04	131632902.000000	0.000000e+00
1.629328e+01	2.615524e+00	2.280456e-04	131544898.000000	0.000000e+00
1.629527e+01	2.615621e+00	2.281370e-04	131449194.000000	0.000000e+00
1.629727e+01	2.615469e+00	2.281671e-04	131399386.000000	0.000000e+00
1.629926e+01	2.616111e+00	2.283406e-04	131264230.000000	0.000000e+00
1.630126e+01	2.616499e+00	2.284106e-04	131222652.000000	0.000000e+00
1.630325e+01	2.616095e+00	2.284883e-04	131092906.000000	0.000000e+00
1.630524e+01	2.616527e+00	2.285623e-04	131051274.000000	0.000000e+00
1.630724e+01	2.616261e+00	2.286325e-04	130944208.000000	0.000000e+00
1.630923e+01	2.616602e+00	2.287427e-04	130852152.000000	0.000000e+00
1.631123e+01	2.616609e+00	2.288106e-04	130775182.000000	0.000000e+00
1.631322e+01	2.617208e+00	2.289477e-04	130678378.000000	0.000000e+00
1.631522e+01	2.617204e+00	2.290244e-04	130590504.000000	0.000000e+00
1.631721e+01	2.617545e+00	2.291369e-04	130496332.000000	0.000000e+00
1.631921e+01	2.617448e+00	2.291995e-04	130415460.000000	0.000000e+00
1.632120e+01	2.617667e+00	2.292752e-04	130351036.000000	0.000000e+00
1.632320e+01	2.617782e+00	2.293670e-04	130258144.000000	0.000000e+00
1.632519e+01	2.617487e+00	2.294362e-04	130150320.000000	0.000000e+00
1.632719e+01	2.618099e+00	2.295450e-04	130087738.000000	0.000000e+00
1.632918e+01	2.618057e+00	2.296544e-04	129959718.000000	0.000000e+00
1.633118e+01	2.618192e+00	2.296971e-04	129924832.000000	0.000000e+00
1.633317e+01	2.618239e+00	2.298319e-04	129777072.000000	0.000000e+00
1.633516e+01	2.619071e+00	2.299322e-04	129746332.000000	0.000000e+00
1.633716e+01	2.619111e+00	2.300291e-04	129640996.000000	0.000000e+00
1.633915e+01	2.619385e+00	2.301404e-04	129542688.000000	0.000000e+00
1.634115e+01	2.618562e+00	2.301303e-04	129472654.000000	0.000000e+00
1.634314e+01	2.619098e+00	2.302752e-04	129362742.000000	0.000000e+00
1.634514e+01	2.619121e+00	2.303489e-04	129282250.000000	0.000000e+00
1.634713e+01	2.619142e+00	2.304153e-04	129209844.000000	0.000000e+00
1.634913e+01	2.619260e+00	2.305274e-04	129095818.000000	0.000000e+00
1.635112e+01	2.619536e+00	2.305962e-04	129045940.000000	0.000000e+00
1.635312e+01	2.619999e+00	2.307313e-04	128940468.000000	0.000000e+00
1.635511e+01	2.620344e+00	2.308254e-04	128869234.000000	0.000000e+00
1.635711e+01	2.619594e+00	2.308687e-04	128747226.000000	0.000000e+00
1.635910e+01	2.620571e+00	2.309992e-04	128697778.000000	0.000000e+00
1.636110e+01	2.620885e+00	2.311314e-04	128581416.000000	0.000000e+00
1.636309e+01	2.620329e+00	2.311417e-04	128515354.000000	0.000000e+00
1.636508e+01	2.620828e+00	2.312732e-04	128418214.000000	0.000000e+00
1.636708e+01	2.621132e+00	2.314127e-04	128293182.000000	0.000000e+00
1.636907e+01	2.621361e+00	2.314617e-04	128261182.000000	0.000000e+00
1.637107e+01	2.621614e+00	2.315664e-04	128170098.000000	0.000000e+00
1.637306e+01	2.621452e+00	2.316530e-04	128058334.000000	0.000000e+00
1.637506e+01	2.621977e+00	2.317864e-04	127962244.000000	0.000000e+00
1.637705e+01	2.621500e+00	2.318037e-04	127896534.000000	0.000000e+00
1.637905e+01	2.621931e+00	2.318969e-04	127835854.000000	0.000000e+00
1.638104e+01	2.622423e+00	2.320595e-04	127704600.000000	0.000000e+00
1.638304e+01	2.622038e+00	2.321226e-04	127597774.000000	0.000000e+00
1.638503e+01	2.622467e+00	2.321881e-04	127567470.000000	0.000000e+00
1.638703e+01	2.622502e+00	2.323041e-04	127443604.000000	0.000000e+00
1.638902e+01	2.622379e+00	2.323644e-04	127365580.000000	0.000000e+00
1.639101e+01	2.622827e+00	2.324882e-04	127273296.000000	0.000000e+00
1.639301e+01	2.623541e+00	2.326127e-04	127206328.000000	0.000000e+00
1.639500e+01	2.623568e+00	2.327189e-04	127092978.000000	0.000000e+00
1.639700e+01	2.623297e+00	2.327605e-04	127021192.000000	0.000000e+00
1.639899e+01	2.623947e+00	2.329082e-04	126923058.000000	0.000000e+00
1.640099e+01	2.623842e+00	2.330217e-04	126789334.000000	0.000000e+00
1.640298e+01	2.624134e+00	2.330462e-04	126790888.000000	0.000000e+00
1.640498e+01	2.623908e+00	2.331338e-04	126673848.000000	0.000000e+00
1.640697e+01	2.624539e+00	2.333090e-04	126544426.000000	0.000000e+00
1.640897e+01	2.624361e+00	2.333134e-04	126522570.000000	0.000000e+00
1.641096e+01	2.624668e+00	2.334737e-04	126378412.000000	0.000000e+00
1.641296e+01	2.624776e+00	2.335513e-04	126304908.000000	0.000000e+00
1.641495e+01	2.625083e+00	2.336590e-04	126217912.000000	0.000000e+00
1.641695e+01	2.625565e+00	2.337765e-04	126137428.000000	0.000000e+00
1.641894e+01	2.625338e+00	2.338376e-04	126049728.000000	0.000000e+00
1.642093e+01	2.625735e+00	2.339663e-04	125949100.000000	0.000000e+00
1.642293e+01	2.626283e+00	2.340874e-04	125871402.000000	0.000000e+00
1.642492e+01	2.625848e+00	2.341242e-04	125790106.000000	0.000000e+00
1.642692e+01	2.626653e+00	2.342782e-04	125701828.000000	0.000000e+00
1.642891e+01	2.626291e+00	2.343341e-04	125607192.000000	0.000000e+00
1.643091e+01	2.626212e+00	2.344107e-04	125517598.000000	0.000000e+00
1.643290e+01	2.626523e+00	2.345147e-04	125435934.000000	0.000000e+00
1.643490e+01	2.626686e+00	2.346482e-04	125308906.000000	0.000000e+00
1.643689e+01	2.626913e+00	2.346958e-04	125279724.000000	0.000000e+00
1.643889e+01	2.627238e+00	2.348400e-04	125156878.000000	0.000000e+00
1.644088e+01	2.627493e+00	2.349353e-04	125079658.000000	0.000000e+00
1.644288e+01	2.627842e+00	2.350634e-04	124976544.000000	0.000000e+00
1.644487e+01	2.627825e+00	2.351241e-04	124910446.000000	0.000000e+00
1.644686e+01	2.627930e+00	2.352397e-04	124797648.000000	0.000000e+00
1.644886e+01	2.628074e+00	2.353361e-04	124709110.000000	0.000000e+00
1.645085e+01	2.628537e+00	2.354372e-04	124645896.000000	0.000000e+00
1.645285e+01	2.628023e+00	2.354726e-04	124559680.000000	0.000000e+00
1.645484e+01	2.628666e+00	2.356533e-04	124429576.000000	0.000000e+00
1.645684e+01	2.628854e+00	2.357287e-04	124367880.000000	0.000000e+00
1.645883e+01	2.628878e+00	2.358102e-04	124284094.000000	0.000000e+00
1.646083e+01	2.629305e+00	2.359122e-04	124216986.000000	0.000000e+00
1.646282e+01	2.629356e+00	2.360550e-04	124071562.000000	0.000000e+00
1.646482e+01	2.629464e+00	2.361184e-04	124015200.000000	0.000000e+00
1.646681e+01	2.630253e+00	2.362699e-04	123930532.000000	0.000000e+00
1.646881e+01	2.629959e+00	2.363424e-04	123826822.000000	0.000000e+00
1.647080e+01	2.630593e+00	2.364694e-04	123753462.000000	0.000000e+00
1.647280e+01	2.630366e+00	2.365576e-04	123639850.000000	0.000000e+00
1.647479e+01	2.630404e+00	2.366104e-04	123588258.000000	0.000000e+00
1.647678e+01	2.630624e+00	2.367379e-04	123475780.000000	0.000000e+00
1.647878e+01	2.631013e+00	2.368683e-04	123376396.000000	0.000000e+00
1.648077e+01	2.631143e+00	2.369451e-04	123308664.000000	0.000000e+00
1.648277e+01	2.631267e+00	2.370506e-04	123210460.000000	0.000000e+00
1.648476e+01	2.631601e+00	2.371634e-04	123124578.000000	0.000000e+00
1.648676e+01	2.631586e+00	2.372279e-04	123056170.000000	0.000000e+00
1.648875e+01	2.631852e+00	2.373685e-04	122935362.000000	0.000000e+00
1.649075e+01	2.631985e+00	2.374465e-04	122867050.000000	0.000000e+00
1.649274e+01	2.632826e+00	2.376462e-04	122739010.000000	0.000000e+00
1.649474e+01	2.632815e+00	2.376763e-04	122706846.000000	0.000000e+00
1.649673e+01	2.633094e+00	2.378179e-04	122586790.000000	0.000000e+00
1.649873e+01	2.633164e+00	2.379012e-04	122507556.000000	0.000000e+00
1.650072e+01	2.633140e+00	2.379785e-04	122425726.000000	0.000000e+00
1.650272e+01	2.633768e+00	2.381458e-04	122311962.000000	0.000000e+00
1.650471e+01	2.633862e+00	2.382244e-04	122240056.000000	0.000000e+00
1.650670e+01	2.633529e+00	2.383073e-04	122124196.000000	0.000000e+00
1.650870e+01	2.633836e+00	2.383932e-04	122064588.000000	0.000000e+00
1.651069e+01	2.634255e+00	2.385437e-04	121949422.000000	0.000000e+00
1.651269e+01	2.634190e+00	2.385958e-04	121890150.000000	0.000000e+00
1.651468e+01	2.634597e+00	2.387336e-04	121787116.000000	0.000000e+00
1.651668e+01	2.634799e+00	2.388740e-04	121662616.000000	0.000000e+00
1.651867e+01	2.634999e+00	2.389152e-04	121639206.000000	0.000000e+00
1.652067e+01	2.635351e+00	2.390635e-04	121520710.000000	0.000000e+00
1.652266e+01	2.635455e+00	2.391516e-04	121440840.000000	0.000000e+00
1.652466e+01	2.636263e+00	2.393382e-04	121325842.000000	0.000000e+00
1.652665e+01	2.635984e+00	2.393745e-04	121263432.000000	0.000000e+00
1.652865e+01	2.636128e+00	2.394955e-04	121154176.000000	0.000000e+00
1.653064e+01	2.636356e+00	2.396233e-04	121045936.000000	0.000000e+00
1.653263e+01	2.636437e+00	2.396675e-04	121008678.000000	0.000000e+00
1.653463e+01	2.636670e+00	2.397966e-04	120899872.000000	0.000000e+00
1.653662e+01	2.636670e+00	2.399039e-04	120791634.000000	0.000000e+00
1.653862e+01	2.637424e+00	2.400504e-04	120713260.000000	0.000000e+00
1.654061e+01	2.636941e+00	2.401324e-04	120586668.000000	0.000000e+00
1.654261e+01	2.637453e+00	2.401962e-04	120569440.000000	0.000000e+00
1.654460e+01	2.637958e+00	2.403592e-04	120452050.000000	0.000000e+00
1.654660e+01	2.638530e+00	2.405338e-04	120329484.000000	0.000000e+00
1.654859e+01	2.637931e+00	2.405406e-04	120268000.000000	0.000000e+00
1.655059e+01	2.638508e+00	2.406810e-04	120180264.000000	0.000000e+00
1.655258e+01	2.638964e+00	2.408124e-04	120090724.000000	0.000000e+00
1.655458e+01	2.638840e+00	2.408873e-04	120004692.000000	0.000000e+00
1.655657e+01	2.639307e+00	2.410404e-04	119894734.000000	0.000000e+00
1.655857e+01	2.639145e+00	2.410867e-04	119833990.000000	0.000000e+00
1.656056e+01	2.640026e+00	2.412962e-04	119705904.000000	0.000000e+00
1.656255e+01	2.639413e+00	2.412955e-04	119650936.000000	0.000000e+00
1.656455e+01	2.640152e+00	2.414782e-04	119536956.000000	0.000000e+00
1.656654e+01	2.640332e+00	2.415777e-04	119454682.000000	0.000000e+00
1.656854e+01	2.640883e+00	2.417116e-04	119372230.000000	0.000000e+00
1.657053e+01	2.639902e+00	2.417132e-04	119281998.000000	0.000000e+00
1.657253e+01	2.641121e+00	2.419362e-04	119172124.000000	0.000000e+00
1.657452e+01	2.640628e+00	2.419822e-04	119082438.000000	0.000000e+00
1.657652e+01	2.641153e+00	2.420804e-04	119033086.000000	0.000000e+00
1.657851e+01	2.641409e+00	2.422478e-04	118891740.000000	0.000000e+00
1.658051e+01	2.641622e+00	2.423173e-04	118842748.000000	0.000000e+00
1.658250e+01	2.641685e+00	2.424361e-04	118731910.000000	0.000000e+00
1.658450e+01	2.642585e+00	2.426075e-04	118645026.000000	0.000000e+00
1.658649e+01	2.642020e+00	2.426414e-04	118561156.000000	0.000000e+00
1.658848e+01	2.643077e+00	2.428503e-04	118451964.000000	0.000000e+00
1.659048e+01	2.643180e+00	2.429211e-04	118392136.000000	0.000000e+00
1.659247e+01	2.643158e+00	2.430413e-04	118273134.000000	0.000000e+00
1.659447e+01	2.643071e+00	2.431120e-04	118196500.000000	0.000000e+00
1.659646e+01	2.643786e+00	2.432608e-04	118115860.000000	0.000000e+00
1.659846e+01	2.643554e+00	2.433670e-04	117992088.000000	0.000000e+00
1.660045e+01	2.644155e+00	2.434652e-04	117950578.000000	0.000000e+00
1.660245e+01	2.644083e+00	2.435921e-04	117821334.000000	0.000000e+00
1.660444e+01	2.644835e+00	2.437630e-04	117723040.000000	0.000000e+00
1.660644e+01	2.644907e+00	2.438460e-04	117649356.000000	0.000000e+00
1.660843e+01	2.644764e+00	2.439275e-04	117558034.000000	0.000000e+00
1.661043e+01	2.644890e+00	2.440159e-04	117484006.000000	0.000000e+00
1.661242e+01	2.645723e+00	2.442209e-04	117360840.000000	0.000000e+00
1.661442e+01	2.645321e+00	2.442393e-04	117307462.000000	0.000000e+00
1.661641e+01	2.645940e+00	2.444036e-04	117204594.000000	0.000000e+00
1.661840e+01	2.645961e+00	2.445232e-04	117091894.000000	0.000000e+00
1.662040e+01	2.646547e+00	2.446446e-04	117027484.000000	0.000000e+00
1.662239e+01	2.645876e+00	2.446934e-04	116921532.000000	0.000000e+00
1.662439e+01	2.646527e+00	2.448260e-04	116852404.000000	0.000000e+00
1.662638e+01	2.647071e+00	2.449990e-04	116735406.000000	0.000000e+00
1.662838e+01	2.647509e+00	2.451327e-04	116646748.000000	0.000000e+00
1.663037e+01	2.647369e+00	2.451997e-04	116570622.000000	0.000000e+00
1.663237e+01	2.647691e+00	2.453400e-04	116465596.000000	0.000000e+00
1.663436e+01	2.647667e+00	2.454120e-04	116395210.000000	0.000000e+00
1.663636e+01	2.647911e+00	2.455600e-04	116276370.000000	0.000000e+00
1.663835e+01	2.648217e+00	2.456522e-04	116215942.000000	0.000000e+00
1.664035e+01	2.648531e+00	2.457834e-04	116119416.000000	0.000000e+00
1.664234e+01	2.648793e+00	2.459431e-04	115991662.000000	0.000000e+00
1.664433e+01	2.649137e+00	2.460310e-04	115938870.000000	0.000000e+00
1.664633e+01	2.649380e+00	2.461769e-04	115822804.000000	0.000000e+00
1.664832e+01	2.649435e+00	2.462436e-04	115764862.000000	0.000000e+00
1.665032e+01	2.650229e+00	2.464647e-04	115626510.000000	0.000000e+00
1.665231e+01	2.650802e+00	2.465680e-04	115579594.000000	0.000000e+00
1.665431e+01	2.650379e+00	2.466291e-04	115485498.000000	0.000000e+00
1.665630e+01	2.650088e+00	2.467310e-04	115364734.000000	0.000000e+00
1.665830e+01	2.651026e+00	2.468896e-04	115298130.000000	0.000000e+00
1.666029e+01	2.650809e+00	2.469769e-04	115197814.000000	0.000000e+00
1.666229e+01	2.651391e+00	2.471130e-04	115121524.000000	0.000000e+00
1.666428e+01	2.652002e+00	2.472912e-04	115008600.000000	0.000000e+00
1.666628e+01	2.651823e+00	2.473926e-04	114898852.000000	0.000000e+00
1.666827e+01	2.651921e+00	2.474206e-04	114881370.000000	0.000000e+00
1.667027e+01	2.651739e+00	2.475858e-04	114712390.000000	0.000000e+00
1.667226e+01	2.652819e+00	2.477380e-04	114664798.000000	0.000000e+00
1.667425e+01	2.652727e+00	2.478413e-04	114561228.000000	0.000000e+00
1.667625e+01	2.653140e+00	2.479983e-04	114451834.000000	0.000000e+00
1.667824e+01	2.653605e+00	2.481103e-04	114388614.000000	0.000000e+00
1.668024e+01	2.653318e+00	2.482114e-04	114270760.000000	0.000000e+00
1.668223e+01	2.653919e+00	2.483189e-04	114223560.000000	0.000000e+00
1.668423e+01	2.654727e+00	2.485443e-04	114085972.000000	0.000000e+00
1.668622e+01	2.654329e+00	2.485888e-04	114010948.000000	0.000000e+00
1.668822e+01	2.654986e+00	2.487426e-04	113926314.000000	0.000000e+00
1.669021e+01	2.654521e+00	2.488355e-04	113801404.000000	0.000000e+00
1.669221e+01	2.655349e+00	2.489411e-04	113775870.000000	0.000000e+00
1.669420e+01	2.655173e+00	2.490813e-04	113632714.000000	0.000000e+00
1.669620e+01	2.655388e+00	2.491800e-04	113561028.000000	0.000000e+00
1.669819e+01	2.656199e+00	2.493622e-04	113464516.000000	0.000000e+00
1.670019e+01	2.656112e+00	2.494625e-04	113365804.000000	0.000000e+00
1.670218e+01	2.656189e+00	2.495846e-04	113261562.000000	0.000000e+00
1.670417e+01	2.656687e+00	2.497252e-04	113176450.000000	0.000000e+00
1.670617e+01	2.657108e+00	2.498241e-04	113122722.000000	0.000000e+00
1.670816e+01	2.657152e+00	2.499543e-04	113008678.000000	0.000000e+00
1.671016e+01	2.657610e+00	2.501430e-04	112877062.000000	0.000000e+00
1.671215e+01	2.657312e+00	2.501604e-04	112836054.000000	0.000000e+00
1.671415e+01	2.657650e+00	2.502918e-04	112746262.000000	0.000000e+00
1.671614e+01	2.658640e+00	2.505175e-04	112627128.000000	0.000000e+00
1.671814e+01	2.658379e+00	2.505824e-04	112546672.000000	0.000000e+00
1.672013e+01	2.658813e+00	2.507130e-04	112466100.000000	0.000000e+00
1.672213e+01	2.658685e+00	2.508237e-04	112356082.000000	0.000000e+00
1.672412e+01	2.659080e+00	2.509759e-04	112253224.000000	0.000000e+00
1.672612e+01	2.659062e+00	2.510419e-04	112192668.000000	0.000000e+00
1.672811e+01	2.659943e+00	2.512694e-04	112063816.000000	0.000000e+00
1.673010e+01	2.659641e+00	2.513099e-04	112002318.000000	0.000000e+00
1.673210e+01	2.660442e+00	2.514865e-04	111912382.000000	0.000000e+00
1.673409e+01	2.660441e+00	2.516118e-04	111800862.000000	0.000000e+00
1.673609e+01	2.660673e+00	2.517347e-04	111711310.000000	0.000000e+00
1.673808e+01	2.660877e+00	2.518871e-04	111593224.000000	0.000000e+00
1.674008e+01	2.661315e+00	2.519667e-04	111559428.000000	0.000000e+00
1.674207e+01	2.661479e+00	2.521260e-04	111432250.000000	0.000000e+00
1.674407e+01	2.661364e+00	2.522014e-04	111356004.000000	0.000000e+00
1.674606e+01	2.662189e+00	2.523840e-04	111263848.000000	0.000000e+00
1.674806e+01	2.662004e+00	2.524926e-04	111152676.000000	0.000000e+00
1.675005e+01	2.662701e+00	2.526153e-04	111102970.000000	0.000000e+00
1.675205e+01	2.662584e+00	2.527761e-04	110951926.000000	0.000000e+00
1.675404e+01	2.663930e+00	2.529640e-04	110899158.000000	0.000000e+00
1.675604e+01	2.663438e+00	2.530457e-04	110786596.000000	0.000000e+00
1.675803e+01	2.663413e+00	2.531291e-04	110711580.000000	0.000000e+00
1.676002e+01	2.664212e+00	2.533174e-04	110613400.000000	0.000000e+00
1.676202e+01	2.664154e+00	2.534602e-04	110483944.000000	0.000000e+00
1.676401e+01	2.664697e+00	2.535470e-04	110453280.000000	0.000000e+00
1.676601e+01	2.664571e+00	2.536789e-04	110328046.000000	0.000000e+00
1.676800e+01	2.665471e+00	2.538879e-04	110220810.000000	0.000000e+00
1.677000e+01	2.665330e+00	2.539448e-04	110159860.000000	0.000000e+00
1.677199e+01	2.665555e+00	2.541121e-04	110033430.000000	0.000000e+00
1.677399e+01	2.665867e+00	2.542094e-04	109974934.000000	0.000000e+00
1.677598e+01	2.665608e+00	2.543023e-04	109873246.000000	0.000000e+00
1.677798e+01	2.666065e+00	2.544634e-04	109771812.000000	0.000000e+00
1.677997e+01	2.666749e+00	2.546083e-04	109703164.000000	0.000000e+00
1.678197e+01	2.666649e+00	2.547520e-04	109571220.000000	0.000000e+00
1.678396e+01	2.666890e+00	2.548461e-04	109510126.000000	0.000000e+00
1.678595e+01	2.667631e+00	2.550513e-04	109394682.000000	0.000000e+00
1.678795e+01	2.668064e+00	2.551533e-04	109342846.000000	0.000000e+00
1.678994e+01	2.667966e+00	2.553211e-04	109191076.000000	0.000000e+00
1.679194e+01	2.667910e+00	2.553865e-04	109130574.000000	0.000000e+00
1.679393e+01	2.668488e+00	2.555477e-04	109040176.000000	0.000000e+00
1.679593e+01	2.668640e+00	2.556946e-04	108927342.000000	0.000000e+00
1.679792e+01	2.669212e+00	2.558189e-04	108868168.000000	0.000000e+00
1.679992e+01	2.669265e+00	2.559775e-04	108737628.000000	0.000000e+00
1.680191e+01	2.669710e+00	2.560959e-04	108673396.000000	0.000000e+00
1.680391e+01	2.670227e+00	2.562700e-04	108567814.000000	0.000000e+00
1.680590e+01	2.670195e+00	2.563851e-04	108467700.000000	0.000000e+00
1.680790e+01	2.670745e+00	2.565324e-04	108387748.000000	0.000000e+00
1.680989e+01	2.670409e+00	2.566159e-04	108289992.000000	0.000000e+00
1.681189e+01	2.671327e+00	2.567968e-04	108211882.000000	0.000000e+00
1.681388e+01	2.671436e+00	2.569245e-04	108113170.000000	0.000000e+00
1.681587e+01	2.671329e+00	2.570814e-04	107972574.000000	0.000000e+00
1.681787e+01	2.672125e+00	2.571802e-04	107953936.000000	0.000000e+00
1.681986e+01	2.671808e+00	2.573436e-04	107791332.000000	0.000000e+00
1.682186e+01	2.673193e+00	2.575207e-04	107754748.000000	0.000000e+00
1.682385e+01	2.672785e+00	2.576199e-04	107638926.000000	0.000000e+00
1.682585e+01	2.672789e+00	2.577417e-04	107537566.000000	0.000000e+00
1.682784e+01	2.673225e+00	2.578638e-04	107470744.000000	0.000000e+00
1.682984e+01	2.673225e+00	2.580242e-04	107337096.000000	0.000000e+00
1.683183e+01	2.673752e+00	2.581434e-04	107280286.000000	0.000000e+00
1.683383e+01	2.674172e+00	2.583229e-04	107164998.000000	0.000000e+00
1.683582e+01	2.674350e+00	2.584385e-04	107083450.000000	0.000000e+00
1.683782e+01	2.674202e+00	2.585584e-04	106972224.000000	0.000000e+00
1.683981e+01	2.674493e+00	2.586670e-04	106905670.000000	0.000000e+00
1.684181e+01	2.675561e+00	2.588961e-04	106801834.000000	0.000000e+00
1.684380e+01	2.675831e+00	2.590728e-04	106677738.000000	0.000000e+00
1.684579e+01	2.675772e+00	2.591242e-04	106630744.000000	0.000000e+00
1.684779e+01	2.676314e+00	2.593114e-04	106519944.000000	0.000000e+00
1.684978e+01	2.676091e+00	2.593961e-04	106432660.000000	0.000000e+00
1.685178e+01	2.676549e+00	2.595815e-04	106317006.000000	0.000000e+00
1.685377e+01	2.676516e+00	2.596795e-04	106234180.000000	0.000000e+00
1.685577e+01	2.677137e+00	2.598263e-04	106163440.000000	0.000000e+00
1.685776e+01	2.677386e+00	2.600024e-04	106039410.000000	0.000000e+00
1.685976e+01	2.678236e+00	2.601932e-04	105951190.000000	0.000000e+00
1.686175e+01	2.678282e+00	2.602743e-04	105888822.000000	0.000000e+00
1.686375e+01	2.677960e+00	2.604094e-04	105753466.000000	0.000000e+00
1.686574e+01	2.678088e+00	2.605110e-04	105681208.000000	0.000000e+00
1.686774e+01	2.678463e+00	2.606926e-04	105563544.000000	0.000000e+00
1.686973e+01	2.679169e+00	2.608310e-04	105507076.000000	0.000000e+00
1.687172e+01	2.679262e+00	2.609988e-04	105378822.000000	0.000000e+00
1.687372e+01	2.679182e+00	2.611014e-04	105289696.000000	0.000000e+00
1.687571e+01	2.679706e+00	2.612197e-04	105235512.000000	0.000000e+00
1.687771e+01	2.680016e+00	2.614234e-04	105095872.000000	0.000000e+00
1.687970e+01	2.680418e+00	2.615551e-04	105021610.000000	0.000000e+00
1.688170e+01	2.680777e+00	2.617043e-04	104930022.000000	0.000000e+00
1.688369e+01	2.680768e+00	2.618430e-04	104818162.000000	0.000000e+00
1.688569e+01	2.681222e+00	2.619617e-04	104758632.000000	0.000000e+00
1.688768e+01	2.681661e+00	2.621904e-04	104610250.000000	0.000000e+00
1.688968e+01	2.682127e+00	2.622580e-04	104592618.000000	0.000000e+00
1.689167e+01	2.682087e+00	2.624508e-04	104435932.000000	0.000000e+00
1.689367e+01	2.682058e+00	2.625371e-04	104365084.000000	0.000000e+00
1.689566e+01	2.682582e+00	2.627129e-04	104266092.000000	0.000000e+00
1.689766e+01	2.683680e+00	2.629556e-04	104158924.000000	0.000000e+00
1.689965e+01	2.683941e+00	2.630525e-04	104102502.000000	0.000000e+00
1.690164e+01	2.683754e+00	2.632271e-04	103949878.000000	0.000000e+00
1.690364e+01	2.684188e+00	2.633429e-04	103892110.000000	0.000000e+00
1.690563e+01	2.684290e+00	2.634637e-04	103804716.000000	0.000000e+00
1.690763e+01	2.684254e+00	2.635855e-04	103706026.000000	0.000000e+00
1.690962e+01	2.684955e+00	2.637730e-04	103612806.000000	0.000000e+00
1.691162e+01	2.685029e+00	2.639429e-04	103485130.000000	0.000000e+00
1.691361e+01	2.685784e+00	2.640668e-04	103446192.000000	0.000000e+00
1.691561e+01	2.685779e+00	2.642317e-04	103316752.000000	0.000000e+00
1.691760e+01	2.686344e+00	2.644036e-04	103225864.000000	0.000000e+00
1.691960e+01	2.686391e+00	2.645093e-04	103146966.000000	0.000000e+00
1.692159e+01	2.686449e+00	2.646756e-04	103021840.000000	0.000000e+00
1.692359e+01	2.687107e+00	2.648085e-04	102968928.000000	0.000000e+00
1.692558e+01	2.687485e+00	2.650210e-04	102832750.000000	0.000000e+00
1.692757e+01	2.687248e+00	2.650884e-04	102762378.000000	0.000000e+00
1.692957e+01	2.687666e+00	2.652652e-04	102657358.000000	0.000000e+00
1.693156e+01	2.687422e+00	2.653600e-04	102565354.000000	0.000000e+00
1.693356e+01	2.688642e+00	2.656032e-04	102470628.000000	0.000000e+00
1.693555e+01	2.688495e+00	2.657303e-04	102361372.000000	0.000000e+00
1.693755e+01	2.689567e+00	2.658881e-04	102321564.000000	0.000000e+00
1.693954e+01	2.688890e+00	2.660116e-04	102175126.000000	0.000000e+00
1.694154e+01	2.689659e+00	2.662008e-04	102088176.000000	0.000000e+00
1.694353e+01	2.690094e+00	2.663351e-04	102018328.000000	0.000000e+00
1.694553e+01	2.690328e+00	2.665107e-04	101901628.000000	0.000000e+00
1.694752e+01	2.690284e+00	2.666249e-04	101810982.000000	0.000000e+00
1.694952e+01	2.690471e+00	2.667827e-04	101704798.000000	0.000000e+00
1.695151e+01	2.691094e+00	2.669452e-04	101628030.000000	0.000000e+00
1.695351e+01	2.691299e+00	2.670900e-04	101533360.000000	0.000000e+00
1.695550e+01	2.691214e+00	2.672225e-04	101426278.000000	0.000000e+00
1.695749e+01	2.692336e+00	2.674350e-04	101349618.000000	0.000000e+00
1.695949e+01	2.691908e+00	2.675558e-04	101225938.000000	0.000000e+00
1.696148e+01	2.692788e+00	2.677557e-04	101140848.000000	0.000000e+00
1.696348e+01	2.692361e+00	2.678197e-04	101060518.000000	0.000000e+00
1.696547e+01	2.692947e+00	2.680273e-04	100947966.000000	0.000000e+00
1.696747e+01	2.693154e+00	2.681633e-04	100861096.000000	0.000000e+00
1.696946e+01	2.693493e+00	2.683286e-04	100762198.000000	0.000000e+00
1.697146e+01	2.693657e+00	2.684609e-04	100675194.000000	0.000000e+00
1.697345e+01	2.694427e+00	2.686815e-04	100567462.000000	0.000000e+00
1.697545e+01	2.694150e+00	2.687483e-04	100496748.000000	0.000000e+00
1.697744e+01	2.694516e+00	2.689299e-04	100388332.000000	0.000000e+00
1.697944e+01	2.694794e+00	2.690930e-04	100287396.000000	0.000000e+00
1.698143e+01	2.695451e+00	2.692572e-04	100214014.000000	0.000000e+00
1.698343e+01	2.695004e+00	2.694017e-04	100073254.000000	0.000000e+00
1.698542e+01	2.696266e+00	2.696101e-04	100012182.000000	0.000000e+00
1.698741e+01	2.696494e+00	2.697773e-04	99905164.000000	0.000000e+00
1.698941e+01	2.695919e+00	2.698248e-04	99827418.000000	0.000000e+00
1.699140e+01	2.696756e+00	2.700562e-04	99718354.000000	0.000000e+00
1.699340e+01	2.696469e+00	2.701912e-04	99597534.000000	0.000000e+00
1.699539e+01	2.697097e+00	2.703189e-04	99549784.000000	0.000000e+00
1.699739e+01	2.697107e+00	2.704781e-04	99433372.000000	0.000000e+00
1.699938e+01	2.697969e+00	2.707052e-04	99330048.000000	0.000000e+00
1.700138e+01	2.698085e+00	2.708281e-04	99248536.000000	0.000000e+00
1.700337e+01	2.698132e+00	2.709804e-04	99140364.000000	0.000000e+00
1.700537e+01	2.698775e+00	2.711374e-04	99072784.000000	0.000000e+00
1.700736e+01	2.698569e+00	2.713064e-04	98934280.000000	0.000000e+00
1.700936e+01	2.698949e+00	2.714229e-04	98877234.000000	0.000000e+00
1.701135e+01	2.699092e+00	2.716043e-04	98755726.000000	0.000000e+00
1.701334e+01	2.699775e+00	2.717777e-04	98679630.000000	0.000000e+00
1.701534e+01	2.700375e+00	2.719895e-04	98569816.000000	0.000000e+00
1.701733e+01	2.700244e+00	2.721487e-04	98444940.000000	0.000000e+00
1.701933e+01	2.700709e+00	2.722557e-04	98401480.000000	0.000000e+00
1.702132e+01	2.701426e+00	2.724888e-04	98285350.000000	0.000000e+00
1.702332e+01	2.701007e+00	2.725697e-04	98196588.000000	0.000000e+00
1.702531e+01	2.701198e+00	2.727318e-04	98093728.000000	0.000000e+00
1.702731e+01	2.701389e+00	2.728954e-04	97990008.000000	0.000000e+00
1.702930e+01	2.702485e+00	2.731110e-04	97914730.000000	0.000000e+00
1.703130e+01	2.702618e+00	2.732875e-04	97797948.000000	0.000000e+00
1.703329e+01	2.702468e+00	2.733857e-04	97716880.000000	0.000000e+00
1.703529e+01	2.703234e+00	2.735819e-04	97632106.000000	0.000000e+00
1.703728e+01	2.702966e+00	2.737358e-04	97502988.000000	0.000000e+00
1.703928e+01	2.703476e+00	2.738867e-04	97432324.000000	0.000000e+00
1.704127e+01	2.703791e+00	2.740968e-04	97305648.000000	0.000000e+00
1.704326e+01	2.704531e+00	2.742333e-04	97262044.000000	0.000000e+00
1.704526e+01	2.704515e+00	2.744499e-04	97107462.000000	0.000000e+00
1.704725e+01	2.704393e+00	2.745219e-04	97047838.000000	0.000000e+00
1.704925e+01	2.705712e+00	2.747982e-04	96947284.000000	0.000000e+00
1.705124e+01	2.705168e+00	2.749065e-04	96831870.000000	0.000000e+00
1.705324e+01	2.705820e+00	2.750508e-04	96776998.000000	0.000000e+00
1.705523e+01	2.705592e+00	2.752163e-04	96644286.000000	0.000000e+00
1.705723e+01	2.706716e+00	2.754502e-04	96560380.000000	0.000000e+00
1.705922e+01	2.706302e+00	2.755497e-04	96461188.000000	0.000000e+00
1.706122e+01	2.706845e+00	2.757385e-04	96367740.000000	0.000000e+00
1.706321e+01	2.707184e+00	2.758963e-04	96281710.000000	0.000000e+00
1.706521e+01	2.707492e+00	2.761181e-04	96148914.000000	0.000000e+00
1.706720e+01	2.707376e+00	2.761795e-04	96097978.000000	0.000000e+00
1.706919e+01	2.707872e+00	2.763919e-04	95985492.000000	0.000000e+00
1.707119e+01	2.707612e+00	2.765270e-04	95873362.000000	0.000000e+00
1.707318e+01	2.708305e+00	2.766982e-04	95803714.000000	0.000000e+00
1.707518e+01	2.708466e+00	2.769040e-04	95672766.000000	0.000000e+00
1.707717e+01	2.709347e+00	2.770693e-04	95620774.000000	0.000000e+00
1.707917e+01	2.709216e+00	2.772462e-04	95489634.000000	0.000000e+00
1.708116e+01	2.709556e+00	2.774171e-04	95395870.000000	0.000000e+00
1.708316e+01	2.709610e+00	2.775346e-04	95318940.000000	0.000000e+00
1.708515e+01	2.710127e+00	2.777765e-04	95189278.000000	0.000000e+00
1.708715e+01	2.710198e+00	2.778515e-04	95142976.000000	0.000000e+00
1.708914e+01	2.710919e+00	2.781409e-04	94995570.000000	0.000000e+00
1.709114e+01	2.710827e+00	2.782332e-04	94926112.000000	0.000000e+00
1.709313e+01	2.710424e+00	2.783325e-04	94830156.000000	0.000000e+00
1.709513e+01	2.710650e+00	2.785121e-04	94723708.000000	0.000000e+00
1.709712e+01	2.711179e+00	2.787077e-04	94627738.000000	0.000000e+00
1.709911e+01	2.711730e+00	2.789147e-04	94525770.000000	0.000000e+00
1.710111e+01	2.712643e+00	2.791212e-04	94449490.000000	0.000000e+00
1.710310e+01	2.712912e+00	2.793019e-04	94345992.000000	0.000000e+00
1.710510e+01	2.713021e+00	2.794844e-04	94230406.000000	0.000000e+00
1.710709e+01	2.713017e+00	2.795905e-04	94158654.000000	0.000000e+00
1.710909e+01	2.713495e+00	2.798193e-04	94037878.000000	0.000000e+00
1.711108e+01	2.713986e+00	2.799865e-04	93959560.000000	0.000000e+00
1.711308e+01	2.713993e+00	2.801594e-04	93844080.000000	0.000000e+00
1.711507e+01	2.714400e+00	2.802966e-04	93780424.000000	0.000000e+00
1.711707e+01	2.714540e+00	2.804890e-04	93661482.000000	0.000000e+00
1.711906e+01	2.714590e+00	2.806390e-04	93564790.000000	0.000000e+00
1.712106e+01	2.715510e+00	2.808804e-04	93467370.000000	0.000000e+00
1.712305e+01	2.714689e+00	2.809595e-04	93358246.000000	0.000000e+00
1.712504e+01	2.716041e+00	2.811954e-04	93294496.000000	0.000000e+00
1.712704e+01	2.716433e+00	2.814436e-04	93156996.000000	0.000000e+00
1.712903e+01	2.715368e+00	2.814439e-04	93083764.000000	0.000000e+00
1.713103e+01	2.716827e+00	2.817306e-04	92994174.000000	0.000000e+00
1.713302e+01	2.716534e+00	2.818804e-04	92875360.000000	0.000000e+00
1.713502e+01	2.717583e+00	2.821025e-04	92800794.000000	0.000000e+00
1.713701e+01	2.716517e+00	2.821538e-04	92694364.000000	0.000000e+00
1.713901e+01	2.717544e+00	2.823984e-04	92603782.000000	0.000000e+00
1.714100e+01	2.717723e+00	2.825847e-04	92493906.000000	0.000000e+00
1.714300e+01	2.717928e+00	2.827553e-04	92396302.000000	0.000000e+00
1.714499e+01	2.718635e+00	2.829542e-04	92314416.000000	0.000000e+00
1.714699e+01	2.717989e+00	2.830779e-04	92189932.000000	0.000000e+00
1.714898e+01	2.718966e+00	2.832858e-04	92120848.000000	0.000000e+00
1.715098e+01	2.718889e+00	2.834486e-04	92009874.000000	0.000000e+00
1.715297e+01	2.719127e+00	2.836049e-04	91924570.000000	0.000000e+00
1.715496e+01	2.719827e+00	2.838590e-04	91807290.000000	0.000000e+00
1.715696e+01	2.720675e+00	2.841192e-04	91696354.000000	0.000000e+00
1.715895e+01	2.720434e+00	2.841534e-04	91658064.000000	0.000000e+00
1.716095e+01	2.720318e+00	2.843914e-04	91496908.000000	0.000000e+00
1.716294e+01	2.720782e+00	2.845551e-04	91422892.000000	0.000000e+00
1.716494e+01	2.721360e+00	2.847356e-04	91345782.000000	0.000000e+00
1.716693e+01	2.721326e+00	2.849433e-04	91210360.000000	0.000000e+00
1.716893e+01	2.721891e+00	2.850787e-04	91161624.000000	0.000000e+00
1.717092e+01	2.722042e+00	2.852965e-04	91032556.000000	0.000000e+00
1.717292e+01	2.721874e+00	2.854241e-04	90939906.000000	0.000000e+00
1.717491e+01	2.722285e+00	2.856055e-04	90851902.000000	0.000000e+00
1.717691e+01	2.722650e+00	2.858312e-04	90732826.000000	0.000000e+00
1.717890e+01	2.722892e+00	2.859907e-04	90647712.000000	0.000000e+00
1.718089e+01	2.722984e+00	2.861730e-04	90538384.000000	0.000000e+00
1.718289e+01	2.723494e+00	2.863422e-04	90465294.000000	0.000000e+00
1.718488e+01	2.723526e+00	2.865500e-04	90336268.000000	0.000000e+00
1.718688e+01	2.724457e+00	2.867695e-04	90259740.000000	0.000000e+00
1.718887e+01	2.724092e+00	2.868616e-04	90177646.000000	0.000000e+00
1.719087e+01	2.724023e+00	2.870923e-04	90028126.000000	0.000000e+00
1.719286e+01	2.725205e+00	2.872872e-04	89984088.000000	0.000000e+00
1.719486e+01	2.725251e+00	2.875154e-04	89844340.000000	0.000000e+00
1.719685e+01	2.724933e+00	2.875757e-04	89785764.000000	0.000000e+00
1.719885e+01	2.725040e+00	2.877895e-04	89659450.000000	0.000000e+00
1.720084e+01	2.725307e+00	2.879698e-04	89564716.000000	0.000000e+00
1.720284e+01	2.725765e+00	2.881390e-04	89489676.000000	0.000000e+00
1.720483e+01	2.725035e+00	2.882486e-04	89373700.000000	0.000000e+00
1.720683e+01	2.726835e+00	2.886142e-04	89265258.000000	0.000000e+00
1.720882e+01	2.726794e+00	2.887410e-04	89184190.000000	0.000000e+00
1.721081e+01	2.726491e+00	2.888754e-04	89081358.000000	0.000000e+00
1.721281e+01	2.726819e+00	2.890797e-04	88976950.000000	0.000000e+00
1.721480e+01	2.727303e+00	2.893098e-04	88866994.000000	0.000000e+00
1.721680e+01	2.727800e+00	2.894711e-04	88800306.000000	0.000000e+00
1.721879e+01	2.727994e+00	2.896795e-04	88685272.000000	0.000000e+00
1.722079e+01	2.727780e+00	2.897935e-04	88601562.000000	0.000000e+00
1.722278e+01	2.727887e+00	2.900068e-04	88478230.000000	0.000000e+00
1.722478e+01	2.728543e+00	2.902447e-04	88375782.000000	0.000000e+00
1.722677e+01	2.728998e+00	2.903795e-04	88323184.000000	0.000000e+00
1.722877e+01	2.728742e+00	2.905822e-04	88183432.000000	0.000000e+00
1.723076e+01	2.729641e+00	2.908160e-04	88099680.000000	0.000000e+00
1.723276e+01	2.729467e+00	2.909531e-04	88005478.000000	0.000000e+00
1.723475e+01	2.729569e+00	2.911403e-04	87898896.000000	0.000000e+00
1.723675e+01	2.730195e+00	2.913399e-04	87818764.000000	0.000000e+00
1.723874e+01	2.729787e+00	2.915433e-04	87670066.000000	0.000000e+00
1.724073e+01	2.731044e+00	2.917629e-04	87618780.000000	0.000000e+00
1.724273e+01	2.730677e+00	2.919172e-04	87502672.000000	0.000000e+00
1.724472e+01	2.731320e+00	2.921505e-04	87404130.000000	0.000000e+00
1.724672e+01	2.731634e+00	2.923356e-04	87313534.000000	0.000000e+00
1.724871e+01	2.731035e+00	2.924473e-04	87208560.000000	0.000000e+00
1.725071e+01	2.731519e+00	2.926127e-04	87140944.000000	0.000000e+00
1.725270e+01	2.731858e+00	2.929055e-04	86988424.000000	0.000000e+00
1.725470e+01	2.731905e+00	2.930321e-04	86916210.000000	0.000000e+00
1.725669e+01	2.731654e+00	2.931521e-04	86829118.000000	0.000000e+00
1.725869e+01	2.732566e+00	2.934734e-04	86696970.000000	0.000000e+00
1.726068e+01	2.733010e+00	2.936069e-04	86646316.000000	0.000000e+00
1.726268e+01	2.732513e+00	2.937986e-04	86501820.000000	0.000000e+00
1.726467e+01	2.732941e+00	2.939508e-04	86439310.000000	0.000000e+00
1.726667e+01	2.732963e+00	2.941552e-04	86320600.000000	0.000000e+00
1.726866e+01	2.733117e+00	2.943573e-04	86211870.000000	0.000000e+00
1.727065e+01	2.734054e+00	2.945791e-04	86141050.000000	0.000000e+00
1.727265e+01	2.733758e+00	2.947814e-04	86004294.000000	0.000000e+00
1.727464e+01	2.734414e+00	2.949403e-04	85952872.000000	0.000000e+00
1.727664e+01	2.734254e+00	2.951586e-04	85815684.000000	0.000000e+00
1.727863e+01	2.734782e+00	2.953574e-04	85733344.000000	0.000000e+00
1.728063e+01	2.734611e+00	2.955082e-04	85635130.000000	0.000000e+00
1.728262e+01	2.734751e+00	2.957226e-04	85519752.000000	0.000000e+00
1.728462e+01	2.735734e+00	2.959545e-04	85447192.000000	0.000000e+00
1.728661e+01	2.735071e+00	2.960956e-04	85324374.000000	0.000000e+00
1.728861e+01	2.735920e+00	2.963358e-04	85239004.000000	0.000000e+00
1.729060e+01	2.735560e+00	2.964914e-04	85127200.000000	0.000000e+00
1.729260e+01	2.735869e+00	2.966879e-04	85033716.000000	0.000000e+00
1.729459e+01	2.735813e+00	2.968262e-04	84950986.000000	0.000000e+00
1.729658e+01	2.736211e+00	2.970847e-04	84827862.000000	0.000000e+00
1.729858e+01	2.736068e+00	2.972100e-04	84747514.000000	0.000000e+00
1.730057e+01	2.736181e+00	2.973987e-04	84646980.000000	0.000000e+00
1.730257e+01	2.736951e+00	2.976924e-04	84527614.000000	0.000000e+00
1.730456e+01	2.737472e+00	2.979106e-04	84435946.000000	0.000000e+00
1.730656e+01	2.737287e+00	2.980600e-04	84339966.000000	0.000000e+00
1.730855e+01	2.737530e+00	2.982124e-04	84268738.000000	0.000000e+00
1.731055e+01	2.737722e+00	2.984899e-04	84123864.000000	0.000000e+00
1.731254e+01	2.737515e+00	2.986345e-04	84029758.000000	0.000000e+00
1.731454e+01	2.738146e+00	2.988355e-04	83955432.000000	0.000000e+00
1.731653e+01	2.738012e+00	2.990049e-04	83852086.000000	0.000000e+00
1.731853e+01	2.738859e+00	2.992867e-04	83746078.000000	0.000000e+00
1.732052e+01	2.738220e+00	2.994227e-04	83631030.000000	0.000000e+00
1.732251e+01	2.738823e+00	2.996031e-04	83567116.000000	0.000000e+00
1.732451e+01	2.739073e+00	2.998635e-04	83437260.000000	0.000000e+00
1.732650e+01	2.739034e+00	3.000352e-04	83339440.000000	0.000000e+00
1.732850e+01	2.739252e+00	3.002103e-04	83255466.000000	0.000000e+00
1.733049e+01	2.739616e+00	3.004658e-04	83136010.000000	0.000000e+00
1.733249e+01	2.740356e+00	3.006753e-04	83065090.000000	0.000000e+00
1.733448e+01	2.739882e+00	3.008351e-04	82948146.000000	0.000000e+00
1.733648e+01	2.739800e+00	3.010009e-04	82851868.000000	0.000000e+00
1.733847e+01	2.740076e+00	3.011940e-04	82762320.000000	0.000000e+00
1.734047e+01	2.739798e+00	3.014182e-04	82622440.000000	0.000000e+00
1.734246e+01	2.740320e+00	3.015617e-04	82575286.000000	0.000000e+00
1.734446e+01	2.740188e+00	3.017954e-04	82439562.000000	0.000000e+00
1.734645e+01	2.740064e+00	3.019223e-04	82362790.000000	0.000000e+00
1.734845e+01	2.741395e+00	3.022968e-04	82238652.000000	0.000000e+00
1.735044e+01	2.741188e+00	3.024424e-04	82147114.000000	0.000000e+00
1.735243e+01	2.741122e+00	3.025818e-04	82067472.000000	0.000000e+00
1.735443e+01	2.741067e+00	3.028193e-04	81935500.000000	0.000000e+00
1.735642e+01	2.741621e+00	3.030159e-04	81862318.000000	0.000000e+00
1.735842e+01	2.741819e+00	3.032749e-04	81734370.000000	0.000000e+00
1.736041e+01	2.741588e+00	3.033749e-04	81666706.000000	0.000000e+00
1.736241e+01	2.742402e+00	3.036697e-04	81556632.000000	0.000000e+00
1.736440e+01	2.741864e+00	3.038441e-04	81431110.000000	0.000000e+00
1.736640e+01	2.742164e+00	3.039745e-04	81379062.000000	0.000000e+00
1.736839e+01	2.742111e+00	3.042461e-04	81230686.000000	0.000000e+00
1.737039e+01	2.742482e+00	3.044088e-04	81165850.000000	0.000000e+00
1.737238e+01	2.742871e+00	3.046915e-04	81038286.000000	0.000000e+00
1.737438e+01	2.742671e+00	3.048249e-04	80955562.000000	0.000000e+00
1.737637e+01	2.743242e+00	3.050565e-04	80866308.000000	0.000000e+00
1.737837e+01	2.742701e+00	3.052636e-04	80724784.000000	0.000000e+00
1.738036e+01	2.743585e+00	3.054935e-04	80655312.000000	0.000000e+00
1.738235e+01	2.743052e+00	3.056314e-04	80551270.000000	0.000000e+00
1.738435e+01	2.743035e+00	3.058085e-04	80456956.000000	0.000000e+00
1.738634e+01	2.744260e+00	3.061655e-04	80341140.000000	0.000000e+00
1.738834e+01	2.743961e+00	3.063198e-04	80242744.000000	0.000000e+00
1.739033e+01	2.744120e+00	3.065046e-04	80155296.000000	0.000000e+00
1.739233e+01	2.743985e+00	3.066835e-04	80053972.000000	0.000000e+00
1.739432e+01	2.744384e+00	3.069466e-04	79939960.000000	0.000000e+00
1.739632e+01	2.743946e+00	3.070405e-04	79865622.000000	0.000000e+00
1.739831e+01	2.744115e+00	3.073211e-04	79729636.000000	0.000000e+00
1.740031e+01	2.744564e+00	3.074929e-04	79666668.000000	0.000000e+00
1.740230e+01	2.744392e+00	3.077532e-04	79521976.000000	0.000000e+00
1.740430e+01	2.745513e+00	3.080019e-04	79458462.000000	0.000000e+00
1.740629e+01	2.744234e+00	3.080596e-04	79354732.000000	0.000000e+00
1.740828e+01	2.744766e+00	3.083628e-04	79229428.000000	0.000000e+00
1.741028e+01	2.745041e+00	3.085557e-04	79146318.000000	0.000000e+00
1.741227e+01	2.744361e+00	3.087282e-04	79018690.000000	0.000000e+00
1.741427e+01	2.744802e+00	3.088600e-04	78976674.000000	0.000000e+00
1.741626e+01	2.745246e+00	3.091855e-04	78835972.000000	0.000000e+00
1.741826e+01	2.745016e+00	3.093801e-04	78723630.000000	0.000000e+00
1.742025e+01	2.745154e+00	3.094983e-04	78671398.000000	0.000000e+00
1.742225e+01	2.744828e+00	3.097613e-04	78519250.000000	0.000000e+00
1.742424e+01	2.745614e+00	3.100035e-04	78441474.000000	0.000000e+00
1.742624e+01	2.745445e+00	3.101957e-04	78334630.000000	0.000000e+00
1.742823e+01	2.745652e+00	3.103878e-04	78249510.000000	0.000000e+00
1.743023e+01	2.745762e+00	3.106194e-04	78139120.000000	0.000000e+00
1.743222e+01	2.745866e+00	3.108747e-04	78016714.000000	0.000000e+00
1.743422e+01	2.746195e+00	3.110276e-04	77958762.000000	0.000000e+00
1.743621e+01	2.745496e+00	3.112396e-04	77812918.000000	0.000000e+00
1.743820e+01	2.746916e+00	3.115393e-04	77743656.000000	0.000000e+00
1.744020e+01	2.745007e+00	3.115854e-04	77612680.000000	0.000000e+00
1.744219e+01	2.746382e+00	3.118821e-04	77542710.000000	0.000000e+00
1.744419e+01	2.746060e+00	3.120371e-04	77447512.000000	0.000000e+00
1.744618e+01	2.745984e+00	3.123398e-04	77293222.000000	0.000000e+00
1.744818e+01	2.746731e+00	3.125052e-04	77253426.000000	0.000000e+00
1.745017e+01	2.746273e+00	3.127341e-04	77114650.000000	0.000000e+00
1.745217e+01	2.746907e+00	3.129502e-04	77043720.000000	0.000000e+00
1.745416e+01	2.746557e+00	3.131778e-04	76912240.000000	0.000000e+00
1.745616e+01	2.746652e+00	3.133688e-04	76823772.000000	0.000000e+00
1.745815e+01	2.746375e+00	3.135114e-04	76738426.000000	0.000000e+00
1.746015e+01	2.746305e+00	3.137783e-04	76604032.000000	0.000000e+00
1.746214e+01	2.746867e+00	3.140117e-04	76521540.000000	0.000000e+00
1.746413e+01	2.746534e+00	3.141943e-04	76414102.000000	0.000000e+00
1.746613e+01	2.745684e+00	3.142829e-04	76323684.000000	0.000000e+00
1.746812e+01	2.747057e+00	3.146808e-04	76206988.000000	0.000000e+00
1.747012e+01	2.746194e+00	3.147893e-04	76106616.000000	0.000000e+00
1.747211e+01	2.746588e+00	3.149838e-04	76034482.000000	0.000000e+00
1.747411e+01	2.746973e+00	3.153210e-04	75893206.000000	0.000000e+00
1.747610e+01	2.746700e+00	3.154443e-04	75818826.000000	0.000000e+00
1.747810e+01	2.746685e+00	3.156623e-04	75713302.000000	0.000000e+00
1.748009e+01	2.746226e+00	3.158357e-04	75604956.000000	0.000000e+00
1.748209e+01	2.746644e+00	3.160788e-04	75511672.000000	0.000000e+00
1.748408e+01	2.746200e+00	3.162795e-04	75391504.000000	0.000000e+00
1.748608e+01	2.746685e+00	3.165042e-04	75311070.000000	0.000000e+00
1.748807e+01	2.746709e+00	3.167111e-04	75214036.000000	0.000000e+00
1.749007e+01	2.746548e+00	3.169773e-04	75078930.000000	0.000000e+00
1.749206e+01	2.746842e+00	3.171801e-04	74999002.000000	0.000000e+00
1.749405e+01	2.746053e+00	3.173356e-04	74882502.000000	0.000000e+00
1.749605e+01	2.746360e+00	3.175308e-04	74807206.000000	0.000000e+00
1.749804e+01	2.746495e+00	3.178022e-04	74686804.000000	0.000000e+00
1.750004e+01	2.746784e+00	3.180267e-04	74597070.000000	0.000000e+00
1.750203e+01	2.746430e+00	3.181878e-04	74502346.000000	0.000000e+00
1.750403e+01	2.746191e+00	3.184546e-04	74364618.000000	0.000000e+00
1.750602e+01	2.746927e+00	3.186631e-04	74307148.000000	0.000000e+00
1.750802e+01	2.745421e+00	3.187837e-04	74169564.000000	0.000000e+00
1.751001e+01	2.746684e+00	3.190924e-04	74094262.000000	0.000000e+00
1.751201e+01	2.746014e+00	3.192607e-04	73980004.000000	0.000000e+00
1.751400e+01	2.745631e+00	3.194620e-04	73866222.000000	0.000000e+00
1.751600e+01	2.746200e+00	3.197030e-04	73785466.000000	0.000000e+00
1.751799e+01	2.745947e+00	3.199588e-04	73653978.000000	0.000000e+00
1.751999e+01	2.746650e+00	3.201666e-04	73596064.000000	0.000000e+00
1.752198e+01	2.745681e+00	3.203624e-04	73454244.000000	0.000000e+00
1.752397e+01	2.746161e+00	3.206154e-04	73364014.000000	0.000000e+00
1.752597e+01	2.745894e+00	3.207323e-04	73296328.000000	0.000000e+00
1.752796e+01	2.745069e+00	3.210210e-04	73120578.000000	0.000000e+00
1.752996e+01	2.745867e+00	3.211832e-04	73089250.000000	0.000000e+00
1.753195e+01	2.745008e+00	3.213698e-04	72958686.000000	0.000000e+00
1.753395e+01	2.745131e+00	3.215987e-04	72861412.000000	0.000000e+00
1.753594e+01	2.745375e+00	3.218730e-04	72750220.000000	0.000000e+00
1.753794e+01	2.745039e+00	3.220576e-04	72649014.000000	0.000000e+00
1.753993e+01	2.745144e+00	3.222551e-04	72565564.000000	0.000000e+00
1.754193e+01	2.744818e+00	3.225301e-04	72424704.000000	0.000000e+00
1.754392e+01	2.745220e+00	3.227281e-04	72357016.000000	0.000000e+00
1.754592e+01	2.744273e+00	3.228596e-04	72248238.000000	0.000000e+00
1.754791e+01	2.744806e+00	3.231720e-04	72136636.000000	0.000000e+00
1.754990e+01	2.744759e+00	3.233726e-04	72044680.000000	0.000000e+00
1.755190e+01	2.743784e+00	3.235555e-04	71912160.000000	0.000000e+00
1.755389e+01	2.744829e+00	3.237917e-04	71861986.000000	0.000000e+00
1.755589e+01	2.743813e+00	3.239759e-04	71727144.000000	0.000000e+00
1.755788e+01	2.744015e+00	3.242089e-04	71634640.000000	0.000000e+00
1.755988e+01	2.743713e+00	3.244141e-04	71528334.000000	0.000000e+00
1.756187e+01	2.743367e+00	3.246373e-04	71411968.000000	0.000000e+00
1.756387e+01	2.743183e+00	3.247749e-04	71341864.000000	0.000000e+00
1.756586e+01	2.743061e+00	3.250915e-04	71196708.000000	0.000000e+00
1.756786e+01	2.743377e+00	3.253131e-04	71116066.000000	0.000000e+00
1.756985e+01	2.743104e+00	3.254717e-04	71032656.000000	0.000000e+00
1.757185e+01	2.742398e+00	3.256805e-04	70905088.000000	0.000000e+00
1.757384e+01	2.742621e+00	3.259643e-04	70793226.000000	0.000000e+00
1.757583e+01	2.741657e+00	3.260177e-04	70720294.000000	0.000000e+00
1.757783e+01	2.742524e+00	3.263852e-04	70605754.000000	0.000000e+00
1.757982e+01	2.742078e+00	3.265967e-04	70491348.000000	0.000000e+00
1.758182e+01	2.742051e+00	3.268164e-04	70395262.000000	0.000000e+00
1.758381e+01	2.741016e+00	3.268749e-04	70316952.000000	0.000000e+00
1.758581e+01	2.741022e+00	3.272187e-04	70169584.000000	0.000000e+00
1.758780e+01	2.742388e+00	3.275307e-04	70105762.000000	0.000000e+00
1.758980e+01	2.740574e+00	3.276305e-04	69970422.000000	0.000000e+00
1.759179e+01	2.740245e+00	3.277805e-04	69889630.000000	0.000000e+00
1.759379e+01	2.740526e+00	3.280322e-04	69796692.000000	0.000000e+00
1.759578e+01	2.739908e+00	3.283130e-04	69645970.000000	0.000000e+00
1.759778e+01	2.739965e+00	3.284038e-04	69610356.000000	0.000000e+00
1.759977e+01	2.739923e+00	3.287746e-04	69451300.000000	0.000000e+00
1.760177e+01	2.739964e+00	3.289750e-04	69368758.000000	0.000000e+00
1.760376e+01	2.739327e+00	3.291198e-04	69275502.000000	0.000000e+00
1.760575e+01	2.738559e+00	3.293185e-04	69153154.000000	0.000000e+00
1.760775e+01	2.739604e+00	3.296397e-04	69071136.000000	0.000000e+00
1.760974e+01	2.737928e+00	3.297740e-04	68930458.000000	0.000000e+00
1.761174e+01	2.738882e+00	3.300079e-04	68880756.000000	0.000000e+00
1.761373e+01	2.738052e+00	3.302458e-04	68739904.000000	0.000000e+00
1.761573e+01	2.737770e+00	3.304141e-04	68655754.000000	0.000000e+00
1.761772e+01	2.738801e+00	3.308030e-04	68545962.000000	0.000000e+00
1.761972e+01	2.736593e+00	3.308420e-04	68419366.000000	0.000000e+00
1.762171e+01	2.737994e+00	3.311261e-04	68371968.000000	0.000000e+00
1.762371e+01	2.736874e+00	3.313903e-04	68207200.000000	0.000000e+00
1.762570e+01	2.736824e+00	3.315411e-04	68142682.000000	0.000000e+00
1.762770e+01	2.735980e+00	3.317089e-04	68031744.000000	0.000000e+00
1.762969e+01	2.734830e+00	3.318752e-04	67906438.000000	0.000000e+00
1.763169e+01	2.735470e+00	3.321246e-04	67836282.000000	0.000000e+00
1.763368e+01	2.734280e+00	3.323262e-04	67695046.000000	0.000000e+00
1.763567e+01	2.735070e+00	3.325813e-04	67630296.000000	0.000000e+00
1.763767e+01	2.734159e+00	3.327823e-04	67503652.000000	0.000000e+00
1.763966e+01	2.734140e+00	3.329861e-04	67420090.000000	0.000000e+00
1.764166e+01	2.734009e+00	3.332476e-04	67307868.000000	0.000000e+00
1.764365e+01	2.732945e+00	3.334536e-04	67172446.000000	0.000000e+00
1.764565e+01	2.734317e+00	3.337395e-04	67124706.000000	0.000000e+00
1.764764e+01	2.732084e+00	3.338407e-04	66974518.000000	0.000000e+00
1.764964e+01	2.732803e+00	3.340772e-04	66914910.000000	0.000000e+00
1.765163e+01	2.731404e+00	3.342809e-04	66764998.000000	0.000000e+00
1.765363e+01	2.731234e+00	3.344626e-04	66684154.000000	0.000000e+00
1.765562e+01	2.731756e+00	3.347692e-04	66587544.000000	0.000000e+00
1.765762e+01	2.730382e+00	3.349530e-04	66447568.000000	0.000000e+00
1.765961e+01	2.731508e+00	3.352511e-04	66384204.000000	0.000000e+00
1.766160e+01	2.730120e+00	3.353784e-04	66266374.000000	0.000000e+00
1.766360e+01	2.729353e+00	3.355627e-04	66156450.000000	0.000000e+00
1.766559e+01	2.728357e+00	3.356416e-04	66077080.000000	0.000000e+00
1.766759e+01	2.728514e+00	3.360298e-04	65932078.000000	0.000000e+00
1.766958e+01	2.728689e+00	3.361862e-04	65879232.000000	0.000000e+00
1.767158e+01	2.727343e+00	3.363845e-04	65736652.000000	0.000000e+00
1.767357e+01	2.728075e+00	3.366580e-04	65665104.000000	0.000000e+00
1.767557e+01	2.726606e+00	3.368579e-04	65516590.000000	0.000000e+00
1.767756e+01	2.725992e+00	3.370210e-04	65423686.000000	0.000000e+00
1.767956e+01	2.726817e+00	3.373049e-04	65353158.000000	0.000000e+00
1.768155e+01	2.724976e+00	3.374568e-04	65206222.000000	0.000000e+00
1.768355e+01	2.725984e+00	3.377640e-04	65135856.000000	0.000000e+00
1.768554e+01	2.724583e+00	3.378970e-04	65017684.000000	0.000000e+00
1.768754e+01	2.723990e+00	3.380658e-04	64924488.000000	0.000000e+00
1.768953e+01	2.723507e+00	3.383125e-04	64806862.000000	0.000000e+00
1.769152e+01	2.721677e+00	3.384006e-04	64686100.000000	0.000000e+00
1.769352e+01	2.722873e+00	3.387275e-04	64618032.000000	0.000000e+00
1.769551e+01	2.721552e+00	3.388771e-04	64498354.000000	0.000000e+00
1.769751e+01	2.721565e+00	3.391067e-04	64411692.000000	0.000000e+00
1.769950e+01	2.721355e+00	3.394457e-04	64273192.000000	0.000000e+00
1.770150e+01	2.719551e+00	3.394643e-04	64180986.000000	0.000000e+00
1.770349e+01	2.719890e+00	3.397142e-04	64102540.000000	0.000000e+00
1.770549e+01	2.718930e+00	3.399751e-04	63958996.000000	0.000000e+00
1.770748e+01	2.718676e+00	3.401584e-04	63878148.000000	0.000000e+00
1.770948e+01	2.717692e+00	3.403000e-04	63778846.000000	0.000000e+00
1.771147e+01	2.717743e+00	3.406019e-04	63668208.000000	0.000000e+00
1.771347e+01	2.716465e+00	3.407466e-04	63554308.000000	0.000000e+00
1.771546e+01	2.715907e+00	3.409917e-04	63436926.000000	0.000000e+00
1.771745e+01	2.716260e+00	3.412182e-04	63369220.000000	0.000000e+00
1.771945e+01	2.714783e+00	3.413711e-04	63243628.000000	0.000000e+00
1.772144e+01	2.714835e+00	3.416488e-04	63143268.000000	0.000000e+00
1.772344e+01	2.714196e+00	3.418712e-04	63031450.000000	0.000000e+00
1.772543e+01	2.712657e+00	3.419324e-04	62937462.000000	0.000000e+00
1.772743e+01	2.712677e+00	3.421970e-04	62841106.000000	0.000000e+00
1.772942e+01	2.712215e+00	3.425256e-04	62699230.000000	0.000000e+00
1.773142e+01	2.711312e+00	3.425650e-04	62643072.000000	0.000000e+00
1.773341e+01	2.709944e+00	3.427706e-04	62504836.000000	0.000000e+00
1.773541e+01	2.709899e+00	3.430105e-04	62415324.000000	0.000000e+00
1.773740e+01	2.709657e+00	3.432942e-04	62301118.000000	0.000000e+00
1.773940e+01	2.708310e+00	3.434273e-04	62190960.000000	0.000000e+00
1.774139e+01	2.707820e+00	3.435897e-04	62109712.000000	0.000000e+00
1.774339e+01	2.706845e+00	3.438068e-04	61986622.000000	0.000000e+00
1.774538e+01	2.706708e+00	3.441054e-04	61872792.000000	0.000000e+00
1.774737e+01	2.705457e+00	3.442083e-04	61778668.000000	0.000000e+00
1.774937e+01	2.703946e+00	3.442647e-04	61689474.000000	0.000000e+00
1.775136e+01	2.704344e+00	3.446701e-04	61562560.000000	0.000000e+00
1.775336e+01	2.702789e+00	3.447536e-04	61461996.000000	0.000000e+00
1.775535e+01	2.702364e+00	3.449276e-04	61380700.000000	0.000000e+00
1.775735e+01	2.701180e+00	3.451515e-04	61247350.000000	0.000000e+00
1.775934e+01	2.701580e+00	3.454551e-04	61157904.000000	0.000000e+00
1.776134e+01	2.700150e+00	3.456174e-04	61035784.000000	0.000000e+00
1.776333e+01	2.699506e+00	3.457858e-04	60947274.000000	0.000000e+00
1.776533e+01	2.699024e+00	3.460321e-04	60838816.000000	0.000000e+00
1.776732e+01	2.698143e+00	3.462590e-04	60719460.000000	0.000000e+00
1.776932e+01	2.696295e+00	3.462743e-04	60630928.000000	0.000000e+00
1.777131e+01	2.696248e+00	3.465310e-04	60539024.500000	0.000000e+00
1.777331e+01	2.695436e+00	3.468197e-04	60401880.000000	0.000000e+00
1.777530e+01	2.694743e+00	3.470121e-04	60303889.000000	0.000000e+00
1.777729e+01	2.693691e+00	3.470818e-04	60232623.000000	0.000000e+00
1.777929e+01	2.693273e+00	3.473807e-04	60110368.000000	0.000000e+00
1.778128e+01	2.692716e+00	3.475674e-04	60020980.000000	0.000000e+00
1.778328e+01	2.691690e+00	3.477197e-04	59922726.000000	0.000000e+00
1.778527e+01	2.691506e+00	3.479968e-04	59819161.000000	0.000000e+00
1.778727e+01	2.690664e+00	3.481354e-04	59734134.000000	0.000000e+00
1.778926e+01	2.690462e+00	3.484308e-04	59623951.000000	0.000000e+00
1.779126e+01	2.689890e+00	3.486270e-04	59531517.000000	0.000000e+00
1.779325e+01	2.689463e+00	3.488245e-04	59445286.000000	0.000000e+00
1.779525e+01	2.689321e+00	3.491185e-04	59338894.000000	0.000000e+00
1.779724e+01	2.688111e+00	3.492554e-04	59239044.000000	0.000000e+00
1.779924e+01	2.687646e+00	3.494255e-04	59160940.000000	0.000000e+00
1.780123e+01	2.687358e+00	3.496365e-04	59076873.000000	0.000000e+00
1.780322e+01	2.686750e+00	3.498996e-04	58961377.000000	0.000000e+00
1.780522e+01	2.686120e+00	3.500615e-04	58879254.000000	0.000000e+00
1.780721e+01	2.686038e+00	3.503266e-04	58786558.000000	0.000000e+00
1.780921e+01	2.685593e+00	3.505293e-04	58699138.000000	0.000000e+00
1.781120e+01	2.684643e+00	3.507119e-04	58596543.000000	0.000000e+00
1.781320e+01	2.684562e+00	3.509797e-04	58503628.000000	0.000000e+00
1.781519e+01	2.683539e+00	3.510617e-04	58431759.000000	0.000000e+00
1.781719e+01	2.683960e+00	3.514496e-04	58321144.000000	0.000000e+00
1.781918e+01	2.682944e+00	3.515879e-04	58231117.000000	0.000000e+00
1.782118e+01	2.682683e+00	3.517547e-04	58164636.000000	0.000000e+00
1.782317e+01	2.682304e+00	3.520180e-04	58061221.000000	0.000000e+00
1.782517e+01	2.680917e+00	3.521379e-04	57961725.000000	0.000000e+00
1.782716e+01	2.682062e+00	3.525403e-04	57878902.000000	0.000000e+00
1.782916e+01	2.680410e+00	3.525545e-04	57802941.000000	0.000000e+00
1.783115e+01	2.680713e+00	3.529212e-04	57695938.000000	0.000000e+00
1.783314e+01	2.680607e+00	3.531327e-04	57622282.000000	0.000000e+00
1.783514e+01	2.679736e+00	3.533313e-04	57520134.000000	0.000000e+00
1.783713e+01	2.679801e+00	3.535707e-04	57445042.000000	0.000000e+00
1.783913e+01	2.679241e+00	3.537756e-04	57354519.000000	0.000000e+00
1.784112e+01	2.678382e+00	3.539403e-04	57264463.000000	0.000000e+00
1.784312e+01	2.678858e+00	3.542766e-04	57176082.000000	0.000000e+00
1.784511e+01	2.677350e+00	3.543368e-04	57092311.000000	0.000000e+00
1.784711e+01	2.677020e+00	3.545578e-04	57007156.000000	0.000000e+00
1.784910e+01	2.677460e+00	3.549179e-04	56910207.000000	0.000000e+00
1.785110e+01	2.676816e+00	3.550551e-04	56838871.000000	0.000000e+00
1.785309e+01	2.676137e+00	3.552482e-04	56748324.000000	0.000000e+00
1.785509e+01	2.676048e+00	3.554884e-04	56667859.000000	0.000000e+00
1.785708e+01	2.675967e+00	3.558232e-04	56557872.000000	0.000000e+00
1.785907e+01	2.675469e+00	3.559291e-04	56503144.000000	0.000000e+00
1.786107e+01	2.674982e+00	3.561772e-04	56403916.000000	0.000000e+00
1.786306e+01	2.675564e+00	3.565328e-04	56316000.000000	0.000000e+00
1.786506e+01	2.674357e+00	3.566217e-04	56237140.000000	0.000000e+00
1.786705e+01	2.674461e+00	3.568880e-04	56157609.000000	0.000000e+00
1.786905e+01	2.674111e+00	3.571349e-04	56065300.000000	0.000000e+00
1.787104e+01	2.674099e+00	3.573928e-04	55983925.000000	0.000000e+00
1.787304e+01	2.673520e+00	3.575795e-04	55901268.000000	0.000000e+00
1.787503e+01	2.673177e+00	3.577761e-04	55825501.000000	0.000000e+00
1.787703e+01	2.672831e+00	3.580429e-04	55727913.000000	0.000000e+00
1.787902e+01	2.672542e+00	3.582593e-04	55648591.000000	0.000000e+00
1.788102e+01	2.672516e+00	3.585166e-04	55567668.000000	0.000000e+00
1.788301e+01	2.672089e+00	3.587204e-04	55486834.000000	0.000000e+00
1.788501e+01	2.671283e+00	3.588695e-04	55407253.000000	0.000000e+00
1.788700e+01	2.671681e+00	3.591925e-04	55324161.000000	0.000000e+00
1.788899e+01	2.671298e+00	3.594418e-04	55231585.000000	0.000000e+00
1.789099e+01	2.670989e+00	3.596271e-04	55161945.000000	0.000000e+00
1.789298e+01	2.671562e+00	3.600162e-04	55066366.000000	0.000000e+00
1.789498e+01	2.670346e+00	3.600770e-04	54997701.000000	0.000000e+00
1.789697e+01	2.670037e+00	3.602836e-04	54921910.000000	0.000000e+00
1.789897e+01	2.669595e+00	3.605505e-04	54822457.000000	0.000000e+00
1.790096e+01	2.668827e+00	3.607169e-04	54740370.000000	0.000000e+00
1.790296e+01	2.669264e+00	3.610076e-04	54670162.000000	0.000000e+00
1.790495e+01	2.669083e+00	3.612324e-04	54594726.000000	0.000000e+00
1.790695e+01	2.669010e+00	3.615391e-04	54499165.000000	0.000000e+00
1.790894e+01	2.667646e+00	3.616034e-04	54424110.000000	0.000000e+00
1.791094e+01	2.668498e+00	3.619471e-04	54355510.000000	0.000000e+00
1.791293e+01	2.668032e+00	3.621678e-04	54270334.000000	0.000000e+00
1.791493e+01	2.668149e+00	3.624747e-04	54183222.000000	0.000000e+00
1.791692e+01	2.667200e+00	3.626010e-04	54106951.000000	0.000000e+00
1.791891e+01	2.667435e+00	3.628916e-04	54029862.000000	0.000000e+00
1.792091e+01	2.666653e+00	3.630579e-04	53948734.000000	0.000000e+00
1.792290e+01	2.666490e+00	3.633046e-04	53868910.000000	0.000000e+00
1.792490e+01	2.666231e+00	3.635292e-04	53791911.000000	0.000000e+00
1.792689e+01	2.666568e+00	3.638585e-04	53708182.000000	0.000000e+00
1.792889e+01	2.666287e+00	3.640488e-04	53640690.000000	0.000000e+00
1.793088e+01	2.665494e+00	3.642621e-04	53546059.000000	0.000000e+00
1.793288e+01	2.665470e+00	3.644904e-04	53478030.000000	0.000000e+00
1.793487e+01	2.664124e+00	3.645635e-04	53402623.000000	0.000000e+00
1.793687e+01	2.665026e+00	3.649964e-04	53312083.000000	0.000000e+00
1.793886e+01	2.665556e+00	3.653036e-04	53243646.000000	0.000000e+00
1.794086e+01	2.664434e+00	3.654494e-04	53156395.000000	0.000000e+00
1.794285e+01	2.663647e+00	3.655114e-04	53106975.000000	0.000000e+00
1.794485e+01	2.665048e+00	3.660725e-04	53000011.000000	0.000000e+00
1.794684e+01	2.664955e+00	3.663235e-04	52923678.000000	0.000000e+00
1.794883e+01	2.663402e+00	3.662916e-04	52871239.000000	0.000000e+00
1.795083e+01	2.664034e+00	3.667393e-04	52767283.000000	0.000000e+00
1.795282e+01	2.663242e+00	3.668811e-04	52695135.000000	0.000000e+00
1.795482e+01	2.662524e+00	3.670227e-04	52626115.000000	0.000000e+00
1.795681e+01	2.663250e+00	3.673704e-04	52555167.000000	0.000000e+00
1.795881e+01	2.662915e+00	3.676084e-04	52473931.000000	0.000000e+00
1.796080e+01	2.662845e+00	3.679296e-04	52379611.000000	0.000000e+00
1.796280e+01	2.663031e+00	3.681538e-04	52323123.000000	0.000000e+00
1.796479e+01	2.662499e+00	3.683549e-04	52245160.000000	0.000000e+00
1.796679e+01	2.662105e+00	3.685909e-04	52162827.000000	0.000000e+00
1.796878e+01	2.661927e+00	3.688473e-04	52083367.000000	0.000000e+00
1.797078e+01	2.661654e+00	3.690013e-04	52029243.000000	0.000000e+00
1.797277e+01	2.661475e+00	3.693169e-04	51933364.000000	0.000000e+00
1.797476e+01	2.660807e+00	3.695020e-04	51855307.000000	0.000000e+00
1.797676e+01	2.661046e+00	3.697368e-04	51798783.000000	0.000000e+00
1.797875e+01	2.661498e+00	3.701285e-04	51706756.000000	0.000000e+00
1.798075e+01	2.660230e+00	3.701692e-04	51646155.000000	0.000000e+00
1.798274e+01	2.661187e+00	3.706125e-04	51559744.000000	0.000000e+00
1.798474e+01	2.659771e+00	3.706521e-04	51493863.000000	0.000000e+00
1.798673e+01	2.659716e+00	3.709711e-04	51403204.000000	0.000000e+00
1.798873e+01	2.659455e+00	3.711329e-04	51348343.000000	0.000000e+00
1.799072e+01	2.660085e+00	3.715629e-04	51253848.000000	0.000000e+00
1.799272e+01	2.659815e+00	3.717011e-04	51205339.000000	0.000000e+00
1.799471e+01	2.659224e+00	3.719147e-04	51123804.000000	0.000000e+00
1.799671e+01	2.659174e+00	3.722481e-04	51030352.000000	0.000000e+00
1.799870e+01	2.660147e+00	3.726048e-04	50969967.000000	0.000000e+00
1.800070e+01	2.659052e+00	3.726987e-04	50902360.000000	0.000000e+00
1.800269e+01	2.659178e+00	3.730287e-04	50817160.000000	0.000000e+00
1.800468e+01	2.658417e+00	3.731651e-04	50750943.000000	0.000000e+00
1.800668e+01	2.659222e+00	3.735358e-04	50680948.000000	0.000000e+00
1.800867e+01	2.658331e+00	3.736977e-04	50603100.000000	0.000000e+00
1.801067e+01	2.658440e+00	3.740141e-04	50521684.000000	0.000000e+00
1.801266e+01	2.658484e+00	3.742768e-04	50452456.000000	0.000000e+00
1.801466e+01	2.658315e+00	3.744583e-04	50397156.000000	0.000000e+00
1.801665e+01	2.658303e+00	3.747947e-04	50306260.000000	0.000000e+00
1.801865e+01	2.658669e+00	3.751305e-04	50230080.000000	0.000000e+00
1.802064e+01	2.657932e+00	3.752343e-04	50174479.000000	0.000000e+00
1.802264e+01	2.658152e+00	3.755804e-04	50090316.000000	0.000000e+00
1.802463e+01	2.657608e+00	3.757673e-04	50020024.000000	0.000000e+00
1.802663e+01	2.658029e+00	3.760850e-04	49951369.000000	0.000000e+00
1.802862e+01	2.657894e+00	3.763177e-04	49884552.000000	0.000000e+00
1.803061e+01	2.657481e+00	3.765810e-04	49799344.000000	0.000000e+00
1.803261e+01	2.657405e+00	3.767972e-04	49739364.000000	0.000000e+00
1.803460e+01	2.656297e+00	3.769474e-04	49658296.000000	0.000000e+00
1.803660e+01	2.657291e+00	3.773281e-04	49595220.000000	0.000000e+00
1.803859e+01	2.657350e+00	3.776030e-04	49525252.000000	0.000000e+00
1.804059e+01	2.656223e+00	3.777661e-04	49440520.000000	0.000000e+00
1.804258e+01	2.656451e+00	3.780402e-04	49377309.000000	0.000000e+00
1.804458e+01	2.655846e+00	3.782145e-04	49309348.000000	0.000000e+00
1.804657e+01	2.655976e+00	3.785158e-04	49235700.000000	0.000000e+00
1.804857e+01	2.656066e+00	3.788672e-04	49147756.000000	0.000000e+00
1.805056e+01	2.655983e+00	3.790489e-04	49097577.000000	0.000000e+00
1.805256e+01	2.656066e+00	3.792839e-04	49039816.000000	0.000000e+00
1.805455e+01	2.655891e+00	3.796061e-04	48950188.000000	0.000000e+00
1.805655e+01	2.655413e+00	3.798544e-04	48868593.000000	0.000000e+00
1.805854e+01	2.655773e+00	3.800603e-04	48828904.000000	0.000000e+00
1.806053e+01	2.655370e+00	3.803440e-04	48741288.000000	0.000000e+00
1.806253e+01	2.655567e+00	3.806654e-04	48666247.000000	0.000000e+00
1.806452e+01	2.655965e+00	3.809802e-04	48600412.000000	0.000000e+00
1.806652e+01	2.654945e+00	3.811185e-04	48527841.000000	0.000000e+00
1.806851e+01	2.655051e+00	3.813746e-04	48466588.000000	0.000000e+00
1.807051e+01	2.655113e+00	3.816615e-04	48395997.000000	0.000000e+00
1.807250e+01	2.654804e+00	3.819376e-04	48314812.000000	0.000000e+00
1.807450e+01	2.654992e+00	3.822004e-04	48255177.000000	0.000000e+00
1.807649e+01	2.654916e+00	3.824358e-04	48193072.000000	0.000000e+00
1.807849e+01	2.654121e+00	3.826283e-04	48115765.000000	0.000000e+00
1.808048e+01	2.654653e+00	3.830056e-04	48040236.000000	0.000000e+00
1.808248e+01	2.655389e+00	3.833123e-04	47990005.000000	0.000000e+00
1.808447e+01	2.654734e+00	3.835672e-04	47902596.000000	0.000000e+00
1.808646e+01	2.654276e+00	3.837351e-04	47844193.000000	0.000000e+00
1.808846e+01	2.654611e+00	3.840872e-04	47768541.000000	0.000000e+00
1.809045e+01	2.654515e+00	3.843278e-04	47705320.000000	0.000000e+00
1.809245e+01	2.654396e+00	3.845772e-04	47639197.000000	0.000000e+00
1.809444e+01	2.654176e+00	3.848732e-04	47558061.000000	0.000000e+00
1.809644e+01	2.654040e+00	3.851079e-04	47495248.000000	0.000000e+00
1.809843e+01	2.653918e+00	3.852950e-04	47444769.000000	0.000000e+00
1.810043e+01	2.653707e+00	3.856367e-04	47353189.000000	0.000000e+00
1.810242e+01	2.653869e+00	3.859438e-04	47283633.000000	0.000000e+00
1.810442e+01	2.653781e+00	3.861087e-04	47240116.000000	0.000000e+00
1.810641e+01	2.653501e+00	3.864366e-04	47150017.000000	0.000000e+00
1.810841e+01	2.654333e+00	3.867956e-04	47092077.000000	0.000000e+00
1.811040e+01	2.653493e+00	3.869766e-04	47018245.000000	0.000000e+00
1.811240e+01	2.654002e+00	3.872926e-04	46959573.000000	0.000000e+00
1.811439e+01	2.653036e+00	3.874272e-04	46892788.000000	0.000000e+00
1.811638e+01	2.652969e+00	3.877290e-04	46817461.000000	0.000000e+00
1.811838e+01	2.652516e+00	3.879446e-04	46749465.000000	0.000000e+00
1.812037e+01	2.653594e+00	3.883193e-04	46697233.000000	0.000000e+00
1.812237e+01	2.653835e+00	3.886623e-04	46623297.000000	0.000000e+00
1.812436e+01	2.654201e+00	3.890750e-04	46537261.000000	0.000000e+00
1.812636e+01	2.653351e+00	3.890874e-04	46504497.000000	0.000000e+00
1.812835e+01	2.653712e+00	3.895151e-04	46415065.000000	0.000000e+00
1.813035e+01	2.653262e+00	3.897439e-04	46344877.000000	0.000000e+00
1.813234e+01	2.653371e+00	3.899894e-04	46290333.000000	0.000000e+00
1.813434e+01	2.653667e+00	3.903060e-04	46225573.000000	0.000000e+00
1.813633e+01	2.652540e+00	3.904374e-04	46155261.000000	0.000000e+00
1.813833e+01	2.653005e+00	3.908102e-04	46083373.000000	0.000000e+00
1.814032e+01	2.653076e+00	3.910943e-04	46018917.000000	0.000000e+00
1.814231e+01	2.653452e+00	3.913967e-04	45960865.000000	0.000000e+00
1.814431e+01	2.652744e+00	3.915572e-04	45898669.000000	0.000000e+00
1.814630e+01	2.652768e+00	3.919600e-04	45805245.000000	0.000000e+00
1.814830e+01	2.652399e+00	3.920437e-04	45772909.000000	0.000000e+00
1.815029e+01	2.652421e+00	3.923673e-04	45698229.000000	0.000000e+00
1.815229e+01	2.652503e+00	3.927010e-04	45623425.000000	0.000000e+00
1.815428e+01	2.652729e+00	3.930362e-04	45553393.000000	0.000000e+00
1.815628e+01	2.653056e+00	3.932714e-04	45510141.000000	0.000000e+00
1.815827e+01	2.652352e+00	3.935242e-04	45427549.000000	0.000000e+00
1.816027e+01	2.652307e+00	3.937593e-04	45371793.000000	0.000000e+00
1.816226e+01	2.652362e+00	3.941110e-04	45292738.000000	0.000000e+00
1.816426e+01	2.651458e+00	3.941923e-04	45243189.000000	0.000000e+00
1.816625e+01	2.652023e+00	3.945865e-04	45172105.000000	0.000000e+00
1.816825e+01	2.651613e+00	3.948202e-04	45104677.000000	0.000000e+00
1.817024e+01	2.651536e+00	3.950932e-04	45039753.000000	0.000000e+00
1.817223e+01	2.652206e+00	3.954460e-04	44982151.000000	0.000000e+00
1.817423e+01	2.652728e+00	3.958298e-04	44912622.000000	0.000000e+00
1.817622e+01	2.652219e+00	3.960474e-04	44846077.000000	0.000000e+00
1.817822e+01	2.652626e+00	3.963540e-04	44790453.000000	0.000000e+00
1.818021e+01	2.652479e+00	3.966499e-04	44718709.000000	0.000000e+00
1.818221e+01	2.652141e+00	3.968539e-04	44661358.000000	0.000000e+00
1.818420e+01	2.652591e+00	3.972797e-04	44580813.000000	0.000000e+00
1.818620e+01	2.652257e+00	3.974235e-04	44537317.000000	0.000000e+00
1.818819e+01	2.651744e+00	3.976363e-04	44472438.000000	0.000000e+00
1.819019e+01	2.651716e+00	3.980137e-04	44387233.000000	0.000000e+00
1.819218e+01	2.652250e+00	3.983144e-04	44338077.000000	0.000000e+00
1.819418e+01	2.652603e+00	3.986365e-04	44278234.000000	0.000000e+00
1.819617e+01	2.651191e+00	3.987268e-04	44211097.000000	0.000000e+00
1.819817e+01	2.652847e+00	3.992865e-04	44142333.000000	0.000000e+00
1.820016e+01	2.651516e+00	3.993717e-04	44079226.000000	0.000000e+00
1.820215e+01	2.651819e+00	3.996353e-04	44031141.000000	0.000000e+00
1.820415e+01	2.652706e+00	4.001477e-04	43947853.000000	0.000000e+00
1.820614e+01	2.652202e+00	4.003050e-04	43896622.000000	0.000000e+00
1.820814e+01	2.651899e+00	4.005760e-04	43827261.000000	0.000000e+00
1.821013e+01	2.651808e+00	4.008134e-04	43772326.000000	0.000000e+00
1.821213e+01	2.652032e+00	4.011955e-04	43696377.000000	0.000000e+00
1.821412e+01	2.651697e+00	4.013667e-04	43648057.000000	0.000000e+00
1.821612e+01	2.651830e+00	4.016732e-04	43585842.000000	0.000000e+00
1.821811e+01	2.652044e+00	4.020246e-04	43516717.000000	0.000000e+00
1.822011e+01	2.652267e+00	4.023515e-04	43453354.000000	0.000000e+00
1.822210e+01	2.651821e+00	4.025570e-04	43394373.000000	0.000000e+00
1.822410e+01	2.652044e+00	4.029127e-04	43325086.000000	0.000000e+00
1.822609e+01	2.652672e+00	4.032483e-04	43273509.000000	0.000000e+00
1.822808e+01	2.653074e+00	4.036807e-04	43193938.000000	0.000000e+00
1.823008e+01	2.651512e+00	4.036467e-04	43150341.000000	0.000000e+00
1.823207e+01	2.652812e+00	4.041151e-04	43092598.000000	0.000000e+00
1.823407e+01	2.652693e+00	4.044527e-04	43016821.000000	0.000000e+00
1.823606e+01	2.652285e+00	4.047581e-04	42938730.000000	0.000000e+00
1.823806e+01	2.652501e+00	4.049376e-04	42907657.000000	0.000000e+00
1.824005e+01	2.652655e+00	4.052850e-04	42839130.000000	0.000000e+00
1.824205e+01	2.652899e+00	4.056472e-04	42770506.000000	0.000000e+00
1.824404e+01	2.652030e+00	4.058478e-04	42700257.000000	0.000000e+00
1.824604e+01	2.652632e+00	4.061140e-04	42663670.000000	0.000000e+00
1.824803e+01	2.652796e+00	4.065016e-04	42587593.000000	0.000000e+00
1.825003e+01	2.653195e+00	4.068908e-04	42518958.000000	0.000000e+00
1.825202e+01	2.653510e+00	4.071797e-04	42468742.000000	0.000000e+00
1.825402e+01	2.652811e+00	4.073285e-04	42415353.000000	0.000000e+00
1.825601e+01	2.652883e+00	4.077071e-04	42338902.000000	0.000000e+00
1.825800e+01	2.652877e+00	4.080310e-04	42271507.000000	0.000000e+00
1.826000e+01	2.652020e+00	4.080857e-04	42232902.000000	0.000000e+00
1.826199e+01	2.652914e+00	4.085606e-04	42163174.000000	0.000000e+00
1.826399e+01	2.653349e+00	4.089551e-04	42095673.000000	0.000000e+00
1.826598e+01	2.653037e+00	4.091755e-04	42040450.000000	0.000000e+00
1.826798e+01	2.652215e+00	4.093278e-04	41983158.000000	0.000000e+00
1.826997e+01	2.652917e+00	4.097411e-04	41920657.000000	0.000000e+00
1.827197e+01	2.653038e+00	4.100877e-04	41853658.000000	0.000000e+00
1.827396e+01	2.652673e+00	4.102985e-04	41799162.000000	0.000000e+00
1.827596e+01	2.653522e+00	4.107003e-04	41744110.000000	0.000000e+00
1.827795e+01	2.653453e+00	4.110134e-04	41678385.000000	0.000000e+00
1.827995e+01	2.652936e+00	4.112579e-04	41612626.000000	0.000000e+00
1.828194e+01	2.653663e+00	4.116357e-04	41559030.000000	0.000000e+00
1.828394e+01	2.652884e+00	4.117887e-04	41503789.000000	0.000000e+00
1.828593e+01	2.652884e+00	4.121053e-04	41440054.000000	0.000000e+00
1.828792e+01	2.652762e+00	4.124440e-04	41368194.000000	0.000000e+00
1.828992e+01	2.652489e+00	4.126005e-04	41328310.000000	0.000000e+00
1.829191e+01	2.653441e+00	4.131002e-04	41257998.000000	0.000000e+00
1.829391e+01	2.653030e+00	4.133468e-04	41196013.000000	0.000000e+00
1.829590e+01	2.653025e+00	4.136519e-04	41135130.000000	0.000000e+00
1.829790e+01	2.653826e+00	4.140335e-04	41084098.000000	0.000000e+00
1.829989e+01	2.653346e+00	4.142347e-04	41029378.000000	0.000000e+00
1.830189e+01	2.652638e+00	4.144986e-04	40955262.000000	0.000000e+00
1.830388e+01	2.654678e+00	4.150925e-04	40901005.000000	0.000000e+00
1.830588e+01	2.653796e+00	4.151868e-04	40855254.000000	0.000000e+00
1.830787e+01	2.653887e+00	4.156051e-04	40775878.000000	0.000000e+00
1.830987e+01	2.654256e+00	4.159001e-04	40729354.000000	0.000000e+00
1.831186e+01	2.654016e+00	4.161351e-04	40675998.000000	0.000000e+00
1.831385e+01	2.654290e+00	4.165565e-04	40602154.000000	0.000000e+00
1.831585e+01	2.654425e+00	4.168449e-04	40550109.000000	0.000000e+00
1.831784e+01	2.654919e+00	4.172488e-04	40486714.000000	0.000000e+00
1.831984e+01	2.653453e+00	4.172658e-04	40438698.000000	0.000000e+00
1.832183e+01	2.654580e+00	4.177695e-04	40375534.000000	0.000000e+00
1.832383e+01	2.655048e+00	4.181818e-04	40310146.000000	0.000000e+00
1.832582e+01	2.654951e+00	4.184415e-04	40257186.000000	0.000000e+00
1.832782e+01	2.654683e+00	4.186611e-04	40206850.000000	0.000000e+00
1.832981e+01	2.655023e+00	4.190563e-04	40141350.000000	0.000000e+00
1.833181e+01	2.655090e+00	4.193787e-04	40081672.000000	0.000000e+00
1.833380e+01	2.655479e+00	4.197517e-04	40022166.000000	0.000000e+00
1.833580e+01	2.655819e+00	4.200404e-04	39977422.000000	0.000000e+00
1.833779e+01	2.654507e+00	4.202252e-04	39902833.000000	0.000000e+00
1.833978e+01	2.655275e+00	4.206654e-04	39842394.000000	0.000000e+00
1.834178e+01	2.655106e+00	4.208527e-04	39801862.000000	0.000000e+00
1.834377e+01	2.655074e+00	4.211587e-04	39743106.000000	0.000000e+00
1.834577e+01	2.655940e+00	4.216589e-04	39674722.000000	0.000000e+00
1.834776e+01	2.655102e+00	4.218492e-04	39613942.000000	0.000000e+00
1.834976e+01	2.656226e+00	4.222480e-04	39572634.000000	0.000000e+00
1.835175e+01	2.655708e+00	4.225128e-04	39507622.000000	0.000000e+00
1.835375e+01	2.655659e+00	4.228721e-04	39439050.000000	0.000000e+00
1.835574e+01	2.656199e+00	4.232099e-04	39392134.000000	0.000000e+00
1.835774e+01	2.654849e+00	4.232710e-04	39340734.000000	0.000000e+00
1.835973e+01	2.656490e+00	4.238771e-04	39276850.000000	0.000000e+00
1.836173e+01	2.655630e+00	4.240583e-04	39217858.000000	0.000000e+00
1.836372e+01	2.656463e+00	4.244695e-04	39166494.000000	0.000000e+00
1.836572e+01	2.656428e+00	4.247655e-04	39110878.000000	0.000000e+00
1.836771e+01	2.656190e+00	4.250599e-04	39049722.000000	0.000000e+00
1.836970e+01	2.656372e+00	4.254180e-04	38989363.000000	0.000000e+00
1.837170e+01	2.655920e+00	4.256542e-04	38932830.000000	0.000000e+00
1.837369e+01	2.656960e+00	4.260437e-04	38892130.000000	0.000000e+00
1.837569e+01	2.656713e+00	4.264250e-04	38815390.000000	0.000000e+00
1.837768e+01	2.658241e+00	4.269587e-04	38762970.000000	0.000000e+00
1.837968e+01	2.656854e+00	4.269872e-04	38717350.000000	0.000000e+00
1.838167e+01	2.657088e+00	4.273723e-04	38654406.000000	0.000000e+00
1.838367e+01	2.657119e+00	4.277258e-04	38591458.000000	0.000000e+00
1.838566e+01	2.656895e+00	4.279613e-04	38542506.000000	0.000000e+00
1.838766e+01	2.656861e+00	4.282705e-04	38485870.000000	0.000000e+00
1.838965e+01	2.658846e+00	4.288486e-04	38439562.000000	0.000000e+00
1.839165e+01	2.657495e+00	4.290451e-04	38365338.000000	0.000000e+00
1.839364e+01	2.658068e+00	4.294121e-04	38316307.000000	0.000000e+00
1.839564e+01	2.657751e+00	4.296360e-04	38267262.000000	0.000000e+00
1.839763e+01	2.657020e+00	4.298648e-04	38205508.000000	0.000000e+00
1.839962e+01	2.658320e+00	4.304100e-04	38146078.000000	0.000000e+00
1.840162e+01	2.658401e+00	4.306711e-04	38102154.000000	0.000000e+00
1.840361e+01	2.658052e+00	4.309814e-04	38037310.000000	0.000000e+00
1.840561e+01	2.658876e+00	4.314231e-04	37983018.000000	0.000000e+00
1.840760e+01	2.659260e+00	4.318448e-04	37919827.000000	0.000000e+00
1.840960e+01	2.658466e+00	4.319372e-04	37880958.000000	0.000000e+00
1.841159e+01	2.659045e+00	4.324261e-04	37811818.000000	0.000000e+00
1.841359e+01	2.658866e+00	4.326312e-04	37770898.000000	0.000000e+00
1.841558e+01	2.659038e+00	4.330864e-04	37696410.000000	0.000000e+00
1.841758e+01	2.659171e+00	4.332965e-04	37663618.000000	0.000000e+00
1.841957e+01	2.660859e+00	4.339754e-04	37593567.000000	0.000000e+00
1.842157e+01	2.659703e+00	4.340822e-04	37542442.000000	0.000000e+00
1.842356e+01	2.660291e+00	4.344972e-04	37487334.000000	0.000000e+00
1.842556e+01	2.659287e+00	4.346283e-04	37436434.000000	0.000000e+00
1.842755e+01	2.658716e+00	4.348686e-04	37379023.000000	0.000000e+00
1.842954e+01	2.660097e+00	4.354594e-04	37316382.000000	0.000000e+00
1.843154e+01	2.660240e+00	4.357344e-04	37273306.000000	0.000000e+00
1.843353e+01	2.660326e+00	4.361175e-04	37210242.000000	0.000000e+00
1.843553e+01	2.660158e+00	4.363869e-04	37159642.000000	0.000000e+00
1.843752e+01	2.660477e+00	4.368092e-04	37096707.000000	0.000000e+00
1.843952e+01	2.661217e+00	4.371295e-04	37062982.000000	0.000000e+00
1.844151e+01	2.661818e+00	4.376161e-04	36997318.000000	0.000000e+00
1.844351e+01	2.661211e+00	4.378800e-04	36935874.000000	0.000000e+00
1.844550e+01	2.661190e+00	4.381421e-04	36891127.000000	0.000000e+00
1.844750e+01	2.661774e+00	4.385468e-04	36839238.000000	0.000000e+00
1.844949e+01	2.661428e+00	4.388835e-04	36773146.000000	0.000000e+00
1.845149e+01	2.662250e+00	4.393069e-04	36724975.000000	0.000000e+00
1.845348e+01	2.662002e+00	4.395479e-04	36677886.000000	0.000000e+00
1.845547e+01	2.661757e+00	4.398704e-04	36617374.000000	0.000000e+00
1.845747e+01	2.660921e+00	4.400682e-04	36561492.000000	0.000000e+00
1.845946e+01	2.663526e+00	4.408021e-04	36511243.000000	0.000000e+00
1.846146e+01	2.662314e+00	4.409333e-04	36456318.000000	0.000000e+00
1.846345e+01	2.661381e+00	4.410890e-04	36405058.000000	0.000000e+00
1.846545e+01	2.662769e+00	4.416503e-04	36350467.000000	0.000000e+00
1.846744e+01	2.662459e+00	4.419755e-04	36288546.000000	0.000000e+00
1.846944e+01	2.663267e+00	4.423805e-04	36244114.000000	0.000000e+00
1.847143e+01	2.662552e+00	4.425857e-04	36191091.000000	0.000000e+00
1.847343e+01	2.663788e+00	4.431151e-04	36138166.000000	0.000000e+00
1.847542e+01	2.663052e+00	4.433353e-04	36082326.000000	0.000000e+00
1.847742e+01	2.663680e+00	4.437175e-04	36037195.000000	0.000000e+00
1.847941e+01	2.663446e+00	4.440603e-04	35975266.000000	0.000000e+00
1.848140e+01	2.664551e+00	4.446377e-04	35911674.000000	0.000000e+00
1.848340e+01	2.663970e+00	4.447344e-04	35880391.000000	0.000000e+00
1.848539e+01	2.664153e+00	4.451354e-04	35820714.000000	0.000000e+00
1.848739e+01	2.665020e+00	4.456402e-04	35762875.000000	0.000000e+00
1.848938e+01	2.664207e+00	4.458687e-04	35704422.000000	0.000000e+00
1.849138e+01	2.664706e+00	4.461726e-04	35669170.000000	0.000000e+00
1.849337e+01	2.665303e+00	4.466988e-04	35601103.000000	0.000000e+00
1.849537e+01	2.664842e+00	4.469034e-04	35556234.000000	0.000000e+00
1.849736e+01	2.664593e+00	4.471892e-04	35504158.000000	0.000000e+00
1.849936e+01	2.665257e+00	4.476101e-04	35455071.000000	0.000000e+00
1.850135e+01	2.665690e+00	4.481037e-04	35388514.000000	0.000000e+00
1.850335e+01	2.666443e+00	4.484899e-04	35347531.000000	0.000000e+00
1.850534e+01	2.665603e+00	4.486988e-04	35292402.000000	0.000000e+00
1.850734e+01	2.665799e+00	4.490758e-04	35238346.000000	0.000000e+00
1.850933e+01	2.665869e+00	4.493882e-04	35191215.000000	0.000000e+00
1.851132e+01	2.666736e+00	4.498944e-04	35134906.000000	0.000000e+00
1.851332e+01	2.666689e+00	4.501928e-04	35087121.000000	0.000000e+00
1.851531e+01	2.667066e+00	4.505947e-04	35034454.000000	0.000000e+00
1.851731e+01	2.667368e+00	4.510286e-04	34975003.000000	0.000000e+00
1.851930e+01	2.667460e+00	4.513732e-04	34924038.000000	0.000000e+00
1.852130e+01	2.667405e+00	4.516173e-04	34884859.000000	0.000000e+00
1.852329e+01	2.667770e+00	4.520364e-04	34829718.000000	0.000000e+00
1.852529e+01	2.668406e+00	4.525693e-04	34764322.000000	0.000000e+00
1.852728e+01	2.667604e+00	4.527248e-04	34719555.000000	0.000000e+00
1.852928e+01	2.667775e+00	4.530361e-04	34676314.000000	0.000000e+00
1.853127e+01	2.668976e+00	4.536413e-04	34614979.000000	0.000000e+00
1.853327e+01	2.668763e+00	4.539445e-04	34563246.000000	0.000000e+00
1.853526e+01	2.668389e+00	4.541475e-04	34522687.000000	0.000000e+00
1.853726e+01	2.667704e+00	4.543736e-04	34470630.000000	0.000000e+00
1.853925e+01	2.669004e+00	4.550016e-04	34409059.000000	0.000000e+00
1.854124e+01	2.669836e+00	4.554927e-04	34356298.000000	0.000000e+00
1.854324e+01	2.668676e+00	4.555373e-04	34319715.000000	0.000000e+00
1.854523e+01	2.669411e+00	4.560820e-04	34256662.000000	0.000000e+00
1.854723e+01	2.669829e+00	4.564774e-04	34208055.000000	0.000000e+00
1.854922e+01	2.669809e+00	4.568213e-04	34156054.000000	0.000000e+00
1.855122e+01	2.670604e+00	4.572790e-04	34108035.000000	0.000000e+00
1.855321e+01	2.670118e+00	4.575330e-04	34057750.000000	0.000000e+00
1.855521e+01	2.670892e+00	4.580401e-04	34002091.000000	0.000000e+00
1.855720e+01	2.670926e+00	4.583573e-04	33955914.000000	0.000000e+00
1.855920e+01	2.670510e+00	4.585992e-04	33909523.000000	0.000000e+00
1.856119e+01	2.672201e+00	4.592337e-04	33858726.000000	0.000000e+00
1.856319e+01	2.671812e+00	4.596042e-04	33794335.000000	0.000000e+00
1.856518e+01	2.670881e+00	4.597153e-04	33754461.000000	0.000000e+00
1.856717e+01	2.671475e+00	4.601461e-04	33706258.000000	0.000000e+00
1.856917e+01	2.671973e+00	4.605482e-04	33659995.000000	0.000000e+00
1.857116e+01	2.671667e+00	4.610274e-04	33582366.000000	0.000000e+00
1.857316e+01	2.672493e+00	4.613167e-04	33561007.000000	0.000000e+00
1.857515e+01	2.672421e+00	4.617121e-04	33501726.000000	0.000000e+00
1.857715e+01	2.673642e+00	4.622777e-04	33450355.000000	0.000000e+00
1.857914e+01	2.673450e+00	4.626057e-04	33398142.000000	0.000000e+00
1.858114e+01	2.672468e+00	4.627603e-04	33351307.000000	0.000000e+00
1.858313e+01	2.673641e+00	4.632927e-04	33303907.000000	0.000000e+00
1.858513e+01	2.674549e+00	4.638586e-04	33245262.000000	0.000000e+00
1.858712e+01	2.673595e+00	4.639786e-04	33204379.000000	0.000000e+00
1.858912e+01	2.674784e+00	4.644966e-04	33159834.000000	0.000000e+00
1.859111e+01	2.674430e+00	4.648774e-04	33096763.000000	0.000000e+00
1.859311e+01	2.674812e+00	4.652941e-04	33046939.000000	0.000000e+00
1.859510e+01	2.675412e+00	4.656651e-04	33009114.000000	0.000000e+00
1.859709e+01	2.674918e+00	4.659503e-04	32956555.000000	0.000000e+00
1.859909e+01	2.675501e+00	4.664596e-04	32898954.000000	0.000000e+00
1.860108e+01	2.676008e+00	4.668803e-04	32852155.000000	0.000000e+00
1.860308e+01	2.675409e+00	4.670466e-04	32814051.000000	0.000000e+00
1.860507e+01	2.676230e+00	4.676659e-04	32747302.000000	0.000000e+00
1.860707e+01	2.676182e+00	4.679230e-04	32710147.000000	0.000000e+00
1.860906e+01	2.676152e+00	4.683155e-04	32654622.000000	0.000000e+00
1.861106e+01	2.676997e+00	4.687812e-04	32610343.000000	0.000000e+00
1.861305e+01	2.676502e+00	4.690387e-04	32562519.000000	0.000000e+00
1.861505e+01	2.677932e+00	4.697170e-04	32503228.000000	0.000000e+00
1.861704e+01	2.677641e+00	4.700054e-04	32456307.000000	0.000000e+00
1.861904e+01	2.677948e+00	4.702927e-04	32424079.000000	0.000000e+00
1.862103e+01	2.678940e+00	4.709225e-04	32361394.000000	0.000000e+00
1.862303e+01	2.678226e+00	4.711761e-04	32309331.000000	0.000000e+00
1.862502e+01	2.678052e+00	4.714923e-04	32261815.000000	0.000000e+00
1.862701e+01	2.678685e+00	4.718527e-04	32227770.000000	0.000000e+00
1.862901e+01	2.678829e+00	4.723749e-04	32160031.000000	0.000000e+00
1.863100e+01	2.680303e+00	4.729717e-04	32114223.000000	0.000000e+00
1.863300e+01	2.679851e+00	4.731395e-04	32080630.000000	0.000000e+00
1.863499e+01	2.679682e+00	4.735363e-04	32022847.000000	0.000000e+00
1.863699e+01	2.680241e+00	4.740525e-04	31966479.000000	0.000000e+00
1.863898e+01	2.680351e+00	4.743631e-04	31927246.000000	0.000000e+00
1.864098e+01	2.680191e+00	4.746341e-04	31886991.000000	0.000000e+00
1.864297e+01	2.681024e+00	4.752443e-04	31824943.000000	0.000000e+00
1.864497e+01	2.680886e+00	4.756107e-04	31772638.000000	0.000000e+00
1.864696e+01	2.680575e+00	4.757839e-04	31742163.000000	0.000000e+00
1.864896e+01	2.680379e+00	4.761931e-04	31682995.000000	0.000000e+00
1.865095e+01	2.682314e+00	4.769258e-04	31631343.000000	0.000000e+00
1.865294e+01	2.682338e+00	4.772053e-04	31594870.000000	0.000000e+00
1.865494e+01	2.682105e+00	4.775697e-04	31541187.000000	0.000000e+00
1.865693e+01	2.683235e+00	4.780795e-04	31500487.000000	0.000000e+00
1.865893e+01	2.683569e+00	4.785651e-04	31444414.000000	0.000000e+00
1.866092e+01	2.681953e+00	4.787175e-04	31386561.000000	0.000000e+00
1.866292e+01	2.682404e+00	4.790274e-04	31356511.000000	0.000000e+00
1.866491e+01	2.683132e+00	4.795519e-04	31304931.000000	0.000000e+00
1.866691e+01	2.684229e+00	4.801226e-04	31256098.000000	0.000000e+00
1.866890e+01	2.684408e+00	4.806158e-04	31196151.000000	0.000000e+00
1.867090e+01	2.684793e+00	4.808454e-04	31175299.000000	0.000000e+00
1.867289e+01	2.684372e+00	4.813225e-04	31103782.000000	0.000000e+00
1.867489e+01	2.684144e+00	4.816175e-04	31060407.000000	0.000000e+00
1.867688e+01	2.685132e+00	4.820850e-04	31023007.000000	0.000000e+00
1.867888e+01	2.686025e+00	4.826177e-04	30975171.000000	0.000000e+00
1.868087e+01	2.685795e+00	4.830406e-04	30915646.000000	0.000000e+00
1.868286e+01	2.685792e+00	4.834291e-04	30865915.000000	0.000000e+00
1.868486e+01	2.686194e+00	4.836795e-04	30843207.000000	0.000000e+00
1.868685e+01	2.686078e+00	4.841372e-04	30782251.000000	0.000000e+00
1.868885e+01	2.686949e+00	4.846836e-04	30732819.000000	0.000000e+00
1.869084e+01	2.686924e+00	4.850467e-04	30686242.000000	0.000000e+00
1.869284e+01	2.686992e+00	4.853921e-04	30644127.000000	0.000000e+00
1.869483e+01	2.687329e+00	4.858839e-04	30589795.000000	0.000000e+00
1.869683e+01	2.687766e+00	4.862675e-04	30551479.000000	0.000000e+00
1.869882e+01	2.688105e+00	4.867806e-04	30494814.000000	0.000000e+00
1.870082e+01	2.688423e+00	4.871421e-04	30456775.000000	0.000000e+00
1.870281e+01	2.689513e+00	4.877017e-04	30411567.000000	0.000000e+00
1.870481e+01	2.689198e+00	4.881097e-04	30353635.000000	0.000000e+00
1.870680e+01	2.689030e+00	4.883852e-04	30315621.000000	0.000000e+00
1.870879e+01	2.689743e+00	4.888592e-04	30272902.000000	0.000000e+00
1.871079e+01	2.689819e+00	4.893070e-04	30219223.000000	0.000000e+00
1.871278e+01	2.691109e+00	4.899681e-04	30166635.000000	0.000000e+00
1.871478e+01	2.691110e+00	4.902306e-04	30134359.000000	0.000000e+00
1.871677e+01	2.691220e+00	4.906509e-04	30085227.000000	0.000000e+00
1.871877e+01	2.691275e+00	4.910973e-04	30031786.000000	0.000000e+00
1.872076e+01	2.690738e+00	4.913690e-04	29986599.000000	0.000000e+00
1.872276e+01	2.691565e+00	4.918012e-04	29952331.000000	0.000000e+00
1.872475e+01	2.692345e+00	4.923879e-04	29898319.000000	0.000000e+00
1.872675e+01	2.692249e+00	4.928196e-04	29843823.000000	0.000000e+00
1.872874e+01	2.693096e+00	4.932508e-04	29810407.000000	0.000000e+00
1.873074e+01	2.692339e+00	4.935091e-04	29762490.000000	0.000000e+00
1.873273e+01	2.693478e+00	4.941110e-04	29715151.000000	0.000000e+00
1.873473e+01	2.692559e+00	4.943877e-04	29661643.000000	0.000000e+00
1.873672e+01	2.694012e+00	4.949355e-04	29627979.000000	0.000000e+00
1.873871e+01	2.693888e+00	4.953985e-04	29569879.000000	0.000000e+00
1.874071e+01	2.695022e+00	4.959471e-04	29529351.000000	0.000000e+00
1.874270e+01	2.695698e+00	4.964273e-04	29487034.000000	0.000000e+00
1.874470e+01	2.694635e+00	4.966191e-04	29441031.000000	0.000000e+00
1.874669e+01	2.696156e+00	4.972400e-04	29400727.000000	0.000000e+00
1.874869e+01	2.695946e+00	4.977156e-04	29339989.000000	0.000000e+00
1.875068e+01	2.695972e+00	4.980231e-04	29304339.000000	0.000000e+00
1.875268e+01	2.696553e+00	4.984943e-04	29261551.000000	0.000000e+00
1.875467e+01	2.696977e+00	4.989195e-04	29220891.000000	0.000000e+00
1.875667e+01	2.697451e+00	4.995835e-04	29153515.000000	0.000000e+00
1.875866e+01	2.696923e+00	4.997122e-04	29127102.000000	0.000000e+00
1.876066e+01	2.697690e+00	5.002494e-04	29081107.000000	0.000000e+00
1.876265e+01	2.698008e+00	5.007249e-04	29032759.000000	0.000000e+00
1.876464e+01	2.697354e+00	5.010612e-04	28979727.000000	0.000000e+00
1.876664e+01	2.698855e+00	5.015957e-04	28950187.000000	0.000000e+00
1.876863e+01	2.699148e+00	5.020922e-04	28899255.000000	0.000000e+00
1.877063e+01	2.699403e+00	5.026154e-04	28844563.000000	0.000000e+00
1.877262e+01	2.701029e+00	5.032394e-04	28807731.000000	0.000000e+00
1.877462e+01	2.699329e+00	5.032521e-04	28770031.000000	0.000000e+00
1.877661e+01	2.699881e+00	5.038048e-04	28718698.000000	0.000000e+00
1.877861e+01	2.700432e+00	5.043860e-04	28664247.000000	0.000000e+00
1.878060e+01	2.700644e+00	5.046893e-04	28634287.000000	0.000000e+00
1.878260e+01	2.700678e+00	5.050715e-04	28591695.000000	0.000000e+00
1.878459e+01	2.700906e+00	5.056476e-04	28531399.000000	0.000000e+00
1.878659e+01	2.702347e+00	5.062287e-04	28496323.000000	0.000000e+00
1.878858e+01	2.702190e+00	5.066122e-04	28449891.000000	0.000000e+00
1.879058e+01	2.701737e+00	5.068516e-04	28413493.000000	0.000000e+00
1.879257e+01	2.703390e+00	5.076466e-04	28359231.000000	0.000000e+00
1.879456e+01	2.703969e+00	5.081714e-04	28312807.000000	0.000000e+00
1.879656e+01	2.703942e+00	5.084451e-04	28281771.000000	0.000000e+00
1.879855e+01	2.703462e+00	5.088516e-04	28226575.000000	0.000000e+00
1.880055e+01	2.704311e+00	5.093690e-04	28186954.000000	0.000000e+00
1.880254e+01	2.704853e+00	5.099251e-04	28136799.000000	0.000000e+00
1.880454e+01	2.704979e+00	5.102698e-04	28101415.000000	0.000000e+00
1.880653e+01	2.705320e+00	5.107581e-04	28054767.000000	0.000000e+00
1.880853e+01	2.705381e+00	5.112621e-04	28000747.000000	0.000000e+00
1.881052e+01	2.706689e+00	5.117845e-04	27970659.000000	0.000000e+00
1.881252e+01	2.707063e+00	5.122305e-04	27929683.000000	0.000000e+00
1.881451e+01	2.707167e+00	5.127476e-04	27875515.000000	0.000000e+00
1.881651e+01	2.707487e+00	5.132829e-04	27823983.000000	0.000000e+00
1.881850e+01	2.707557e+00	5.135874e-04	27792427.000000	0.000000e+00
1.882050e+01	2.707169e+00	5.138658e-04	27754359.000000	0.000000e+00
1.882249e+01	2.708652e+00	5.146583e-04	27699271.000000	0.000000e+00
1.882448e+01	2.708178e+00	5.149720e-04	27655851.000000	0.000000e+00
1.882648e+01	2.708414e+00	5.153213e-04	27623203.000000	0.000000e+00
1.882847e+01	2.709341e+00	5.159840e-04	27571159.000000	0.000000e+00
1.883047e+01	2.708599e+00	5.162603e-04	27526557.000000	0.000000e+00
1.883246e+01	2.709403e+00	5.167749e-04	27488071.000000	0.000000e+00
1.883446e+01	2.709921e+00	5.172543e-04	27447639.000000	0.000000e+00
1.883645e+01	2.710959e+00	5.179602e-04	27393859.000000	0.000000e+00
1.883845e+01	2.710859e+00	5.182866e-04	27357331.000000	0.000000e+00
1.884044e+01	2.711672e+00	5.188204e-04	27317451.000000	0.000000e+00
1.884244e+01	2.711065e+00	5.191857e-04	27266815.000000	0.000000e+00
1.884443e+01	2.712874e+00	5.198570e-04	27232755.000000	0.000000e+00
1.884643e+01	2.711977e+00	5.202309e-04	27175639.000000	0.000000e+00
1.884842e+01	2.712942e+00	5.207388e-04	27141963.000000	0.000000e+00
1.885041e+01	2.712300e+00	5.209762e-04	27104407.000000	0.000000e+00
1.885241e+01	2.713515e+00	5.217068e-04	27052759.000000	0.000000e+00
1.885440e+01	2.714227e+00	5.223059e-04	27004899.000000	0.000000e+00
1.885640e+01	2.714186e+00	5.225493e-04	26978935.000000	0.000000e+00
1.885839e+01	2.714966e+00	5.232429e-04	26922915.000000	0.000000e+00
1.886039e+01	2.715111e+00	5.236382e-04	26885143.000000	0.000000e+00
1.886238e+01	2.715795e+00	5.242332e-04	26837667.000000	0.000000e+00
1.886438e+01	2.715043e+00	5.243871e-04	26807071.000000	0.000000e+00
1.886637e+01	2.715325e+00	5.249395e-04	26756239.000000	0.000000e+00
1.886837e+01	2.716507e+00	5.257149e-04	26700591.000000	0.000000e+00
1.887036e+01	2.717538e+00	5.261074e-04	26681029.000000	0.000000e+00
1.887236e+01	2.717324e+00	5.265535e-04	26631639.000000	0.000000e+00
1.887435e+01	2.718610e+00	5.272546e-04	26586007.000000	0.000000e+00
1.887634e+01	2.718354e+00	5.276979e-04	26536351.000000	0.000000e+00
1.887834e+01	2.718076e+00	5.279032e-04	26510295.000000	0.000000e+00
1.888033e+01	2.719233e+00	5.285757e-04	26465407.000000	0.000000e+00
1.888233e+01	2.719978e+00	5.292192e-04	26415543.000000	0.000000e+00
1.888432e+01	2.719769e+00	5.296304e-04	26370487.000000	0.000000e+00
1.888632e+01	2.720502e+00	5.300848e-04	26339499.000000	0.000000e+00
1.888831e+01	2.720937e+00	5.306747e-04	26289367.000000	0.000000e+00
1.889031e+01	2.720642e+00	5.310305e-04	26248471.000000	0.000000e+00
1.889230e+01	2.722436e+00	5.317780e-04	26209239.000000	0.000000e+00
1.889430e+01	2.721839e+00	5.321179e-04	26164303.000000	0.000000e+00
1.889629e+01	2.721497e+00	5.323688e-04	26133063.000000	0.000000e+00
1.889829e+01	2.722623e+00	5.331888e-04	26074315.000000	0.000000e+00
1.890028e+01	2.721676e+00	5.333769e-04	26037804.000000	0.000000e+00
1.890228e+01	2.724054e+00	5.341599e-04	26006923.000000	0.000000e+00
1.890427e+01	2.723529e+00	5.345903e-04	25955059.000000	0.000000e+00
1.890626e+01	2.724227e+00	5.352506e-04	25904325.000000	0.000000e+00
1.890826e+01	2.724565e+00	5.355404e-04	25882723.000000	0.000000e+00
1.891025e+01	2.725021e+00	5.360710e-04	25840155.000000	0.000000e+00
1.891225e+01	2.725914e+00	5.368607e-04	25781083.000000	0.000000e+00
1.891424e+01	2.725639e+00	5.371616e-04	25746999.000000	0.000000e+00
1.891624e+01	2.725667e+00	5.374386e-04	25720999.000000	0.000000e+00
1.891823e+01	2.726676e+00	5.382118e-04	25666135.000000	0.000000e+00
1.892023e+01	2.727183e+00	5.388083e-04	25618875.000000	0.000000e+00
1.892222e+01	2.726912e+00	5.390941e-04	25586623.000000	0.000000e+00
1.892422e+01	2.728409e+00	5.397622e-04	25551363.000000	0.000000e+00
1.892621e+01	2.728253e+00	5.403228e-04	25495444.000000	0.000000e+00
1.892821e+01	2.728531e+00	5.407930e-04	25456327.000000	0.000000e+00
1.893020e+01	2.729824e+00	5.413664e-04	25426515.000000	0.000000e+00
1.893220e+01	2.728862e+00	5.416901e-04	25378243.000000	0.000000e+00
1.893419e+01	2.731237e+00	5.425657e-04	25340439.000000	0.000000e+00
1.893618e+01	2.731370e+00	5.430892e-04	25294075.000000	0.000000e+00
1.893818e+01	2.730059e+00	5.431972e-04	25259751.000000	0.000000e+00
1.894017e+01	2.731273e+00	5.438745e-04	25219291.000000	0.000000e+00
1.894217e+01	2.731235e+00	5.443921e-04	25170655.000000	0.000000e+00
1.894416e+01	2.732638e+00	5.451107e-04	25130145.000000	0.000000e+00
1.894616e+01	2.732536e+00	5.454534e-04	25096684.000000	0.000000e+00
1.894815e+01	2.732790e+00	5.458802e-04	25062123.000000	0.000000e+00
1.895015e+01	2.733489e+00	5.466971e-04	25000063.000000	0.000000e+00
1.895214e+01	2.732718e+00	5.468884e-04	24968487.000000	0.000000e+00
1.895414e+01	2.733728e+00	5.473324e-04	24946423.000000	0.000000e+00
1.895613e+01	2.734570e+00	5.481725e-04	24885343.000000	0.000000e+00
1.895813e+01	2.734931e+00	5.487294e-04	24841407.000000	0.000000e+00
1.896012e+01	2.736417e+00	5.492170e-04	24824287.000000	0.000000e+00
1.896212e+01	2.736169e+00	5.498082e-04	24766428.000000	0.000000e+00
1.896411e+01	2.737497e+00	5.505301e-04	24725503.000000	0.000000e+00
1.896610e+01	2.737584e+00	5.510222e-04	24682935.000000	0.000000e+00
1.896810e+01	2.738255e+00	5.514209e-04	24659323.000000	0.000000e+00
1.897009e+01	2.738670e+00	5.520492e-04	24610699.000000	0.000000e+00
1.897209e+01	2.738685e+00	5.526370e-04	24558627.000000	0.000000e+00
1.897408e+01	2.739029e+00	5.529728e-04	24534979.000000	0.000000e+00
1.897608e+01	2.739185e+00	5.534763e-04	24493152.000000	0.000000e+00
1.897807e+01	2.739196e+00	5.540040e-04	24446707.000000	0.000000e+00
1.898007e+01	2.740255e+00	5.546930e-04	24404869.000000	0.000000e+00
1.898206e+01	2.739917e+00	5.549935e-04	24372435.000000	0.000000e+00
1.898406e+01	2.741170e+00	5.557427e-04	24328999.000000	0.000000e+00
1.898605e+01	2.742573e+00	5.564778e-04	24289611.000000	0.000000e+00
1.898805e+01	2.741868e+00	5.569047e-04	24239920.000000	0.000000e+00
1.899004e+01	2.741639e+00	5.570910e-04	24219663.000000	0.000000e+00
1.899203e+01	2.742971e+00	5.579124e-04	24171883.000000	0.000000e+00
1.899403e+01	2.743660e+00	5.585797e-04	24126283.000000	0.000000e+00
1.899602e+01	2.744399e+00	5.591907e-04	24086559.000000	0.000000e+00
1.899802e+01	2.743932e+00	5.594002e-04	24060331.000000	0.000000e+00
1.900001e+01	2.744715e+00	5.601236e-04	24011916.000000	0.000000e+00
1.900201e+01	2.745026e+00	5.606962e-04	23968327.000000	0.000000e+00
1.900400e+01	2.744624e+00	5.610169e-04	23933919.000000	0.000000e+00
1.900600e+01	2.745603e+00	5.615843e-04	23902627.000000	0.000000e+00
1.900799e+01	2.746066e+00	5.622680e-04	23852575.000000	0.000000e+00
1.900999e+01	2.746248e+00	5.628116e-04	23809683.000000	0.000000e+00
1.901198e+01	2.747341e+00	5.633591e-04	23782336.000000	0.000000e+00
1.901398e+01	2.747909e+00	5.639837e-04	23739501.000000	0.000000e+00
1.901597e+01	2.749037e+00	5.647869e-04	23691463.000000	0.000000e+00
1.901796e+01	2.748905e+00	5.652241e-04	23652555.000000	0.000000e+00
1.901996e+01	2.749324e+00	5.655682e-04	23630983.000000	0.000000e+00
1.902195e+01	2.750332e+00	5.663690e-04	23581492.000000	0.000000e+00
1.902395e+01	2.750651e+00	5.669704e-04	23536947.000000	0.000000e+00
1.902594e+01	2.750260e+00	5.673452e-04	23499175.000000	0.000000e+00
1.902794e+01	2.750823e+00	5.676871e-04	23480499.000000	0.000000e+00
1.902993e+01	2.752123e+00	5.687471e-04	23415175.000000	0.000000e+00
1.903193e+01	2.752803e+00	5.692719e-04	23383564.000000	0.000000e+00
1.903392e+01	2.752255e+00	5.695362e-04	23352567.000000	0.000000e+00
1.903592e+01	2.752488e+00	5.701530e-04	23306011.000000	0.000000e+00
1.903791e+01	2.754225e+00	5.708971e-04	23274651.000000	0.000000e+00
1.903991e+01	2.754385e+00	5.714869e-04	23229343.000000	0.000000e+00
1.904190e+01	2.753473e+00	5.717290e-04	23194296.000000	0.000000e+00
1.904390e+01	2.755086e+00	5.725365e-04	23156023.000000	0.000000e+00
1.904589e+01	2.756684e+00	5.733939e-04	23113603.000000	0.000000e+00
1.904788e+01	2.756593e+00	5.739088e-04	23070633.000000	0.000000e+00
1.904988e+01	2.756676e+00	5.742322e-04	23046040.000000	0.000000e+00
1.905187e+01	2.758274e+00	5.750597e-04	23006415.000000	0.000000e+00
1.905387e+01	2.758111e+00	5.756247e-04	22958563.000000	0.000000e+00
1.905586e+01	2.758309e+00	5.761344e-04	22921251.000000	0.000000e+00
1.905786e+01	2.758944e+00	5.765720e-04	22897003.000000	0.000000e+00
1.905985e+01	2.759372e+00	5.773011e-04	22846300.000000	0.000000e+00
1.906185e+01	2.759265e+00	5.778526e-04	22800939.000000	0.000000e+00
1.906384e+01	2.760520e+00	5.783827e-04	22779871.000000	0.000000e+00
1.906584e+01	2.760423e+00	5.788714e-04	22739823.000000	0.000000e+00
1.906783e+01	2.761378e+00	5.797173e-04	22689208.000000	0.000000e+00
1.906983e+01	2.762335e+00	5.803868e-04	22652587.000000	0.000000e+00
1.907182e+01	2.761855e+00	5.806209e-04	22626447.000000	0.000000e+00
1.907382e+01	2.761926e+00	5.811795e-04	22584139.000000	0.000000e+00
1.907581e+01	2.763992e+00	5.821683e-04	22541172.000000	0.000000e+00
1.907780e+01	2.764364e+00	5.826999e-04	22506127.000000	0.000000e+00
1.907980e+01	2.763719e+00	5.830110e-04	22471623.000000	0.000000e+00
1.908179e+01	2.765288e+00	5.838916e-04	22429321.000000	0.000000e+00
1.908379e+01	2.766506e+00	5.846124e-04	22393768.000000	0.000000e+00
1.908578e+01	2.765214e+00	5.848670e-04	22353387.000000	0.000000e+00
1.908778e+01	2.766369e+00	5.855298e-04	22321435.000000	0.000000e+00
1.908977e+01	2.767973e+00	5.863606e-04	22284051.000000	0.000000e+00
1.909177e+01	2.768225e+00	5.870006e-04	22239532.000000	0.000000e+00
1.909376e+01	2.767426e+00	5.872715e-04	22206195.000000	0.000000e+00
1.909576e+01	2.768000e+00	5.878787e-04	22169551.000000	0.000000e+00
1.909775e+01	2.768284e+00	5.884588e-04	22130395.000000	0.000000e+00
1.909975e+01	2.769695e+00	5.894258e-04	22080336.000000	0.000000e+00
1.910174e+01	2.770797e+00	5.897981e-04	22070011.000000	0.000000e+00
1.910374e+01	2.769496e+00	5.901315e-04	22024383.000000	0.000000e+00
1.910573e+01	2.771067e+00	5.911214e-04	21975604.000000	0.000000e+00
1.910772e+01	2.771917e+00	5.917879e-04	21939579.000000	0.000000e+00
1.910972e+01	2.772508e+00	5.922084e-04	21917779.000000	0.000000e+00
1.911171e+01	2.773047e+00	5.929723e-04	21869839.000000	0.000000e+00
1.911371e+01	2.773727e+00	5.937020e-04	21826812.000000	0.000000e+00
1.911570e+01	2.774625e+00	5.942381e-04	21801553.000000	0.000000e+00
1.911770e+01	2.775773e+00	5.950438e-04	21760563.000000	0.000000e+00
1.911969e+01	2.774841e+00	5.953779e-04	21721540.000000	0.000000e+00
1.912169e+01	2.775123e+00	5.959804e-04	21682063.000000	0.000000e+00
1.912368e+01	2.776531e+00	5.966571e-04	21654867.000000	0.000000e+00
1.912568e+01	2.777264e+00	5.974242e-04	21610699.000000	0.000000e+00
1.912767e+01	2.777436e+00	5.979512e-04	21575280.000000	0.000000e+00
1.912967e+01	2.777688e+00	5.986050e-04	21532087.000000	0.000000e+00
1.913166e+01	2.777534e+00	5.989092e-04	21507843.000000	0.000000e+00
1.913365e+01	2.778575e+00	5.996667e-04	21469624.000000	0.000000e+00
1.913565e+01	2.779860e+00	6.005322e-04	21427591.000000	0.000000e+00
1.913764e+01	2.780447e+00	6.012084e-04	21388443.000000	0.000000e+00
1.913964e+01	2.781290e+00	6.018507e-04	21355756.000000	0.000000e+00
1.914163e+01	2.781254e+00	6.022785e-04	21324879.000000	0.000000e+00
1.914363e+01	2.782001e+00	6.031564e-04	21274267.000000	0.000000e+00
1.914562e+01	2.782215e+00	6.035527e-04	21249603.000000	0.000000e+00
1.914762e+01	2.783595e+00	6.042514e-04	21221530.000000	0.000000e+00
1.914961e+01	2.783514e+00	6.050171e-04	21166615.000000	0.000000e+00
1.915161e+01	2.784220e+00	6.056823e-04	21130863.000000	0.000000e+00
1.915360e+01	2.785457e+00	6.062540e-04	21109780.000000	0.000000e+00
1.915560e+01	2.785597e+00	6.068793e-04	21068415.000000	0.000000e+00
1.915759e+01	2.785246e+00	6.074796e-04	21021499.000000	0.000000e+00
1.915958e+01	2.786413e+00	6.082301e-04	20987232.000000	0.000000e+00
1.916158e+01	2.787171e+00	6.086866e-04	20967163.000000	0.000000e+00
1.916357e+01	2.786894e+00	6.093593e-04	20916751.000000	0.000000e+00
1.916557e+01	2.789488e+00	6.104010e-04	20884236.000000	0.000000e+00
1.916756e+01	2.788441e+00	6.106479e-04	20851687.000000	0.000000e+00
1.916956e+01	2.789210e+00	6.113266e-04	20816895.000000	0.000000e+00
1.917155e+01	2.790750e+00	6.122774e-04	20775208.000000	0.000000e+00
1.917355e+01	2.790728e+00	6.128376e-04	20736919.000000	0.000000e+00
1.917554e+01	2.791942e+00	6.135170e-04	20709027.000000	0.000000e+00
1.917754e+01	2.791388e+00	6.139810e-04	20669530.000000	0.000000e+00
1.917953e+01	2.792400e+00	6.147258e-04	20634423.000000	0.000000e+00
1.918153e+01	2.792721e+00	6.153715e-04	20595883.000000	0.000000e+00
1.918352e+01	2.793647e+00	6.160315e-04	20565408.000000	0.000000e+00
1.918552e+01	2.793473e+00	6.165423e-04	20528779.000000	0.000000e+00
1.918751e+01	2.793929e+00	6.172026e-04	20491567.000000	0.000000e+00
1.918950e+01	2.794820e+00	6.180312e-04	20449692.000000	0.000000e+00
1.919150e+01	2.796456e+00	6.187166e-04	20428315.000000	0.000000e+00
1.919349e+01	2.796335e+00	6.193325e-04	20385939.000000	0.000000e+00
1.919549e+01	2.798273e+00	6.203981e-04	20344132.000000	0.000000e+00
1.919748e+01	2.797218e+00	6.205816e-04	20316771.000000	0.000000e+00
1.919948e+01	2.798196e+00	6.212586e-04	20286700.000000	0.000000e+00
1.920147e+01	2.799340e+00	6.221509e-04	20245099.000000	0.000000e+00
1.920347e+01	2.799829e+00	6.230105e-04	20196327.000000	0.000000e+00
1.920546e+01	2.800328e+00	6.233536e-04	20181292.000000	0.000000e+00
1.920746e+01	2.800184e+00	6.238976e-04	20144043.000000	0.000000e+00
1.920945e+01	2.802019e+00	6.250017e-04	20099245.000000	0.000000e+00
1.921145e+01	2.802004e+00	6.255098e-04	20066388.000000	0.000000e+00
1.921344e+01	2.801946e+00	6.259076e-04	20040067.000000	0.000000e+00
1.921544e+01	2.803744e+00	6.269627e-04	19998307.000000	0.000000e+00
1.921743e+01	2.803704e+00	6.275566e-04	19959912.000000	0.000000e+00
1.921942e+01	2.803674e+00	6.281203e-04	19923667.000000	0.000000e+00
1.922142e+01	2.805517e+00	6.288897e-04	19901088.000000	0.000000e+00
1.922341e+01	2.806160e+00	6.297315e-04	19857019.000000	0.000000e+00
1.922541e+01	2.805588e+00	6.301583e-04	19822051.000000	0.000000e+00
1.922740e+01	2.806756e+00	6.308947e-04	19792272.000000	0.000000e+00
1.922940e+01	2.807317e+00	6.315978e-04	19756123.000000	0.000000e+00
1.923139e+01	2.808372e+00	6.323968e-04	19721043.000000	0.000000e+00
1.923339e+01	2.809311e+00	6.332970e-04	19678180.000000	0.000000e+00
1.923538e+01	2.809273e+00	6.336008e-04	19658775.000000	0.000000e+00
1.923738e+01	2.809956e+00	6.343867e-04	19619632.000000	0.000000e+00
1.923937e+01	2.811156e+00	6.352836e-04	19580989.000000	0.000000e+00
1.924137e+01	2.810933e+00	6.359793e-04	19535067.000000	0.000000e+00
1.924336e+01	2.810669e+00	6.361445e-04	19521256.000000	0.000000e+00
1.924536e+01	2.813173e+00	6.373060e-04	19484847.000000	0.000000e+00
1.924735e+01	2.814114e+00	6.383030e-04	19437016.000000	0.000000e+00
1.924934e+01	2.814231e+00	6.388171e-04	19407363.000000	0.000000e+00
1.925134e+01	2.814828e+00	6.392932e-04	19386679.000000	0.000000e+00
1.925333e+01	2.815549e+00	6.403172e-04	19334620.000000	0.000000e+00
1.925533e+01	2.816195e+00	6.409813e-04	19303443.000000	0.000000e+00
1.925732e+01	2.816106e+00	6.414333e-04	19275028.000000	0.000000e+00
1.925932e+01	2.816995e+00	6.421496e-04	19244199.000000	0.000000e+00
1.926131e+01	2.818513e+00	6.431954e-04	19202347.000000	0.000000e+00
1.926331e+01	2.819099e+00	6.439807e-04	19163512.000000	0.000000e+00
1.926530e+01	2.820189e+00	6.444890e-04	19148079.000000	0.000000e+00
1.926730e+01	2.819555e+00	6.451533e-04	19100080.000000	0.000000e+00
1.926929e+01	2.819789e+00	6.457767e-04	19066389.000000	0.000000e+00
1.927128e+01	2.821770e+00	6.467944e-04	19033147.000000	0.000000e+00
1.927328e+01	2.821585e+00	6.472094e-04	19006260.000000	0.000000e+00
1.927527e+01	2.822019e+00	6.479456e-04	18968935.000000	0.000000e+00
1.927727e+01	2.822962e+00	6.487877e-04	18932368.000000	0.000000e+00
1.927926e+01	2.822842e+00	6.493440e-04	18898323.000000	0.000000e+00
1.928126e+01	2.823676e+00	6.500127e-04	18870616.000000	0.000000e+00
1.928325e+01	2.825487e+00	6.510744e-04	18833259.000000	0.000000e+00
1.928525e+01	2.825399e+00	6.517531e-04	18792883.000000	0.000000e+00
1.928724e+01	2.825884e+00	6.523003e-04	18767808.000000	0.000000e+00
1.928924e+01	2.826611e+00	6.530238e-04	18735883.000000	0.000000e+00
1.929123e+01	2.828529e+00	6.541191e-04	18698536.000000	0.000000e+00
1.929323e+01	2.828445e+00	6.549389e-04	18650655.000000	0.000000e+00
1.929522e+01	2.829852e+00	6.554288e-04	18641308.000000	0.000000e+00
1.929722e+01	2.829311e+00	6.559073e-04	18606999.000000	0.000000e+00
1.929921e+01	2.830858e+00	6.571748e-04	18555565.000000	0.000000e+00
1.930120e+01	2.832005e+00	6.579469e-04	18527052.000000	0.000000e+00
1.930320e+01	2.831050e+00	6.581061e-04	18505603.000000	0.000000e+00
1.930519e+01	2.831970e+00	6.589945e-04	18467740.000000	0.000000e+00
1.930719e+01	2.835003e+00	6.604593e-04	18425319.000000	0.000000e+00
1.930918e+01	2.832606e+00	6.603764e-04	18398788.000000	0.000000e+00
1.931118e+01	2.834193e+00	6.611974e-04	18373695.000000	0.000000e+00
1.931317e+01	2.834572e+00	6.621563e-04	18325420.000000	0.000000e+00
1.931517e+01	2.835441e+00	6.628137e-04	18300295.000000	0.000000e+00
1.931716e+01	2.837087e+00	6.637677e-04	18268923.000000	0.000000e+00
1.931916e+01	2.836053e+00	6.641792e-04	18232996.000000	0.000000e+00
1.932115e+01	2.837714e+00	6.651244e-04	18202515.000000	0.000000e+00
1.932315e+01	2.839017e+00	6.662474e-04	18157876.000000	0.000000e+00
1.932514e+01	2.839464e+00	6.666257e-04	18142983.000000	0.000000e+00
1.932714e+01	2.840658e+00	6.676527e-04	18102418.000000	0.000000e+00
1.932913e+01	2.840966e+00	6.683367e-04	18069307.000000	0.000000e+00
1.933112e+01	2.840136e+00	6.687915e-04	18034200.000000	0.000000e+00
1.933312e+01	2.842339e+00	6.699049e-04	18002191.000000	0.000000e+00
1.933511e+01	2.841938e+00	6.702386e-04	17979204.000000	0.000000e+00
1.933711e+01	2.843859e+00	6.716559e-04	17927611.000000	0.000000e+00
1.933910e+01	2.844163e+00	6.721066e-04	17907411.000000	0.000000e+00
1.934110e+01	2.845041e+00	6.728169e-04	17880652.000000	0.000000e+00
1.934309e+01	2.846887e+00	6.740123e-04	17840407.000000	0.000000e+00
1.934509e+01	2.847278e+00	6.749114e-04	17797788.000000	0.000000e+00
1.934708e+01	2.847843e+00	6.752854e-04	17785147.000000	0.000000e+00
1.934908e+01	2.847906e+00	6.760442e-04	17746020.000000	0.000000e+00
1.935107e+01	2.849435e+00	6.772258e-04	17703151.000000	0.000000e+00
1.935307e+01	2.850866e+00	6.780905e-04	17675772.000000	0.000000e+00
1.935506e+01	2.850406e+00	6.783906e-04	17654431.000000	0.000000e+00
1.935706e+01	2.850987e+00	6.793297e-04	17612842.000000	0.000000e+00
1.935905e+01	2.850841e+00	6.799846e-04	17577123.000000	0.000000e+00
1.936104e+01	2.852206e+00	6.807754e-04	17553112.000000	0.000000e+00
1.936304e+01	2.852603e+00	6.814921e-04	17521083.000000	0.000000e+00
1.936503e+01	2.854341e+00	6.826277e-04	17484124.000000	0.000000e+00
1.936703e+01	2.855127e+00	6.835224e-04	17447995.000000	0.000000e+00
1.936902e+01	2.855633e+00	6.840781e-04	17425824.000000	0.000000e+00
1.937102e+01	2.855788e+00	6.848244e-04	17389759.000000	0.000000e+00
1.937301e+01	2.856203e+00	6.855251e-04	17359272.000000	0.000000e+00
1.937501e+01	2.858396e+00	6.868561e-04	17318611.000000	0.000000e+00
1.937700e+01	2.856995e+00	6.869838e-04	17295216.000000	0.000000e+00
1.937900e+01	2.858779e+00	6.879683e-04	17267287.000000	0.000000e+00
1.938099e+01	2.859515e+00	6.888906e-04	17229952.000000	0.000000e+00
1.938299e+01	2.859270e+00	6.896799e-04	17187603.000000	0.000000e+00
1.938498e+01	2.860660e+00	6.902712e-04	17174854.000000	0.000000e+00
1.938698e+01	2.861256e+00	6.912193e-04	17134911.000000	0.000000e+00
1.938897e+01	2.863005e+00	6.923132e-04	17101684.000000	0.000000e+00
1.939096e+01	2.864951e+00	6.934290e-04	17069883.000000	0.000000e+00
1.939296e+01	2.863887e+00	6.936955e-04	17044096.000000	0.000000e+00
1.939495e+01	2.865495e+00	6.947326e-04	17012335.000000	0.000000e+00
1.939695e+01	2.866451e+00	6.959733e-04	16963044.000000	0.000000e+00
1.939894e+01	2.865809e+00	6.960239e-04	16952983.000000	0.000000e+00
1.940094e+01	2.866580e+00	6.969273e-04	16918164.000000	0.000000e+00
1.940293e+01	2.867116e+00	6.979953e-04	16872739.000000	0.000000e+00
1.940493e+01	2.869493e+00	6.990367e-04	16850400.000000	0.000000e+00
1.940692e+01	2.868215e+00	6.992311e-04	16826035.000000	0.000000e+00
1.940892e+01	2.871365e+00	7.007229e-04	16791292.000000	0.000000e+00
1.941091e+01	2.872151e+00	7.017279e-04	16752399.000000	0.000000e+00
1.941291e+01	2.869711e+00	7.017477e-04	16723006.000000	0.000000e+00
1.941490e+01	2.872917e+00	7.029864e-04	16701375.000000	0.000000e+00
1.941689e+01	2.873483e+00	7.040244e-04	16658728.000000	0.000000e+00
1.941889e+01	2.875292e+00	7.050198e-04	16632643.000000	0.000000e+00
1.942088e+01	2.874724e+00	7.055999e-04	16598748.000000	0.000000e+00
1.942288e+01	2.875578e+00	7.063177e-04	16574863.000000	0.000000e+00
1.942487e+01	2.875609e+00	7.070219e-04	16542228.000000	0.000000e+00
1.942687e+01	2.877323e+00	7.083911e-04	16497991.000000	0.000000e+00
1.942886e+01	2.878221e+00	7.089248e-04	16483440.000000	0.000000e+00
1.943086e+01	2.879751e+00	7.100153e-04	16450327.000000	0.000000e+00
1.943285e+01	2.879874e+00	7.108685e-04	16412260.000000	0.000000e+00
1.943485e+01	2.880610e+00	7.118037e-04	16377531.000000	0.000000e+00
1.943684e+01	2.881347e+00	7.122875e-04	16363660.000000	0.000000e+00
1.943884e+01	2.881907e+00	7.133073e-04	16323249.000000	0.000000e+00
1.944083e+01	2.882298e+00	7.142096e-04	16286452.000000	0.000000e+00
1.944282e+01	2.883019e+00	7.149918e-04	16258971.000000	0.000000e+00
1.944482e+01	2.884717e+00	7.158707e-04	16238176.000000	0.000000e+00
1.944681e+01	2.884572e+00	7.167223e-04	16197988.000000	0.000000e+00
1.944881e+01	2.886473e+00	7.179460e-04	16164099.000000	0.000000e+00
1.945080e+01	2.887168e+00	7.185437e-04	16144984.000000	0.000000e+00
1.945280e+01	2.887597e+00	7.193730e-04	16112571.000000	0.000000e+00
1.945479e+01	2.890177e+00	7.209008e-04	16073032.000000	0.000000e+00
1.945679e+01	2.888695e+00	7.211405e-04	16045879.000000	0.000000e+00
1.945878e+01	2.890948e+00	7.221984e-04	16023876.000000	0.000000e+00
1.946078e+01	2.889766e+00	7.226996e-04	15988579.000000	0.000000e+00
1.946277e+01	2.891362e+00	7.239233e-04	15952176.000000	0.000000e+00
1.946477e+01	2.893086e+00	7.249490e-04	15926035.000000	0.000000e+00
1.946676e+01	2.892759e+00	7.255557e-04	15895818.000000	0.000000e+00
1.946876e+01	2.894379e+00	7.265751e-04	15869008.000000	0.000000e+00
1.947075e+01	2.895751e+00	7.277758e-04	15831691.000000	0.000000e+00
1.947274e+01	2.896012e+00	7.284399e-04	15805680.000000	0.000000e+00
1.947474e+01	2.897238e+00	7.293554e-04	15779383.000000	0.000000e+00
1.947673e+01	2.897268e+00	7.300877e-04	15748068.000000	0.000000e+00
1.947873e+01	2.897819e+00	7.311649e-04	15707671.000000	0.000000e+00
1.948072e+01	2.898142e+00	7.317655e-04	15685392.000000	0.000000e+00
1.948272e+01	2.900239e+00	7.328791e-04	15660403.000000	0.000000e+00
1.948471e+01	2.901004e+00	7.338982e-04	15625180.000000	0.000000e+00
1.948671e+01	2.902357e+00	7.351662e-04	15585852.000000	0.000000e+00
1.948870e+01	2.902117e+00	7.353644e-04	15574879.000000	0.000000e+00
1.949070e+01	2.903300e+00	7.365740e-04	15536424.000000	0.000000e+00
1.949269e+01	2.903668e+00	7.374692e-04	15502657.000000	0.000000e+00
1.949469e+01	2.905386e+00	7.386827e-04	15470052.000000	0.000000e+00
1.949668e+01	2.905311e+00	7.390396e-04	15454315.000000	0.000000e+00
1.949868e+01	2.906514e+00	7.401774e-04	15419608.000000	0.000000e+00
1.950067e+01	2.907030e+00	7.412529e-04	15380352.000000	0.000000e+00
1.950266e+01	2.907203e+00	7.418023e-04	15359407.000000	0.000000e+00
1.950466e+01	2.909608e+00	7.430318e-04	15333948.000000	0.000000e+00
1.950665e+01	2.911158e+00	7.444117e-04	15293443.000000	0.000000e+00
1.950865e+01	2.910725e+00	7.450027e-04	15264640.000000	0.000000e+00
1.951064e+01	2.912474e+00	7.459608e-04	15243759.000000	0.000000e+00
1.951264e+01	2.913409e+00	7.470220e-04	15210244.000000	0.000000e+00
1.951463e+01	2.913083e+00	7.476281e-04	15182196.000000	0.000000e+00
1.951663e+01	2.914377e+00	7.489868e-04	15140599.000000	0.000000e+00
1.951862e+01	2.915327e+00	7.494776e-04	15130644.000000	0.000000e+00
1.952062e+01	2.915780e+00	7.504967e-04	15094261.000000	0.000000e+00
1.952261e+01	2.916362e+00	7.515169e-04	15059320.000000	0.000000e+00
1.952461e+01	2.917532e+00	7.525913e-04	15028407.000000	0.000000e+00
1.952660e+01	2.918255e+00	7.532180e-04	15010840.000000	0.000000e+00
1.952860e+01	2.918636e+00	7.541005e-04	14979636.000000	0.000000e+00
1.953059e+01	2.918827e+00	7.552664e-04	14935387.000000	0.000000e+00
1.953258e+01	2.922300e+00	7.565494e-04	14920212.000000	0.000000e+00
1.953458e+01	2.921904e+00	7.570759e-04	14895427.000000	0.000000e+00
1.953657e+01	2.923350e+00	7.584935e-04	14854492.000000	0.000000e+00
1.953857e+01	2.924024e+00	7.594785e-04	14822820.000000	0.000000e+00
1.954056e+01	2.926191e+00	7.603420e-04	14811103.000000	0.000000e+00
1.954256e+01	2.926036e+00	7.612497e-04	14774232.000000	0.000000e+00
1.954455e+01	2.926028e+00	7.621940e-04	14737567.000000	0.000000e+00
1.954655e+01	2.927413e+00	7.632855e-04	14709366.000000	0.000000e+00
1.954854e+01	2.927452e+00	7.636316e-04	14696428.000000	0.000000e+00
1.955054e+01	2.928580e+00	7.650291e-04	14654071.000000	0.000000e+00
1.955253e+01	2.931469e+00	7.665850e-04	14623452.000000	0.000000e+00
1.955453e+01	2.931177e+00	7.670673e-04	14602159.000000	0.000000e+00
1.955652e+01	2.931280e+00	7.678764e-04	14572428.000000	0.000000e+00
1.955851e+01	2.933152e+00	7.692361e-04	14539516.000000	0.000000e+00
1.956051e+01	2.934540e+00	7.704258e-04	14508367.000000	0.000000e+00
1.956250e+01	2.934188e+00	7.708798e-04	14487804.000000	0.000000e+00
1.956450e+01	2.934859e+00	7.718778e-04	14456971.000000	0.000000e+00
1.956649e+01	2.936886e+00	7.730993e-04	14431236.000000	0.000000e+00
1.956849e+01	2.937845e+00	7.743709e-04	14393272.000000	0.000000e+00
1.957048e+01	2.937372e+00	7.749037e-04	14368863.000000	0.000000e+00
1.957248e+01	2.939874e+00	7.760171e-04	14352082.000000	0.000000e+00
1.957447e+01	2.939713e+00	7.770796e-04	14311288.000000	0.000000e+00
1.957647e+01	2.940504e+00	7.782448e-04	14276151.000000	0.000000e+00
1.957846e+01	2.941828e+00	7.788960e-04	14265124.000000	0.000000e+00
1.958046e+01	2.943063e+00	7.801967e-04	14229543.000000	0.000000e+00
1.958245e+01	2.943648e+00	7.812192e-04	14197960.000000	0.000000e+00
1.958444e+01	2.944790e+00	7.822916e-04	14170044.000000	0.000000e+00
1.958644e+01	2.944500e+00	7.827148e-04	14151943.000000	0.000000e+00
1.958843e+01	2.945230e+00	7.838995e-04	14116192.000000	0.000000e+00
1.959043e+01	2.947442e+00	7.855933e-04	14076507.000000	0.000000e+00
1.959242e+01	2.947176e+00	7.857126e-04	14069692.000000	0.000000e+00
1.959442e+01	2.949664e+00	7.874000e-04	14033124.000000	0.000000e+00
1.959641e+01	2.949201e+00	7.882578e-04	13998199.000000	0.000000e+00
1.959841e+01	2.951743e+00	7.896548e-04	13972774.000000	0.000000e+00
1.960040e+01	2.951724e+00	7.902051e-04	13953132.000000	0.000000e+00
1.960240e+01	2.952750e+00	7.913729e-04	13921663.000000	0.000000e+00
1.960439e+01	2.954557e+00	7.927475e-04	13890408.000000	0.000000e+00
1.960639e+01	2.954753e+00	7.936628e-04	13860223.000000	0.000000e+00
1.960838e+01	2.956168e+00	7.944773e-04	13845072.000000	0.000000e+00
1.961038e+01	2.956332e+00	7.957220e-04	13803328.000000	0.000000e+00
1.961237e+01	2.959113e+00	7.972153e-04	13777543.000000	0.000000e+00
1.961436e+01	2.959807e+00	7.980135e-04	13756452.000000	0.000000e+00
1.961636e+01	2.959767e+00	7.988685e-04	13726648.000000	0.000000e+00
1.961835e+01	2.959806e+00	7.995964e-04	13702023.000000	0.000000e+00
1.962035e+01	2.961832e+00	8.013422e-04	13661068.000000	0.000000e+00
1.962234e+01	2.962203e+00	8.018235e-04	13648098.000000	0.000000e+00
1.962434e+01	2.962821e+00	8.028963e-04	13617331.000000	0.000000e+00
1.962633e+01	2.964761e+00	8.043636e-04	13585468.000000	0.000000e+00
1.962833e+01	2.966519e+00	8.057902e-04	13553460.000000	0.000000e+00
1.963032e+01	2.965950e+00	8.060342e-04	13540063.000000	0.000000e+00
1.963232e+01	2.967583e+00	8.073815e-04	13509780.000000	0.000000e+00
1.963431e+01	2.969046e+00	8.089167e-04	13471819.000000	0.000000e+00
1.963631e+01	2.968977e+00	8.095156e-04	13451268.000000	0.000000e+00
1.963830e+01	2.970219e+00	8.106066e-04	13426312.000000	0.000000e+00
1.964030e+01	2.969506e+00	8.113762e-04	13394419.000000	0.000000e+00
1.964229e+01	2.972817e+00	8.131430e-04	13366032.000000	0.000000e+00
1.964428e+01	2.973038e+00	8.139691e-04	13340896.000000	0.000000e+00
1.964628e+01	2.974231e+00	8.149667e-04	13318935.000000	0.000000e+00
1.964827e+01	2.973666e+00	8.158382e-04	13285450.000000	0.000000e+00
1.965027e+01	2.975918e+00	8.174640e-04	13252708.000000	0.000000e+00
1.965226e+01	2.977939e+00	8.183419e-04	13242255.000000	0.000000e+00
1.965426e+01	2.977790e+00	8.194427e-04	13205380.000000	0.000000e+00
1.965625e+01	2.978435e+00	8.204795e-04	13177740.000000	0.000000e+00
1.965825e+01	2.980326e+00	8.219599e-04	13146991.000000	0.000000e+00
1.966024e+01	2.980751e+00	8.225869e-04	13130700.000000	0.000000e+00
1.966224e+01	2.981702e+00	8.237576e-04	13101760.000000	0.000000e+00
1.966423e+01	2.982220e+00	8.250155e-04	13066375.000000	0.000000e+00
1.966623e+01	2.983889e+00	8.262540e-04	13041816.000000	0.000000e+00
1.966822e+01	2.984560e+00	8.270157e-04	13023664.000000	0.000000e+00
1.967022e+01	2.986052e+00	8.284916e-04	12990279.000000	0.000000e+00
1.967221e+01	2.988993e+00	8.303005e-04	12959230.000000	0.000000e+00
1.967420e+01	2.988040e+00	8.306725e-04	12939372.000000	0.000000e+00
1.967620e+01	2.989067e+00	8.317494e-04	12914755.000000	0.000000e+00
1.967819e+01	2.990957e+00	8.332422e-04	12884800.000000	0.000000e+00
1.968019e+01	2.991547e+00	8.345959e-04	12848112.000000	0.000000e+00
1.968218e+01	2.991846e+00	8.350012e-04	12838207.000000	0.000000e+00
1.968418e+01	2.992429e+00	8.361722e-04	12807264.000000	0.000000e+00
1.968617e+01	2.994212e+00	8.377632e-04	12773872.000000	0.000000e+00
1.968817e+01	2.994747e+00	8.388449e-04	12745503.000000	0.000000e+00
1.969016e+01	2.996963e+00	8.399402e-04	12731104.000000	0.000000e+00
1.969216e+01	2.997387e+00	8.410510e-04	12701092.000000	0.000000e+00
1.969415e+01	2.998255e+00	8.425540e-04	12663147.000000	0.000000e+00
1.969614e+01	2.999731e+00	8.433914e-04	12650458.000000	0.000000e+00
1.969814e+01	2.999309e+00	8.441455e-04	12624312.000000	0.000000e+00
1.970014e+01	3.002994e+00	8.462844e-04	12591463.000000	0.000000e+00
1.970213e+01	3.003383e+00	8.473318e-04	12563608.000000	0.000000e+00
1.970412e+01	3.004147e+00	8.483229e-04	12540648.000000	0.000000e+00
1.970612e+01	3.005571e+00	8.495169e-04	12517279.000000	0.000000e+00
1.970811e+01	3.004380e+00	8.502053e-04	12487116.000000	0.000000e+00
1.971011e+01	3.007240e+00	8.521588e-04	12453604.000000	0.000000e+00
1.971210e+01	3.009671e+00	8.531463e-04	12444888.000000	0.000000e+00
1.971410e+01	3.008771e+00	8.540526e-04	12411067.000000	0.000000e+00
1.971609e+01	3.011273e+00	8.557268e-04	12383116.000000	0.000000e+00
1.971809e+01	3.010140e+00	8.564732e-04	12352248.000000	0.000000e+00
1.972008e+01	3.012488e+00	8.575946e-04	12339187.000000	0.000000e+00
1.972208e+01	3.012187e+00	8.586834e-04	12305454.000000	0.000000e+00
1.972407e+01	3.013511e+00	8.601455e-04	12274444.000000	0.000000e+00
1.972606e+01	3.015467e+00	8.612630e-04	12258507.000000	0.000000e+00
1.972806e+01	3.015579e+00	8.622321e-04	12231880.000000	0.000000e+00
1.973005e+01	3.017848e+00	8.639422e-04	12201844.000000	0.000000e+00
1.973205e+01	3.019244e+00	8.654285e-04	12171219.000000	0.000000e+00
1.973404e+01	3.018669e+00	8.658657e-04	12154300.000000	0.000000e+00
1.973604e+01	3.020406e+00	8.671972e-04	12130956.000000	0.000000e+00
1.973803e+01	3.019873e+00	8.683263e-04	12095152.000000	0.000000e+00
1.974003e+01	3.022688e+00	8.701127e-04	12068007.000000	0.000000e+00
1.974202e+01	3.021739e+00	8.702991e-04	12055264.000000	0.000000e+00
1.974402e+01	3.024886e+00	8.723587e-04	12023416.000000	0.000000e+00
1.974601e+01	3.026231e+00	8.738047e-04	11994309.000000	0.000000e+00
1.974801e+01	3.026938e+00	8.748577e-04	11971048.000000	0.000000e+00
1.975000e+01	3.027693e+00	8.758305e-04	11950428.000000	0.000000e+00
1.975200e+01	3.029479e+00	8.773362e-04	11923504.000000	0.000000e+00
1.975399e+01	3.029739e+00	8.787250e-04	11887879.000000	0.000000e+00
1.975598e+01	3.032699e+00	8.801900e-04	11871504.000000	0.000000e+00
1.975798e+01	3.031912e+00	8.808567e-04	11847388.000000	0.000000e+00
1.975997e+01	3.033552e+00	8.823205e-04	11820891.000000	0.000000e+00
1.976197e+01	3.035081e+00	8.839226e-04	11789956.000000	0.000000e+00
1.976396e+01	3.036111e+00	8.849120e-04	11771592.000000	0.000000e+00
1.976596e+01	3.037954e+00	8.863571e-04	11747488.000000	0.000000e+00
1.976795e+01	3.038682e+00	8.878118e-04	11714635.000000	0.000000e+00
1.976995e+01	3.038847e+00	8.888229e-04	11689266.000000	0.000000e+00
1.977194e+01	3.040764e+00	8.900390e-04	11672056.000000	0.000000e+00
1.977394e+01	3.040834e+00	8.910977e-04	11644875.000000	0.000000e+00
1.977593e+01	3.043480e+00	8.929240e-04	11617480.000000	0.000000e+00
1.977793e+01	3.041478e+00	8.934315e-04	11589024.000000	0.000000e+00
1.977992e+01	3.046106e+00	8.953244e-04	11575216.000000	0.000000e+00
1.978192e+01	3.046642e+00	8.966908e-04	11544031.000000	0.000000e+00
1.978391e+01	3.047465e+00	8.984034e-04	11506272.000000	0.000000e+00
1.978590e+01	3.048647e+00	8.990649e-04	11498260.000000	0.000000e+00
1.978790e+01	3.046141e+00	8.993810e-04	11471295.000000	0.000000e+00
1.978989e+01	3.050163e+00	9.015465e-04	11446420.000000	0.000000e+00
1.979189e+01	3.052576e+00	9.037191e-04	11409484.000000	0.000000e+00
1.979388e+01	3.051321e+00	9.035961e-04	11403210.000000	0.000000e+00
1.979588e+01	3.052531e+00	9.052574e-04	11370403.000000	0.000000e+00
1.979787e+01	3.055567e+00	9.074482e-04	11338092.000000	0.000000e+00
1.979987e+01	3.056355e+00	9.084824e-04	11318128.000000	0.000000e+00
1.980186e+01	3.055471e+00	9.089277e-04	11300496.000000	0.000000e+00
1.980386e+01	3.057326e+00	9.106295e-04	11271979.000000	0.000000e+00
1.980585e+01	3.060556e+00	9.128373e-04	11241232.000000	0.000000e+00
1.980784e+01	3.060121e+00	9.136045e-04	11219172.000000	0.000000e+00
1.980984e+01	3.062219e+00	9.147294e-04	11206948.000000	0.000000e+00
1.981184e+01	3.062391e+00	9.164842e-04	11165319.000000	0.000000e+00
1.981383e+01	3.063320e+00	9.175442e-04	11146300.000000	0.000000e+00
1.981582e+01	3.065547e+00	9.190071e-04	11127006.000000	0.000000e+00
1.981782e+01	3.066127e+00	9.203089e-04	11099743.000000	0.000000e+00
1.981981e+01	3.067677e+00	9.218383e-04	11074132.000000	0.000000e+00
1.982181e+01	3.067559e+00	9.231756e-04	11041224.000000	0.000000e+00
1.982380e+01	3.069322e+00	9.239641e-04	11035060.000000	0.000000e+00
1.982580e+01	3.073335e+00	9.264302e-04	11005107.000000	0.000000e+00
1.982779e+01	3.072232e+00	9.275184e-04	10971424.000000	0.000000e+00
1.982979e+01	3.073458e+00	9.286872e-04	10952556.000000	0.000000e+00
1.983178e+01	3.075685e+00	9.301936e-04	10932940.000000	0.000000e+00
1.983378e+01	3.075145e+00	9.311347e-04	10907023.000000	0.000000e+00
1.983577e+01	3.076623e+00	9.329692e-04	10874616.000000	0.000000e+00
1.983776e+01	3.078000e+00	9.341958e-04	10855792.000000	0.000000e+00
1.983976e+01	3.078976e+00	9.352742e-04	10837638.000000	0.000000e+00
1.984175e+01	3.081030e+00	9.370786e-04	10810351.000000	0.000000e+00
1.984375e+01	3.083451e+00	9.393208e-04	10775716.000000	0.000000e+00
1.984574e+01	3.085270e+00	9.402491e-04	10767144.000000	0.000000e+00
1.984774e+01	3.084190e+00	9.411272e-04	10739536.000000	0.000000e+00
1.984973e+01	3.084646e+00	9.424979e-04	10711491.000000	0.000000e+00
1.985173e+01	3.085184e+00	9.439754e-04	10681708.000000	0.000000e+00
1.985372e+01	3.087903e+00	9.452372e-04	10671996.000000	0.000000e+00
1.985572e+01	3.088195e+00	9.465410e-04	10644628.000000	0.000000e+00
1.985771e+01	3.090144e+00	9.486071e-04	10611691.000000	0.000000e+00
1.985971e+01	3.092995e+00	9.502728e-04	10594044.000000	0.000000e+00
1.986170e+01	3.091661e+00	9.507541e-04	10574194.000000	0.000000e+00
1.986370e+01	3.094129e+00	9.528293e-04	10545000.000000	0.000000e+00
1.986569e+01	3.095461e+00	9.544268e-04	10518784.000000	0.000000e+00
1.986768e+01	3.097241e+00	9.559133e-04	10498155.000000	0.000000e+00
1.986968e+01	3.097868e+00	9.567314e-04	10484452.000000	0.000000e+00
1.987167e+01	3.097469e+00	9.582714e-04	10448092.000000	0.000000e+00
1.987367e+01	3.101132e+00	9.606578e-04	10420848.000000	0.000000e+00
1.987566e+01	3.100446e+00	9.608379e-04	10412335.000000	0.000000e+00
1.987766e+01	3.102521e+00	9.628464e-04	10382820.000000	0.000000e+00
1.987965e+01	3.104525e+00	9.647145e-04	10356016.000000	0.000000e+00
1.988165e+01	3.105068e+00	9.662426e-04	10326900.000000	0.000000e+00
1.988364e+01	3.106491e+00	9.670608e-04	10318879.000000	0.000000e+00
1.988564e+01	3.106753e+00	9.684196e-04	10291678.000000	0.000000e+00
1.988763e+01	3.108775e+00	9.707497e-04	10255668.000000	0.000000e+00
1.988963e+01	3.110118e+00	9.717757e-04	10242868.000000	0.000000e+00
1.989162e+01	3.111510e+00	9.731805e-04	10222464.000000	0.000000e+00
1.989362e+01	3.111245e+00	9.742726e-04	10197823.000000	0.000000e+00
1.989561e+01	3.114578e+00	9.769803e-04	10163116.000000	0.000000e+00
1.989760e+01	3.113252e+00	9.771761e-04	10150392.000000	0.000000e+00
1.989960e+01	3.117108e+00	9.792833e-04	10131808.000000	0.000000e+00
1.990159e+01	3.117410e+00	9.811228e-04	10095807.000000	0.000000e+00
1.990359e+01	3.119895e+00	9.829856e-04	10073620.000000	0.000000e+00
1.990558e+01	3.119843e+00	9.833164e-04	10066512.000000	0.000000e+00
1.990758e+01	3.120288e+00	9.850383e-04	10034206.000000	0.000000e+00
1.990957e+01	3.120527e+00	9.864759e-04	10006516.000000	0.000000e+00
1.991157e+01	3.124805e+00	9.890283e-04	9982251.000000	0.000000e+00
1.991356e+01	3.124789e+00	9.896019e-04	9970576.000000	0.000000e+00
1.991556e+01	3.125513e+00	9.913161e-04	9940728.000000	0.000000e+00
1.991755e+01	3.129980e+00	9.941036e-04	9913336.000000	0.000000e+00
1.991955e+01	3.128283e+00	9.943752e-04	9897183.000000	0.000000e+00
1.992154e+01	3.129290e+00	9.956673e-04	9877864.000000	0.000000e+00
1.992354e+01	3.132325e+00	9.980606e-04	9849628.000000	0.000000e+00
1.992553e+01	3.133395e+00	9.999087e-04	9819960.000000	0.000000e+00
1.992752e+01	3.132409e+00	1.000071e-03	9810604.000000	0.000000e+00
1.992952e+01	3.135693e+00	1.002438e-03	9784791.000000	0.000000e+00
1.993151e+01	3.134926e+00	1.003702e-03	9755398.000000	0.000000e+00
1.993351e+01	3.138383e+00	1.006150e-03	9729408.000000	0.000000e+00
1.993550e+01	3.139719e+00	1.006977e-03	9721696.000000	0.000000e+00
1.993750e+01	3.140402e+00	1.008562e-03	9695380.000000	0.000000e+00
1.993949e+01	3.140206e+00	1.010097e-03	9664731.000000	0.000000e+00
1.994149e+01	3.140256e+00	1.011263e-03	9642772.000000	0.000000e+00
1.994348e+01	3.143496e+00	1.012950e-03	9630516.000000	0.000000e+00
1.994548e+01	3.145711e+00	1.015187e-03	9601636.000000	0.000000e+00
1.994747e+01	3.147644e+00	1.017362e-03	9572392.000000	0.000000e+00
1.994946e+01	3.149814e+00	1.018807e-03	9558411.000000	0.000000e+00
1.995146e+01	3.148330e+00	1.019327e-03	9539680.000000	0.000000e+00
1.995346e+01	3.150854e+00	1.021586e-03	9512766.000000	0.000000e+00
1.995545e+01	3.153104e+00	1.023992e-03	9481648.000000	0.000000e+00
1.995744e+01	3.152452e+00	1.024401e-03	9470160.000000	0.000000e+00
1.995944e+01	3.156268e+00	1.026595e-03	9452551.000000	0.000000e+00
1.996143e+01	3.156637e+00	1.028629e-03	9417412.000000	0.000000e+00
1.996343e+01	3.157273e+00	1.029898e-03	9398016.000000	0.000000e+00
1.996542e+01	3.158200e+00	1.030946e-03	9384424.000000	0.000000e+00
1.996742e+01	3.157655e+00	1.032137e-03	9359544.000000	0.000000e+00
1.996941e+01	3.163002e+00	1.035493e-03	9330487.000000	0.000000e+00
1.997141e+01	3.162318e+00	1.036542e-03	9307596.000000	0.000000e+00
1.997340e+01	3.164448e+00	1.037675e-03	9299788.000000	0.000000e+00
1.997540e+01	3.164489e+00	1.039501e-03	9267394.000000	0.000000e+00
1.997739e+01	3.167889e+00	1.042108e-03	9240900.000000	0.000000e+00
1.997938e+01	3.168168e+00	1.042944e-03	9227719.000000	0.000000e+00
1.998138e+01	3.168948e+00	1.044569e-03	9203568.000000	0.000000e+00
1.998337e+01	3.172362e+00	1.046949e-03	9181516.000000	0.000000e+00
1.998537e+01	3.173060e+00	1.048801e-03	9153148.000000	0.000000e+00
1.998736e+01	3.173646e+00	1.049508e-03	9144192.000000	0.000000e+00
1.998936e+01	3.176127e+00	1.051884e-03	9117163.000000	0.000000e+00
1.999135e+01	3.176159e+00	1.053466e-03	9090000.000000	0.000000e+00
1.999335e+01	3.177842e+00	1.055330e-03	9067504.000000	0.000000e+00
1.999534e+01	3.178923e+00	1.056316e-03	9056748.000000	0.000000e+00
1.999734e+01	3.181289e+00	1.058764e-03	9028342.000000	0.000000e+00
1.999933e+01	3.182644e+00	1.060682e-03	9003388.000000	0.000000e+00
2.000133e+01	3.182804e+00	1.061784e-03	8985615.000000	0.000000e+00
2.000332e+01	3.185085e+00	1.063392e-03	8971300.000000	0.000000e+00
2.000532e+01	3.184148e+00	1.064916e-03	8940372.000000	0.000000e+00
2.000731e+01	3.188877e+00	1.068062e-03	8914204.000000	0.000000e+00
2.000930e+01	3.187433e+00	1.068269e-03	8902680.000000	0.000000e+00
2.001130e+01	3.190046e+00	1.070350e-03	8882644.000000	0.000000e+00
2.001329e+01	3.192554e+00	1.072944e-03	8853643.000000	0.000000e+00
2.001529e+01	3.193797e+00	1.074970e-03	8827176.000000	0.000000e+00
2.001728e+01	3.193275e+00	1.075043e-03	8823100.000000	0.000000e+00
2.001928e+01	3.195024e+00	1.077434e-03	8793606.000000	0.000000e+00
2.002127e+01	3.197029e+00	1.079791e-03	8766244.000000	0.000000e+00
2.002327e+01	3.200924e+00	1.082267e-03	8747463.000000	0.000000e+00
2.002526e+01	3.199421e+00	1.082646e-03	8733136.000000	0.000000e+00
2.002726e+01	3.201605e+00	1.084813e-03	8710156.000000	0.000000e+00
2.002925e+01	3.201660e+00	1.086624e-03	8681436.000000	0.000000e+00
2.003125e+01	3.204832e+00	1.088820e-03	8663608.000000	0.000000e+00
2.003324e+01	3.207412e+00	1.090442e-03	8651760.000000	0.000000e+00
2.003524e+01	3.208086e+00	1.092687e-03	8619859.000000	0.000000e+00
2.003723e+01	3.209456e+00	1.094606e-03	8597008.000000	0.000000e+00
2.003922e+01	3.209944e+00	1.095454e-03	8586312.000000	0.000000e+00
2.004122e+01	3.211829e+00	1.097750e-03	8560474.000000	0.000000e+00
2.004321e+01	3.214827e+00	1.100270e-03	8537232.000000	0.000000e+00
2.004521e+01	3.215314e+00	1.102262e-03	8508976.000000	0.000000e+00
2.004720e+01	3.217386e+00	1.103066e-03	8507523.000000	0.000000e+00
2.004920e+01	3.216479e+00	1.104859e-03	8475148.000000	0.000000e+00
2.005119e+01	3.217941e+00	1.106941e-03	8450980.000000	0.000000e+00
2.005319e+01	3.220374e+00	1.108891e-03	8434032.000000	0.000000e+00
2.005518e+01	3.222273e+00	1.110656e-03	8417164.000000	0.000000e+00
2.005718e+01	3.225687e+00	1.113269e-03	8395452.000000	0.000000e+00
2.005917e+01	3.227764e+00	1.115946e-03	8365984.000000	0.000000e+00
2.006116e+01	3.226539e+00	1.116575e-03	8350227.000000	0.000000e+00
2.006316e+01	3.225298e+00	1.117009e-03	8337310.000000	0.000000e+00
2.006516e+01	3.229742e+00	1.120675e-03	8305708.000000	0.000000e+00
2.006715e+01	3.230915e+00	1.122517e-03	8284488.000000	0.000000e+00
2.006914e+01	3.231329e+00	1.123242e-03	8275900.000000	0.000000e+00
2.007114e+01	3.232561e+00	1.125428e-03	8250072.000000	0.000000e+00
2.007313e+01	3.234230e+00	1.127821e-03	8223595.000000	0.000000e+00
2.007513e+01	3.233889e+00	1.129456e-03	8198064.000000	0.000000e+00
2.007712e+01	3.238864e+00	1.131254e-03	8197192.000000	0.000000e+00
2.007912e+01	3.241385e+00	1.134302e-03	8165896.000000	0.000000e+00
2.008111e+01	3.241052e+00	1.135728e-03	8143728.000000	0.000000e+00
2.008311e+01	3.243914e+00	1.138078e-03	8124466.000000	0.000000e+00
2.008510e+01	3.242313e+00	1.138556e-03	8109636.000000	0.000000e+00
2.008710e+01	3.243630e+00	1.140834e-03	8083831.000000	0.000000e+00
2.008909e+01	3.247675e+00	1.144167e-03	8056864.000000	0.000000e+00
2.009108e+01	3.247412e+00	1.144658e-03	8048652.000000	0.000000e+00
2.009308e+01	3.249363e+00	1.146879e-03	8027152.000000	0.000000e+00
2.009508e+01	3.251952e+00	1.149654e-03	8001180.000000	0.000000e+00
2.009707e+01	3.254135e+00	1.152233e-03	7976104.000000	0.000000e+00
2.009906e+01	3.254464e+00	1.152687e-03	7971420.000000	0.000000e+00
2.010106e+01	3.255382e+00	1.154901e-03	7945375.000000	0.000000e+00
2.010305e+01	3.256230e+00	1.157178e-03	7918264.000000	0.000000e+00
2.010505e+01	3.258934e+00	1.159565e-03	7898802.000000	0.000000e+00
2.010704e+01	3.258924e+00	1.160387e-03	7887568.000000	0.000000e+00
2.010904e+01	3.263907e+00	1.163728e-03	7866336.000000	0.000000e+00
2.011103e+01	3.262347e+00	1.165333e-03	7837192.000000	0.000000e+00
2.011303e+01	3.267384e+00	1.168315e-03	7821324.000000	0.000000e+00
2.011502e+01	3.264953e+00	1.168493e-03	7807315.000000	0.000000e+00
2.011702e+01	3.268336e+00	1.171556e-03	7782640.000000	0.000000e+00
2.011901e+01	3.269404e+00	1.173784e-03	7758192.000000	0.000000e+00
2.012100e+01	3.270552e+00	1.175055e-03	7746856.000000	0.000000e+00
2.012300e+01	3.271299e+00	1.176831e-03	7727016.000000	0.000000e+00
2.012499e+01	3.273044e+00	1.179626e-03	7698658.000000	0.000000e+00
2.012699e+01	3.275426e+00	1.182170e-03	7676724.000000	0.000000e+00
2.012898e+01	3.277249e+00	1.183095e-03	7673260.000000	0.000000e+00
2.013098e+01	3.278545e+00	1.185668e-03	7646035.000000	0.000000e+00
2.013297e+01	3.278913e+00	1.187701e-03	7621584.000000	0.000000e+00
2.013497e+01	3.281819e+00	1.190435e-03	7600072.000000	0.000000e+00
2.013696e+01	3.284001e+00	1.191714e-03	7593864.000000	0.000000e+00
2.013896e+01	3.286884e+00	1.195020e-03	7565164.000000	0.000000e+00
2.014095e+01	3.288040e+00	1.197544e-03	7538608.000000	0.000000e+00
2.014295e+01	3.287368e+00	1.197985e-03	7529988.000000	0.000000e+00
2.014494e+01	3.290765e+00	1.200647e-03	7512124.000000	0.000000e+00
2.014694e+01	3.291318e+00	1.202826e-03	7487457.000000	0.000000e+00
2.014893e+01	3.294187e+00	1.205957e-03	7461616.000000	0.000000e+00
2.015092e+01	3.295043e+00	1.206989e-03	7452732.000000	0.000000e+00
2.015292e+01	3.294693e+00	1.208509e-03	7432420.000000	0.000000e+00
2.015491e+01	3.298062e+00	1.211692e-03	7408552.000000	0.000000e+00
2.015691e+01	3.299898e+00	1.214494e-03	7382616.000000	0.000000e+00
2.015890e+01	3.301290e+00	1.215353e-03	7378408.000000	0.000000e+00
2.016090e+01	3.302625e+00	1.217785e-03	7354908.000000	0.000000e+00
2.016289e+01	3.303455e+00	1.220096e-03	7330759.000000	0.000000e+00
2.016489e+01	3.306830e+00	1.223047e-03	7310340.000000	0.000000e+00
2.016688e+01	3.307863e+00	1.224362e-03	7299202.000000	0.000000e+00
2.016888e+01	3.306957e+00	1.226057e-03	7275040.000000	0.000000e+00
2.017087e+01	3.310584e+00	1.229454e-03	7250784.000000	0.000000e+00
2.017286e+01	3.314893e+00	1.232133e-03	7238092.000000	0.000000e+00
2.017486e+01	3.313380e+00	1.232769e-03	7224024.000000	0.000000e+00
2.017686e+01	3.317294e+00	1.236482e-03	7197676.000000	0.000000e+00
2.017885e+01	3.317564e+00	1.238959e-03	7170088.000000	0.000000e+00
2.018084e+01	3.317660e+00	1.239037e-03	7169607.000000	0.000000e+00
2.018284e+01	3.319353e+00	1.241932e-03	7143508.000000	0.000000e+00
2.018483e+01	3.322329e+00	1.245064e-03	7120356.000000	0.000000e+00
2.018683e+01	3.323420e+00	1.247274e-03	7099804.000000	0.000000e+00
2.018882e+01	3.324858e+00	1.248617e-03	7090674.000000	0.000000e+00
2.019082e+01	3.328936e+00	1.252204e-03	7067416.000000	0.000000e+00
2.019281e+01	3.329225e+00	1.254646e-03	7041160.000000	0.000000e+00
2.019481e+01	3.330774e+00	1.256313e-03	7029024.000000	0.000000e+00
2.019680e+01	3.332330e+00	1.258006e-03	7016668.000000	0.000000e+00
2.019880e+01	3.334259e+00	1.261178e-03	6989499.000000	0.000000e+00
2.020079e+01	3.337336e+00	1.264393e-03	6966844.000000	0.000000e+00
2.020278e+01	3.337807e+00	1.265532e-03	6956268.000000	0.000000e+00
2.020478e+01	3.337986e+00	1.267081e-03	6940012.000000	0.000000e+00
2.020678e+01	3.341249e+00	1.270854e-03	6912364.000000	0.000000e+00
2.020877e+01	3.342725e+00	1.273374e-03	6891114.000000	0.000000e+00
2.021076e+01	3.343424e+00	1.273914e-03	6888148.000000	0.000000e+00
2.021276e+01	3.344269e+00	1.276707e-03	6861516.000000	0.000000e+00
2.021475e+01	3.346494e+00	1.279574e-03	6839896.000000	0.000000e+00
2.021675e+01	3.351271e+00	1.283392e-03	6818676.000000	0.000000e+00
2.021874e+01	3.352256e+00	1.284450e-03	6811459.000000	0.000000e+00
2.022074e+01	3.351077e+00	1.286413e-03	6785908.000000	0.000000e+00
2.022273e+01	3.352933e+00	1.289018e-03	6765996.000000	0.000000e+00
2.022473e+01	3.353808e+00	1.290970e-03	6749068.000000	0.000000e+00
2.022672e+01	3.357942e+00	1.293451e-03	6739788.000000	0.000000e+00
2.022872e+01	3.359594e+00	1.296895e-03	6710638.000000	0.000000e+00
2.023071e+01	3.359370e+00	1.298921e-03	6688828.000000	0.000000e+00
2.023270e+01	3.362387e+00	1.300953e-03	6679932.000000	0.000000e+00
2.023470e+01	3.366276e+00	1.304210e-03	6661996.000000	0.000000e+00
2.023670e+01	3.367831e+00	1.307174e-03	6637944.000000	0.000000e+00
2.023869e+01	3.368785e+00	1.309983e-03	6613252.000000	0.000000e+00
2.024068e+01	3.369017e+00	1.310013e-03	6613863.000000	0.000000e+00
2.024268e+01	3.372392e+00	1.313857e-03	6588400.000000	0.000000e+00
2.024467e+01	3.370869e+00	1.315901e-03	6562012.000000	0.000000e+00
2.024667e+01	3.376126e+00	1.319500e-03	6546636.000000	0.000000e+00
2.024866e+01	3.373732e+00	1.319308e-03	6539260.000000	0.000000e+00
2.025066e+01	3.378117e+00	1.323633e-03	6513498.000000	0.000000e+00
2.025265e+01	3.380177e+00	1.327001e-03	6488380.000000	0.000000e+00
2.025465e+01	3.379103e+00	1.327418e-03	6480180.000000	0.000000e+00
2.025664e+01	3.383539e+00	1.330817e-03	6464068.000000	0.000000e+00
2.025864e+01	3.385078e+00	1.333960e-03	6439492.000000	0.000000e+00
2.026063e+01	3.390131e+00	1.338171e-03	6418152.000000	0.000000e+00
2.026262e+01	3.385954e+00	1.337220e-03	6411448.000000	0.000000e+00
2.026462e+01	3.391707e+00	1.341572e-03	6391587.000000	0.000000e+00
2.026662e+01	3.390533e+00	1.343693e-03	6367012.000000	0.000000e+00
2.026861e+01	3.392832e+00	1.346829e-03	6345996.000000	0.000000e+00
2.027060e+01	3.395159e+00	1.348227e-03	6341530.000000	0.000000e+00
2.027260e+01	3.397327e+00	1.351492e-03	6318988.000000	0.000000e+00
2.027459e+01	3.400805e+00	1.355309e-03	6296316.000000	0.000000e+00
2.027659e+01	3.401325e+00	1.357276e-03	6280000.000000	0.000000e+00
2.027858e+01	3.404199e+00	1.359528e-03	6269796.000000	0.000000e+00
2.028058e+01	3.404065e+00	1.361793e-03	6248464.000000	0.000000e+00
2.028257e+01	3.404223e+00	1.364909e-03	6220552.000000	0.000000e+00
2.028456e+01	3.407386e+00	1.367075e-03	6212376.000000	0.000000e+00
2.028656e+01	3.408885e+00	1.369219e-03	6198388.000000	0.000000e+00
2.028856e+01	3.413057e+00	1.373312e-03	6176592.000000	0.000000e+00
2.029055e+01	3.413160e+00	1.376234e-03	6150757.000000	0.000000e+00
2.029254e+01	3.413401e+00	1.376560e-03	6148716.000000	0.000000e+00
2.029454e+01	3.417047e+00	1.380432e-03	6127336.000000	0.000000e+00
2.029653e+01	3.418889e+00	1.383853e-03	6103660.000000	0.000000e+00
2.029853e+01	3.422766e+00	1.387724e-03	6083424.000000	0.000000e+00
2.030052e+01	3.421331e+00	1.387859e-03	6077140.000000	0.000000e+00
2.030252e+01	3.424946e+00	1.391720e-03	6056244.000000	0.000000e+00
2.030451e+01	3.429432e+00	1.396228e-03	6032980.000000	0.000000e+00
2.030651e+01	3.427931e+00	1.397131e-03	6019908.000000	0.000000e+00
2.030850e+01	3.428312e+00	1.398530e-03	6009208.000000	0.000000e+00
2.031050e+01	3.430549e+00	1.402358e-03	5984242.000000	0.000000e+00
2.031249e+01	3.435685e+00	1.407066e-03	5962080.000000	0.000000e+00
2.031448e+01	3.435369e+00	1.407891e-03	5953996.000000	0.000000e+00
2.031648e+01	3.437796e+00	1.410622e-03	5939352.000000	0.000000e+00
2.031848e+01	3.437937e+00	1.413601e-03	5914828.000000	0.000000e+00
2.032047e+01	3.442898e+00	1.418472e-03	5891239.000000	0.000000e+00
2.032246e+01	3.443653e+00	1.418611e-03	5892672.000000	0.000000e+00
2.032446e+01	3.446078e+00	1.422617e-03	5867788.000000	0.000000e+00
2.032645e+01	3.450260e+00	1.427002e-03	5845944.000000	0.000000e+00
2.032845e+01	3.448606e+00	1.428356e-03	5829268.000000	0.000000e+00
2.033044e+01	3.448200e+00	1.429209e-03	5820942.000000	0.000000e+00
2.033244e+01	3.452744e+00	1.433865e-03	5798452.000000	0.000000e+00
2.033443e+01	3.457448e+00	1.438596e-03	5776084.000000	0.000000e+00
2.033643e+01	3.455259e+00	1.439081e-03	5764884.000000	0.000000e+00
2.033842e+01	3.457960e+00	1.441582e-03	5753884.000000	0.000000e+00
2.034042e+01	3.461288e+00	1.445981e-03	5729940.000000	0.000000e+00
2.034241e+01	3.460088e+00	1.448440e-03	5706544.000000	0.000000e+00
2.034440e+01	3.462457e+00	1.449890e-03	5702940.000000	0.000000e+00
2.034640e+01	3.463855e+00	1.452921e-03	5683756.000000	0.000000e+00
2.034840e+01	3.469583e+00	1.458111e-03	5662048.000000	0.000000e+00
2.035039e+01	3.468724e+00	1.460748e-03	5638830.000000	0.000000e+00
2.035238e+01	3.469742e+00	1.461311e-03	5637796.000000	0.000000e+00
2.035438e+01	3.474116e+00	1.465556e-03	5619324.000000	0.000000e+00
2.035637e+01	3.477980e+00	1.470523e-03	5593843.000000	0.000000e+00
2.035837e+01	3.475889e+00	1.471681e-03	5578332.000000	0.000000e+00
2.036036e+01	3.479215e+00	1.474206e-03	5569888.000000	0.000000e+00
2.036236e+01	3.480835e+00	1.477925e-03	5547052.000000	0.000000e+00
2.036435e+01	3.483380e+00	1.481770e-03	5526372.000000	0.000000e+00
2.036635e+01	3.486302e+00	1.484426e-03	5515852.000000	0.000000e+00
2.036834e+01	3.488661e+00	1.486881e-03	5505096.000000	0.000000e+00
2.037034e+01	3.487003e+00	1.489472e-03	5480746.000000	0.000000e+00
2.037233e+01	3.492024e+00	1.494489e-03	5459704.000000	0.000000e+00
2.037432e+01	3.492148e+00	1.495183e-03	5455020.000000	0.000000e+00
2.037632e+01	3.494119e+00	1.498574e-03	5436496.000000	0.000000e+00
2.037832e+01	3.496885e+00	1.502779e-03	5414676.000000	0.000000e+00
2.038031e+01	3.500084e+00	1.507132e-03	5393296.000000	0.000000e+00
2.038230e+01	3.497912e+00	1.506416e-03	5391732.000000	0.000000e+00
2.038430e+01	3.500900e+00	1.510620e-03	5370928.000000	0.000000e+00
2.038629e+01	3.501556e+00	1.513997e-03	5348992.000000	0.000000e+00
2.038829e+01	3.508207e+00	1.518797e-03	5335452.000000	0.000000e+00
2.039028e+01	3.508880e+00	1.520659e-03	5324434.000000	0.000000e+00
2.039228e+01	3.508298e+00	1.523557e-03	5302440.000000	0.000000e+00
2.039427e+01	3.514362e+00	1.529209e-03	5281528.000000	0.000000e+00
2.039627e+01	3.514580e+00	1.529949e-03	5277072.000000	0.000000e+00
2.039826e+01	3.514196e+00	1.532421e-03	5258908.000000	0.000000e+00
2.040026e+01	3.520518e+00	1.538265e-03	5237824.000000	0.000000e+00
2.040225e+01	3.521788e+00	1.542139e-03	5215299.000000	0.000000e+00
2.040424e+01	3.524025e+00	1.543204e-03	5214724.000000	0.000000e+00
2.040624e+01	3.522851e+00	1.545521e-03	5195640.000000	0.000000e+00
2.040823e+01	3.525305e+00	1.550051e-03	5172514.000000	0.000000e+00
2.041023e+01	3.529758e+00	1.554542e-03	5155668.000000	0.000000e+00
2.041222e+01	3.531595e+00	1.556068e-03	5150920.000000	0.000000e+00
2.041422e+01	3.531814e+00	1.559268e-03	5130436.000000	0.000000e+00
2.041621e+01	3.534067e+00	1.563808e-03	5107200.000000	0.000000e+00
2.041821e+01	3.537699e+00	1.567135e-03	5095996.000000	0.000000e+00
2.042020e+01	3.535651e+00	1.567447e-03	5088072.000000	0.000000e+00
2.042220e+01	3.543430e+00	1.574484e-03	5064904.000000	0.000000e+00
2.042419e+01	3.540697e+00	1.576472e-03	5044348.000000	0.000000e+00
2.042619e+01	3.545719e+00	1.579654e-03	5038308.000000	0.000000e+00
2.042818e+01	3.544823e+00	1.581993e-03	5020882.000000	0.000000e+00
2.043018e+01	3.550998e+00	1.587926e-03	5000808.000000	0.000000e+00
2.043217e+01	3.550602e+00	1.591143e-03	4979500.000000	0.000000e+00
2.043416e+01	3.550485e+00	1.590606e-03	4982532.000000	0.000000e+00
2.043616e+01	3.552083e+00	1.595150e-03	4958644.000000	0.000000e+00
2.043815e+01	3.555630e+00	1.600250e-03	4936936.000000	0.000000e+00
2.044015e+01	3.559384e+00	1.604153e-03	4923324.000000	0.000000e+00
2.044214e+01	3.561954e+00	1.606748e-03	4914520.000000	0.000000e+00
2.044414e+01	3.561521e+00	1.609480e-03	4896660.000000	0.000000e+00
2.044613e+01	3.566379e+00	1.615410e-03	4874044.000000	0.000000e+00
2.044813e+01	3.565359e+00	1.616466e-03	4864890.000000	0.000000e+00
2.045012e+01	3.567292e+00	1.619083e-03	4854436.000000	0.000000e+00
2.045212e+01	3.567854e+00	1.622971e-03	4832728.000000	0.000000e+00
2.045411e+01	3.573810e+00	1.629311e-03	4811220.000000	0.000000e+00
2.045610e+01	3.573284e+00	1.629611e-03	4808032.000000	0.000000e+00
2.045810e+01	3.575189e+00	1.633330e-03	4791264.000000	0.000000e+00
2.046010e+01	3.580333e+00	1.639420e-03	4769428.000000	0.000000e+00
2.046209e+01	3.584190e+00	1.644332e-03	4751196.000000	0.000000e+00
2.046408e+01	3.582543e+00	1.643734e-03	4750288.000000	0.000000e+00
2.046608e+01	3.585280e+00	1.648672e-03	4729090.000000	0.000000e+00
2.046807e+01	3.589285e+00	1.654327e-03	4707312.000000	0.000000e+00
2.047007e+01	3.590966e+00	1.657319e-03	4694728.000000	0.000000e+00
2.047206e+01	3.591766e+00	1.658690e-03	4689060.000000	0.000000e+00
2.047406e+01	3.593708e+00	1.663580e-03	4666576.000000	0.000000e+00
2.047605e+01	3.595113e+00	1.667813e-03	4646548.000000	0.000000e+00
2.047805e+01	3.595412e+00	1.669352e-03	4638756.000000	0.000000e+00
2.048004e+01	3.599472e+00	1.673534e-03	4626028.000000	0.000000e+00
2.048204e+01	3.603660e+00	1.678997e-03	4606680.000000	0.000000e+00
2.048403e+01	3.604951e+00	1.683794e-03	4583752.000000	0.000000e+00
2.048602e+01	3.607031e+00	1.684504e-03	4585170.000000	0.000000e+00
2.048802e+01	3.607848e+00	1.688609e-03	4564972.000000	0.000000e+00
2.049002e+01	3.612237e+00	1.694463e-03	4544524.000000	0.000000e+00
2.049201e+01	3.614607e+00	1.698598e-03	4528359.000000	0.000000e+00
2.049400e+01	3.613562e+00	1.698744e-03	4524964.000000	0.000000e+00
2.049600e+01	3.619516e+00	1.705379e-03	4504632.000000	0.000000e+00
2.049799e+01	3.619433e+00	1.709248e-03	4484056.000000	0.000000e+00
2.049999e+01	3.626470e+00	1.714601e-03	4473444.000000	0.000000e+00
2.050198e+01	3.623680e+00	1.714417e-03	4467520.000000	0.000000e+00
2.050398e+01	3.628602e+00	1.721268e-03	4444078.000000	0.000000e+00
2.050597e+01	3.630756e+00	1.726162e-03	4424160.000000	0.000000e+00
2.050797e+01	3.629595e+00	1.726685e-03	4418656.000000	0.000000e+00
2.050996e+01	3.634107e+00	1.731281e-03	4406160.000000	0.000000e+00
2.051196e+01	3.634682e+00	1.735878e-03	4384240.000000	0.000000e+00
2.051395e+01	3.635631e+00	1.740168e-03	4364932.000000	0.000000e+00
2.051594e+01	3.639510e+00	1.741695e-03	4366584.000000	0.000000e+00
2.051794e+01	3.644478e+00	1.748261e-03	4345684.000000	0.000000e+00
2.051994e+01	3.641816e+00	1.751170e-03	4324932.000000	0.000000e+00
2.052193e+01	3.648681e+00	1.757420e-03	4310428.000000	0.000000e+00
2.052392e+01	3.649513e+00	1.758457e-03	4307310.000000	0.000000e+00
2.052592e+01	3.652592e+00	1.764153e-03	4286764.000000	0.000000e+00
2.052791e+01	3.651786e+00	1.767964e-03	4266424.000000	0.000000e+00
2.052991e+01	3.653503e+00	1.770517e-03	4258128.000000	0.000000e+00
2.053190e+01	3.661349e+00	1.776490e-03	4247728.000000	0.000000e+00
2.053390e+01	3.659638e+00	1.779950e-03	4227276.000000	0.000000e+00
2.053589e+01	3.660465e+00	1.784373e-03	4208248.000000	0.000000e+00
2.053788e+01	3.663231e+00	1.786265e-03	4205688.000000	0.000000e+00
2.053988e+01	3.667099e+00	1.791327e-03	4190788.000000	0.000000e+00
2.054188e+01	3.666975e+00	1.795793e-03	4169686.000000	0.000000e+00
2.054387e+01	3.670437e+00	1.801602e-03	4150668.000000	0.000000e+00
2.054586e+01	3.673106e+00	1.802781e-03	4151272.000000	0.000000e+00
2.054786e+01	3.676220e+00	1.808158e-03	4133616.000000	0.000000e+00
2.054986e+01	3.678765e+00	1.814148e-03	4112053.000000	0.000000e+00
2.055185e+01	3.680150e+00	1.818060e-03	4097460.000000	0.000000e+00
2.055384e+01	3.681557e+00	1.819258e-03	4095196.000000	0.000000e+00
2.055584e+01	3.687498e+00	1.826671e-03	4075144.000000	0.000000e+00
2.055783e+01	3.685490e+00	1.830042e-03	4055724.000000	0.000000e+00
2.055983e+01	3.686811e+00	1.832672e-03	4046992.000000	0.000000e+00
2.056182e+01	3.693140e+00	1.838185e-03	4036578.000000	0.000000e+00
2.056382e+01	3.691678e+00	1.842231e-03	4015684.000000	0.000000e+00
2.056581e+01	3.696354e+00	1.848213e-03	3999844.000000	0.000000e+00
2.056780e+01	3.698053e+00	1.849549e-03	3997740.000000	0.000000e+00
2.056980e+01	3.701092e+00	1.854998e-03	3980824.000000	0.000000e+00
2.057180e+01	3.703954e+00	1.861394e-03	3959628.000000	0.000000e+00
2.057379e+01	3.703534e+00	1.865010e-03	3943396.000000	0.000000e+00
2.057578e+01	3.710479e+00	1.868406e-03	3943824.000000	0.000000e+00
2.057778e+01	3.709066e+00	1.872514e-03	3923548.000000	0.000000e+00
2.057977e+01	3.713461e+00	1.879107e-03	3905302.000000	0.000000e+00
2.058177e+01	3.715599e+00	1.883145e-03	3893052.000000	0.000000e+00
2.058376e+01	3.716758e+00	1.884661e-03	3889216.000000	0.000000e+00
2.058576e+01	3.718529e+00	1.890648e-03	3868308.000000	0.000000e+00
2.058775e+01	3.722462e+00	1.897684e-03	3847804.000000	0.000000e+00
2.058975e+01	3.722622e+00	1.899072e-03	3842508.000000	0.000000e+00
2.059174e+01	3.727292e+00	1.903953e-03	3832432.000000	0.000000e+00
2.059374e+01	3.732325e+00	1.911375e-03	3813004.000000	0.000000e+00
2.059573e+01	3.733822e+00	1.917041e-03	3793536.000000	0.000000e+00
2.059772e+01	3.733779e+00	1.916793e-03	3794434.000000	0.000000e+00
2.059972e+01	3.735331e+00	1.922037e-03	3776892.000000	0.000000e+00
2.060172e+01	3.741782e+00	1.930481e-03	3756868.000000	0.000000e+00
2.060371e+01	3.741060e+00	1.934027e-03	3741660.000000	0.000000e+00
2.060570e+01	3.745664e+00	1.936521e-03	3741220.000000	0.000000e+00
2.060770e+01	3.741616e+00	1.939296e-03	3722464.000000	0.000000e+00
2.060969e+01	3.748120e+00	1.947928e-03	3702384.000000	0.000000e+00
2.061169e+01	3.750618e+00	1.951868e-03	3692368.000000	0.000000e+00
2.061368e+01	3.751631e+00	1.953583e-03	3687876.000000	0.000000e+00
2.061568e+01	3.758780e+00	1.962821e-03	3667180.000000	0.000000e+00
2.061767e+01	3.758319e+00	1.967792e-03	3647782.000000	0.000000e+00
2.061966e+01	3.760774e+00	1.969842e-03	3644952.000000	0.000000e+00
2.062166e+01	3.760580e+00	1.972843e-03	3633496.000000	0.000000e+00
2.062366e+01	3.762726e+00	1.979268e-03	3614064.000000	0.000000e+00
2.062565e+01	3.771025e+00	1.989291e-03	3593536.000000	0.000000e+00
2.062764e+01	3.768304e+00	1.986796e-03	3597372.000000	0.000000e+00
2.062964e+01	3.773227e+00	1.994771e-03	3577996.000000	0.000000e+00
2.063164e+01	3.774593e+00	2.000238e-03	3561040.000000	0.000000e+00
2.063363e+01	3.778406e+00	2.006399e-03	3546360.000000	0.000000e+00
2.063562e+01	3.782441e+00	2.009042e-03	3544594.000000	0.000000e+00
2.063762e+01	3.784012e+00	2.015663e-03	3524268.000000	0.000000e+00
2.063961e+01	3.785665e+00	2.021481e-03	3507076.000000	0.000000e+00
2.064161e+01	3.790617e+00	2.026113e-03	3500196.000000	0.000000e+00
2.064360e+01	3.789411e+00	2.028168e-03	3490885.000000	0.000000e+00
2.064560e+01	3.789862e+00	2.034077e-03	3471460.000000	0.000000e+00
2.064759e+01	3.793576e+00	2.041052e-03	3454536.000000	0.000000e+00
2.064958e+01	3.798503e+00	2.044493e-03	3451864.000000	0.000000e+00
2.065158e+01	3.796554e+00	2.047053e-03	3439704.000000	0.000000e+00
2.065358e+01	3.800019e+00	2.055071e-03	3419146.000000	0.000000e+00
2.065557e+01	3.802937e+00	2.061659e-03	3402552.000000	0.000000e+00
2.065756e+01	3.807014e+00	2.063380e-03	3404164.000000	0.000000e+00
2.065956e+01	3.810141e+00	2.070226e-03	3387244.000000	0.000000e+00
2.066156e+01	3.817148e+00	2.079745e-03	3368664.000000	0.000000e+00
2.066355e+01	3.815791e+00	2.083698e-03	3353512.000000	0.000000e+00
2.066554e+01	3.819274e+00	2.085239e-03	3354672.000000	0.000000e+00
2.066754e+01	3.820698e+00	2.092270e-03	3334648.000000	0.000000e+00
2.066953e+01	3.821898e+00	2.098565e-03	3316756.000000	0.000000e+00
2.067153e+01	3.826348e+00	2.103395e-03	3309234.000000	0.000000e+00
2.067352e+01	3.825386e+00	2.105020e-03	3302464.000000	0.000000e+00
2.067552e+01	3.832644e+00	2.115289e-03	3282900.000000	0.000000e+00
2.067751e+01	3.834777e+00	2.122697e-03	3263656.000000	0.000000e+00
2.067950e+01	3.834290e+00	2.121126e-03	3267660.000000	0.000000e+00
2.068150e+01	3.839621e+00	2.130011e-03	3249472.000000	0.000000e+00
2.068350e+01	3.842509e+00	2.137157e-03	3232636.000000	0.000000e+00
2.068549e+01	3.847508e+00	2.145525e-03	3215820.000000	0.000000e+00
2.068748e+01	3.845353e+00	2.143175e-03	3219268.000000	0.000000e+00
2.068948e+01	3.850636e+00	2.152701e-03	3199614.000000	0.000000e+00
2.069148e+01	3.854982e+00	2.161526e-03	3180709.000000	0.000000e+00
2.069347e+01	3.856946e+00	2.165628e-03	3171900.000000	0.000000e+00
2.069546e+01	3.855338e+00	2.166417e-03	3166948.000000	0.000000e+00
2.069746e+01	3.862864e+00	2.176314e-03	3150472.000000	0.000000e+00
2.069945e+01	3.863274e+00	2.183235e-03	3131196.000000	0.000000e+00
2.070145e+01	3.863019e+00	2.184400e-03	3127444.000000	0.000000e+00
2.070344e+01	3.870081e+00	2.191854e-03	3117576.000000	0.000000e+00
2.070544e+01	3.869466e+00	2.197790e-03	3099772.000000	0.000000e+00
2.070743e+01	3.872295e+00	2.205916e-03	3081478.000000	0.000000e+00
2.070942e+01	3.873022e+00	2.205826e-03	3082884.000000	0.000000e+00
2.071142e+01	3.875817e+00	2.212478e-03	3068800.000000	0.000000e+00
2.071342e+01	3.880629e+00	2.222289e-03	3049320.000000	0.000000e+00
2.071541e+01	3.881721e+00	2.227283e-03	3037372.000000	0.000000e+00
2.071740e+01	3.883294e+00	2.228570e-03	3036324.000000	0.000000e+00
2.071940e+01	3.890578e+00	2.239494e-03	3018064.000000	0.000000e+00
2.072139e+01	3.895538e+00	2.248639e-03	3001204.000000	0.000000e+00
2.072339e+01	3.895405e+00	2.251875e-03	2992380.000000	0.000000e+00
2.072538e+01	3.895201e+00	2.253079e-03	2988868.000000	0.000000e+00
2.072738e+01	3.898716e+00	2.262705e-03	2968842.000000	0.000000e+00
2.072937e+01	3.902128e+00	2.271645e-03	2950681.000000	0.000000e+00
2.073136e+01	3.900660e+00	2.270075e-03	2952540.000000	0.000000e+00
2.073336e+01	3.904498e+00	2.277399e-03	2939356.000000	0.000000e+00
2.073536e+01	3.906462e+00	2.285901e-03	2920468.000000	0.000000e+00
2.073735e+01	3.910706e+00	2.295504e-03	2902380.000000	0.000000e+00
2.073934e+01	3.914272e+00	2.294741e-03	2909608.000000	0.000000e+00
2.074134e+01	3.916686e+00	2.303232e-03	2891760.000000	0.000000e+00
2.074334e+01	3.916330e+00	2.311110e-03	2871556.000000	0.000000e+00
2.074533e+01	3.920693e+00	2.317148e-03	2862978.000000	0.000000e+00
2.074732e+01	3.922847e+00	2.319891e-03	2859352.000000	0.000000e+00
2.074932e+01	3.927829e+00	2.329180e-03	2843800.000000	0.000000e+00
2.075131e+01	3.932240e+00	2.338964e-03	2826396.000000	0.000000e+00
2.075331e+01	3.937014e+00	2.344661e-03	2819512.000000	0.000000e+00
2.075530e+01	3.933510e+00	2.345442e-03	2812620.000000	0.000000e+00
2.075730e+01	3.932218e+00	2.351321e-03	2796736.000000	0.000000e+00
2.075929e+01	3.944310e+00	2.366004e-03	2779144.000000	0.000000e+00
2.076129e+01	3.943717e+00	2.365792e-03	2778807.000000	0.000000e+00
2.076328e+01	3.947015e+00	2.373635e-03	2765092.000000	0.000000e+00
2.076528e+01	3.952443e+00	2.383609e-03	2749548.000000	0.000000e+00
2.076727e+01	3.948686e+00	2.388535e-03	2733016.000000	0.000000e+00
2.076926e+01	3.955588e+00	2.390848e-03	2737272.000000	0.000000e+00
2.077126e+01	3.962415e+00	2.403073e-03	2718856.000000	0.000000e+00
2.077326e+01	3.961864e+00	2.410196e-03	2702056.000000	0.000000e+00
2.077525e+01	3.965876e+00	2.417189e-03	2691888.000000	0.000000e+00
2.077724e+01	3.964553e+00	2.416596e-03	2691412.000000	0.000000e+00
2.077924e+01	3.971585e+00	2.429100e-03	2673234.000000	0.000000e+00
2.078123e+01	3.976207e+00	2.440085e-03	2655388.000000	0.000000e+00
2.078323e+01	3.976673e+00	2.441919e-03	2652024.000000	0.000000e+00
2.078522e+01	3.978721e+00	2.446114e-03	2645656.000000	0.000000e+00
2.078722e+01	3.982356e+00	2.456973e-03	2627116.000000	0.000000e+00
2.078921e+01	3.986806e+00	2.468378e-03	2608716.000000	0.000000e+00
2.079120e+01	3.988350e+00	2.467354e-03	2612905.000000	0.000000e+00
2.079320e+01	3.989211e+00	2.474373e-03	2599224.000000	0.000000e+00
2.079520e+01	3.991116e+00	2.483649e-03	2582308.000000	0.000000e+00
2.079719e+01	3.995859e+00	2.493516e-03	2568006.000000	0.000000e+00
2.079918e+01	3.998035e+00	2.493739e-03	2570344.000000	0.000000e+00
2.080118e+01	4.001698e+00	2.504251e-03	2553484.000000	0.000000e+00
2.080318e+01	4.000960e+00	2.511877e-03	2537064.000000	0.000000e+00
2.080517e+01	4.012662e+00	2.522906e-03	2529664.000000	0.000000e+00
2.080716e+01	4.009127e+00	2.523015e-03	2524992.000000	0.000000e+00
2.080916e+01	4.012414e+00	2.533682e-03	2507884.000000	0.000000e+00
2.081115e+01	4.014353e+00	2.542656e-03	2492620.000000	0.000000e+00
2.081315e+01	4.017535e+00	2.545378e-03	2491236.000000	0.000000e+00
2.081514e+01	4.019462e+00	2.552625e-03	2479486.000000	0.000000e+00
2.081714e+01	4.021437e+00	2.561647e-03	2464473.000000	0.000000e+00
2.081913e+01	4.023449e+00	2.571308e-03	2448436.000000	0.000000e+00
2.082112e+01	4.030740e+00	2.573738e-03	2452680.000000	0.000000e+00
2.082312e+01	4.031290e+00	2.582630e-03	2436484.000000	0.000000e+00
2.082512e+01	4.032951e+00	2.592565e-03	2419840.000000	0.000000e+00
2.082711e+01	4.042397e+00	2.604613e-03	2408748.000000	0.000000e+00
2.082910e+01	4.042635e+00	2.604155e-03	2409880.000000	0.000000e+00
2.083110e+01	4.047250e+00	2.615983e-03	2393592.000000	0.000000e+00
2.083309e+01	4.043931e+00	2.623293e-03	2376370.000000	0.000000e+00
2.083509e+01	4.047349e+00	2.629409e-03	2369328.000000	0.000000e+00
2.083708e+01	4.047273e+00	2.630510e-03	2367256.000000	0.000000e+00
2.083908e+01	4.059659e+00	2.647993e-03	2350420.000000	0.000000e+00
2.084107e+01	4.055943e+00	2.655495e-03	2332881.000000	0.000000e+00
2.084306e+01	4.066209e+00	2.661891e-03	2333452.000000	0.000000e+00
2.084506e+01	4.066670e+00	2.667647e-03	2323920.000000	0.000000e+00
2.084706e+01	4.066157e+00	2.677260e-03	2306680.000000	0.000000e+00
2.084905e+01	4.073330e+00	2.691502e-03	2290392.000000	0.000000e+00
2.085104e+01	4.072519e+00	2.687183e-03	2296846.000000	0.000000e+00
2.085304e+01	4.077725e+00	2.700651e-03	2279812.000000	0.000000e+00
2.085504e+01	4.076094e+00	2.709015e-03	2263944.000000	0.000000e+00
2.085703e+01	4.080618e+00	2.716811e-03	2255968.000000	0.000000e+00
2.085902e+01	4.086364e+00	2.721392e-03	2254716.000000	0.000000e+00
2.086102e+01	4.087642e+00	2.732806e-03	2237320.000000	0.000000e+00
2.086301e+01	4.094724e+00	2.747033e-03	2221885.000000	0.000000e+00
2.086501e+01	4.090065e+00	2.745428e-03	2219424.000000	0.000000e+00
2.086700e+01	4.092877e+00	2.751594e-03	2212528.000000	0.000000e+00
2.086900e+01	4.100184e+00	2.767023e-03	2195742.000000	0.000000e+00
2.087099e+01	4.102057e+00	2.778174e-03	2180140.000000	0.000000e+00
2.087298e+01	4.113037e+00	2.784296e-03	2182200.000000	0.000000e+00
2.087498e+01	4.108445e+00	2.787730e-03	2171968.000000	0.000000e+00
2.087698e+01	4.108936e+00	2.799353e-03	2154484.000000	0.000000e+00
2.087897e+01	4.112822e+00	2.811446e-03	2140032.000000	0.000000e+00
2.088096e+01	4.120140e+00	2.812404e-03	2146192.000000	0.000000e+00
2.088296e+01	4.119963e+00	2.823167e-03	2129676.000000	0.000000e+00
2.088496e+01	4.127740e+00	2.838988e-03	2113963.000000	0.000000e+00
2.088695e+01	4.129217e+00	2.846050e-03	2104992.000000	0.000000e+00
2.088894e+01	4.130767e+00	2.847302e-03	2104720.000000	0.000000e+00
2.089094e+01	4.138681e+00	2.863528e-03	2088916.000000	0.000000e+00
2.089293e+01	4.141267e+00	2.876138e-03	2073228.000000	0.000000e+00
2.089493e+01	4.144752e+00	2.880632e-03	2070244.000000	0.000000e+00
2.089692e+01	4.142707e+00	2.883378e-03	2064264.000000	0.000000e+00
2.089892e+01	4.147234e+00	2.897843e-03	2048176.000000	0.000000e+00
2.090091e+01	4.149766e+00	2.910701e-03	2032600.000000	0.000000e+00
2.090290e+01	4.152685e+00	2.909425e-03	2037246.000000	0.000000e+00
2.090490e+01	4.147535e+00	2.915938e-03	2023129.000000	0.000000e+00
2.090690e+01	4.158115e+00	2.934310e-03	2008080.000000	0.000000e+00
2.090889e+01	4.163773e+00	2.946915e-03	1996360.000000	0.000000e+00
2.091088e+01	4.161203e+00	2.941971e-03	2000604.000000	0.000000e+00
2.091288e+01	4.162318e+00	2.956031e-03	1982680.000000	0.000000e+00
2.091487e+01	4.169771e+00	2.972254e-03	1968124.000000	0.000000e+00
2.091687e+01	4.172521e+00	2.977705e-03	1963512.000000	0.000000e+00
2.091886e+01	4.178713e+00	2.984402e-03	1960516.000000	0.000000e+00
2.092086e+01	4.183895e+00	3.001238e-03	1943394.000000	0.000000e+00
2.092285e+01	4.181037e+00	3.010513e-03	1928800.000000	0.000000e+00
2.092484e+01	4.189539e+00	3.015880e-03	1929765.000000	0.000000e+00
2.092684e+01	4.192050e+00	3.023789e-03	1921984.000000	0.000000e+00
2.092884e+01	4.192670e+00	3.037704e-03	1904980.000000	0.000000e+00
2.093083e+01	4.194933e+00	3.051675e-03	1889616.000000	0.000000e+00
2.093282e+01	4.202842e+00	3.051376e-03	1897120.000000	0.000000e+00
2.093482e+01	4.203119e+00	3.062671e-03	1883400.000000	0.000000e+00
2.093682e+01	4.215603e+00	3.085552e-03	1866610.000000	0.000000e+00
2.093881e+01	4.209240e+00	3.089815e-03	1855848.000000	0.000000e+00
2.094080e+01	4.215656e+00	3.091804e-03	1859116.000000	0.000000e+00
2.094280e+01	4.218445e+00	3.106035e-03	1844557.000000	0.000000e+00
2.094480e+01	4.225218e+00	3.124723e-03	1828416.000000	0.000000e+00
2.094679e+01	4.225053e+00	3.128019e-03	1824424.000000	0.000000e+00
2.094878e+01	4.234013e+00	3.138435e-03	1820028.000000	0.000000e+00
2.095078e+01	4.225037e+00	3.143291e-03	1806724.000000	0.000000e+00
2.095277e+01	4.232786e+00	3.163100e-03	1790716.000000	0.000000e+00
2.095476e+01	4.238273e+00	3.165830e-03	1792266.000000	0.000000e+00
2.095676e+01	4.240050e+00	3.175260e-03	1783132.000000	0.000000e+00
2.095876e+01	4.243659e+00	3.190811e-03	1768800.000000	0.000000e+00
2.096075e+01	4.245672e+00	3.205618e-03	1754161.000000	0.000000e+00
2.096274e+01	4.243407e+00	3.197821e-03	1760844.000000	0.000000e+00
2.096474e+01	4.258548e+00	3.223517e-03	1745272.000000	0.000000e+00
2.096674e+01	4.259177e+00	3.237164e-03	1731100.000000	0.000000e+00
2.096873e+01	4.257499e+00	3.242958e-03	1723560.000000	0.000000e+00
2.097072e+01	4.259307e+00	3.244100e-03	1723810.000000	0.000000e+00
2.097272e+01	4.267239e+00	3.265176e-03	1707972.000000	0.000000e+00
2.097471e+01	4.273900e+00	3.283550e-03	1694188.000000	0.000000e+00
2.097670e+01	4.272817e+00	3.283782e-03	1693089.000000	0.000000e+00
2.097870e+01	4.274430e+00	3.290173e-03	1687792.000000	0.000000e+00
2.098070e+01	4.287395e+00	3.316677e-03	1671016.000000	0.000000e+00
2.098269e+01	4.284062e+00	3.327909e-03	1657176.000000	0.000000e+00
2.098468e+01	4.292700e+00	3.328475e-03	1663300.000000	0.000000e+00
2.098669e+01	4.292505e+00	3.339986e-03	1651704.000000	0.000000e+00
2.098868e+01	4.296983e+00	3.360669e-03	1634842.000000	0.000000e+00
2.099067e+01	4.305019e+00	3.379140e-03	1623072.000000	0.000000e+00
2.099266e+01	4.304199e+00	3.370738e-03	1630552.000000	0.000000e+00
2.099466e+01	4.306255e+00	3.387505e-03	1615993.000000	0.000000e+00
2.099666e+01	4.311670e+00	3.408602e-03	1600068.000000	0.000000e+00
2.099865e+01	4.308847e+00	3.413760e-03	1593148.000000	0.000000e+00
2.100064e+01	4.312959e+00	3.416199e-03	1593912.000000	0.000000e+00
2.100264e+01	4.317040e+00	3.434209e-03	1580224.000000	0.000000e+00
2.100463e+01	4.325363e+00	3.457504e-03	1565020.000000	0.000000e+00
2.100662e+01	4.329853e+00	3.462511e-03	1563738.000000	0.000000e+00
2.100862e+01	4.326469e+00	3.465410e-03	1558684.000000	0.000000e+00
2.101062e+01	4.328894e+00	3.482663e-03	1545009.000000	0.000000e+00
2.101261e+01	4.332297e+00	3.501832e-03	1530544.000000	0.000000e+00
2.101460e+01	4.342116e+00	3.503982e-03	1535604.000000	0.000000e+00
2.101660e+01	4.340883e+00	3.517235e-03	1523188.000000	0.000000e+00
2.101860e+01	4.343941e+00	3.534586e-03	1510396.000000	0.000000e+00
2.102059e+01	4.351483e+00	3.553568e-03	1499496.000000	0.000000e+00
2.102258e+01	4.352834e+00	3.550075e-03	1503382.000000	0.000000e+00
2.102458e+01	4.357748e+00	3.572217e-03	1488156.000000	0.000000e+00
2.102658e+01	4.357761e+00	3.587359e-03	1475629.000000	0.000000e+00
2.102857e+01	4.363941e+00	3.597028e-03	1471872.000000	0.000000e+00
2.103057e+01	4.366832e+00	3.602285e-03	1469524.000000	0.000000e+00
2.103256e+01	4.369155e+00	3.623636e-03	1453804.000000	0.000000e+00
2.103455e+01	4.374498e+00	3.644550e-03	1440684.000000	0.000000e+00
2.103654e+01	4.370883e+00	3.636841e-03	1444408.000000	0.000000e+00
2.103855e+01	4.377019e+00	3.652221e-03	1436292.000000	0.000000e+00
2.104054e+01	4.391195e+00	3.685068e-03	1419955.000000	0.000000e+00
2.104253e+01	4.386225e+00	3.698587e-03	1406404.000000	0.000000e+00
2.104452e+01	4.393426e+00	3.691053e-03	1416792.000000	0.000000e+00
2.104653e+01	4.390354e+00	3.707054e-03	1402624.000000	0.000000e+00
2.104852e+01	4.394303e+00	3.731088e-03	1387104.000000	0.000000e+00
2.105050e+01	4.400311e+00	3.747288e-03	1378900.000000	0.000000e+00
2.105250e+01	4.403660e+00	3.743066e-03	1384116.000000	0.000000e+00
2.105450e+01	4.406621e+00	3.765479e-03	1369528.000000	0.000000e+00
2.105650e+01	4.416205e+00	3.794787e-03	1354327.000000	0.000000e+00
2.105848e+01	4.414909e+00	3.797033e-03	1351932.000000	0.000000e+00
2.106048e+01	4.421159e+00	3.804175e-03	1350676.000000	0.000000e+00
2.106248e+01	4.420410e+00	3.822860e-03	1337052.000000	0.000000e+00
2.106447e+01	4.432465e+00	3.855350e-03	1321792.000000	0.000000e+00
2.106646e+01	4.429590e+00	3.846817e-03	1325940.000000	0.000000e+00
2.106846e+01	4.434471e+00	3.862603e-03	1318024.000000	0.000000e+00
2.107046e+01	4.435043e+00	3.883347e-03	1304317.000000	0.000000e+00
2.107245e+01	4.441487e+00	3.908812e-03	1291122.000000	0.000000e+00
2.107444e+01	4.442963e+00	3.898987e-03	1298500.000000	0.000000e+00
2.107644e+01	4.444596e+00	3.919415e-03	1285944.000000	0.000000e+00
2.107844e+01	4.453331e+00	3.948801e-03	1271860.000000	0.000000e+00
2.108043e+01	4.454517e+00	3.958872e-03	1266072.000000	0.000000e+00
2.108242e+01	4.467965e+00	3.970178e-03	1266484.000000	0.000000e+00
2.108442e+01	4.462267e+00	3.985182e-03	1253761.000000	0.000000e+00
2.108641e+01	4.462177e+00	4.006714e-03	1240272.000000	0.000000e+00
2.108840e+01	4.469659e+00	4.012630e-03	1240768.000000	0.000000e+00
2.109041e+01	4.473567e+00	4.025509e-03	1234998.000000	0.000000e+00
2.109240e+01	4.472854e+00	4.045799e-03	1222252.000000	0.000000e+00
2.109439e+01	4.483005e+00	4.076956e-03	1209112.000000	0.000000e+00
2.109638e+01	4.491044e+00	4.072608e-03	1216044.000000	0.000000e+00
2.109839e+01	4.491174e+00	4.092888e-03	1204093.000000	0.000000e+00
2.110038e+01	4.497150e+00	4.120945e-03	1190916.000000	0.000000e+00
2.110236e+01	4.498422e+00	4.139281e-03	1181056.000000	0.000000e+00
2.110436e+01	4.503555e+00	4.130728e-03	1188660.000000	0.000000e+00
2.110637e+01	4.496894e+00	4.151129e-03	1173526.000000	0.000000e+00
2.110836e+01	4.501983e+00	4.180275e-03	1159840.000000	0.000000e+00
2.111034e+01	4.509817e+00	4.192178e-03	1157280.000000	0.000000e+00
2.111234e+01	4.506380e+00	4.188005e-03	1157821.000000	0.000000e+00
2.111435e+01	4.514337e+00	4.222246e-03	1143144.000000	0.000000e+00
2.111633e+01	4.525059e+00	4.257888e-03	1129432.000000	0.000000e+00
2.111832e+01	4.522688e+00	4.247661e-03	1133688.000000	0.000000e+00
2.112033e+01	4.524924e+00	4.260682e-03	1127884.000000	0.000000e+00
2.112232e+01	4.537034e+00	4.300164e-03	1113202.000000	0.000000e+00
2.112431e+01	4.532011e+00	4.321756e-03	1099668.000000	0.000000e+00
2.112630e+01	4.546229e+00	4.316862e-03	1109089.000000	0.000000e+00
2.112831e+01	4.548088e+00	4.339858e-03	1098264.000000	0.000000e+00
2.113030e+01	4.551454e+00	4.370655e-03	1084444.000000	0.000000e+00
2.113229e+01	4.552013e+00	4.392370e-03	1074012.000000	0.000000e+00
2.113428e+01	4.561981e+00	4.387055e-03	1081336.000000	0.000000e+00
2.113629e+01	4.562162e+00	4.413090e-03	1068700.000000	0.000000e+00
2.113828e+01	4.574366e+00	4.452164e-03	1055649.000000	0.000000e+00
2.114026e+01	4.564091e+00	4.451583e-03	1051186.000000	0.000000e+00
2.114226e+01	4.580998e+00	4.466183e-03	1052076.000000	0.000000e+00
2.114426e+01	4.579755e+00	4.491217e-03	1039816.000000	0.000000e+00
2.114625e+01	4.580599e+00	4.521359e-03	1026376.000000	0.000000e+00
2.114824e+01	4.572189e+00	4.507379e-03	1028964.000000	0.000000e+00
2.115024e+01	4.590005e+00	4.538052e-03	1023028.000000	0.000000e+00
2.115224e+01	4.596434e+00	4.570960e-03	1011177.000000	0.000000e+00
2.115423e+01	4.589746e+00	4.594214e-03	998056.000000	0.000000e+00
2.115622e+01	4.598683e+00	4.581857e-03	1007358.000000	0.000000e+00
2.115823e+01	4.605008e+00	4.618244e-03	994276.000000	0.000000e+00
2.116022e+01	4.608218e+00	4.648954e-03	982552.000000	0.000000e+00
2.116221e+01	4.609866e+00	4.663716e-03	977040.000000	0.000000e+00
2.116420e+01	4.608357e+00	4.657842e-03	978865.000000	0.000000e+00
2.116621e+01	4.619097e+00	4.700325e-03	965736.000000	0.000000e+00
2.116819e+01	4.628112e+00	4.736789e-03	954640.000000	0.000000e+00
2.117018e+01	4.633549e+00	4.741351e-03	955044.000000	0.000000e+00
2.117219e+01	4.627208e+00	4.742949e-03	951790.000000	0.000000e+00
2.117418e+01	4.631162e+00	4.780342e-03	938560.000000	0.000000e+00
2.117617e+01	4.635613e+00	4.814406e-03	927105.000000	0.000000e+00
2.117816e+01	4.640140e+00	4.803015e-03	933328.000000	0.000000e+00
2.118017e+01	4.643928e+00	4.828913e-03	924852.000000	0.000000e+00
2.118216e+01	4.653229e+00	4.876334e-03	910588.000000	0.000000e+00
2.118414e+01	4.657197e+00	4.905619e-03	901284.000000	0.000000e+00
2.118614e+01	4.655356e+00	4.875480e-03	911740.000000	0.000000e+00
2.118815e+01	4.664189e+00	4.922765e-03	897706.000000	0.000000e+00
2.119014e+01	4.664208e+00	4.961370e-03	883797.000000	0.000000e+00
2.119212e+01	4.671047e+00	4.976266e-03	881092.000000	0.000000e+00
2.119412e+01	4.675180e+00	4.970839e-03	884580.000000	0.000000e+00
2.119613e+01	4.672560e+00	5.006082e-03	871192.000000	0.000000e+00
2.119811e+01	4.681998e+00	5.057357e-03	857068.000000	0.000000e+00
2.120010e+01	4.676780e+00	5.040348e-03	860940.000000	0.000000e+00
2.120211e+01	4.690897e+00	5.064532e-03	857893.000000	0.000000e+00
2.120411e+01	4.703311e+00	5.114374e-03	845712.000000	0.000000e+00
2.120609e+01	4.700740e+00	5.157788e-03	830626.000000	0.000000e+00
2.120808e+01	4.705045e+00	5.130987e-03	840864.000000	0.000000e+00
2.121009e+01	4.705944e+00	5.158600e-03	832204.000000	0.000000e+00
2.121208e+01	4.718806e+00	5.212728e-03	819472.000000	0.000000e+00
2.121406e+01	4.718493e+00	5.246045e-03	808989.000000	0.000000e+00
2.121606e+01	4.716189e+00	5.216602e-03	817348.000000	0.000000e+00
2.121807e+01	4.725216e+00	5.261946e-03	806400.000000	0.000000e+00
2.122006e+01	4.712279e+00	5.286652e-03	794512.000000	0.000000e+00
2.122204e+01	4.726338e+00	5.319964e-03	789282.000000	0.000000e+00
2.122404e+01	4.743720e+00	5.330104e-03	792076.000000	0.000000e+00
2.122605e+01	4.743190e+00	5.366063e-03	781321.000000	0.000000e+00
2.122803e+01	4.746468e+00	5.412210e-03	769116.000000	0.000000e+00
2.123002e+01	4.750267e+00	5.410243e-03	770908.000000	0.000000e+00
2.123203e+01	4.754716e+00	5.429032e-03	767016.000000	0.000000e+00
2.123402e+01	4.749798e+00	5.462035e-03	756208.000000	0.000000e+00
2.123601e+01	4.750090e+00	5.508599e-03	743569.000000	0.000000e+00
2.123800e+01	4.763144e+00	5.488753e-03	753078.000000	0.000000e+00
2.124001e+01	4.758524e+00	5.522158e-03	742552.000000	0.000000e+00
2.124200e+01	4.770054e+00	5.579182e-03	730980.000000	0.000000e+00
2.124398e+01	4.779020e+00	5.610648e-03	725524.000000	0.000000e+00
2.124598e+01	4.779060e+00	5.595413e-03	729492.000000	0.000000e+00
2.124799e+01	4.784135e+00	5.647385e-03	717649.000000	0.000000e+00
2.124997e+01	4.786916e+00	5.692694e-03	707092.000000	0.000000e+00
2.125196e+01	4.790825e+00	5.696827e-03	707220.000000	0.000000e+00
2.125397e+01	4.800494e+00	5.714201e-03	705766.000000	0.000000e+00
2.125597e+01	4.801628e+00	5.764961e-03	693720.000000	0.000000e+00
2.125795e+01	4.808125e+00	5.815914e-03	683464.000000	0.000000e+00
2.125994e+01	4.805753e+00	5.785912e-03	689889.000000	0.000000e+00
2.126195e+01	4.820812e+00	5.836847e-03	682156.000000	0.000000e+00
2.126394e+01	4.815508e+00	5.883185e-03	669976.000000	0.000000e+00
2.126592e+01	4.828415e+00	5.941532e-03	660408.000000	0.000000e+00
2.126792e+01	4.828049e+00	5.887812e-03	672412.000000	0.000000e+00
2.126993e+01	4.834056e+00	5.956583e-03	658611.000000	0.000000e+00
2.127192e+01	4.836436e+00	6.012380e-03	647080.000000	0.000000e+00
2.127390e+01	4.830205e+00	6.020809e-03	643608.000000	0.000000e+00
2.127590e+01	4.838475e+00	6.004568e-03	649312.000000	0.000000e+00
2.127791e+01	4.842922e+00	6.073442e-03	635836.000000	0.000000e+00
2.127989e+01	4.859676e+00	6.153402e-03	623712.000000	0.000000e+00
2.128188e+01	4.857631e+00	6.132371e-03	627469.000000	0.000000e+00
2.128389e+01	4.863279e+00	6.144031e-03	626544.000000	0.000000e+00
2.128589e+01	4.867600e+00	6.213436e-03	613714.000000	0.000000e+00
2.128787e+01	4.881511e+00	6.297513e-03	600856.000000	0.000000e+00
2.128985e+01	4.882266e+00	6.244736e-03	611244.000000	0.000000e+00
2.129187e+01	4.884107e+00	6.283022e-03	604273.000000	0.000000e+00
2.129387e+01	4.888339e+00	6.355979e-03	591504.000000	0.000000e+00
2.129584e+01	4.892660e+00	6.416350e-03	581452.000000	0.000000e+00
2.129784e+01	4.899829e+00	6.364660e-03	592668.000000	0.000000e+00
2.129985e+01	4.900750e+00	6.421793e-03	582388.000000	0.000000e+00
2.130184e+01	4.906555e+00	6.501229e-03	569590.000000	0.000000e+00
2.130382e+01	4.919758e+00	6.540607e-03	565785.000000	0.000000e+00
2.130582e+01	4.920277e+00	6.509716e-03	571288.000000	0.000000e+00
2.130783e+01	4.934495e+00	6.589103e-03	560832.000000	0.000000e+00
2.130982e+01	4.930335e+00	6.659769e-03	548068.000000	0.000000e+00
2.131180e+01	4.919937e+00	6.630450e-03	550596.000000	0.000000e+00
2.131381e+01	4.934552e+00	6.652387e-03	550225.000000	0.000000e+00
2.131581e+01	4.939807e+00	6.726238e-03	539356.000000	0.000000e+00
2.131779e+01	4.939129e+00	6.804797e-03	526830.000000	0.000000e+00
2.131977e+01	4.947365e+00	6.757762e-03	535972.000000	0.000000e+00
2.132179e+01	4.946550e+00	6.802134e-03	528828.000000	0.000000e+00
2.132379e+01	4.959967e+00	6.886286e-03	518785.000000	0.000000e+00
2.132576e+01	4.970308e+00	6.956714e-03	510456.000000	0.000000e+00
2.132776e+01	4.960546e+00	6.896009e-03	517444.000000	0.000000e+00
2.132977e+01	4.973126e+00	6.978453e-03	507856.000000	0.000000e+00
2.133176e+01	4.968860e+00	7.039006e-03	498300.000000	0.000000e+00
2.133374e+01	4.966518e+00	7.050830e-03	496162.000000	0.000000e+00
2.133574e+01	4.980147e+00	7.063698e-03	497073.000000	0.000000e+00
2.133775e+01	4.987356e+00	7.138092e-03	488176.000000	0.000000e+00
2.133973e+01	4.991588e+00	7.222332e-03	477664.000000	0.000000e+00
2.134172e+01	4.998086e+00	7.195074e-03	482544.000000	0.000000e+00
2.134373e+01	5.002598e+00	7.241903e-03	477184.000000	0.000000e+00
2.134573e+01	4.999751e+00	7.309975e-03	467805.000000	0.000000e+00
2.134770e+01	5.020307e+00	7.418895e-03	457912.000000	0.000000e+00
2.134970e+01	5.009132e+00	7.310600e-03	469482.000000	0.000000e+00
2.135171e+01	5.024136e+00	7.431959e-03	457000.000000	0.000000e+00
2.135370e+01	5.046486e+00	7.533076e-03	448780.000000	0.000000e+00
2.135568e+01	5.038273e+00	7.557235e-03	444465.000000	0.000000e+00
2.135768e+01	5.029461e+00	7.497045e-03	450052.000000	0.000000e+00
2.135969e+01	5.046915e+00	7.628056e-03	437748.000000	0.000000e+00
2.136167e+01	5.043457e+00	7.695603e-03	429508.000000	0.000000e+00
2.136366e+01	5.054070e+00	7.692087e-03	431712.000000	0.000000e+00
2.136567e+01	5.061872e+00	7.706469e-03	431431.000000	0.000000e+00
2.136767e+01	5.059517e+00	7.818704e-03	418744.000000	0.000000e+00
2.136964e+01	5.064697e+00	7.906335e-03	410352.000000	0.000000e+00
2.137163e+01	5.058579e+00	7.808867e-03	419644.000000	0.000000e+00
2.137366e+01	5.077099e+00	7.907104e-03	412284.000000	0.000000e+00
2.137565e+01	5.070984e+00	8.013874e-03	400405.000000	0.000000e+00
2.137761e+01	5.097871e+00	8.130048e-03	393180.000000	0.000000e+00
2.137961e+01	5.090284e+00	7.986040e-03	406276.000000	0.000000e+00
2.138164e+01	5.103593e+00	8.135843e-03	393502.000000	0.000000e+00
2.138362e+01	5.104518e+00	8.256236e-03	382248.000000	0.000000e+00
2.138559e+01	5.104054e+00	8.263912e-03	381469.000000	0.000000e+00
2.138760e+01	5.114004e+00	8.205261e-03	388452.000000	0.000000e+00
2.138962e+01	5.116862e+00	8.349214e-03	375592.000000	0.000000e+00
2.139159e+01	5.113789e+00	8.474346e-03	364144.000000	0.000000e+00
2.139357e+01	5.124398e+00	8.422866e-03	370140.000000	0.000000e+00
2.139559e+01	5.115836e+00	8.402925e-03	370657.000000	0.000000e+00
2.139760e+01	5.109134e+00	8.541673e-03	357774.000000	0.000000e+00
2.139956e+01	5.150448e+00	8.746171e-03	346780.000000	0.000000e+00
2.140154e+01	5.124411e+00	8.549952e-03	359220.000000	0.000000e+00
2.140358e+01	5.153286e+00	8.671978e-03	353128.000000	0.000000e+00
2.140558e+01	5.150924e+00	8.827727e-03	340465.000000	0.000000e+00
2.140753e+01	5.153792e+00	8.937701e-03	332508.000000	0.000000e+00
2.140953e+01	5.159358e+00	8.778177e-03	345448.000000	0.000000e+00
2.141156e+01	5.171270e+00	8.917785e-03	336264.000000	0.000000e+00
2.141355e+01	5.175154e+00	9.105389e-03	323035.000000	0.000000e+00
2.141551e+01	5.186314e+00	9.131910e-03	322548.000000	0.000000e+00
2.141752e+01	5.181162e+00	9.035634e-03	328804.000000	0.000000e+00
2.141954e+01	5.197185e+00	9.191778e-03	319696.000000	0.000000e+00
2.142152e+01	5.185245e+00	9.371808e-03	306120.000000	0.000000e+00
2.142348e+01	5.191152e+00	9.285962e-03	312517.000000	0.000000e+00
2.142551e+01	5.206713e+00	9.314886e-03	312444.000000	0.000000e+00
2.142752e+01	5.200273e+00	9.443436e-03	303244.000000	0.000000e+00
2.142948e+01	5.190032e+00	9.645001e-03	289558.000000	0.000000e+00
2.143146e+01	5.212620e+00	9.469667e-03	303000.000000	0.000000e+00
2.143349e+01	5.202159e+00	9.553741e-03	296497.000000	0.000000e+00
2.143550e+01	5.226931e+00	9.750380e-03	287376.000000	0.000000e+00
2.143745e+01	5.228907e+00	9.911485e-03	278320.000000	0.000000e+00
2.143945e+01	5.234337e+00	9.741038e-03	288744.000000	0.000000e+00
2.144148e+01	5.250307e+00	9.904759e-03	280984.000000	0.000000e+00
2.144347e+01	5.250149e+00	1.007150e-02	271741.000000	0.000000e+00
2.144543e+01	5.235359e+00	1.009533e-02	268938.000000	0.000000e+00
2.144744e+01	5.241634e+00	1.002351e-02	273460.000000	0.000000e+00
2.144946e+01	5.241015e+00	1.016617e-02	265776.000000	0.000000e+00
2.145143e+01	5.262266e+00	1.039614e-02	256213.000000	0.000000e+00
2.145341e+01	5.265588e+00	1.032659e-02	260004.000000	0.000000e+00
2.145543e+01	5.264657e+00	1.035387e-02	258544.000000	0.000000e+00
2.145744e+01	5.283497e+00	1.054903e-02	250852.000000	0.000000e+00
2.145939e+01	5.291598e+00	1.077587e-02	241140.000000	0.000000e+00
2.146138e+01	5.294587e+00	1.056227e-02	251275.000000	0.000000e+00
2.146342e+01	5.299648e+00	1.072706e-02	244080.000000	0.000000e+00
2.146541e+01	5.288922e+00	1.087860e-02	236368.000000	0.000000e+00
2.146737e+01	5.330242e+00	1.105042e-02	232668.000000	0.000000e+00
2.146938e+01	5.314214e+00	1.092120e-02	236776.000000	0.000000e+00
2.147140e+01	5.309239e+00	1.107532e-02	229801.000000	0.000000e+00
2.147338e+01	5.350084e+00	1.135001e-02	222192.000000	0.000000e+00
2.147536e+01	5.322724e+00	1.122868e-02	224704.000000	0.000000e+00
2.147737e+01	5.345694e+00	1.133504e-02	222414.000000	0.000000e+00
2.147938e+01	5.318584e+00	1.144756e-02	215857.000000	0.000000e+00
2.148134e+01	5.346289e+00	1.171171e-02	208384.000000	0.000000e+00
2.148333e+01	5.356516e+00	1.150591e-02	216732.000000	0.000000e+00
2.148536e+01	5.365290e+00	1.174184e-02	208792.000000	0.000000e+00
2.148735e+01	5.362775e+00	1.192010e-02	202404.000000	0.000000e+00
2.148930e+01	5.361029e+00	1.208724e-02	196717.000000	0.000000e+00
2.149131e+01	5.352472e+00	1.176558e-02	206958.000000	0.000000e+00
2.149335e+01	5.374819e+00	1.215202e-02	195628.000000	0.000000e+00
2.149532e+01	5.377688e+00	1.236345e-02	189196.000000	0.000000e+00
2.149728e+01	5.406926e+00	1.239909e-02	190161.000000	0.000000e+00
2.149931e+01	5.404833e+00	1.229859e-02	193132.000000	0.000000e+00
2.150133e+01	5.399957e+00	1.262596e-02	182916.000000	0.000000e+00
2.150328e+01	5.364455e+00	1.277454e-02	176344.000000	0.000000e+00
2.150526e+01	5.423094e+00	1.265518e-02	183636.000000	0.000000e+00
2.150731e+01	5.422004e+00	1.279105e-02	179683.000000	0.000000e+00
2.150931e+01	5.418820e+00	1.312975e-02	170332.000000	0.000000e+00
2.151123e+01	5.401453e+00	1.333729e-02	164016.000000	0.000000e+00
2.151324e+01	5.441715e+00	1.291815e-02	177448.000000	0.000000e+00
2.151530e+01	5.458586e+00	1.337419e-02	166581.000000	0.000000e+00
2.151727e+01	5.426778e+00	1.364080e-02	158272.000000	0.000000e+00
2.151920e+01	5.451544e+00	1.381258e-02	155772.000000	0.000000e+00
2.152124e+01	5.445667e+00	1.328876e-02	167932.000000	0.000000e+00
2.152330e+01	5.478340e+00	1.397727e-02	153622.000000	0.000000e+00
2.152523e+01	5.432611e+00	1.418630e-02	146649.000000	0.000000e+00
2.152718e+01	5.480066e+00	1.412726e-02	150472.000000	0.000000e+00
2.152925e+01	5.471484e+00	1.385937e-02	155856.000000	0.000000e+00
2.153128e+01	5.476540e+00	1.457393e-02	141208.000000	0.000000e+00
2.153318e+01	5.478256e+00	1.488937e-02	135373.000000	0.000000e+00
2.153516e+01	5.482562e+00	1.437078e-02	145548.000000	0.000000e+00
2.153725e+01	5.463395e+00	1.439891e-02	143968.000000	0.000000e+00
2.153925e+01	5.482397e+00	1.524477e-02	129330.000000	0.000000e+00
2.154111e+01	5.516492e+00	1.564253e-02	124369.000000	0.000000e+00
2.154313e+01	5.520555e+00	1.469252e-02	141180.000000	0.000000e+00
2.154525e+01	5.511898e+00	1.518666e-02	131728.000000	0.000000e+00
2.154721e+01	5.534105e+00	1.608262e-02	118408.000000	0.000000e+00
2.154909e+01	5.553509e+00	1.609368e-02	119076.000000	0.000000e+00
2.155115e+01	5.550350e+00	1.530184e-02	131569.000000	0.000000e+00
2.155325e+01	5.538604e+00	1.600499e-02	119754.000000	0.000000e+00
2.155516e+01	5.556536e+00	1.690112e-02	108088.000000	0.000000e+00
2.155707e+01	5.529661e+00	1.628937e-02	115236.000000	0.000000e+00
2.155916e+01	5.554638e+00	1.595600e-02	121189.000000	0.000000e+00
2.156123e+01	5.558135e+00	1.690879e-02	108052.000000	0.000000e+00
2.156309e+01	5.566902e+00	1.777593e-02	98076.000000	0.000000e+00
2.156504e+01	5.567806e+00	1.665039e-02	111820.000000	0.000000e+00
2.156718e+01	5.606526e+00	1.682913e-02	110985.000000	0.000000e+00
2.156921e+01	5.576529e+00	1.791791e-02	96862.000000	0.000000e+00
2.157101e+01	5.628952e+00	1.884501e-02	89220.000000	0.000000e+00
2.157302e+01	5.564598e+00	1.693410e-02	107980.000000	0.000000e+00
2.157519e+01	5.597460e+00	1.761140e-02	101017.000000	0.000000e+00
2.157717e+01	5.649590e+00	1.926181e-02	86028.000000	0.000000e+00
2.157898e+01	5.590920e+00	1.900574e-02	86536.000000	0.000000e+00
2.158104e+01	5.600128e+00	1.782540e-02	98700.000000	0.000000e+00
2.158319e+01	5.621290e+00	1.861354e-02	91204.000000	0.000000e+00
2.158511e+01	5.617066e+00	2.042326e-02	75643.000000	0.000000e+00
2.158695e+01	5.633634e+00	1.940603e-02	84276.000000	0.000000e+00
2.158907e+01	5.631189e+00	1.878525e-02	89860.000000	0.000000e+00
2.159119e+01	5.650948e+00	1.983192e-02	81192.000000	0.000000e+00
2.159301e+01	5.625721e+00	2.188202e-02	66097.000000	0.000000e+00
2.159492e+01	5.681453e+00	1.979612e-02	82368.000000	0.000000e+00
2.159709e+01	5.641528e+00	1.978960e-02	81268.000000	0.000000e+00
2.159917e+01	5.661827e+00	2.131853e-02	70534.000000	0.000000e+00
2.160091e+01	5.683348e+00	2.313575e-02	60345.000000	0.000000e+00
2.160291e+01	5.678832e+00	2.027844e-02	78424.000000	0.000000e+00
2.160512e+01	5.685372e+00	2.104481e-02	72984.000000	0.000000e+00
2.160712e+01	5.687447e+00	2.320190e-02	60088.000000	0.000000e+00
2.160887e+01	5.707240e+00	2.346513e-02	59157.000000	0.000000e+00
2.161094e+01	5.711519e+00	2.147188e-02	70756.000000	0.000000e+00
2.161314e+01	5.727822e+00	2.247536e-02	64948.000000	0.000000e+00
2.161505e+01	5.737207e+00	2.563042e-02	50106.000000	0.000000e+00
2.161683e+01	5.708395e+00	2.365454e-02	58237.000000	0.000000e+00
2.161898e+01	5.749699e+00	2.282921e-02	63432.000000	0.000000e+00
2.162115e+01	5.743445e+00	2.403304e-02	57112.000000	0.000000e+00
2.162292e+01	5.760373e+00	2.858403e-02	40612.000000	0.000000e+00
2.162478e+01	5.743183e+00	2.391312e-02	57681.000000	0.000000e+00
2.162701e+01	5.749142e+00	2.419453e-02	56464.000000	0.000000e+00
2.162916e+01	5.722289e+00	2.579493e-02	49212.000000	0.000000e+00
2.163084e+01	5.768842e+00	3.041545e-02	35974.000000	0.000000e+00
2.163278e+01	5.763240e+00	2.495190e-02	53349.000000	0.000000e+00
2.163504e+01	5.765754e+00	2.581106e-02	49900.000000	0.000000e+00
2.163712e+01	5.774863e+00	2.874953e-02	40348.000000	0.000000e+00
2.163878e+01	5.771046e+00	3.074581e-02	35232.000000	0.000000e+00
2.164082e+01	5.737623e+00	2.644066e-02	47089.000000	0.000000e+00
2.164308e+01	5.769507e+00	2.763600e-02	43584.000000	0.000000e+00
2.164503e+01	5.831906e+00	3.316475e-02	30922.000000	0.000000e+00
2.164669e+01	5.790154e+00	3.061389e-02	35772.000000	0.000000e+00
2.164886e+01	5.804932e+00	2.859573e-02	41209.000000	0.000000e+00
2.165111e+01	5.824779e+00	3.007262e-02	37516.000000	0.000000e+00
2.165282e+01	5.822939e+00	3.940179e-02	21840.000000	0.000000e+00
2.165461e+01	5.808652e+00	3.031596e-02	36712.000000	0.000000e+00
2.165689e+01	5.797557e+00	3.067362e-02	35724.000000	0.000000e+00
2.165913e+01	5.875781e+00	3.304915e-02	31609.000000	0.000000e+00
2.166079e+01	5.817934e+00	4.200702e-02	19182.000000	0.000000e+00
2.166264e+01	5.895189e+00	3.293247e-02	32044.000000	0.000000e+00
2.166494e+01	5.857889e+00	3.347365e-02	30625.000000	0.000000e+00
2.166713e+01	5.832452e+00	3.650705e-02	25524.000000	0.000000e+00
2.166875e+01	5.917339e+00	4.430755e-02	17836.000000	0.000000e+00
2.167068e+01	5.896461e+00	3.573416e-02	27228.000000	0.000000e+00
2.167298e+01	5.864895e+00	3.643636e-02	25909.000000	0.000000e+00
2.167504e+01	5.866248e+00	4.393238e-02	17830.000000	0.000000e+00
2.167660e+01	5.909920e+00	4.322224e-02	18696.000000	0.000000e+00
2.167872e+01	5.871170e+00	3.887936e-02	22804.000000	0.000000e+00
2.168102e+01	5.878374e+00	4.002229e-02	21573.000000	0.000000e+00
2.168275e+01	5.862284e+00	5.746233e-02	10408.000000	0.000000e+00
2.168447e+01	5.982666e+00	4.242705e-02	19884.000000	0.000000e+00
2.168677e+01	6.026582e+00	4.398613e-02	18772.000000	0.000000e+00
2.168906e+01	5.990501e+00	4.521036e-02	17557.000000	0.000000e+00
2.169079e+01	5.842533e+00	6.305300e-02	8586.000000	0.000000e+00
2.169252e+01	5.880963e+00	4.630249e-02	16132.000000	0.000000e+00
2.169482e+01	5.997247e+00	4.875327e-02	15132.000000	0.000000e+00
2.169709e+01	5.909083e+00	5.054192e-02	13669.000000	0.000000e+00
2.169878e+01	5.857473e+00	6.891622e-02	7224.000000	0.000000e+00
2.170056e+01	5.822471e+00	5.152024e-02	12772.000000	0.000000e+00
2.170286e+01	5.955466e+00	5.463041e-02	11884.000000	0.000000e+00
2.170503e+01	6.039427e+00	6.325135e-02	9117.000000	0.000000e+00
2.170660e+01	5.947303e+00	7.051201e-02	7114.000000	0.000000e+00
2.170861e+01	6.004451e+00	6.064174e-02	9804.000000	0.000000e+00
2.171091e+01	5.966802e+00	6.279801e-02	9028.000000	0.000000e+00
2.171265e+01	6.059088e+00	9.312861e-02	4233.000000	0.000000e+00
2.171436e+01	5.962471e+00	6.698137e-02	7924.000000	0.000000e+00
2.171666e+01	6.022638e+00	7.083986e-02	7228.000000	0.000000e+00
2.171896e+01	6.135349e+00	7.572773e-02	6564.000000	0.000000e+00
2.172070e+01	6.108153e+00	1.107284e-01	3043.000000	0.000000e+00
2.172241e+01	6.203202e+00	8.268731e-02	5628.000000	0.000000e+00
2.172471e+01	6.077458e+00	8.557254e-02	5044.000000	0.000000e+00
2.172701e+01	5.999598e+00	8.951634e-02	4492.000000	0.000000e+00
2.172876e+01	6.180208e+00	1.365313e-01	2049.000000	0.000000e+00
2.173046e+01	6.048006e+00	9.910769e-02	3724.000000	0.000000e+00
2.173276e+01	6.181771e+00	1.084021e-01	3252.000000	0.000000e+00
2.173504e+01	5.961448e+00	1.149625e-01	2689.000000	0.000000e+00
2.173671e+01	6.076830e+00	1.639396e-01	1374.000000	0.000000e+00
2.173851e+01	5.885820e+00	1.251453e-01	2212.000000	0.000000e+00
2.174081e+01	6.135190e+00	1.425632e-01	1852.000000	0.000000e+00
2.174257e+01	6.236295e+00	2.203487e-01	801.000000	0.000000e+00
2.174426e+01	5.898792e+00	1.592524e-01	1372.000000	0.000000e+00
2.174656e+01	5.994606e+00	1.814050e-01	1092.000000	0.000000e+00
2.174886e+01	6.362427e+00	2.190038e-01	844.000000	0.000000e+00
2.175062e+01	6.719019e+00	3.649270e-01	339.000000	0.000000e+00
2.175230e+01	6.180363e+00	2.679527e-01	532.000000	0.000000e+00
2.175459e+01	7.102949e+00	3.722957e-01	364.000000	0.000000e+00
2.175688e+01	6.959034e+00	4.608733e-01	228.000000	0.000000e+00
2.175868e+01	5.732948e+00	6.709908e-01	73.000000	0.000000e+00
2.176029e+01	6.667788e+00	7.275153e-01	84.000000	0.000000e+00
2.176251e+01	6.752179e+00	1.276042e+00	28.000000	0.000000e+00
2.176444e+01	2.552617e+00	1.473754e+00	3.000000	0.000000e+00
