# [<k> (h/Mpc)]	[<P_0(k)> (Mpc/h)^3]	[ErrorBar (Mpc/h)^3]	nModes	[<P_2(k)> (Mpc/h)^3]
2.825283e-03	6.816345e+03	1.890514e+03	13.000000	0.000000e+00
4.787023e-03	1.157396e+04	2.014767e+03	33.000000	0.000000e+00
6.808858e-03	1.395096e+04	1.569605e+03	79.000000	0.000000e+00
8.837018e-03	1.987494e+04	1.837439e+03	117.000000	0.000000e+00
1.090508e-02	1.592816e+04	1.112471e+03	205.000000	0.000000e+00
1.285043e-02	1.969078e+04	1.284485e+03	235.000000	0.000000e+00
1.484672e-02	1.936210e+04	1.007951e+03	369.000000	0.000000e+00
1.685151e-02	1.872423e+04	8.998293e+02	433.000000	0.000000e+00
1.887417e-02	1.818269e+04	7.517617e+02	585.000000	0.000000e+00
2.087690e-02	1.756531e+04	6.740946e+02	679.000000	0.000000e+00
2.284645e-02	1.691224e+04	5.931383e+02	813.000000	0.000000e+00
2.485035e-02	1.625594e+04	5.179573e+02	985.000000	0.000000e+00
2.689016e-02	1.654192e+04	4.809430e+02	1183.000000	0.000000e+00
2.887890e-02	1.581321e+04	4.439043e+02	1269.000000	0.000000e+00
3.085965e-02	1.425371e+04	3.635726e+02	1537.000000	0.000000e+00
3.284962e-02	1.323974e+04	3.256440e+02	1653.000000	0.000000e+00
3.484370e-02	1.272583e+04	2.872274e+02	1963.000000	0.000000e+00
3.684264e-02	1.259089e+04	2.733923e+02	2121.000000	0.000000e+00
3.884666e-02	1.153643e+04	2.348511e+02	2413.000000	0.000000e+00
4.085134e-02	1.102889e+04	2.148530e+02	2635.000000	0.000000e+00
4.284129e-02	1.048901e+04	1.955530e+02	2877.000000	0.000000e+00
4.482380e-02	1.022769e+04	1.816839e+02	3169.000000	0.000000e+00
4.682964e-02	9.861499e+03	1.665233e+02	3507.000000	0.000000e+00
4.882111e-02	9.570102e+03	1.576514e+02	3685.000000	0.000000e+00
5.081452e-02	8.875628e+03	1.375281e+02	4165.000000	0.000000e+00
5.282512e-02	8.871072e+03	1.340874e+02	4377.000000	0.000000e+00
5.483161e-02	8.595974e+03	1.233674e+02	4855.000000	0.000000e+00
5.681794e-02	8.438507e+03	1.201949e+02	4929.000000	0.000000e+00
5.880488e-02	7.912903e+03	1.059204e+02	5581.000000	0.000000e+00
6.078752e-02	8.242003e+03	1.093697e+02	5679.000000	0.000000e+00
6.279015e-02	7.939580e+03	9.936125e+01	6385.000000	0.000000e+00
6.479167e-02	7.655469e+03	9.456963e+01	6553.000000	0.000000e+00
6.679172e-02	7.455081e+03	8.832018e+01	7125.000000	0.000000e+00
6.879078e-02	7.197380e+03	8.340340e+01	7447.000000	0.000000e+00
7.078414e-02	7.095551e+03	7.968506e+01	7929.000000	0.000000e+00
7.278159e-02	6.812083e+03	7.453473e+01	8353.000000	0.000000e+00
7.476640e-02	6.727810e+03	7.182079e+01	8775.000000	0.000000e+00
7.675907e-02	6.486233e+03	6.721214e+01	9313.000000	0.000000e+00
7.875735e-02	6.139140e+03	6.188536e+01	9841.000000	0.000000e+00
8.074579e-02	6.053978e+03	5.996978e+01	10191.000000	0.000000e+00
8.274077e-02	5.782417e+03	5.539313e+01	10897.000000	0.000000e+00
8.473833e-02	5.594708e+03	5.262826e+01	11301.000000	0.000000e+00
8.674360e-02	5.324247e+03	4.855296e+01	12025.000000	0.000000e+00
8.874697e-02	5.186514e+03	4.653314e+01	12423.000000	0.000000e+00
9.074179e-02	4.969278e+03	4.354829e+01	13021.000000	0.000000e+00
9.272623e-02	4.797935e+03	4.144012e+01	13405.000000	0.000000e+00
9.471269e-02	4.594867e+03	3.849561e+01	14247.000000	0.000000e+00
9.671056e-02	4.439340e+03	3.659888e+01	14713.000000	0.000000e+00
9.870727e-02	4.273489e+03	3.433768e+01	15489.000000	0.000000e+00
1.007038e-01	4.155113e+03	3.293873e+01	15913.000000	0.000000e+00
1.027044e-01	4.051015e+03	3.118103e+01	16879.000000	0.000000e+00
1.047038e-01	3.875871e+03	2.955926e+01	17193.000000	0.000000e+00
1.067040e-01	3.828939e+03	2.841557e+01	18157.000000	0.000000e+00
1.086889e-01	3.773703e+03	2.786634e+01	18339.000000	0.000000e+00
1.106818e-01	3.685013e+03	2.633967e+01	19573.000000	0.000000e+00
1.126797e-01	3.626276e+03	2.567955e+01	19941.000000	0.000000e+00
1.146640e-01	3.571877e+03	2.486894e+01	20629.000000	0.000000e+00
1.166593e-01	3.479850e+03	2.364729e+01	21655.000000	0.000000e+00
1.186555e-01	3.389431e+03	2.279308e+01	22113.000000	0.000000e+00
1.206557e-01	3.353669e+03	2.202504e+01	23185.000000	0.000000e+00
1.226521e-01	3.316562e+03	2.155840e+01	23667.000000	0.000000e+00
1.246394e-01	3.273461e+03	2.096263e+01	24385.000000	0.000000e+00
1.266433e-01	3.207652e+03	1.998974e+01	25749.000000	0.000000e+00
1.286372e-01	3.174132e+03	1.980933e+01	25675.000000	0.000000e+00
1.306323e-01	3.072269e+03	1.855721e+01	27409.000000	0.000000e+00
1.326290e-01	3.046637e+03	1.840373e+01	27405.000000	0.000000e+00
1.346159e-01	3.008872e+03	1.775555e+01	28717.000000	0.000000e+00
1.366167e-01	2.921471e+03	1.698214e+01	29595.000000	0.000000e+00
1.386146e-01	2.871073e+03	1.649361e+01	30301.000000	0.000000e+00
1.406031e-01	2.799428e+03	1.587384e+01	31101.000000	0.000000e+00
1.425916e-01	2.772225e+03	1.549164e+01	32023.000000	0.000000e+00
1.445846e-01	2.671297e+03	1.471013e+01	32977.000000	0.000000e+00
1.465916e-01	2.601465e+03	1.401618e+01	34449.000000	0.000000e+00
1.485919e-01	2.533441e+03	1.362991e+01	34549.000000	0.000000e+00
1.505868e-01	2.486070e+03	1.308258e+01	36111.000000	0.000000e+00
1.525827e-01	2.445903e+03	1.279526e+01	36541.000000	0.000000e+00
1.545720e-01	2.380718e+03	1.225856e+01	37717.000000	0.000000e+00
1.565618e-01	2.308179e+03	1.174543e+01	38619.000000	0.000000e+00
1.585558e-01	2.266691e+03	1.138179e+01	39661.000000	0.000000e+00
1.605447e-01	2.233702e+03	1.109319e+01	40545.000000	0.000000e+00
1.625373e-01	2.177842e+03	1.065026e+01	41815.000000	0.000000e+00
1.645437e-01	2.150183e+03	1.035406e+01	43125.000000	0.000000e+00
1.665425e-01	2.096041e+03	1.002891e+01	43681.000000	0.000000e+00
1.685320e-01	2.076369e+03	9.828697e+00	44629.000000	0.000000e+00
1.705261e-01	2.039078e+03	9.483878e+00	46227.000000	0.000000e+00
1.725263e-01	2.001106e+03	9.239362e+00	46909.000000	0.000000e+00
1.745216e-01	1.982528e+03	9.026702e+00	48237.000000	0.000000e+00
1.765059e-01	1.961012e+03	8.896887e+00	48583.000000	0.000000e+00
1.785033e-01	1.931344e+03	8.552385e+00	50997.000000	0.000000e+00
1.805083e-01	1.902541e+03	8.391993e+00	51397.000000	0.000000e+00
1.825017e-01	1.870905e+03	8.166153e+00	52489.000000	0.000000e+00
1.844937e-01	1.860143e+03	8.020617e+00	53787.000000	0.000000e+00
1.864887e-01	1.847228e+03	7.882842e+00	54913.000000	0.000000e+00
1.884818e-01	1.823814e+03	7.708603e+00	55977.000000	0.000000e+00
1.904753e-01	1.787127e+03	7.458348e+00	57415.000000	0.000000e+00
1.924660e-01	1.758576e+03	7.295488e+00	58105.000000	0.000000e+00
1.944594e-01	1.750218e+03	7.143270e+00	60033.000000	0.000000e+00
1.964596e-01	1.721496e+03	6.973050e+00	60949.000000	0.000000e+00
1.984543e-01	1.691424e+03	6.780086e+00	62235.000000	0.000000e+00
2.004453e-01	1.670993e+03	6.645328e+00	63229.000000	0.000000e+00
2.024446e-01	1.651221e+03	6.470004e+00	65133.000000	0.000000e+00
2.044399e-01	1.629910e+03	6.358545e+00	65707.000000	0.000000e+00
2.064345e-01	1.592566e+03	6.127023e+00	67561.000000	0.000000e+00
2.084313e-01	1.586599e+03	6.061861e+00	68505.000000	0.000000e+00
2.104244e-01	1.550255e+03	5.861801e+00	69943.000000	0.000000e+00
2.124186e-01	1.525570e+03	5.721455e+00	71097.000000	0.000000e+00
2.144149e-01	1.503900e+03	5.565383e+00	73021.000000	0.000000e+00
2.164075e-01	1.489276e+03	5.500130e+00	73317.000000	0.000000e+00
2.183998e-01	1.465479e+03	5.322893e+00	75799.000000	0.000000e+00
2.203919e-01	1.440170e+03	5.223322e+00	76021.000000	0.000000e+00
2.223865e-01	1.430733e+03	5.098296e+00	78753.000000	0.000000e+00
2.243849e-01	1.416400e+03	5.030068e+00	79291.000000	0.000000e+00
2.263816e-01	1.388534e+03	4.874930e+00	81129.000000	0.000000e+00
2.283784e-01	1.367768e+03	4.763661e+00	82441.000000	0.000000e+00
2.303757e-01	1.356224e+03	4.680839e+00	83949.000000	0.000000e+00
2.323699e-01	1.334595e+03	4.574314e+00	85123.000000	0.000000e+00
2.343653e-01	1.325505e+03	4.495719e+00	86929.000000	0.000000e+00
2.363576e-01	1.306973e+03	4.411098e+00	87789.000000	0.000000e+00
2.383451e-01	1.298883e+03	4.338705e+00	89623.000000	0.000000e+00
2.403415e-01	1.278728e+03	4.231021e+00	91341.000000	0.000000e+00
2.423378e-01	1.269163e+03	4.165221e+00	92845.000000	0.000000e+00
2.443322e-01	1.250943e+03	4.078240e+00	94087.000000	0.000000e+00
2.463300e-01	1.239304e+03	3.992918e+00	96333.000000	0.000000e+00
2.483279e-01	1.230710e+03	3.946509e+00	97249.000000	0.000000e+00
2.503275e-01	1.214080e+03	3.848873e+00	99501.000000	0.000000e+00
2.523142e-01	1.201267e+03	3.812433e+00	99283.000000	0.000000e+00
2.543013e-01	1.192519e+03	3.724133e+00	102537.000000	0.000000e+00
2.562973e-01	1.172949e+03	3.646340e+00	103477.000000	0.000000e+00
2.582930e-01	1.169756e+03	3.597104e+00	105751.000000	0.000000e+00
2.602906e-01	1.156402e+03	3.537390e+00	106869.000000	0.000000e+00
2.622842e-01	1.149315e+03	3.486025e+00	108697.000000	0.000000e+00
2.642824e-01	1.133322e+03	3.408167e+00	110577.000000	0.000000e+00
2.662844e-01	1.116403e+03	3.327657e+00	112555.000000	0.000000e+00
2.682741e-01	1.102940e+03	3.286974e+00	112593.000000	0.000000e+00
2.702629e-01	1.097889e+03	3.229462e+00	115573.000000	0.000000e+00
2.722603e-01	1.083890e+03	3.164955e+00	117283.000000	0.000000e+00
2.742558e-01	1.078933e+03	3.133192e+00	118581.000000	0.000000e+00
2.762488e-01	1.063183e+03	3.061183e+00	120625.000000	0.000000e+00
2.782426e-01	1.052190e+03	3.013213e+00	121935.000000	0.000000e+00
2.802382e-01	1.039352e+03	2.946325e+00	124441.000000	0.000000e+00
2.822328e-01	1.033416e+03	2.916916e+00	125517.000000	0.000000e+00
2.842249e-01	1.025815e+03	2.874470e+00	127357.000000	0.000000e+00
2.862208e-01	1.015155e+03	2.816671e+00	129895.000000	0.000000e+00
2.882169e-01	1.001767e+03	2.770941e+00	130701.000000	0.000000e+00
2.902141e-01	9.968055e+02	2.723868e+00	133921.000000	0.000000e+00
2.922105e-01	9.872970e+02	2.695210e+00	134187.000000	0.000000e+00
2.942043e-01	9.791275e+02	2.644119e+00	137125.000000	0.000000e+00
2.962008e-01	9.689894e+02	2.604123e+00	138457.000000	0.000000e+00
2.981989e-01	9.578766e+02	2.551509e+00	140937.000000	0.000000e+00
3.001897e-01	9.488543e+02	2.523629e+00	141367.000000	0.000000e+00
3.021797e-01	9.441066e+02	2.484654e+00	144381.000000	0.000000e+00
3.041718e-01	9.315169e+02	2.441665e+00	145549.000000	0.000000e+00
3.061699e-01	9.251893e+02	2.395714e+00	149139.000000	0.000000e+00
3.081700e-01	9.198008e+02	2.377763e+00	149641.000000	0.000000e+00
3.101613e-01	9.159280e+02	2.350659e+00	151825.000000	0.000000e+00
3.121531e-01	9.048604e+02	2.309904e+00	153453.000000	0.000000e+00
3.141451e-01	8.979878e+02	2.274393e+00	155887.000000	0.000000e+00
3.161415e-01	8.911148e+02	2.240985e+00	158121.000000	0.000000e+00
3.181385e-01	8.831303e+02	2.208924e+00	159841.000000	0.000000e+00
3.201285e-01	8.710561e+02	2.169688e+00	161175.000000	0.000000e+00
3.221251e-01	8.651221e+02	2.131871e+00	164677.000000	0.000000e+00
3.241246e-01	8.628986e+02	2.117538e+00	166057.000000	0.000000e+00
3.261187e-01	8.561349e+02	2.090604e+00	167703.000000	0.000000e+00
3.281140e-01	8.500410e+02	2.060023e+00	170269.000000	0.000000e+00
3.301103e-01	8.433089e+02	2.031881e+00	172257.000000	0.000000e+00
3.321038e-01	8.337125e+02	2.000669e+00	173653.000000	0.000000e+00
3.340963e-01	8.296361e+02	1.974099e+00	176619.000000	0.000000e+00
3.360891e-01	8.249781e+02	1.957779e+00	177565.000000	0.000000e+00
3.380839e-01	8.189214e+02	1.923363e+00	181285.000000	0.000000e+00
3.400815e-01	8.102755e+02	1.896467e+00	182547.000000	0.000000e+00
3.420775e-01	8.060111e+02	1.873973e+00	184993.000000	0.000000e+00
3.440714e-01	8.000106e+02	1.851118e+00	186777.000000	0.000000e+00
3.460660e-01	7.899570e+02	1.816723e+00	189073.000000	0.000000e+00
3.480602e-01	7.844496e+02	1.792631e+00	191491.000000	0.000000e+00
3.500575e-01	7.865780e+02	1.786547e+00	193845.000000	0.000000e+00
3.520518e-01	7.775567e+02	1.760003e+00	195181.000000	0.000000e+00
3.540398e-01	7.705579e+02	1.734686e+00	197319.000000	0.000000e+00
3.560324e-01	7.677341e+02	1.715707e+00	200233.000000	0.000000e+00
3.580294e-01	7.605213e+02	1.687811e+00	203037.000000	0.000000e+00
3.600284e-01	7.547781e+02	1.667551e+00	204871.000000	0.000000e+00
3.620203e-01	7.510309e+02	1.653832e+00	206221.000000	0.000000e+00
3.640124e-01	7.478961e+02	1.633876e+00	209529.000000	0.000000e+00
3.660135e-01	7.398424e+02	1.604774e+00	212545.000000	0.000000e+00
3.680092e-01	7.323370e+02	1.586026e+00	213207.000000	0.000000e+00
3.700028e-01	7.307418e+02	1.570210e+00	216577.000000	0.000000e+00
3.719978e-01	7.250441e+02	1.552187e+00	218193.000000	0.000000e+00
3.739960e-01	7.217300e+02	1.531266e+00	222151.000000	0.000000e+00
3.759897e-01	7.172017e+02	1.523408e+00	221641.000000	0.000000e+00
3.779792e-01	7.122018e+02	1.497555e+00	226173.000000	0.000000e+00
3.799721e-01	7.062434e+02	1.482380e+00	226981.000000	0.000000e+00
3.819688e-01	7.024488e+02	1.458685e+00	231903.000000	0.000000e+00
3.839641e-01	6.989196e+02	1.452641e+00	231493.000000	0.000000e+00
3.859568e-01	6.941487e+02	1.428758e+00	236041.000000	0.000000e+00
3.879523e-01	6.883492e+02	1.413263e+00	237231.000000	0.000000e+00
3.899494e-01	6.854132e+02	1.396405e+00	240925.000000	0.000000e+00
3.919470e-01	6.819418e+02	1.384046e+00	242769.000000	0.000000e+00
3.939372e-01	6.784688e+02	1.374204e+00	243757.000000	0.000000e+00
3.959285e-01	6.693684e+02	1.344170e+00	247983.000000	0.000000e+00
3.979255e-01	6.678645e+02	1.335000e+00	250273.000000	0.000000e+00
3.999206e-01	6.622745e+02	1.318307e+00	252373.000000	0.000000e+00
4.019150e-01	6.592651e+02	1.304397e+00	255447.000000	0.000000e+00
4.039099e-01	6.552315e+02	1.292269e+00	257089.000000	0.000000e+00
4.059061e-01	6.518686e+02	1.275389e+00	261237.000000	0.000000e+00
4.079005e-01	6.477261e+02	1.266243e+00	261667.000000	0.000000e+00
4.098970e-01	6.435062e+02	1.245625e+00	266889.000000	0.000000e+00
4.118939e-01	6.407554e+02	1.239929e+00	267049.000000	0.000000e+00
4.138863e-01	6.367234e+02	1.224067e+00	270577.000000	0.000000e+00
4.158785e-01	6.319704e+02	1.210318e+00	272643.000000	0.000000e+00
4.178735e-01	6.324656e+02	1.203431e+00	276205.000000	0.000000e+00
4.198688e-01	6.279379e+02	1.190590e+00	278169.000000	0.000000e+00
4.218621e-01	6.230591e+02	1.175753e+00	280819.000000	0.000000e+00
4.238555e-01	6.177743e+02	1.159991e+00	283629.000000	0.000000e+00
4.258541e-01	6.163648e+02	1.149053e+00	287737.000000	0.000000e+00
4.278511e-01	6.121369e+02	1.140196e+00	288229.000000	0.000000e+00
4.298418e-01	6.099796e+02	1.129749e+00	291519.000000	0.000000e+00
4.318357e-01	6.070333e+02	1.118213e+00	294697.000000	0.000000e+00
4.338304e-01	6.032743e+02	1.107313e+00	296817.000000	0.000000e+00
4.358259e-01	5.986588e+02	1.091653e+00	300739.000000	0.000000e+00
4.378207e-01	5.969766e+02	1.086452e+00	301921.000000	0.000000e+00
4.398126e-01	5.917907e+02	1.070762e+00	305457.000000	0.000000e+00
4.418091e-01	5.903170e+02	1.062232e+00	308839.000000	0.000000e+00
4.438046e-01	5.870758e+02	1.053331e+00	310641.000000	0.000000e+00
4.457993e-01	5.834190e+02	1.040353e+00	314485.000000	0.000000e+00
4.477952e-01	5.788472e+02	1.029539e+00	316113.000000	0.000000e+00
4.497898e-01	5.774538e+02	1.020365e+00	320275.000000	0.000000e+00
4.517835e-01	5.753894e+02	1.015396e+00	321109.000000	0.000000e+00
4.537771e-01	5.729939e+02	1.003369e+00	326121.000000	0.000000e+00
4.557736e-01	5.678707e+02	9.919581e-01	327727.000000	0.000000e+00
4.577705e-01	5.680572e+02	9.861435e-01	331821.000000	0.000000e+00
4.597631e-01	5.625151e+02	9.755294e-01	332497.000000	0.000000e+00
4.617563e-01	5.618040e+02	9.672584e-01	337353.000000	0.000000e+00
4.637522e-01	5.586187e+02	9.586450e-01	339559.000000	0.000000e+00
4.657493e-01	5.554464e+02	9.479809e-01	343309.000000	0.000000e+00
4.677438e-01	5.524618e+02	9.409049e-01	344757.000000	0.000000e+00
4.697365e-01	5.494678e+02	9.304957e-01	348703.000000	0.000000e+00
4.717321e-01	5.480822e+02	9.247636e-01	351261.000000	0.000000e+00
4.737250e-01	5.455742e+02	9.168848e-01	354061.000000	0.000000e+00
4.757151e-01	5.410403e+02	9.066391e-01	356115.000000	0.000000e+00
4.777098e-01	5.392421e+02	8.966607e-01	361669.000000	0.000000e+00
4.797067e-01	5.362036e+02	8.901033e-01	362893.000000	0.000000e+00
4.817021e-01	5.344966e+02	8.821697e-01	367101.000000	0.000000e+00
4.836980e-01	5.326901e+02	8.764018e-01	369439.000000	0.000000e+00
4.856946e-01	5.299478e+02	8.674194e-01	373257.000000	0.000000e+00
4.876921e-01	5.266907e+02	8.589961e-01	375949.000000	0.000000e+00
4.896859e-01	5.234692e+02	8.513743e-01	378043.000000	0.000000e+00
4.916774e-01	5.228868e+02	8.469904e-01	381117.000000	0.000000e+00
4.936740e-01	5.199674e+02	8.364308e-01	386449.000000	0.000000e+00
4.956690e-01	5.190845e+02	8.350668e-01	386397.000000	0.000000e+00
4.976600e-01	5.137716e+02	8.213095e-01	391315.000000	0.000000e+00
4.996551e-01	5.128880e+02	8.167825e-01	394305.000000	0.000000e+00
5.016519e-01	5.111023e+02	8.100733e-01	398077.000000	0.000000e+00
5.036462e-01	5.082354e+02	8.036721e-01	399919.000000	0.000000e+00
5.056381e-01	5.056601e+02	7.964258e-01	403113.000000	0.000000e+00
5.076338e-01	5.038912e+02	7.886510e-01	408229.000000	0.000000e+00
5.096324e-01	5.011105e+02	7.823046e-01	410313.000000	0.000000e+00
5.116253e-01	4.985173e+02	7.760145e-01	412687.000000	0.000000e+00
5.136183e-01	4.984126e+02	7.722094e-01	416589.000000	0.000000e+00
5.156137e-01	4.945139e+02	7.631052e-01	419941.000000	0.000000e+00
5.176078e-01	4.925873e+02	7.573830e-01	422995.000000	0.000000e+00
5.196028e-01	4.908873e+02	7.517135e-01	426441.000000	0.000000e+00
5.215957e-01	4.889179e+02	7.463978e-01	429073.000000	0.000000e+00
5.235886e-01	4.873424e+02	7.410640e-01	432471.000000	0.000000e+00
5.255851e-01	4.847179e+02	7.327366e-01	437605.000000	0.000000e+00
5.275802e-01	4.826176e+02	7.288857e-01	438417.000000	0.000000e+00
5.295745e-01	4.801894e+02	7.208190e-01	443785.000000	0.000000e+00
5.315675e-01	4.787586e+02	7.179097e-01	444727.000000	0.000000e+00
5.335612e-01	4.782511e+02	7.125761e-01	450453.000000	0.000000e+00
5.355583e-01	4.759639e+02	7.068902e-01	453361.000000	0.000000e+00
5.375541e-01	4.717565e+02	6.982690e-01	456447.000000	0.000000e+00
5.395464e-01	4.707811e+02	6.953567e-01	458377.000000	0.000000e+00
5.415432e-01	4.692772e+02	6.877372e-01	465601.000000	0.000000e+00
5.435403e-01	4.669524e+02	6.846685e-01	465141.000000	0.000000e+00
5.455338e-01	4.652765e+02	6.779928e-01	470947.000000	0.000000e+00
5.475270e-01	4.640384e+02	6.755850e-01	471789.000000	0.000000e+00
5.495209e-01	4.624458e+02	6.689136e-01	477949.000000	0.000000e+00
5.515191e-01	4.605214e+02	6.638244e-01	481275.000000	0.000000e+00
5.535108e-01	4.581089e+02	6.603646e-01	481249.000000	0.000000e+00
5.555021e-01	4.563659e+02	6.530097e-01	488413.000000	0.000000e+00
5.575004e-01	4.538386e+02	6.473277e-01	491535.000000	0.000000e+00
5.594964e-01	4.539561e+02	6.458197e-01	494089.000000	0.000000e+00
5.614893e-01	4.509770e+02	6.393520e-01	497541.000000	0.000000e+00
5.634832e-01	4.493069e+02	6.347049e-01	501121.000000	0.000000e+00
5.654804e-01	4.483306e+02	6.297978e-01	506751.000000	0.000000e+00
5.674733e-01	4.467256e+02	6.282140e-01	505669.000000	0.000000e+00
5.694666e-01	4.445785e+02	6.198127e-01	514489.000000	0.000000e+00
5.714632e-01	4.433509e+02	6.180927e-01	514503.000000	0.000000e+00
5.734584e-01	4.406657e+02	6.107993e-01	520501.000000	0.000000e+00
5.754516e-01	4.392304e+02	6.083495e-01	521289.000000	0.000000e+00
5.774446e-01	4.389295e+02	6.045649e-01	527113.000000	0.000000e+00
5.794400e-01	4.368086e+02	5.998268e-01	530311.000000	0.000000e+00
5.814361e-01	4.342325e+02	5.939542e-01	534489.000000	0.000000e+00
5.834313e-01	4.337094e+02	5.918032e-01	537085.000000	0.000000e+00
5.854261e-01	4.313764e+02	5.860059e-01	541887.000000	0.000000e+00
5.874218e-01	4.300345e+02	5.825417e-01	544945.000000	0.000000e+00
5.894178e-01	4.285562e+02	5.782537e-01	549261.000000	0.000000e+00
5.914114e-01	4.273017e+02	5.756478e-01	551005.000000	0.000000e+00
5.934041e-01	4.252190e+02	5.699909e-01	556531.000000	0.000000e+00
5.953995e-01	4.242505e+02	5.669463e-01	559965.000000	0.000000e+00
5.973956e-01	4.227308e+02	5.629025e-01	563977.000000	0.000000e+00
5.993886e-01	4.204576e+02	5.588411e-01	566067.000000	0.000000e+00
6.013797e-01	4.193492e+02	5.552248e-01	570445.000000	0.000000e+00
6.033767e-01	4.189546e+02	5.515173e-01	577053.000000	0.000000e+00
6.053748e-01	4.171767e+02	5.484711e-01	578539.000000	0.000000e+00
6.073667e-01	4.155543e+02	5.451831e-01	580993.000000	0.000000e+00
6.093587e-01	4.145558e+02	5.412320e-01	586677.000000	0.000000e+00
6.113538e-01	4.116082e+02	5.358496e-01	590041.000000	0.000000e+00
6.133526e-01	4.109931e+02	5.319841e-01	596859.000000	0.000000e+00
6.153452e-01	4.095092e+02	5.313584e-01	593953.000000	0.000000e+00
6.173353e-01	4.086848e+02	5.263128e-01	602961.000000	0.000000e+00
6.193326e-01	4.064107e+02	5.218656e-01	606475.000000	0.000000e+00
6.213311e-01	4.055610e+02	5.188302e-01	611029.000000	0.000000e+00
6.233265e-01	4.048157e+02	5.170769e-01	612921.000000	0.000000e+00
6.253179e-01	4.024414e+02	5.128040e-01	615889.000000	0.000000e+00
6.273130e-01	4.015100e+02	5.084951e-01	623475.000000	0.000000e+00
6.293122e-01	4.008840e+02	5.065783e-01	626245.000000	0.000000e+00
6.313064e-01	3.993453e+02	5.038332e-01	628237.000000	0.000000e+00
6.332981e-01	3.979120e+02	5.001883e-01	632859.000000	0.000000e+00
6.352932e-01	3.970553e+02	4.971646e-01	637825.000000	0.000000e+00
6.372885e-01	3.955033e+02	4.937620e-01	641601.000000	0.000000e+00
6.392814e-01	3.945621e+02	4.916918e-01	643939.000000	0.000000e+00
6.412738e-01	3.929653e+02	4.876427e-01	649389.000000	0.000000e+00
6.432707e-01	3.913832e+02	4.836401e-01	654877.000000	0.000000e+00
6.452688e-01	3.899885e+02	4.806194e-01	658417.000000	0.000000e+00
6.472597e-01	3.893885e+02	4.798661e-01	658455.000000	0.000000e+00
6.492521e-01	3.873585e+02	4.742638e-01	667093.000000	0.000000e+00
6.512503e-01	3.862785e+02	4.716633e-01	670713.000000	0.000000e+00
6.532472e-01	3.852284e+02	4.690077e-01	674647.000000	0.000000e+00
6.552421e-01	3.836899e+02	4.661813e-01	677409.000000	0.000000e+00
6.572351e-01	3.833832e+02	4.643414e-01	681697.000000	0.000000e+00
6.592311e-01	3.813465e+02	4.599395e-01	687445.000000	0.000000e+00
6.612259e-01	3.805199e+02	4.582386e-01	689559.000000	0.000000e+00
6.632165e-01	3.791481e+02	4.554907e-01	692881.000000	0.000000e+00
6.652114e-01	3.784226e+02	4.521681e-01	700413.000000	0.000000e+00
6.672061e-01	3.768834e+02	4.499483e-01	701599.000000	0.000000e+00
6.692014e-01	3.756507e+02	4.461507e-01	708933.000000	0.000000e+00
6.711970e-01	3.741918e+02	4.438574e-01	710725.000000	0.000000e+00
6.731898e-01	3.735423e+02	4.417984e-01	714877.000000	0.000000e+00
6.751840e-01	3.719266e+02	4.382640e-01	720183.000000	0.000000e+00
6.771803e-01	3.711141e+02	4.357129e-01	725461.000000	0.000000e+00
6.791765e-01	3.699909e+02	4.336285e-01	728025.000000	0.000000e+00
6.811703e-01	3.695252e+02	4.316556e-01	732847.000000	0.000000e+00
6.831642e-01	3.684762e+02	4.294977e-01	736033.000000	0.000000e+00
6.851614e-01	3.673057e+02	4.257087e-01	744441.000000	0.000000e+00
6.871573e-01	3.648857e+02	4.231501e-01	743575.000000	0.000000e+00
6.891516e-01	3.654318e+02	4.215101e-01	751617.000000	0.000000e+00
6.911457e-01	3.636862e+02	4.192179e-01	752617.000000	0.000000e+00
6.931383e-01	3.628610e+02	4.166203e-01	758577.000000	0.000000e+00
6.951321e-01	3.616601e+02	4.140517e-01	762943.000000	0.000000e+00
6.971274e-01	3.606098e+02	4.115036e-01	767941.000000	0.000000e+00
6.991227e-01	3.596387e+02	4.093519e-01	771861.000000	0.000000e+00
7.011176e-01	3.596313e+02	4.081213e-01	776491.000000	0.000000e+00
7.031125e-01	3.575913e+02	4.047376e-01	780597.000000	0.000000e+00
7.051071e-01	3.563459e+02	4.020895e-01	785413.000000	0.000000e+00
7.070999e-01	3.556407e+02	4.006861e-01	787797.000000	0.000000e+00
7.090964e-01	3.545583e+02	3.970821e-01	797287.000000	0.000000e+00
7.110914e-01	3.539108e+02	3.967768e-01	795601.000000	0.000000e+00
7.130842e-01	3.526929e+02	3.932561e-01	804345.000000	0.000000e+00
7.150803e-01	3.510968e+02	3.906880e-01	807595.000000	0.000000e+00
7.170741e-01	3.505843e+02	3.892966e-01	811005.000000	0.000000e+00
7.190690e-01	3.504162e+02	3.874927e-01	817789.000000	0.000000e+00
7.210619e-01	3.481655e+02	3.848171e-01	818583.000000	0.000000e+00
7.230561e-01	3.469473e+02	3.814107e-01	827449.000000	0.000000e+00
7.250536e-01	3.460905e+02	3.796603e-01	830977.000000	0.000000e+00
7.270476e-01	3.453844e+02	3.783952e-01	833133.000000	0.000000e+00
7.290418e-01	3.445459e+02	3.757142e-01	840967.000000	0.000000e+00
7.310364e-01	3.440116e+02	3.748691e-01	842145.000000	0.000000e+00
7.330319e-01	3.432087e+02	3.720108e-01	851149.000000	0.000000e+00
7.350274e-01	3.426614e+02	3.713717e-01	851359.000000	0.000000e+00
7.370219e-01	3.413550e+02	3.682465e-01	859281.000000	0.000000e+00
7.390166e-01	3.396544e+02	3.659540e-01	861433.000000	0.000000e+00
7.410089e-01	3.390842e+02	3.644178e-01	865797.000000	0.000000e+00
7.430036e-01	3.380594e+02	3.617409e-01	873355.000000	0.000000e+00
7.449973e-01	3.375204e+02	3.610174e-01	874065.000000	0.000000e+00
7.469934e-01	3.362192e+02	3.574355e-01	884809.000000	0.000000e+00
7.489888e-01	3.361010e+02	3.576338e-01	883207.000000	0.000000e+00
7.509812e-01	3.354506e+02	3.553875e-01	890949.000000	0.000000e+00
7.529763e-01	3.342613e+02	3.531719e-01	895777.000000	0.000000e+00
7.549714e-01	3.325383e+02	3.505256e-01	900003.000000	0.000000e+00
7.569669e-01	3.322583e+02	3.491108e-01	905785.000000	0.000000e+00
7.589617e-01	3.306325e+02	3.467790e-01	909045.000000	0.000000e+00
7.609524e-01	3.303075e+02	3.460585e-01	911041.000000	0.000000e+00
7.629473e-01	3.290942e+02	3.425176e-01	923155.000000	0.000000e+00
7.649457e-01	3.286434e+02	3.419769e-01	923541.000000	0.000000e+00
7.669414e-01	3.276344e+02	3.396642e-01	930421.000000	0.000000e+00
7.689348e-01	3.269753e+02	3.388822e-01	930963.000000	0.000000e+00
7.709274e-01	3.260985e+02	3.364765e-01	939265.000000	0.000000e+00
7.729233e-01	3.248752e+02	3.343227e-01	944281.000000	0.000000e+00
7.749191e-01	3.242481e+02	3.329743e-01	948273.000000	0.000000e+00
7.769132e-01	3.232128e+02	3.311455e-01	952663.000000	0.000000e+00
7.789076e-01	3.225464e+02	3.294144e-01	958737.000000	0.000000e+00
7.809031e-01	3.220337e+02	3.281801e-01	962893.000000	0.000000e+00
7.828987e-01	3.206094e+02	3.256566e-01	969243.000000	0.000000e+00
7.848915e-01	3.201389e+02	3.251650e-01	969325.000000	0.000000e+00
7.868833e-01	3.194728e+02	3.229033e-01	978865.000000	0.000000e+00
7.888804e-01	3.186609e+02	3.211986e-01	984261.000000	0.000000e+00
7.908771e-01	3.182342e+02	3.201333e-01	988171.000000	0.000000e+00
7.928676e-01	3.174738e+02	3.193273e-01	988425.000000	0.000000e+00
7.948626e-01	3.164833e+02	3.161691e-01	1001989.000000	0.000000e+00
7.968598e-01	3.151578e+02	3.148973e-01	1001655.000000	0.000000e+00
7.988545e-01	3.151268e+02	3.137877e-01	1008553.000000	0.000000e+00
8.008504e-01	3.139566e+02	3.118573e-01	1013509.000000	0.000000e+00
8.028453e-01	3.126273e+02	3.099371e-01	1017435.000000	0.000000e+00
8.048390e-01	3.122509e+02	3.088076e-01	1022425.000000	0.000000e+00
8.068333e-01	3.112613e+02	3.069463e-01	1028313.000000	0.000000e+00
8.088264e-01	3.107614e+02	3.060530e-01	1031005.000000	0.000000e+00
8.108207e-01	3.101629e+02	3.041106e-01	1040199.000000	0.000000e+00
8.128165e-01	3.089746e+02	3.026300e-01	1042369.000000	0.000000e+00
8.148139e-01	3.084002e+02	3.006243e-01	1052401.000000	0.000000e+00
8.168081e-01	3.072274e+02	2.999273e-01	1049271.000000	0.000000e+00
8.188002e-01	3.075422e+02	2.986797e-01	1060225.000000	0.000000e+00
8.207967e-01	3.066822e+02	2.972451e-01	1064505.000000	0.000000e+00
8.227922e-01	3.051772e+02	2.951245e-01	1069285.000000	0.000000e+00
8.247842e-01	3.046222e+02	2.942866e-01	1071475.000000	0.000000e+00
8.267774e-01	3.035815e+02	2.920099e-01	1080825.000000	0.000000e+00
8.287741e-01	3.037854e+02	2.916136e-01	1085221.000000	0.000000e+00
8.307694e-01	3.027902e+02	2.899647e-01	1090419.000000	0.000000e+00
8.327612e-01	3.019210e+02	2.890022e-01	1091401.000000	0.000000e+00
8.347561e-01	3.010114e+02	2.864053e-01	1104597.000000	0.000000e+00
8.367530e-01	3.005952e+02	2.860997e-01	1103899.000000	0.000000e+00
8.387474e-01	2.997147e+02	2.841833e-01	1112293.000000	0.000000e+00
8.407404e-01	2.991026e+02	2.834276e-01	1113669.000000	0.000000e+00
8.427374e-01	2.988564e+02	2.816158e-01	1126189.000000	0.000000e+00
8.447334e-01	2.973699e+02	2.804868e-01	1124007.000000	0.000000e+00
8.467264e-01	2.972020e+02	2.792116e-01	1133017.000000	0.000000e+00
8.487214e-01	2.965519e+02	2.780571e-01	1137453.000000	0.000000e+00
8.507177e-01	2.951748e+02	2.758639e-01	1144903.000000	0.000000e+00
8.527137e-01	2.949800e+02	2.753897e-01	1147333.000000	0.000000e+00
8.547066e-01	2.943002e+02	2.740671e-01	1153101.000000	0.000000e+00
8.566997e-01	2.934675e+02	2.727680e-01	1157533.000000	0.000000e+00
8.586939e-01	2.926232e+02	2.710335e-01	1165659.000000	0.000000e+00
8.606895e-01	2.919868e+02	2.700096e-01	1169413.000000	0.000000e+00
8.626845e-01	2.913914e+02	2.686859e-01	1176153.000000	0.000000e+00
8.646771e-01	2.909787e+02	2.681264e-01	1177723.000000	0.000000e+00
8.666737e-01	2.904146e+02	2.660973e-01	1191121.000000	0.000000e+00
8.686687e-01	2.892081e+02	2.654138e-01	1187337.000000	0.000000e+00
8.706613e-01	2.892021e+02	2.641388e-01	1198777.000000	0.000000e+00
8.726576e-01	2.881239e+02	2.626744e-01	1203159.000000	0.000000e+00
8.746526e-01	2.877697e+02	2.618222e-01	1208029.000000	0.000000e+00
8.766473e-01	2.872026e+02	2.607113e-01	1213549.000000	0.000000e+00
8.786425e-01	2.863300e+02	2.592060e-01	1220235.000000	0.000000e+00
8.806361e-01	2.859537e+02	2.586622e-01	1222153.000000	0.000000e+00
8.826306e-01	2.851492e+02	2.568365e-01	1232625.000000	0.000000e+00
8.846261e-01	2.845823e+02	2.561055e-01	1234747.000000	0.000000e+00
8.866198e-01	2.841597e+02	2.550973e-01	1240833.000000	0.000000e+00
8.886129e-01	2.828223e+02	2.533614e-01	1246081.000000	0.000000e+00
8.906092e-01	2.823039e+02	2.519742e-01	1255225.000000	0.000000e+00
8.926060e-01	2.821030e+02	2.514559e-01	1258611.000000	0.000000e+00
8.945977e-01	2.815066e+02	2.508277e-01	1259581.000000	0.000000e+00
8.965906e-01	2.804843e+02	2.487739e-01	1271181.000000	0.000000e+00
8.985880e-01	2.800543e+02	2.477784e-01	1277491.000000	0.000000e+00
9.005838e-01	2.793059e+02	2.469155e-01	1279569.000000	0.000000e+00
9.025779e-01	2.790670e+02	2.459473e-01	1287457.000000	0.000000e+00
9.045696e-01	2.778745e+02	2.449455e-01	1286941.000000	0.000000e+00
9.065641e-01	2.777227e+02	2.432951e-01	1303035.000000	0.000000e+00
9.085608e-01	2.769848e+02	2.427841e-01	1301581.000000	0.000000e+00
9.105556e-01	2.767001e+02	2.416753e-01	1310853.000000	0.000000e+00
9.125491e-01	2.758618e+02	2.407836e-01	1312591.000000	0.000000e+00
9.145430e-01	2.751937e+02	2.393458e-01	1321981.000000	0.000000e+00
9.165388e-01	2.750161e+02	2.386993e-01	1327437.000000	0.000000e+00
9.185338e-01	2.739966e+02	2.374350e-01	1331683.000000	0.000000e+00
9.205260e-01	2.729789e+02	2.362169e-01	1335477.000000	0.000000e+00
9.225196e-01	2.730720e+02	2.354103e-01	1345561.000000	0.000000e+00
9.245166e-01	2.726568e+02	2.345731e-01	1351065.000000	0.000000e+00
9.265116e-01	2.719842e+02	2.336473e-01	1355083.000000	0.000000e+00
9.285045e-01	2.711498e+02	2.325586e-01	1359421.000000	0.000000e+00
9.305006e-01	2.707672e+02	2.312074e-01	1371477.000000	0.000000e+00
9.324963e-01	2.699499e+02	2.305874e-01	1370551.000000	0.000000e+00
9.344905e-01	2.692400e+02	2.291119e-01	1380969.000000	0.000000e+00
9.364841e-01	2.687518e+02	2.286345e-01	1381717.000000	0.000000e+00
9.384788e-01	2.686281e+02	2.275231e-01	1393965.000000	0.000000e+00
9.404757e-01	2.674642e+02	2.262844e-01	1397083.000000	0.000000e+00
9.424709e-01	2.667566e+02	2.251858e-01	1403293.000000	0.000000e+00
9.444637e-01	2.666370e+02	2.249352e-01	1405161.000000	0.000000e+00
9.464579e-01	2.660746e+02	2.234575e-01	1417807.000000	0.000000e+00
9.484531e-01	2.655280e+02	2.229973e-01	1417821.000000	0.000000e+00
9.504465e-01	2.648049e+02	2.215969e-01	1427989.000000	0.000000e+00
9.524403e-01	2.640985e+02	2.208543e-01	1429947.000000	0.000000e+00
9.544356e-01	2.639907e+02	2.198649e-01	1441669.000000	0.000000e+00
9.564314e-01	2.634697e+02	2.192850e-01	1443589.000000	0.000000e+00
9.584264e-01	2.625256e+02	2.178900e-01	1451673.000000	0.000000e+00
9.604198e-01	2.624879e+02	2.176502e-01	1454455.000000	0.000000e+00
9.624139e-01	2.618393e+02	2.164472e-01	1463409.000000	0.000000e+00
9.644094e-01	2.614095e+02	2.156271e-01	1469725.000000	0.000000e+00
9.664057e-01	2.606816e+02	2.145285e-01	1476559.000000	0.000000e+00
9.684002e-01	2.601141e+02	2.138945e-01	1478865.000000	0.000000e+00
9.703940e-01	2.593441e+02	2.126031e-01	1488037.000000	0.000000e+00
9.723898e-01	2.589239e+02	2.118654e-01	1493565.000000	0.000000e+00
9.743840e-01	2.584206e+02	2.110750e-01	1498927.000000	0.000000e+00
9.763785e-01	2.577605e+02	2.100830e-01	1505397.000000	0.000000e+00
9.783734e-01	2.574301e+02	2.093608e-01	1511917.000000	0.000000e+00
9.803685e-01	2.571054e+02	2.086398e-01	1518547.000000	0.000000e+00
9.823637e-01	2.564646e+02	2.077595e-01	1523817.000000	0.000000e+00
9.843574e-01	2.557116e+02	2.067881e-01	1529149.000000	0.000000e+00
9.863523e-01	2.553699e+02	2.059448e-01	1537581.000000	0.000000e+00
9.883468e-01	2.552762e+02	2.056279e-01	1541191.000000	0.000000e+00
9.903414e-01	2.542582e+02	2.041966e-01	1550433.000000	0.000000e+00
9.923355e-01	2.536719e+02	2.035924e-01	1552465.000000	0.000000e+00
9.943301e-01	2.531711e+02	2.024465e-01	1563895.000000	0.000000e+00
9.963253e-01	2.524339e+02	2.017270e-01	1565913.000000	0.000000e+00
9.983198e-01	2.524290e+02	2.011065e-01	1575529.000000	0.000000e+00
1.000313e+00	2.518128e+02	2.005505e-01	1576551.000000	0.000000e+00
1.002307e+00	2.510251e+02	1.991269e-01	1589185.000000	0.000000e+00
1.004304e+00	2.510433e+02	1.988879e-01	1593237.000000	0.000000e+00
1.006299e+00	2.498348e+02	1.975668e-01	1599109.000000	0.000000e+00
1.008293e+00	2.500331e+02	1.973976e-01	1604395.000000	0.000000e+00
1.010286e+00	2.493448e+02	1.964548e-01	1610925.000000	0.000000e+00
1.012281e+00	2.487209e+02	1.954142e-01	1619989.000000	0.000000e+00
1.014278e+00	2.480272e+02	1.945021e-01	1626111.000000	0.000000e+00
1.016273e+00	2.479979e+02	1.942721e-01	1629577.000000	0.000000e+00
1.018266e+00	2.473907e+02	1.933131e-01	1637737.000000	0.000000e+00
1.020261e+00	2.470983e+02	1.927814e-01	1642893.000000	0.000000e+00
1.022257e+00	2.464233e+02	1.916497e-01	1653283.000000	0.000000e+00
1.024250e+00	2.458463e+02	1.912717e-01	1652061.000000	0.000000e+00
1.026244e+00	2.452239e+02	1.899502e-01	1666657.000000	0.000000e+00
1.028241e+00	2.448510e+02	1.894506e-01	1670367.000000	0.000000e+00
1.030236e+00	2.443559e+02	1.887945e-01	1675201.000000	0.000000e+00
1.032228e+00	2.439653e+02	1.882098e-01	1680241.000000	0.000000e+00
1.034224e+00	2.436937e+02	1.873331e-01	1692231.000000	0.000000e+00
1.036220e+00	2.431056e+02	1.867203e-01	1695145.000000	0.000000e+00
1.038214e+00	2.424231e+02	1.858153e-01	1702101.000000	0.000000e+00
1.040208e+00	2.423247e+02	1.854222e-01	1707937.000000	0.000000e+00
1.042203e+00	2.417883e+02	1.845345e-01	1716783.000000	0.000000e+00
1.044197e+00	2.413558e+02	1.841080e-01	1718581.000000	0.000000e+00
1.046189e+00	2.405901e+02	1.830872e-01	1726789.000000	0.000000e+00
1.048183e+00	2.401528e+02	1.822214e-01	1736907.000000	0.000000e+00
1.050179e+00	2.399800e+02	1.818098e-01	1742269.000000	0.000000e+00
1.052174e+00	2.393941e+02	1.810386e-01	1748577.000000	0.000000e+00
1.054169e+00	2.385969e+02	1.801070e-01	1754965.000000	0.000000e+00
1.056163e+00	2.385675e+02	1.798659e-01	1759239.000000	0.000000e+00
1.058157e+00	2.381114e+02	1.789481e-01	1770541.000000	0.000000e+00
1.060154e+00	2.376201e+02	1.783096e-01	1775893.000000	0.000000e+00
1.062148e+00	2.369311e+02	1.775473e-01	1780803.000000	0.000000e+00
1.064143e+00	2.363827e+02	1.767842e-01	1787905.000000	0.000000e+00
1.066137e+00	2.359621e+02	1.761309e-01	1794789.000000	0.000000e+00
1.068131e+00	2.358210e+02	1.757167e-01	1801105.000000	0.000000e+00
1.070126e+00	2.351725e+02	1.748132e-01	1809775.000000	0.000000e+00
1.072119e+00	2.348195e+02	1.745311e-01	1810185.000000	0.000000e+00
1.074114e+00	2.345562e+02	1.734554e-01	1828597.000000	0.000000e+00
1.076113e+00	2.339809e+02	1.729907e-01	1829427.000000	0.000000e+00
1.078107e+00	2.335456e+02	1.724446e-01	1834189.000000	0.000000e+00
1.080099e+00	2.330175e+02	1.718296e-01	1838997.000000	0.000000e+00
1.082092e+00	2.327046e+02	1.711879e-01	1847839.000000	0.000000e+00
1.084089e+00	2.321342e+02	1.700867e-01	1862677.000000	0.000000e+00
1.086085e+00	2.318635e+02	1.701040e-01	1857957.000000	0.000000e+00
1.088077e+00	2.314602e+02	1.692426e-01	1870393.000000	0.000000e+00
1.090073e+00	2.309502e+02	1.685526e-01	1877439.000000	0.000000e+00
1.092068e+00	2.303075e+02	1.677745e-01	1884361.000000	0.000000e+00
1.094062e+00	2.299525e+02	1.673590e-01	1887897.000000	0.000000e+00
1.096057e+00	2.293376e+02	1.664046e-01	1899415.000000	0.000000e+00
1.098053e+00	2.291905e+02	1.660732e-01	1904557.000000	0.000000e+00
1.100048e+00	2.289175e+02	1.655453e-01	1912161.000000	0.000000e+00
1.102043e+00	2.280088e+02	1.647252e-01	1915945.000000	0.000000e+00
1.104036e+00	2.277583e+02	1.641637e-01	1924839.000000	0.000000e+00
1.106029e+00	2.278397e+02	1.640487e-01	1928917.000000	0.000000e+00
1.108023e+00	2.271594e+02	1.630791e-01	1940281.000000	0.000000e+00
1.110020e+00	2.266378e+02	1.623640e-01	1948431.000000	0.000000e+00
1.112015e+00	2.259484e+02	1.617611e-01	1951057.000000	0.000000e+00
1.114010e+00	2.257271e+02	1.611762e-01	1961397.000000	0.000000e+00
1.116005e+00	2.256243e+02	1.609228e-01	1965787.000000	0.000000e+00
1.117998e+00	2.249353e+02	1.601803e-01	1971957.000000	0.000000e+00
1.119992e+00	2.248517e+02	1.597143e-01	1982005.000000	0.000000e+00
1.121988e+00	2.241575e+02	1.589644e-01	1988413.000000	0.000000e+00
1.123983e+00	2.236606e+02	1.582504e-01	1997511.000000	0.000000e+00
1.125977e+00	2.235313e+02	1.581353e-01	1998109.000000	0.000000e+00
1.127972e+00	2.232159e+02	1.573426e-01	2012601.000000	0.000000e+00
1.129966e+00	2.228408e+02	1.570507e-01	2013307.000000	0.000000e+00
1.131961e+00	2.222580e+02	1.561270e-01	2026557.000000	0.000000e+00
1.133958e+00	2.218031e+02	1.556006e-01	2031949.000000	0.000000e+00
1.135953e+00	2.214956e+02	1.551687e-01	2037613.000000	0.000000e+00
1.137947e+00	2.209111e+02	1.544942e-01	2044611.000000	0.000000e+00
1.139941e+00	2.205427e+02	1.540429e-01	2049757.000000	0.000000e+00
1.141933e+00	2.201047e+02	1.534772e-01	2056701.000000	0.000000e+00
1.143926e+00	2.197601e+02	1.528725e-01	2066515.000000	0.000000e+00
1.145922e+00	2.195880e+02	1.524278e-01	2075337.000000	0.000000e+00
1.147919e+00	2.192229e+02	1.518589e-01	2083969.000000	0.000000e+00
1.149913e+00	2.185518e+02	1.513711e-01	2084599.000000	0.000000e+00
1.151906e+00	2.183765e+02	1.508671e-01	2095185.000000	0.000000e+00
1.153901e+00	2.177831e+02	1.501264e-01	2104429.000000	0.000000e+00
1.155897e+00	2.174402e+02	1.496790e-01	2110365.000000	0.000000e+00
1.157894e+00	2.169688e+02	1.489760e-01	2121103.000000	0.000000e+00
1.159888e+00	2.166150e+02	1.487826e-01	2119693.000000	0.000000e+00
1.161881e+00	2.163844e+02	1.481179e-01	2134209.000000	0.000000e+00
1.163877e+00	2.160006e+02	1.476474e-01	2140219.000000	0.000000e+00
1.165871e+00	2.153293e+02	1.471184e-01	2142261.000000	0.000000e+00
1.167864e+00	2.151645e+02	1.465446e-01	2155765.000000	0.000000e+00
1.169859e+00	2.147962e+02	1.461626e-01	2159637.000000	0.000000e+00
1.171854e+00	2.144189e+02	1.455079e-01	2171467.000000	0.000000e+00
1.173850e+00	2.139363e+02	1.450664e-01	2174881.000000	0.000000e+00
1.175844e+00	2.138681e+02	1.447060e-01	2184333.000000	0.000000e+00
1.177839e+00	2.133074e+02	1.441028e-01	2191123.000000	0.000000e+00
1.179834e+00	2.126794e+02	1.434489e-01	2198145.000000	0.000000e+00
1.181828e+00	2.122658e+02	1.429635e-01	2204497.000000	0.000000e+00
1.183822e+00	2.123408e+02	1.427251e-01	2213433.000000	0.000000e+00
1.185817e+00	2.118675e+02	1.422048e-01	2219731.000000	0.000000e+00
1.187809e+00	2.114035e+02	1.417236e-01	2225053.000000	0.000000e+00
1.189803e+00	2.109042e+02	1.410887e-01	2234529.000000	0.000000e+00
1.191799e+00	2.105659e+02	1.404299e-01	2248315.000000	0.000000e+00
1.193796e+00	2.101225e+02	1.400302e-01	2251653.000000	0.000000e+00
1.195792e+00	2.098489e+02	1.396080e-01	2259397.000000	0.000000e+00
1.197785e+00	2.097337e+02	1.394595e-01	2261727.000000	0.000000e+00
1.199779e+00	2.091587e+02	1.386717e-01	2274973.000000	0.000000e+00
1.201773e+00	2.087111e+02	1.383264e-01	2276569.000000	0.000000e+00
1.203767e+00	2.086730e+02	1.378645e-01	2291013.000000	0.000000e+00
1.205763e+00	2.081399e+02	1.373334e-01	2296987.000000	0.000000e+00
1.207758e+00	2.076450e+02	1.368203e-01	2303253.000000	0.000000e+00
1.209754e+00	2.071938e+02	1.362110e-01	2313817.000000	0.000000e+00
1.211748e+00	2.071313e+02	1.361140e-01	2315719.000000	0.000000e+00
1.213743e+00	2.064780e+02	1.352839e-01	2329461.000000	0.000000e+00
1.215737e+00	2.064321e+02	1.352276e-01	2330365.000000	0.000000e+00
1.217730e+00	2.058372e+02	1.345118e-01	2341677.000000	0.000000e+00
1.219726e+00	2.054984e+02	1.339532e-01	2353483.000000	0.000000e+00
1.221721e+00	2.053460e+02	1.338681e-01	2352981.000000	0.000000e+00
1.223715e+00	2.049191e+02	1.332054e-01	2366581.000000	0.000000e+00
1.225710e+00	2.045776e+02	1.328143e-01	2372611.000000	0.000000e+00
1.227704e+00	2.041125e+02	1.323761e-01	2377497.000000	0.000000e+00
1.229699e+00	2.036270e+02	1.316733e-01	2391529.000000	0.000000e+00
1.231694e+00	2.034900e+02	1.315098e-01	2394255.000000	0.000000e+00
1.233689e+00	2.032239e+02	1.310164e-01	2406013.000000	0.000000e+00
1.235683e+00	2.024742e+02	1.304646e-01	2408541.000000	0.000000e+00
1.237678e+00	2.023165e+02	1.300625e-01	2419681.000000	0.000000e+00
1.239673e+00	2.021657e+02	1.297042e-01	2429443.000000	0.000000e+00
1.241668e+00	2.018993e+02	1.294786e-01	2431497.000000	0.000000e+00
1.243663e+00	2.013121e+02	1.286863e-01	2447233.000000	0.000000e+00
1.245659e+00	2.010881e+02	1.284753e-01	2449815.000000	0.000000e+00
1.247653e+00	2.006037e+02	1.279895e-01	2456569.000000	0.000000e+00
1.249644e+00	2.001129e+02	1.276360e-01	2458125.000000	0.000000e+00
1.251638e+00	2.000234e+02	1.270228e-01	2479693.000000	0.000000e+00
1.253636e+00	1.994977e+02	1.265603e-01	2484739.000000	0.000000e+00
1.255632e+00	1.992917e+02	1.262675e-01	2491125.000000	0.000000e+00
1.257626e+00	1.989781e+02	1.259516e-01	2495761.000000	0.000000e+00
1.259621e+00	1.986361e+02	1.254555e-01	2506899.000000	0.000000e+00
1.261615e+00	1.985520e+02	1.253080e-01	2510677.000000	0.000000e+00
1.263609e+00	1.978689e+02	1.245218e-01	2525017.000000	0.000000e+00
1.265604e+00	1.975571e+02	1.243295e-01	2524857.000000	0.000000e+00
1.267598e+00	1.974927e+02	1.239051e-01	2540527.000000	0.000000e+00
1.269593e+00	1.968079e+02	1.233968e-01	2543769.000000	0.000000e+00
1.271588e+00	1.967233e+02	1.230748e-01	2554897.000000	0.000000e+00
1.273582e+00	1.963759e+02	1.227168e-01	2560755.000000	0.000000e+00
1.275577e+00	1.960644e+02	1.222952e-01	2570269.000000	0.000000e+00
1.277572e+00	1.956239e+02	1.218820e-01	2576113.000000	0.000000e+00
1.279565e+00	1.951400e+02	1.214064e-01	2583507.000000	0.000000e+00
1.281558e+00	1.948373e+02	1.209963e-01	2592985.000000	0.000000e+00
1.283553e+00	1.947852e+02	1.207168e-01	2603613.000000	0.000000e+00
1.285549e+00	1.941050e+02	1.201435e-01	2610193.000000	0.000000e+00
1.287543e+00	1.938828e+02	1.198488e-01	2617047.000000	0.000000e+00
1.289538e+00	1.937618e+02	1.195683e-01	2626057.000000	0.000000e+00
1.291534e+00	1.934090e+02	1.190850e-01	2637781.000000	0.000000e+00
1.293528e+00	1.929971e+02	1.188147e-01	2638527.000000	0.000000e+00
1.295521e+00	1.927508e+02	1.184105e-01	2649793.000000	0.000000e+00
1.297517e+00	1.925271e+02	1.179980e-01	2662161.000000	0.000000e+00
1.299511e+00	1.918959e+02	1.175957e-01	2662861.000000	0.000000e+00
1.301506e+00	1.917947e+02	1.171837e-01	2678791.000000	0.000000e+00
1.303501e+00	1.914103e+02	1.168836e-01	2681781.000000	0.000000e+00
1.305496e+00	1.910381e+02	1.164322e-01	2692117.000000	0.000000e+00
1.307491e+00	1.907594e+02	1.160800e-01	2700579.000000	0.000000e+00
1.309485e+00	1.907818e+02	1.159963e-01	2705113.000000	0.000000e+00
1.311479e+00	1.900886e+02	1.153141e-01	2717361.000000	0.000000e+00
1.313474e+00	1.897872e+02	1.149745e-01	2724775.000000	0.000000e+00
1.315469e+00	1.895441e+02	1.146417e-01	2733601.000000	0.000000e+00
1.317464e+00	1.893794e+02	1.143666e-01	2741997.000000	0.000000e+00
1.319459e+00	1.890316e+02	1.140256e-01	2748301.000000	0.000000e+00
1.321454e+00	1.886835e+02	1.136081e-01	2758347.000000	0.000000e+00
1.323447e+00	1.882552e+02	1.132631e-01	2762593.000000	0.000000e+00
1.325442e+00	1.880164e+02	1.128207e-01	2777241.000000	0.000000e+00
1.327438e+00	1.875475e+02	1.124093e-01	2783671.000000	0.000000e+00
1.329433e+00	1.875201e+02	1.122195e-01	2792281.000000	0.000000e+00
1.331427e+00	1.872313e+02	1.119443e-01	2797389.000000	0.000000e+00
1.333421e+00	1.868043e+02	1.115300e-01	2805373.000000	0.000000e+00
1.335416e+00	1.866330e+02	1.111397e-01	2819931.000000	0.000000e+00
1.337412e+00	1.861144e+02	1.107118e-01	2826001.000000	0.000000e+00
1.339407e+00	1.858711e+02	1.104460e-01	2832201.000000	0.000000e+00
1.341402e+00	1.855008e+02	1.099841e-01	2844667.000000	0.000000e+00
1.343396e+00	1.852084e+02	1.098489e-01	2842693.000000	0.000000e+00
1.345387e+00	1.848791e+02	1.093733e-01	2857281.000000	0.000000e+00
1.347382e+00	1.846470e+02	1.090230e-01	2868457.000000	0.000000e+00
1.349378e+00	1.845030e+02	1.087554e-01	2878095.000000	0.000000e+00
1.351373e+00	1.839847e+02	1.083549e-01	2883145.000000	0.000000e+00
1.353369e+00	1.838266e+02	1.080186e-01	2896141.000000	0.000000e+00
1.355363e+00	1.836865e+02	1.079195e-01	2897043.000000	0.000000e+00
1.357357e+00	1.829323e+02	1.072213e-01	2910841.000000	0.000000e+00
1.359352e+00	1.829025e+02	1.070958e-01	2916717.000000	0.000000e+00
1.361346e+00	1.826517e+02	1.067747e-01	2926243.000000	0.000000e+00
1.363341e+00	1.821329e+02	1.062673e-01	2937501.000000	0.000000e+00
1.365335e+00	1.819829e+02	1.061207e-01	2940769.000000	0.000000e+00
1.367330e+00	1.819149e+02	1.058395e-01	2954209.000000	0.000000e+00
1.369325e+00	1.813202e+02	1.053459e-01	2962491.000000	0.000000e+00
1.371320e+00	1.810650e+02	1.050900e-01	2968561.000000	0.000000e+00
1.373315e+00	1.807317e+02	1.046981e-01	2979825.000000	0.000000e+00
1.375310e+00	1.805129e+02	1.044340e-01	2987671.000000	0.000000e+00
1.377305e+00	1.802751e+02	1.041563e-01	2995713.000000	0.000000e+00
1.379299e+00	1.799573e+02	1.038774e-01	3001213.000000	0.000000e+00
1.381291e+00	1.798193e+02	1.036643e-01	3008941.000000	0.000000e+00
1.383286e+00	1.794189e+02	1.031212e-01	3027195.000000	0.000000e+00
1.385283e+00	1.790963e+02	1.028647e-01	3031381.000000	0.000000e+00
1.387277e+00	1.789159e+02	1.026645e-01	3037089.000000	0.000000e+00
1.389271e+00	1.785363e+02	1.022673e-01	3047755.000000	0.000000e+00
1.391265e+00	1.781306e+02	1.019117e-01	3055125.000000	0.000000e+00
1.393258e+00	1.778578e+02	1.016181e-01	3063397.000000	0.000000e+00
1.395253e+00	1.776361e+02	1.012576e-01	3077563.000000	0.000000e+00
1.397249e+00	1.772894e+02	1.009818e-01	3082329.000000	0.000000e+00
1.399243e+00	1.771234e+02	1.007231e-01	3092389.000000	0.000000e+00
1.401239e+00	1.768237e+02	1.003894e-01	3102453.000000	0.000000e+00
1.403233e+00	1.763125e+02	1.000249e-01	3107059.000000	0.000000e+00
1.405226e+00	1.761992e+02	9.979805e-02	3117193.000000	0.000000e+00
1.407222e+00	1.759373e+02	9.944745e-02	3129885.000000	0.000000e+00
1.409216e+00	1.754395e+02	9.910136e-02	3133975.000000	0.000000e+00
1.411211e+00	1.753475e+02	9.884616e-02	3146877.000000	0.000000e+00
1.413206e+00	1.749643e+02	9.853976e-02	3152653.000000	0.000000e+00
1.415201e+00	1.747970e+02	9.822766e-02	3166653.000000	0.000000e+00
1.417197e+00	1.745962e+02	9.804166e-02	3171379.000000	0.000000e+00
1.419191e+00	1.742364e+02	9.771265e-02	3179629.000000	0.000000e+00
1.421187e+00	1.740279e+02	9.739583e-02	3192693.000000	0.000000e+00
1.423181e+00	1.736946e+02	9.717317e-02	3195067.000000	0.000000e+00
1.425175e+00	1.734770e+02	9.684735e-02	3208545.000000	0.000000e+00
1.427168e+00	1.734077e+02	9.677025e-02	3211093.000000	0.000000e+00
1.429161e+00	1.729264e+02	9.631521e-02	3223539.000000	0.000000e+00
1.431157e+00	1.726618e+02	9.587602e-02	3243193.000000	0.000000e+00
1.433155e+00	1.724251e+02	9.572134e-02	3244765.000000	0.000000e+00
1.435149e+00	1.722943e+02	9.559136e-02	3248661.000000	0.000000e+00
1.437142e+00	1.717990e+02	9.511794e-02	3262243.000000	0.000000e+00
1.439138e+00	1.715789e+02	9.483501e-02	3273333.000000	0.000000e+00
1.441132e+00	1.711656e+02	9.459268e-02	3274297.000000	0.000000e+00
1.443123e+00	1.709279e+02	9.431326e-02	3284583.000000	0.000000e+00
1.445118e+00	1.705965e+02	9.387480e-02	3302497.000000	0.000000e+00
1.447115e+00	1.704722e+02	9.369663e-02	3310237.000000	0.000000e+00
1.449110e+00	1.701648e+02	9.345646e-02	3315285.000000	0.000000e+00
1.451106e+00	1.699161e+02	9.313717e-02	3328303.000000	0.000000e+00
1.453101e+00	1.697576e+02	9.299011e-02	3332613.000000	0.000000e+00
1.455095e+00	1.693735e+02	9.260394e-02	3345277.000000	0.000000e+00
1.457090e+00	1.689575e+02	9.227152e-02	3352891.000000	0.000000e+00
1.459084e+00	1.686641e+02	9.205052e-02	3357321.000000	0.000000e+00
1.461078e+00	1.683562e+02	9.163451e-02	3375517.000000	0.000000e+00
1.463073e+00	1.683419e+02	9.159292e-02	3378009.000000	0.000000e+00
1.465068e+00	1.680996e+02	9.128372e-02	3391147.000000	0.000000e+00
1.467062e+00	1.679378e+02	9.111975e-02	3396813.000000	0.000000e+00
1.469058e+00	1.675163e+02	9.066710e-02	3413617.000000	0.000000e+00
1.471053e+00	1.673202e+02	9.054940e-02	3414487.000000	0.000000e+00
1.473046e+00	1.671354e+02	9.032236e-02	3424101.000000	0.000000e+00
1.475040e+00	1.667155e+02	8.994843e-02	3435301.000000	0.000000e+00
1.477034e+00	1.665247e+02	8.972375e-02	3444627.000000	0.000000e+00
1.479030e+00	1.662660e+02	8.939994e-02	3458857.000000	0.000000e+00
1.481024e+00	1.661557e+02	8.936191e-02	3457209.000000	0.000000e+00
1.483018e+00	1.656954e+02	8.885191e-02	3477661.000000	0.000000e+00
1.485014e+00	1.652570e+02	8.856481e-02	3481747.000000	0.000000e+00
1.487008e+00	1.652156e+02	8.840438e-02	3492645.000000	0.000000e+00
1.489002e+00	1.650011e+02	8.822611e-02	3497677.000000	0.000000e+00
1.490997e+00	1.649272e+02	8.796006e-02	3515715.000000	0.000000e+00
1.492993e+00	1.644722e+02	8.769942e-02	3517153.000000	0.000000e+00
1.494987e+00	1.641825e+02	8.736362e-02	3531769.000000	0.000000e+00
1.496982e+00	1.640424e+02	8.722424e-02	3537021.000000	0.000000e+00
1.498975e+00	1.636553e+02	8.689588e-02	3547003.000000	0.000000e+00
1.500970e+00	1.633531e+02	8.658338e-02	3559473.000000	0.000000e+00
1.502966e+00	1.632204e+02	8.639775e-02	3568981.000000	0.000000e+00
1.504960e+00	1.630053e+02	8.621197e-02	3574935.000000	0.000000e+00
1.506955e+00	1.627141e+02	8.591147e-02	3587137.000000	0.000000e+00
1.508949e+00	1.624416e+02	8.570053e-02	3592753.000000	0.000000e+00
1.510943e+00	1.622015e+02	8.540896e-02	3606639.000000	0.000000e+00
1.512938e+00	1.619249e+02	8.516199e-02	3615229.000000	0.000000e+00
1.514933e+00	1.617263e+02	8.493206e-02	3625917.000000	0.000000e+00
1.516927e+00	1.615385e+02	8.479386e-02	3629305.000000	0.000000e+00
1.518923e+00	1.611189e+02	8.429795e-02	3653079.000000	0.000000e+00
1.520918e+00	1.608881e+02	8.429068e-02	3643249.000000	0.000000e+00
1.522911e+00	1.607563e+02	8.394981e-02	3666877.000000	0.000000e+00
1.524905e+00	1.603583e+02	8.374333e-02	3666759.000000	0.000000e+00
1.526901e+00	1.602185e+02	8.338513e-02	3691885.000000	0.000000e+00
1.528897e+00	1.599662e+02	8.331968e-02	3686049.000000	0.000000e+00
1.530892e+00	1.596496e+02	8.294106e-02	3705073.000000	0.000000e+00
1.532887e+00	1.593910e+02	8.274561e-02	3710547.000000	0.000000e+00
1.534882e+00	1.591614e+02	8.250402e-02	3721561.000000	0.000000e+00
1.536875e+00	1.590230e+02	8.242352e-02	3722353.000000	0.000000e+00
1.538868e+00	1.585834e+02	8.197449e-02	3742467.000000	0.000000e+00
1.540864e+00	1.584728e+02	8.182057e-02	3751321.000000	0.000000e+00
1.542860e+00	1.582313e+02	8.158890e-02	3761169.000000	0.000000e+00
1.544854e+00	1.579297e+02	8.139582e-02	3764641.000000	0.000000e+00
1.546848e+00	1.576863e+02	8.109148e-02	3781267.000000	0.000000e+00
1.548843e+00	1.575573e+02	8.098390e-02	3785121.000000	0.000000e+00
1.550838e+00	1.574210e+02	8.072884e-02	3802489.000000	0.000000e+00
1.552832e+00	1.570997e+02	8.055843e-02	3803019.000000	0.000000e+00
1.554826e+00	1.569159e+02	8.028202e-02	3820297.000000	0.000000e+00
1.556822e+00	1.565184e+02	7.998493e-02	3829257.000000	0.000000e+00
1.558817e+00	1.563196e+02	7.978478e-02	3838723.000000	0.000000e+00
1.560812e+00	1.562225e+02	7.968422e-02	3843637.000000	0.000000e+00
1.562805e+00	1.559168e+02	7.939349e-02	3856701.000000	0.000000e+00
1.564800e+00	1.556927e+02	7.918713e-02	3865693.000000	0.000000e+00
1.566794e+00	1.555205e+02	7.897325e-02	3878067.000000	0.000000e+00
1.568788e+00	1.550624e+02	7.868041e-02	3884005.000000	0.000000e+00
1.570782e+00	1.549178e+02	7.848450e-02	3896145.000000	0.000000e+00
1.572778e+00	1.547439e+02	7.826215e-02	3909523.000000	0.000000e+00
1.574774e+00	1.543312e+02	7.794361e-02	3920545.000000	0.000000e+00
1.576769e+00	1.541089e+02	7.781317e-02	3922377.000000	0.000000e+00
1.578764e+00	1.539993e+02	7.759213e-02	3939145.000000	0.000000e+00
1.580758e+00	1.537928e+02	7.743998e-02	3944043.000000	0.000000e+00
1.582753e+00	1.536675e+02	7.724256e-02	3957769.000000	0.000000e+00
1.584747e+00	1.532265e+02	7.699935e-02	3959985.000000	0.000000e+00
1.586740e+00	1.530934e+02	7.676520e-02	3977263.000000	0.000000e+00
1.588734e+00	1.527698e+02	7.655067e-02	3982693.000000	0.000000e+00
1.590730e+00	1.526394e+02	7.627175e-02	4005033.000000	0.000000e+00
1.592726e+00	1.523247e+02	7.615914e-02	4000339.000000	0.000000e+00
1.594721e+00	1.520418e+02	7.578344e-02	4025109.000000	0.000000e+00
1.596716e+00	1.519127e+02	7.578810e-02	4017781.000000	0.000000e+00
1.598709e+00	1.516041e+02	7.542493e-02	4040101.000000	0.000000e+00
1.600704e+00	1.514264e+02	7.530787e-02	4043175.000000	0.000000e+00
1.602699e+00	1.512666e+02	7.508403e-02	4058737.000000	0.000000e+00
1.604693e+00	1.508777e+02	7.484634e-02	4063581.000000	0.000000e+00
1.606688e+00	1.508219e+02	7.465735e-02	4081159.000000	0.000000e+00
1.608683e+00	1.505911e+02	7.450915e-02	4084881.000000	0.000000e+00
1.610678e+00	1.503234e+02	7.423840e-02	4100113.000000	0.000000e+00
1.612672e+00	1.501514e+02	7.415986e-02	4099405.000000	0.000000e+00
1.614666e+00	1.498859e+02	7.382296e-02	4122291.000000	0.000000e+00
1.616661e+00	1.496644e+02	7.370464e-02	4123321.000000	0.000000e+00
1.618656e+00	1.495389e+02	7.347043e-02	4142697.000000	0.000000e+00
1.620650e+00	1.491917e+02	7.331017e-02	4141531.000000	0.000000e+00
1.622645e+00	1.490369e+02	7.304134e-02	4163421.000000	0.000000e+00
1.624641e+00	1.487886e+02	7.286711e-02	4169425.000000	0.000000e+00
1.626636e+00	1.486293e+02	7.270957e-02	4178551.000000	0.000000e+00
1.628630e+00	1.484942e+02	7.257056e-02	4186953.000000	0.000000e+00
1.630625e+00	1.481525e+02	7.228727e-02	4200433.000000	0.000000e+00
1.632619e+00	1.477848e+02	7.206439e-02	4205505.000000	0.000000e+00
1.634614e+00	1.476444e+02	7.183247e-02	4224667.000000	0.000000e+00
1.636608e+00	1.475253e+02	7.179015e-02	4222825.000000	0.000000e+00
1.638602e+00	1.473198e+02	7.149471e-02	4245945.000000	0.000000e+00
1.640597e+00	1.469916e+02	7.132679e-02	4246975.000000	0.000000e+00
1.642592e+00	1.469138e+02	7.113363e-02	4265553.000000	0.000000e+00
1.644587e+00	1.465196e+02	7.091378e-02	4269037.000000	0.000000e+00
1.646582e+00	1.463379e+02	7.071663e-02	4282233.000000	0.000000e+00
1.648576e+00	1.462043e+02	7.057740e-02	4291303.000000	0.000000e+00
1.650570e+00	1.459614e+02	7.040812e-02	4297645.000000	0.000000e+00
1.652565e+00	1.456839e+02	7.010548e-02	4318365.000000	0.000000e+00
1.654560e+00	1.454018e+02	6.994833e-02	4321003.000000	0.000000e+00
1.656555e+00	1.453119e+02	6.978631e-02	4335729.000000	0.000000e+00
1.658548e+00	1.451496e+02	6.971035e-02	4335481.000000	0.000000e+00
1.660542e+00	1.448059e+02	6.933090e-02	4362333.000000	0.000000e+00
1.662537e+00	1.446569e+02	6.928549e-02	4359067.000000	0.000000e+00
1.664532e+00	1.444401e+02	6.901605e-02	4380013.000000	0.000000e+00
1.666526e+00	1.441529e+02	6.889167e-02	4378377.000000	0.000000e+00
1.668520e+00	1.439620e+02	6.859901e-02	4404127.000000	0.000000e+00
1.670516e+00	1.437842e+02	6.851028e-02	4404645.000000	0.000000e+00
1.672511e+00	1.436169e+02	6.830672e-02	4420633.000000	0.000000e+00
1.674506e+00	1.433911e+02	6.816026e-02	4425699.000000	0.000000e+00
1.676501e+00	1.431209e+02	6.790161e-02	4442689.000000	0.000000e+00
1.678497e+00	1.429610e+02	6.776273e-02	4450957.000000	0.000000e+00
1.680491e+00	1.427378e+02	6.763527e-02	4453809.000000	0.000000e+00
1.682484e+00	1.425390e+02	6.741967e-02	4469863.000000	0.000000e+00
1.684479e+00	1.422366e+02	6.717995e-02	4482741.000000	0.000000e+00
1.686473e+00	1.421295e+02	6.709152e-02	4487797.000000	0.000000e+00
1.688468e+00	1.420005e+02	6.689246e-02	4506355.000000	0.000000e+00
1.690463e+00	1.416891e+02	6.671104e-02	4511049.000000	0.000000e+00
1.692459e+00	1.414307e+02	6.645092e-02	4529869.000000	0.000000e+00
1.694454e+00	1.412561e+02	6.636440e-02	4530477.000000	0.000000e+00
1.696448e+00	1.411251e+02	6.617681e-02	4547755.000000	0.000000e+00
1.698443e+00	1.409017e+02	6.604276e-02	4551789.000000	0.000000e+00
1.700437e+00	1.405748e+02	6.578553e-02	4566193.000000	0.000000e+00
1.702432e+00	1.405071e+02	6.566171e-02	4579015.000000	0.000000e+00
1.704427e+00	1.402914e+02	6.551174e-02	4585893.000000	0.000000e+00
1.706421e+00	1.400290e+02	6.529985e-02	4598449.000000	0.000000e+00
1.708416e+00	1.398861e+02	6.515481e-02	4609527.000000	0.000000e+00
1.710410e+00	1.395831e+02	6.494895e-02	4618717.000000	0.000000e+00
1.712404e+00	1.393524e+02	6.474994e-02	4631805.000000	0.000000e+00
1.714399e+00	1.392081e+02	6.461766e-02	4641157.000000	0.000000e+00
1.716394e+00	1.390595e+02	6.446230e-02	4653607.000000	0.000000e+00
1.718388e+00	1.386647e+02	6.423467e-02	4660077.000000	0.000000e+00
1.720383e+00	1.386502e+02	6.411604e-02	4676353.000000	0.000000e+00
1.722378e+00	1.384677e+02	6.398668e-02	4682931.000000	0.000000e+00
1.724373e+00	1.380865e+02	6.368045e-02	4702081.000000	0.000000e+00
1.726369e+00	1.380765e+02	6.364835e-02	4706145.000000	0.000000e+00
1.728363e+00	1.378919e+02	6.351983e-02	4712581.000000	0.000000e+00
1.730356e+00	1.376760e+02	6.332841e-02	4726279.000000	0.000000e+00
1.732349e+00	1.375352e+02	6.320284e-02	4735377.000000	0.000000e+00
1.734343e+00	1.373159e+02	6.300630e-02	4749781.000000	0.000000e+00
1.736339e+00	1.369795e+02	6.272488e-02	4769043.000000	0.000000e+00
1.738334e+00	1.368805e+02	6.270524e-02	4765141.000000	0.000000e+00
1.740328e+00	1.365782e+02	6.241534e-02	4788289.000000	0.000000e+00
1.742324e+00	1.364762e+02	6.233944e-02	4792785.000000	0.000000e+00
1.744318e+00	1.361731e+02	6.213696e-02	4802671.000000	0.000000e+00
1.746312e+00	1.360187e+02	6.197898e-02	4816245.000000	0.000000e+00
1.748307e+00	1.358264e+02	6.182221e-02	4827025.000000	0.000000e+00
1.750301e+00	1.356430e+02	6.167550e-02	4836927.000000	0.000000e+00
1.752297e+00	1.353197e+02	6.142792e-02	4852777.000000	0.000000e+00
1.754292e+00	1.351940e+02	6.130822e-02	4862701.000000	0.000000e+00
1.756286e+00	1.350568e+02	6.122913e-02	4865379.000000	0.000000e+00
1.758280e+00	1.348314e+02	6.100632e-02	4884637.000000	0.000000e+00
1.760276e+00	1.347096e+02	6.087437e-02	4896981.000000	0.000000e+00
1.762271e+00	1.344064e+02	6.072982e-02	4898197.000000	0.000000e+00
1.764264e+00	1.342521e+02	6.053082e-02	4919139.000000	0.000000e+00
1.766259e+00	1.340330e+02	6.041305e-02	4922233.000000	0.000000e+00
1.768253e+00	1.337909e+02	6.019812e-02	4939549.000000	0.000000e+00
1.770248e+00	1.336594e+02	6.008700e-02	4948095.000000	0.000000e+00
1.772243e+00	1.335382e+02	5.995234e-02	4961341.000000	0.000000e+00
1.774237e+00	1.332508e+02	5.977398e-02	4969533.000000	0.000000e+00
1.776233e+00	1.331462e+02	5.960731e-02	4989517.000000	0.000000e+00
1.778228e+00	1.329699e+02	5.954006e-02	4987563.000000	0.000000e+00
1.780222e+00	1.327779e+02	5.934224e-02	5006377.000000	0.000000e+00
1.782216e+00	1.325125e+02	5.917789e-02	5014117.000000	0.000000e+00
1.784211e+00	1.322936e+02	5.897924e-02	5031291.000000	0.000000e+00
1.786206e+00	1.321659e+02	5.890174e-02	5034805.000000	0.000000e+00
1.788201e+00	1.319800e+02	5.870831e-02	5053785.000000	0.000000e+00
1.790195e+00	1.317182e+02	5.857284e-02	5057071.000000	0.000000e+00
1.792190e+00	1.315877e+02	5.841092e-02	5075077.000000	0.000000e+00
1.794185e+00	1.313957e+02	5.828694e-02	5081829.000000	0.000000e+00
1.796179e+00	1.312816e+02	5.815238e-02	5096509.000000	0.000000e+00
1.798175e+00	1.310108e+02	5.797046e-02	5107407.000000	0.000000e+00
1.800168e+00	1.309032e+02	5.789624e-02	5112109.000000	0.000000e+00
1.802163e+00	1.307009e+02	5.769204e-02	5132457.000000	0.000000e+00
1.804158e+00	1.305097e+02	5.756466e-02	5140123.000000	0.000000e+00
1.806152e+00	1.303293e+02	5.744699e-02	5146945.000000	0.000000e+00
1.808146e+00	1.301167e+02	5.724158e-02	5167053.000000	0.000000e+00
1.810142e+00	1.300401e+02	5.716103e-02	5175529.000000	0.000000e+00
1.812137e+00	1.297390e+02	5.695824e-02	5188335.000000	0.000000e+00
1.814131e+00	1.295058e+02	5.685107e-02	5189209.000000	0.000000e+00
1.816125e+00	1.293776e+02	5.665969e-02	5213985.000000	0.000000e+00
1.818121e+00	1.291626e+02	5.650541e-02	5225083.000000	0.000000e+00
1.820116e+00	1.290230e+02	5.643921e-02	5226037.000000	0.000000e+00
1.822110e+00	1.288849e+02	5.627237e-02	5245821.000000	0.000000e+00
1.824104e+00	1.285776e+02	5.611651e-02	5249875.000000	0.000000e+00
1.826098e+00	1.285287e+02	5.600705e-02	5266413.000000	0.000000e+00
1.828093e+00	1.283050e+02	5.583351e-02	5280769.000000	0.000000e+00
1.830088e+00	1.281339e+02	5.573246e-02	5285809.000000	0.000000e+00
1.832082e+00	1.279477e+02	5.557056e-02	5301219.000000	0.000000e+00
1.834077e+00	1.277310e+02	5.542161e-02	5311705.000000	0.000000e+00
1.836072e+00	1.274769e+02	5.522049e-02	5329209.000000	0.000000e+00
1.838067e+00	1.273401e+02	5.515354e-02	5330695.000000	0.000000e+00
1.840062e+00	1.272074e+02	5.499297e-02	5350701.000000	0.000000e+00
1.842057e+00	1.270513e+02	5.489302e-02	5357029.000000	0.000000e+00
1.844051e+00	1.268394e+02	5.475510e-02	5366101.000000	0.000000e+00
1.846045e+00	1.267025e+02	5.458846e-02	5387271.000000	0.000000e+00
1.848041e+00	1.265070e+02	5.448204e-02	5391661.000000	0.000000e+00
1.850034e+00	1.262796e+02	5.433934e-02	5400549.000000	0.000000e+00
1.852029e+00	1.261878e+02	5.419317e-02	5421823.000000	0.000000e+00
1.854024e+00	1.259731e+02	5.408560e-02	5424909.000000	0.000000e+00
1.856018e+00	1.257729e+02	5.391196e-02	5442565.000000	0.000000e+00
1.858013e+00	1.256062e+02	5.381933e-02	5446849.000000	0.000000e+00
1.860007e+00	1.255032e+02	5.366587e-02	5469063.000000	0.000000e+00
1.862003e+00	1.253413e+02	5.356083e-02	5476381.000000	0.000000e+00
1.863998e+00	1.251171e+02	5.341106e-02	5487453.000000	0.000000e+00
1.865993e+00	1.248674e+02	5.325572e-02	5497507.000000	0.000000e+00
1.867987e+00	1.247694e+02	5.314885e-02	5510973.000000	0.000000e+00
1.869983e+00	1.245093e+02	5.296970e-02	5525209.000000	0.000000e+00
1.871977e+00	1.244097e+02	5.290700e-02	5529451.000000	0.000000e+00
1.873971e+00	1.242668e+02	5.277492e-02	5544405.000000	0.000000e+00
1.875965e+00	1.240176e+02	5.260764e-02	5557369.000000	0.000000e+00
1.877960e+00	1.239343e+02	5.249794e-02	5573121.000000	0.000000e+00
1.879954e+00	1.236855e+02	5.238342e-02	5575063.000000	0.000000e+00
1.881948e+00	1.235575e+02	5.225225e-02	5591497.000000	0.000000e+00
1.883943e+00	1.232460e+02	5.202868e-02	5611257.000000	0.000000e+00
1.885940e+00	1.232352e+02	5.198185e-02	5620387.000000	0.000000e+00
1.887934e+00	1.229889e+02	5.185012e-02	5626425.000000	0.000000e+00
1.889927e+00	1.226883e+02	5.168751e-02	5634241.000000	0.000000e+00
1.891922e+00	1.225928e+02	5.154655e-02	5656281.000000	0.000000e+00
1.893917e+00	1.224767e+02	5.145131e-02	5666491.000000	0.000000e+00
1.895912e+00	1.223057e+02	5.134195e-02	5674777.000000	0.000000e+00
1.897907e+00	1.221112e+02	5.117979e-02	5692641.000000	0.000000e+00
1.899902e+00	1.219456e+02	5.108850e-02	5697523.000000	0.000000e+00
1.901896e+00	1.217869e+02	5.095561e-02	5712381.000000	0.000000e+00
1.903890e+00	1.215801e+02	5.082591e-02	5722093.000000	0.000000e+00
1.905883e+00	1.214277e+02	5.073317e-02	5728635.000000	0.000000e+00
1.907879e+00	1.213398e+02	5.055740e-02	5760193.000000	0.000000e+00
1.909876e+00	1.211035e+02	5.044420e-02	5763565.000000	0.000000e+00
1.911870e+00	1.209535e+02	5.037924e-02	5764125.000000	0.000000e+00
1.913863e+00	1.207475e+02	5.019709e-02	5786275.000000	0.000000e+00
1.915858e+00	1.206528e+02	5.012409e-02	5794041.000000	0.000000e+00
1.917854e+00	1.204790e+02	4.995434e-02	5816689.000000	0.000000e+00
1.919848e+00	1.202757e+02	4.988432e-02	5813367.000000	0.000000e+00
1.921842e+00	1.201460e+02	4.975548e-02	5830921.000000	0.000000e+00
1.923837e+00	1.199339e+02	4.958635e-02	5850049.000000	0.000000e+00
1.925832e+00	1.198844e+02	4.954542e-02	5854881.000000	0.000000e+00
1.927827e+00	1.196241e+02	4.936529e-02	5872111.000000	0.000000e+00
1.929821e+00	1.193999e+02	4.925876e-02	5875449.000000	0.000000e+00
1.931815e+00	1.193134e+02	4.913056e-02	5897593.000000	0.000000e+00
1.933810e+00	1.191774e+02	4.904986e-02	5903539.000000	0.000000e+00
1.935805e+00	1.189134e+02	4.886151e-02	5922813.000000	0.000000e+00
1.937800e+00	1.187847e+02	4.878773e-02	5927881.000000	0.000000e+00
1.939795e+00	1.186929e+02	4.868961e-02	5942601.000000	0.000000e+00
1.941790e+00	1.183812e+02	4.849402e-02	5959219.000000	0.000000e+00
1.943785e+00	1.183692e+02	4.848326e-02	5960649.000000	0.000000e+00
1.945778e+00	1.181833e+02	4.835194e-02	5974261.000000	0.000000e+00
1.947773e+00	1.179319e+02	4.814807e-02	5999359.000000	0.000000e+00
1.949769e+00	1.178106e+02	4.808422e-02	6002937.000000	0.000000e+00
1.951763e+00	1.176063e+02	4.796059e-02	6013009.000000	0.000000e+00
1.953756e+00	1.174690e+02	4.786717e-02	6022419.000000	0.000000e+00
1.955751e+00	1.174135e+02	4.773972e-02	6048901.000000	0.000000e+00
1.957746e+00	1.171812e+02	4.765399e-02	6046689.000000	0.000000e+00
1.959739e+00	1.169773e+02	4.751455e-02	6061081.000000	0.000000e+00
1.961734e+00	1.168676e+02	4.738626e-02	6082519.000000	0.000000e+00
1.963729e+00	1.165635e+02	4.723850e-02	6088821.000000	0.000000e+00
1.965725e+00	1.165227e+02	4.715434e-02	6106297.000000	0.000000e+00
1.967719e+00	1.164031e+02	4.708311e-02	6112215.000000	0.000000e+00
1.969713e+00	1.161931e+02	4.695663e-02	6123037.000000	0.000000e+00
1.971708e+00	1.160627e+02	4.681216e-02	6147069.000000	0.000000e+00
1.973704e+00	1.159153e+02	4.675328e-02	6146917.000000	0.000000e+00
1.975698e+00	1.157382e+02	4.660976e-02	6165943.000000	0.000000e+00
1.977691e+00	1.155345e+02	4.651749e-02	6168657.000000	0.000000e+00
1.979687e+00	1.154381e+02	4.635896e-02	6200557.000000	0.000000e+00
1.981682e+00	1.151455e+02	4.625516e-02	6196887.000000	0.000000e+00
1.983676e+00	1.150655e+02	4.615202e-02	6215965.000000	0.000000e+00
1.985672e+00	1.150051e+02	4.608177e-02	6228397.000000	0.000000e+00
1.987666e+00	1.148116e+02	4.597860e-02	6235335.000000	0.000000e+00
1.989660e+00	1.146241e+02	4.585177e-02	6249421.000000	0.000000e+00
1.991655e+00	1.144830e+02	4.572441e-02	6268821.000000	0.000000e+00
1.993649e+00	1.142830e+02	4.563150e-02	6272401.000000	0.000000e+00
1.995644e+00	1.141004e+02	4.547989e-02	6294123.000000	0.000000e+00
1.997640e+00	1.140186e+02	4.541559e-02	6302917.000000	0.000000e+00
1.999635e+00	1.138435e+02	4.529853e-02	6316093.000000	0.000000e+00
2.001627e+00	1.136954e+02	4.525161e-02	6312735.000000	0.000000e+00
2.003622e+00	1.135975e+02	4.506142e-02	6355177.000000	0.000000e+00
2.005619e+00	1.134003e+02	4.499844e-02	6350877.000000	0.000000e+00
2.007614e+00	1.132136e+02	4.487026e-02	6366193.000000	0.000000e+00
2.009608e+00	1.130907e+02	4.480049e-02	6372183.000000	0.000000e+00
2.011602e+00	1.128990e+02	4.464452e-02	6395053.000000	0.000000e+00
2.013597e+00	1.127507e+02	4.456598e-02	6400765.000000	0.000000e+00
2.015592e+00	1.126739e+02	4.447621e-02	6417879.000000	0.000000e+00
2.017586e+00	1.125082e+02	4.439939e-02	6421177.000000	0.000000e+00
2.019579e+00	1.123229e+02	4.425856e-02	6440829.000000	0.000000e+00
2.021574e+00	1.122143e+02	4.417436e-02	6452917.000000	0.000000e+00
2.023568e+00	1.120557e+02	4.406579e-02	6466435.000000	0.000000e+00
2.025562e+00	1.117945e+02	4.392197e-02	6478545.000000	0.000000e+00
2.027557e+00	1.117161e+02	4.384401e-02	6492481.000000	0.000000e+00
2.029553e+00	1.115102e+02	4.370415e-02	6510039.000000	0.000000e+00
2.031548e+00	1.113974e+02	4.363033e-02	6518881.000000	0.000000e+00
2.033543e+00	1.112665e+02	4.353409e-02	6532353.000000	0.000000e+00
2.035537e+00	1.111909e+02	4.348714e-02	6537571.000000	0.000000e+00
2.037532e+00	1.110050e+02	4.334734e-02	6557833.000000	0.000000e+00
2.039526e+00	1.108259e+02	4.324636e-02	6567249.000000	0.000000e+00
2.041520e+00	1.106762e+02	4.315089e-02	6578533.000000	0.000000e+00
2.043515e+00	1.106000e+02	4.304752e-02	6601071.000000	0.000000e+00
2.045510e+00	1.103967e+02	4.296133e-02	6603241.000000	0.000000e+00
2.047505e+00	1.102365e+02	4.282549e-02	6625917.000000	0.000000e+00
2.049500e+00	1.100244e+02	4.273461e-02	6628555.000000	0.000000e+00
2.051494e+00	1.099860e+02	4.265993e-02	6647137.000000	0.000000e+00
2.053489e+00	1.097948e+02	4.254279e-02	6660573.000000	0.000000e+00
2.055484e+00	1.096789e+02	4.246203e-02	6671821.000000	0.000000e+00
2.057478e+00	1.094298e+02	4.232359e-02	6685071.000000	0.000000e+00
2.059472e+00	1.093815e+02	4.226945e-02	6696301.000000	0.000000e+00
2.061467e+00	1.092382e+02	4.215816e-02	6714069.000000	0.000000e+00
2.063463e+00	1.090404e+02	4.202871e-02	6731047.000000	0.000000e+00
2.065458e+00	1.089098e+02	4.199237e-02	6726565.000000	0.000000e+00
2.067451e+00	1.088486e+02	4.188036e-02	6754989.000000	0.000000e+00
2.069447e+00	1.085397e+02	4.173499e-02	6763579.000000	0.000000e+00
2.071442e+00	1.084680e+02	4.166932e-02	6775953.000000	0.000000e+00
2.073435e+00	1.082844e+02	4.157202e-02	6784681.000000	0.000000e+00
2.075430e+00	1.081847e+02	4.147818e-02	6802873.000000	0.000000e+00
2.077424e+00	1.079700e+02	4.135847e-02	6815175.000000	0.000000e+00
2.079420e+00	1.079142e+02	4.127610e-02	6835333.000000	0.000000e+00
2.081415e+00	1.077526e+02	4.121382e-02	6835497.000000	0.000000e+00
2.083408e+00	1.075835e+02	4.109008e-02	6855151.000000	0.000000e+00
2.085403e+00	1.074571e+02	4.100253e-02	6868293.000000	0.000000e+00
2.087397e+00	1.073125e+02	4.091948e-02	6877657.000000	0.000000e+00
2.089392e+00	1.071843e+02	4.082386e-02	6893413.000000	0.000000e+00
2.091386e+00	1.069875e+02	4.070456e-02	6908439.000000	0.000000e+00
2.093381e+00	1.069171e+02	4.063896e-02	6921637.000000	0.000000e+00
2.095376e+00	1.068150e+02	4.056040e-02	6935217.000000	0.000000e+00
2.097371e+00	1.066490e+02	4.047279e-02	6943639.000000	0.000000e+00
2.099365e+00	1.064527e+02	4.035019e-02	6960213.000000	0.000000e+00
2.101360e+00	1.063828e+02	4.027364e-02	6977521.000000	0.000000e+00
2.103355e+00	1.060647e+02	4.013593e-02	6983527.000000	0.000000e+00
2.105350e+00	1.059997e+02	4.005454e-02	7003353.000000	0.000000e+00
2.107344e+00	1.059810e+02	4.003582e-02	7007425.000000	0.000000e+00
2.109339e+00	1.057706e+02	3.988521e-02	7032441.000000	0.000000e+00
2.111333e+00	1.056319e+02	3.983528e-02	7031599.000000	0.000000e+00
2.113327e+00	1.055142e+02	3.973366e-02	7051881.000000	0.000000e+00
2.115322e+00	1.053650e+02	3.962246e-02	7071469.000000	0.000000e+00
2.117318e+00	1.052100e+02	3.953014e-02	7083655.000000	0.000000e+00
2.119313e+00	1.050630e+02	3.944570e-02	7094145.000000	0.000000e+00
2.121306e+00	1.049197e+02	3.938472e-02	7096729.000000	0.000000e+00
2.123301e+00	1.047860e+02	3.925747e-02	7124625.000000	0.000000e+00
2.125296e+00	1.045959e+02	3.915242e-02	7136947.000000	0.000000e+00
2.127291e+00	1.045418e+02	3.912083e-02	7141081.000000	0.000000e+00
2.129285e+00	1.043708e+02	3.899324e-02	7164393.000000	0.000000e+00
2.131281e+00	1.042598e+02	3.891872e-02	7176559.000000	0.000000e+00
2.133275e+00	1.040217e+02	3.881768e-02	7181061.000000	0.000000e+00
2.135268e+00	1.040289e+02	3.878974e-02	7192405.000000	0.000000e+00
2.137263e+00	1.038353e+02	3.863844e-02	7221885.000000	0.000000e+00
2.139259e+00	1.037027e+02	3.856542e-02	7230763.000000	0.000000e+00
2.141255e+00	1.035302e+02	3.846806e-02	7243249.000000	0.000000e+00
2.143249e+00	1.034206e+02	3.842258e-02	7245045.000000	0.000000e+00
2.145242e+00	1.032417e+02	3.829302e-02	7268947.000000	0.000000e+00
2.147237e+00	1.030979e+02	3.820031e-02	7283937.000000	0.000000e+00
2.149233e+00	1.030113e+02	3.812451e-02	7300645.000000	0.000000e+00
2.151227e+00	1.027786e+02	3.804399e-02	7298499.000000	0.000000e+00
2.153221e+00	1.027600e+02	3.796642e-02	7325701.000000	0.000000e+00
2.155216e+00	1.026068e+02	3.788802e-02	7334125.000000	0.000000e+00
2.157211e+00	1.024391e+02	3.778718e-02	7349241.000000	0.000000e+00
2.159205e+00	1.022612e+02	3.769175e-02	7360867.000000	0.000000e+00
2.161199e+00	1.021466e+02	3.762161e-02	7371801.000000	0.000000e+00
2.163193e+00	1.020534e+02	3.753542e-02	7392181.000000	0.000000e+00
2.165188e+00	1.018968e+02	3.745418e-02	7401519.000000	0.000000e+00
2.167184e+00	1.017915e+02	3.735771e-02	7424425.000000	0.000000e+00
2.169179e+00	1.016321e+02	3.728620e-02	7429597.000000	0.000000e+00
2.171173e+00	1.014425e+02	3.718422e-02	7442565.000000	0.000000e+00
2.173168e+00	1.013667e+02	3.711378e-02	7459675.000000	0.000000e+00
2.175163e+00	1.012525e+02	3.703585e-02	7474245.000000	0.000000e+00
2.177158e+00	1.011771e+02	3.697725e-02	7486789.000000	0.000000e+00
2.179152e+00	1.010248e+02	3.690851e-02	7492087.000000	0.000000e+00
2.181146e+00	1.008507e+02	3.678634e-02	7515957.000000	0.000000e+00
2.183141e+00	1.007331e+02	3.671756e-02	7526557.000000	0.000000e+00
2.185135e+00	1.005642e+02	3.662996e-02	7537263.000000	0.000000e+00
2.187130e+00	1.004559e+02	3.654721e-02	7555141.000000	0.000000e+00
2.189125e+00	1.003574e+02	3.647036e-02	7572141.000000	0.000000e+00
2.191120e+00	1.002105e+02	3.639927e-02	7579513.000000	0.000000e+00
2.193115e+00	1.000698e+02	3.629718e-02	7600819.000000	0.000000e+00
2.195109e+00	9.996866e+01	3.625874e-02	7601553.000000	0.000000e+00
2.197104e+00	9.982771e+01	3.613234e-02	7633261.000000	0.000000e+00
2.199100e+00	9.963946e+01	3.606235e-02	7634043.000000	0.000000e+00
2.201094e+00	9.959763e+01	3.600675e-02	7651213.000000	0.000000e+00
2.203088e+00	9.940190e+01	3.591876e-02	7658553.000000	0.000000e+00
2.205082e+00	9.935341e+01	3.586279e-02	7674985.000000	0.000000e+00
2.207077e+00	9.914685e+01	3.572804e-02	7700863.000000	0.000000e+00
2.209072e+00	9.897406e+01	3.565530e-02	7705389.000000	0.000000e+00
2.211067e+00	9.887796e+01	3.558193e-02	7722181.000000	0.000000e+00
2.213061e+00	9.881949e+01	3.554686e-02	7728279.000000	0.000000e+00
2.215055e+00	9.868052e+01	3.544913e-02	7749109.000000	0.000000e+00
2.217050e+00	9.849289e+01	3.534291e-02	7766137.000000	0.000000e+00
2.219045e+00	9.836487e+01	3.528412e-02	7771797.000000	0.000000e+00
2.221039e+00	9.831303e+01	3.522514e-02	7789627.000000	0.000000e+00
2.223034e+00	9.810993e+01	3.511023e-02	7808337.000000	0.000000e+00
2.225029e+00	9.802157e+01	3.505953e-02	7816837.000000	0.000000e+00
2.227024e+00	9.787805e+01	3.496207e-02	7837479.000000	0.000000e+00
2.229018e+00	9.781280e+01	3.493729e-02	7838137.000000	0.000000e+00
2.231013e+00	9.758519e+01	3.479574e-02	7865305.000000	0.000000e+00
2.233008e+00	9.742610e+01	3.471156e-02	7877751.000000	0.000000e+00
2.235003e+00	9.738542e+01	3.468529e-02	7883101.000000	0.000000e+00
2.236996e+00	9.729565e+01	3.461631e-02	7899969.000000	0.000000e+00
2.238992e+00	9.718063e+01	3.452298e-02	7923973.000000	0.000000e+00
2.240986e+00	9.698219e+01	3.444812e-02	7925979.000000	0.000000e+00
2.242981e+00	9.690596e+01	3.437341e-02	7947961.000000	0.000000e+00
2.244976e+00	9.677479e+01	3.430783e-02	7956793.000000	0.000000e+00
2.246970e+00	9.659130e+01	3.421335e-02	7970487.000000	0.000000e+00
2.248965e+00	9.650637e+01	3.413879e-02	7991269.000000	0.000000e+00
2.250960e+00	9.637458e+01	3.406949e-02	8001909.000000	0.000000e+00
2.252954e+00	9.627836e+01	3.401724e-02	8010493.000000	0.000000e+00
2.254948e+00	9.612922e+01	3.391119e-02	8035719.000000	0.000000e+00
2.256943e+00	9.596025e+01	3.384358e-02	8039521.000000	0.000000e+00
2.258939e+00	9.587908e+01	3.375542e-02	8067901.000000	0.000000e+00
2.260933e+00	9.582119e+01	3.374865e-02	8061399.000000	0.000000e+00
2.262927e+00	9.568536e+01	3.362673e-02	8096953.000000	0.000000e+00
2.264923e+00	9.549951e+01	3.355280e-02	8101113.000000	0.000000e+00
2.266918e+00	9.547712e+01	3.351251e-02	8116795.000000	0.000000e+00
2.268912e+00	9.530553e+01	3.343814e-02	8123665.000000	0.000000e+00
2.270906e+00	9.516020e+01	3.334959e-02	8141973.000000	0.000000e+00
2.272900e+00	9.502959e+01	3.327814e-02	8154541.000000	0.000000e+00
2.274895e+00	9.492271e+01	3.318725e-02	8180835.000000	0.000000e+00
2.276890e+00	9.479566e+01	3.314994e-02	8177329.000000	0.000000e+00
2.278883e+00	9.465297e+01	3.305086e-02	8201685.000000	0.000000e+00
2.280878e+00	9.464321e+01	3.301122e-02	8219695.000000	0.000000e+00
2.282873e+00	9.442905e+01	3.291866e-02	8228617.000000	0.000000e+00
2.284867e+00	9.426000e+01	3.283399e-02	8241525.000000	0.000000e+00
2.286862e+00	9.421797e+01	3.277661e-02	8263033.000000	0.000000e+00
2.288857e+00	9.407518e+01	3.271142e-02	8270871.000000	0.000000e+00
2.290852e+00	9.392833e+01	3.261773e-02	8292505.000000	0.000000e+00
2.292847e+00	9.382864e+01	3.257091e-02	8298717.000000	0.000000e+00
2.294842e+00	9.374712e+01	3.248894e-02	8326159.000000	0.000000e+00
2.296837e+00	9.357613e+01	3.244181e-02	8319937.000000	0.000000e+00
2.298831e+00	9.342869e+01	3.233195e-02	8350197.000000	0.000000e+00
2.300825e+00	9.333428e+01	3.228787e-02	8356099.000000	0.000000e+00
2.302820e+00	9.324889e+01	3.221939e-02	8376309.000000	0.000000e+00
2.304815e+00	9.315253e+01	3.216110e-02	8389333.000000	0.000000e+00
2.306809e+00	9.301064e+01	3.209432e-02	8398641.000000	0.000000e+00
2.308803e+00	9.288815e+01	3.200968e-02	8420887.000000	0.000000e+00
2.310799e+00	9.275655e+01	3.193199e-02	8437957.000000	0.000000e+00
2.312794e+00	9.263482e+01	3.187493e-02	8445981.000000	0.000000e+00
2.314788e+00	9.255654e+01	3.183032e-02	8455363.000000	0.000000e+00
2.316782e+00	9.244010e+01	3.175028e-02	8476677.000000	0.000000e+00
2.318778e+00	9.232416e+01	3.165967e-02	8503897.000000	0.000000e+00
2.320773e+00	9.212578e+01	3.160806e-02	8495065.000000	0.000000e+00
2.322766e+00	9.204362e+01	3.153202e-02	8520867.000000	0.000000e+00
2.324761e+00	9.196439e+01	3.148170e-02	8533417.000000	0.000000e+00
2.326756e+00	9.184819e+01	3.139816e-02	8557221.000000	0.000000e+00
2.328751e+00	9.171384e+01	3.134229e-02	8562655.000000	0.000000e+00
2.330745e+00	9.158440e+01	3.127892e-02	8573133.000000	0.000000e+00
2.332739e+00	9.148153e+01	3.120767e-02	8592985.000000	0.000000e+00
2.334733e+00	9.131946e+01	3.114284e-02	8598253.000000	0.000000e+00
2.336728e+00	9.122410e+01	3.104233e-02	8635959.000000	0.000000e+00
2.338724e+00	9.110958e+01	3.100246e-02	8636461.000000	0.000000e+00
2.340718e+00	9.104224e+01	3.095090e-02	8652453.000000	0.000000e+00
2.342712e+00	9.087485e+01	3.087305e-02	8664199.000000	0.000000e+00
2.344707e+00	9.082392e+01	3.081729e-02	8685837.000000	0.000000e+00
2.346702e+00	9.068545e+01	3.075832e-02	8692609.000000	0.000000e+00
2.348697e+00	9.049840e+01	3.065443e-02	8715559.000000	0.000000e+00
2.350691e+00	9.045377e+01	3.062751e-02	8722281.000000	0.000000e+00
2.352686e+00	9.028886e+01	3.052688e-02	8747893.000000	0.000000e+00
2.354680e+00	9.013278e+01	3.047868e-02	8745273.000000	0.000000e+00
2.356674e+00	9.010912e+01	3.042069e-02	8774035.000000	0.000000e+00
2.358670e+00	9.000401e+01	3.035986e-02	8788693.000000	0.000000e+00
2.360665e+00	8.980265e+01	3.026749e-02	8802897.000000	0.000000e+00
2.362659e+00	8.972871e+01	3.022558e-02	8812795.000000	0.000000e+00
2.364654e+00	8.965115e+01	3.016328e-02	8833941.000000	0.000000e+00
2.366649e+00	8.957346e+01	3.011636e-02	8846137.000000	0.000000e+00
2.368644e+00	8.941162e+01	3.004338e-02	8857077.000000	0.000000e+00
2.370638e+00	8.929069e+01	2.997303e-02	8874643.000000	0.000000e+00
2.372633e+00	8.922638e+01	2.992388e-02	8891005.000000	0.000000e+00
2.374628e+00	8.914322e+01	2.987224e-02	8905149.000000	0.000000e+00
2.376622e+00	8.897540e+01	2.979637e-02	8916883.000000	0.000000e+00
2.378617e+00	8.882765e+01	2.971131e-02	8938257.000000	0.000000e+00
2.380611e+00	8.872354e+01	2.966493e-02	8945221.000000	0.000000e+00
2.382604e+00	8.867301e+01	2.963096e-02	8955531.000000	0.000000e+00
2.384600e+00	8.855826e+01	2.952084e-02	8999137.000000	0.000000e+00
2.386597e+00	8.849324e+01	2.950924e-02	8992993.000000	0.000000e+00
2.388591e+00	8.835662e+01	2.943873e-02	9008241.000000	0.000000e+00
2.390585e+00	8.821488e+01	2.937240e-02	9019963.000000	0.000000e+00
2.392579e+00	8.809491e+01	2.929852e-02	9040869.000000	0.000000e+00
2.394574e+00	8.801829e+01	2.925016e-02	9055021.000000	0.000000e+00
2.396569e+00	8.787438e+01	2.917283e-02	9073347.000000	0.000000e+00
2.398563e+00	8.780053e+01	2.913853e-02	9079441.000000	0.000000e+00
2.400558e+00	8.764186e+01	2.903904e-02	9108745.000000	0.000000e+00
2.402553e+00	8.751324e+01	2.899672e-02	9108561.000000	0.000000e+00
2.404547e+00	8.746020e+01	2.893519e-02	9136255.000000	0.000000e+00
2.406542e+00	8.735542e+01	2.889341e-02	9140757.000000	0.000000e+00
2.408536e+00	8.724816e+01	2.882255e-02	9163213.000000	0.000000e+00
2.410532e+00	8.710813e+01	2.874451e-02	9183487.000000	0.000000e+00
2.412527e+00	8.700273e+01	2.870367e-02	9187365.000000	0.000000e+00
2.414520e+00	8.685021e+01	2.863739e-02	9197605.000000	0.000000e+00
2.416514e+00	8.678681e+01	2.857577e-02	9223833.000000	0.000000e+00
2.418509e+00	8.666295e+01	2.851290e-02	9238135.000000	0.000000e+00
2.420504e+00	8.658213e+01	2.845409e-02	9259065.000000	0.000000e+00
2.422500e+00	8.650304e+01	2.841578e-02	9267097.000000	0.000000e+00
2.424495e+00	8.631879e+01	2.832802e-02	9284923.000000	0.000000e+00
2.426489e+00	8.625656e+01	2.829995e-02	9289941.000000	0.000000e+00
2.428484e+00	8.617648e+01	2.821988e-02	9325393.000000	0.000000e+00
2.430478e+00	8.603228e+01	2.818543e-02	9316947.000000	0.000000e+00
2.432473e+00	8.593369e+01	2.810108e-02	9351493.000000	0.000000e+00
2.434468e+00	8.587171e+01	2.807354e-02	9356337.000000	0.000000e+00
2.436463e+00	8.571629e+01	2.798685e-02	9380341.000000	0.000000e+00
2.438457e+00	8.568134e+01	2.797736e-02	9379051.000000	0.000000e+00
2.440450e+00	8.547816e+01	2.786961e-02	9406941.000000	0.000000e+00
2.442446e+00	8.539336e+01	2.781357e-02	9426157.000000	0.000000e+00
2.444441e+00	8.528940e+01	2.776466e-02	9436383.000000	0.000000e+00
2.446435e+00	8.520649e+01	2.772500e-02	9445009.000000	0.000000e+00
2.448429e+00	8.505408e+01	2.764079e-02	9468681.000000	0.000000e+00
2.450424e+00	8.497732e+01	2.759900e-02	9480241.000000	0.000000e+00
2.452418e+00	8.482668e+01	2.752275e-02	9499075.000000	0.000000e+00
2.454413e+00	8.479605e+01	2.749002e-02	9514833.000000	0.000000e+00
2.456408e+00	8.464532e+01	2.741802e-02	9530893.000000	0.000000e+00
2.458403e+00	8.452581e+01	2.736016e-02	9544239.000000	0.000000e+00
2.460398e+00	8.449437e+01	2.732717e-02	9560185.000000	0.000000e+00
2.462392e+00	8.430286e+01	2.724960e-02	9571153.000000	0.000000e+00
2.464386e+00	8.425407e+01	2.720482e-02	9591579.000000	0.000000e+00
2.466380e+00	8.415989e+01	2.716312e-02	9599557.000000	0.000000e+00
2.468375e+00	8.403239e+01	2.707213e-02	9634929.000000	0.000000e+00
2.470371e+00	8.396713e+01	2.705290e-02	9633649.000000	0.000000e+00
2.472366e+00	8.381883e+01	2.696825e-02	9660015.000000	0.000000e+00
2.474360e+00	8.371159e+01	2.693850e-02	9656605.000000	0.000000e+00
2.476354e+00	8.363071e+01	2.686812e-02	9688513.000000	0.000000e+00
2.478349e+00	8.348360e+01	2.680817e-02	9697683.000000	0.000000e+00
2.480344e+00	8.343940e+01	2.676763e-02	9716785.000000	0.000000e+00
2.482338e+00	8.331606e+01	2.670718e-02	9731985.000000	0.000000e+00
2.484333e+00	8.323578e+01	2.665890e-02	9748453.000000	0.000000e+00
2.486329e+00	8.313110e+01	2.659625e-02	9769815.000000	0.000000e+00
2.488323e+00	8.302601e+01	2.656614e-02	9767233.000000	0.000000e+00
2.490317e+00	8.290503e+01	2.648378e-02	9799453.000000	0.000000e+00
2.492312e+00	8.279948e+01	2.643779e-02	9808551.000000	0.000000e+00
2.494307e+00	8.275255e+01	2.640503e-02	9821761.000000	0.000000e+00
2.496302e+00	8.261321e+01	2.632413e-02	9848973.000000	0.000000e+00
2.498296e+00	8.251972e+01	2.630101e-02	9843979.000000	0.000000e+00
2.500288e+00	8.245339e+01	2.625645e-02	9861549.000000	0.000000e+00
2.502283e+00	8.230596e+01	2.615567e-02	9902185.000000	0.000000e+00
2.504280e+00	8.220511e+01	2.611877e-02	9905857.000000	0.000000e+00
2.506274e+00	8.213129e+01	2.608124e-02	9916551.000000	0.000000e+00
2.508269e+00	8.204013e+01	2.602645e-02	9936253.000000	0.000000e+00
2.510263e+00	8.189628e+01	2.597018e-02	9944397.000000	0.000000e+00
2.512257e+00	8.182462e+01	2.591478e-02	9969487.000000	0.000000e+00
2.514252e+00	8.173976e+01	2.586638e-02	9986089.000000	0.000000e+00
2.516247e+00	8.162623e+01	2.581501e-02	9998037.000000	0.000000e+00
2.518242e+00	8.150333e+01	2.575127e-02	10017361.000000	0.000000e+00
2.520237e+00	8.140790e+01	2.570393e-02	10030767.000000	0.000000e+00
2.522230e+00	8.135785e+01	2.567942e-02	10037569.000000	0.000000e+00
2.524225e+00	8.125759e+01	2.561018e-02	10067061.000000	0.000000e+00
2.526220e+00	8.111426e+01	2.555182e-02	10077451.000000	0.000000e+00
2.528214e+00	8.105386e+01	2.551396e-02	10092337.000000	0.000000e+00
2.530210e+00	8.097434e+01	2.545564e-02	10118745.000000	0.000000e+00
2.532204e+00	8.080178e+01	2.540097e-02	10119085.000000	0.000000e+00
2.534199e+00	8.076195e+01	2.534932e-02	10150347.000000	0.000000e+00
2.536194e+00	8.064759e+01	2.531538e-02	10148785.000000	0.000000e+00
2.538188e+00	8.056084e+01	2.524928e-02	10180053.000000	0.000000e+00
2.540183e+00	8.044704e+01	2.520056e-02	10190599.000000	0.000000e+00
2.542178e+00	8.037743e+01	2.516613e-02	10200829.000000	0.000000e+00
2.544173e+00	8.026826e+01	2.509623e-02	10229889.000000	0.000000e+00
2.546167e+00	8.017808e+01	2.506897e-02	10229119.000000	0.000000e+00
2.548162e+00	8.007860e+01	2.498992e-02	10268409.000000	0.000000e+00
2.550157e+00	7.997385e+01	2.496974e-02	10258129.000000	0.000000e+00
2.552151e+00	7.988416e+01	2.490498e-02	10288429.000000	0.000000e+00
2.554146e+00	7.979497e+01	2.486150e-02	10301403.000000	0.000000e+00
2.556140e+00	7.969255e+01	2.481703e-02	10311829.000000	0.000000e+00
2.558133e+00	7.956643e+01	2.475546e-02	10330413.000000	0.000000e+00
2.560128e+00	7.950329e+01	2.470413e-02	10356931.000000	0.000000e+00
2.562123e+00	7.936837e+01	2.466152e-02	10357509.000000	0.000000e+00
2.564118e+00	7.930674e+01	2.459338e-02	10398817.000000	0.000000e+00
2.566114e+00	7.921828e+01	2.457020e-02	10395217.000000	0.000000e+00
2.568108e+00	7.910777e+01	2.451650e-02	10411695.000000	0.000000e+00
2.570102e+00	7.901318e+01	2.446140e-02	10433653.000000	0.000000e+00
2.572098e+00	7.891534e+01	2.440818e-02	10453269.000000	0.000000e+00
2.574093e+00	7.881374e+01	2.436690e-02	10461727.000000	0.000000e+00
2.576087e+00	7.872250e+01	2.432372e-02	10474605.000000	0.000000e+00
2.578081e+00	7.864720e+01	2.427652e-02	10495273.000000	0.000000e+00
2.580076e+00	7.861300e+01	2.423884e-02	10518775.000000	0.000000e+00
2.582071e+00	7.847178e+01	2.419132e-02	10522233.000000	0.000000e+00
2.584065e+00	7.837228e+01	2.412873e-02	10550089.000000	0.000000e+00
2.586060e+00	7.824535e+01	2.408015e-02	10558413.000000	0.000000e+00
2.588055e+00	7.814498e+01	2.402113e-02	10583155.000000	0.000000e+00
2.590050e+00	7.809739e+01	2.399656e-02	10591929.000000	0.000000e+00
2.592045e+00	7.798647e+01	2.393958e-02	10612201.000000	0.000000e+00
2.594039e+00	7.790993e+01	2.390882e-02	10618651.000000	0.000000e+00
2.596033e+00	7.778732e+01	2.383622e-02	10649829.000000	0.000000e+00
2.598028e+00	7.771150e+01	2.381209e-02	10650637.000000	0.000000e+00
2.600022e+00	7.761119e+01	2.374533e-02	10682973.000000	0.000000e+00
2.602018e+00	7.750686e+01	2.370099e-02	10694179.000000	0.000000e+00
2.604012e+00	7.738046e+01	2.365145e-02	10704025.000000	0.000000e+00
2.606006e+00	7.737429e+01	2.363623e-02	10716105.000000	0.000000e+00
2.608000e+00	7.722186e+01	2.355311e-02	10749391.000000	0.000000e+00
2.609995e+00	7.715712e+01	2.352960e-02	10752837.000000	0.000000e+00
2.611990e+00	7.704005e+01	2.345760e-02	10786141.000000	0.000000e+00
2.613986e+00	7.695894e+01	2.343458e-02	10784589.000000	0.000000e+00
2.615980e+00	7.684328e+01	2.337379e-02	10808203.000000	0.000000e+00
2.617974e+00	7.681062e+01	2.335338e-02	10817905.000000	0.000000e+00
2.619969e+00	7.662233e+01	2.326945e-02	10842729.000000	0.000000e+00
2.621963e+00	7.663761e+01	2.326380e-02	10852315.000000	0.000000e+00
2.623958e+00	7.653000e+01	2.320010e-02	10881369.000000	0.000000e+00
2.625953e+00	7.641390e+01	2.315843e-02	10887457.000000	0.000000e+00
2.627948e+00	7.633225e+01	2.311136e-02	10908507.000000	0.000000e+00
2.629942e+00	7.628333e+01	2.308513e-02	10919293.000000	0.000000e+00
2.631937e+00	7.619368e+01	2.303283e-02	10943173.000000	0.000000e+00
2.633932e+00	7.603592e+01	2.297341e-02	10954353.000000	0.000000e+00
2.635927e+00	7.595990e+01	2.293088e-02	10973047.000000	0.000000e+00
2.637921e+00	7.586855e+01	2.289029e-02	10985529.000000	0.000000e+00
2.639916e+00	7.578924e+01	2.283580e-02	11014957.000000	0.000000e+00
2.641910e+00	7.571264e+01	2.281892e-02	11008971.000000	0.000000e+00
2.643904e+00	7.561131e+01	2.275406e-02	11042197.000000	0.000000e+00
2.645899e+00	7.551096e+01	2.271037e-02	11055325.000000	0.000000e+00
2.647895e+00	7.547202e+01	2.267009e-02	11083209.000000	0.000000e+00
2.649890e+00	7.537424e+01	2.263591e-02	11087923.000000	0.000000e+00
2.651884e+00	7.524545e+01	2.258411e-02	11100801.000000	0.000000e+00
2.653878e+00	7.516809e+01	2.254316e-02	11118277.000000	0.000000e+00
2.655873e+00	7.510045e+01	2.249734e-02	11143531.000000	0.000000e+00
2.657867e+00	7.497588e+01	2.245133e-02	11152161.000000	0.000000e+00
2.659862e+00	7.492133e+01	2.241550e-02	11171569.000000	0.000000e+00
2.661856e+00	7.481502e+01	2.236375e-02	11191503.000000	0.000000e+00
2.663851e+00	7.470175e+01	2.231738e-02	11204053.000000	0.000000e+00
2.665845e+00	7.463757e+01	2.227984e-02	11222529.000000	0.000000e+00
2.667840e+00	7.454456e+01	2.223589e-02	11238877.000000	0.000000e+00
2.669835e+00	7.445210e+01	2.218988e-02	11257555.000000	0.000000e+00
2.671830e+00	7.435137e+01	2.214211e-02	11275605.000000	0.000000e+00
2.673825e+00	7.431742e+01	2.210644e-02	11301697.000000	0.000000e+00
2.675820e+00	7.417970e+01	2.207438e-02	11292579.000000	0.000000e+00
2.677813e+00	7.411361e+01	2.202194e-02	11326213.000000	0.000000e+00
2.679809e+00	7.403019e+01	2.197757e-02	11346405.000000	0.000000e+00
2.681804e+00	7.394345e+01	2.194119e-02	11357401.000000	0.000000e+00
2.683798e+00	7.386819e+01	2.190815e-02	11368507.000000	0.000000e+00
2.685793e+00	7.378978e+01	2.185602e-02	11398569.000000	0.000000e+00
2.687788e+00	7.367429e+01	2.181404e-02	11406697.000000	0.000000e+00
2.689782e+00	7.362434e+01	2.178073e-02	11426103.000000	0.000000e+00
2.691776e+00	7.349651e+01	2.173419e-02	11435269.000000	0.000000e+00
2.693771e+00	7.341460e+01	2.168133e-02	11465505.000000	0.000000e+00
2.695766e+00	7.330074e+01	2.163868e-02	11475061.000000	0.000000e+00
2.697761e+00	7.325812e+01	2.160357e-02	11499007.000000	0.000000e+00
2.699756e+00	7.316071e+01	2.157018e-02	11503989.000000	0.000000e+00
2.701749e+00	7.307637e+01	2.152809e-02	11522401.000000	0.000000e+00
2.703744e+00	7.299134e+01	2.147510e-02	11552403.000000	0.000000e+00
2.705739e+00	7.289677e+01	2.144162e-02	11558497.000000	0.000000e+00
2.707733e+00	7.280425e+01	2.139883e-02	11575333.000000	0.000000e+00
2.709728e+00	7.273763e+01	2.135537e-02	11601231.000000	0.000000e+00
2.711723e+00	7.264125e+01	2.132388e-02	11604709.000000	0.000000e+00
2.713717e+00	7.254612e+01	2.126701e-02	11636313.000000	0.000000e+00
2.715712e+00	7.250054e+01	2.125132e-02	11638861.000000	0.000000e+00
2.717706e+00	7.239278e+01	2.118978e-02	11671791.000000	0.000000e+00
2.719701e+00	7.229474e+01	2.116060e-02	11672329.000000	0.000000e+00
2.721695e+00	7.221718e+01	2.111057e-02	11702569.000000	0.000000e+00
2.723690e+00	7.218272e+01	2.109462e-02	11709087.000000	0.000000e+00
2.725685e+00	7.206411e+01	2.103128e-02	11741041.000000	0.000000e+00
2.727680e+00	7.200424e+01	2.100441e-02	11751549.000000	0.000000e+00
2.729675e+00	7.189189e+01	2.095588e-02	11769229.000000	0.000000e+00
2.731669e+00	7.182798e+01	2.093127e-02	11775951.000000	0.000000e+00
2.733664e+00	7.174410e+01	2.087998e-02	11806261.000000	0.000000e+00
2.735659e+00	7.164621e+01	2.083763e-02	11821969.000000	0.000000e+00
2.737654e+00	7.158441e+01	2.081054e-02	11832327.000000	0.000000e+00
2.739647e+00	7.149982e+01	2.078273e-02	11835997.000000	0.000000e+00
2.741641e+00	7.143015e+01	2.071967e-02	11884953.000000	0.000000e+00
2.743638e+00	7.133663e+01	2.068505e-02	11893567.000000	0.000000e+00
2.745632e+00	7.117947e+01	2.063341e-02	11900557.000000	0.000000e+00
2.747627e+00	7.110111e+01	2.059262e-02	11921469.000000	0.000000e+00
2.749622e+00	7.108899e+01	2.056756e-02	11946457.000000	0.000000e+00
2.751617e+00	7.100904e+01	2.053475e-02	11957727.000000	0.000000e+00
2.753611e+00	7.090470e+01	2.050366e-02	11958793.000000	0.000000e+00
2.755604e+00	7.079833e+01	2.044065e-02	11996553.000000	0.000000e+00
2.757600e+00	7.076319e+01	2.041093e-02	12019579.000000	0.000000e+00
2.759595e+00	7.066292e+01	2.038769e-02	12012877.000000	0.000000e+00
2.761589e+00	7.060285e+01	2.034127e-02	12047265.000000	0.000000e+00
2.763583e+00	7.051969e+01	2.031575e-02	12049117.000000	0.000000e+00
2.765577e+00	7.044621e+01	2.026364e-02	12085935.000000	0.000000e+00
2.767573e+00	7.036718e+01	2.022732e-02	12102181.000000	0.000000e+00
2.769567e+00	7.023489e+01	2.018486e-02	12107493.000000	0.000000e+00
2.771562e+00	7.018490e+01	2.014505e-02	12138103.000000	0.000000e+00
2.773558e+00	7.007103e+01	2.010065e-02	12152257.000000	0.000000e+00
2.775552e+00	7.000161e+01	2.007511e-02	12159069.000000	0.000000e+00
2.777546e+00	6.998760e+01	2.005722e-02	12175891.000000	0.000000e+00
2.779540e+00	6.985980e+01	1.999660e-02	12205125.000000	0.000000e+00
2.781535e+00	6.978729e+01	1.996269e-02	12221221.000000	0.000000e+00
2.783530e+00	6.969668e+01	1.992378e-02	12237165.000000	0.000000e+00
2.785525e+00	6.963602e+01	1.989501e-02	12251227.000000	0.000000e+00
2.787519e+00	6.954543e+01	1.985577e-02	12267721.000000	0.000000e+00
2.789514e+00	6.946851e+01	1.981342e-02	12292977.000000	0.000000e+00
2.791509e+00	6.938736e+01	1.977807e-02	12308155.000000	0.000000e+00
2.793504e+00	6.927930e+01	1.973309e-02	12325845.000000	0.000000e+00
2.795498e+00	6.923698e+01	1.971525e-02	12333085.000000	0.000000e+00
2.797493e+00	6.914217e+01	1.966388e-02	12363673.000000	0.000000e+00
2.799488e+00	6.905418e+01	1.962898e-02	12376119.000000	0.000000e+00
2.801482e+00	6.900982e+01	1.960215e-02	12394081.000000	0.000000e+00
2.803477e+00	6.888750e+01	1.955686e-02	12407457.000000	0.000000e+00
2.805471e+00	6.884005e+01	1.952471e-02	12431203.000000	0.000000e+00
2.807466e+00	6.873822e+01	1.948459e-02	12445545.000000	0.000000e+00
2.809460e+00	6.868770e+01	1.945360e-02	12466885.000000	0.000000e+00
2.811455e+00	6.858434e+01	1.941340e-02	12480925.000000	0.000000e+00
2.813450e+00	6.849957e+01	1.936839e-02	12508023.000000	0.000000e+00
2.815444e+00	6.841983e+01	1.935008e-02	12502549.000000	0.000000e+00
2.817438e+00	6.836836e+01	1.930404e-02	12543357.000000	0.000000e+00
2.819433e+00	6.830799e+01	1.928108e-02	12551059.000000	0.000000e+00
2.821428e+00	6.818409e+01	1.922979e-02	12572373.000000	0.000000e+00
2.823424e+00	6.816248e+01	1.920364e-02	12598633.000000	0.000000e+00
2.825418e+00	6.805486e+01	1.917395e-02	12597811.000000	0.000000e+00
2.827413e+00	6.796117e+01	1.912320e-02	12629925.000000	0.000000e+00
2.829407e+00	6.789033e+01	1.909689e-02	12638353.000000	0.000000e+00
2.831402e+00	6.781408e+01	1.905945e-02	12659577.000000	0.000000e+00
2.833396e+00	6.773916e+01	1.902501e-02	12677383.000000	0.000000e+00
2.835391e+00	6.765105e+01	1.898675e-02	12695445.000000	0.000000e+00
2.837385e+00	6.760173e+01	1.896055e-02	12711997.000000	0.000000e+00
2.839380e+00	6.751857e+01	1.891834e-02	12737395.000000	0.000000e+00
2.841375e+00	6.743620e+01	1.889058e-02	12743697.000000	0.000000e+00
2.843370e+00	6.738306e+01	1.885165e-02	12776233.000000	0.000000e+00
2.845365e+00	6.726300e+01	1.880983e-02	12787413.000000	0.000000e+00
2.847360e+00	6.720700e+01	1.878407e-02	12801163.000000	0.000000e+00
2.849354e+00	6.714687e+01	1.875103e-02	12823345.000000	0.000000e+00
2.851349e+00	6.704468e+01	1.871400e-02	12834981.000000	0.000000e+00
2.853343e+00	6.694206e+01	1.866913e-02	12857311.000000	0.000000e+00
2.855337e+00	6.689861e+01	1.864897e-02	12868401.000000	0.000000e+00
2.857332e+00	6.682335e+01	1.860809e-02	12895933.000000	0.000000e+00
2.859326e+00	6.677821e+01	1.859012e-02	12903423.000000	0.000000e+00
2.861321e+00	6.666757e+01	1.853573e-02	12936289.000000	0.000000e+00
2.863316e+00	6.663504e+01	1.851949e-02	12946345.000000	0.000000e+00
2.865311e+00	6.653204e+01	1.847422e-02	12969681.000000	0.000000e+00
2.867306e+00	6.641019e+01	1.842734e-02	12988063.000000	0.000000e+00
2.869301e+00	6.638230e+01	1.841214e-02	12998589.000000	0.000000e+00
2.871295e+00	6.631811e+01	1.837925e-02	13019929.000000	0.000000e+00
2.873290e+00	6.621187e+01	1.833685e-02	13038339.000000	0.000000e+00
2.875285e+00	6.615221e+01	1.830983e-02	13053289.000000	0.000000e+00
2.877279e+00	6.607513e+01	1.827418e-02	13073749.000000	0.000000e+00
2.879273e+00	6.604239e+01	1.825724e-02	13085049.000000	0.000000e+00
2.881268e+00	6.592433e+01	1.819824e-02	13122979.000000	0.000000e+00
2.883263e+00	6.587871e+01	1.819131e-02	13114821.000000	0.000000e+00
2.885257e+00	6.580375e+01	1.814633e-02	13149937.000000	0.000000e+00
2.887251e+00	6.571162e+01	1.811373e-02	13160391.000000	0.000000e+00
2.889246e+00	6.562289e+01	1.806940e-02	13189345.000000	0.000000e+00
2.891241e+00	6.556134e+01	1.804417e-02	13201453.000000	0.000000e+00
2.893236e+00	6.547561e+01	1.800526e-02	13223925.000000	0.000000e+00
2.895231e+00	6.541260e+01	1.798137e-02	13233583.000000	0.000000e+00
2.897226e+00	6.533501e+01	1.794072e-02	13262097.000000	0.000000e+00
2.899221e+00	6.524935e+01	1.791269e-02	13268773.000000	0.000000e+00
2.901215e+00	6.520485e+01	1.788534e-02	13291231.000000	0.000000e+00
2.903209e+00	6.513241e+01	1.785565e-02	13305861.000000	0.000000e+00
2.905203e+00	6.507032e+01	1.782367e-02	13328197.000000	0.000000e+00
2.907198e+00	6.498807e+01	1.778650e-02	13350159.000000	0.000000e+00
2.909193e+00	6.491618e+01	1.775481e-02	13368229.000000	0.000000e+00
2.911187e+00	6.485246e+01	1.773176e-02	13376709.000000	0.000000e+00
2.913182e+00	6.475835e+01	1.768885e-02	13402705.000000	0.000000e+00
2.915177e+00	6.469559e+01	1.765678e-02	13425379.000000	0.000000e+00
2.917171e+00	6.459464e+01	1.762706e-02	13428669.000000	0.000000e+00
2.919165e+00	6.454717e+01	1.759315e-02	13460689.000000	0.000000e+00
2.921160e+00	6.452136e+01	1.757459e-02	13478343.000000	0.000000e+00
2.923155e+00	6.437929e+01	1.752880e-02	13489261.000000	0.000000e+00
2.925149e+00	6.433279e+01	1.750020e-02	13513845.000000	0.000000e+00
2.927144e+00	6.424696e+01	1.746509e-02	13532041.000000	0.000000e+00
2.929140e+00	6.418747e+01	1.742961e-02	13562047.000000	0.000000e+00
2.931134e+00	6.410600e+01	1.741317e-02	13553193.000000	0.000000e+00
2.933129e+00	6.405671e+01	1.737172e-02	13597021.000000	0.000000e+00
2.935124e+00	6.398911e+01	1.734775e-02	13605855.000000	0.000000e+00
2.937118e+00	6.390316e+01	1.732059e-02	13611925.000000	0.000000e+00
2.939112e+00	6.384078e+01	1.727976e-02	13649629.000000	0.000000e+00
2.941107e+00	6.378343e+01	1.725917e-02	13657647.000000	0.000000e+00
2.943102e+00	6.369502e+01	1.722190e-02	13678825.000000	0.000000e+00
2.945097e+00	6.363990e+01	1.719075e-02	13704693.000000	0.000000e+00
2.947091e+00	6.356110e+01	1.717000e-02	13703845.000000	0.000000e+00
2.949085e+00	6.346930e+01	1.712743e-02	13732299.000000	0.000000e+00
2.951080e+00	6.341766e+01	1.709572e-02	13760857.000000	0.000000e+00
2.953075e+00	6.333689e+01	1.706974e-02	13767649.000000	0.000000e+00
2.955070e+00	6.326048e+01	1.703150e-02	13796187.000000	0.000000e+00
2.957064e+00	6.322811e+01	1.701802e-02	13803913.000000	0.000000e+00
2.959059e+00	6.311156e+01	1.697150e-02	13828581.000000	0.000000e+00
2.961053e+00	6.308512e+01	1.695594e-02	13842361.000000	0.000000e+00
2.963048e+00	6.297723e+01	1.691053e-02	13869231.000000	0.000000e+00
2.965042e+00	6.293267e+01	1.689360e-02	13877389.000000	0.000000e+00
2.967037e+00	6.288966e+01	1.686076e-02	13912465.000000	0.000000e+00
2.969032e+00	6.279632e+01	1.683278e-02	13917351.000000	0.000000e+00
2.971027e+00	6.269791e+01	1.679197e-02	13941289.000000	0.000000e+00
2.973021e+00	6.263942e+01	1.676820e-02	13954761.000000	0.000000e+00
2.975016e+00	6.257570e+01	1.673782e-02	13976995.000000	0.000000e+00
2.977011e+00	6.252695e+01	1.671179e-02	13998729.000000	0.000000e+00
2.979005e+00	6.246127e+01	1.668919e-02	14007193.000000	0.000000e+00
2.980999e+00	6.237864e+01	1.665053e-02	14035105.000000	0.000000e+00
2.982994e+00	6.230979e+01	1.662062e-02	14054583.000000	0.000000e+00
2.984990e+00	6.222105e+01	1.658316e-02	14077981.000000	0.000000e+00
2.986985e+00	6.217566e+01	1.656215e-02	14093121.000000	0.000000e+00
2.988979e+00	6.211096e+01	1.653860e-02	14103895.000000	0.000000e+00
2.990974e+00	6.203818e+01	1.650480e-02	14128549.000000	0.000000e+00
2.992968e+00	6.197834e+01	1.648000e-02	14143785.000000	0.000000e+00
2.994963e+00	6.190776e+01	1.645032e-02	14162545.000000	0.000000e+00
2.996957e+00	6.181341e+01	1.641349e-02	14182851.000000	0.000000e+00
2.998951e+00	6.176671e+01	1.639123e-02	14199913.000000	0.000000e+00
3.000946e+00	6.172960e+01	1.636537e-02	14227713.000000	0.000000e+00
3.002940e+00	6.159865e+01	1.633196e-02	14225443.000000	0.000000e+00
3.004935e+00	6.156412e+01	1.629300e-02	14277529.000000	0.000000e+00
3.006932e+00	6.149925e+01	1.626855e-02	14290317.000000	0.000000e+00
3.008926e+00	6.143363e+01	1.625747e-02	14279281.000000	0.000000e+00
3.010920e+00	6.135698e+01	1.621142e-02	14324715.000000	0.000000e+00
3.012915e+00	6.129406e+01	1.619206e-02	14329549.000000	0.000000e+00
3.014910e+00	6.122593e+01	1.615352e-02	14366013.000000	0.000000e+00
3.016905e+00	6.113030e+01	1.612857e-02	14365519.000000	0.000000e+00
3.018899e+00	6.109624e+01	1.610602e-02	14389729.000000	0.000000e+00
3.020893e+00	6.103887e+01	1.607780e-02	14413185.000000	0.000000e+00
3.022888e+00	6.095535e+01	1.604418e-02	14434063.000000	0.000000e+00
3.024883e+00	6.089468e+01	1.602102e-02	14447025.000000	0.000000e+00
3.026877e+00	6.082403e+01	1.599021e-02	14469109.000000	0.000000e+00
3.028872e+00	6.076238e+01	1.596514e-02	14485185.000000	0.000000e+00
3.030867e+00	6.070296e+01	1.593666e-02	14508583.000000	0.000000e+00
3.032861e+00	6.063976e+01	1.591492e-02	14517973.000000	0.000000e+00
3.034856e+00	6.054154e+01	1.586593e-02	14560485.000000	0.000000e+00
3.036851e+00	6.049121e+01	1.585489e-02	14556535.000000	0.000000e+00
3.038846e+00	6.044174e+01	1.582501e-02	14587665.000000	0.000000e+00
3.040840e+00	6.038886e+01	1.580608e-02	14597065.000000	0.000000e+00
3.042834e+00	6.029127e+01	1.577145e-02	14613877.000000	0.000000e+00
3.044829e+00	6.023618e+01	1.573462e-02	14655567.000000	0.000000e+00
3.046824e+00	6.017458e+01	1.572171e-02	14649637.000000	0.000000e+00
3.048818e+00	6.010441e+01	1.568591e-02	14682273.000000	0.000000e+00
3.050812e+00	6.005639e+01	1.566899e-02	14690491.000000	0.000000e+00
3.052807e+00	6.001342e+01	1.563639e-02	14730705.000000	0.000000e+00
3.054803e+00	5.989679e+01	1.560208e-02	14738113.000000	0.000000e+00
3.056797e+00	5.984185e+01	1.558249e-02	14748103.000000	0.000000e+00
3.058791e+00	5.977227e+01	1.555188e-02	14771805.000000	0.000000e+00
3.060786e+00	5.968985e+01	1.551379e-02	14803525.000000	0.000000e+00
3.062781e+00	5.965682e+01	1.550176e-02	14810109.000000	0.000000e+00
3.064776e+00	5.960689e+01	1.547523e-02	14836063.000000	0.000000e+00
3.066770e+00	5.954151e+01	1.545075e-02	14850477.000000	0.000000e+00
3.068765e+00	5.945249e+01	1.541359e-02	14877577.000000	0.000000e+00
3.070760e+00	5.937888e+01	1.538682e-02	14892451.000000	0.000000e+00
3.072755e+00	5.934022e+01	1.536805e-02	14909421.000000	0.000000e+00
3.074749e+00	5.927836e+01	1.534787e-02	14917513.000000	0.000000e+00
3.076743e+00	5.920916e+01	1.531120e-02	14954061.000000	0.000000e+00
3.078738e+00	5.917233e+01	1.529346e-02	14970139.000000	0.000000e+00
3.080733e+00	5.909469e+01	1.525978e-02	14996853.000000	0.000000e+00
3.082727e+00	5.900019e+01	1.523945e-02	14988853.000000	0.000000e+00
3.084721e+00	5.895185e+01	1.520384e-02	15034471.000000	0.000000e+00
3.086717e+00	5.891069e+01	1.518547e-02	15049845.000000	0.000000e+00
3.088711e+00	5.881905e+01	1.515649e-02	15060481.000000	0.000000e+00
3.090705e+00	5.876857e+01	1.513288e-02	15081585.000000	0.000000e+00
3.092700e+00	5.868392e+01	1.509634e-02	15111055.000000	0.000000e+00
3.094695e+00	5.862709e+01	1.507525e-02	15124033.000000	0.000000e+00
3.096689e+00	5.855952e+01	1.505030e-02	15139257.000000	0.000000e+00
3.098684e+00	5.851687e+01	1.502686e-02	15164419.000000	0.000000e+00
3.100679e+00	5.847065e+01	1.500478e-02	15185061.000000	0.000000e+00
3.102674e+00	5.839246e+01	1.497168e-02	15211525.000000	0.000000e+00
3.104669e+00	5.832108e+01	1.495061e-02	15217155.000000	0.000000e+00
3.106663e+00	5.826242e+01	1.492640e-02	15235861.000000	0.000000e+00
3.108657e+00	5.823226e+01	1.490501e-02	15263797.000000	0.000000e+00
3.110652e+00	5.814787e+01	1.487703e-02	15276897.000000	0.000000e+00
3.112647e+00	5.806980e+01	1.484387e-02	15304051.000000	0.000000e+00
3.114641e+00	5.803953e+01	1.482978e-02	15317157.000000	0.000000e+00
3.116636e+00	5.796958e+01	1.479838e-02	15345181.000000	0.000000e+00
3.118631e+00	5.788684e+01	1.477284e-02	15354351.000000	0.000000e+00
3.120626e+00	5.781752e+01	1.473886e-02	15388321.000000	0.000000e+00
3.122620e+00	5.776871e+01	1.472690e-02	15387301.000000	0.000000e+00
3.124615e+00	5.770938e+01	1.469601e-02	15420345.000000	0.000000e+00
3.126609e+00	5.762965e+01	1.466897e-02	15434515.000000	0.000000e+00
3.128604e+00	5.756290e+01	1.464073e-02	15458241.000000	0.000000e+00
3.130598e+00	5.751823e+01	1.462132e-02	15475249.000000	0.000000e+00
3.132593e+00	5.746327e+01	1.459652e-02	15498223.000000	0.000000e+00
3.134588e+00	5.740407e+01	1.457262e-02	15517077.000000	0.000000e+00
3.136583e+00	5.734125e+01	1.454417e-02	15543769.000000	0.000000e+00
3.138577e+00	5.727931e+01	1.452895e-02	15542727.000000	0.000000e+00
3.140571e+00	5.721491e+01	1.449327e-02	15584245.000000	0.000000e+00
3.142566e+00	5.715124e+01	1.447413e-02	15590733.000000	0.000000e+00
3.144561e+00	5.707730e+01	1.444224e-02	15619153.000000	0.000000e+00
3.146555e+00	5.705086e+01	1.442850e-02	15634423.000000	0.000000e+00
3.148550e+00	5.699906e+01	1.440612e-02	15654585.000000	0.000000e+00
3.150545e+00	5.691525e+01	1.437185e-02	15683101.000000	0.000000e+00
3.152540e+00	5.685150e+01	1.435067e-02	15694215.000000	0.000000e+00
3.154535e+00	5.679400e+01	1.432803e-02	15712021.000000	0.000000e+00
3.156529e+00	5.674316e+01	1.430298e-02	15738885.000000	0.000000e+00
3.158524e+00	5.667863e+01	1.428029e-02	15753049.000000	0.000000e+00
3.160519e+00	5.659243e+01	1.424914e-02	15773911.000000	0.000000e+00
3.162513e+00	5.656267e+01	1.423578e-02	15786921.000000	0.000000e+00
3.164508e+00	5.651880e+01	1.420409e-02	15832837.000000	0.000000e+00
3.166504e+00	5.641305e+01	1.418017e-02	15826923.000000	0.000000e+00
3.168497e+00	5.636017e+01	1.415807e-02	15846613.000000	0.000000e+00
3.170491e+00	5.630565e+01	1.413289e-02	15872385.000000	0.000000e+00
3.172486e+00	5.626429e+01	1.411104e-02	15898183.000000	0.000000e+00
3.174481e+00	5.620039e+01	1.408909e-02	15911557.000000	0.000000e+00
3.176475e+00	5.611211e+01	1.405647e-02	15935313.000000	0.000000e+00
3.178470e+00	5.607605e+01	1.403791e-02	15956953.000000	0.000000e+00
3.180465e+00	5.598702e+01	1.400639e-02	15978003.000000	0.000000e+00
3.182460e+00	5.594452e+01	1.399181e-02	15987013.000000	0.000000e+00
3.184455e+00	5.589092e+01	1.396232e-02	16023877.000000	0.000000e+00
3.186450e+00	5.582276e+01	1.394104e-02	16033647.000000	0.000000e+00
3.188445e+00	5.580188e+01	1.392637e-02	16055425.000000	0.000000e+00
3.190439e+00	5.575026e+01	1.390567e-02	16073481.000000	0.000000e+00
3.192434e+00	5.565606e+01	1.387301e-02	16094725.000000	0.000000e+00
3.194428e+00	5.559601e+01	1.385266e-02	16107219.000000	0.000000e+00
3.196422e+00	5.554363e+01	1.382617e-02	16138549.000000	0.000000e+00
3.198417e+00	5.550348e+01	1.380988e-02	16153285.000000	0.000000e+00
3.200411e+00	5.546004e+01	1.379232e-02	16169103.000000	0.000000e+00
3.202406e+00	5.537950e+01	1.375861e-02	16201273.000000	0.000000e+00
3.204401e+00	5.530948e+01	1.373387e-02	16218597.000000	0.000000e+00
3.206395e+00	5.527399e+01	1.372074e-02	16228813.000000	0.000000e+00
3.208390e+00	5.519821e+01	1.368555e-02	16267671.000000	0.000000e+00
3.210386e+00	5.514035e+01	1.366777e-02	16275853.000000	0.000000e+00
3.212380e+00	5.506015e+01	1.364261e-02	16288465.000000	0.000000e+00
3.214374e+00	5.502558e+01	1.362288e-02	16315167.000000	0.000000e+00
3.216368e+00	5.498147e+01	1.360390e-02	16334497.000000	0.000000e+00
3.218363e+00	5.492802e+01	1.358010e-02	16359945.000000	0.000000e+00
3.220358e+00	5.485266e+01	1.355399e-02	16378003.000000	0.000000e+00
3.222353e+00	5.482027e+01	1.353827e-02	16396677.000000	0.000000e+00
3.224347e+00	5.472186e+01	1.350253e-02	16424473.000000	0.000000e+00
3.226342e+00	5.468883e+01	1.349447e-02	16424257.000000	0.000000e+00
3.228336e+00	5.465168e+01	1.347011e-02	16461315.000000	0.000000e+00
3.230331e+00	5.458972e+01	1.344694e-02	16480657.000000	0.000000e+00
3.232326e+00	5.450085e+01	1.341578e-02	16503441.000000	0.000000e+00
3.234320e+00	5.446507e+01	1.340173e-02	16516351.000000	0.000000e+00
3.236316e+00	5.438835e+01	1.336634e-02	16557193.000000	0.000000e+00
3.238311e+00	5.435989e+01	1.336205e-02	16550493.000000	0.000000e+00
3.240305e+00	5.429406e+01	1.333528e-02	16576777.000000	0.000000e+00
3.242299e+00	5.425437e+01	1.331464e-02	16603923.000000	0.000000e+00
3.244294e+00	5.416861e+01	1.328730e-02	16619641.000000	0.000000e+00
3.246288e+00	5.411977e+01	1.326895e-02	16635609.000000	0.000000e+00
3.248283e+00	5.409551e+01	1.324587e-02	16678675.000000	0.000000e+00
3.250279e+00	5.400959e+01	1.322350e-02	16682029.000000	0.000000e+00
3.252272e+00	5.395759e+01	1.320687e-02	16691877.000000	0.000000e+00
3.254267e+00	5.389772e+01	1.317519e-02	16735063.000000	0.000000e+00
3.256262e+00	5.386090e+01	1.316472e-02	16738785.000000	0.000000e+00
3.258256e+00	5.379025e+01	1.313891e-02	16760557.000000	0.000000e+00
3.260250e+00	5.372446e+01	1.311421e-02	16782621.000000	0.000000e+00
3.262245e+00	5.367173e+01	1.308893e-02	16814455.000000	0.000000e+00
3.264240e+00	5.359149e+01	1.306348e-02	16829593.000000	0.000000e+00
3.266235e+00	5.355238e+01	1.304875e-02	16843017.000000	0.000000e+00
3.268230e+00	5.352363e+01	1.303007e-02	16873195.000000	0.000000e+00
3.270224e+00	5.344304e+01	1.300854e-02	16878165.000000	0.000000e+00
3.272218e+00	5.340921e+01	1.298861e-02	16908565.000000	0.000000e+00
3.274213e+00	5.334961e+01	1.296710e-02	16926865.000000	0.000000e+00
3.276208e+00	5.328745e+01	1.293729e-02	16965375.000000	0.000000e+00
3.278203e+00	5.324752e+01	1.292789e-02	16964593.000000	0.000000e+00
3.280197e+00	5.318335e+01	1.290251e-02	16990377.000000	0.000000e+00
3.282192e+00	5.311150e+01	1.287481e-02	17017495.000000	0.000000e+00
3.284187e+00	5.306351e+01	1.285451e-02	17040453.000000	0.000000e+00
3.286181e+00	5.302890e+01	1.284907e-02	17032645.000000	0.000000e+00
3.288175e+00	5.294833e+01	1.281042e-02	17083537.000000	0.000000e+00
3.290170e+00	5.292883e+01	1.280236e-02	17092467.000000	0.000000e+00
3.292165e+00	5.283767e+01	1.276763e-02	17126437.000000	0.000000e+00
3.294160e+00	5.280346e+01	1.275738e-02	17131761.000000	0.000000e+00
3.296154e+00	5.275613e+01	1.274078e-02	17145655.000000	0.000000e+00
3.298149e+00	5.270119e+01	1.270873e-02	17196357.000000	0.000000e+00
3.300144e+00	5.260457e+01	1.268720e-02	17191561.000000	0.000000e+00
3.302138e+00	5.260478e+01	1.267715e-02	17218975.000000	0.000000e+00
3.304132e+00	5.251564e+01	1.265452e-02	17222109.000000	0.000000e+00
3.306126e+00	5.245239e+01	1.261845e-02	17279005.000000	0.000000e+00
3.308122e+00	5.242014e+01	1.261090e-02	17278425.000000	0.000000e+00
3.310117e+00	5.237044e+01	1.258842e-02	17307331.000000	0.000000e+00
3.312111e+00	5.228478e+01	1.256259e-02	17321757.000000	0.000000e+00
3.314106e+00	5.225442e+01	1.254542e-02	17349061.000000	0.000000e+00
3.316101e+00	5.219560e+01	1.252443e-02	17368087.000000	0.000000e+00
3.318096e+00	5.214619e+01	1.250580e-02	17386905.000000	0.000000e+00
3.320090e+00	5.209956e+01	1.249022e-02	17399137.000000	0.000000e+00
3.322085e+00	5.206244e+01	1.246541e-02	17443581.000000	0.000000e+00
3.324080e+00	5.199740e+01	1.245438e-02	17430871.000000	0.000000e+00
3.326074e+00	5.191677e+01	1.241687e-02	17482009.000000	0.000000e+00
3.328069e+00	5.188815e+01	1.240713e-02	17490165.000000	0.000000e+00
3.330064e+00	5.183944e+01	1.238414e-02	17522215.000000	0.000000e+00
3.332059e+00	5.176355e+01	1.236774e-02	17517321.000000	0.000000e+00
3.334052e+00	5.174515e+01	1.235197e-02	17549569.000000	0.000000e+00
3.336047e+00	5.168951e+01	1.232815e-02	17579607.000000	0.000000e+00
3.338042e+00	5.164489e+01	1.230947e-02	17602561.000000	0.000000e+00
3.340037e+00	5.156707e+01	1.228512e-02	17619181.000000	0.000000e+00
3.342032e+00	5.152756e+01	1.226877e-02	17639145.000000	0.000000e+00
3.344026e+00	5.147360e+01	1.225105e-02	17653159.000000	0.000000e+00
3.346021e+00	5.140853e+01	1.222443e-02	17685321.000000	0.000000e+00
3.348016e+00	5.136592e+01	1.220877e-02	17701345.000000	0.000000e+00
3.350010e+00	5.130727e+01	1.218649e-02	17725587.000000	0.000000e+00
3.352005e+00	5.124977e+01	1.216995e-02	17733973.000000	0.000000e+00
3.353999e+00	5.119405e+01	1.214402e-02	17771101.000000	0.000000e+00
3.355994e+00	5.115402e+01	1.213068e-02	17782353.000000	0.000000e+00
3.357989e+00	5.109123e+01	1.210422e-02	17816371.000000	0.000000e+00
3.359984e+00	5.106076e+01	1.209500e-02	17822265.000000	0.000000e+00
3.361978e+00	5.101423e+01	1.207254e-02	17856049.000000	0.000000e+00
3.363973e+00	5.096099e+01	1.205952e-02	17857299.000000	0.000000e+00
3.365967e+00	5.089650e+01	1.202748e-02	17907145.000000	0.000000e+00
3.367962e+00	5.084616e+01	1.201709e-02	17902657.000000	0.000000e+00
3.369956e+00	5.080866e+01	1.199886e-02	17930625.000000	0.000000e+00
3.371951e+00	5.073869e+01	1.197154e-02	17962975.000000	0.000000e+00
3.373946e+00	5.069369e+01	1.195401e-02	17983773.000000	0.000000e+00
3.375941e+00	5.064227e+01	1.193987e-02	17989825.000000	0.000000e+00
3.377935e+00	5.058285e+01	1.191417e-02	18025147.000000	0.000000e+00
3.379930e+00	5.052198e+01	1.189669e-02	18034689.000000	0.000000e+00
3.381925e+00	5.047779e+01	1.187633e-02	18064921.000000	0.000000e+00
3.383919e+00	5.042519e+01	1.185754e-02	18084471.000000	0.000000e+00
3.385914e+00	5.036457e+01	1.183641e-02	18105493.000000	0.000000e+00
3.387908e+00	5.035359e+01	1.182904e-02	18120153.000000	0.000000e+00
3.389903e+00	5.027890e+01	1.180199e-02	18149353.000000	0.000000e+00
3.391898e+00	5.024630e+01	1.178612e-02	18174655.000000	0.000000e+00
3.393893e+00	5.019933e+01	1.177157e-02	18185577.000000	0.000000e+00
3.395886e+00	5.014196e+01	1.175420e-02	18197713.000000	0.000000e+00
3.397881e+00	5.009416e+01	1.172669e-02	18248355.000000	0.000000e+00
3.399877e+00	5.004772e+01	1.171205e-02	18260077.000000	0.000000e+00
3.401871e+00	4.998554e+01	1.169601e-02	18264729.000000	0.000000e+00
3.403865e+00	4.994396e+01	1.167598e-02	18296977.000000	0.000000e+00
3.405860e+00	4.989802e+01	1.165799e-02	18319723.000000	0.000000e+00
3.407855e+00	4.982254e+01	1.163221e-02	18345417.000000	0.000000e+00
3.409850e+00	4.979893e+01	1.162123e-02	18362665.000000	0.000000e+00
3.411845e+00	4.973393e+01	1.159874e-02	18385851.000000	0.000000e+00
3.413840e+00	4.966949e+01	1.157837e-02	18402829.000000	0.000000e+00
3.415834e+00	4.965056e+01	1.156723e-02	18424233.000000	0.000000e+00
3.417828e+00	4.959477e+01	1.154990e-02	18438067.000000	0.000000e+00
3.419823e+00	4.955867e+01	1.153052e-02	18473185.000000	0.000000e+00
3.421817e+00	4.948709e+01	1.151016e-02	18485073.000000	0.000000e+00
3.423812e+00	4.942624e+01	1.148722e-02	18513349.000000	0.000000e+00
3.425807e+00	4.939824e+01	1.147230e-02	18540507.000000	0.000000e+00
3.427801e+00	4.934813e+01	1.145843e-02	18547765.000000	0.000000e+00
3.429796e+00	4.929699e+01	1.143379e-02	18589177.000000	0.000000e+00
3.431791e+00	4.925807e+01	1.142463e-02	18589635.000000	0.000000e+00
3.433785e+00	4.919798e+01	1.140305e-02	18614557.000000	0.000000e+00
3.435780e+00	4.915317e+01	1.138066e-02	18653841.000000	0.000000e+00
3.437775e+00	4.910568e+01	1.136790e-02	18659629.000000	0.000000e+00
3.439770e+00	4.904457e+01	1.134292e-02	18695283.000000	0.000000e+00
3.441765e+00	4.899144e+01	1.132979e-02	18698077.000000	0.000000e+00
3.443759e+00	4.896610e+01	1.131457e-02	18729013.000000	0.000000e+00
3.445753e+00	4.891251e+01	1.129864e-02	18740763.000000	0.000000e+00
3.447748e+00	4.884501e+01	1.127135e-02	18779677.000000	0.000000e+00
3.449743e+00	4.879911e+01	1.125404e-02	18802125.000000	0.000000e+00
3.451737e+00	4.876865e+01	1.124726e-02	18801319.000000	0.000000e+00
3.453732e+00	4.869860e+01	1.121818e-02	18844653.000000	0.000000e+00
3.455727e+00	4.863633e+01	1.120048e-02	18855961.000000	0.000000e+00
3.457721e+00	4.859005e+01	1.118350e-02	18877285.000000	0.000000e+00
3.459715e+00	4.856516e+01	1.117046e-02	18901983.000000	0.000000e+00
3.461711e+00	4.850781e+01	1.114751e-02	18935101.000000	0.000000e+00
3.463705e+00	4.846128e+01	1.113648e-02	18936237.000000	0.000000e+00
3.465699e+00	4.841276e+01	1.111571e-02	18969043.000000	0.000000e+00
3.467694e+00	4.836247e+01	1.109877e-02	18987469.000000	0.000000e+00
3.469689e+00	4.831411e+01	1.107970e-02	19014801.000000	0.000000e+00
3.471683e+00	4.827651e+01	1.106569e-02	19033333.000000	0.000000e+00
3.473677e+00	4.821955e+01	1.104966e-02	19043571.000000	0.000000e+00
3.475672e+00	4.816244e+01	1.102297e-02	19090621.000000	0.000000e+00
3.477668e+00	4.811762e+01	1.101025e-02	19099149.000000	0.000000e+00
3.479662e+00	4.808261e+01	1.099654e-02	19118947.000000	0.000000e+00
3.481657e+00	4.803410e+01	1.097850e-02	19143133.000000	0.000000e+00
3.483651e+00	4.799341e+01	1.096200e-02	19168305.000000	0.000000e+00
3.485646e+00	4.792826e+01	1.094097e-02	19189837.000000	0.000000e+00
3.487641e+00	4.789947e+01	1.093105e-02	19201599.000000	0.000000e+00
3.489635e+00	4.781753e+01	1.090421e-02	19230277.000000	0.000000e+00
3.491630e+00	4.780466e+01	1.089315e-02	19258989.000000	0.000000e+00
3.493625e+00	4.773779e+01	1.087117e-02	19282879.000000	0.000000e+00
3.495619e+00	4.769760e+01	1.086365e-02	19277089.000000	0.000000e+00
3.497614e+00	4.763896e+01	1.083581e-02	19328661.000000	0.000000e+00
3.499609e+00	4.760257e+01	1.082304e-02	19344703.000000	0.000000e+00
3.501604e+00	4.757698e+01	1.081321e-02	19359069.000000	0.000000e+00
3.503598e+00	4.750488e+01	1.079086e-02	19380481.000000	0.000000e+00
3.505592e+00	4.745653e+01	1.077208e-02	19408533.000000	0.000000e+00
3.507587e+00	4.741682e+01	1.075519e-02	19436971.000000	0.000000e+00
3.509582e+00	4.736630e+01	1.074175e-02	19444153.000000	0.000000e+00
3.511577e+00	4.733750e+01	1.072554e-02	19479237.000000	0.000000e+00
3.513572e+00	4.726211e+01	1.070366e-02	19496731.000000	0.000000e+00
3.515566e+00	4.723299e+01	1.069365e-02	19509177.000000	0.000000e+00
3.517561e+00	4.719742e+01	1.067426e-02	19550653.000000	0.000000e+00
3.519555e+00	4.713523e+01	1.066010e-02	19550989.000000	0.000000e+00
3.521551e+00	4.709314e+01	1.063544e-02	19606683.000000	0.000000e+00
3.523545e+00	4.707536e+01	1.063809e-02	19582141.000000	0.000000e+00
3.525538e+00	4.700871e+01	1.061107e-02	19626297.000000	0.000000e+00
3.527533e+00	4.695848e+01	1.059289e-02	19651639.000000	0.000000e+00
3.529529e+00	4.690327e+01	1.056952e-02	19692285.000000	0.000000e+00
3.531524e+00	4.687362e+01	1.056495e-02	19684393.000000	0.000000e+00
3.533518e+00	4.682084e+01	1.054405e-02	19718023.000000	0.000000e+00
3.535513e+00	4.676305e+01	1.052496e-02	19740813.000000	0.000000e+00
3.537507e+00	4.672243e+01	1.051059e-02	19760449.000000	0.000000e+00
3.539501e+00	4.669651e+01	1.050390e-02	19763685.000000	0.000000e+00
3.541495e+00	4.662798e+01	1.047300e-02	19822171.000000	0.000000e+00
3.543491e+00	4.659921e+01	1.046467e-02	19829229.000000	0.000000e+00
3.545486e+00	4.654579e+01	1.044446e-02	19860421.000000	0.000000e+00
3.547481e+00	4.650548e+01	1.043257e-02	19871263.000000	0.000000e+00
3.549475e+00	4.646957e+01	1.041843e-02	19894497.000000	0.000000e+00
3.551470e+00	4.640124e+01	1.039734e-02	19916593.000000	0.000000e+00
3.553464e+00	4.635107e+01	1.037947e-02	19942041.000000	0.000000e+00
3.555459e+00	4.632008e+01	1.036548e-02	19969159.000000	0.000000e+00
3.557454e+00	4.628528e+01	1.035622e-02	19974825.000000	0.000000e+00
3.559448e+00	4.621840e+01	1.033274e-02	20007793.000000	0.000000e+00
3.561443e+00	4.616547e+01	1.031164e-02	20043763.000000	0.000000e+00
3.563438e+00	4.613942e+01	1.030691e-02	20039517.000000	0.000000e+00
3.565431e+00	4.609139e+01	1.028844e-02	20069689.000000	0.000000e+00
3.567426e+00	4.605459e+01	1.026967e-02	20110965.000000	0.000000e+00
3.569422e+00	4.600225e+01	1.025385e-02	20127223.000000	0.000000e+00
3.571417e+00	4.595019e+01	1.024067e-02	20133421.000000	0.000000e+00
3.573410e+00	4.591259e+01	1.022794e-02	20150565.000000	0.000000e+00
3.575404e+00	4.586597e+01	1.020677e-02	20193163.000000	0.000000e+00
3.577400e+00	4.582058e+01	1.018933e-02	20222289.000000	0.000000e+00
3.579395e+00	4.577850e+01	1.017771e-02	20231257.000000	0.000000e+00
3.581389e+00	4.572969e+01	1.016353e-02	20244507.000000	0.000000e+00
3.583384e+00	4.568420e+01	1.014253e-02	20288017.000000	0.000000e+00
3.585379e+00	4.564776e+01	1.013011e-02	20305357.000000	0.000000e+00
3.587373e+00	4.560689e+01	1.011930e-02	20312325.000000	0.000000e+00
3.589367e+00	4.555626e+01	1.010043e-02	20343055.000000	0.000000e+00
3.591361e+00	4.550967e+01	1.008542e-02	20361969.000000	0.000000e+00
3.593356e+00	4.547053e+01	1.006637e-02	20403961.000000	0.000000e+00
3.595352e+00	4.543247e+01	1.005437e-02	20418459.000000	0.000000e+00
3.597346e+00	4.539159e+01	1.004341e-02	20426221.000000	0.000000e+00
3.599341e+00	4.532176e+01	1.001805e-02	20466673.000000	0.000000e+00
3.601336e+00	4.530385e+01	1.001133e-02	20477973.000000	0.000000e+00
3.603330e+00	4.524610e+01	9.994184e-03	20495935.000000	0.000000e+00
3.605324e+00	4.522392e+01	9.979055e-03	20537973.000000	0.000000e+00
3.607319e+00	4.515616e+01	9.962357e-03	20545177.000000	0.000000e+00
3.609314e+00	4.512750e+01	9.948649e-03	20575683.000000	0.000000e+00
3.611308e+00	4.507969e+01	9.935935e-03	20584693.000000	0.000000e+00
3.613303e+00	4.503944e+01	9.918587e-03	20619889.000000	0.000000e+00
3.615297e+00	4.498186e+01	9.901132e-03	20639787.000000	0.000000e+00
3.617292e+00	4.494667e+01	9.885047e-03	20674621.000000	0.000000e+00
3.619287e+00	4.491170e+01	9.875363e-03	20682969.000000	0.000000e+00
3.621282e+00	4.484632e+01	9.852848e-03	20717149.000000	0.000000e+00
3.623277e+00	4.482785e+01	9.848766e-03	20717251.000000	0.000000e+00
3.625271e+00	4.478339e+01	9.829653e-03	20756661.000000	0.000000e+00
3.627266e+00	4.472827e+01	9.811528e-03	20782165.000000	0.000000e+00
3.629261e+00	4.467816e+01	9.795077e-03	20805339.000000	0.000000e+00
3.631256e+00	4.465861e+01	9.786362e-03	20824177.000000	0.000000e+00
3.633250e+00	4.461183e+01	9.771824e-03	20842449.000000	0.000000e+00
3.635244e+00	4.456371e+01	9.756224e-03	20864077.000000	0.000000e+00
3.637239e+00	4.450340e+01	9.733325e-03	20905663.000000	0.000000e+00
3.639234e+00	4.448578e+01	9.729765e-03	20904405.000000	0.000000e+00
3.641229e+00	4.442666e+01	9.706736e-03	20947921.000000	0.000000e+00
3.643224e+00	4.437588e+01	9.692620e-03	20960979.000000	0.000000e+00
3.645218e+00	4.435233e+01	9.685556e-03	20969293.000000	0.000000e+00
3.647212e+00	4.428463e+01	9.659623e-03	21017721.000000	0.000000e+00
3.649207e+00	4.427168e+01	9.657365e-03	21015259.000000	0.000000e+00
3.651201e+00	4.422085e+01	9.636964e-03	21055897.000000	0.000000e+00
3.653196e+00	4.418844e+01	9.621937e-03	21090765.000000	0.000000e+00
3.655191e+00	4.412670e+01	9.608036e-03	21092773.000000	0.000000e+00
3.657186e+00	4.410284e+01	9.594231e-03	21130647.000000	0.000000e+00
3.659181e+00	4.406004e+01	9.583651e-03	21136237.000000	0.000000e+00
3.661175e+00	4.399614e+01	9.562698e-03	21167437.000000	0.000000e+00
3.663170e+00	4.396807e+01	9.549525e-03	21198795.000000	0.000000e+00
3.665165e+00	4.392571e+01	9.537499e-03	21211357.000000	0.000000e+00
3.667159e+00	4.389212e+01	9.526167e-03	21229353.000000	0.000000e+00
3.669154e+00	4.385456e+01	9.508189e-03	21273253.000000	0.000000e+00
3.671149e+00	4.383502e+01	9.502489e-03	21279807.000000	0.000000e+00
3.673144e+00	4.374547e+01	9.476735e-03	21308293.000000	0.000000e+00
3.675138e+00	4.372770e+01	9.472139e-03	21311653.000000	0.000000e+00
3.677132e+00	4.368508e+01	9.449983e-03	21369987.000000	0.000000e+00
3.679127e+00	4.364537e+01	9.441599e-03	21369049.000000	0.000000e+00
3.681122e+00	4.362384e+01	9.428992e-03	21405105.000000	0.000000e+00
3.683116e+00	4.355693e+01	9.413795e-03	21408445.000000	0.000000e+00
3.685111e+00	4.351009e+01	9.391301e-03	21464883.000000	0.000000e+00
3.687106e+00	4.347267e+01	9.385478e-03	21454573.000000	0.000000e+00
3.689099e+00	4.343863e+01	9.372303e-03	21481249.000000	0.000000e+00
3.691094e+00	4.336996e+01	9.345212e-03	21537723.000000	0.000000e+00
3.693090e+00	4.334322e+01	9.340632e-03	21532273.000000	0.000000e+00
3.695084e+00	4.333540e+01	9.331943e-03	21564597.000000	0.000000e+00
3.697079e+00	4.326330e+01	9.313292e-03	21579079.000000	0.000000e+00
3.699073e+00	4.323817e+01	9.301075e-03	21610677.000000	0.000000e+00
3.701068e+00	4.317119e+01	9.283418e-03	21625801.000000	0.000000e+00
3.703063e+00	4.315594e+01	9.271410e-03	21666541.000000	0.000000e+00
3.705057e+00	4.311148e+01	9.261840e-03	21666627.000000	0.000000e+00
3.707052e+00	4.304626e+01	9.238237e-03	21711637.000000	0.000000e+00
3.709047e+00	4.301577e+01	9.228912e-03	21724725.000000	0.000000e+00
3.711042e+00	4.299367e+01	9.219220e-03	21748063.000000	0.000000e+00
3.713036e+00	4.294253e+01	9.203749e-03	21769357.000000	0.000000e+00
3.715031e+00	4.291829e+01	9.192816e-03	21796545.000000	0.000000e+00
3.717025e+00	4.287007e+01	9.179541e-03	21810541.000000	0.000000e+00
3.719020e+00	4.284258e+01	9.163752e-03	21857703.000000	0.000000e+00
3.721015e+00	4.280057e+01	9.154260e-03	21860125.000000	0.000000e+00
3.723010e+00	4.274240e+01	9.135899e-03	21888465.000000	0.000000e+00
3.725004e+00	4.269126e+01	9.121778e-03	21903775.000000	0.000000e+00
3.726998e+00	4.264901e+01	9.106182e-03	21935389.000000	0.000000e+00
3.728992e+00	4.262195e+01	9.095930e-03	21956973.000000	0.000000e+00
3.730987e+00	4.259433e+01	9.083378e-03	21989167.000000	0.000000e+00
3.732983e+00	4.253715e+01	9.066303e-03	22012857.000000	0.000000e+00
3.734977e+00	4.249501e+01	9.053688e-03	22030525.000000	0.000000e+00
3.736972e+00	4.246044e+01	9.044138e-03	22041165.000000	0.000000e+00
3.738966e+00	4.242207e+01	9.025007e-03	22094719.000000	0.000000e+00
3.740961e+00	4.237815e+01	9.017303e-03	22086685.000000	0.000000e+00
3.742956e+00	4.234391e+01	9.001385e-03	22129077.000000	0.000000e+00
3.744950e+00	4.231829e+01	8.992977e-03	22143655.000000	0.000000e+00
3.746945e+00	4.226492e+01	8.975337e-03	22174737.000000	0.000000e+00
3.748939e+00	4.222513e+01	8.964053e-03	22188769.000000	0.000000e+00
3.750934e+00	4.217228e+01	8.946572e-03	22219833.000000	0.000000e+00
3.752929e+00	4.214687e+01	8.935388e-03	22248655.000000	0.000000e+00
3.754924e+00	4.209650e+01	8.920322e-03	22270549.000000	0.000000e+00
3.756919e+00	4.206574e+01	8.910927e-03	22284933.000000	0.000000e+00
3.758913e+00	4.204186e+01	8.901228e-03	22308175.000000	0.000000e+00
3.760907e+00	4.199246e+01	8.886428e-03	22329969.000000	0.000000e+00
3.762902e+00	4.195040e+01	8.868769e-03	22374097.000000	0.000000e+00
3.764897e+00	4.190599e+01	8.859315e-03	22374433.000000	0.000000e+00
3.766891e+00	4.185376e+01	8.840052e-03	22416063.000000	0.000000e+00
3.768886e+00	4.183671e+01	8.833081e-03	22433173.000000	0.000000e+00
3.770881e+00	4.179108e+01	8.819596e-03	22452765.000000	0.000000e+00
3.772875e+00	4.175081e+01	8.805526e-03	22481191.000000	0.000000e+00
3.774870e+00	4.169887e+01	8.791177e-03	22498545.000000	0.000000e+00
3.776865e+00	4.167409e+01	8.778443e-03	22537057.000000	0.000000e+00
3.778860e+00	4.164011e+01	8.770562e-03	22540783.000000	0.000000e+00
3.780854e+00	4.159917e+01	8.754845e-03	22577325.000000	0.000000e+00
3.782848e+00	4.157068e+01	8.745325e-03	22595521.000000	0.000000e+00
3.784843e+00	4.151835e+01	8.729644e-03	22619709.000000	0.000000e+00
3.786838e+00	4.147177e+01	8.713583e-03	22652263.000000	0.000000e+00
3.788833e+00	4.144642e+01	8.704016e-03	22674345.000000	0.000000e+00
3.790827e+00	4.141097e+01	8.694007e-03	22687717.000000	0.000000e+00
3.792822e+00	4.136427e+01	8.677642e-03	22722043.000000	0.000000e+00
3.794817e+00	4.131811e+01	8.664233e-03	22741581.000000	0.000000e+00
3.796811e+00	4.131331e+01	8.660460e-03	22756117.000000	0.000000e+00
3.798806e+00	4.126599e+01	8.643601e-03	22792665.000000	0.000000e+00
3.800801e+00	4.122946e+01	8.630739e-03	22820191.000000	0.000000e+00
3.802795e+00	4.116972e+01	8.616066e-03	22831677.000000	0.000000e+00
3.804790e+00	4.113450e+01	8.601342e-03	22870729.000000	0.000000e+00
3.806785e+00	4.110442e+01	8.594143e-03	22875571.000000	0.000000e+00
3.808779e+00	4.105998e+01	8.578577e-03	22909041.000000	0.000000e+00
3.810773e+00	4.101591e+01	8.566385e-03	22925017.000000	0.000000e+00
3.812767e+00	4.098960e+01	8.555106e-03	22956015.000000	0.000000e+00
3.814763e+00	4.096154e+01	8.540048e-03	23005513.000000	0.000000e+00
3.816759e+00	4.091056e+01	8.530372e-03	23000377.000000	0.000000e+00
3.818753e+00	4.087305e+01	8.517478e-03	23027781.000000	0.000000e+00
3.820747e+00	4.083572e+01	8.505968e-03	23047987.000000	0.000000e+00
3.822742e+00	4.079815e+01	8.492811e-03	23076933.000000	0.000000e+00
3.824736e+00	4.075971e+01	8.479930e-03	23103493.000000	0.000000e+00
3.826731e+00	4.071558e+01	8.466487e-03	23126751.000000	0.000000e+00
3.828726e+00	4.067593e+01	8.453308e-03	23153761.000000	0.000000e+00
3.830721e+00	4.065398e+01	8.446531e-03	23165905.000000	0.000000e+00
3.832715e+00	4.060855e+01	8.430797e-03	23200521.000000	0.000000e+00
3.834709e+00	4.058075e+01	8.422484e-03	23214523.000000	0.000000e+00
3.836704e+00	4.052719e+01	8.405635e-03	23246205.000000	0.000000e+00
3.838699e+00	4.049414e+01	8.390990e-03	23289385.000000	0.000000e+00
3.840694e+00	4.045732e+01	8.384288e-03	23284227.000000	0.000000e+00
3.842689e+00	4.043495e+01	8.372540e-03	23323801.000000	0.000000e+00
3.844683e+00	4.038500e+01	8.361675e-03	23326717.000000	0.000000e+00
3.846677e+00	4.034353e+01	8.346005e-03	23366331.000000	0.000000e+00
3.848672e+00	4.031137e+01	8.333420e-03	23399605.000000	0.000000e+00
3.850666e+00	4.027401e+01	8.323533e-03	23411769.000000	0.000000e+00
3.852661e+00	4.024129e+01	8.309445e-03	23453077.000000	0.000000e+00
3.854656e+00	4.019957e+01	8.299251e-03	23461999.000000	0.000000e+00
3.856651e+00	4.015950e+01	8.286078e-03	23489757.000000	0.000000e+00
3.858646e+00	4.013628e+01	8.276618e-03	23516269.000000	0.000000e+00
3.860640e+00	4.009315e+01	8.265313e-03	23529987.000000	0.000000e+00
3.862635e+00	4.005711e+01	8.250368e-03	23572873.000000	0.000000e+00
3.864630e+00	4.001409e+01	8.240308e-03	23579733.000000	0.000000e+00
3.866624e+00	3.999464e+01	8.232410e-03	23602045.000000	0.000000e+00
3.868618e+00	3.993279e+01	8.215038e-03	23628715.000000	0.000000e+00
3.870612e+00	3.992498e+01	8.208778e-03	23655513.000000	0.000000e+00
3.872607e+00	3.985915e+01	8.188517e-03	23694385.000000	0.000000e+00
3.874602e+00	3.984657e+01	8.183974e-03	23705739.000000	0.000000e+00
3.876597e+00	3.979617e+01	8.169820e-03	23727805.000000	0.000000e+00
3.878591e+00	3.976964e+01	8.158876e-03	23759793.000000	0.000000e+00
3.880586e+00	3.973656e+01	8.147651e-03	23785693.000000	0.000000e+00
3.882581e+00	3.969803e+01	8.138200e-03	23794759.000000	0.000000e+00
3.884575e+00	3.965939e+01	8.124067e-03	23831157.000000	0.000000e+00
3.886570e+00	3.962651e+01	8.112445e-03	23859877.000000	0.000000e+00
3.888564e+00	3.957152e+01	8.099569e-03	23869407.000000	0.000000e+00
3.890559e+00	3.953740e+01	8.085109e-03	23913565.000000	0.000000e+00
3.892554e+00	3.951096e+01	8.078560e-03	23920329.000000	0.000000e+00
3.894548e+00	3.947348e+01	8.065559e-03	23952007.000000	0.000000e+00
3.896543e+00	3.943900e+01	8.051983e-03	23990869.000000	0.000000e+00
3.898539e+00	3.940220e+01	8.042023e-03	24005469.000000	0.000000e+00
3.900533e+00	3.937649e+01	8.033827e-03	24023101.000000	0.000000e+00
3.902527e+00	3.931539e+01	8.019133e-03	24036459.000000	0.000000e+00
3.904521e+00	3.930796e+01	8.010596e-03	24078613.000000	0.000000e+00
3.906516e+00	3.926435e+01	7.998946e-03	24095245.000000	0.000000e+00
3.908511e+00	3.923981e+01	7.988382e-03	24128823.000000	0.000000e+00
3.910506e+00	3.919461e+01	7.975463e-03	24151321.000000	0.000000e+00
3.912500e+00	3.916799e+01	7.965502e-03	24178881.000000	0.000000e+00
3.914495e+00	3.911590e+01	7.953014e-03	24190405.000000	0.000000e+00
3.916490e+00	3.907322e+01	7.936054e-03	24240927.000000	0.000000e+00
3.918485e+00	3.904702e+01	7.932829e-03	24228121.000000	0.000000e+00
3.920479e+00	3.903027e+01	7.920561e-03	24282373.000000	0.000000e+00
3.922474e+00	3.896998e+01	7.906591e-03	24293031.000000	0.000000e+00
3.924468e+00	3.894365e+01	7.895738e-03	24326965.000000	0.000000e+00
3.926463e+00	3.891102e+01	7.885625e-03	24348549.000000	0.000000e+00
3.928458e+00	3.887145e+01	7.875058e-03	24364303.000000	0.000000e+00
3.930452e+00	3.883507e+01	7.862027e-03	24399405.000000	0.000000e+00
3.932447e+00	3.880230e+01	7.850329e-03	24430885.000000	0.000000e+00
3.934442e+00	3.876685e+01	7.841889e-03	24438793.000000	0.000000e+00
3.936436e+00	3.873106e+01	7.830642e-03	24463803.000000	0.000000e+00
3.938431e+00	3.869288e+01	7.817041e-03	24500641.000000	0.000000e+00
3.940426e+00	3.865806e+01	7.806321e-03	24523773.000000	0.000000e+00
3.942420e+00	3.862215e+01	7.796591e-03	24539371.000000	0.000000e+00
3.944415e+00	3.860097e+01	7.785008e-03	24585465.000000	0.000000e+00
3.946410e+00	3.854906e+01	7.773758e-03	24590401.000000	0.000000e+00
3.948405e+00	3.852358e+01	7.764308e-03	24617713.000000	0.000000e+00
3.950399e+00	3.849051e+01	7.754173e-03	24639759.000000	0.000000e+00
3.952394e+00	3.845360e+01	7.740667e-03	24678409.000000	0.000000e+00
3.954389e+00	3.841913e+01	7.732949e-03	24683385.000000	0.000000e+00
3.956383e+00	3.838537e+01	7.719542e-03	24725695.000000	0.000000e+00
3.958378e+00	3.834931e+01	7.710078e-03	24739873.000000	0.000000e+00
3.960372e+00	3.833264e+01	7.701323e-03	24774609.000000	0.000000e+00
3.962367e+00	3.827280e+01	7.688199e-03	24781705.000000	0.000000e+00
3.964362e+00	3.824088e+01	7.674349e-03	24829767.000000	0.000000e+00
3.966356e+00	3.820886e+01	7.668633e-03	24825169.000000	0.000000e+00
3.968350e+00	3.817960e+01	7.654751e-03	24877149.000000	0.000000e+00
3.970345e+00	3.813380e+01	7.643579e-03	24890107.000000	0.000000e+00
3.972339e+00	3.811463e+01	7.635581e-03	24917209.000000	0.000000e+00
3.974335e+00	3.806602e+01	7.618508e-03	24965205.000000	0.000000e+00
3.976330e+00	3.802476e+01	7.610940e-03	24960679.000000	0.000000e+00
3.978324e+00	3.800869e+01	7.602395e-03	24995673.000000	0.000000e+00
3.980319e+00	3.797314e+01	7.591625e-03	25019785.000000	0.000000e+00
3.982314e+00	3.794102e+01	7.581041e-03	25047261.000000	0.000000e+00
3.984308e+00	3.790897e+01	7.572361e-03	25062331.000000	0.000000e+00
3.986303e+00	3.787333e+01	7.560103e-03	25096405.000000	0.000000e+00
3.988297e+00	3.784134e+01	7.550527e-03	25117617.000000	0.000000e+00
3.990292e+00	3.779873e+01	7.536383e-03	25155235.000000	0.000000e+00
3.992287e+00	3.775897e+01	7.527511e-03	25161549.000000	0.000000e+00
3.994282e+00	3.774388e+01	7.517154e-03	25210777.000000	0.000000e+00
3.996277e+00	3.770484e+01	7.509217e-03	25211857.000000	0.000000e+00
3.998271e+00	3.766710e+01	7.496771e-03	25245027.000000	0.000000e+00
4.000266e+00	3.763987e+01	7.488023e-03	25267477.000000	0.000000e+00
4.002260e+00	3.759020e+01	7.474425e-03	25292613.000000	0.000000e+00
4.004253e+00	3.757608e+01	7.472552e-03	25286287.000000	0.000000e+00
4.006248e+00	3.754028e+01	7.452861e-03	25371669.000000	0.000000e+00
4.008243e+00	3.749816e+01	7.444326e-03	25372837.000000	0.000000e+00
4.010238e+00	3.747767e+01	7.435233e-03	25407151.000000	0.000000e+00
4.012233e+00	3.745272e+01	7.430822e-03	25403469.000000	0.000000e+00
4.014227e+00	3.739830e+01	7.410567e-03	25468357.000000	0.000000e+00
4.016223e+00	3.737006e+01	7.405039e-03	25467885.000000	0.000000e+00
4.018217e+00	3.734917e+01	7.397949e-03	25488199.000000	0.000000e+00
4.020211e+00	3.729830e+01	7.381653e-03	25531185.000000	0.000000e+00
4.022206e+00	3.727682e+01	7.374831e-03	25548985.000000	0.000000e+00
4.024201e+00	3.723731e+01	7.363384e-03	25574179.000000	0.000000e+00
4.026196e+00	3.720268e+01	7.350678e-03	25614957.000000	0.000000e+00
4.028191e+00	3.718092e+01	7.347119e-03	25609801.000000	0.000000e+00
4.030185e+00	3.714499e+01	7.335032e-03	25644633.000000	0.000000e+00
4.032179e+00	3.709776e+01	7.321840e-03	25671715.000000	0.000000e+00
4.034174e+00	3.708440e+01	7.313009e-03	25715229.000000	0.000000e+00
4.036169e+00	3.703477e+01	7.304452e-03	25706569.000000	0.000000e+00
4.038163e+00	3.699640e+01	7.289449e-03	25759027.000000	0.000000e+00
4.040158e+00	3.696572e+01	7.280445e-03	25779969.000000	0.000000e+00
4.042153e+00	3.694547e+01	7.271945e-03	25811977.000000	0.000000e+00
4.044147e+00	3.690846e+01	7.264608e-03	25812345.000000	0.000000e+00
4.046141e+00	3.687084e+01	7.251501e-03	25852951.000000	0.000000e+00
4.048136e+00	3.684637e+01	7.241869e-03	25887373.000000	0.000000e+00
4.050131e+00	3.679763e+01	7.229261e-03	25909077.000000	0.000000e+00
4.052126e+00	3.677517e+01	7.224556e-03	25911163.000000	0.000000e+00
4.054120e+00	3.674280e+01	7.209263e-03	25975425.000000	0.000000e+00
4.056116e+00	3.670734e+01	7.202016e-03	25977517.000000	0.000000e+00
4.058110e+00	3.668346e+01	7.193098e-03	26008095.000000	0.000000e+00
4.060105e+00	3.664352e+01	7.181760e-03	26033497.000000	0.000000e+00
4.062100e+00	3.661219e+01	7.171718e-03	26061841.000000	0.000000e+00
4.064094e+00	3.659132e+01	7.165279e-03	26078937.000000	0.000000e+00
4.066089e+00	3.656230e+01	7.156212e-03	26103607.000000	0.000000e+00
4.068083e+00	3.653059e+01	7.146048e-03	26132529.000000	0.000000e+00
4.070078e+00	3.648900e+01	7.133674e-03	26163589.000000	0.000000e+00
4.072073e+00	3.646149e+01	7.124579e-03	26190903.000000	0.000000e+00
4.074068e+00	3.641932e+01	7.112891e-03	26216293.000000	0.000000e+00
4.076062e+00	3.638960e+01	7.104858e-03	26232745.000000	0.000000e+00
4.078057e+00	3.635435e+01	7.094259e-03	26260245.000000	0.000000e+00
4.080051e+00	3.633388e+01	7.085483e-03	26295691.000000	0.000000e+00
4.082046e+00	3.629217e+01	7.076473e-03	26302197.000000	0.000000e+00
4.084040e+00	3.626849e+01	7.066715e-03	26340493.000000	0.000000e+00
4.086035e+00	3.623365e+01	7.056789e-03	26363919.000000	0.000000e+00
4.088030e+00	3.619416e+01	7.044286e-03	26399941.000000	0.000000e+00
4.090024e+00	3.616762e+01	7.036750e-03	26417737.000000	0.000000e+00
4.092019e+00	3.613819e+01	7.028635e-03	26435703.000000	0.000000e+00
4.094014e+00	3.611180e+01	7.016423e-03	26489077.000000	0.000000e+00
4.096009e+00	3.609145e+01	7.011843e-03	26493801.000000	0.000000e+00
4.098004e+00	3.605219e+01	7.002435e-03	26507281.000000	0.000000e+00
4.099998e+00	3.601444e+01	6.990205e-03	26544427.000000	0.000000e+00
4.101992e+00	3.598921e+01	6.980624e-03	26580069.000000	0.000000e+00
4.103987e+00	3.595340e+01	6.973273e-03	26583157.000000	0.000000e+00
4.105981e+00	3.591337e+01	6.959897e-03	26626047.000000	0.000000e+00
4.107975e+00	3.589194e+01	6.954641e-03	26634493.000000	0.000000e+00
4.109970e+00	3.585841e+01	6.938564e-03	26708097.000000	0.000000e+00
4.111966e+00	3.581586e+01	6.933338e-03	26684929.000000	0.000000e+00
4.113960e+00	3.579316e+01	6.922232e-03	26736703.000000	0.000000e+00
4.115955e+00	3.575786e+01	6.914755e-03	26741733.000000	0.000000e+00
4.117949e+00	3.572262e+01	6.902684e-03	26782477.000000	0.000000e+00
4.119944e+00	3.570277e+01	6.894242e-03	26818275.000000	0.000000e+00
4.121939e+00	3.566635e+01	6.885906e-03	26828425.000000	0.000000e+00
4.123934e+00	3.563702e+01	6.876872e-03	26854737.000000	0.000000e+00
4.125928e+00	3.560478e+01	6.867903e-03	26876227.000000	0.000000e+00
4.127923e+00	3.558308e+01	6.858246e-03	26919133.000000	0.000000e+00
4.129917e+00	3.554318e+01	6.849640e-03	26926329.000000	0.000000e+00
4.131911e+00	3.550582e+01	6.839729e-03	26947681.000000	0.000000e+00
4.133907e+00	3.548653e+01	6.826460e-03	27023151.000000	0.000000e+00
4.135902e+00	3.545862e+01	6.825350e-03	26989441.000000	0.000000e+00
4.137896e+00	3.542165e+01	6.811566e-03	27042297.000000	0.000000e+00
4.139890e+00	3.539019e+01	6.802218e-03	27068539.000000	0.000000e+00
4.141885e+00	3.535889e+01	6.793044e-03	27093709.000000	0.000000e+00
4.143880e+00	3.532892e+01	6.784343e-03	27117213.000000	0.000000e+00
4.145874e+00	3.528930e+01	6.774296e-03	27136741.000000	0.000000e+00
4.147868e+00	3.526428e+01	6.766241e-03	27162831.000000	0.000000e+00
4.149863e+00	3.524119e+01	6.757723e-03	27195709.000000	0.000000e+00
4.151858e+00	3.520178e+01	6.745220e-03	27235609.000000	0.000000e+00
4.153853e+00	3.518493e+01	6.740413e-03	27248355.000000	0.000000e+00
4.155848e+00	3.514939e+01	6.731307e-03	27266965.000000	0.000000e+00
4.157843e+00	3.511871e+01	6.718775e-03	27321021.000000	0.000000e+00
4.159838e+00	3.508627e+01	6.713463e-03	27313741.000000	0.000000e+00
4.161832e+00	3.505575e+01	6.701986e-03	27359715.000000	0.000000e+00
4.163826e+00	3.503518e+01	6.697831e-03	27361537.000000	0.000000e+00
4.165821e+00	3.499378e+01	6.683672e-03	27412681.000000	0.000000e+00
4.167815e+00	3.496821e+01	6.676566e-03	27430935.000000	0.000000e+00
4.169810e+00	3.492713e+01	6.665742e-03	27455473.000000	0.000000e+00
4.171805e+00	3.490051e+01	6.656456e-03	27490173.000000	0.000000e+00
4.173799e+00	3.488283e+01	6.651253e-03	27505303.000000	0.000000e+00
4.175794e+00	3.485265e+01	6.641055e-03	27542133.000000	0.000000e+00
4.177789e+00	3.482459e+01	6.633098e-03	27563809.000000	0.000000e+00
4.179783e+00	3.478704e+01	6.623874e-03	27581053.000000	0.000000e+00
4.181777e+00	3.474622e+01	6.612693e-03	27609483.000000	0.000000e+00
4.183772e+00	3.472890e+01	6.604946e-03	27646717.000000	0.000000e+00
4.185767e+00	3.469361e+01	6.593979e-03	27682413.000000	0.000000e+00
4.187762e+00	3.467276e+01	6.588066e-03	27698803.000000	0.000000e+00
4.189757e+00	3.462717e+01	6.577171e-03	27717601.000000	0.000000e+00
4.191752e+00	3.459566e+01	6.567226e-03	27751041.000000	0.000000e+00
4.193746e+00	3.457171e+01	6.561842e-03	27758137.000000	0.000000e+00
4.195740e+00	3.455138e+01	6.551611e-03	27812163.000000	0.000000e+00
4.197735e+00	3.450398e+01	6.541821e-03	27818965.000000	0.000000e+00
4.199730e+00	3.449221e+01	6.533700e-03	27869145.000000	0.000000e+00
4.201725e+00	3.445523e+01	6.525654e-03	27878047.000000	0.000000e+00
4.203719e+00	3.443199e+01	6.518815e-03	27898897.000000	0.000000e+00
4.205714e+00	3.439691e+01	6.508458e-03	27930753.000000	0.000000e+00
4.207708e+00	3.437575e+01	6.501466e-03	27956443.000000	0.000000e+00
4.209703e+00	3.434407e+01	6.491362e-03	27991869.000000	0.000000e+00
4.211698e+00	3.432661e+01	6.485216e-03	28016437.000000	0.000000e+00
4.213693e+00	3.428396e+01	6.475036e-03	28034805.000000	0.000000e+00
4.215687e+00	3.423899e+01	6.463163e-03	28064131.000000	0.000000e+00
4.217682e+00	3.422147e+01	6.455954e-03	28098073.000000	0.000000e+00
4.219677e+00	3.418540e+01	6.447232e-03	28114785.000000	0.000000e+00
4.221671e+00	3.416182e+01	6.439295e-03	28145263.000000	0.000000e+00
4.223666e+00	3.412501e+01	6.429157e-03	28173285.000000	0.000000e+00
4.225660e+00	3.410773e+01	6.422906e-03	28199569.000000	0.000000e+00
4.227655e+00	3.407741e+01	6.415207e-03	28217061.000000	0.000000e+00
4.229649e+00	3.405550e+01	6.406809e-03	28254715.000000	0.000000e+00
4.231644e+00	3.402201e+01	6.398460e-03	28272817.000000	0.000000e+00
4.233639e+00	3.399247e+01	6.387583e-03	28319949.000000	0.000000e+00
4.235634e+00	3.395275e+01	6.378394e-03	28335259.000000	0.000000e+00
4.237629e+00	3.392322e+01	6.371344e-03	28348629.000000	0.000000e+00
4.239623e+00	3.390233e+01	6.363379e-03	28384657.000000	0.000000e+00
4.241617e+00	3.386872e+01	6.355176e-03	28401565.000000	0.000000e+00
4.243612e+00	3.384856e+01	6.345222e-03	28456851.000000	0.000000e+00
4.245607e+00	3.381579e+01	6.338673e-03	28460485.000000	0.000000e+00
4.247601e+00	3.378475e+01	6.329645e-03	28489353.000000	0.000000e+00
4.249596e+00	3.376674e+01	6.321934e-03	28528459.000000	0.000000e+00
4.251591e+00	3.372469e+01	6.313365e-03	28534761.000000	0.000000e+00
4.253586e+00	3.369682e+01	6.302526e-03	28585681.000000	0.000000e+00
4.255580e+00	3.368099e+01	6.299485e-03	28586419.000000	0.000000e+00
4.257575e+00	3.365160e+01	6.288566e-03	28635729.000000	0.000000e+00
4.259570e+00	3.361914e+01	6.280578e-03	28653253.000000	0.000000e+00
4.261565e+00	3.357969e+01	6.269461e-03	28687521.000000	0.000000e+00
4.263559e+00	3.355497e+01	6.263676e-03	28698235.000000	0.000000e+00
4.265554e+00	3.352210e+01	6.253733e-03	28733193.000000	0.000000e+00
4.267548e+00	3.350120e+01	6.246725e-03	28761793.000000	0.000000e+00
4.269543e+00	3.346795e+01	6.238887e-03	28776907.000000	0.000000e+00
4.271537e+00	3.344662e+01	6.232309e-03	28800933.000000	0.000000e+00
4.273532e+00	3.340229e+01	6.216784e-03	28868281.000000	0.000000e+00
4.275527e+00	3.337925e+01	6.214247e-03	28852017.000000	0.000000e+00
4.277521e+00	3.335348e+01	6.204898e-03	28894351.000000	0.000000e+00
4.279515e+00	3.333289e+01	6.198575e-03	28917597.000000	0.000000e+00
4.281510e+00	3.331067e+01	6.189290e-03	28965769.000000	0.000000e+00
4.283505e+00	3.328316e+01	6.184672e-03	28961143.000000	0.000000e+00
4.285500e+00	3.325134e+01	6.173220e-03	29013141.000000	0.000000e+00
4.287494e+00	3.321510e+01	6.164949e-03	29027665.000000	0.000000e+00
4.289489e+00	3.319569e+01	6.159373e-03	29046267.000000	0.000000e+00
4.291483e+00	3.316130e+01	6.148233e-03	29091253.000000	0.000000e+00
4.293478e+00	3.313286e+01	6.139849e-03	29120749.000000	0.000000e+00
4.295473e+00	3.310447e+01	6.133973e-03	29126589.000000	0.000000e+00
4.297468e+00	3.308822e+01	6.124853e-03	29184715.000000	0.000000e+00
4.299463e+00	3.305570e+01	6.119264e-03	29180613.000000	0.000000e+00
4.301457e+00	3.302866e+01	6.110536e-03	29216173.000000	0.000000e+00
4.303452e+00	3.299407e+01	6.100000e-03	29255811.000000	0.000000e+00
4.305447e+00	3.296557e+01	6.093912e-03	29263669.000000	0.000000e+00
4.307441e+00	3.293418e+01	6.084136e-03	29301901.000000	0.000000e+00
4.309436e+00	3.290779e+01	6.076885e-03	29324817.000000	0.000000e+00
4.311431e+00	3.288195e+01	6.067649e-03	29367991.000000	0.000000e+00
4.313425e+00	3.284452e+01	6.061490e-03	29360745.000000	0.000000e+00
4.315419e+00	3.282260e+01	6.051765e-03	29415889.000000	0.000000e+00
4.317414e+00	3.280358e+01	6.045744e-03	29440347.000000	0.000000e+00
4.319409e+00	3.277303e+01	6.037675e-03	29464129.000000	0.000000e+00
4.321403e+00	3.274721e+01	6.030527e-03	29487505.000000	0.000000e+00
4.323398e+00	3.271634e+01	6.021389e-03	29521347.000000	0.000000e+00
4.325392e+00	3.269437e+01	6.016196e-03	29532625.000000	0.000000e+00
4.327387e+00	3.266320e+01	6.005338e-03	29583021.000000	0.000000e+00
4.329382e+00	3.264237e+01	5.999970e-03	29598193.000000	0.000000e+00
4.331376e+00	3.261459e+01	5.992035e-03	29626155.000000	0.000000e+00
4.333371e+00	3.258271e+01	5.983726e-03	29650429.000000	0.000000e+00
4.335366e+00	3.256380e+01	5.974735e-03	29705233.000000	0.000000e+00
4.337361e+00	3.252336e+01	5.968752e-03	29690931.000000	0.000000e+00
4.339355e+00	3.250518e+01	5.960349e-03	29741425.000000	0.000000e+00
4.341350e+00	3.246626e+01	5.949657e-03	29776977.000000	0.000000e+00
4.343345e+00	3.244391e+01	5.945150e-03	29781097.000000	0.000000e+00
4.345339e+00	3.241647e+01	5.937311e-03	29809303.000000	0.000000e+00
4.347334e+00	3.239494e+01	5.929018e-03	29853057.000000	0.000000e+00
4.349329e+00	3.236942e+01	5.921766e-03	29879089.000000	0.000000e+00
4.351324e+00	3.233248e+01	5.911937e-03	29910135.000000	0.000000e+00
4.353319e+00	3.230193e+01	5.906233e-03	29911345.000000	0.000000e+00
4.355313e+00	3.228383e+01	5.897294e-03	29968461.000000	0.000000e+00
4.357308e+00	3.226162e+01	5.892798e-03	29972941.000000	0.000000e+00
4.359302e+00	3.222953e+01	5.884224e-03	30000571.000000	0.000000e+00
4.361296e+00	3.220027e+01	5.875465e-03	30035481.000000	0.000000e+00
4.363291e+00	3.217689e+01	5.867354e-03	30074845.000000	0.000000e+00
4.365286e+00	3.215514e+01	5.861956e-03	30089547.000000	0.000000e+00
4.367280e+00	3.212042e+01	5.852177e-03	30125041.000000	0.000000e+00
4.369275e+00	3.209941e+01	5.845862e-03	30150669.000000	0.000000e+00
4.371269e+00	3.207353e+01	5.840440e-03	30157987.000000	0.000000e+00
4.373264e+00	3.204625e+01	5.829877e-03	30215917.000000	0.000000e+00
4.375259e+00	3.202129e+01	5.825051e-03	30218865.000000	0.000000e+00
4.377253e+00	3.199709e+01	5.816254e-03	30264553.000000	0.000000e+00
4.379248e+00	3.196265e+01	5.807819e-03	30287211.000000	0.000000e+00
4.381243e+00	3.194452e+01	5.801945e-03	30314149.000000	0.000000e+00
4.383238e+00	3.192136e+01	5.794848e-03	30344413.000000	0.000000e+00
4.385232e+00	3.188232e+01	5.785504e-03	30368079.000000	0.000000e+00
4.387227e+00	3.186616e+01	5.778754e-03	30408229.000000	0.000000e+00
4.389222e+00	3.182521e+01	5.770802e-03	30413769.000000	0.000000e+00
4.391216e+00	3.181426e+01	5.765786e-03	30445753.000000	0.000000e+00
4.393210e+00	3.178422e+01	5.758525e-03	30464967.000000	0.000000e+00
4.395205e+00	3.176143e+01	5.749004e-03	30522133.000000	0.000000e+00
4.397200e+00	3.172043e+01	5.740821e-03	30530221.000000	0.000000e+00
4.399195e+00	3.170434e+01	5.734250e-03	30569211.000000	0.000000e+00
4.401189e+00	3.167324e+01	5.727571e-03	30580465.000000	0.000000e+00
4.403184e+00	3.164670e+01	5.719412e-03	30616389.000000	0.000000e+00
4.405178e+00	3.162634e+01	5.712717e-03	30648727.000000	0.000000e+00
4.407173e+00	3.160027e+01	5.705894e-03	30671433.000000	0.000000e+00
4.409168e+00	3.156794e+01	5.696770e-03	30706837.000000	0.000000e+00
4.411162e+00	3.153735e+01	5.689575e-03	30724921.000000	0.000000e+00
4.413157e+00	3.151888e+01	5.683797e-03	30751371.000000	0.000000e+00
4.415151e+00	3.149633e+01	5.676430e-03	30787141.000000	0.000000e+00
4.417146e+00	3.146142e+01	5.666736e-03	30824121.000000	0.000000e+00
4.419141e+00	3.144021e+01	5.662828e-03	30825067.000000	0.000000e+00
4.421136e+00	3.141576e+01	5.653433e-03	30879525.000000	0.000000e+00
4.423130e+00	3.139273e+01	5.648177e-03	30891685.000000	0.000000e+00
4.425125e+00	3.136918e+01	5.641904e-03	30913969.000000	0.000000e+00
4.427119e+00	3.134729e+01	5.633228e-03	30966003.000000	0.000000e+00
4.429114e+00	3.131077e+01	5.627270e-03	30959365.000000	0.000000e+00
4.431109e+00	3.128397e+01	5.615951e-03	31031097.000000	0.000000e+00
4.433104e+00	3.126469e+01	5.612687e-03	31028923.000000	0.000000e+00
4.435098e+00	3.123257e+01	5.603817e-03	31063297.000000	0.000000e+00
4.437093e+00	3.120590e+01	5.597345e-03	31082025.000000	0.000000e+00
4.439087e+00	3.117329e+01	5.587274e-03	31129009.000000	0.000000e+00
4.441082e+00	3.116762e+01	5.585832e-03	31133763.000000	0.000000e+00
4.443076e+00	3.112370e+01	5.574436e-03	31173133.000000	0.000000e+00
4.445071e+00	3.110446e+01	5.567498e-03	31212249.000000	0.000000e+00
4.447066e+00	3.108591e+01	5.561093e-03	31246891.000000	0.000000e+00
4.449061e+00	3.105528e+01	5.556346e-03	31238653.000000	0.000000e+00
4.451055e+00	3.102684e+01	5.545677e-03	31301565.000000	0.000000e+00
4.453050e+00	3.099950e+01	5.541359e-03	31295143.000000	0.000000e+00
4.455044e+00	3.098480e+01	5.533183e-03	31357917.000000	0.000000e+00
4.457039e+00	3.095324e+01	5.526605e-03	31368625.000000	0.000000e+00
4.459034e+00	3.093047e+01	5.519648e-03	31401489.000000	0.000000e+00
4.461029e+00	3.089876e+01	5.510666e-03	31439371.000000	0.000000e+00
4.463024e+00	3.087207e+01	5.505145e-03	31448065.000000	0.000000e+00
4.465018e+00	3.085188e+01	5.498678e-03	31480869.000000	0.000000e+00
4.467013e+00	3.083424e+01	5.492097e-03	31520287.000000	0.000000e+00
4.469008e+00	3.081015e+01	5.487416e-03	31524765.000000	0.000000e+00
4.471002e+00	3.077812e+01	5.476331e-03	31586737.000000	0.000000e+00
4.472997e+00	3.074989e+01	5.472598e-03	31571841.000000	0.000000e+00
4.474991e+00	3.072945e+01	5.463951e-03	31629763.000000	0.000000e+00
4.476985e+00	3.070293e+01	5.457773e-03	31646713.000000	0.000000e+00
4.478981e+00	3.067809e+01	5.448904e-03	31698477.000000	0.000000e+00
4.480975e+00	3.065716e+01	5.444899e-03	31701811.000000	0.000000e+00
4.482970e+00	3.063274e+01	5.436396e-03	31750425.000000	0.000000e+00
4.484965e+00	3.059939e+01	5.430085e-03	31755001.000000	0.000000e+00
4.486959e+00	3.057867e+01	5.423832e-03	31785187.000000	0.000000e+00
4.488954e+00	3.055527e+01	5.416323e-03	31824621.000000	0.000000e+00
4.490948e+00	3.052649e+01	5.408755e-03	31853641.000000	0.000000e+00
4.492943e+00	3.050816e+01	5.403697e-03	31874997.000000	0.000000e+00
4.494937e+00	3.047509e+01	5.396201e-03	31894351.000000	0.000000e+00
4.496932e+00	3.046311e+01	5.388540e-03	31959957.000000	0.000000e+00
4.498927e+00	3.042694e+01	5.382571e-03	31954873.000000	0.000000e+00
4.500922e+00	3.040248e+01	5.374508e-03	31999303.000000	0.000000e+00
4.502916e+00	3.037497e+01	5.368915e-03	32008005.000000	0.000000e+00
4.504911e+00	3.034171e+01	5.358612e-03	32060881.000000	0.000000e+00
4.506906e+00	3.033135e+01	5.356090e-03	32069169.000000	0.000000e+00
4.508901e+00	3.030985e+01	5.348151e-03	32118883.000000	0.000000e+00
4.510896e+00	3.028812e+01	5.343235e-03	32131869.000000	0.000000e+00
4.512890e+00	3.025226e+01	5.334739e-03	32158033.000000	0.000000e+00
4.514884e+00	3.022702e+01	5.328074e-03	32184751.000000	0.000000e+00
4.516879e+00	3.020138e+01	5.320390e-03	32223045.000000	0.000000e+00
4.518874e+00	3.019077e+01	5.317106e-03	32240209.000000	0.000000e+00
4.520868e+00	3.015169e+01	5.307778e-03	32269911.000000	0.000000e+00
4.522862e+00	3.013236e+01	5.301033e-03	32310613.000000	0.000000e+00
4.524857e+00	3.009980e+01	5.293087e-03	32337705.000000	0.000000e+00
4.526852e+00	3.008531e+01	5.289562e-03	32349649.000000	0.000000e+00
4.528846e+00	3.005168e+01	5.279998e-03	32394403.000000	0.000000e+00
4.530841e+00	3.004019e+01	5.275494e-03	32424945.000000	0.000000e+00
4.532836e+00	3.001914e+01	5.268874e-03	32460913.000000	0.000000e+00
4.534831e+00	2.998301e+01	5.261964e-03	32467935.000000	0.000000e+00
4.536826e+00	2.995555e+01	5.254726e-03	32497837.000000	0.000000e+00
4.538820e+00	2.994517e+01	5.249688e-03	32537665.000000	0.000000e+00
4.540815e+00	2.991118e+01	5.241762e-03	32562117.000000	0.000000e+00
4.542809e+00	2.988696e+01	5.235949e-03	32581603.000000	0.000000e+00
4.544804e+00	2.987511e+01	5.230747e-03	32620569.000000	0.000000e+00
4.546798e+00	2.984569e+01	5.223589e-03	32645653.000000	0.000000e+00
4.548793e+00	2.981392e+01	5.215210e-03	32680947.000000	0.000000e+00
4.550788e+00	2.979466e+01	5.210423e-03	32698729.000000	0.000000e+00
4.552782e+00	2.977131e+01	5.203873e-03	32729737.000000	0.000000e+00
4.554777e+00	2.974756e+01	5.196984e-03	32764233.000000	0.000000e+00
4.556772e+00	2.971994e+01	5.189537e-03	32797339.000000	0.000000e+00
4.558767e+00	2.969895e+01	5.183759e-03	32824077.000000	0.000000e+00
4.560761e+00	2.968398e+01	5.179334e-03	32847061.000000	0.000000e+00
4.562756e+00	2.964628e+01	5.170301e-03	32878251.000000	0.000000e+00
4.564750e+00	2.961782e+01	5.163639e-03	32899885.000000	0.000000e+00
4.566745e+00	2.959596e+01	5.156417e-03	32943421.000000	0.000000e+00
4.568740e+00	2.957739e+01	5.152752e-03	32948931.000000	0.000000e+00
4.570734e+00	2.955874e+01	5.145747e-03	32997049.000000	0.000000e+00
4.572729e+00	2.953364e+01	5.138816e-03	33029949.000000	0.000000e+00
4.574724e+00	2.952302e+01	5.135200e-03	33052681.000000	0.000000e+00
4.576718e+00	2.947854e+01	5.127134e-03	33056935.000000	0.000000e+00
4.578712e+00	2.947367e+01	5.122310e-03	33108297.000000	0.000000e+00
4.580708e+00	2.943158e+01	5.111320e-03	33155917.000000	0.000000e+00
4.582703e+00	2.941967e+01	5.108346e-03	33167667.000000	0.000000e+00
4.584697e+00	2.940413e+01	5.104627e-03	33180949.000000	0.000000e+00
4.586691e+00	2.936803e+01	5.095471e-03	33218577.000000	0.000000e+00
4.588686e+00	2.934215e+01	5.088777e-03	33247345.000000	0.000000e+00
4.590681e+00	2.932465e+01	5.081235e-03	33306355.000000	0.000000e+00
4.592676e+00	2.930385e+01	5.078138e-03	33299697.000000	0.000000e+00
4.594671e+00	2.927909e+01	5.070040e-03	33349741.000000	0.000000e+00
4.596665e+00	2.925071e+01	5.064589e-03	33356799.000000	0.000000e+00
4.598660e+00	2.922500e+01	5.056983e-03	33398437.000000	0.000000e+00
4.600655e+00	2.920393e+01	5.050835e-03	33431529.000000	0.000000e+00
4.602649e+00	2.918749e+01	5.047188e-03	33442171.000000	0.000000e+00
4.604644e+00	2.915528e+01	5.038354e-03	33485521.000000	0.000000e+00
4.606638e+00	2.912421e+01	5.031740e-03	33502089.000000	0.000000e+00
4.608632e+00	2.910989e+01	5.025959e-03	33546193.000000	0.000000e+00
4.610627e+00	2.909016e+01	5.020335e-03	33575835.000000	0.000000e+00
4.612622e+00	2.906915e+01	5.015607e-03	33590593.000000	0.000000e+00
4.614616e+00	2.903708e+01	5.006609e-03	33637101.000000	0.000000e+00
4.616611e+00	2.902004e+01	5.001728e-03	33663235.000000	0.000000e+00
4.618606e+00	2.898570e+01	4.995014e-03	33673945.000000	0.000000e+00
4.620601e+00	2.897936e+01	4.989836e-03	33729129.000000	0.000000e+00
4.622596e+00	2.894827e+01	4.983284e-03	33745345.000000	0.000000e+00
4.624590e+00	2.893227e+01	4.979125e-03	33764379.000000	0.000000e+00
4.626585e+00	2.890456e+01	4.970839e-03	33812185.000000	0.000000e+00
4.628580e+00	2.888647e+01	4.966060e-03	33834901.000000	0.000000e+00
4.630574e+00	2.886341e+01	4.960578e-03	33855615.000000	0.000000e+00
4.632569e+00	2.883639e+01	4.953564e-03	33888013.000000	0.000000e+00
4.634563e+00	2.881614e+01	4.949156e-03	33900765.000000	0.000000e+00
4.636557e+00	2.879516e+01	4.941809e-03	33952141.000000	0.000000e+00
4.638552e+00	2.877364e+01	4.934746e-03	33998511.000000	0.000000e+00
4.640547e+00	2.874424e+01	4.928662e-03	34012897.000000	0.000000e+00
4.642542e+00	2.872283e+01	4.923981e-03	34026865.000000	0.000000e+00
4.644536e+00	2.869913e+01	4.917754e-03	34056807.000000	0.000000e+00
4.646530e+00	2.867985e+01	4.912475e-03	34084201.000000	0.000000e+00
4.648525e+00	2.865309e+01	4.903687e-03	34142673.000000	0.000000e+00
4.650520e+00	2.863016e+01	4.899169e-03	34150939.000000	0.000000e+00
4.652515e+00	2.859994e+01	4.890881e-03	34194489.000000	0.000000e+00
4.654510e+00	2.858149e+01	4.887039e-03	34204093.000000	0.000000e+00
4.656504e+00	2.855994e+01	4.879724e-03	34255021.000000	0.000000e+00
4.658499e+00	2.855004e+01	4.877812e-03	34258119.000000	0.000000e+00
4.660493e+00	2.852271e+01	4.870539e-03	34294729.000000	0.000000e+00
4.662488e+00	2.849225e+01	4.862077e-03	34340757.000000	0.000000e+00
4.664483e+00	2.847191e+01	4.857713e-03	34353391.000000	0.000000e+00
4.666477e+00	2.844905e+01	4.851202e-03	34390365.000000	0.000000e+00
4.668472e+00	2.842601e+01	4.845890e-03	34410001.000000	0.000000e+00
4.670466e+00	2.842019e+01	4.842172e-03	34448761.000000	0.000000e+00
4.672461e+00	2.838026e+01	4.833939e-03	34469151.000000	0.000000e+00
4.674456e+00	2.836229e+01	4.826122e-03	34537117.000000	0.000000e+00
4.676451e+00	2.833370e+01	4.823105e-03	34510641.000000	0.000000e+00
4.678445e+00	2.831613e+01	4.815364e-03	34578787.000000	0.000000e+00
4.680440e+00	2.828651e+01	4.810091e-03	34582165.000000	0.000000e+00
4.682434e+00	2.827052e+01	4.803690e-03	34635189.000000	0.000000e+00
4.684429e+00	2.825224e+01	4.799519e-03	34650571.000000	0.000000e+00
4.686424e+00	2.822362e+01	4.792463e-03	34682301.000000	0.000000e+00
4.688418e+00	2.820364e+01	4.787301e-03	34707949.000000	0.000000e+00
4.690413e+00	2.818026e+01	4.779909e-03	34757685.000000	0.000000e+00
4.692408e+00	2.816062e+01	4.776939e-03	34752403.000000	0.000000e+00
4.694402e+00	2.813509e+01	4.768303e-03	34815205.000000	0.000000e+00
4.696397e+00	2.811671e+01	4.764736e-03	34821825.000000	0.000000e+00
4.698392e+00	2.810152e+01	4.757920e-03	34883911.000000	0.000000e+00
4.700387e+00	2.808293e+01	4.755532e-03	34872777.000000	0.000000e+00
4.702381e+00	2.806440e+01	4.748966e-03	34923145.000000	0.000000e+00
4.704376e+00	2.802105e+01	4.739688e-03	34951785.000000	0.000000e+00
4.706370e+00	2.801314e+01	4.736612e-03	34977439.000000	0.000000e+00
4.708365e+00	2.798481e+01	4.730644e-03	34994845.000000	0.000000e+00
4.710360e+00	2.796873e+01	4.723456e-03	35061117.000000	0.000000e+00
4.712355e+00	2.794063e+01	4.718398e-03	35065759.000000	0.000000e+00
4.714349e+00	2.792258e+01	4.712951e-03	35101473.000000	0.000000e+00
4.716344e+00	2.789814e+01	4.708364e-03	35108353.000000	0.000000e+00
4.718338e+00	2.786911e+01	4.699378e-03	35169433.000000	0.000000e+00
4.720333e+00	2.784932e+01	4.694881e-03	35186823.000000	0.000000e+00
4.722328e+00	2.783747e+01	4.690959e-03	35215681.000000	0.000000e+00
4.724322e+00	2.780491e+01	4.683321e-03	35248065.000000	0.000000e+00
4.726317e+00	2.777952e+01	4.677714e-03	35268091.000000	0.000000e+00
4.728311e+00	2.776670e+01	4.672271e-03	35317713.000000	0.000000e+00
4.730307e+00	2.774785e+01	4.667810e-03	35337217.000000	0.000000e+00
4.732301e+00	2.772153e+01	4.662156e-03	35355799.000000	0.000000e+00
4.734295e+00	2.769540e+01	4.655119e-03	35395953.000000	0.000000e+00
4.736290e+00	2.768451e+01	4.650219e-03	35442697.000000	0.000000e+00
4.738285e+00	2.765351e+01	4.645227e-03	35439417.000000	0.000000e+00
4.740280e+00	2.762830e+01	4.637209e-03	35497279.000000	0.000000e+00
4.742274e+00	2.761652e+01	4.634685e-03	35505657.000000	0.000000e+00
4.744269e+00	2.759440e+01	4.628101e-03	35549737.000000	0.000000e+00
4.746264e+00	2.757590e+01	4.623236e-03	35576839.000000	0.000000e+00
4.748258e+00	2.755078e+01	4.618421e-03	35586141.000000	0.000000e+00
4.750252e+00	2.753610e+01	4.612507e-03	35639425.000000	0.000000e+00
4.752247e+00	2.751601e+01	4.607834e-03	35659677.000000	0.000000e+00
4.754242e+00	2.748770e+01	4.599759e-03	35711371.000000	0.000000e+00
4.756236e+00	2.746963e+01	4.597169e-03	35704629.000000	0.000000e+00
4.758231e+00	2.744943e+01	4.589961e-03	35764201.000000	0.000000e+00
4.760226e+00	2.742205e+01	4.583548e-03	35792851.000000	0.000000e+00
4.762220e+00	2.740761e+01	4.580851e-03	35797281.000000	0.000000e+00
4.764215e+00	2.738447e+01	4.573459e-03	35852473.000000	0.000000e+00
4.766209e+00	2.737258e+01	4.570588e-03	35866347.000000	0.000000e+00
4.768204e+00	2.733932e+01	4.562088e-03	35912701.000000	0.000000e+00
4.770199e+00	2.730372e+01	4.554478e-03	35939041.000000	0.000000e+00
4.772194e+00	2.729497e+01	4.551508e-03	35962881.000000	0.000000e+00
4.774189e+00	2.726999e+01	4.545022e-03	35999635.000000	0.000000e+00
4.776183e+00	2.724280e+01	4.539036e-03	36022701.000000	0.000000e+00
4.778178e+00	2.723056e+01	4.535180e-03	36051577.000000	0.000000e+00
4.780172e+00	2.721097e+01	4.530460e-03	36074751.000000	0.000000e+00
4.782167e+00	2.719665e+01	4.525155e-03	36121345.000000	0.000000e+00
4.784162e+00	2.717340e+01	4.519491e-03	36150049.000000	0.000000e+00
4.786157e+00	2.715142e+01	4.512978e-03	36195825.000000	0.000000e+00
4.788152e+00	2.713276e+01	4.510094e-03	36192343.000000	0.000000e+00
4.790146e+00	2.711540e+01	4.505767e-03	36215505.000000	0.000000e+00
4.792140e+00	2.709078e+01	4.497947e-03	36275569.000000	0.000000e+00
4.794135e+00	2.705876e+01	4.490968e-03	36302463.000000	0.000000e+00
4.796130e+00	2.704177e+01	4.486926e-03	36322225.000000	0.000000e+00
4.798124e+00	2.701816e+01	4.480934e-03	36355849.000000	0.000000e+00
4.800118e+00	2.699888e+01	4.476815e-03	36370839.000000	0.000000e+00
4.802113e+00	2.698132e+01	4.469648e-03	36440113.000000	0.000000e+00
4.804108e+00	2.695966e+01	4.465736e-03	36445401.000000	0.000000e+00
4.806103e+00	2.694555e+01	4.462345e-03	36462625.000000	0.000000e+00
4.808097e+00	2.691820e+01	4.454736e-03	36513063.000000	0.000000e+00
4.810092e+00	2.689383e+01	4.448762e-03	36544897.000000	0.000000e+00
4.812087e+00	2.687604e+01	4.444512e-03	36566425.000000	0.000000e+00
4.814081e+00	2.685664e+01	4.439255e-03	36600171.000000	0.000000e+00
4.816076e+00	2.683782e+01	4.434039e-03	36634945.000000	0.000000e+00
4.818071e+00	2.682002e+01	4.429846e-03	36655653.000000	0.000000e+00
4.820065e+00	2.680201e+01	4.425147e-03	36684217.000000	0.000000e+00
4.822060e+00	2.677290e+01	4.417892e-03	36724891.000000	0.000000e+00
4.824055e+00	2.675268e+01	4.413503e-03	36742413.000000	0.000000e+00
4.826049e+00	2.673642e+01	4.407701e-03	36794437.000000	0.000000e+00
4.828044e+00	2.671730e+01	4.403820e-03	36806619.000000	0.000000e+00
4.830039e+00	2.668852e+01	4.397267e-03	36836917.000000	0.000000e+00
4.832033e+00	2.667182e+01	4.392246e-03	36874989.000000	0.000000e+00
4.834028e+00	2.665128e+01	4.387494e-03	36898033.000000	0.000000e+00
4.836023e+00	2.663054e+01	4.381483e-03	36941767.000000	0.000000e+00
4.838017e+00	2.661438e+01	4.378526e-03	36946797.000000	0.000000e+00
4.840011e+00	2.659324e+01	4.372394e-03	36991669.000000	0.000000e+00
4.842006e+00	2.657784e+01	4.367657e-03	37029015.000000	0.000000e+00
4.844001e+00	2.655294e+01	4.361484e-03	37064377.000000	0.000000e+00
4.845996e+00	2.652763e+01	4.356100e-03	37085241.000000	0.000000e+00
4.847991e+00	2.651017e+01	4.351233e-03	37119343.000000	0.000000e+00
4.849985e+00	2.649208e+01	4.346921e-03	37142269.000000	0.000000e+00
4.851980e+00	2.647377e+01	4.341696e-03	37180293.000000	0.000000e+00
4.853975e+00	2.644950e+01	4.336123e-03	37207621.000000	0.000000e+00
4.855969e+00	2.643879e+01	4.332548e-03	37238859.000000	0.000000e+00
4.857964e+00	2.640627e+01	4.326226e-03	37255945.000000	0.000000e+00
4.859958e+00	2.638713e+01	4.319815e-03	37312461.000000	0.000000e+00
4.861953e+00	2.636473e+01	4.315550e-03	37322815.000000	0.000000e+00
4.863947e+00	2.634844e+01	4.310938e-03	37356505.000000	0.000000e+00
4.865942e+00	2.633168e+01	4.305636e-03	37400949.000000	0.000000e+00
4.867937e+00	2.630383e+01	4.300277e-03	37414945.000000	0.000000e+00
4.869931e+00	2.629430e+01	4.296239e-03	37458147.000000	0.000000e+00
4.871926e+00	2.626827e+01	4.291011e-03	37475161.000000	0.000000e+00
4.873921e+00	2.624545e+01	4.284490e-03	37524037.000000	0.000000e+00
4.875915e+00	2.622764e+01	4.280775e-03	37538223.000000	0.000000e+00
4.877910e+00	2.621025e+01	4.276177e-03	37569121.000000	0.000000e+00
4.879905e+00	2.619213e+01	4.270059e-03	37624761.000000	0.000000e+00
4.881900e+00	2.616658e+01	4.265558e-03	37630687.000000	0.000000e+00
4.883894e+00	2.614918e+01	4.260766e-03	37665261.000000	0.000000e+00
4.885889e+00	2.612391e+01	4.254200e-03	37708609.000000	0.000000e+00
4.887884e+00	2.610842e+01	4.251153e-03	37717921.000000	0.000000e+00
4.889878e+00	2.609062e+01	4.246442e-03	37750119.000000	0.000000e+00
4.891872e+00	2.607405e+01	4.242024e-03	37780777.000000	0.000000e+00
4.893866e+00	2.605455e+01	4.235747e-03	37836153.000000	0.000000e+00
4.895862e+00	2.602427e+01	4.229141e-03	37866307.000000	0.000000e+00
4.897857e+00	2.600994e+01	4.226413e-03	37873437.000000	0.000000e+00
4.899851e+00	2.599189e+01	4.221017e-03	37917661.000000	0.000000e+00
4.901846e+00	2.596817e+01	4.215465e-03	37948249.000000	0.000000e+00
4.903840e+00	2.595919e+01	4.212716e-03	37971507.000000	0.000000e+00
4.905835e+00	2.593016e+01	4.205431e-03	38018017.000000	0.000000e+00
4.907830e+00	2.591407e+01	4.203144e-03	38012181.000000	0.000000e+00
4.909825e+00	2.589129e+01	4.194094e-03	38109295.000000	0.000000e+00
4.911820e+00	2.586726e+01	4.191840e-03	38079517.000000	0.000000e+00
4.913814e+00	2.585002e+01	4.186333e-03	38128905.000000	0.000000e+00
4.915808e+00	2.583998e+01	4.183194e-03	38156461.000000	0.000000e+00
4.917803e+00	2.581303e+01	4.176088e-03	38206635.000000	0.000000e+00
4.919798e+00	2.579276e+01	4.172562e-03	38211133.000000	0.000000e+00
4.921793e+00	2.577458e+01	4.166324e-03	38271657.000000	0.000000e+00
4.923787e+00	2.575431e+01	4.163113e-03	38270431.000000	0.000000e+00
4.925781e+00	2.572759e+01	4.156859e-03	38306077.000000	0.000000e+00
4.927776e+00	2.572212e+01	4.152776e-03	38365113.000000	0.000000e+00
4.929771e+00	2.569251e+01	4.147366e-03	38376751.000000	0.000000e+00
4.931766e+00	2.568871e+01	4.145154e-03	38406381.000000	0.000000e+00
4.933760e+00	2.565791e+01	4.139310e-03	38422597.000000	0.000000e+00
4.935754e+00	2.563815e+01	4.132395e-03	38491929.000000	0.000000e+00
4.937750e+00	2.562548e+01	4.129627e-03	38505475.000000	0.000000e+00
4.939744e+00	2.560264e+01	4.124891e-03	38525185.000000	0.000000e+00
4.941739e+00	2.558225e+01	4.118705e-03	38579445.000000	0.000000e+00
4.943734e+00	2.556154e+01	4.114702e-03	38591995.000000	0.000000e+00
4.945728e+00	2.553932e+01	4.109305e-03	38626197.000000	0.000000e+00
4.947723e+00	2.552228e+01	4.104364e-03	38667613.000000	0.000000e+00
4.949718e+00	2.549533e+01	4.099668e-03	38674437.000000	0.000000e+00
4.951712e+00	2.548650e+01	4.095438e-03	38727523.000000	0.000000e+00
4.953707e+00	2.546452e+01	4.090734e-03	38749717.000000	0.000000e+00
4.955702e+00	2.544860e+01	4.085897e-03	38792973.000000	0.000000e+00
4.957696e+00	2.542329e+01	4.081518e-03	38798959.000000	0.000000e+00
4.959691e+00	2.540556e+01	4.075113e-03	38866761.000000	0.000000e+00
4.961686e+00	2.538758e+01	4.071947e-03	38872129.000000	0.000000e+00
4.963680e+00	2.537299e+01	4.067968e-03	38903455.000000	0.000000e+00
4.965675e+00	2.535489e+01	4.062777e-03	38947305.000000	0.000000e+00
4.967670e+00	2.533637e+01	4.058409e-03	38974213.000000	0.000000e+00
4.969665e+00	2.531776e+01	4.054087e-03	38999973.000000	0.000000e+00
4.971659e+00	2.530099e+01	4.050076e-03	39025519.000000	0.000000e+00
4.973653e+00	2.527084e+01	4.044363e-03	39042609.000000	0.000000e+00
4.975647e+00	2.526242e+01	4.039118e-03	39118033.000000	0.000000e+00
4.977642e+00	2.523690e+01	4.036030e-03	39098803.000000	0.000000e+00
4.979636e+00	2.522403e+01	4.029303e-03	39189441.000000	0.000000e+00
4.981632e+00	2.520044e+01	4.026023e-03	39179917.000000	0.000000e+00
4.983626e+00	2.519056e+01	4.021843e-03	39230637.000000	0.000000e+00
4.985621e+00	2.516408e+01	4.015615e-03	39269731.000000	0.000000e+00
4.987616e+00	2.513689e+01	4.011432e-03	39266685.000000	0.000000e+00
4.989610e+00	2.512961e+01	4.007817e-03	39314773.000000	0.000000e+00
4.991605e+00	2.510714e+01	4.002187e-03	39354979.000000	0.000000e+00
4.993600e+00	2.509046e+01	3.998287e-03	39379425.000000	0.000000e+00
4.995594e+00	2.507001e+01	3.994095e-03	39397825.000000	0.000000e+00
4.997589e+00	2.505328e+01	3.989024e-03	39445359.000000	0.000000e+00
4.999583e+00	2.502983e+01	3.983922e-03	39472441.000000	0.000000e+00
5.001578e+00	2.501391e+01	3.980562e-03	39488853.000000	0.000000e+00
5.003572e+00	2.499872e+01	3.974562e-03	39560077.000000	0.000000e+00
5.005567e+00	2.496944e+01	3.970063e-03	39556951.000000	0.000000e+00
5.007562e+00	2.496610e+01	3.967327e-03	39600945.000000	0.000000e+00
5.009557e+00	2.493570e+01	3.960518e-03	39640489.000000	0.000000e+00
5.011552e+00	2.492112e+01	3.957004e-03	39664503.000000	0.000000e+00
5.013546e+00	2.490686e+01	3.953309e-03	39693229.000000	0.000000e+00
5.015541e+00	2.488179e+01	3.948010e-03	39719761.000000	0.000000e+00
5.017536e+00	2.486445e+01	3.942474e-03	39775905.000000	0.000000e+00
5.019531e+00	2.484468e+01	3.938780e-03	39787207.000000	0.000000e+00
5.021525e+00	2.483461e+01	3.936262e-03	39805809.000000	0.000000e+00
5.023519e+00	2.480872e+01	3.930301e-03	39843469.000000	0.000000e+00
5.025514e+00	2.479394e+01	3.925341e-03	39896643.000000	0.000000e+00
5.027509e+00	2.477639e+01	3.921576e-03	39916705.000000	0.000000e+00
5.029504e+00	2.474899e+01	3.914771e-03	39967081.000000	0.000000e+00
5.031499e+00	2.473266e+01	3.912564e-03	39959361.000000	0.000000e+00
5.033493e+00	2.471613e+01	3.907265e-03	40014295.000000	0.000000e+00
5.035487e+00	2.470346e+01	3.904040e-03	40039341.000000	0.000000e+00
5.037482e+00	2.467169e+01	3.897511e-03	40070341.000000	0.000000e+00
5.039476e+00	2.465678e+01	3.893458e-03	40105287.000000	0.000000e+00
5.041471e+00	2.464549e+01	3.889900e-03	40141909.000000	0.000000e+00
5.043466e+00	2.462536e+01	3.885142e-03	40174597.000000	0.000000e+00
5.045460e+00	2.461237e+01	3.882571e-03	40185363.000000	0.000000e+00
5.047455e+00	2.458458e+01	3.874957e-03	40252405.000000	0.000000e+00
5.049450e+00	2.457698e+01	3.873767e-03	40252245.000000	0.000000e+00
5.051445e+00	2.455473e+01	3.867817e-03	40303129.000000	0.000000e+00
5.053439e+00	2.453909e+01	3.864195e-03	40327275.000000	0.000000e+00
5.055433e+00	2.452243e+01	3.860833e-03	40342693.000000	0.000000e+00
5.057428e+00	2.450227e+01	3.854749e-03	40403641.000000	0.000000e+00
5.059423e+00	2.447966e+01	3.850107e-03	40426395.000000	0.000000e+00
5.061417e+00	2.446207e+01	3.846390e-03	40446409.000000	0.000000e+00
5.063412e+00	2.444220e+01	3.840649e-03	40501509.000000	0.000000e+00
5.065407e+00	2.443095e+01	3.838569e-03	40508113.000000	0.000000e+00
5.067402e+00	2.440824e+01	3.832331e-03	40564579.000000	0.000000e+00
5.069396e+00	2.439353e+01	3.829338e-03	40579065.000000	0.000000e+00
5.071391e+00	2.437979e+01	3.825267e-03	40619677.000000	0.000000e+00
5.073386e+00	2.435279e+01	3.820161e-03	40638171.000000	0.000000e+00
5.075380e+00	2.433999e+01	3.815903e-03	40686121.000000	0.000000e+00
5.077375e+00	2.432317e+01	3.811936e-03	40714485.000000	0.000000e+00
5.079370e+00	2.429796e+01	3.806623e-03	40743631.000000	0.000000e+00
5.081364e+00	2.428177e+01	3.803011e-03	40766701.000000	0.000000e+00
5.083358e+00	2.426875e+01	3.799785e-03	40792161.000000	0.000000e+00
5.085353e+00	2.425670e+01	3.794659e-03	40861849.000000	0.000000e+00
5.087348e+00	2.423391e+01	3.791158e-03	40860459.000000	0.000000e+00
5.089342e+00	2.421137e+01	3.785939e-03	40896997.000000	0.000000e+00
5.091337e+00	2.419500e+01	3.780677e-03	40955469.000000	0.000000e+00
5.093332e+00	2.418034e+01	3.778536e-03	40952251.000000	0.000000e+00
5.095326e+00	2.415963e+01	3.773216e-03	40997473.000000	0.000000e+00
5.097321e+00	2.414382e+01	3.769250e-03	41030049.000000	0.000000e+00
5.099316e+00	2.412943e+01	3.764492e-03	41084809.000000	0.000000e+00
5.101311e+00	2.410763e+01	3.761301e-03	41080239.000000	0.000000e+00
5.103305e+00	2.409145e+01	3.756285e-03	41134729.000000	0.000000e+00
5.105300e+00	2.407532e+01	3.752403e-03	41164741.000000	0.000000e+00
5.107294e+00	2.405923e+01	3.749400e-03	41175591.000000	0.000000e+00
5.109289e+00	2.403962e+01	3.743281e-03	41243005.000000	0.000000e+00
5.111283e+00	2.401506e+01	3.739791e-03	41235645.000000	0.000000e+00
5.113278e+00	2.400392e+01	3.735509e-03	41291905.000000	0.000000e+00
5.115273e+00	2.398999e+01	3.731016e-03	41343363.000000	0.000000e+00
5.117267e+00	2.396935e+01	3.728458e-03	41328913.000000	0.000000e+00
5.119262e+00	2.394814e+01	3.722184e-03	41395009.000000	0.000000e+00
5.121257e+00	2.393617e+01	3.719226e-03	41419419.000000	0.000000e+00
5.123252e+00	2.390441e+01	3.712422e-03	41461141.000000	0.000000e+00
5.125246e+00	2.389910e+01	3.711226e-03	41469441.000000	0.000000e+00
5.127241e+00	2.387300e+01	3.704405e-03	41531443.000000	0.000000e+00
5.129236e+00	2.386081e+01	3.702353e-03	41535045.000000	0.000000e+00
5.131230e+00	2.384917e+01	3.698465e-03	41581837.000000	0.000000e+00
5.133225e+00	2.383619e+01	3.695539e-03	41602381.000000	0.000000e+00
5.135219e+00	2.381682e+01	3.690220e-03	41654607.000000	0.000000e+00
5.137214e+00	2.379650e+01	3.686269e-03	41672737.000000	0.000000e+00
5.139209e+00	2.378099e+01	3.681851e-03	41718393.000000	0.000000e+00
5.141203e+00	2.375367e+01	3.676788e-03	41737279.000000	0.000000e+00
5.143198e+00	2.374464e+01	3.673758e-03	41774373.000000	0.000000e+00
5.145193e+00	2.372906e+01	3.669429e-03	41818081.000000	0.000000e+00
5.147187e+00	2.370926e+01	3.666526e-03	41814433.000000	0.000000e+00
5.149182e+00	2.369091e+01	3.660393e-03	41889783.000000	0.000000e+00
5.151177e+00	2.367499e+01	3.657097e-03	41908945.000000	0.000000e+00
5.153172e+00	2.365758e+01	3.653230e-03	41935953.000000	0.000000e+00
5.155166e+00	2.363882e+01	3.649051e-03	41965447.000000	0.000000e+00
5.157161e+00	2.362291e+01	3.645779e-03	41984233.000000	0.000000e+00
5.159155e+00	2.360215e+01	3.639699e-03	42050613.000000	0.000000e+00
5.161150e+00	2.358710e+01	3.637218e-03	42054307.000000	0.000000e+00
5.163145e+00	2.356683e+01	3.631730e-03	42109017.000000	0.000000e+00
5.165139e+00	2.355258e+01	3.629786e-03	42103165.000000	0.000000e+00
5.167134e+00	2.353733e+01	3.623684e-03	42190413.000000	0.000000e+00
5.169129e+00	2.351954e+01	3.620849e-03	42192655.000000	0.000000e+00
5.171124e+00	2.349823e+01	3.615678e-03	42236773.000000	0.000000e+00
5.173118e+00	2.348492e+01	3.613465e-03	42240633.000000	0.000000e+00
5.175113e+00	2.346921e+01	3.607474e-03	42324355.000000	0.000000e+00
5.177108e+00	2.344767e+01	3.604495e-03	42316557.000000	0.000000e+00
5.179102e+00	2.343438e+01	3.600853e-03	42354169.000000	0.000000e+00
5.181097e+00	2.341376e+01	3.595716e-03	42400557.000000	0.000000e+00
5.183092e+00	2.339913e+01	3.592365e-03	42426643.000000	0.000000e+00
5.185086e+00	2.338264e+01	3.589198e-03	42441637.000000	0.000000e+00
5.187081e+00	2.336243e+01	3.583785e-03	42496401.000000	0.000000e+00
5.189075e+00	2.334616e+01	3.581095e-03	42501007.000000	0.000000e+00
5.191069e+00	2.333366e+01	3.576191e-03	42572013.000000	0.000000e+00
5.193065e+00	2.331175e+01	3.571873e-03	42594901.000000	0.000000e+00
5.195059e+00	2.329767e+01	3.569274e-03	42605475.000000	0.000000e+00
5.197053e+00	2.328344e+01	3.565422e-03	42645433.000000	0.000000e+00
5.199048e+00	2.325703e+01	3.558650e-03	42710833.000000	0.000000e+00
5.201043e+00	2.325590e+01	3.558724e-03	42704901.000000	0.000000e+00
5.203037e+00	2.322700e+01	3.552294e-03	42753175.000000	0.000000e+00
5.205032e+00	2.320918e+01	3.548826e-03	42771069.000000	0.000000e+00
5.207027e+00	2.318975e+01	3.542813e-03	42844561.000000	0.000000e+00
5.209022e+00	2.318185e+01	3.541840e-03	42838891.000000	0.000000e+00
5.211017e+00	2.316934e+01	3.537635e-03	42894477.000000	0.000000e+00
5.213011e+00	2.315109e+01	3.534912e-03	42892921.000000	0.000000e+00
5.215005e+00	2.312478e+01	3.528311e-03	42955785.000000	0.000000e+00
5.217000e+00	2.312314e+01	3.526936e-03	42983191.000000	0.000000e+00
5.218995e+00	2.309666e+01	3.521376e-03	43020297.000000	0.000000e+00
5.220989e+00	2.307931e+01	3.518135e-03	43034905.000000	0.000000e+00
5.222984e+00	2.306309e+01	3.513635e-03	43084579.000000	0.000000e+00
5.224979e+00	2.305172e+01	3.510306e-03	43123773.000000	0.000000e+00
5.226974e+00	2.302346e+01	3.505344e-03	43139953.000000	0.000000e+00
5.228968e+00	2.301769e+01	3.503130e-03	43172865.000000	0.000000e+00
5.230962e+00	2.299514e+01	3.498253e-03	43208539.000000	0.000000e+00
5.232958e+00	2.297368e+01	3.492560e-03	43268637.000000	0.000000e+00
5.234952e+00	2.296675e+01	3.492635e-03	43240717.000000	0.000000e+00
5.236946e+00	2.294063e+01	3.484933e-03	43333303.000000	0.000000e+00
5.238941e+00	2.293636e+01	3.484236e-03	43334493.000000	0.000000e+00
5.240936e+00	2.291550e+01	3.479458e-03	43374613.000000	0.000000e+00
5.242930e+00	2.289771e+01	3.475028e-03	43417767.000000	0.000000e+00
5.244925e+00	2.288832e+01	3.472560e-03	43443829.000000	0.000000e+00
5.246920e+00	2.286508e+01	3.468077e-03	43467813.000000	0.000000e+00
5.248914e+00	2.285145e+01	3.464744e-03	43499605.000000	0.000000e+00
5.250909e+00	2.283121e+01	3.458974e-03	43567555.000000	0.000000e+00
5.252904e+00	2.282063e+01	3.457224e-03	43571277.000000	0.000000e+00
5.254898e+00	2.279930e+01	3.453089e-03	43594069.000000	0.000000e+00
5.256893e+00	2.278576e+01	3.448723e-03	43652643.000000	0.000000e+00
5.258888e+00	2.277296e+01	3.445743e-03	43679029.000000	0.000000e+00
5.260883e+00	2.275212e+01	3.441480e-03	43707253.000000	0.000000e+00
5.262877e+00	2.273396e+01	3.437724e-03	43732893.000000	0.000000e+00
5.264872e+00	2.272039e+01	3.433872e-03	43778767.000000	0.000000e+00
5.266866e+00	2.269831e+01	3.429693e-03	43800261.000000	0.000000e+00
5.268861e+00	2.268125e+01	3.425258e-03	43847785.000000	0.000000e+00
5.270856e+00	2.266751e+01	3.422409e-03	43867575.000000	0.000000e+00
5.272850e+00	2.265352e+01	3.419172e-03	43896445.000000	0.000000e+00
5.274845e+00	2.264160e+01	3.415136e-03	43953985.000000	0.000000e+00
5.276840e+00	2.262396e+01	3.411984e-03	43966623.000000	0.000000e+00
5.278834e+00	2.260874e+01	3.408008e-03	44010025.000000	0.000000e+00
5.280829e+00	2.258908e+01	3.403302e-03	44055093.000000	0.000000e+00
5.282824e+00	2.257384e+01	3.401090e-03	44052913.000000	0.000000e+00
5.284818e+00	2.256150e+01	3.397516e-03	44097411.000000	0.000000e+00
5.286813e+00	2.254212e+01	3.392225e-03	44159077.000000	0.000000e+00
5.288808e+00	2.252564e+01	3.389285e-03	44171089.000000	0.000000e+00
5.290802e+00	2.251241e+01	3.386154e-03	44200851.000000	0.000000e+00
5.292797e+00	2.248840e+01	3.381140e-03	44237533.000000	0.000000e+00
5.294791e+00	2.247915e+01	3.378654e-03	44266233.000000	0.000000e+00
5.296786e+00	2.246129e+01	3.374168e-03	44313505.000000	0.000000e+00
5.298781e+00	2.244880e+01	3.371663e-03	44330011.000000	0.000000e+00
5.300775e+00	2.243414e+01	3.367597e-03	44379129.000000	0.000000e+00
5.302770e+00	2.241472e+01	3.363380e-03	44413489.000000	0.000000e+00
5.304765e+00	2.239792e+01	3.359699e-03	44444151.000000	0.000000e+00
5.306759e+00	2.238242e+01	3.356833e-03	44458501.000000	0.000000e+00
5.308754e+00	2.236598e+01	3.352454e-03	44509245.000000	0.000000e+00
5.310749e+00	2.235596e+01	3.349682e-03	44543005.000000	0.000000e+00
5.312743e+00	2.233595e+01	3.345548e-03	44573275.000000	0.000000e+00
5.314738e+00	2.232159e+01	3.342106e-03	44607705.000000	0.000000e+00
5.316733e+00	2.229857e+01	3.337335e-03	44643133.000000	0.000000e+00
5.318727e+00	2.228586e+01	3.335133e-03	44651139.000000	0.000000e+00
5.320721e+00	2.227259e+01	3.330686e-03	44717125.000000	0.000000e+00
5.322716e+00	2.226296e+01	3.328478e-03	44737773.000000	0.000000e+00
5.324711e+00	2.224799e+01	3.324535e-03	44783683.000000	0.000000e+00
5.326706e+00	2.222923e+01	3.320542e-03	44815777.000000	0.000000e+00
5.328700e+00	2.220463e+01	3.316804e-03	44817477.000000	0.000000e+00
5.330694e+00	2.219387e+01	3.312951e-03	44878261.000000	0.000000e+00
5.332690e+00	2.217841e+01	3.308716e-03	44930559.000000	0.000000e+00
5.334684e+00	2.215706e+01	3.306321e-03	44909089.000000	0.000000e+00
5.336679e+00	2.214786e+01	3.301188e-03	45011469.000000	0.000000e+00
5.338674e+00	2.212090e+01	3.298112e-03	44985727.000000	0.000000e+00
5.340668e+00	2.211533e+01	3.295069e-03	45046165.000000	0.000000e+00
5.342663e+00	2.210538e+01	3.292084e-03	45087309.000000	0.000000e+00
5.344658e+00	2.208217e+01	3.287353e-03	45122245.000000	0.000000e+00
5.346652e+00	2.207056e+01	3.285344e-03	45129975.000000	0.000000e+00
5.348647e+00	2.205313e+01	3.280575e-03	45189829.000000	0.000000e+00
5.350642e+00	2.203928e+01	3.278075e-03	45201949.000000	0.000000e+00
5.352637e+00	2.202164e+01	3.272810e-03	45274911.000000	0.000000e+00
5.354631e+00	2.200684e+01	3.271925e-03	45238585.000000	0.000000e+00
5.356626e+00	2.199632e+01	3.266539e-03	45344481.000000	0.000000e+00
5.358620e+00	2.197390e+01	3.264108e-03	45319543.000000	0.000000e+00
5.360615e+00	2.196560e+01	3.260010e-03	45399225.000000	0.000000e+00
5.362610e+00	2.194544e+01	3.257046e-03	45398425.000000	0.000000e+00
5.364604e+00	2.192560e+01	3.252391e-03	45446185.000000	0.000000e+00
5.366599e+00	2.190817e+01	3.248328e-03	45487515.000000	0.000000e+00
5.368593e+00	2.189611e+01	3.245508e-03	45516469.000000	0.000000e+00
5.370588e+00	2.187763e+01	3.241486e-03	45552501.000000	0.000000e+00
5.372583e+00	2.187179e+01	3.240039e-03	45568855.000000	0.000000e+00
5.374577e+00	2.184906e+01	3.234364e-03	45633921.000000	0.000000e+00
5.376573e+00	2.183352e+01	3.230984e-03	45664417.000000	0.000000e+00
5.378567e+00	2.182250e+01	3.229449e-03	45661717.000000	0.000000e+00
5.380561e+00	2.180721e+01	3.224988e-03	45723963.000000	0.000000e+00
5.382556e+00	2.179248e+01	3.221756e-03	45753889.000000	0.000000e+00
5.384550e+00	2.177377e+01	3.218353e-03	45772017.000000	0.000000e+00
5.386545e+00	2.175790e+01	3.213435e-03	45845311.000000	0.000000e+00
5.388540e+00	2.174516e+01	3.211331e-03	45851661.000000	0.000000e+00
5.390535e+00	2.173064e+01	3.208234e-03	45878905.000000	0.000000e+00
5.392529e+00	2.171528e+01	3.205070e-03	45904537.000000	0.000000e+00
5.394524e+00	2.169859e+01	3.199922e-03	45981603.000000	0.000000e+00
5.396519e+00	2.168377e+01	3.198036e-03	45972985.000000	0.000000e+00
5.398513e+00	2.166615e+01	3.193727e-03	46022253.000000	0.000000e+00
5.400507e+00	2.165554e+01	3.190762e-03	46062667.000000	0.000000e+00
5.402502e+00	2.163929e+01	3.187587e-03	46085257.000000	0.000000e+00
5.404497e+00	2.162483e+01	3.183683e-03	46136613.000000	0.000000e+00
5.406492e+00	2.161148e+01	3.181070e-03	46155415.000000	0.000000e+00
5.408486e+00	2.159585e+01	3.176944e-03	46208481.000000	0.000000e+00
5.410481e+00	2.157296e+01	3.172659e-03	46235173.000000	0.000000e+00
5.412476e+00	2.155866e+01	3.170163e-03	46246665.000000	0.000000e+00
5.414470e+00	2.154558e+01	3.166250e-03	46304803.000000	0.000000e+00
5.416465e+00	2.153528e+01	3.164501e-03	46311685.000000	0.000000e+00
5.418459e+00	2.152268e+01	3.161179e-03	46354797.000000	0.000000e+00
5.420453e+00	2.150141e+01	3.156100e-03	46412203.000000	0.000000e+00
5.422449e+00	2.148962e+01	3.153560e-03	46436061.000000	0.000000e+00
5.424443e+00	2.146951e+01	3.149143e-03	46479313.000000	0.000000e+00
5.426438e+00	2.145965e+01	3.147087e-03	46497285.000000	0.000000e+00
5.428433e+00	2.143921e+01	3.142546e-03	46542967.000000	0.000000e+00
5.430428e+00	2.143057e+01	3.140581e-03	46563697.000000	0.000000e+00
5.432422e+00	2.142012e+01	3.137804e-03	46600665.000000	0.000000e+00
5.434417e+00	2.139693e+01	3.133151e-03	46638043.000000	0.000000e+00
5.436411e+00	2.138900e+01	3.130615e-03	46679013.000000	0.000000e+00
5.438406e+00	2.136765e+01	3.126519e-03	46707997.000000	0.000000e+00
5.440401e+00	2.135520e+01	3.123681e-03	46738399.000000	0.000000e+00
5.442395e+00	2.134300e+01	3.120809e-03	46770981.000000	0.000000e+00
5.444390e+00	2.132439e+01	3.116991e-03	46803937.000000	0.000000e+00
5.446384e+00	2.130976e+01	3.113350e-03	46849089.000000	0.000000e+00
5.448379e+00	2.129246e+01	3.110058e-03	46872127.000000	0.000000e+00
5.450374e+00	2.127782e+01	3.106370e-03	46918881.000000	0.000000e+00
5.452369e+00	2.126517e+01	3.103426e-03	46952113.000000	0.000000e+00
5.454364e+00	2.124880e+01	3.099660e-03	46993843.000000	0.000000e+00
5.456358e+00	2.124268e+01	3.098156e-03	47012385.000000	0.000000e+00
5.458353e+00	2.122118e+01	3.094008e-03	47043133.000000	0.000000e+00
5.460347e+00	2.120645e+01	3.090498e-03	47084613.000000	0.000000e+00
5.462342e+00	2.119524e+01	3.087389e-03	47129623.000000	0.000000e+00
5.464337e+00	2.117791e+01	3.084282e-03	47147445.000000	0.000000e+00
5.466331e+00	2.116500e+01	3.081850e-03	47164333.000000	0.000000e+00
5.468326e+00	2.114753e+01	3.076861e-03	47239303.000000	0.000000e+00
5.470320e+00	2.113051e+01	3.074302e-03	47241849.000000	0.000000e+00
5.472315e+00	2.112152e+01	3.071388e-03	47291257.000000	0.000000e+00
5.474309e+00	2.110291e+01	3.067453e-03	47329179.000000	0.000000e+00
5.476304e+00	2.108238e+01	3.063397e-03	47362273.000000	0.000000e+00
5.478299e+00	2.107760e+01	3.061639e-03	47395197.000000	0.000000e+00
5.480293e+00	2.105456e+01	3.057177e-03	47429773.000000	0.000000e+00
5.482288e+00	2.104747e+01	3.054609e-03	47477575.000000	0.000000e+00
5.484283e+00	2.103111e+01	3.052289e-03	47475861.000000	0.000000e+00
5.486278e+00	2.101842e+01	3.047481e-03	47568325.000000	0.000000e+00
5.488272e+00	2.100278e+01	3.046246e-03	47536107.000000	0.000000e+00
5.490267e+00	2.098603e+01	3.041356e-03	47613073.000000	0.000000e+00
5.492262e+00	2.097110e+01	3.038513e-03	47634337.000000	0.000000e+00
5.494256e+00	2.096247e+01	3.036162e-03	47668881.000000	0.000000e+00
5.496250e+00	2.094410e+01	3.032574e-03	47698063.000000	0.000000e+00
5.498245e+00	2.093426e+01	3.029360e-03	47754405.000000	0.000000e+00
5.500240e+00	2.092053e+01	3.026811e-03	47772133.000000	0.000000e+00
5.502235e+00	2.090243e+01	3.022895e-03	47813175.000000	0.000000e+00
5.504229e+00	2.088766e+01	3.020104e-03	47833909.000000	0.000000e+00
5.506224e+00	2.087281e+01	3.016364e-03	47884453.000000	0.000000e+00
5.508219e+00	2.085889e+01	3.013484e-03	47912025.000000	0.000000e+00
5.510213e+00	2.084502e+01	3.010079e-03	47956639.000000	0.000000e+00
5.512208e+00	2.082709e+01	3.007026e-03	47971437.000000	0.000000e+00
5.514203e+00	2.082019e+01	3.004042e-03	48034945.000000	0.000000e+00
5.516197e+00	2.080093e+01	3.001294e-03	48033951.000000	0.000000e+00
5.518191e+00	2.078232e+01	2.997330e-03	48074965.000000	0.000000e+00
5.520186e+00	2.077765e+01	2.994687e-03	48138205.000000	0.000000e+00
5.522181e+00	2.075619e+01	2.991157e-03	48152247.000000	0.000000e+00
5.524176e+00	2.074081e+01	2.987198e-03	48208489.000000	0.000000e+00
5.526171e+00	2.073431e+01	2.985953e-03	48218421.000000	0.000000e+00
5.528165e+00	2.071849e+01	2.982407e-03	48259465.000000	0.000000e+00
5.530160e+00	2.070364e+01	2.979126e-03	48296487.000000	0.000000e+00
5.532154e+00	2.068425e+01	2.975771e-03	48314869.000000	0.000000e+00
5.534149e+00	2.067455e+01	2.972532e-03	48374809.000000	0.000000e+00
5.536144e+00	2.065892e+01	2.969035e-03	48415503.000000	0.000000e+00
5.538139e+00	2.064505e+01	2.966301e-03	48439681.000000	0.000000e+00
5.540133e+00	2.063138e+01	2.963322e-03	48472881.000000	0.000000e+00
5.542128e+00	2.061858e+01	2.961350e-03	48477253.000000	0.000000e+00
5.544122e+00	2.060283e+01	2.956623e-03	48558127.000000	0.000000e+00
5.546117e+00	2.058555e+01	2.953594e-03	48576153.000000	0.000000e+00
5.548112e+00	2.057393e+01	2.950519e-03	48622573.000000	0.000000e+00
5.550106e+00	2.055911e+01	2.948237e-03	48627735.000000	0.000000e+00
5.552101e+00	2.054755e+01	2.944735e-03	48688669.000000	0.000000e+00
5.554096e+00	2.053330e+01	2.941907e-03	48714681.000000	0.000000e+00
5.556090e+00	2.051901e+01	2.939360e-03	48731227.000000	0.000000e+00
5.558085e+00	2.050074e+01	2.934682e-03	48799681.000000	0.000000e+00
5.560079e+00	2.048776e+01	2.932306e-03	48816933.000000	0.000000e+00
5.562074e+00	2.048053e+01	2.930009e-03	48858985.000000	0.000000e+00
5.564069e+00	2.046153e+01	2.925890e-03	48905787.000000	0.000000e+00
5.566064e+00	2.044923e+01	2.924083e-03	48907381.000000	0.000000e+00
5.568058e+00	2.043724e+01	2.920762e-03	48961185.000000	0.000000e+00
5.570053e+00	2.042249e+01	2.917487e-03	49000399.000000	0.000000e+00
5.572047e+00	2.041350e+01	2.915374e-03	49028245.000000	0.000000e+00
5.574042e+00	2.038978e+01	2.910302e-03	49085025.000000	0.000000e+00
5.576037e+00	2.037924e+01	2.908918e-03	49080961.000000	0.000000e+00
5.578032e+00	2.035942e+01	2.904011e-03	49151235.000000	0.000000e+00
5.580026e+00	2.035780e+01	2.903873e-03	49148089.000000	0.000000e+00
5.582021e+00	2.033089e+01	2.897897e-03	49220613.000000	0.000000e+00
5.584015e+00	2.032295e+01	2.896418e-03	49232395.000000	0.000000e+00
5.586010e+00	2.031095e+01	2.892978e-03	49291297.000000	0.000000e+00
5.588005e+00	2.029544e+01	2.890042e-03	49316073.000000	0.000000e+00
5.589999e+00	2.028407e+01	2.888512e-03	49313053.000000	0.000000e+00
5.591994e+00	2.026529e+01	2.883179e-03	49404051.000000	0.000000e+00
5.593989e+00	2.025353e+01	2.881305e-03	49410913.000000	0.000000e+00
5.595983e+00	2.024064e+01	2.878421e-03	49446973.000000	0.000000e+00
5.597978e+00	2.022612e+01	2.874542e-03	49509435.000000	0.000000e+00
5.599973e+00	2.020864e+01	2.872148e-03	49506277.000000	0.000000e+00
5.601967e+00	2.019985e+01	2.868955e-03	49573425.000000	0.000000e+00
5.603962e+00	2.018415e+01	2.866625e-03	49576891.000000	0.000000e+00
5.605956e+00	2.016942e+01	2.862792e-03	49637181.000000	0.000000e+00
5.607951e+00	2.016473e+01	2.861141e-03	49671385.000000	0.000000e+00
5.609946e+00	2.014776e+01	2.858197e-03	49690021.000000	0.000000e+00
5.611940e+00	2.013288e+01	2.854686e-03	49738779.000000	0.000000e+00
5.613935e+00	2.012059e+01	2.852305e-03	49761049.000000	0.000000e+00
5.615930e+00	2.010543e+01	2.847911e-03	49839525.000000	0.000000e+00
5.617924e+00	2.009444e+01	2.847564e-03	49797223.000000	0.000000e+00
5.619919e+00	2.007449e+01	2.841781e-03	49900821.000000	0.000000e+00
5.621913e+00	2.006066e+01	2.840269e-03	49885177.000000	0.000000e+00
5.623908e+00	2.005280e+01	2.836697e-03	49971733.000000	0.000000e+00
5.625902e+00	2.003865e+01	2.835077e-03	49958247.000000	0.000000e+00
5.627897e+00	2.002395e+01	2.830687e-03	50039809.000000	0.000000e+00
5.629892e+00	2.001074e+01	2.828106e-03	50065065.000000	0.000000e+00
5.631887e+00	1.999980e+01	2.825720e-03	50094859.000000	0.000000e+00
5.633882e+00	1.998359e+01	2.823294e-03	50099677.000000	0.000000e+00
5.635876e+00	1.996654e+01	2.818848e-03	50172117.000000	0.000000e+00
5.637871e+00	1.995167e+01	2.816269e-03	50189167.000000	0.000000e+00
5.639866e+00	1.994654e+01	2.814016e-03	50243745.000000	0.000000e+00
5.641860e+00	1.992702e+01	2.811567e-03	50232829.000000	0.000000e+00
5.643854e+00	1.991599e+01	2.807373e-03	50327265.000000	0.000000e+00
5.645849e+00	1.990439e+01	2.805417e-03	50338831.000000	0.000000e+00
5.647844e+00	1.988911e+01	2.801916e-03	50387245.000000	0.000000e+00
5.649839e+00	1.987140e+01	2.799037e-03	50401053.000000	0.000000e+00
5.651833e+00	1.986724e+01	2.797351e-03	50440723.000000	0.000000e+00
5.653828e+00	1.984462e+01	2.792989e-03	50483217.000000	0.000000e+00
5.655823e+00	1.983759e+01	2.790957e-03	50520937.000000	0.000000e+00
5.657817e+00	1.981543e+01	2.787342e-03	50538981.000000	0.000000e+00
5.659812e+00	1.980888e+01	2.784388e-03	50612815.000000	0.000000e+00
5.661807e+00	1.979410e+01	2.783037e-03	50586361.000000	0.000000e+00
5.663801e+00	1.978438e+01	2.779312e-03	50672277.000000	0.000000e+00
5.665796e+00	1.976397e+01	2.775621e-03	50702347.000000	0.000000e+00
5.667791e+00	1.975777e+01	2.774178e-03	50723253.000000	0.000000e+00
5.669785e+00	1.974274e+01	2.770889e-03	50766409.000000	0.000000e+00
5.671779e+00	1.973245e+01	2.769069e-03	50780223.000000	0.000000e+00
5.673774e+00	1.972080e+01	2.765166e-03	50863525.000000	0.000000e+00
5.675769e+00	1.970503e+01	2.762717e-03	50872333.000000	0.000000e+00
5.677764e+00	1.968552e+01	2.758999e-03	50908545.000000	0.000000e+00
5.679758e+00	1.967310e+01	2.756531e-03	50935411.000000	0.000000e+00
5.681753e+00	1.966241e+01	2.753579e-03	50989221.000000	0.000000e+00
5.683748e+00	1.964557e+01	2.750305e-03	51023185.000000	0.000000e+00
5.685742e+00	1.963143e+01	2.748570e-03	51014107.000000	0.000000e+00
5.687736e+00	1.962553e+01	2.745263e-03	51106365.000000	0.000000e+00
5.689731e+00	1.961546e+01	2.743251e-03	51128809.000000	0.000000e+00
5.691726e+00	1.959994e+01	2.739872e-03	51173949.000000	0.000000e+00
5.693721e+00	1.958459e+01	2.737516e-03	51181795.000000	0.000000e+00
5.695715e+00	1.957290e+01	2.734630e-03	51228705.000000	0.000000e+00
5.697710e+00	1.955664e+01	2.731368e-03	51265813.000000	0.000000e+00
5.699705e+00	1.954405e+01	2.728467e-03	51308791.000000	0.000000e+00
5.701699e+00	1.953413e+01	2.726314e-03	51337677.000000	0.000000e+00
5.703694e+00	1.951979e+01	2.723249e-03	51377845.000000	0.000000e+00
5.705689e+00	1.950964e+01	2.721115e-03	51404925.000000	0.000000e+00
5.707683e+00	1.949143e+01	2.717162e-03	51458431.000000	0.000000e+00
5.709678e+00	1.948290e+01	2.715627e-03	51471513.000000	0.000000e+00
5.711672e+00	1.946825e+01	2.712446e-03	51514765.000000	0.000000e+00
5.713667e+00	1.945149e+01	2.708915e-03	51560215.000000	0.000000e+00
5.715662e+00	1.944124e+01	2.706639e-03	51592545.000000	0.000000e+00
5.717656e+00	1.942895e+01	2.704434e-03	51611449.000000	0.000000e+00
5.719650e+00	1.941374e+01	2.701315e-03	51649683.000000	0.000000e+00
5.721645e+00	1.939882e+01	2.697784e-03	51705457.000000	0.000000e+00
5.723640e+00	1.938852e+01	2.694855e-03	51762897.000000	0.000000e+00
5.725635e+00	1.937903e+01	2.693499e-03	51764317.000000	0.000000e+00
5.727630e+00	1.936428e+01	2.690618e-03	51796267.000000	0.000000e+00
5.729624e+00	1.934946e+01	2.687500e-03	51837093.000000	0.000000e+00
5.731619e+00	1.933698e+01	2.683656e-03	51918661.000000	0.000000e+00
5.733614e+00	1.932715e+01	2.682978e-03	51892107.000000	0.000000e+00
5.735609e+00	1.930976e+01	2.678443e-03	51974341.000000	0.000000e+00
5.737603e+00	1.929801e+01	2.677307e-03	51955177.000000	0.000000e+00
5.739598e+00	1.929025e+01	2.674233e-03	52032813.000000	0.000000e+00
5.741592e+00	1.927528e+01	2.671365e-03	52063675.000000	0.000000e+00
5.743587e+00	1.925705e+01	2.667897e-03	52100445.000000	0.000000e+00
5.745582e+00	1.924563e+01	2.665987e-03	52113229.000000	0.000000e+00
5.747576e+00	1.923342e+01	2.662226e-03	52194291.000000	0.000000e+00
5.749572e+00	1.922448e+01	2.660712e-03	52205161.000000	0.000000e+00
5.751566e+00	1.920917e+01	2.657749e-03	52238329.000000	0.000000e+00
5.753560e+00	1.919423e+01	2.655200e-03	52257327.000000	0.000000e+00
5.755555e+00	1.918559e+01	2.651739e-03	52346593.000000	0.000000e+00
5.757550e+00	1.917561e+01	2.651058e-03	52319097.000000	0.000000e+00
5.759544e+00	1.915827e+01	2.647167e-03	52378093.000000	0.000000e+00
5.761539e+00	1.914829e+01	2.644187e-03	52441551.000000	0.000000e+00
5.763533e+00	1.913748e+01	2.642845e-03	52435597.000000	0.000000e+00
5.765528e+00	1.912253e+01	2.638861e-03	52511905.000000	0.000000e+00
5.767522e+00	1.911352e+01	2.637657e-03	52510323.000000	0.000000e+00
5.769517e+00	1.909852e+01	2.633434e-03	52596217.000000	0.000000e+00
5.771512e+00	1.907836e+01	2.630743e-03	52592685.000000	0.000000e+00
5.773507e+00	1.907496e+01	2.628725e-03	52654693.000000	0.000000e+00
5.775502e+00	1.905766e+01	2.625865e-03	52673763.000000	0.000000e+00
5.777496e+00	1.904911e+01	2.623718e-03	52712689.000000	0.000000e+00
5.779491e+00	1.903455e+01	2.620774e-03	52750417.000000	0.000000e+00
5.781486e+00	1.902024e+01	2.618066e-03	52780143.000000	0.000000e+00
5.783480e+00	1.900581e+01	2.614888e-03	52828309.000000	0.000000e+00
5.785475e+00	1.899817e+01	2.613370e-03	52847157.000000	0.000000e+00
5.787469e+00	1.898203e+01	2.610249e-03	52883653.000000	0.000000e+00
5.789464e+00	1.896757e+01	2.606966e-03	52936159.000000	0.000000e+00
5.791459e+00	1.895835e+01	2.604550e-03	52982889.000000	0.000000e+00
5.793454e+00	1.894230e+01	2.601441e-03	53019709.000000	0.000000e+00
5.795448e+00	1.893341e+01	2.600376e-03	53013339.000000	0.000000e+00
5.797442e+00	1.892154e+01	2.597201e-03	53076457.000000	0.000000e+00
5.799437e+00	1.890696e+01	2.594090e-03	53121849.000000	0.000000e+00
5.801432e+00	1.889101e+01	2.591073e-03	53155843.000000	0.000000e+00
5.803426e+00	1.888379e+01	2.589657e-03	53173357.000000	0.000000e+00
5.805421e+00	1.886821e+01	2.585918e-03	53239257.000000	0.000000e+00
5.807416e+00	1.885622e+01	2.583943e-03	53252929.000000	0.000000e+00
5.809410e+00	1.884587e+01	2.581681e-03	53287707.000000	0.000000e+00
5.811405e+00	1.883304e+01	2.578662e-03	53339893.000000	0.000000e+00
5.813400e+00	1.882050e+01	2.576221e-03	53369877.000000	0.000000e+00
5.815394e+00	1.880856e+01	2.573554e-03	53412715.000000	0.000000e+00
5.817389e+00	1.879636e+01	2.571196e-03	53441317.000000	0.000000e+00
5.819384e+00	1.878405e+01	2.568606e-03	53479029.000000	0.000000e+00
5.821378e+00	1.876795e+01	2.565487e-03	53517289.000000	0.000000e+00
5.823373e+00	1.875648e+01	2.563066e-03	53552919.000000	0.000000e+00
5.825368e+00	1.874590e+01	2.560655e-03	53593297.000000	0.000000e+00
5.827363e+00	1.873132e+01	2.557530e-03	53640805.000000	0.000000e+00
5.829357e+00	1.872160e+01	2.555999e-03	53649351.000000	0.000000e+00
5.831352e+00	1.871047e+01	2.553388e-03	53695213.000000	0.000000e+00
5.833346e+00	1.869711e+01	2.550377e-03	53745261.000000	0.000000e+00
5.835341e+00	1.868357e+01	2.548017e-03	53766919.000000	0.000000e+00
5.837335e+00	1.867267e+01	2.545680e-03	53802849.000000	0.000000e+00
5.839330e+00	1.866094e+01	2.543085e-03	53845009.000000	0.000000e+00
5.841325e+00	1.864576e+01	2.539765e-03	53898097.000000	0.000000e+00
5.843320e+00	1.863470e+01	2.537707e-03	53921475.000000	0.000000e+00
5.845314e+00	1.862763e+01	2.535649e-03	53968057.000000	0.000000e+00
5.847309e+00	1.861777e+01	2.533911e-03	53984961.000000	0.000000e+00
5.849304e+00	1.859788e+01	2.529934e-03	54039139.000000	0.000000e+00
5.851298e+00	1.859149e+01	2.528435e-03	54066057.000000	0.000000e+00
5.853293e+00	1.857464e+01	2.525720e-03	54084181.000000	0.000000e+00
5.855287e+00	1.856649e+01	2.523324e-03	54139429.000000	0.000000e+00
5.857282e+00	1.855252e+01	2.520236e-03	54190527.000000	0.000000e+00
5.859277e+00	1.854158e+01	2.517804e-03	54231277.000000	0.000000e+00
5.861272e+00	1.852500e+01	2.515364e-03	54239397.000000	0.000000e+00
5.863266e+00	1.851184e+01	2.512728e-03	54276031.000000	0.000000e+00
5.865261e+00	1.850840e+01	2.510383e-03	54357309.000000	0.000000e+00
5.867256e+00	1.848993e+01	2.507816e-03	54359977.000000	0.000000e+00
5.869250e+00	1.847945e+01	2.505870e-03	54382705.000000	0.000000e+00
5.871244e+00	1.846955e+01	2.503275e-03	54437199.000000	0.000000e+00
5.873239e+00	1.845726e+01	2.500360e-03	54491569.000000	0.000000e+00
5.875234e+00	1.844253e+01	2.498252e-03	54496509.000000	0.000000e+00
5.877228e+00	1.843287e+01	2.495617e-03	54554431.000000	0.000000e+00
5.879223e+00	1.841844e+01	2.492910e-03	54587413.000000	0.000000e+00
5.881218e+00	1.840859e+01	2.491250e-03	54601737.000000	0.000000e+00
5.883212e+00	1.839605e+01	2.487821e-03	54677767.000000	0.000000e+00
5.885207e+00	1.838289e+01	2.485425e-03	54704889.000000	0.000000e+00
5.887202e+00	1.836898e+01	2.483484e-03	54707533.000000	0.000000e+00
5.889196e+00	1.836180e+01	2.480506e-03	54796137.000000	0.000000e+00
5.891191e+00	1.834691e+01	2.478187e-03	54809755.000000	0.000000e+00
5.893186e+00	1.833514e+01	2.476086e-03	54832405.000000	0.000000e+00
5.895180e+00	1.832178e+01	2.473197e-03	54880485.000000	0.000000e+00
5.897174e+00	1.830819e+01	2.471399e-03	54878887.000000	0.000000e+00
5.899169e+00	1.829643e+01	2.467013e-03	55003473.000000	0.000000e+00
5.901164e+00	1.828831e+01	2.466507e-03	54977197.000000	0.000000e+00
5.903159e+00	1.827815e+01	2.463571e-03	55047069.000000	0.000000e+00
5.905153e+00	1.825891e+01	2.460948e-03	55048447.000000	0.000000e+00
5.907148e+00	1.825020e+01	2.457858e-03	55134313.000000	0.000000e+00
5.909143e+00	1.823920e+01	2.456787e-03	55115877.000000	0.000000e+00
5.911137e+00	1.822933e+01	2.453687e-03	55195399.000000	0.000000e+00
5.913132e+00	1.821373e+01	2.451055e-03	55219389.000000	0.000000e+00
5.915127e+00	1.820023e+01	2.448089e-03	55271257.000000	0.000000e+00
5.917122e+00	1.819423e+01	2.447334e-03	55268931.000000	0.000000e+00
5.919116e+00	1.818235e+01	2.443928e-03	55350709.000000	0.000000e+00
5.921111e+00	1.816914e+01	2.442206e-03	55348309.000000	0.000000e+00
5.923105e+00	1.816118e+01	2.440115e-03	55394565.000000	0.000000e+00
5.925100e+00	1.814597e+01	2.436965e-03	55444927.000000	0.000000e+00
5.927095e+00	1.813889e+01	2.435205e-03	55481781.000000	0.000000e+00
5.929089e+00	1.812357e+01	2.432289e-03	55520989.000000	0.000000e+00
5.931084e+00	1.810999e+01	2.429958e-03	55544227.000000	0.000000e+00
5.933079e+00	1.809826e+01	2.427317e-03	55593045.000000	0.000000e+00
5.935073e+00	1.808665e+01	2.424830e-03	55635697.000000	0.000000e+00
5.937068e+00	1.807548e+01	2.423035e-03	55649385.000000	0.000000e+00
5.939063e+00	1.806330e+01	2.419737e-03	55725979.000000	0.000000e+00
5.941057e+00	1.804814e+01	2.417823e-03	55720617.000000	0.000000e+00
5.943052e+00	1.804351e+01	2.415819e-03	55784461.000000	0.000000e+00
5.945047e+00	1.803319e+01	2.413672e-03	55819807.000000	0.000000e+00
5.947041e+00	1.801827e+01	2.411802e-03	55813977.000000	0.000000e+00
5.949035e+00	1.800627e+01	2.407733e-03	55928209.000000	0.000000e+00
5.951031e+00	1.799218e+01	2.405909e-03	55925451.000000	0.000000e+00
5.953025e+00	1.798637e+01	2.404317e-03	55963333.000000	0.000000e+00
5.955020e+00	1.797474e+01	2.402078e-03	55995261.000000	0.000000e+00
5.957014e+00	1.796221e+01	2.399296e-03	56046925.000000	0.000000e+00
5.959009e+00	1.794718e+01	2.397057e-03	56057803.000000	0.000000e+00
5.961003e+00	1.793510e+01	2.393912e-03	56129493.000000	0.000000e+00
5.962998e+00	1.792755e+01	2.392337e-03	56156089.000000	0.000000e+00
5.964993e+00	1.790845e+01	2.389010e-03	56192691.000000	0.000000e+00
5.966987e+00	1.790270e+01	2.388104e-03	56199253.000000	0.000000e+00
5.968982e+00	1.789514e+01	2.385097e-03	56293485.000000	0.000000e+00
5.970977e+00	1.788143e+01	2.383638e-03	56276101.000000	0.000000e+00
5.972971e+00	1.786990e+01	2.380388e-03	56357095.000000	0.000000e+00
5.974966e+00	1.785630e+01	2.378409e-03	56365053.000000	0.000000e+00
5.976961e+00	1.784806e+01	2.375777e-03	56437909.000000	0.000000e+00
5.978956e+00	1.783225e+01	2.373505e-03	56445879.000000	0.000000e+00
5.980950e+00	1.782066e+01	2.371078e-03	56487961.000000	0.000000e+00
5.982945e+00	1.781251e+01	2.369203e-03	56525689.000000	0.000000e+00
5.984939e+00	1.780121e+01	2.366645e-03	56576109.000000	0.000000e+00
5.986934e+00	1.778860e+01	2.364414e-03	56602627.000000	0.000000e+00
5.988929e+00	1.777617e+01	2.361876e-03	56645121.000000	0.000000e+00
5.990923e+00	1.776451e+01	2.360224e-03	56650021.000000	0.000000e+00
5.992918e+00	1.775790e+01	2.357414e-03	56742855.000000	0.000000e+00
5.994913e+00	1.774236e+01	2.355406e-03	56740249.000000	0.000000e+00
5.996907e+00	1.773054e+01	2.352482e-03	56805649.000000	0.000000e+00
5.998902e+00	1.771985e+01	2.350599e-03	56828103.000000	0.000000e+00
6.000897e+00	1.770878e+01	2.348126e-03	56876689.000000	0.000000e+00
6.002891e+00	1.769690e+01	2.346305e-03	56888601.000000	0.000000e+00
6.004886e+00	1.768973e+01	2.344036e-03	56952649.000000	0.000000e+00
6.006880e+00	1.767326e+01	2.341771e-03	56956683.000000	0.000000e+00
6.008875e+00	1.766327e+01	2.338647e-03	57044377.000000	0.000000e+00
6.010870e+00	1.765682e+01	2.337419e-03	57062617.000000	0.000000e+00
6.012865e+00	1.764190e+01	2.334721e-03	57097995.000000	0.000000e+00
6.014859e+00	1.763171e+01	2.332763e-03	57127789.000000	0.000000e+00
6.016854e+00	1.761448e+01	2.329356e-03	57183153.000000	0.000000e+00
6.018849e+00	1.760038e+01	2.326937e-03	57210385.000000	0.000000e+00
6.020843e+00	1.759665e+01	2.325817e-03	57241207.000000	0.000000e+00
6.022838e+00	1.758626e+01	2.323515e-03	57286977.000000	0.000000e+00
6.024833e+00	1.757392e+01	2.321139e-03	57323797.000000	0.000000e+00
6.026827e+00	1.756555e+01	2.319297e-03	57360219.000000	0.000000e+00
6.028822e+00	1.755111e+01	2.316734e-03	57392701.000000	0.000000e+00
6.030816e+00	1.753686e+01	2.313992e-03	57435489.000000	0.000000e+00
6.032811e+00	1.752536e+01	2.311499e-03	57483931.000000	0.000000e+00
6.034806e+00	1.751738e+01	2.310216e-03	57495409.000000	0.000000e+00
6.036800e+00	1.750995e+01	2.307801e-03	57566901.000000	0.000000e+00
6.038795e+00	1.749257e+01	2.305784e-03	57553237.000000	0.000000e+00
6.040789e+00	1.748236e+01	2.302785e-03	57635931.000000	0.000000e+00
6.042784e+00	1.747290e+01	2.300812e-03	57672337.000000	0.000000e+00
6.044779e+00	1.746077e+01	2.298308e-03	57717885.000000	0.000000e+00
6.046774e+00	1.744796e+01	2.296128e-03	57742699.000000	0.000000e+00
6.048769e+00	1.744010e+01	2.294107e-03	57792385.000000	0.000000e+00
6.050763e+00	1.743036e+01	2.292666e-03	57800433.000000	0.000000e+00
6.052758e+00	1.741963e+01	2.290166e-03	57855409.000000	0.000000e+00
6.054752e+00	1.740853e+01	2.288050e-03	57888627.000000	0.000000e+00
6.056746e+00	1.739763e+01	2.286036e-03	57918049.000000	0.000000e+00
6.058741e+00	1.738587e+01	2.283424e-03	57972225.000000	0.000000e+00
6.060736e+00	1.737931e+01	2.281782e-03	58011823.000000	0.000000e+00
6.062730e+00	1.736375e+01	2.279097e-03	58044529.000000	0.000000e+00
6.064725e+00	1.734797e+01	2.275795e-03	58107381.000000	0.000000e+00
6.066720e+00	1.734237e+01	2.275370e-03	58091533.000000	0.000000e+00
6.068714e+00	1.732916e+01	2.271933e-03	58178703.000000	0.000000e+00
6.070709e+00	1.731789e+01	2.270092e-03	58197337.000000	0.000000e+00
6.072704e+00	1.730694e+01	2.267407e-03	58261489.000000	0.000000e+00
6.074699e+00	1.729336e+01	2.265595e-03	58263195.000000	0.000000e+00
6.076694e+00	1.728523e+01	2.263556e-03	58313305.000000	0.000000e+00
6.078688e+00	1.727196e+01	2.261350e-03	58337457.000000	0.000000e+00
6.080682e+00	1.726503e+01	2.259474e-03	58387519.000000	0.000000e+00
6.082677e+00	1.725445e+01	2.257081e-03	58439685.000000	0.000000e+00
6.084672e+00	1.724622e+01	2.255769e-03	58451917.000000	0.000000e+00
6.086666e+00	1.723392e+01	2.252992e-03	58512493.000000	0.000000e+00
6.088661e+00	1.721803e+01	2.250174e-03	58551027.000000	0.000000e+00
6.090656e+00	1.721006e+01	2.248647e-03	58576357.000000	0.000000e+00
6.092650e+00	1.720048e+01	2.246509e-03	58622529.000000	0.000000e+00
6.094645e+00	1.718875e+01	2.244251e-03	58660471.000000	0.000000e+00
6.096640e+00	1.717741e+01	2.242129e-03	58694049.000000	0.000000e+00
6.098635e+00	1.716851e+01	2.239682e-03	58761433.000000	0.000000e+00
6.100629e+00	1.715662e+01	2.238613e-03	58736125.000000	0.000000e+00
6.102623e+00	1.714208e+01	2.234743e-03	58839903.000000	0.000000e+00
6.104618e+00	1.712902e+01	2.233346e-03	58823773.000000	0.000000e+00
6.106613e+00	1.712118e+01	2.230680e-03	58910505.000000	0.000000e+00
6.108607e+00	1.710882e+01	2.228946e-03	58917091.000000	0.000000e+00
6.110602e+00	1.710060e+01	2.226560e-03	58986669.000000	0.000000e+00
6.112597e+00	1.708916e+01	2.224777e-03	59002261.000000	0.000000e+00
6.114592e+00	1.707800e+01	2.222787e-03	59030755.000000	0.000000e+00
6.116586e+00	1.706506e+01	2.219864e-03	59096613.000000	0.000000e+00
6.118581e+00	1.706075e+01	2.219032e-03	59111125.000000	0.000000e+00
6.120575e+00	1.704753e+01	2.216543e-03	59152161.000000	0.000000e+00
6.122570e+00	1.704023e+01	2.214622e-03	59204059.000000	0.000000e+00
6.124565e+00	1.702269e+01	2.211800e-03	59233093.000000	0.000000e+00
6.126559e+00	1.701645e+01	2.210448e-03	59262117.000000	0.000000e+00
6.128554e+00	1.700501e+01	2.207401e-03	59345971.000000	0.000000e+00
6.130549e+00	1.699409e+01	2.206207e-03	59333937.000000	0.000000e+00
6.132543e+00	1.698136e+01	2.203296e-03	59401741.000000	0.000000e+00
6.134538e+00	1.697019e+01	2.201111e-03	59441445.000000	0.000000e+00
6.136533e+00	1.696363e+01	2.199759e-03	59468587.000000	0.000000e+00
6.138528e+00	1.696059e+01	2.198836e-03	59497165.000000	0.000000e+00
6.140522e+00	1.694240e+01	2.195703e-03	59539161.000000	0.000000e+00
6.142517e+00	1.693466e+01	2.193675e-03	59594791.000000	0.000000e+00
6.144511e+00	1.691915e+01	2.191701e-03	59592873.000000	0.000000e+00
6.146506e+00	1.690687e+01	2.188618e-03	59674189.000000	0.000000e+00
6.148501e+00	1.689902e+01	2.186880e-03	59713575.000000	0.000000e+00
6.150495e+00	1.688555e+01	2.184946e-03	59724013.000000	0.000000e+00
6.152489e+00	1.688006e+01	2.183462e-03	59766325.000000	0.000000e+00
6.154484e+00	1.686588e+01	2.180451e-03	59830833.000000	0.000000e+00
6.156479e+00	1.685425e+01	2.178234e-03	59870023.000000	0.000000e+00
6.158474e+00	1.684608e+01	2.177192e-03	59869329.000000	0.000000e+00
6.160468e+00	1.683699e+01	2.174535e-03	59951005.000000	0.000000e+00
6.162463e+00	1.682977e+01	2.173301e-03	59967615.000000	0.000000e+00
6.164458e+00	1.681366e+01	2.170156e-03	60026425.000000	0.000000e+00
6.166452e+00	1.680187e+01	2.168802e-03	60017173.000000	0.000000e+00
6.168447e+00	1.679360e+01	2.166386e-03	60091845.000000	0.000000e+00
6.170441e+00	1.678247e+01	2.164184e-03	60134419.000000	0.000000e+00
6.172436e+00	1.677505e+01	2.163179e-03	60137157.000000	0.000000e+00
6.174430e+00	1.676300e+01	2.159966e-03	60229549.000000	0.000000e+00
6.176425e+00	1.675134e+01	2.158433e-03	60231235.000000	0.000000e+00
6.178420e+00	1.674552e+01	2.156468e-03	60299121.000000	0.000000e+00
6.180415e+00	1.673218e+01	2.154066e-03	60337417.000000	0.000000e+00
6.182410e+00	1.671989e+01	2.152340e-03	60345501.000000	0.000000e+00
6.184404e+00	1.670752e+01	2.149586e-03	60410767.000000	0.000000e+00
6.186399e+00	1.669857e+01	2.148023e-03	60433929.000000	0.000000e+00
6.188394e+00	1.668629e+01	2.145732e-03	60473965.000000	0.000000e+00
6.190388e+00	1.668015e+01	2.144219e-03	60514807.000000	0.000000e+00
6.192383e+00	1.666730e+01	2.141760e-03	60560409.000000	0.000000e+00
6.194378e+00	1.665893e+01	2.139941e-03	60602521.000000	0.000000e+00
6.196372e+00	1.664751e+01	2.137993e-03	60629775.000000	0.000000e+00
6.198366e+00	1.663930e+01	2.136805e-03	60637381.000000	0.000000e+00
6.200361e+00	1.662936e+01	2.133626e-03	60745557.000000	0.000000e+00
6.202356e+00	1.661702e+01	2.131822e-03	60758137.000000	0.000000e+00
6.204351e+00	1.660730e+01	2.130251e-03	60776671.000000	0.000000e+00
6.206345e+00	1.660049e+01	2.128554e-03	60823665.000000	0.000000e+00
6.208340e+00	1.658486e+01	2.125929e-03	60859237.000000	0.000000e+00
6.210335e+00	1.657676e+01	2.123596e-03	60933447.000000	0.000000e+00
6.212329e+00	1.656120e+01	2.121603e-03	60933397.000000	0.000000e+00
6.214324e+00	1.655584e+01	2.120110e-03	60979729.000000	0.000000e+00
6.216319e+00	1.654445e+01	2.117618e-03	61039269.000000	0.000000e+00
6.218314e+00	1.653573e+01	2.115863e-03	61076107.000000	0.000000e+00
6.220308e+00	1.652293e+01	2.114353e-03	61068753.000000	0.000000e+00
6.222302e+00	1.651337e+01	2.112157e-03	61125037.000000	0.000000e+00
6.224297e+00	1.650293e+01	2.109316e-03	61212327.000000	0.000000e+00
6.226292e+00	1.649028e+01	2.107421e-03	61228453.000000	0.000000e+00
6.228287e+00	1.648230e+01	2.105830e-03	61261717.000000	0.000000e+00
6.230281e+00	1.647236e+01	2.104027e-03	61292715.000000	0.000000e+00
6.232276e+00	1.646386e+01	2.102322e-03	61328809.000000	0.000000e+00
6.234270e+00	1.644907e+01	2.099685e-03	61372557.000000	0.000000e+00
6.236265e+00	1.644667e+01	2.098593e-03	61418581.000000	0.000000e+00
6.238259e+00	1.643201e+01	2.096325e-03	61441791.000000	0.000000e+00
6.240254e+00	1.642037e+01	2.093526e-03	61518973.000000	0.000000e+00
6.242249e+00	1.641176e+01	2.092230e-03	61530613.000000	0.000000e+00
6.244243e+00	1.640285e+01	2.090647e-03	61557003.000000	0.000000e+00
6.246238e+00	1.639296e+01	2.088385e-03	61615981.000000	0.000000e+00
6.248232e+00	1.638154e+01	2.086339e-03	61651005.000000	0.000000e+00
6.250227e+00	1.637088e+01	2.084008e-03	61708525.000000	0.000000e+00
6.252222e+00	1.636156e+01	2.082481e-03	61728735.000000	0.000000e+00
6.254217e+00	1.634906e+01	2.080065e-03	61777657.000000	0.000000e+00
6.256211e+00	1.634021e+01	2.078664e-03	61794061.000000	0.000000e+00
6.258206e+00	1.632694e+01	2.075757e-03	61866639.000000	0.000000e+00
6.260201e+00	1.632291e+01	2.075196e-03	61869517.000000	0.000000e+00
6.262195e+00	1.631215e+01	2.072405e-03	61954557.000000	0.000000e+00
6.264190e+00	1.630148e+01	2.071055e-03	61954213.000000	0.000000e+00
6.266185e+00	1.629449e+01	2.069244e-03	62009455.000000	0.000000e+00
6.268179e+00	1.628027e+01	2.066838e-03	62045493.000000	0.000000e+00
6.270174e+00	1.627226e+01	2.064980e-03	62096077.000000	0.000000e+00
6.272168e+00	1.626186e+01	2.063495e-03	62106051.000000	0.000000e+00
6.274163e+00	1.625452e+01	2.061363e-03	62178361.000000	0.000000e+00
6.276158e+00	1.624178e+01	2.059314e-03	62204589.000000	0.000000e+00
6.278153e+00	1.623053e+01	2.057174e-03	62247727.000000	0.000000e+00
6.280147e+00	1.622141e+01	2.055580e-03	62274217.000000	0.000000e+00
6.282142e+00	1.620746e+01	2.052819e-03	62334525.000000	0.000000e+00
6.284136e+00	1.620067e+01	2.051735e-03	62348125.000000	0.000000e+00
6.286131e+00	1.619202e+01	2.049569e-03	62413263.000000	0.000000e+00
6.288126e+00	1.617740e+01	2.047147e-03	62448157.000000	0.000000e+00
6.290121e+00	1.616915e+01	2.045459e-03	62487441.000000	0.000000e+00
6.292115e+00	1.616137e+01	2.044041e-03	62513947.000000	0.000000e+00
6.294110e+00	1.614999e+01	2.042054e-03	62547577.000000	0.000000e+00
6.296104e+00	1.614253e+01	2.039804e-03	62627673.000000	0.000000e+00
6.298099e+00	1.613467e+01	2.039079e-03	62611213.000000	0.000000e+00
6.300094e+00	1.612350e+01	2.035921e-03	62718627.000000	0.000000e+00
6.302089e+00	1.610791e+01	2.034437e-03	62688793.000000	0.000000e+00
6.304083e+00	1.610282e+01	2.032436e-03	62772549.000000	0.000000e+00
6.306077e+00	1.609031e+01	2.030692e-03	62782783.000000	0.000000e+00
6.308072e+00	1.608121e+01	2.028359e-03	62856145.000000	0.000000e+00
6.310067e+00	1.607524e+01	2.027163e-03	62883633.000000	0.000000e+00
6.312062e+00	1.606057e+01	2.024819e-03	62914291.000000	0.000000e+00
6.314056e+00	1.604988e+01	2.022951e-03	62946705.000000	0.000000e+00
6.316051e+00	1.604157e+01	2.020739e-03	63019249.000000	0.000000e+00
6.318046e+00	1.603149e+01	2.019283e-03	63030901.000000	0.000000e+00
6.320040e+00	1.602197e+01	2.017341e-03	63077343.000000	0.000000e+00
6.322035e+00	1.601245e+01	2.015900e-03	63092473.000000	0.000000e+00
6.324029e+00	1.600124e+01	2.013075e-03	63181077.000000	0.000000e+00
6.326024e+00	1.599143e+01	2.011553e-03	63199183.000000	0.000000e+00
6.328019e+00	1.598572e+01	2.010355e-03	63229353.000000	0.000000e+00
6.330013e+00	1.597586e+01	2.008315e-03	63279745.000000	0.000000e+00
6.332008e+00	1.596541e+01	2.006289e-03	63324733.000000	0.000000e+00
6.334003e+00	1.595526e+01	2.004473e-03	63358839.000000	0.000000e+00
6.335997e+00	1.594514e+01	2.002748e-03	63387565.000000	0.000000e+00
6.337992e+00	1.593416e+01	2.000504e-03	63442353.000000	0.000000e+00
6.339987e+00	1.592644e+01	1.998757e-03	63491791.000000	0.000000e+00
6.341982e+00	1.591698e+01	1.997520e-03	63494925.000000	0.000000e+00
6.343976e+00	1.590715e+01	1.995343e-03	63554989.000000	0.000000e+00
6.345970e+00	1.589741e+01	1.993684e-03	63582835.000000	0.000000e+00
6.347965e+00	1.588892e+01	1.991533e-03	63652293.000000	0.000000e+00
6.349960e+00	1.587740e+01	1.989674e-03	63678805.000000	0.000000e+00
6.351955e+00	1.586392e+01	1.987246e-03	63726141.000000	0.000000e+00
6.353949e+00	1.585918e+01	1.986518e-03	63734803.000000	0.000000e+00
6.355944e+00	1.584681e+01	1.983876e-03	63804973.000000	0.000000e+00
6.357939e+00	1.583844e+01	1.982066e-03	63854097.000000	0.000000e+00
6.359933e+00	1.583069e+01	1.980821e-03	63871795.000000	0.000000e+00
6.361928e+00	1.581919e+01	1.978855e-03	63905841.000000	0.000000e+00
6.363923e+00	1.581018e+01	1.976631e-03	63976717.000000	0.000000e+00
6.365918e+00	1.580027e+01	1.975104e-03	63995409.000000	0.000000e+00
6.367912e+00	1.578777e+01	1.973165e-03	64019887.000000	0.000000e+00
6.369906e+00	1.577833e+01	1.971258e-03	64067149.000000	0.000000e+00
6.371901e+00	1.576846e+01	1.969054e-03	64130313.000000	0.000000e+00
6.373896e+00	1.576099e+01	1.967493e-03	64171291.000000	0.000000e+00
6.375890e+00	1.575338e+01	1.966460e-03	64176705.000000	0.000000e+00
6.377885e+00	1.574076e+01	1.963556e-03	64263565.000000	0.000000e+00
6.379880e+00	1.573405e+01	1.962732e-03	64262733.000000	0.000000e+00
6.381874e+00	1.572157e+01	1.960346e-03	64317103.000000	0.000000e+00
6.383869e+00	1.571513e+01	1.958888e-03	64360081.000000	0.000000e+00
6.385864e+00	1.570561e+01	1.957183e-03	64394193.000000	0.000000e+00
6.387858e+00	1.569606e+01	1.955238e-03	64443895.000000	0.000000e+00
6.389853e+00	1.568305e+01	1.953130e-03	64476081.000000	0.000000e+00
6.391847e+00	1.567579e+01	1.951626e-03	64515697.000000	0.000000e+00
6.393842e+00	1.566628e+01	1.949861e-03	64554171.000000	0.000000e+00
6.395837e+00	1.565670e+01	1.947718e-03	64617241.000000	0.000000e+00
6.397832e+00	1.564732e+01	1.946317e-03	64632745.000000	0.000000e+00
6.399827e+00	1.563525e+01	1.943584e-03	64714713.000000	0.000000e+00
6.401821e+00	1.562892e+01	1.943050e-03	64697839.000000	0.000000e+00
6.403816e+00	1.561715e+01	1.940762e-03	64752885.000000	0.000000e+00
6.405810e+00	1.560910e+01	1.939093e-03	64797577.000000	0.000000e+00
6.407804e+00	1.559729e+01	1.937431e-03	64810591.000000	0.000000e+00
6.409799e+00	1.558990e+01	1.934846e-03	64922301.000000	0.000000e+00
6.411794e+00	1.558247e+01	1.933893e-03	64924381.000000	0.000000e+00
6.413789e+00	1.557065e+01	1.932066e-03	64948617.000000	0.000000e+00
6.415783e+00	1.556200e+01	1.930334e-03	64992835.000000	0.000000e+00
6.417778e+00	1.555282e+01	1.927961e-03	65076117.000000	0.000000e+00
6.419773e+00	1.554499e+01	1.927103e-03	65068585.000000	0.000000e+00
6.421767e+00	1.553405e+01	1.924929e-03	65123815.000000	0.000000e+00
6.423762e+00	1.552451e+01	1.923165e-03	65163285.000000	0.000000e+00
6.425757e+00	1.551462e+01	1.921014e-03	65226037.000000	0.000000e+00
6.427751e+00	1.551023e+01	1.920504e-03	65223831.000000	0.000000e+00
6.429746e+00	1.549704e+01	1.918017e-03	65281897.000000	0.000000e+00
6.431740e+00	1.548970e+01	1.916374e-03	65331921.000000	0.000000e+00
6.433735e+00	1.547789e+01	1.914406e-03	65366557.000000	0.000000e+00
6.435729e+00	1.546891e+01	1.912829e-03	65398411.000000	0.000000e+00
6.437724e+00	1.545920e+01	1.910778e-03	65456661.000000	0.000000e+00
6.439719e+00	1.545111e+01	1.909133e-03	65500849.000000	0.000000e+00
6.441714e+00	1.544235e+01	1.907385e-03	65546607.000000	0.000000e+00
6.443709e+00	1.543150e+01	1.905912e-03	65555701.000000	0.000000e+00
6.445703e+00	1.542334e+01	1.904022e-03	65616453.000000	0.000000e+00
6.447698e+00	1.541248e+01	1.902457e-03	65631913.000000	0.000000e+00
6.449692e+00	1.540331e+01	1.900195e-03	65709991.000000	0.000000e+00
6.451687e+00	1.539281e+01	1.898772e-03	65718885.000000	0.000000e+00
6.453681e+00	1.538241e+01	1.896555e-03	65783617.000000	0.000000e+00
6.455676e+00	1.537737e+01	1.895573e-03	65808603.000000	0.000000e+00
6.457671e+00	1.536874e+01	1.893742e-03	65862025.000000	0.000000e+00
6.459666e+00	1.535619e+01	1.891524e-03	65908777.000000	0.000000e+00
6.461660e+00	1.534936e+01	1.890449e-03	65925009.000000	0.000000e+00
6.463655e+00	1.533891e+01	1.888318e-03	65984023.000000	0.000000e+00
6.465650e+00	1.533136e+01	1.887024e-03	66009489.000000	0.000000e+00
6.467644e+00	1.532148e+01	1.885339e-03	66042397.000000	0.000000e+00
6.469639e+00	1.531287e+01	1.883108e-03	66124551.000000	0.000000e+00
6.471634e+00	1.530344e+01	1.881703e-03	66141757.000000	0.000000e+00
6.473628e+00	1.529355e+01	1.880043e-03	66173065.000000	0.000000e+00
6.475623e+00	1.527932e+01	1.877503e-03	66228771.000000	0.000000e+00
6.477618e+00	1.527787e+01	1.876784e-03	66266917.000000	0.000000e+00
6.479612e+00	1.526675e+01	1.875014e-03	66295485.000000	0.000000e+00
6.481607e+00	1.525907e+01	1.873545e-03	66332749.000000	0.000000e+00
6.483601e+00	1.524645e+01	1.870998e-03	66403431.000000	0.000000e+00
6.485596e+00	1.524006e+01	1.870256e-03	66400501.000000	0.000000e+00
6.487591e+00	1.522845e+01	1.867559e-03	66491005.000000	0.000000e+00
6.489585e+00	1.521847e+01	1.866457e-03	66482271.000000	0.000000e+00
6.491580e+00	1.521097e+01	1.864463e-03	66558937.000000	0.000000e+00
6.493575e+00	1.520014e+01	1.862629e-03	66595113.000000	0.000000e+00
6.495569e+00	1.519064e+01	1.860810e-03	66642049.000000	0.000000e+00
6.497564e+00	1.518544e+01	1.860181e-03	66641439.000000	0.000000e+00
6.499558e+00	1.517453e+01	1.857574e-03	66732625.000000	0.000000e+00
6.501553e+00	1.516713e+01	1.856564e-03	66740089.000000	0.000000e+00
6.503548e+00	1.515619e+01	1.854355e-03	66802755.000000	0.000000e+00
6.505542e+00	1.514742e+01	1.852919e-03	66828925.000000	0.000000e+00
6.507537e+00	1.513625e+01	1.850741e-03	66887589.000000	0.000000e+00
6.509532e+00	1.513063e+01	1.849710e-03	66912391.000000	0.000000e+00
6.511526e+00	1.512236e+01	1.848312e-03	66940489.000000	0.000000e+00
6.513520e+00	1.511182e+01	1.846232e-03	66997917.000000	0.000000e+00
6.515516e+00	1.510333e+01	1.844271e-03	67065013.000000	0.000000e+00
6.517510e+00	1.508975e+01	1.842412e-03	67079607.000000	0.000000e+00
6.519505e+00	1.508633e+01	1.841792e-03	67094353.000000	0.000000e+00
6.521499e+00	1.507511e+01	1.839146e-03	67187493.000000	0.000000e+00
6.523494e+00	1.506797e+01	1.837994e-03	67208107.000000	0.000000e+00
6.525489e+00	1.505773e+01	1.836269e-03	67242901.000000	0.000000e+00
6.527484e+00	1.505270e+01	1.835064e-03	67286241.000000	0.000000e+00
6.529478e+00	1.504040e+01	1.833003e-03	67327465.000000	0.000000e+00
6.531473e+00	1.503183e+01	1.831478e-03	67362819.000000	0.000000e+00
6.533467e+00	1.502093e+01	1.829522e-03	67409053.000000	0.000000e+00
6.535462e+00	1.501647e+01	1.828527e-03	67442421.000000	0.000000e+00
6.537457e+00	1.500317e+01	1.825874e-03	67518727.000000	0.000000e+00
6.539451e+00	1.499563e+01	1.825044e-03	67512277.000000	0.000000e+00
6.541446e+00	1.498576e+01	1.822808e-03	67588965.000000	0.000000e+00
6.543441e+00	1.497349e+01	1.821203e-03	67597333.000000	0.000000e+00
6.545435e+00	1.496862e+01	1.819457e-03	67683075.000000	0.000000e+00
6.547430e+00	1.496000e+01	1.818385e-03	67684885.000000	0.000000e+00
6.549425e+00	1.495065e+01	1.816534e-03	67738093.000000	0.000000e+00
6.551419e+00	1.494193e+01	1.814731e-03	67793607.000000	0.000000e+00
6.553414e+00	1.493300e+01	1.813454e-03	67808065.000000	0.000000e+00
6.555409e+00	1.492430e+01	1.811540e-03	67872225.000000	0.000000e+00
6.557403e+00	1.491615e+01	1.810211e-03	67897735.000000	0.000000e+00
6.559398e+00	1.490544e+01	1.808279e-03	67945161.000000	0.000000e+00
6.561392e+00	1.489974e+01	1.807064e-03	67984585.000000	0.000000e+00
6.563387e+00	1.488835e+01	1.805121e-03	68026861.000000	0.000000e+00
6.565382e+00	1.488101e+01	1.803575e-03	68076363.000000	0.000000e+00
6.567376e+00	1.487000e+01	1.801779e-03	68111197.000000	0.000000e+00
6.569371e+00	1.486183e+01	1.799843e-03	68182857.000000	0.000000e+00
6.571366e+00	1.485303e+01	1.798793e-03	68181739.000000	0.000000e+00
6.573360e+00	1.484853e+01	1.797832e-03	68213277.000000	0.000000e+00
6.575355e+00	1.483853e+01	1.795494e-03	68298937.000000	0.000000e+00
6.577350e+00	1.482749e+01	1.794176e-03	68297629.000000	0.000000e+00
6.579344e+00	1.482036e+01	1.792451e-03	68363271.000000	0.000000e+00
6.581339e+00	1.481166e+01	1.790938e-03	68398477.000000	0.000000e+00
6.583334e+00	1.480294e+01	1.788858e-03	68476941.000000	0.000000e+00
6.585329e+00	1.479486e+01	1.788112e-03	68459251.000000	0.000000e+00
6.587323e+00	1.478688e+01	1.786169e-03	68534337.000000	0.000000e+00
6.589318e+00	1.477491e+01	1.784428e-03	68556973.000000	0.000000e+00
6.591312e+00	1.476767e+01	1.782671e-03	68624875.000000	0.000000e+00
6.593307e+00	1.475910e+01	1.781299e-03	68650857.000000	0.000000e+00
6.595301e+00	1.474882e+01	1.780011e-03	68654449.000000	0.000000e+00
6.597296e+00	1.474058e+01	1.777659e-03	68759421.000000	0.000000e+00
6.599291e+00	1.473387e+01	1.776773e-03	68765287.000000	0.000000e+00
6.601285e+00	1.472106e+01	1.774430e-03	68827249.000000	0.000000e+00
6.603280e+00	1.471191e+01	1.773000e-03	68852577.000000	0.000000e+00
6.605275e+00	1.470695e+01	1.771602e-03	68914915.000000	0.000000e+00
6.607269e+00	1.469584e+01	1.770251e-03	68915805.000000	0.000000e+00
6.609264e+00	1.468927e+01	1.768570e-03	68985133.000000	0.000000e+00
6.611258e+00	1.467933e+01	1.766778e-03	69031713.000000	0.000000e+00
6.613253e+00	1.467276e+01	1.765401e-03	69077575.000000	0.000000e+00
6.615248e+00	1.466459e+01	1.764268e-03	69089281.000000	0.000000e+00
6.617242e+00	1.465513e+01	1.762060e-03	69173229.000000	0.000000e+00
6.619238e+00	1.464662e+01	1.760695e-03	69200071.000000	0.000000e+00
6.621232e+00	1.463964e+01	1.759455e-03	69231585.000000	0.000000e+00
6.623227e+00	1.462786e+01	1.757751e-03	69254305.000000	0.000000e+00
6.625221e+00	1.462120e+01	1.756011e-03	69328431.000000	0.000000e+00
6.627216e+00	1.461532e+01	1.754825e-03	69366361.000000	0.000000e+00
6.629211e+00	1.460301e+01	1.753005e-03	69393433.000000	0.000000e+00
6.631205e+00	1.459411e+01	1.751265e-03	69446673.000000	0.000000e+00
6.633200e+00	1.458537e+01	1.749914e-03	69470731.000000	0.000000e+00
6.635194e+00	1.457570e+01	1.747984e-03	69531897.000000	0.000000e+00
6.637189e+00	1.456883e+01	1.746739e-03	69565465.000000	0.000000e+00
6.639184e+00	1.456198e+01	1.745226e-03	69620583.000000	0.000000e+00
6.641179e+00	1.454963e+01	1.743524e-03	69638233.000000	0.000000e+00
6.643173e+00	1.454541e+01	1.742395e-03	69688069.000000	0.000000e+00
6.645168e+00	1.453718e+01	1.740655e-03	69748569.000000	0.000000e+00
6.647163e+00	1.452663e+01	1.738791e-03	69796687.000000	0.000000e+00
6.649157e+00	1.451684e+01	1.737891e-03	69774837.000000	0.000000e+00
6.651152e+00	1.450899e+01	1.735603e-03	69883273.000000	0.000000e+00
6.653147e+00	1.450152e+01	1.734300e-03	69916363.000000	0.000000e+00
6.655141e+00	1.449099e+01	1.732939e-03	69924549.000000	0.000000e+00
6.657135e+00	1.448329e+01	1.731335e-03	69979717.000000	0.000000e+00
6.659130e+00	1.447601e+01	1.730011e-03	70016457.000000	0.000000e+00
6.661125e+00	1.446511e+01	1.727600e-03	70106263.000000	0.000000e+00
6.663120e+00	1.445868e+01	1.727073e-03	70086741.000000	0.000000e+00
6.665114e+00	1.444995e+01	1.725210e-03	70153381.000000	0.000000e+00
6.667109e+00	1.444031e+01	1.723266e-03	70218067.000000	0.000000e+00
6.669103e+00	1.443335e+01	1.722497e-03	70212945.000000	0.000000e+00
6.671098e+00	1.442377e+01	1.720189e-03	70308061.000000	0.000000e+00
6.673093e+00	1.441435e+01	1.719208e-03	70296387.000000	0.000000e+00
6.675087e+00	1.440802e+01	1.717884e-03	70343017.000000	0.000000e+00
6.677082e+00	1.440237e+01	1.716131e-03	70431585.000000	0.000000e+00
6.679077e+00	1.438916e+01	1.714360e-03	70447681.000000	0.000000e+00
6.681071e+00	1.438504e+01	1.713115e-03	70509763.000000	0.000000e+00
6.683066e+00	1.437205e+01	1.711544e-03	70511697.000000	0.000000e+00
6.685061e+00	1.436475e+01	1.709689e-03	70593073.000000	0.000000e+00
6.687055e+00	1.435805e+01	1.708716e-03	70607571.000000	0.000000e+00
6.689050e+00	1.435115e+01	1.707229e-03	70662649.000000	0.000000e+00
6.691045e+00	1.433920e+01	1.705466e-03	70690953.000000	0.000000e+00
6.693039e+00	1.433394e+01	1.703963e-03	70763773.000000	0.000000e+00
6.695034e+00	1.432416e+01	1.702692e-03	70772755.000000	0.000000e+00
6.697028e+00	1.431532e+01	1.701140e-03	70814397.000000	0.000000e+00
6.699023e+00	1.430628e+01	1.699376e-03	70872001.000000	0.000000e+00
6.701018e+00	1.429729e+01	1.697706e-03	70922331.000000	0.000000e+00
6.703013e+00	1.428890e+01	1.696336e-03	70953493.000000	0.000000e+00
6.705007e+00	1.427953e+01	1.694567e-03	71008525.000000	0.000000e+00
6.707002e+00	1.427221e+01	1.693689e-03	71009271.000000	0.000000e+00
6.708996e+00	1.426362e+01	1.691564e-03	71102185.000000	0.000000e+00
6.710991e+00	1.425662e+01	1.690374e-03	71132433.000000	0.000000e+00
6.712986e+00	1.424741e+01	1.688865e-03	71167513.000000	0.000000e+00
6.714980e+00	1.423937e+01	1.687773e-03	71179227.000000	0.000000e+00
6.716975e+00	1.423126e+01	1.685724e-03	71271217.000000	0.000000e+00
6.718970e+00	1.422400e+01	1.684432e-03	71307709.000000	0.000000e+00
6.720965e+00	1.421548e+01	1.683100e-03	71335107.000000	0.000000e+00
6.722959e+00	1.420547e+01	1.681937e-03	71333209.000000	0.000000e+00
6.724953e+00	1.419863e+01	1.680104e-03	71420157.000000	0.000000e+00
6.726948e+00	1.419152e+01	1.678843e-03	71455789.000000	0.000000e+00
6.728943e+00	1.418093e+01	1.676634e-03	71537391.000000	0.000000e+00
6.730938e+00	1.417210e+01	1.675583e-03	71537917.000000	0.000000e+00
6.732933e+00	1.416571e+01	1.673920e-03	71615581.000000	0.000000e+00
6.734927e+00	1.415701e+01	1.673073e-03	71600091.000000	0.000000e+00
6.736921e+00	1.414768e+01	1.671060e-03	71678101.000000	0.000000e+00
6.738916e+00	1.414414e+01	1.670574e-03	71683905.000000	0.000000e+00
6.740910e+00	1.413471e+01	1.668370e-03	71777653.000000	0.000000e+00
6.742905e+00	1.412176e+01	1.666358e-03	71819335.000000	0.000000e+00
6.744900e+00	1.411751e+01	1.665498e-03	71850177.000000	0.000000e+00
6.746895e+00	1.411026e+01	1.664224e-03	71886373.000000	0.000000e+00
6.748890e+00	1.409704e+01	1.662281e-03	71919615.000000	0.000000e+00
6.750884e+00	1.409522e+01	1.661647e-03	71955817.000000	0.000000e+00
6.752878e+00	1.408534e+01	1.659749e-03	72019377.000000	0.000000e+00
6.754873e+00	1.407609e+01	1.658107e-03	72067459.000000	0.000000e+00
6.756868e+00	1.406978e+01	1.656863e-03	72110929.000000	0.000000e+00
6.758862e+00	1.406042e+01	1.655962e-03	72093417.000000	0.000000e+00
6.760857e+00	1.405419e+01	1.653887e-03	72210433.000000	0.000000e+00
6.762852e+00	1.404397e+01	1.652463e-03	72229863.000000	0.000000e+00
6.764847e+00	1.403519e+01	1.650774e-03	72287137.000000	0.000000e+00
6.766841e+00	1.402692e+01	1.649641e-03	72301185.000000	0.000000e+00
6.768836e+00	1.401979e+01	1.648166e-03	72357079.000000	0.000000e+00
6.770831e+00	1.401319e+01	1.647001e-03	72391201.000000	0.000000e+00
6.772825e+00	1.400318e+01	1.645382e-03	72430269.000000	0.000000e+00
6.774819e+00	1.399682e+01	1.644097e-03	72477553.000000	0.000000e+00
6.776815e+00	1.398784e+01	1.642037e-03	72566379.000000	0.000000e+00
6.778809e+00	1.397639e+01	1.641076e-03	72532477.000000	0.000000e+00
6.780804e+00	1.397063e+01	1.639130e-03	72644985.000000	0.000000e+00
6.782799e+00	1.396382e+01	1.638457e-03	72633703.000000	0.000000e+00
6.784793e+00	1.396022e+01	1.637457e-03	72685057.000000	0.000000e+00
6.786787e+00	1.394924e+01	1.635544e-03	72740601.000000	0.000000e+00
6.788782e+00	1.394085e+01	1.633983e-03	72791959.000000	0.000000e+00
6.790777e+00	1.393144e+01	1.632420e-03	72832977.000000	0.000000e+00
6.792772e+00	1.392504e+01	1.631438e-03	72853753.000000	0.000000e+00
6.794766e+00	1.391424e+01	1.629595e-03	72905473.000000	0.000000e+00
6.796761e+00	1.390651e+01	1.628012e-03	72966087.000000	0.000000e+00
6.798756e+00	1.389768e+01	1.626699e-03	72991153.000000	0.000000e+00
6.800750e+00	1.389357e+01	1.625844e-03	73024713.000000	0.000000e+00
6.802745e+00	1.388090e+01	1.623530e-03	73099567.000000	0.000000e+00
6.804740e+00	1.387717e+01	1.622859e-03	73120737.000000	0.000000e+00
6.806734e+00	1.386735e+01	1.621252e-03	73162081.000000	0.000000e+00
6.808729e+00	1.386122e+01	1.620001e-03	73210333.000000	0.000000e+00
6.810724e+00	1.385319e+01	1.618401e-03	73270167.000000	0.000000e+00
6.812718e+00	1.384232e+01	1.617072e-03	73275493.000000	0.000000e+00
6.814713e+00	1.383670e+01	1.615688e-03	73341501.000000	0.000000e+00
6.816707e+00	1.382859e+01	1.614500e-03	73363387.000000	0.000000e+00
6.818702e+00	1.382066e+01	1.612424e-03	73468149.000000	0.000000e+00
6.820697e+00	1.381222e+01	1.611768e-03	73438201.000000	0.000000e+00
6.822691e+00	1.380365e+01	1.609898e-03	73517587.000000	0.000000e+00
6.824686e+00	1.379867e+01	1.609048e-03	73542153.000000	0.000000e+00
6.826681e+00	1.378876e+01	1.607075e-03	73617013.000000	0.000000e+00
6.828675e+00	1.377918e+01	1.605917e-03	73620777.000000	0.000000e+00
6.830670e+00	1.377678e+01	1.604892e-03	73689235.000000	0.000000e+00
6.832665e+00	1.376442e+01	1.603100e-03	73721601.000000	0.000000e+00
6.834659e+00	1.375689e+01	1.601694e-03	73770253.000000	0.000000e+00
6.836654e+00	1.374892e+01	1.600314e-03	73811983.000000	0.000000e+00
6.838648e+00	1.374018e+01	1.598880e-03	73850505.000000	0.000000e+00
6.840643e+00	1.373420e+01	1.597796e-03	73886329.000000	0.000000e+00
6.842638e+00	1.372460e+01	1.595948e-03	73954017.000000	0.000000e+00
6.844633e+00	1.372012e+01	1.594751e-03	74016691.000000	0.000000e+00
6.846627e+00	1.370825e+01	1.593677e-03	73988353.000000	0.000000e+00
6.848622e+00	1.370154e+01	1.591976e-03	74073993.000000	0.000000e+00
6.850616e+00	1.369515e+01	1.590885e-03	74106439.000000	0.000000e+00
6.852611e+00	1.368748e+01	1.589424e-03	74159661.000000	0.000000e+00
6.854605e+00	1.367856e+01	1.587944e-03	74201185.000000	0.000000e+00
6.856600e+00	1.367019e+01	1.586347e-03	74259573.000000	0.000000e+00
6.858595e+00	1.366407e+01	1.585293e-03	74291827.000000	0.000000e+00
6.860590e+00	1.365274e+01	1.583771e-03	74311333.000000	0.000000e+00
6.862584e+00	1.364648e+01	1.582374e-03	74374317.000000	0.000000e+00
6.864579e+00	1.363848e+01	1.580838e-03	74431651.000000	0.000000e+00
6.866574e+00	1.363346e+01	1.580113e-03	74445033.000000	0.000000e+00
6.868568e+00	1.362412e+01	1.578390e-03	74505529.000000	0.000000e+00
6.870563e+00	1.361688e+01	1.577099e-03	74548239.000000	0.000000e+00
6.872558e+00	1.360942e+01	1.575875e-03	74582317.000000	0.000000e+00
6.874552e+00	1.360209e+01	1.574456e-03	74636257.000000	0.000000e+00
6.876547e+00	1.359364e+01	1.573157e-03	74666829.000000	0.000000e+00
6.878541e+00	1.358759e+01	1.571740e-03	74734903.000000	0.000000e+00
6.880536e+00	1.357655e+01	1.570337e-03	74746893.000000	0.000000e+00
6.882531e+00	1.357282e+01	1.569107e-03	74822917.000000	0.000000e+00
6.884525e+00	1.356136e+01	1.567749e-03	74826123.000000	0.000000e+00
6.886520e+00	1.355692e+01	1.566295e-03	74916049.000000	0.000000e+00
6.888515e+00	1.354773e+01	1.564995e-03	74938897.000000	0.000000e+00
6.890510e+00	1.353852e+01	1.563662e-03	74964717.000000	0.000000e+00
6.892504e+00	1.353256e+01	1.562223e-03	75036715.000000	0.000000e+00
6.894499e+00	1.352329e+01	1.561008e-03	75050637.000000	0.000000e+00
6.896493e+00	1.351844e+01	1.559797e-03	75113425.000000	0.000000e+00
6.898488e+00	1.350709e+01	1.558123e-03	75148519.000000	0.000000e+00
6.900482e+00	1.350110e+01	1.556988e-03	75191253.000000	0.000000e+00
6.902477e+00	1.349264e+01	1.555408e-03	75249757.000000	0.000000e+00
6.904472e+00	1.348400e+01	1.554251e-03	75265359.000000	0.000000e+00
6.906466e+00	1.347729e+01	1.552792e-03	75331813.000000	0.000000e+00
6.908461e+00	1.347296e+01	1.551988e-03	75361533.000000	0.000000e+00
6.910456e+00	1.346541e+01	1.550368e-03	75434401.000000	0.000000e+00
6.912451e+00	1.345400e+01	1.548737e-03	75465235.000000	0.000000e+00
6.914445e+00	1.344718e+01	1.547921e-03	75468393.000000	0.000000e+00
6.916439e+00	1.343883e+01	1.545997e-03	75562441.000000	0.000000e+00
6.918434e+00	1.343403e+01	1.545169e-03	75589431.000000	0.000000e+00
6.920429e+00	1.342562e+01	1.543675e-03	75640945.000000	0.000000e+00
6.922424e+00	1.341707e+01	1.542532e-03	75656697.000000	0.000000e+00
6.924418e+00	1.340800e+01	1.540728e-03	75731377.000000	0.000000e+00
6.926413e+00	1.340478e+01	1.540091e-03	75757699.000000	0.000000e+00
6.928407e+00	1.339337e+01	1.538396e-03	75795489.000000	0.000000e+00
6.930402e+00	1.338860e+01	1.537194e-03	75860065.000000	0.000000e+00
6.932397e+00	1.338015e+01	1.535760e-03	75905883.000000	0.000000e+00
6.934392e+00	1.337156e+01	1.534475e-03	75935401.000000	0.000000e+00
6.936386e+00	1.336395e+01	1.533128e-03	75982345.000000	0.000000e+00
6.938381e+00	1.335488e+01	1.531664e-03	76024437.000000	0.000000e+00
6.940376e+00	1.334992e+01	1.530530e-03	76080487.000000	0.000000e+00
6.942371e+00	1.334200e+01	1.529371e-03	76105545.000000	0.000000e+00
6.944365e+00	1.333290e+01	1.527933e-03	76144861.000000	0.000000e+00
6.946359e+00	1.332702e+01	1.526699e-03	76200771.000000	0.000000e+00
6.948354e+00	1.331667e+01	1.525138e-03	76238197.000000	0.000000e+00
6.950349e+00	1.331251e+01	1.523946e-03	76309885.000000	0.000000e+00
6.952343e+00	1.330263e+01	1.522928e-03	76298607.000000	0.000000e+00
6.954338e+00	1.329718e+01	1.521411e-03	76388113.000000	0.000000e+00
6.956333e+00	1.329038e+01	1.520231e-03	76428585.000000	0.000000e+00
6.958328e+00	1.328368e+01	1.519080e-03	76467313.000000	0.000000e+00
6.960322e+00	1.327366e+01	1.517668e-03	76494123.000000	0.000000e+00
6.962317e+00	1.326808e+01	1.516494e-03	76548181.000000	0.000000e+00
6.964311e+00	1.326216e+01	1.515349e-03	76595545.000000	0.000000e+00
6.966306e+00	1.325000e+01	1.513540e-03	76638015.000000	0.000000e+00
6.968301e+00	1.324318e+01	1.512172e-03	76697749.000000	0.000000e+00
6.970295e+00	1.323452e+01	1.511174e-03	76698621.000000	0.000000e+00
6.972290e+00	1.323159e+01	1.510032e-03	76780597.000000	0.000000e+00
6.974284e+00	1.322466e+01	1.508989e-03	76806315.000000	0.000000e+00
6.976279e+00	1.321588e+01	1.507513e-03	76854685.000000	0.000000e+00
6.978274e+00	1.320959e+01	1.506231e-03	76912249.000000	0.000000e+00
6.980268e+00	1.320028e+01	1.505032e-03	76926255.000000	0.000000e+00
6.982263e+00	1.319164e+01	1.503241e-03	77008861.000000	0.000000e+00
6.984258e+00	1.318788e+01	1.502647e-03	77025801.000000	0.000000e+00
6.986252e+00	1.318043e+01	1.501228e-03	77084311.000000	0.000000e+00
6.988247e+00	1.317260e+01	1.499918e-03	77127253.000000	0.000000e+00
6.990242e+00	1.316522e+01	1.498740e-03	77161977.000000	0.000000e+00
6.992236e+00	1.315456e+01	1.497241e-03	77191417.000000	0.000000e+00
6.994231e+00	1.314621e+01	1.495598e-03	77262891.000000	0.000000e+00
6.996225e+00	1.314078e+01	1.494801e-03	77281501.000000	0.000000e+00
6.998220e+00	1.313499e+01	1.493374e-03	77361045.000000	0.000000e+00
7.000215e+00	1.312719e+01	1.492312e-03	77379259.000000	0.000000e+00
7.002210e+00	1.311985e+01	1.490911e-03	77438029.000000	0.000000e+00
7.004204e+00	1.311109e+01	1.489515e-03	77479725.000000	0.000000e+00
7.006199e+00	1.310430e+01	1.488611e-03	77493505.000000	0.000000e+00
7.008193e+00	1.309977e+01	1.487287e-03	77577891.000000	0.000000e+00
7.010188e+00	1.308622e+01	1.485467e-03	77607253.000000	0.000000e+00
7.012183e+00	1.308408e+01	1.484814e-03	77650137.000000	0.000000e+00
7.014178e+00	1.307543e+01	1.483370e-03	77698603.000000	0.000000e+00
7.016172e+00	1.306748e+01	1.482076e-03	77739661.000000	0.000000e+00
7.018167e+00	1.306389e+01	1.481454e-03	77762205.000000	0.000000e+00
7.020161e+00	1.305353e+01	1.479639e-03	77829547.000000	0.000000e+00
7.022156e+00	1.304659e+01	1.478192e-03	77899053.000000	0.000000e+00
7.024151e+00	1.303805e+01	1.477188e-03	77902825.000000	0.000000e+00
7.026145e+00	1.303339e+01	1.476080e-03	77964165.000000	0.000000e+00
7.028140e+00	1.302545e+01	1.474722e-03	78012679.000000	0.000000e+00
7.030135e+00	1.301454e+01	1.473354e-03	78026737.000000	0.000000e+00
7.032129e+00	1.301048e+01	1.472320e-03	78087585.000000	0.000000e+00
7.034124e+00	1.300208e+01	1.470626e-03	78166591.000000	0.000000e+00
7.036119e+00	1.299511e+01	1.469911e-03	78158709.000000	0.000000e+00
7.038113e+00	1.298816e+01	1.468290e-03	78247645.000000	0.000000e+00
7.040108e+00	1.298155e+01	1.467451e-03	78257461.000000	0.000000e+00
7.042102e+00	1.297525e+01	1.466230e-03	78311775.000000	0.000000e+00
7.044097e+00	1.296521e+01	1.464613e-03	78363445.000000	0.000000e+00
7.046092e+00	1.296125e+01	1.463761e-03	78406845.000000	0.000000e+00
7.048087e+00	1.295320e+01	1.462442e-03	78450631.000000	0.000000e+00
7.050081e+00	1.294412e+01	1.461093e-03	78485505.000000	0.000000e+00
7.052076e+00	1.293797e+01	1.460091e-03	78518593.000000	0.000000e+00
7.054070e+00	1.293173e+01	1.458781e-03	78583777.000000	0.000000e+00
7.056065e+00	1.292313e+01	1.457287e-03	78640395.000000	0.000000e+00
7.058060e+00	1.291516e+01	1.456097e-03	78671749.000000	0.000000e+00
7.060055e+00	1.290819e+01	1.454770e-03	78730281.000000	0.000000e+00
7.062049e+00	1.290219e+01	1.453991e-03	78741355.000000	0.000000e+00
7.064044e+00	1.289602e+01	1.452826e-03	78792405.000000	0.000000e+00
7.066038e+00	1.288758e+01	1.451094e-03	78877237.000000	0.000000e+00
7.068033e+00	1.288242e+01	1.450575e-03	78870451.000000	0.000000e+00
7.070027e+00	1.287442e+01	1.449118e-03	78931005.000000	0.000000e+00
7.072022e+00	1.286457e+01	1.447420e-03	78995245.000000	0.000000e+00
7.074017e+00	1.285831e+01	1.446503e-03	79018521.000000	0.000000e+00
7.076012e+00	1.285105e+01	1.445113e-03	79081327.000000	0.000000e+00
7.078006e+00	1.284428e+01	1.444404e-03	79075549.000000	0.000000e+00
7.080000e+00	1.283806e+01	1.442772e-03	79177689.000000	0.000000e+00
7.081995e+00	1.282904e+01	1.441345e-03	79223227.000000	0.000000e+00
7.083990e+00	1.282122e+01	1.440368e-03	79233933.000000	0.000000e+00
7.085984e+00	1.281911e+01	1.439629e-03	79289221.000000	0.000000e+00
7.087979e+00	1.281221e+01	1.438135e-03	79368573.000000	0.000000e+00
7.089974e+00	1.280238e+01	1.437139e-03	79356751.000000	0.000000e+00
7.091969e+00	1.279703e+01	1.435779e-03	79440649.000000	0.000000e+00
7.093963e+00	1.278854e+01	1.434632e-03	79462233.000000	0.000000e+00
7.095958e+00	1.278163e+01	1.433175e-03	79537879.000000	0.000000e+00
7.097953e+00	1.277574e+01	1.432369e-03	79553961.000000	0.000000e+00
7.099947e+00	1.276492e+01	1.430687e-03	79606177.000000	0.000000e+00
7.101942e+00	1.275952e+01	1.429561e-03	79664175.000000	0.000000e+00
7.103937e+00	1.275184e+01	1.428565e-03	79679281.000000	0.000000e+00
7.105931e+00	1.274536e+01	1.427174e-03	79753645.000000	0.000000e+00
7.107926e+00	1.273813e+01	1.426060e-03	79787637.000000	0.000000e+00
7.109921e+00	1.273083e+01	1.425001e-03	79814731.000000	0.000000e+00
7.111915e+00	1.272435e+01	1.423923e-03	79854177.000000	0.000000e+00
7.113910e+00	1.271702e+01	1.422369e-03	79936705.000000	0.000000e+00
7.115904e+00	1.271156e+01	1.421541e-03	79961115.000000	0.000000e+00
7.117899e+00	1.270389e+01	1.420030e-03	80034721.000000	0.000000e+00
7.119894e+00	1.269844e+01	1.419425e-03	80034193.000000	0.000000e+00
7.121889e+00	1.268959e+01	1.417638e-03	80124249.000000	0.000000e+00
7.123884e+00	1.268491e+01	1.416947e-03	80143363.000000	0.000000e+00
7.125878e+00	1.267471e+01	1.415503e-03	80177877.000000	0.000000e+00
7.127872e+00	1.266682e+01	1.414312e-03	80213005.000000	0.000000e+00
7.129867e+00	1.266085e+01	1.413078e-03	80277451.000000	0.000000e+00
7.131861e+00	1.265244e+01	1.411795e-03	80316525.000000	0.000000e+00
7.133856e+00	1.264727e+01	1.410515e-03	80396617.000000	0.000000e+00
7.135851e+00	1.264117e+01	1.410046e-03	80372613.000000	0.000000e+00
7.137845e+00	1.263113e+01	1.407900e-03	80489887.000000	0.000000e+00
7.139840e+00	1.262643e+01	1.407128e-03	80518137.000000	0.000000e+00
7.141835e+00	1.261863e+01	1.405946e-03	80554045.000000	0.000000e+00
7.143830e+00	1.260986e+01	1.404830e-03	80569843.000000	0.000000e+00
7.145824e+00	1.260532e+01	1.403618e-03	80651013.000000	0.000000e+00
7.147819e+00	1.259727e+01	1.402565e-03	80669017.000000	0.000000e+00
7.149813e+00	1.259425e+01	1.401873e-03	80710035.000000	0.000000e+00
7.151808e+00	1.258868e+01	1.400683e-03	80775613.000000	0.000000e+00
7.153803e+00	1.257840e+01	1.398967e-03	80841801.000000	0.000000e+00
7.155797e+00	1.257441e+01	1.398392e-03	80856937.000000	0.000000e+00
7.157792e+00	1.256667e+01	1.397104e-03	80906467.000000	0.000000e+00
7.159787e+00	1.255819e+01	1.395624e-03	80968713.000000	0.000000e+00
7.161782e+00	1.255021e+01	1.394423e-03	81005317.000000	0.000000e+00
7.163776e+00	1.254138e+01	1.393014e-03	81054987.000000	0.000000e+00
7.165771e+00	1.253620e+01	1.392512e-03	81046417.000000	0.000000e+00
7.167765e+00	1.252931e+01	1.390817e-03	81154881.000000	0.000000e+00
7.169760e+00	1.252333e+01	1.389890e-03	81185569.000000	0.000000e+00
7.171755e+00	1.251768e+01	1.388882e-03	81230131.000000	0.000000e+00
7.173749e+00	1.251065e+01	1.387923e-03	81250977.000000	0.000000e+00
7.175744e+00	1.250009e+01	1.386095e-03	81328021.000000	0.000000e+00
7.177739e+00	1.249499e+01	1.385173e-03	81369999.000000	0.000000e+00
7.179733e+00	1.248882e+01	1.384363e-03	81384673.000000	0.000000e+00
7.181728e+00	1.248165e+01	1.382789e-03	81476461.000000	0.000000e+00
7.183723e+00	1.247547e+01	1.382072e-03	81480279.000000	0.000000e+00
7.185717e+00	1.246879e+01	1.381045e-03	81514177.000000	0.000000e+00
7.187711e+00	1.246135e+01	1.379434e-03	81607233.000000	0.000000e+00
7.189706e+00	1.245423e+01	1.378493e-03	81625225.000000	0.000000e+00
7.191701e+00	1.244978e+01	1.377403e-03	81696099.000000	0.000000e+00
7.193696e+00	1.244197e+01	1.376406e-03	81711829.000000	0.000000e+00
7.195691e+00	1.243537e+01	1.375109e-03	81779245.000000	0.000000e+00
7.197685e+00	1.242997e+01	1.374234e-03	81812379.000000	0.000000e+00
7.199680e+00	1.242012e+01	1.372700e-03	81865393.000000	0.000000e+00
7.201675e+00	1.241870e+01	1.372227e-03	81903081.000000	0.000000e+00
7.203669e+00	1.240714e+01	1.370730e-03	81929305.000000	0.000000e+00
7.205664e+00	1.239925e+01	1.369299e-03	81996279.000000	0.000000e+00
7.207658e+00	1.239444e+01	1.368580e-03	82018729.000000	0.000000e+00
7.209653e+00	1.238823e+01	1.367190e-03	82103389.000000	0.000000e+00
7.211647e+00	1.237872e+01	1.365893e-03	82133067.000000	0.000000e+00
7.213642e+00	1.237374e+01	1.365206e-03	82149565.000000	0.000000e+00
7.215636e+00	1.236644e+01	1.363560e-03	82250853.000000	0.000000e+00
7.217631e+00	1.236057e+01	1.362890e-03	82253665.000000	0.000000e+00
7.219626e+00	1.235497e+01	1.361756e-03	82316103.000000	0.000000e+00
7.221621e+00	1.234708e+01	1.360385e-03	82376749.000000	0.000000e+00
7.223615e+00	1.233925e+01	1.359572e-03	82370785.000000	0.000000e+00
7.225610e+00	1.233384e+01	1.358215e-03	82463079.000000	0.000000e+00
7.227604e+00	1.232643e+01	1.357117e-03	82497457.000000	0.000000e+00
7.229599e+00	1.231991e+01	1.356077e-03	82536477.000000	0.000000e+00
7.231594e+00	1.231080e+01	1.354722e-03	82579471.000000	0.000000e+00
7.233589e+00	1.230922e+01	1.353856e-03	82664053.000000	0.000000e+00
7.235583e+00	1.229951e+01	1.352750e-03	82668657.000000	0.000000e+00
7.237578e+00	1.229506e+01	1.351756e-03	82730233.000000	0.000000e+00
7.239573e+00	1.228914e+01	1.350818e-03	82765515.000000	0.000000e+00
7.241567e+00	1.227877e+01	1.349513e-03	82785781.000000	0.000000e+00
7.243562e+00	1.227268e+01	1.348007e-03	82888629.000000	0.000000e+00
7.245557e+00	1.226812e+01	1.347531e-03	82885495.000000	0.000000e+00
7.247551e+00	1.225962e+01	1.346168e-03	82938385.000000	0.000000e+00
7.249546e+00	1.225341e+01	1.344841e-03	83017989.000000	0.000000e+00
7.251541e+00	1.224564e+01	1.343644e-03	83060569.000000	0.000000e+00
7.253535e+00	1.224001e+01	1.342897e-03	83076447.000000	0.000000e+00
7.255530e+00	1.223330e+01	1.341793e-03	83121985.000000	0.000000e+00
7.257524e+00	1.222642e+01	1.340637e-03	83171817.000000	0.000000e+00
7.259519e+00	1.221923e+01	1.339393e-03	83228383.000000	0.000000e+00
7.261514e+00	1.221341e+01	1.338296e-03	83285497.000000	0.000000e+00
7.263509e+00	1.220598e+01	1.337219e-03	83318337.000000	0.000000e+00
7.265503e+00	1.220099e+01	1.336303e-03	83364343.000000	0.000000e+00
7.267498e+00	1.219559e+01	1.335374e-03	83406357.000000	0.000000e+00
7.269493e+00	1.218815e+01	1.334131e-03	83459977.000000	0.000000e+00
7.271487e+00	1.218024e+01	1.333213e-03	83466565.000000	0.000000e+00
7.273482e+00	1.217125e+01	1.331329e-03	83579535.000000	0.000000e+00
7.275476e+00	1.216832e+01	1.331059e-03	83573077.000000	0.000000e+00
7.277471e+00	1.215742e+01	1.329261e-03	83649297.000000	0.000000e+00
7.279465e+00	1.215289e+01	1.328737e-03	83652895.000000	0.000000e+00
7.281460e+00	1.214820e+01	1.327490e-03	83745585.000000	0.000000e+00
7.283455e+00	1.214222e+01	1.326592e-03	83776477.000000	0.000000e+00
7.285450e+00	1.213486e+01	1.325368e-03	83829445.000000	0.000000e+00
7.287444e+00	1.213016e+01	1.324579e-03	83864367.000000	0.000000e+00
7.289439e+00	1.212156e+01	1.323123e-03	83929765.000000	0.000000e+00
7.291433e+00	1.211779e+01	1.322836e-03	83914041.000000	0.000000e+00
7.293428e+00	1.210894e+01	1.320959e-03	84029827.000000	0.000000e+00
7.295423e+00	1.210213e+01	1.320158e-03	84037149.000000	0.000000e+00
7.297417e+00	1.209464e+01	1.318667e-03	84123145.000000	0.000000e+00
7.299412e+00	1.208788e+01	1.317952e-03	84120391.000000	0.000000e+00
7.301407e+00	1.208188e+01	1.316661e-03	84201801.000000	0.000000e+00
7.303401e+00	1.207491e+01	1.315803e-03	84214285.000000	0.000000e+00
7.305396e+00	1.207000e+01	1.314747e-03	84280989.000000	0.000000e+00
7.307391e+00	1.206073e+01	1.313214e-03	84348223.000000	0.000000e+00
7.309385e+00	1.205736e+01	1.312730e-03	84363417.000000	0.000000e+00
7.311380e+00	1.204906e+01	1.311319e-03	84428689.000000	0.000000e+00
7.313375e+00	1.204542e+01	1.310746e-03	84451435.000000	0.000000e+00
7.315369e+00	1.203713e+01	1.309256e-03	84527313.000000	0.000000e+00
7.317364e+00	1.203085e+01	1.308631e-03	84519793.000000	0.000000e+00
7.319358e+00	1.202419e+01	1.307166e-03	84615477.000000	0.000000e+00
7.321353e+00	1.201905e+01	1.306240e-03	84663055.000000	0.000000e+00
7.323348e+00	1.201141e+01	1.305186e-03	84692161.000000	0.000000e+00
7.325343e+00	1.200552e+01	1.304175e-03	84740385.000000	0.000000e+00
7.327337e+00	1.199744e+01	1.302895e-03	84792655.000000	0.000000e+00
7.329332e+00	1.199215e+01	1.301942e-03	84842025.000000	0.000000e+00
7.331327e+00	1.198597e+01	1.301059e-03	84869569.000000	0.000000e+00
7.333321e+00	1.197840e+01	1.299855e-03	84919581.000000	0.000000e+00
7.335316e+00	1.197127e+01	1.298702e-03	84969223.000000	0.000000e+00
7.337310e+00	1.196543e+01	1.297585e-03	85032445.000000	0.000000e+00
7.339305e+00	1.196266e+01	1.297084e-03	85058865.000000	0.000000e+00
7.341300e+00	1.195354e+01	1.295760e-03	85102795.000000	0.000000e+00
7.343294e+00	1.194547e+01	1.294657e-03	85132845.000000	0.000000e+00
7.345289e+00	1.193991e+01	1.293039e-03	85266613.000000	0.000000e+00
7.347284e+00	1.193243e+01	1.292566e-03	85222191.000000	0.000000e+00
7.349278e+00	1.192959e+01	1.291709e-03	85294645.000000	0.000000e+00
7.351273e+00	1.192053e+01	1.290488e-03	85326289.000000	0.000000e+00
7.353267e+00	1.191630e+01	1.289590e-03	85384593.000000	0.000000e+00
7.355262e+00	1.190823e+01	1.288257e-03	85445539.000000	0.000000e+00
7.357257e+00	1.190085e+01	1.287236e-03	85475049.000000	0.000000e+00
7.359251e+00	1.189515e+01	1.286232e-03	85526677.000000	0.000000e+00
7.361246e+00	1.188916e+01	1.285260e-03	85569783.000000	0.000000e+00
7.363241e+00	1.188018e+01	1.283792e-03	85636009.000000	0.000000e+00
7.365235e+00	1.187797e+01	1.283400e-03	85656613.000000	0.000000e+00
7.367230e+00	1.187126e+01	1.282267e-03	85711017.000000	0.000000e+00
7.369225e+00	1.186328e+01	1.280944e-03	85772731.000000	0.000000e+00
7.371219e+00	1.185690e+01	1.280053e-03	85799865.000000	0.000000e+00
7.373214e+00	1.185496e+01	1.279461e-03	85851121.000000	0.000000e+00
7.375209e+00	1.184571e+01	1.278166e-03	85891111.000000	0.000000e+00
7.377203e+00	1.183849e+01	1.277051e-03	85936197.000000	0.000000e+00
7.379198e+00	1.183289e+01	1.275989e-03	85997905.000000	0.000000e+00
7.381193e+00	1.182444e+01	1.274672e-03	86052651.000000	0.000000e+00
7.383187e+00	1.181860e+01	1.273864e-03	86076781.000000	0.000000e+00
7.385182e+00	1.181179e+01	1.272798e-03	86121729.000000	0.000000e+00
7.387176e+00	1.180735e+01	1.271862e-03	86183677.000000	0.000000e+00
7.389171e+00	1.179991e+01	1.270790e-03	86220343.000000	0.000000e+00
7.391166e+00	1.179234e+01	1.269438e-03	86293329.000000	0.000000e+00
7.393161e+00	1.178951e+01	1.269038e-03	86306317.000000	0.000000e+00
7.395155e+00	1.178235e+01	1.267797e-03	86370183.000000	0.000000e+00
7.397150e+00	1.177529e+01	1.266806e-03	86401909.000000	0.000000e+00
7.399145e+00	1.176940e+01	1.265644e-03	86474025.000000	0.000000e+00
7.401139e+00	1.176549e+01	1.265252e-03	86470033.000000	0.000000e+00
7.403134e+00	1.175700e+01	1.263431e-03	86594383.000000	0.000000e+00
7.405129e+00	1.175000e+01	1.262862e-03	86569209.000000	0.000000e+00
7.407123e+00	1.174412e+01	1.261576e-03	86659117.000000	0.000000e+00
7.409118e+00	1.173872e+01	1.260954e-03	86664903.000000	0.000000e+00
7.411112e+00	1.173280e+01	1.259714e-03	86748049.000000	0.000000e+00
7.413107e+00	1.172615e+01	1.258579e-03	86805933.000000	0.000000e+00
7.415102e+00	1.171892e+01	1.257809e-03	86805301.000000	0.000000e+00
7.417096e+00	1.171429e+01	1.256583e-03	86905903.000000	0.000000e+00
7.419091e+00	1.170570e+01	1.255682e-03	86903181.000000	0.000000e+00
7.421086e+00	1.169959e+01	1.254552e-03	86968933.000000	0.000000e+00
7.423081e+00	1.169780e+01	1.253802e-03	87046419.000000	0.000000e+00
7.425075e+00	1.168806e+01	1.252727e-03	87050533.000000	0.000000e+00
7.427069e+00	1.168303e+01	1.251987e-03	87078685.000000	0.000000e+00
7.429064e+00	1.167722e+01	1.250635e-03	87180171.000000	0.000000e+00
7.431059e+00	1.166971e+01	1.249649e-03	87205537.000000	0.000000e+00
7.433053e+00	1.166402e+01	1.248770e-03	87243225.000000	0.000000e+00
7.435048e+00	1.165533e+01	1.247588e-03	87278329.000000	0.000000e+00
7.437042e+00	1.165136e+01	1.246551e-03	87364107.000000	0.000000e+00
7.439037e+00	1.164539e+01	1.245725e-03	87390397.000000	0.000000e+00
7.441032e+00	1.163849e+01	1.244653e-03	87437269.000000	0.000000e+00
7.443027e+00	1.163257e+01	1.243585e-03	87498531.000000	0.000000e+00
7.445022e+00	1.162581e+01	1.242619e-03	87532741.000000	0.000000e+00
7.447016e+00	1.162044e+01	1.241638e-03	87590145.000000	0.000000e+00
7.449011e+00	1.161150e+01	1.240638e-03	87596437.000000	0.000000e+00
7.451005e+00	1.160811e+01	1.239694e-03	87678711.000000	0.000000e+00
7.453000e+00	1.160000e+01	1.238490e-03	87726577.000000	0.000000e+00
7.454995e+00	1.159599e+01	1.237789e-03	87765253.000000	0.000000e+00
7.456989e+00	1.159123e+01	1.236934e-03	87814323.000000	0.000000e+00
7.458984e+00	1.158705e+01	1.236214e-03	87853381.000000	0.000000e+00
7.460979e+00	1.157477e+01	1.234349e-03	87932409.000000	0.000000e+00
7.462973e+00	1.157255e+01	1.234003e-03	87948043.000000	0.000000e+00
7.464968e+00	1.156316e+01	1.232644e-03	87999121.000000	0.000000e+00
7.466962e+00	1.155986e+01	1.231970e-03	88045077.000000	0.000000e+00
7.468957e+00	1.155359e+01	1.230961e-03	88093789.000000	0.000000e+00
7.470952e+00	1.154785e+01	1.229905e-03	88157427.000000	0.000000e+00
7.472947e+00	1.154092e+01	1.229011e-03	88179901.000000	0.000000e+00
7.474941e+00	1.153563e+01	1.228059e-03	88235697.000000	0.000000e+00
7.476935e+00	1.152824e+01	1.227041e-03	88268911.000000	0.000000e+00
7.478931e+00	1.152265e+01	1.225657e-03	88382629.000000	0.000000e+00
7.480925e+00	1.151805e+01	1.225477e-03	88338033.000000	0.000000e+00
7.482919e+00	1.150857e+01	1.223932e-03	88415401.000000	0.000000e+00
7.484914e+00	1.150464e+01	1.222977e-03	88493247.000000	0.000000e+00
7.486909e+00	1.149794e+01	1.222099e-03	88517029.000000	0.000000e+00
7.488904e+00	1.149212e+01	1.221085e-03	88574481.000000	0.000000e+00
7.490898e+00	1.148508e+01	1.220043e-03	88617067.000000	0.000000e+00
7.492893e+00	1.148228e+01	1.219449e-03	88660273.000000	0.000000e+00
7.494888e+00	1.147304e+01	1.218146e-03	88707141.000000	0.000000e+00
7.496882e+00	1.147001e+01	1.217568e-03	88744423.000000	0.000000e+00
7.498877e+00	1.146277e+01	1.216446e-03	88796037.000000	0.000000e+00
7.500871e+00	1.145730e+01	1.215347e-03	88871761.000000	0.000000e+00
7.502866e+00	1.144910e+01	1.214549e-03	88861281.000000	0.000000e+00
7.504861e+00	1.144588e+01	1.213312e-03	88992487.000000	0.000000e+00
7.506856e+00	1.143671e+01	1.212423e-03	88980337.000000	0.000000e+00
7.508850e+00	1.143398e+01	1.211675e-03	89047665.000000	0.000000e+00
7.510845e+00	1.142866e+01	1.210939e-03	89073079.000000	0.000000e+00
7.512839e+00	1.142010e+01	1.209651e-03	89129073.000000	0.000000e+00
7.514834e+00	1.141189e+01	1.208451e-03	89177941.000000	0.000000e+00
7.516828e+00	1.140929e+01	1.207772e-03	89237533.000000	0.000000e+00
7.518823e+00	1.140471e+01	1.206978e-03	89283195.000000	0.000000e+00
7.520818e+00	1.139568e+01	1.205864e-03	89306761.000000	0.000000e+00
7.522812e+00	1.139162e+01	1.204850e-03	89393265.000000	0.000000e+00
7.524807e+00	1.138324e+01	1.203959e-03	89394019.000000	0.000000e+00
7.526802e+00	1.137645e+01	1.202593e-03	89490321.000000	0.000000e+00
7.528797e+00	1.137274e+01	1.202046e-03	89513509.000000	0.000000e+00
7.530791e+00	1.136809e+01	1.201332e-03	89546581.000000	0.000000e+00
7.532785e+00	1.135944e+01	1.200096e-03	89594667.000000	0.000000e+00
7.534780e+00	1.135564e+01	1.199296e-03	89654125.000000	0.000000e+00
7.536775e+00	1.134810e+01	1.198026e-03	89725053.000000	0.000000e+00
7.538770e+00	1.134165e+01	1.197080e-03	89764819.000000	0.000000e+00
7.540765e+00	1.133719e+01	1.196353e-03	89803329.000000	0.000000e+00
7.542759e+00	1.133239e+01	1.195552e-03	89847541.000000	0.000000e+00
7.544754e+00	1.132399e+01	1.194566e-03	89862619.000000	0.000000e+00
7.546748e+00	1.131742e+01	1.193293e-03	89949945.000000	0.000000e+00
7.548743e+00	1.131332e+01	1.192592e-03	89990461.000000	0.000000e+00
7.550738e+00	1.130527e+01	1.191246e-03	90065553.000000	0.000000e+00
7.552733e+00	1.130062e+01	1.190701e-03	90073939.000000	0.000000e+00
7.554727e+00	1.129482e+01	1.189910e-03	90101157.000000	0.000000e+00
7.556722e+00	1.128821e+01	1.188559e-03	90200485.000000	0.000000e+00
7.558716e+00	1.128348e+01	1.187987e-03	90211735.000000	0.000000e+00
7.560711e+00	1.127714e+01	1.186879e-03	90278553.000000	0.000000e+00
7.562706e+00	1.127393e+01	1.186188e-03	90332449.000000	0.000000e+00
7.564700e+00	1.126455e+01	1.185045e-03	90356217.000000	0.000000e+00
7.566695e+00	1.126276e+01	1.184293e-03	90442303.000000	0.000000e+00
7.568690e+00	1.125340e+01	1.183163e-03	90464605.000000	0.000000e+00
7.570684e+00	1.124836e+01	1.182607e-03	90468525.000000	0.000000e+00
7.572678e+00	1.124369e+01	1.181509e-03	90561523.000000	0.000000e+00
7.574673e+00	1.123858e+01	1.180650e-03	90611049.000000	0.000000e+00
7.576668e+00	1.123068e+01	1.179367e-03	90680521.000000	0.000000e+00
7.578663e+00	1.122404e+01	1.178697e-03	90676251.000000	0.000000e+00
7.580657e+00	1.121966e+01	1.177601e-03	90774265.000000	0.000000e+00
7.582652e+00	1.121488e+01	1.176826e-03	90816649.000000	0.000000e+00
7.584647e+00	1.120719e+01	1.175936e-03	90829305.000000	0.000000e+00
7.586641e+00	1.120137e+01	1.174983e-03	90882403.000000	0.000000e+00
7.588636e+00	1.119787e+01	1.174214e-03	90944409.000000	0.000000e+00
7.590631e+00	1.118849e+01	1.172785e-03	91013557.000000	0.000000e+00
7.592625e+00	1.118306e+01	1.172305e-03	90999795.000000	0.000000e+00
7.594620e+00	1.117852e+01	1.171116e-03	91110517.000000	0.000000e+00
7.596614e+00	1.117217e+01	1.170467e-03	91108057.000000	0.000000e+00
7.598609e+00	1.116655e+01	1.169242e-03	91207221.000000	0.000000e+00
7.600604e+00	1.116072e+01	1.168480e-03	91230871.000000	0.000000e+00
7.602599e+00	1.115459e+01	1.167426e-03	91295265.000000	0.000000e+00
7.604593e+00	1.114833e+01	1.166681e-03	91309405.000000	0.000000e+00
7.606588e+00	1.114203e+01	1.165663e-03	91365591.000000	0.000000e+00
7.608582e+00	1.113872e+01	1.164989e-03	91416925.000000	0.000000e+00
7.610577e+00	1.113116e+01	1.163813e-03	91477513.000000	0.000000e+00
7.612572e+00	1.112755e+01	1.163279e-03	91502073.000000	0.000000e+00
7.614567e+00	1.112055e+01	1.161902e-03	91603807.000000	0.000000e+00
7.616562e+00	1.111602e+01	1.161438e-03	91602261.000000	0.000000e+00
7.618556e+00	1.110934e+01	1.160391e-03	91657573.000000	0.000000e+00
7.620550e+00	1.110245e+01	1.159451e-03	91692403.000000	0.000000e+00
7.622545e+00	1.109847e+01	1.158458e-03	91783581.000000	0.000000e+00
7.624540e+00	1.108964e+01	1.157565e-03	91779097.000000	0.000000e+00
7.626534e+00	1.108681e+01	1.156778e-03	91857255.000000	0.000000e+00
7.628529e+00	1.108015e+01	1.155941e-03	91879789.000000	0.000000e+00
7.630523e+00	1.107507e+01	1.154796e-03	91977597.000000	0.000000e+00
7.632518e+00	1.106890e+01	1.154110e-03	91984405.000000	0.000000e+00
7.634513e+00	1.106322e+01	1.153128e-03	92046679.000000	0.000000e+00
7.636507e+00	1.105849e+01	1.152447e-03	92076741.000000	0.000000e+00
7.638502e+00	1.105119e+01	1.151289e-03	92140177.000000	0.000000e+00
7.640497e+00	1.104670e+01	1.150331e-03	92218647.000000	0.000000e+00
7.642491e+00	1.103825e+01	1.149479e-03	92214217.000000	0.000000e+00
7.644486e+00	1.103533e+01	1.148828e-03	92269869.000000	0.000000e+00
7.646480e+00	1.102683e+01	1.147425e-03	92353369.000000	0.000000e+00
7.648475e+00	1.102241e+01	1.146948e-03	92356207.000000	0.000000e+00
7.650470e+00	1.101972e+01	1.146013e-03	92461713.000000	0.000000e+00
7.652465e+00	1.101150e+01	1.144988e-03	92489101.000000	0.000000e+00
7.654459e+00	1.100504e+01	1.144268e-03	92497131.000000	0.000000e+00
7.656454e+00	1.100061e+01	1.143291e-03	92580625.000000	0.000000e+00
7.658448e+00	1.099462e+01	1.142380e-03	92627365.000000	0.000000e+00
7.660443e+00	1.098769e+01	1.141353e-03	92677167.000000	0.000000e+00
7.662438e+00	1.098489e+01	1.140752e-03	92727517.000000	0.000000e+00
7.664432e+00	1.097669e+01	1.139717e-03	92757537.000000	0.000000e+00
7.666427e+00	1.097160e+01	1.138798e-03	92821153.000000	0.000000e+00
7.668422e+00	1.096742e+01	1.138115e-03	92861583.000000	0.000000e+00
7.670416e+00	1.096252e+01	1.137352e-03	92903413.000000	0.000000e+00
7.672411e+00	1.095387e+01	1.135989e-03	92979409.000000	0.000000e+00
7.674406e+00	1.094932e+01	1.135223e-03	93027747.000000	0.000000e+00
7.676401e+00	1.094336e+01	1.134597e-03	93028849.000000	0.000000e+00
7.678395e+00	1.093798e+01	1.133506e-03	93116505.000000	0.000000e+00
7.680389e+00	1.093412e+01	1.133058e-03	93124429.000000	0.000000e+00
7.682384e+00	1.092653e+01	1.131534e-03	93245799.000000	0.000000e+00
7.684379e+00	1.092263e+01	1.131138e-03	93244453.000000	0.000000e+00
7.686374e+00	1.091612e+01	1.130040e-03	93314485.000000	0.000000e+00
7.688368e+00	1.091005e+01	1.129525e-03	93295671.000000	0.000000e+00
7.690363e+00	1.090611e+01	1.128364e-03	93420265.000000	0.000000e+00
7.692358e+00	1.089862e+01	1.127370e-03	93456597.000000	0.000000e+00
7.694352e+00	1.089116e+01	1.126431e-03	93484471.000000	0.000000e+00
7.696347e+00	1.088708e+01	1.125618e-03	93549333.000000	0.000000e+00
7.698341e+00	1.088234e+01	1.124996e-03	93571237.000000	0.000000e+00
7.700336e+00	1.087521e+01	1.123638e-03	93674809.000000	0.000000e+00
7.702331e+00	1.087011e+01	1.123237e-03	93653655.000000	0.000000e+00
7.704325e+00	1.086255e+01	1.121910e-03	93744817.000000	0.000000e+00
7.706320e+00	1.085966e+01	1.121269e-03	93802149.000000	0.000000e+00
7.708315e+00	1.085444e+01	1.120516e-03	93838003.000000	0.000000e+00
7.710310e+00	1.085033e+01	1.119927e-03	93865609.000000	0.000000e+00
7.712304e+00	1.084412e+01	1.118728e-03	93959277.000000	0.000000e+00
7.714299e+00	1.083731e+01	1.118107e-03	93945685.000000	0.000000e+00
7.716293e+00	1.083118e+01	1.116971e-03	94030263.000000	0.000000e+00
7.718288e+00	1.082644e+01	1.116207e-03	94076545.000000	0.000000e+00
7.720283e+00	1.082139e+01	1.115446e-03	94117161.000000	0.000000e+00
7.722277e+00	1.081545e+01	1.114502e-03	94173247.000000	0.000000e+00
7.724272e+00	1.081128e+01	1.113632e-03	94247749.000000	0.000000e+00
7.726267e+00	1.080518e+01	1.112844e-03	94274709.000000	0.000000e+00
7.728262e+00	1.079955e+01	1.112081e-03	94305853.000000	0.000000e+00
7.730256e+00	1.079355e+01	1.111059e-03	94374411.000000	0.000000e+00
7.732251e+00	1.078843e+01	1.110391e-03	94398433.000000	0.000000e+00
7.734245e+00	1.078356e+01	1.109443e-03	94474365.000000	0.000000e+00
7.736239e+00	1.077768e+01	1.108849e-03	94472491.000000	0.000000e+00
7.738234e+00	1.077180e+01	1.107462e-03	94606069.000000	0.000000e+00
7.740229e+00	1.076569e+01	1.106767e-03	94617477.000000	0.000000e+00
7.742224e+00	1.075996e+01	1.106060e-03	94637599.000000	0.000000e+00
7.744219e+00	1.075487e+01	1.104871e-03	94751697.000000	0.000000e+00
7.746213e+00	1.075013e+01	1.104442e-03	94741909.000000	0.000000e+00
7.748208e+00	1.074251e+01	1.103524e-03	94765005.000000	0.000000e+00
7.750202e+00	1.073770e+01	1.102272e-03	94895407.000000	0.000000e+00
7.752197e+00	1.073171e+01	1.101716e-03	94885213.000000	0.000000e+00
7.754192e+00	1.072579e+01	1.100646e-03	94964949.000000	0.000000e+00
7.756186e+00	1.072277e+01	1.100295e-03	94971919.000000	0.000000e+00
7.758181e+00	1.071794e+01	1.099154e-03	95083629.000000	0.000000e+00
7.760176e+00	1.071069e+01	1.098297e-03	95103121.000000	0.000000e+00
7.762170e+00	1.070522e+01	1.097625e-03	95122441.000000	0.000000e+00
7.764165e+00	1.070036e+01	1.096473e-03	95235891.000000	0.000000e+00
7.766159e+00	1.069464e+01	1.096063e-03	95205289.000000	0.000000e+00
7.768154e+00	1.068934e+01	1.094956e-03	95303577.000000	0.000000e+00
7.770149e+00	1.068300e+01	1.093928e-03	95369503.000000	0.000000e+00
7.772144e+00	1.068015e+01	1.093576e-03	95379885.000000	0.000000e+00
7.774138e+00	1.067028e+01	1.092190e-03	95445373.000000	0.000000e+00
7.776133e+00	1.066902e+01	1.091683e-03	95511679.000000	0.000000e+00
7.778128e+00	1.066012e+01	1.090658e-03	95531733.000000	0.000000e+00
7.780122e+00	1.065548e+01	1.089816e-03	95596045.000000	0.000000e+00
7.782117e+00	1.065008e+01	1.088981e-03	95645625.000000	0.000000e+00
7.784112e+00	1.064455e+01	1.088356e-03	95656123.000000	0.000000e+00
7.786105e+00	1.064045e+01	1.087741e-03	95690517.000000	0.000000e+00
7.788100e+00	1.063472e+01	1.086403e-03	95823013.000000	0.000000e+00
7.790095e+00	1.062942e+01	1.085725e-03	95847151.000000	0.000000e+00
7.792090e+00	1.062424e+01	1.084921e-03	95895729.000000	0.000000e+00
7.794085e+00	1.061944e+01	1.084268e-03	95924485.000000	0.000000e+00
7.796079e+00	1.061268e+01	1.083303e-03	95973249.000000	0.000000e+00
7.798074e+00	1.060840e+01	1.082394e-03	96057055.000000	0.000000e+00
7.800069e+00	1.060423e+01	1.081933e-03	96063301.000000	0.000000e+00
7.802063e+00	1.059819e+01	1.080914e-03	96134937.000000	0.000000e+00
7.804058e+00	1.059374e+01	1.080314e-03	96160939.000000	0.000000e+00
7.806052e+00	1.058442e+01	1.078867e-03	96249537.000000	0.000000e+00
7.808047e+00	1.058065e+01	1.078339e-03	96275041.000000	0.000000e+00
7.810042e+00	1.057545e+01	1.077475e-03	96334881.000000	0.000000e+00
7.812037e+00	1.056951e+01	1.076734e-03	96359215.000000	0.000000e+00
7.814031e+00	1.056629e+01	1.076058e-03	96421561.000000	0.000000e+00
7.816026e+00	1.056102e+01	1.075200e-03	96478989.000000	0.000000e+00
7.818020e+00	1.055327e+01	1.074225e-03	96512527.000000	0.000000e+00
7.820015e+00	1.055009e+01	1.073632e-03	96560937.000000	0.000000e+00
7.822009e+00	1.054503e+01	1.072641e-03	96646621.000000	0.000000e+00
7.824004e+00	1.053802e+01	1.071823e-03	96665583.000000	0.000000e+00
7.825999e+00	1.053322e+01	1.070895e-03	96744973.000000	0.000000e+00
7.827994e+00	1.052841e+01	1.070248e-03	96773449.000000	0.000000e+00
7.829989e+00	1.052308e+01	1.069572e-03	96797853.000000	0.000000e+00
7.831983e+00	1.051800e+01	1.068719e-03	96858871.000000	0.000000e+00
7.833978e+00	1.051273e+01	1.067824e-03	96924093.000000	0.000000e+00
7.835972e+00	1.050724e+01	1.067012e-03	96970237.000000	0.000000e+00
7.837967e+00	1.050065e+01	1.066159e-03	97003647.000000	0.000000e+00
7.839962e+00	1.049634e+01	1.065230e-03	97093237.000000	0.000000e+00
7.841956e+00	1.049004e+01	1.064572e-03	97096549.000000	0.000000e+00
7.843951e+00	1.048456e+01	1.063564e-03	97179105.000000	0.000000e+00
7.845946e+00	1.047903e+01	1.062830e-03	97210663.000000	0.000000e+00
7.847940e+00	1.047500e+01	1.062139e-03	97262481.000000	0.000000e+00
7.849935e+00	1.047042e+01	1.061437e-03	97306069.000000	0.000000e+00
7.851929e+00	1.046452e+01	1.060505e-03	97367275.000000	0.000000e+00
7.853924e+00	1.045860e+01	1.059812e-03	97384329.000000	0.000000e+00
7.855919e+00	1.045218e+01	1.058594e-03	97488853.000000	0.000000e+00
7.857913e+00	1.045069e+01	1.058472e-03	97483647.000000	0.000000e+00
7.859908e+00	1.044333e+01	1.057258e-03	97569877.000000	0.000000e+00
7.861902e+00	1.043799e+01	1.056590e-03	97593465.000000	0.000000e+00
7.863897e+00	1.043262e+01	1.055534e-03	97688257.000000	0.000000e+00
7.865892e+00	1.042869e+01	1.055165e-03	97683007.000000	0.000000e+00
7.867886e+00	1.042399e+01	1.054193e-03	97774893.000000	0.000000e+00
7.869881e+00	1.041622e+01	1.053099e-03	97832113.000000	0.000000e+00
7.871876e+00	1.041247e+01	1.052655e-03	97844151.000000	0.000000e+00
7.873871e+00	1.040695e+01	1.051743e-03	97910125.000000	0.000000e+00
7.875865e+00	1.040120e+01	1.050987e-03	97942569.000000	0.000000e+00
7.877860e+00	1.039538e+01	1.050010e-03	98015365.000000	0.000000e+00
7.879855e+00	1.039017e+01	1.049236e-03	98061643.000000	0.000000e+00
7.881849e+00	1.038804e+01	1.048850e-03	98093493.000000	0.000000e+00
7.883844e+00	1.038060e+01	1.047671e-03	98173573.000000	0.000000e+00
7.885839e+00	1.037511e+01	1.046965e-03	98202063.000000	0.000000e+00
7.887833e+00	1.036991e+01	1.046158e-03	98255077.000000	0.000000e+00
7.889828e+00	1.036527e+01	1.045433e-03	98303517.000000	0.000000e+00
7.891822e+00	1.035999e+01	1.044902e-03	98303065.000000	0.000000e+00
7.893817e+00	1.035581e+01	1.043616e-03	98465935.000000	0.000000e+00
7.895812e+00	1.034946e+01	1.043071e-03	98448105.000000	0.000000e+00
7.897806e+00	1.034468e+01	1.042375e-03	98488513.000000	0.000000e+00
7.899801e+00	1.033924e+01	1.041435e-03	98562783.000000	0.000000e+00
7.901796e+00	1.033291e+01	1.040529e-03	98613697.000000	0.000000e+00
7.903790e+00	1.032854e+01	1.039978e-03	98634757.000000	0.000000e+00
7.905785e+00	1.032365e+01	1.039157e-03	98697027.000000	0.000000e+00
7.907779e+00	1.032111e+01	1.038670e-03	98741137.000000	0.000000e+00
7.909774e+00	1.031519e+01	1.037601e-03	98831121.000000	0.000000e+00
7.911769e+00	1.030668e+01	1.036830e-03	98815045.000000	0.000000e+00
7.913763e+00	1.030352e+01	1.035972e-03	98917899.000000	0.000000e+00
7.915758e+00	1.029858e+01	1.035214e-03	98968033.000000	0.000000e+00
7.917753e+00	1.029259e+01	1.034492e-03	98990869.000000	0.000000e+00
7.919747e+00	1.028776e+01	1.033701e-03	99049299.000000	0.000000e+00
7.921742e+00	1.028137e+01	1.032710e-03	99116185.000000	0.000000e+00
7.923737e+00	1.027835e+01	1.032350e-03	99127209.000000	0.000000e+00
7.925731e+00	1.027210e+01	1.031427e-03	99183925.000000	0.000000e+00
7.927726e+00	1.026738e+01	1.030437e-03	99283155.000000	0.000000e+00
7.929721e+00	1.026145e+01	1.029802e-03	99291025.000000	0.000000e+00
7.931715e+00	1.025547e+01	1.028763e-03	99375685.000000	0.000000e+00
7.933710e+00	1.025074e+01	1.028300e-03	99373587.000000	0.000000e+00
7.935705e+00	1.024794e+01	1.027527e-03	99468793.000000	0.000000e+00
7.937699e+00	1.024275e+01	1.026873e-03	99494757.000000	0.000000e+00
7.939694e+00	1.023564e+01	1.026024e-03	99520999.000000	0.000000e+00
7.941688e+00	1.023186e+01	1.025084e-03	99630021.000000	0.000000e+00
7.943683e+00	1.022742e+01	1.024461e-03	99664585.000000	0.000000e+00
7.945678e+00	1.022164e+01	1.023792e-03	99682213.000000	0.000000e+00
7.947672e+00	1.021526e+01	1.022807e-03	99749763.000000	0.000000e+00
7.949667e+00	1.021032e+01	1.022001e-03	99810409.000000	0.000000e+00
7.951662e+00	1.020538e+01	1.021304e-03	99850077.000000	0.000000e+00
7.953656e+00	1.019939e+01	1.020440e-03	99901723.000000	0.000000e+00
7.955651e+00	1.019523e+01	1.019779e-03	99949681.000000	0.000000e+00
7.957646e+00	1.018878e+01	1.018932e-03	99989409.000000	0.000000e+00
7.959640e+00	1.018417e+01	1.018194e-03	100043833.000000	0.000000e+00
7.961635e+00	1.017991e+01	1.017322e-03	100131543.000000	0.000000e+00
7.963630e+00	1.017668e+01	1.016988e-03	100133761.000000	0.000000e+00
7.965624e+00	1.017135e+01	1.016046e-03	100214589.000000	0.000000e+00
7.967619e+00	1.016312e+01	1.014868e-03	100284895.000000	0.000000e+00
7.969614e+00	1.016035e+01	1.014630e-03	100277065.000000	0.000000e+00
7.971609e+00	1.015528e+01	1.013639e-03	100373097.000000	0.000000e+00
7.973603e+00	1.014990e+01	1.013225e-03	100348747.000000	0.000000e+00
7.975597e+00	1.014499e+01	1.012112e-03	100472205.000000	0.000000e+00
7.977592e+00	1.014020e+01	1.011534e-03	100492225.000000	0.000000e+00
7.979587e+00	1.013355e+01	1.010461e-03	100573557.000000	0.000000e+00
7.981582e+00	1.012895e+01	1.009838e-03	100606267.000000	0.000000e+00
7.983576e+00	1.012397e+01	1.009111e-03	100652233.000000	0.000000e+00
7.985571e+00	1.011829e+01	1.008115e-03	100738329.000000	0.000000e+00
7.987566e+00	1.011340e+01	1.007606e-03	100742587.000000	0.000000e+00
7.989560e+00	1.010972e+01	1.007071e-03	100776201.000000	0.000000e+00
7.991555e+00	1.010583e+01	1.006345e-03	100843885.000000	0.000000e+00
7.993549e+00	1.009976e+01	1.005402e-03	100911877.000000	0.000000e+00
7.995544e+00	1.009312e+01	1.004519e-03	100956531.000000	0.000000e+00
7.997539e+00	1.009058e+01	1.003965e-03	101017129.000000	0.000000e+00
7.999533e+00	1.008417e+01	1.003090e-03	101064741.000000	0.000000e+00
8.001528e+00	1.007954e+01	1.002433e-03	101104723.000000	0.000000e+00
8.003523e+00	1.007566e+01	1.001642e-03	101186181.000000	0.000000e+00
8.005517e+00	1.007169e+01	1.001352e-03	101165101.000000	0.000000e+00
8.007512e+00	1.006390e+01	1.000160e-03	101249617.000000	0.000000e+00
8.009506e+00	1.006048e+01	9.995771e-04	101298819.000000	0.000000e+00
8.011501e+00	1.005515e+01	9.986306e-04	101383537.000000	0.000000e+00
8.013496e+00	1.004867e+01	9.978049e-04	101420493.000000	0.000000e+00
8.015490e+00	1.004481e+01	9.972795e-04	101449519.000000	0.000000e+00
8.017485e+00	1.003995e+01	9.964706e-04	101515953.000000	0.000000e+00
8.019480e+00	1.003531e+01	9.958305e-04	101552509.000000	0.000000e+00
8.021474e+00	1.002990e+01	9.950389e-04	101604511.000000	0.000000e+00
8.023469e+00	1.002891e+01	9.945204e-04	101690469.000000	0.000000e+00
8.025464e+00	1.001981e+01	9.935761e-04	101699041.000000	0.000000e+00
8.027458e+00	1.001447e+01	9.927749e-04	101754681.000000	0.000000e+00
8.029453e+00	1.001001e+01	9.918641e-04	101850811.000000	0.000000e+00
8.031448e+00	1.000575e+01	9.915259e-04	101833533.000000	0.000000e+00
8.033442e+00	9.998852e+00	9.903220e-04	101940661.000000	0.000000e+00
8.035437e+00	9.996031e+00	9.900147e-04	101946415.000000	0.000000e+00
8.037432e+00	9.990749e+00	9.890567e-04	102036057.000000	0.000000e+00
8.039426e+00	9.987349e+00	9.886715e-04	102046117.000000	0.000000e+00
8.041421e+00	9.980666e+00	9.877419e-04	102101493.000000	0.000000e+00
8.043415e+00	9.977348e+00	9.869900e-04	102189151.000000	0.000000e+00
8.045410e+00	9.970999e+00	9.862470e-04	102212953.000000	0.000000e+00
8.047405e+00	9.968067e+00	9.855060e-04	102306525.000000	0.000000e+00
8.049400e+00	9.962211e+00	9.850353e-04	102284035.000000	0.000000e+00
8.051394e+00	9.957032e+00	9.840031e-04	102392193.000000	0.000000e+00
8.053389e+00	9.952709e+00	9.835125e-04	102405397.000000	0.000000e+00
8.055383e+00	9.946762e+00	9.825954e-04	102474063.000000	0.000000e+00
8.057378e+00	9.941615e+00	9.818622e-04	102520993.000000	0.000000e+00
8.059372e+00	9.936962e+00	9.811609e-04	102571501.000000	0.000000e+00
8.061367e+00	9.931045e+00	9.803279e-04	102623577.000000	0.000000e+00
8.063362e+00	9.927588e+00	9.796927e-04	102685183.000000	0.000000e+00
8.065356e+00	9.921585e+00	9.789321e-04	102720453.000000	0.000000e+00
8.067351e+00	9.916493e+00	9.780265e-04	102805165.000000	0.000000e+00
8.069346e+00	9.912049e+00	9.775177e-04	102820011.000000	0.000000e+00
8.071341e+00	9.908339e+00	9.768431e-04	102885013.000000	0.000000e+00
8.073335e+00	9.902120e+00	9.760778e-04	102917089.000000	0.000000e+00
8.075330e+00	9.897508e+00	9.754273e-04	102958413.000000	0.000000e+00
8.077324e+00	9.891278e+00	9.743232e-04	103062043.000000	0.000000e+00
8.079319e+00	9.888537e+00	9.739873e-04	103075989.000000	0.000000e+00
8.081314e+00	9.883049e+00	9.730519e-04	103159645.000000	0.000000e+00
8.083309e+00	9.879066e+00	9.727029e-04	103150515.000000	0.000000e+00
8.085303e+00	9.874097e+00	9.717049e-04	103258525.000000	0.000000e+00
8.087298e+00	9.869430e+00	9.712115e-04	103265785.000000	0.000000e+00
8.089292e+00	9.865341e+00	9.704826e-04	103335309.000000	0.000000e+00
8.091287e+00	9.860518e+00	9.697079e-04	103399291.000000	0.000000e+00
8.093282e+00	9.854293e+00	9.689553e-04	103429269.000000	0.000000e+00
8.095276e+00	9.849764e+00	9.681408e-04	103508173.000000	0.000000e+00
8.097271e+00	9.844967e+00	9.674317e-04	103559011.000000	0.000000e+00
8.099266e+00	9.840960e+00	9.670478e-04	103556901.000000	0.000000e+00
8.101260e+00	9.834488e+00	9.658537e-04	103676605.000000	0.000000e+00
8.103255e+00	9.831229e+00	9.656012e-04	103662123.000000	0.000000e+00
8.105249e+00	9.824039e+00	9.644775e-04	103751869.000000	0.000000e+00
8.107244e+00	9.822840e+00	9.640402e-04	103820673.000000	0.000000e+00
8.109239e+00	9.816500e+00	9.633510e-04	103835113.000000	0.000000e+00
8.111233e+00	9.811897e+00	9.626400e-04	103891075.000000	0.000000e+00
8.113228e+00	9.807250e+00	9.618330e-04	103966917.000000	0.000000e+00
8.115223e+00	9.800239e+00	9.609875e-04	104001097.000000	0.000000e+00
8.117218e+00	9.798324e+00	9.606323e-04	104037327.000000	0.000000e+00
8.119212e+00	9.790263e+00	9.594499e-04	104122369.000000	0.000000e+00
8.121207e+00	9.786442e+00	9.589950e-04	104139849.000000	0.000000e+00
8.123201e+00	9.782575e+00	9.583022e-04	104208097.000000	0.000000e+00
8.125196e+00	9.776700e+00	9.576023e-04	104235139.000000	0.000000e+00
8.127191e+00	9.774288e+00	9.569014e-04	104336421.000000	0.000000e+00
8.129185e+00	9.768896e+00	9.563953e-04	104331649.000000	0.000000e+00
8.131180e+00	9.762608e+00	9.552332e-04	104451063.000000	0.000000e+00
8.133175e+00	9.761089e+00	9.551867e-04	104428729.000000	0.000000e+00
8.135169e+00	9.754264e+00	9.540590e-04	104529405.000000	0.000000e+00
8.137164e+00	9.750862e+00	9.535764e-04	104562295.000000	0.000000e+00
8.139159e+00	9.744801e+00	9.526577e-04	104633845.000000	0.000000e+00
8.141153e+00	9.739690e+00	9.521416e-04	104637453.000000	0.000000e+00
8.143147e+00	9.736959e+00	9.516171e-04	104694109.000000	0.000000e+00
8.145142e+00	9.731461e+00	9.505602e-04	104808579.000000	0.000000e+00
8.147137e+00	9.725642e+00	9.499402e-04	104819965.000000	0.000000e+00
8.149132e+00	9.723013e+00	9.493879e-04	104885245.000000	0.000000e+00
8.151126e+00	9.715516e+00	9.486956e-04	104876463.000000	0.000000e+00
8.153121e+00	9.710374e+00	9.476253e-04	105002269.000000	0.000000e+00
8.155116e+00	9.707311e+00	9.471373e-04	105044193.000000	0.000000e+00
8.157111e+00	9.702093e+00	9.464385e-04	105086281.000000	0.000000e+00
8.159105e+00	9.697285e+00	9.458156e-04	105120483.000000	0.000000e+00
8.161100e+00	9.693312e+00	9.452318e-04	105164161.000000	0.000000e+00
8.163094e+00	9.689143e+00	9.445261e-04	105230773.000000	0.000000e+00
8.165089e+00	9.682851e+00	9.435865e-04	105303567.000000	0.000000e+00
8.167084e+00	9.677635e+00	9.430915e-04	105300601.000000	0.000000e+00
8.169078e+00	9.672970e+00	9.422131e-04	105395337.000000	0.000000e+00
8.171073e+00	9.669983e+00	9.416530e-04	105455599.000000	0.000000e+00
8.173068e+00	9.665498e+00	9.410575e-04	105491169.000000	0.000000e+00
8.175062e+00	9.660078e+00	9.403658e-04	105527977.000000	0.000000e+00
8.177057e+00	9.653425e+00	9.394243e-04	105594013.000000	0.000000e+00
8.179052e+00	9.648825e+00	9.387662e-04	105641355.000000	0.000000e+00
8.181046e+00	9.646966e+00	9.382946e-04	105706837.000000	0.000000e+00
8.183041e+00	9.640365e+00	9.373857e-04	105767025.000000	0.000000e+00
8.185036e+00	9.635765e+00	9.368338e-04	105790639.000000	0.000000e+00
8.187031e+00	9.631933e+00	9.361919e-04	105851521.000000	0.000000e+00
8.189025e+00	9.627660e+00	9.355297e-04	105907413.000000	0.000000e+00
8.191019e+00	9.622532e+00	9.350747e-04	105897589.000000	0.000000e+00
8.193014e+00	9.616696e+00	9.337384e-04	106072143.000000	0.000000e+00
8.195009e+00	9.612029e+00	9.336035e-04	105999853.000000	0.000000e+00
8.197003e+00	9.608430e+00	9.327279e-04	106119429.000000	0.000000e+00
8.198998e+00	9.604110e+00	9.321257e-04	106161067.000000	0.000000e+00
8.200993e+00	9.598917e+00	9.313468e-04	106223749.000000	0.000000e+00
8.202987e+00	9.594140e+00	9.307734e-04	106248849.000000	0.000000e+00
8.204982e+00	9.590018e+00	9.300798e-04	106315957.000000	0.000000e+00
8.206977e+00	9.584450e+00	9.292734e-04	106376907.000000	0.000000e+00
8.208971e+00	9.581508e+00	9.288735e-04	106403161.000000	0.000000e+00
8.210966e+00	9.576253e+00	9.280944e-04	106465017.000000	0.000000e+00
8.212961e+00	9.572003e+00	9.273091e-04	106550779.000000	0.000000e+00
8.214955e+00	9.566930e+00	9.267783e-04	106559833.000000	0.000000e+00
8.216950e+00	9.562139e+00	9.260966e-04	106609905.000000	0.000000e+00
8.218944e+00	9.558527e+00	9.254513e-04	106677991.000000	0.000000e+00
8.220939e+00	9.553857e+00	9.247440e-04	106736877.000000	0.000000e+00
8.222934e+00	9.547845e+00	9.239642e-04	106782601.000000	0.000000e+00
8.224928e+00	9.543107e+00	9.233342e-04	106822245.000000	0.000000e+00
8.226923e+00	9.539351e+00	9.227229e-04	106879663.000000	0.000000e+00
8.228918e+00	9.534504e+00	9.219328e-04	106954165.000000	0.000000e+00
8.230912e+00	9.529988e+00	9.213544e-04	106987077.000000	0.000000e+00
8.232907e+00	9.525868e+00	9.206645e-04	107054839.000000	0.000000e+00
8.234902e+00	9.522404e+00	9.201928e-04	107086701.000000	0.000000e+00
8.236897e+00	9.515698e+00	9.193043e-04	107142721.000000	0.000000e+00
8.238891e+00	9.511376e+00	9.187630e-04	107171593.000000	0.000000e+00
8.240886e+00	9.508228e+00	9.180583e-04	107265147.000000	0.000000e+00
8.242880e+00	9.503327e+00	9.174071e-04	107306773.000000	0.000000e+00
8.244875e+00	9.500052e+00	9.169878e-04	107330901.000000	0.000000e+00
8.246870e+00	9.494210e+00	9.160665e-04	107414683.000000	0.000000e+00
8.248864e+00	9.490407e+00	9.156052e-04	107436813.000000	0.000000e+00
8.250859e+00	9.484051e+00	9.145698e-04	107536021.000000	0.000000e+00
8.252854e+00	9.478789e+00	9.140918e-04	107529115.000000	0.000000e+00
8.254848e+00	9.476120e+00	9.133287e-04	107648241.000000	0.000000e+00
8.256843e+00	9.471483e+00	9.128044e-04	107666485.000000	0.000000e+00
8.258838e+00	9.465707e+00	9.121717e-04	107684421.000000	0.000000e+00
8.260832e+00	9.461556e+00	9.114825e-04	107752783.000000	0.000000e+00
8.262827e+00	9.455627e+00	9.105529e-04	107837613.000000	0.000000e+00
8.264821e+00	9.454128e+00	9.103455e-04	107852557.000000	0.000000e+00
8.266816e+00	9.449879e+00	9.095359e-04	107947567.000000	0.000000e+00
8.268811e+00	9.443996e+00	9.089393e-04	107954757.000000	0.000000e+00
8.270805e+00	9.438860e+00	9.080839e-04	108040633.000000	0.000000e+00
8.272800e+00	9.435434e+00	9.075083e-04	108099213.000000	0.000000e+00
8.274795e+00	9.430727e+00	9.071011e-04	108088363.000000	0.000000e+00
8.276789e+00	9.424416e+00	9.060102e-04	108203841.000000	0.000000e+00
8.278784e+00	9.420847e+00	9.054877e-04	108246733.000000	0.000000e+00
8.280779e+00	9.417448e+00	9.050617e-04	108270499.000000	0.000000e+00
8.282773e+00	9.411700e+00	9.041586e-04	108354477.000000	0.000000e+00
8.284768e+00	9.407536e+00	9.036285e-04	108385705.000000	0.000000e+00
8.286762e+00	9.402420e+00	9.028789e-04	108447693.000000	0.000000e+00
8.288757e+00	9.398549e+00	9.024569e-04	108459775.000000	0.000000e+00
8.290751e+00	9.395499e+00	9.016633e-04	108580273.000000	0.000000e+00
8.292746e+00	9.390203e+00	9.010338e-04	108609501.000000	0.000000e+00
8.294741e+00	9.385656e+00	9.004400e-04	108647503.000000	0.000000e+00
8.296735e+00	9.379910e+00	8.998384e-04	108659649.000000	0.000000e+00
8.298730e+00	9.375507e+00	8.988103e-04	108806149.000000	0.000000e+00
8.300725e+00	9.372456e+00	8.984002e-04	108834627.000000	0.000000e+00
8.302720e+00	9.364798e+00	8.975124e-04	108871933.000000	0.000000e+00
8.304715e+00	9.364322e+00	8.974061e-04	108886645.000000	0.000000e+00
8.306709e+00	9.358617e+00	8.965668e-04	108957729.000000	0.000000e+00
8.308704e+00	9.354619e+00	8.959042e-04	109025743.000000	0.000000e+00
8.310698e+00	9.351021e+00	8.953916e-04	109066677.000000	0.000000e+00
8.312693e+00	9.344600e+00	8.945249e-04	109128109.000000	0.000000e+00
8.314688e+00	9.340960e+00	8.939388e-04	109186119.000000	0.000000e+00
8.316683e+00	9.335814e+00	8.932029e-04	109245637.000000	0.000000e+00
8.318677e+00	9.331570e+00	8.926653e-04	109277845.000000	0.000000e+00
8.320672e+00	9.328019e+00	8.922203e-04	109303653.000000	0.000000e+00
8.322666e+00	9.323680e+00	8.914411e-04	109392979.000000	0.000000e+00
8.324661e+00	9.318703e+00	8.908005e-04	109433433.000000	0.000000e+00
8.326655e+00	9.315352e+00	8.902115e-04	109499485.000000	0.000000e+00
8.328650e+00	9.309303e+00	8.896113e-04	109504947.000000	0.000000e+00
8.330644e+00	9.304053e+00	8.885945e-04	109631929.000000	0.000000e+00
8.332639e+00	9.300983e+00	8.882574e-04	109642789.000000	0.000000e+00
8.334634e+00	9.297101e+00	8.875929e-04	109715355.000000	0.000000e+00
8.336629e+00	9.290968e+00	8.869713e-04	109724305.000000	0.000000e+00
8.338623e+00	9.286694e+00	8.860683e-04	109846905.000000	0.000000e+00
8.340618e+00	9.282894e+00	8.857625e-04	109832821.000000	0.000000e+00
8.342612e+00	9.277863e+00	8.850348e-04	109894315.000000	0.000000e+00
8.344607e+00	9.274405e+00	8.844327e-04	109961997.000000	0.000000e+00
8.346602e+00	9.270488e+00	8.837204e-04	110046289.000000	0.000000e+00
8.348597e+00	9.265307e+00	8.831122e-04	110074791.000000	0.000000e+00
8.350591e+00	9.259931e+00	8.823904e-04	110127037.000000	0.000000e+00
8.352586e+00	9.257280e+00	8.819650e-04	110170185.000000	0.000000e+00
8.354581e+00	9.253221e+00	8.813148e-04	110236093.000000	0.000000e+00
8.356575e+00	9.247554e+00	8.806988e-04	110255167.000000	0.000000e+00
8.358570e+00	9.243061e+00	8.800089e-04	110320833.000000	0.000000e+00
8.360564e+00	9.239401e+00	8.794181e-04	110381641.000000	0.000000e+00
8.362559e+00	9.234332e+00	8.786591e-04	110451123.000000	0.000000e+00
8.364554e+00	9.229603e+00	8.780307e-04	110496013.000000	0.000000e+00
8.366548e+00	9.226747e+00	8.776031e-04	110535273.000000	0.000000e+00
8.368543e+00	9.222869e+00	8.770533e-04	110580919.000000	0.000000e+00
8.370538e+00	9.218719e+00	8.761895e-04	110699341.000000	0.000000e+00
8.372532e+00	9.212248e+00	8.757278e-04	110660589.000000	0.000000e+00
8.374527e+00	9.210167e+00	8.750524e-04	110781421.000000	0.000000e+00
8.376522e+00	9.205544e+00	8.744990e-04	110810343.000000	0.000000e+00
8.378517e+00	9.199391e+00	8.737957e-04	110840473.000000	0.000000e+00
8.380511e+00	9.194318e+00	8.729873e-04	110923417.000000	0.000000e+00
8.382506e+00	9.191864e+00	8.725523e-04	110974779.000000	0.000000e+00
8.384500e+00	9.186943e+00	8.719883e-04	110999437.000000	0.000000e+00
8.386495e+00	9.181097e+00	8.711247e-04	111078117.000000	0.000000e+00
8.388489e+00	9.178775e+00	8.708420e-04	111094009.000000	0.000000e+00
8.390484e+00	9.173834e+00	8.699273e-04	111207951.000000	0.000000e+00
8.392479e+00	9.170870e+00	8.696813e-04	111198973.000000	0.000000e+00
8.394473e+00	9.164915e+00	8.687177e-04	111301141.000000	0.000000e+00
8.396468e+00	9.161210e+00	8.682943e-04	111319647.000000	0.000000e+00
8.398463e+00	9.155848e+00	8.673996e-04	111418861.000000	0.000000e+00
8.400458e+00	9.152299e+00	8.670177e-04	111430593.000000	0.000000e+00
8.402452e+00	9.148117e+00	8.663737e-04	111494377.000000	0.000000e+00
8.404447e+00	9.144276e+00	8.658369e-04	111538923.000000	0.000000e+00
8.406441e+00	9.138292e+00	8.650812e-04	111587689.000000	0.000000e+00
8.408436e+00	9.134136e+00	8.644332e-04	111653437.000000	0.000000e+00
8.410430e+00	9.129687e+00	8.638244e-04	111701967.000000	0.000000e+00
8.412425e+00	9.125939e+00	8.632242e-04	111765553.000000	0.000000e+00
8.414420e+00	9.121690e+00	8.626362e-04	111813753.000000	0.000000e+00
8.416415e+00	9.119105e+00	8.621368e-04	111879907.000000	0.000000e+00
8.418409e+00	9.114961e+00	8.616391e-04	111907401.000000	0.000000e+00
8.420404e+00	9.110783e+00	8.609309e-04	111988861.000000	0.000000e+00
8.422399e+00	9.103593e+00	8.602542e-04	111988153.000000	0.000000e+00
8.424393e+00	9.100039e+00	8.595030e-04	112096395.000000	0.000000e+00
8.426388e+00	9.095652e+00	8.590911e-04	112095793.000000	0.000000e+00
8.428382e+00	9.092764e+00	8.582639e-04	112240641.000000	0.000000e+00
8.430377e+00	9.087803e+00	8.579209e-04	112207879.000000	0.000000e+00
8.432372e+00	9.084826e+00	8.573254e-04	112290193.000000	0.000000e+00
8.434367e+00	9.078316e+00	8.564711e-04	112353105.000000	0.000000e+00
8.436361e+00	9.076220e+00	8.561655e-04	112381453.000000	0.000000e+00
8.438356e+00	9.070962e+00	8.554203e-04	112446927.000000	0.000000e+00
8.440350e+00	9.067716e+00	8.548760e-04	112509577.000000	0.000000e+00
8.442345e+00	9.062315e+00	8.541517e-04	112566273.000000	0.000000e+00
8.444340e+00	9.058040e+00	8.536957e-04	112580275.000000	0.000000e+00
8.446334e+00	9.054123e+00	8.529501e-04	112679641.000000	0.000000e+00
8.448329e+00	9.050568e+00	8.525724e-04	112690977.000000	0.000000e+00
8.450324e+00	9.046538e+00	8.517636e-04	112804555.000000	0.000000e+00
8.452318e+00	9.040749e+00	8.513086e-04	112780689.000000	0.000000e+00
8.454313e+00	9.036433e+00	8.504823e-04	112892101.000000	0.000000e+00
8.456307e+00	9.031493e+00	8.499479e-04	112910541.000000	0.000000e+00
8.458302e+00	9.028426e+00	8.493705e-04	112987327.000000	0.000000e+00
8.460297e+00	9.025112e+00	8.489072e-04	113027677.000000	0.000000e+00
8.462291e+00	9.019755e+00	8.480735e-04	113115597.000000	0.000000e+00
8.464286e+00	9.017974e+00	8.478486e-04	113130931.000000	0.000000e+00
8.466281e+00	9.010385e+00	8.469008e-04	113193525.000000	0.000000e+00
8.468275e+00	9.007066e+00	8.464150e-04	113240029.000000	0.000000e+00
8.470270e+00	9.003454e+00	8.459241e-04	113280597.000000	0.000000e+00
8.472264e+00	8.998390e+00	8.450756e-04	113380531.000000	0.000000e+00
8.474259e+00	8.995381e+00	8.446926e-04	113407489.000000	0.000000e+00
8.476254e+00	8.989679e+00	8.439131e-04	113473101.000000	0.000000e+00
8.478249e+00	8.986707e+00	8.434705e-04	113517127.000000	0.000000e+00
8.480243e+00	8.982937e+00	8.430627e-04	113531673.000000	0.000000e+00
8.482238e+00	8.978426e+00	8.423027e-04	113622409.000000	0.000000e+00
8.484232e+00	8.974700e+00	8.417306e-04	113682493.000000	0.000000e+00
8.486227e+00	8.971043e+00	8.411212e-04	113754519.000000	0.000000e+00
8.488222e+00	8.966294e+00	8.405428e-04	113790577.000000	0.000000e+00
8.490217e+00	8.961343e+00	8.400176e-04	113807121.000000	0.000000e+00
8.492211e+00	8.955995e+00	8.391537e-04	113905495.000000	0.000000e+00
8.494206e+00	8.953385e+00	8.388588e-04	113919177.000000	0.000000e+00
8.496201e+00	8.949782e+00	8.380931e-04	114035581.000000	0.000000e+00
8.498195e+00	8.944876e+00	8.376668e-04	114026551.000000	0.000000e+00
8.500190e+00	8.939637e+00	8.369062e-04	114100137.000000	0.000000e+00
8.502185e+00	8.936813e+00	8.364233e-04	114159793.000000	0.000000e+00
8.504179e+00	8.931589e+00	8.357435e-04	114211917.000000	0.000000e+00
8.506174e+00	8.929412e+00	8.354137e-04	114246391.000000	0.000000e+00
8.508168e+00	8.922904e+00	8.346233e-04	114296109.000000	0.000000e+00
8.510163e+00	8.920881e+00	8.340969e-04	114388537.000000	0.000000e+00
8.512158e+00	8.916068e+00	8.334037e-04	114455299.000000	0.000000e+00
8.514153e+00	8.912130e+00	8.330052e-04	114463653.000000	0.000000e+00
8.516147e+00	8.908492e+00	8.324710e-04	114517057.000000	0.000000e+00
8.518142e+00	8.903989e+00	8.317490e-04	114600009.000000	0.000000e+00
8.520136e+00	8.899301e+00	8.311294e-04	114650119.000000	0.000000e+00
8.522131e+00	8.896026e+00	8.307888e-04	114659685.000000	0.000000e+00
8.524125e+00	8.892520e+00	8.301300e-04	114751249.000000	0.000000e+00
8.526120e+00	8.886865e+00	8.294032e-04	114806323.000000	0.000000e+00
8.528115e+00	8.882957e+00	8.288691e-04	114853233.000000	0.000000e+00
8.530109e+00	8.878308e+00	8.282258e-04	114911341.000000	0.000000e+00
8.532104e+00	8.873299e+00	8.275712e-04	114963387.000000	0.000000e+00
8.534099e+00	8.871634e+00	8.272537e-04	115008469.000000	0.000000e+00
8.536093e+00	8.865845e+00	8.264896e-04	115070893.000000	0.000000e+00
8.538088e+00	8.863262e+00	8.260932e-04	115114245.000000	0.000000e+00
8.540083e+00	8.859105e+00	8.254730e-04	115179187.000000	0.000000e+00
8.542077e+00	8.854655e+00	8.249564e-04	115207665.000000	0.000000e+00
8.544072e+00	8.849965e+00	8.240593e-04	115336321.000000	0.000000e+00
8.546067e+00	8.846425e+00	8.237902e-04	115319403.000000	0.000000e+00
8.548062e+00	8.841722e+00	8.230293e-04	115409905.000000	0.000000e+00
8.550056e+00	8.837272e+00	8.226434e-04	115401961.000000	0.000000e+00
8.552050e+00	8.833002e+00	8.218426e-04	115515273.000000	0.000000e+00
8.554045e+00	8.830566e+00	8.214059e-04	115574323.000000	0.000000e+00
8.556040e+00	8.826005e+00	8.208445e-04	115612965.000000	0.000000e+00
8.558035e+00	8.821545e+00	8.203451e-04	115636813.000000	0.000000e+00
8.560029e+00	8.817358e+00	8.197418e-04	115697199.000000	0.000000e+00
8.562024e+00	8.813021e+00	8.189679e-04	115801945.000000	0.000000e+00
8.564019e+00	8.807882e+00	8.184948e-04	115800673.000000	0.000000e+00
8.566013e+00	8.804588e+00	8.179562e-04	115866513.000000	0.000000e+00
8.568008e+00	8.801635e+00	8.173902e-04	115949251.000000	0.000000e+00
8.570003e+00	8.797215e+00	8.168666e-04	115981341.000000	0.000000e+00
8.571997e+00	8.792165e+00	8.161741e-04	116044873.000000	0.000000e+00
8.573992e+00	8.788629e+00	8.156454e-04	116101951.000000	0.000000e+00
8.575987e+00	8.785081e+00	8.152375e-04	116124357.000000	0.000000e+00
8.577981e+00	8.781112e+00	8.144394e-04	116246917.000000	0.000000e+00
8.579976e+00	8.777840e+00	8.143712e-04	116179755.000000	0.000000e+00
8.581970e+00	8.772035e+00	8.132847e-04	116336365.000000	0.000000e+00
8.583965e+00	8.768707e+00	8.128516e-04	116372025.000000	0.000000e+00
8.585959e+00	8.764997e+00	8.124438e-04	116390305.000000	0.000000e+00
8.587954e+00	8.761310e+00	8.116726e-04	116513527.000000	0.000000e+00
8.589949e+00	8.757537e+00	8.113480e-04	116506365.000000	0.000000e+00
8.591943e+00	8.752875e+00	8.107385e-04	116557405.000000	0.000000e+00
8.593938e+00	8.748667e+00	8.099675e-04	116667159.000000	0.000000e+00
8.595933e+00	8.742360e+00	8.093567e-04	116674909.000000	0.000000e+00
8.597927e+00	8.739844e+00	8.089770e-04	116717229.000000	0.000000e+00
8.599922e+00	8.737215e+00	8.083805e-04	116819233.000000	0.000000e+00
8.601917e+00	8.733337e+00	8.079585e-04	116837515.000000	0.000000e+00
8.603911e+00	8.729162e+00	8.074122e-04	116883837.000000	0.000000e+00
8.605906e+00	8.723688e+00	8.065601e-04	116984089.000000	0.000000e+00
8.607901e+00	8.719662e+00	8.060035e-04	117037599.000000	0.000000e+00
8.609895e+00	8.716886e+00	8.057551e-04	117035233.000000	0.000000e+00
8.611890e+00	8.711945e+00	8.048294e-04	117171645.000000	0.000000e+00
8.613885e+00	8.708550e+00	8.046598e-04	117129715.000000	0.000000e+00
8.615879e+00	8.703929e+00	8.038055e-04	117254281.000000	0.000000e+00
8.617874e+00	8.699457e+00	8.033847e-04	117256569.000000	0.000000e+00
8.619869e+00	8.695691e+00	8.026892e-04	117358189.000000	0.000000e+00
8.621863e+00	8.691160e+00	8.021426e-04	117395739.000000	0.000000e+00
8.623858e+00	8.689054e+00	8.017945e-04	117440761.000000	0.000000e+00
8.625853e+00	8.683708e+00	8.011021e-04	117499141.000000	0.000000e+00
8.627847e+00	8.680269e+00	8.006410e-04	117541371.000000	0.000000e+00
8.629842e+00	8.677154e+00	8.000671e-04	117625561.000000	0.000000e+00
8.631837e+00	8.673189e+00	7.994991e-04	117685137.000000	0.000000e+00
8.633831e+00	8.668770e+00	7.990527e-04	117696649.000000	0.000000e+00
8.635826e+00	8.664900e+00	7.983805e-04	117789699.000000	0.000000e+00
8.637821e+00	8.660113e+00	7.978872e-04	117805093.000000	0.000000e+00
8.639815e+00	8.656705e+00	7.972494e-04	117900829.000000	0.000000e+00
8.641810e+00	8.653765e+00	7.968417e-04	117941367.000000	0.000000e+00
8.643804e+00	8.649263e+00	7.964620e-04	117931009.000000	0.000000e+00
8.645799e+00	8.646740e+00	7.956571e-04	118100805.000000	0.000000e+00
8.647794e+00	8.639798e+00	7.951247e-04	118069231.000000	0.000000e+00
8.649788e+00	8.636010e+00	7.945270e-04	118143261.000000	0.000000e+00
8.651783e+00	8.634482e+00	7.942017e-04	118198225.000000	0.000000e+00
8.653777e+00	8.629980e+00	7.934950e-04	118285417.000000	0.000000e+00
8.655772e+00	8.624685e+00	7.929213e-04	118311327.000000	0.000000e+00
8.657767e+00	8.621704e+00	7.923722e-04	118393477.000000	0.000000e+00
8.659762e+00	8.617547e+00	7.919133e-04	118416441.000000	0.000000e+00
8.661756e+00	8.613433e+00	7.913430e-04	118473991.000000	0.000000e+00
8.663751e+00	8.610161e+00	7.908004e-04	118546509.000000	0.000000e+00
8.665746e+00	8.606610e+00	7.903116e-04	118595305.000000	0.000000e+00
8.667740e+00	8.602391e+00	7.897633e-04	118643653.000000	0.000000e+00
8.669735e+00	8.597592e+00	7.890838e-04	118715511.000000	0.000000e+00
8.671730e+00	8.592666e+00	7.885354e-04	118744477.000000	0.000000e+00
8.673724e+00	8.590920e+00	7.881629e-04	118808481.000000	0.000000e+00
8.675719e+00	8.585497e+00	7.875446e-04	118844911.000000	0.000000e+00
8.677713e+00	8.582176e+00	7.870105e-04	118914217.000000	0.000000e+00
8.679708e+00	8.577064e+00	7.862228e-04	119010717.000000	0.000000e+00
8.681703e+00	8.575511e+00	7.860572e-04	119017741.000000	0.000000e+00
8.683697e+00	8.570129e+00	7.853748e-04	119075079.000000	0.000000e+00
8.685692e+00	8.567774e+00	7.850050e-04	119121793.000000	0.000000e+00
8.687687e+00	8.564360e+00	7.844228e-04	119203605.000000	0.000000e+00
8.689681e+00	8.558644e+00	7.838306e-04	119224483.000000	0.000000e+00
8.691676e+00	8.554397e+00	7.831526e-04	119312521.000000	0.000000e+00
8.693671e+00	8.550316e+00	7.825369e-04	119386353.000000	0.000000e+00
8.695665e+00	8.546740e+00	7.822556e-04	119372299.000000	0.000000e+00
8.697660e+00	8.543088e+00	7.814816e-04	119506713.000000	0.000000e+00
8.699655e+00	8.538362e+00	7.810211e-04	119515333.000000	0.000000e+00
8.701649e+00	8.536484e+00	7.807013e-04	119560653.000000	0.000000e+00
8.703644e+00	8.531792e+00	7.800833e-04	119618563.000000	0.000000e+00
8.705638e+00	8.528105e+00	7.795876e-04	119667229.000000	0.000000e+00
8.707633e+00	8.522534e+00	7.786609e-04	119795565.000000	0.000000e+00
8.709628e+00	8.520078e+00	7.785773e-04	119752267.000000	0.000000e+00
8.711622e+00	8.516146e+00	7.778979e-04	119850801.000000	0.000000e+00
8.713617e+00	8.512742e+00	7.773578e-04	119921485.000000	0.000000e+00
8.715612e+00	8.508389e+00	7.768851e-04	119944705.000000	0.000000e+00
8.717606e+00	8.503578e+00	7.761271e-04	120043239.000000	0.000000e+00
8.719601e+00	8.500818e+00	7.758608e-04	120047677.000000	0.000000e+00
8.721595e+00	8.495838e+00	7.752456e-04	120097437.000000	0.000000e+00
8.723590e+00	8.493944e+00	7.747787e-04	120188659.000000	0.000000e+00
8.725585e+00	8.489859e+00	7.742060e-04	120250773.000000	0.000000e+00
8.727579e+00	8.485423e+00	7.737300e-04	120272977.000000	0.000000e+00
8.729574e+00	8.481078e+00	7.730648e-04	120356719.000000	0.000000e+00
8.731569e+00	8.477015e+00	7.725120e-04	120413577.000000	0.000000e+00
8.733564e+00	8.474633e+00	7.722117e-04	120439513.000000	0.000000e+00
8.735558e+00	8.471217e+00	7.716494e-04	120517893.000000	0.000000e+00
8.737553e+00	8.468528e+00	7.712778e-04	120557503.000000	0.000000e+00
8.739547e+00	8.463510e+00	7.706179e-04	120620961.000000	0.000000e+00
8.741542e+00	8.459187e+00	7.700815e-04	120665701.000000	0.000000e+00
8.743537e+00	8.453608e+00	7.693249e-04	120743731.000000	0.000000e+00
8.745531e+00	8.452403e+00	7.691456e-04	120765621.000000	0.000000e+00
8.747526e+00	8.447004e+00	7.682667e-04	120887497.000000	0.000000e+00
8.749521e+00	8.441790e+00	7.678145e-04	120880581.000000	0.000000e+00
8.751515e+00	8.439500e+00	7.674831e-04	120919375.000000	0.000000e+00
8.753510e+00	8.436198e+00	7.669130e-04	121004433.000000	0.000000e+00
8.755505e+00	8.435056e+00	7.665844e-04	121075429.000000	0.000000e+00
8.757499e+00	8.428865e+00	7.659009e-04	121113619.000000	0.000000e+00
8.759494e+00	8.424556e+00	7.652750e-04	121187817.000000	0.000000e+00
8.761489e+00	8.419596e+00	7.647221e-04	121220257.000000	0.000000e+00
8.763483e+00	8.416991e+00	7.643914e-04	121250109.000000	0.000000e+00
8.765478e+00	8.413348e+00	7.636849e-04	121369423.000000	0.000000e+00
8.767473e+00	8.410784e+00	7.635147e-04	121349569.000000	0.000000e+00
8.769467e+00	8.406529e+00	7.627703e-04	121463541.000000	0.000000e+00
8.771462e+00	8.401077e+00	7.622212e-04	121480867.000000	0.000000e+00
8.773456e+00	8.398379e+00	7.616901e-04	121572213.000000	0.000000e+00
8.775451e+00	8.395351e+00	7.612124e-04	121637101.000000	0.000000e+00
8.777446e+00	8.390319e+00	7.606771e-04	121662375.000000	0.000000e+00
8.779441e+00	8.387009e+00	7.601879e-04	121722889.000000	0.000000e+00
8.781435e+00	8.382798e+00	7.596324e-04	121778593.000000	0.000000e+00
8.783430e+00	8.380244e+00	7.592701e-04	121820577.000000	0.000000e+00
8.785424e+00	8.376182e+00	7.587469e-04	121870411.000000	0.000000e+00
8.787419e+00	8.371130e+00	7.580024e-04	121962693.000000	0.000000e+00
8.789414e+00	8.368156e+00	7.576025e-04	122004745.000000	0.000000e+00
8.791408e+00	8.363267e+00	7.569691e-04	122066247.000000	0.000000e+00
8.793403e+00	8.360183e+00	7.565576e-04	122108965.000000	0.000000e+00
8.795398e+00	8.357001e+00	7.561631e-04	122143405.000000	0.000000e+00
8.797392e+00	8.352399e+00	7.555483e-04	122207541.000000	0.000000e+00
8.799387e+00	8.349826e+00	7.550383e-04	122297287.000000	0.000000e+00
8.801382e+00	8.345595e+00	7.545342e-04	122336697.000000	0.000000e+00
8.803376e+00	8.342752e+00	7.540765e-04	122401825.000000	0.000000e+00
8.805371e+00	8.338115e+00	7.536368e-04	122408511.000000	0.000000e+00
8.807365e+00	8.332955e+00	7.528930e-04	122498725.000000	0.000000e+00
8.809360e+00	8.330999e+00	7.525548e-04	122551309.000000	0.000000e+00
8.811355e+00	8.326088e+00	7.518692e-04	122630187.000000	0.000000e+00
8.813350e+00	8.323594e+00	7.514710e-04	122686645.000000	0.000000e+00
8.815344e+00	8.319668e+00	7.511087e-04	122689197.000000	0.000000e+00
8.817339e+00	8.315835e+00	7.504629e-04	122787253.000000	0.000000e+00
8.819333e+00	8.310168e+00	7.498502e-04	122820427.000000	0.000000e+00
8.821328e+00	8.307625e+00	7.494506e-04	122876205.000000	0.000000e+00
8.823323e+00	8.304705e+00	7.488803e-04	122976937.000000	0.000000e+00
8.825317e+00	8.300000e+00	7.484870e-04	122966751.000000	0.000000e+00
8.827312e+00	8.296614e+00	7.478028e-04	123091369.000000	0.000000e+00
8.829306e+00	8.293822e+00	7.476864e-04	123046821.000000	0.000000e+00
8.831301e+00	8.289149e+00	7.468775e-04	123174601.000000	0.000000e+00
8.833296e+00	8.286655e+00	7.464310e-04	123247819.000000	0.000000e+00
8.835290e+00	8.282565e+00	7.459789e-04	123275457.000000	0.000000e+00
8.837285e+00	8.279947e+00	7.455524e-04	123338545.000000	0.000000e+00
8.839280e+00	8.274214e+00	7.448629e-04	123395943.000000	0.000000e+00
8.841274e+00	8.271552e+00	7.445573e-04	123417781.000000	0.000000e+00
8.843269e+00	8.267873e+00	7.439640e-04	123504777.000000	0.000000e+00
8.845264e+00	8.263594e+00	7.434533e-04	123546511.000000	0.000000e+00
8.847258e+00	8.260018e+00	7.429508e-04	123606649.000000	0.000000e+00
8.849253e+00	8.256795e+00	7.424660e-04	123671565.000000	0.000000e+00
8.851248e+00	8.252513e+00	7.418507e-04	123748345.000000	0.000000e+00
8.853242e+00	8.249742e+00	7.415721e-04	123758175.000000	0.000000e+00
8.855237e+00	8.244966e+00	7.409126e-04	123835093.000000	0.000000e+00
8.857231e+00	8.242862e+00	7.406069e-04	123874113.000000	0.000000e+00
8.859226e+00	8.237617e+00	7.397857e-04	123991327.000000	0.000000e+00
8.861221e+00	8.234223e+00	7.395693e-04	123961693.000000	0.000000e+00
8.863216e+00	8.230887e+00	7.389217e-04	124078473.000000	0.000000e+00
8.865210e+00	8.227625e+00	7.385855e-04	124093021.000000	0.000000e+00
8.867205e+00	8.223364e+00	7.379250e-04	124186551.000000	0.000000e+00
8.869199e+00	8.220249e+00	7.376268e-04	124192837.000000	0.000000e+00
8.871194e+00	8.217551e+00	7.369443e-04	124341325.000000	0.000000e+00
8.873189e+00	8.212229e+00	7.365465e-04	124314483.000000	0.000000e+00
8.875183e+00	8.208592e+00	7.361099e-04	124351801.000000	0.000000e+00
8.877178e+00	8.204858e+00	7.353550e-04	124493901.000000	0.000000e+00
8.879173e+00	8.202988e+00	7.351549e-04	124504897.000000	0.000000e+00
8.881168e+00	8.198625e+00	7.346227e-04	124552767.000000	0.000000e+00
8.883162e+00	8.195864e+00	7.342230e-04	124604461.000000	0.000000e+00
8.885157e+00	8.192645e+00	7.336986e-04	124684645.000000	0.000000e+00
8.887151e+00	8.187971e+00	7.332424e-04	124697415.000000	0.000000e+00
8.889146e+00	8.184024e+00	7.325047e-04	124828261.000000	0.000000e+00
8.891141e+00	8.179315e+00	7.321526e-04	124804629.000000	0.000000e+00
8.893135e+00	8.176360e+00	7.315919e-04	124905715.000000	0.000000e+00
8.895130e+00	8.173562e+00	7.312409e-04	124940073.000000	0.000000e+00
8.897125e+00	8.168479e+00	7.305588e-04	125017837.000000	0.000000e+00
8.899119e+00	8.165387e+00	7.301528e-04	125062213.000000	0.000000e+00
8.901114e+00	8.160868e+00	7.296150e-04	125108043.000000	0.000000e+00
8.903108e+00	8.159207e+00	7.292174e-04	125193517.000000	0.000000e+00
8.905103e+00	8.154339e+00	7.286312e-04	125245461.000000	0.000000e+00
8.907098e+00	8.150791e+00	7.282933e-04	125252611.000000	0.000000e+00
8.909092e+00	8.148507e+00	7.278187e-04	125345761.000000	0.000000e+00
8.911087e+00	8.144434e+00	7.271430e-04	125453313.000000	0.000000e+00
8.913082e+00	8.140707e+00	7.269035e-04	125421157.000000	0.000000e+00
8.915076e+00	8.137961e+00	7.264314e-04	125499507.000000	0.000000e+00
8.917071e+00	8.133298e+00	7.257869e-04	125578453.000000	0.000000e+00
8.919066e+00	8.130179e+00	7.253087e-04	125647653.000000	0.000000e+00
8.921061e+00	8.126290e+00	7.248729e-04	125678479.000000	0.000000e+00
8.923055e+00	8.122476e+00	7.244520e-04	125706481.000000	0.000000e+00
8.925050e+00	8.119740e+00	7.238810e-04	125820057.000000	0.000000e+00
8.927044e+00	8.114824e+00	7.233627e-04	125847907.000000	0.000000e+00
8.929039e+00	8.112367e+00	7.229841e-04	125903481.000000	0.000000e+00
8.931034e+00	8.108320e+00	7.224708e-04	125956681.000000	0.000000e+00
8.933028e+00	8.105288e+00	7.219756e-04	126035205.000000	0.000000e+00
8.935023e+00	8.100905e+00	7.213675e-04	126111307.000000	0.000000e+00
8.937018e+00	8.097841e+00	7.211597e-04	126088525.000000	0.000000e+00
8.939012e+00	8.094499e+00	7.206689e-04	126156165.000000	0.000000e+00
8.941007e+00	8.090359e+00	7.200421e-04	126246643.000000	0.000000e+00
8.943001e+00	8.087135e+00	7.195458e-04	126320085.000000	0.000000e+00
8.944996e+00	8.083662e+00	7.191227e-04	126360205.000000	0.000000e+00
8.946991e+00	8.079976e+00	7.186616e-04	126407049.000000	0.000000e+00
8.948986e+00	8.076493e+00	7.180945e-04	126497659.000000	0.000000e+00
8.950980e+00	8.073840e+00	7.177978e-04	126519061.000000	0.000000e+00
8.952975e+00	8.069849e+00	7.173247e-04	126560793.000000	0.000000e+00
8.954969e+00	8.065086e+00	7.167243e-04	126623311.000000	0.000000e+00
8.956964e+00	8.061818e+00	7.161301e-04	126730785.000000	0.000000e+00
8.958959e+00	8.058873e+00	7.158984e-04	126720205.000000	0.000000e+00
8.960953e+00	8.055180e+00	7.153122e-04	126811669.000000	0.000000e+00
8.962948e+00	8.052883e+00	7.149107e-04	126881763.000000	0.000000e+00
8.964943e+00	8.049502e+00	7.144309e-04	126945577.000000	0.000000e+00
8.966937e+00	8.045393e+00	7.140976e-04	126934401.000000	0.000000e+00
8.968932e+00	8.040342e+00	7.133625e-04	127036471.000000	0.000000e+00
8.970927e+00	8.038114e+00	7.129708e-04	127105641.000000	0.000000e+00
8.972921e+00	8.034756e+00	7.126020e-04	127130965.000000	0.000000e+00
8.974916e+00	8.031304e+00	7.120631e-04	127214095.000000	0.000000e+00
8.976910e+00	8.027558e+00	7.117277e-04	127215237.000000	0.000000e+00
8.978905e+00	8.025359e+00	7.110645e-04	127382857.000000	0.000000e+00
8.980900e+00	8.020517e+00	7.107562e-04	127339593.000000	0.000000e+00
8.982894e+00	8.016863e+00	7.101309e-04	127447711.000000	0.000000e+00
8.984889e+00	8.012903e+00	7.097540e-04	127457121.000000	0.000000e+00
8.986883e+00	8.008926e+00	7.091624e-04	127543141.000000	0.000000e+00
8.988878e+00	8.004772e+00	7.085510e-04	127630855.000000	0.000000e+00
8.990873e+00	8.002971e+00	7.082639e-04	127676901.000000	0.000000e+00
8.992868e+00	7.998878e+00	7.079475e-04	127660357.000000	0.000000e+00
8.994862e+00	7.996217e+00	7.072821e-04	127815597.000000	0.000000e+00
8.996857e+00	7.992163e+00	7.068614e-04	127838047.000000	0.000000e+00
8.998852e+00	7.989271e+00	7.066490e-04	127822329.000000	0.000000e+00
9.000846e+00	7.985075e+00	7.058567e-04	127974937.000000	0.000000e+00
9.002841e+00	7.982411e+00	7.055359e-04	128005891.000000	0.000000e+00
9.004836e+00	7.978659e+00	7.051286e-04	128033349.000000	0.000000e+00
9.006830e+00	7.974349e+00	7.044917e-04	128126425.000000	0.000000e+00
9.008825e+00	7.971964e+00	7.042345e-04	128143335.000000	0.000000e+00
9.010819e+00	7.968542e+00	7.037433e-04	128212129.000000	0.000000e+00
9.012814e+00	7.964759e+00	7.031605e-04	128302837.000000	0.000000e+00
9.014809e+00	7.961380e+00	7.028224e-04	128317413.000000	0.000000e+00
9.016803e+00	7.957371e+00	7.022332e-04	128403391.000000	0.000000e+00
9.018798e+00	7.953774e+00	7.017231e-04	128473905.000000	0.000000e+00
9.020793e+00	7.949462e+00	7.013448e-04	128473129.000000	0.000000e+00
9.022787e+00	7.946928e+00	7.007843e-04	128596695.000000	0.000000e+00
9.024782e+00	7.944909e+00	7.006164e-04	128592961.000000	0.000000e+00
9.026777e+00	7.941135e+00	7.000211e-04	128689453.000000	0.000000e+00
9.028771e+00	7.936588e+00	6.995368e-04	128720133.000000	0.000000e+00
9.030766e+00	7.932315e+00	6.989092e-04	128812615.000000	0.000000e+00
9.032761e+00	7.930422e+00	6.986613e-04	128842545.000000	0.000000e+00
9.034755e+00	7.926904e+00	6.981530e-04	128915737.000000	0.000000e+00
9.036750e+00	7.923342e+00	6.977438e-04	128951019.000000	0.000000e+00
9.038744e+00	7.920183e+00	6.973926e-04	128978029.000000	0.000000e+00
9.040739e+00	7.915609e+00	6.966103e-04	129118621.000000	0.000000e+00
9.042734e+00	7.911952e+00	6.962549e-04	129131079.000000	0.000000e+00
9.044728e+00	7.910440e+00	6.959967e-04	129177529.000000	0.000000e+00
9.046723e+00	7.907235e+00	6.954775e-04	129265653.000000	0.000000e+00
9.048718e+00	7.902472e+00	6.949473e-04	129307069.000000	0.000000e+00
9.050713e+00	7.898668e+00	6.944748e-04	129358419.000000	0.000000e+00
9.052707e+00	7.897336e+00	6.941504e-04	129435697.000000	0.000000e+00
9.054702e+00	7.892790e+00	6.936946e-04	129456673.000000	0.000000e+00
9.056696e+00	7.888132e+00	6.931134e-04	129520851.000000	0.000000e+00
9.058691e+00	7.885303e+00	6.926626e-04	129596497.000000	0.000000e+00
9.060686e+00	7.881740e+00	6.922031e-04	129651381.000000	0.000000e+00
9.062680e+00	7.878582e+00	6.918708e-04	129671977.000000	0.000000e+00
9.064675e+00	7.874813e+00	6.912854e-04	129767419.000000	0.000000e+00
9.066670e+00	7.872802e+00	6.909115e-04	129841581.000000	0.000000e+00
9.068665e+00	7.867807e+00	6.903177e-04	129900049.000000	0.000000e+00
9.070659e+00	7.865566e+00	6.901344e-04	129895047.000000	0.000000e+00
9.072653e+00	7.862157e+00	6.896279e-04	129973189.000000	0.000000e+00
9.074648e+00	7.857386e+00	6.890071e-04	130049529.000000	0.000000e+00
9.076643e+00	7.855254e+00	6.886360e-04	130119085.000000	0.000000e+00
9.078637e+00	7.852403e+00	6.883263e-04	130141699.000000	0.000000e+00
9.080632e+00	7.848818e+00	6.877667e-04	130234557.000000	0.000000e+00
9.082627e+00	7.844754e+00	6.872814e-04	130283533.000000	0.000000e+00
9.084622e+00	7.841626e+00	6.868761e-04	130333299.000000	0.000000e+00
9.086616e+00	7.837471e+00	6.864417e-04	130360069.000000	0.000000e+00
9.088611e+00	7.835437e+00	6.859820e-04	130467093.000000	0.000000e+00
9.090605e+00	7.831505e+00	6.855933e-04	130484023.000000	0.000000e+00
9.092600e+00	7.826894e+00	6.849567e-04	130572781.000000	0.000000e+00
9.094595e+00	7.824428e+00	6.845900e-04	130630353.000000	0.000000e+00
9.096589e+00	7.820138e+00	6.841550e-04	130653121.000000	0.000000e+00
9.098584e+00	7.818329e+00	6.836892e-04	130770699.000000	0.000000e+00
9.100579e+00	7.814309e+00	6.834079e-04	130743829.000000	0.000000e+00
9.102573e+00	7.811893e+00	6.828387e-04	130880917.000000	0.000000e+00
9.104568e+00	7.808386e+00	6.824847e-04	130899099.000000	0.000000e+00
9.106563e+00	7.804043e+00	6.818681e-04	130990129.000000	0.000000e+00
9.108557e+00	7.801409e+00	6.816538e-04	130984053.000000	0.000000e+00
9.110552e+00	7.796644e+00	6.810179e-04	131068489.000000	0.000000e+00
9.112547e+00	7.794588e+00	6.805380e-04	131184231.000000	0.000000e+00
9.114541e+00	7.790852e+00	6.802608e-04	131165317.000000	0.000000e+00
9.116536e+00	7.786660e+00	6.796679e-04	131252905.000000	0.000000e+00
9.118531e+00	7.783312e+00	6.792246e-04	131311287.000000	0.000000e+00
9.120525e+00	7.780262e+00	6.788759e-04	131343205.000000	0.000000e+00
9.122520e+00	7.778176e+00	6.784187e-04	131449809.000000	0.000000e+00
9.124514e+00	7.776190e+00	6.782371e-04	131453047.000000	0.000000e+00
9.126509e+00	7.770792e+00	6.775243e-04	131546949.000000	0.000000e+00
9.128504e+00	7.767332e+00	6.770831e-04	131601169.000000	0.000000e+00
9.130498e+00	7.763547e+00	6.766736e-04	131632129.000000	0.000000e+00
9.132493e+00	7.760233e+00	6.761763e-04	131713311.000000	0.000000e+00
9.134488e+00	7.757933e+00	6.758446e-04	131764465.000000	0.000000e+00
9.136482e+00	7.755205e+00	6.754294e-04	131833761.000000	0.000000e+00
9.138477e+00	7.750892e+00	6.749215e-04	131885455.000000	0.000000e+00
9.140472e+00	7.748264e+00	6.745639e-04	131935785.000000	0.000000e+00
9.142466e+00	7.743248e+00	6.739422e-04	132008269.000000	0.000000e+00
9.144461e+00	7.741427e+00	6.736735e-04	132051397.000000	0.000000e+00
9.146456e+00	7.737431e+00	6.731729e-04	132111411.000000	0.000000e+00
9.148450e+00	7.735198e+00	6.728449e-04	132163909.000000	0.000000e+00
9.150445e+00	7.730756e+00	6.722740e-04	132236481.000000	0.000000e+00
9.152440e+00	7.727617e+00	6.718949e-04	132278287.000000	0.000000e+00
9.154434e+00	7.724770e+00	6.715436e-04	132319129.000000	0.000000e+00
9.156429e+00	7.721429e+00	6.709596e-04	132434949.000000	0.000000e+00
9.158424e+00	7.718056e+00	6.705704e-04	132472945.000000	0.000000e+00
9.160418e+00	7.715700e+00	6.702714e-04	132510207.000000	0.000000e+00
9.162413e+00	7.711829e+00	6.698874e-04	132529069.000000	0.000000e+00
9.164407e+00	7.708262e+00	6.692989e-04	132639453.000000	0.000000e+00
9.166402e+00	7.705908e+00	6.689478e-04	132697663.000000	0.000000e+00
9.168397e+00	7.703078e+00	6.685547e-04	132756157.000000	0.000000e+00
9.170391e+00	7.699534e+00	6.680823e-04	132821673.000000	0.000000e+00
9.172386e+00	7.694634e+00	6.675439e-04	132866731.000000	0.000000e+00
9.174381e+00	7.690508e+00	6.670393e-04	132925161.000000	0.000000e+00
9.176375e+00	7.688168e+00	6.667952e-04	132941581.000000	0.000000e+00
9.178370e+00	7.686283e+00	6.664678e-04	133006965.000000	0.000000e+00
9.180364e+00	7.681203e+00	6.657134e-04	133132435.000000	0.000000e+00
9.182359e+00	7.678770e+00	6.654077e-04	133170409.000000	0.000000e+00
9.184354e+00	7.674711e+00	6.649753e-04	133202709.000000	0.000000e+00
9.186348e+00	7.672063e+00	6.646380e-04	133245943.000000	0.000000e+00
9.188343e+00	7.668448e+00	6.641212e-04	133327641.000000	0.000000e+00
9.190338e+00	7.665437e+00	6.636852e-04	133398085.000000	0.000000e+00
9.192332e+00	7.663930e+00	6.634973e-04	133421181.000000	0.000000e+00
9.194327e+00	7.660427e+00	6.629330e-04	133526251.000000	0.000000e+00
9.196322e+00	7.656539e+00	6.625469e-04	133546273.000000	0.000000e+00
9.198316e+00	7.652940e+00	6.621055e-04	133598685.000000	0.000000e+00
9.200311e+00	7.649429e+00	6.615934e-04	133682827.000000	0.000000e+00
9.202306e+00	7.647190e+00	6.612709e-04	133734933.000000	0.000000e+00
9.204301e+00	7.644067e+00	6.607895e-04	133820521.000000	0.000000e+00
9.206295e+00	7.639659e+00	6.605007e-04	133783147.000000	0.000000e+00
9.208289e+00	7.637343e+00	6.599122e-04	133940625.000000	0.000000e+00
9.210284e+00	7.633125e+00	6.595544e-04	133937905.000000	0.000000e+00
9.212279e+00	7.629884e+00	6.590681e-04	134021769.000000	0.000000e+00
9.214273e+00	7.627789e+00	6.587114e-04	134093275.000000	0.000000e+00
9.216268e+00	7.624471e+00	6.584057e-04	134101113.000000	0.000000e+00
9.218263e+00	7.620226e+00	6.576495e-04	134260033.000000	0.000000e+00
9.220258e+00	7.616581e+00	6.574217e-04	134224567.000000	0.000000e+00
9.222252e+00	7.613801e+00	6.569131e-04	134334381.000000	0.000000e+00
9.224247e+00	7.611249e+00	6.566308e-04	134359801.000000	0.000000e+00
9.226241e+00	7.607263e+00	6.561931e-04	134398221.000000	0.000000e+00
9.228236e+00	7.604473e+00	6.556746e-04	134512123.000000	0.000000e+00
9.230231e+00	7.600386e+00	6.552403e-04	134545761.000000	0.000000e+00
9.232225e+00	7.598003e+00	6.549319e-04	134588113.000000	0.000000e+00
9.234220e+00	7.595522e+00	6.545248e-04	134667559.000000	0.000000e+00
9.236215e+00	7.591559e+00	6.541201e-04	134693589.000000	0.000000e+00
9.238209e+00	7.589661e+00	6.536853e-04	134805409.000000	0.000000e+00
9.240204e+00	7.586209e+00	6.533067e-04	134838945.000000	0.000000e+00
9.242199e+00	7.582223e+00	6.528316e-04	134893399.000000	0.000000e+00
9.244193e+00	7.579124e+00	6.524189e-04	134953761.000000	0.000000e+00
9.246188e+00	7.577135e+00	6.520873e-04	135020173.000000	0.000000e+00
9.248183e+00	7.571949e+00	6.515498e-04	135057943.000000	0.000000e+00
9.250177e+00	7.569125e+00	6.512993e-04	135061065.000000	0.000000e+00
9.252171e+00	7.566734e+00	6.507237e-04	135214633.000000	0.000000e+00
9.254166e+00	7.563197e+00	6.503337e-04	135250299.000000	0.000000e+00
9.256161e+00	7.560054e+00	6.499800e-04	135285061.000000	0.000000e+00
9.258155e+00	7.556170e+00	6.494537e-04	135365173.000000	0.000000e+00
9.260150e+00	7.553608e+00	6.490549e-04	135439713.000000	0.000000e+00
9.262145e+00	7.551293e+00	6.487421e-04	135487267.000000	0.000000e+00
9.264140e+00	7.547919e+00	6.483696e-04	135521805.000000	0.000000e+00
9.266134e+00	7.543243e+00	6.478698e-04	135562849.000000	0.000000e+00
9.268129e+00	7.540205e+00	6.473713e-04	135662379.000000	0.000000e+00
9.270124e+00	7.539084e+00	6.471028e-04	135734593.000000	0.000000e+00
9.272118e+00	7.534446e+00	6.466241e-04	135768469.000000	0.000000e+00
9.274113e+00	7.531094e+00	6.462213e-04	135816813.000000	0.000000e+00
9.276108e+00	7.528978e+00	6.458215e-04	135908635.000000	0.000000e+00
9.278103e+00	7.525484e+00	6.454796e-04	135926385.000000	0.000000e+00
9.280097e+00	7.521134e+00	6.449252e-04	136002841.000000	0.000000e+00
9.282092e+00	7.518392e+00	6.446216e-04	136031727.000000	0.000000e+00
9.284086e+00	7.516882e+00	6.442745e-04	136123645.000000	0.000000e+00
9.286081e+00	7.514252e+00	6.439244e-04	136176373.000000	0.000000e+00
9.288075e+00	7.509635e+00	6.433670e-04	136244823.000000	0.000000e+00
9.290070e+00	7.506428e+00	6.429666e-04	136298077.000000	0.000000e+00
9.292065e+00	7.503049e+00	6.425359e-04	136358025.000000	0.000000e+00
9.294059e+00	7.499982e+00	6.421962e-04	136390765.000000	0.000000e+00
9.296054e+00	7.497382e+00	6.417427e-04	136488943.000000	0.000000e+00
9.298049e+00	7.493763e+00	6.414277e-04	136491129.000000	0.000000e+00
9.300043e+00	7.490131e+00	6.407503e-04	136647325.000000	0.000000e+00
9.302038e+00	7.486953e+00	6.405990e-04	136595907.000000	0.000000e+00
9.304033e+00	7.484476e+00	6.400840e-04	136725313.000000	0.000000e+00
9.306028e+00	7.480427e+00	6.395941e-04	136786725.000000	0.000000e+00
9.308022e+00	7.478368e+00	6.393398e-04	136820185.000000	0.000000e+00
9.310017e+00	7.474150e+00	6.388836e-04	136861171.000000	0.000000e+00
9.312011e+00	7.473160e+00	6.386748e-04	136914345.000000	0.000000e+00
9.314006e+00	7.469279e+00	6.380841e-04	137025541.000000	0.000000e+00
9.316001e+00	7.466230e+00	6.378353e-04	137020491.000000	0.000000e+00
9.317995e+00	7.461994e+00	6.372387e-04	137121469.000000	0.000000e+00
9.319990e+00	7.459747e+00	6.368622e-04	137200989.000000	0.000000e+00
9.321984e+00	7.455291e+00	6.364942e-04	137195623.000000	0.000000e+00
9.323979e+00	7.452629e+00	6.359793e-04	137319781.000000	0.000000e+00
9.325974e+00	7.450155e+00	6.357387e-04	137332473.000000	0.000000e+00
9.327968e+00	7.447167e+00	6.353314e-04	137398369.000000	0.000000e+00
9.329963e+00	7.443204e+00	6.348296e-04	137469243.000000	0.000000e+00
9.331957e+00	7.441155e+00	6.345686e-04	137506597.000000	0.000000e+00
9.333952e+00	7.437332e+00	6.339744e-04	137622981.000000	0.000000e+00
9.335947e+00	7.435174e+00	6.338304e-04	137605591.000000	0.000000e+00
9.337941e+00	7.432548e+00	6.333259e-04	137727601.000000	0.000000e+00
9.339936e+00	7.429507e+00	6.329411e-04	137782305.000000	0.000000e+00
9.341931e+00	7.426199e+00	6.326466e-04	137787817.000000	0.000000e+00
9.343926e+00	7.423188e+00	6.320923e-04	137917659.000000	0.000000e+00
9.345920e+00	7.418967e+00	6.317656e-04	137903365.000000	0.000000e+00
9.347915e+00	7.415751e+00	6.312275e-04	138018829.000000	0.000000e+00
9.349910e+00	7.413959e+00	6.309364e-04	138079467.000000	0.000000e+00
9.351905e+00	7.410741e+00	6.306374e-04	138090469.000000	0.000000e+00
9.353899e+00	7.407158e+00	6.302331e-04	138134085.000000	0.000000e+00
9.355893e+00	7.405451e+00	6.297697e-04	138273709.000000	0.000000e+00
9.357888e+00	7.401282e+00	6.293230e-04	138314175.000000	0.000000e+00
9.359883e+00	7.398482e+00	6.290317e-04	138337609.000000	0.000000e+00
9.361878e+00	7.394552e+00	6.286056e-04	138378061.000000	0.000000e+00
9.363872e+00	7.391726e+00	6.280928e-04	138498171.000000	0.000000e+00
9.365867e+00	7.390152e+00	6.279502e-04	138502117.000000	0.000000e+00
9.367861e+00	7.387502e+00	6.275364e-04	138585393.000000	0.000000e+00
9.369856e+00	7.383563e+00	6.271409e-04	138612295.000000	0.000000e+00
9.371850e+00	7.380266e+00	6.265944e-04	138730197.000000	0.000000e+00
9.373845e+00	7.376552e+00	6.262161e-04	138758089.000000	0.000000e+00
9.375840e+00	7.372952e+00	6.256732e-04	138863365.000000	0.000000e+00
9.377835e+00	7.371394e+00	6.256057e-04	138834651.000000	0.000000e+00
9.379829e+00	7.366916e+00	6.250459e-04	138914509.000000	0.000000e+00
9.381824e+00	7.364183e+00	6.245011e-04	139053729.000000	0.000000e+00
9.383819e+00	7.361491e+00	6.242982e-04	139042423.000000	0.000000e+00
9.385813e+00	7.359795e+00	6.239539e-04	139131813.000000	0.000000e+00
9.387808e+00	7.355650e+00	6.235028e-04	139176289.000000	0.000000e+00
9.389803e+00	7.353603e+00	6.231476e-04	139257493.000000	0.000000e+00
9.391797e+00	7.348686e+00	6.226912e-04	139275267.000000	0.000000e+00
9.393792e+00	7.345883e+00	6.223305e-04	139330405.000000	0.000000e+00
9.395787e+00	7.342884e+00	6.218172e-04	139446609.000000	0.000000e+00
9.397781e+00	7.341224e+00	6.216257e-04	139469419.000000	0.000000e+00
9.399776e+00	7.337600e+00	6.211777e-04	139532821.000000	0.000000e+00
9.401771e+00	7.334635e+00	6.207663e-04	139604913.000000	0.000000e+00
9.403765e+00	7.332005e+00	6.205553e-04	139599703.000000	0.000000e+00
9.405760e+00	7.328777e+00	6.199829e-04	139734453.000000	0.000000e+00
9.407754e+00	7.324784e+00	6.195938e-04	139757653.000000	0.000000e+00
9.409749e+00	7.323379e+00	6.192969e-04	139838001.000000	0.000000e+00
9.411744e+00	7.320310e+00	6.189367e-04	139883515.000000	0.000000e+00
9.413738e+00	7.316446e+00	6.184868e-04	139939213.000000	0.000000e+00
9.415733e+00	7.312070e+00	6.179021e-04	140036565.000000	0.000000e+00
9.417728e+00	7.310658e+00	6.178171e-04	140020987.000000	0.000000e+00
9.419722e+00	7.307575e+00	6.172540e-04	140158245.000000	0.000000e+00
9.421717e+00	7.305985e+00	6.170780e-04	140177209.000000	0.000000e+00
9.423712e+00	7.302491e+00	6.166377e-04	140243265.000000	0.000000e+00
9.425706e+00	7.299358e+00	6.162363e-04	140305519.000000	0.000000e+00
9.427701e+00	7.294505e+00	6.157903e-04	140322073.000000	0.000000e+00
9.429695e+00	7.292277e+00	6.153317e-04	140445441.000000	0.000000e+00
9.431690e+00	7.288909e+00	6.149020e-04	140511943.000000	0.000000e+00
9.433685e+00	7.286300e+00	6.146874e-04	140509437.000000	0.000000e+00
9.435679e+00	7.282982e+00	6.142108e-04	140599417.000000	0.000000e+00
9.437674e+00	7.280539e+00	6.139150e-04	140640541.000000	0.000000e+00
9.439668e+00	7.277297e+00	6.134372e-04	140734323.000000	0.000000e+00
9.441663e+00	7.273801e+00	6.129972e-04	140801041.000000	0.000000e+00
9.443658e+00	7.271384e+00	6.126914e-04	140847993.000000	0.000000e+00
9.445653e+00	7.268371e+00	6.124003e-04	140865091.000000	0.000000e+00
9.447647e+00	7.265557e+00	6.119857e-04	140946813.000000	0.000000e+00
9.449642e+00	7.262534e+00	6.115056e-04	141050809.000000	0.000000e+00
9.451637e+00	7.260582e+00	6.113485e-04	141047419.000000	0.000000e+00
9.453631e+00	7.257231e+00	6.108001e-04	141170433.000000	0.000000e+00
9.455626e+00	7.253933e+00	6.105377e-04	141163405.000000	0.000000e+00
9.457621e+00	7.251012e+00	6.100388e-04	141280533.000000	0.000000e+00
9.459615e+00	7.246968e+00	6.097044e-04	141277831.000000	0.000000e+00
9.461610e+00	7.244684e+00	6.092593e-04	141395157.000000	0.000000e+00
9.463604e+00	7.242564e+00	6.090714e-04	141399661.000000	0.000000e+00
9.465599e+00	7.239391e+00	6.084576e-04	141560911.000000	0.000000e+00
9.467594e+00	7.237252e+00	6.083807e-04	141513081.000000	0.000000e+00
9.469588e+00	7.234105e+00	6.078771e-04	141624409.000000	0.000000e+00
9.471583e+00	7.230439e+00	6.074733e-04	141669045.000000	0.000000e+00
9.473578e+00	7.227243e+00	6.070709e-04	141731527.000000	0.000000e+00
9.475573e+00	7.224291e+00	6.066482e-04	141813201.000000	0.000000e+00
9.477567e+00	7.222701e+00	6.064741e-04	141832153.000000	0.000000e+00
9.479562e+00	7.218246e+00	6.059315e-04	141911095.000000	0.000000e+00
9.481557e+00	7.216317e+00	6.056257e-04	141978525.000000	0.000000e+00
9.483551e+00	7.212692e+00	6.052486e-04	142012693.000000	0.000000e+00
9.485545e+00	7.210303e+00	6.049555e-04	142056207.000000	0.000000e+00
9.487540e+00	7.207612e+00	6.044600e-04	142183033.000000	0.000000e+00
9.489535e+00	7.203437e+00	6.040336e-04	142218937.000000	0.000000e+00
9.491530e+00	7.201614e+00	6.038088e-04	142252809.000000	0.000000e+00
9.493524e+00	7.198696e+00	6.033691e-04	142344787.000000	0.000000e+00
9.495519e+00	7.195924e+00	6.030831e-04	142370133.000000	0.000000e+00
9.497514e+00	7.193267e+00	6.026525e-04	142468369.000000	0.000000e+00
9.499508e+00	7.188871e+00	6.022674e-04	142476327.000000	0.000000e+00
9.501503e+00	7.187055e+00	6.018870e-04	142584409.000000	0.000000e+00
9.503498e+00	7.183100e+00	6.014202e-04	142648717.000000	0.000000e+00
9.505492e+00	7.180095e+00	6.011633e-04	142651185.000000	0.000000e+00
9.507487e+00	7.177850e+00	6.007130e-04	142775815.000000	0.000000e+00
9.509482e+00	7.174227e+00	6.003328e-04	142812477.000000	0.000000e+00
9.511476e+00	7.172664e+00	6.001107e-04	142855885.000000	0.000000e+00
9.513471e+00	7.169586e+00	5.997067e-04	142925727.000000	0.000000e+00
9.515465e+00	7.166541e+00	5.993379e-04	142980133.000000	0.000000e+00
9.517460e+00	7.163731e+00	5.988897e-04	143081977.000000	0.000000e+00
9.519455e+00	7.160207e+00	5.985872e-04	143085723.000000	0.000000e+00
9.521449e+00	7.156973e+00	5.981247e-04	143177689.000000	0.000000e+00
9.523444e+00	7.154815e+00	5.978995e-04	143199129.000000	0.000000e+00
9.525438e+00	7.151815e+00	5.975114e-04	143265013.000000	0.000000e+00
9.527433e+00	7.149504e+00	5.970953e-04	143372079.000000	0.000000e+00
9.529428e+00	7.146407e+00	5.967002e-04	143437621.000000	0.000000e+00
9.531423e+00	7.143237e+00	5.964124e-04	143448757.000000	0.000000e+00
9.533417e+00	7.140840e+00	5.961046e-04	143500599.000000	0.000000e+00
9.535412e+00	7.137875e+00	5.955536e-04	143646865.000000	0.000000e+00
9.537407e+00	7.134837e+00	5.953883e-04	143604309.000000	0.000000e+00
9.539401e+00	7.132046e+00	5.949849e-04	143686597.000000	0.000000e+00
9.541395e+00	7.129243e+00	5.945686e-04	143774839.000000	0.000000e+00
9.543390e+00	7.125328e+00	5.940872e-04	143849841.000000	0.000000e+00
9.545385e+00	7.123511e+00	5.938293e-04	143901361.000000	0.000000e+00
9.547380e+00	7.121050e+00	5.935572e-04	143933871.000000	0.000000e+00
9.549374e+00	7.117192e+00	5.931671e-04	143967097.000000	0.000000e+00
9.551369e+00	7.115207e+00	5.927112e-04	144108237.000000	0.000000e+00
9.553363e+00	7.110553e+00	5.923189e-04	144110461.000000	0.000000e+00
9.555358e+00	7.108407e+00	5.919735e-04	144191647.000000	0.000000e+00
9.557353e+00	7.106518e+00	5.916623e-04	144266625.000000	0.000000e+00
9.559347e+00	7.103545e+00	5.913455e-04	144300433.000000	0.000000e+00
9.561342e+00	7.100383e+00	5.908690e-04	144404655.000000	0.000000e+00
9.563337e+00	7.096827e+00	5.906222e-04	144380629.000000	0.000000e+00
9.565331e+00	7.094288e+00	5.901619e-04	144502521.000000	0.000000e+00
9.567326e+00	7.091094e+00	5.897503e-04	144574015.000000	0.000000e+00
9.569321e+00	7.089985e+00	5.895933e-04	144605761.000000	0.000000e+00
9.571315e+00	7.087476e+00	5.893385e-04	144628401.000000	0.000000e+00
9.573310e+00	7.082521e+00	5.886048e-04	144786541.000000	0.000000e+00
9.575305e+00	7.081794e+00	5.885692e-04	144774303.000000	0.000000e+00
9.577299e+00	7.077055e+00	5.880135e-04	144854017.000000	0.000000e+00
9.579294e+00	7.074578e+00	5.876771e-04	144918381.000000	0.000000e+00
9.581289e+00	7.071176e+00	5.872443e-04	144992551.000000	0.000000e+00
9.583284e+00	7.068323e+00	5.869561e-04	145017853.000000	0.000000e+00
9.585278e+00	7.066899e+00	5.866758e-04	145098009.000000	0.000000e+00
9.587273e+00	7.063405e+00	5.863202e-04	145130449.000000	0.000000e+00
9.589267e+00	7.060539e+00	5.859141e-04	145213743.000000	0.000000e+00
9.591262e+00	7.058331e+00	5.855424e-04	145307281.000000	0.000000e+00
9.593257e+00	7.055421e+00	5.853343e-04	145290733.000000	0.000000e+00
9.595251e+00	7.052694e+00	5.848389e-04	145424475.000000	0.000000e+00
9.597246e+00	7.049243e+00	5.845304e-04	145435645.000000	0.000000e+00
9.599241e+00	7.047198e+00	5.841603e-04	145535493.000000	0.000000e+00
9.601235e+00	7.044100e+00	5.838838e-04	145545307.000000	0.000000e+00
9.603230e+00	7.041000e+00	5.833708e-04	145673097.000000	0.000000e+00
9.605225e+00	7.039142e+00	5.831727e-04	145695133.000000	0.000000e+00
9.607219e+00	7.035919e+00	5.828217e-04	145737133.000000	0.000000e+00
9.609214e+00	7.032732e+00	5.824084e-04	145811847.000000	0.000000e+00
9.611208e+00	7.030819e+00	5.822073e-04	145833229.000000	0.000000e+00
9.613203e+00	7.028029e+00	5.816660e-04	145988865.000000	0.000000e+00
9.615197e+00	7.023889e+00	5.813070e-04	145997083.000000	0.000000e+00
9.617192e+00	7.022055e+00	5.810185e-04	146065773.000000	0.000000e+00
9.619187e+00	7.018185e+00	5.804936e-04	146168833.000000	0.000000e+00
9.621182e+00	7.016083e+00	5.803737e-04	146141653.000000	0.000000e+00
9.623176e+00	7.013340e+00	5.799287e-04	146251563.000000	0.000000e+00
9.625171e+00	7.010215e+00	5.795569e-04	146308813.000000	0.000000e+00
9.627166e+00	7.008270e+00	5.793379e-04	146338257.000000	0.000000e+00
9.629160e+00	7.004739e+00	5.788170e-04	146454043.000000	0.000000e+00
9.631155e+00	7.001802e+00	5.785565e-04	146463037.000000	0.000000e+00
9.633150e+00	6.999381e+00	5.781313e-04	146577165.000000	0.000000e+00
9.635144e+00	6.996592e+00	5.778844e-04	146585533.000000	0.000000e+00
9.637139e+00	6.993650e+00	5.774678e-04	146673723.000000	0.000000e+00
9.639133e+00	6.990147e+00	5.770828e-04	146722417.000000	0.000000e+00
9.641128e+00	6.987014e+00	5.766964e-04	146787393.000000	0.000000e+00
9.643123e+00	6.986548e+00	5.764987e-04	146868475.000000	0.000000e+00
9.645118e+00	6.983016e+00	5.761311e-04	146907349.000000	0.000000e+00
9.647112e+00	6.980573e+00	5.757853e-04	146980905.000000	0.000000e+00
9.649107e+00	6.977705e+00	5.755012e-04	147005227.000000	0.000000e+00
9.651101e+00	6.973978e+00	5.750307e-04	147088641.000000	0.000000e+00
9.653096e+00	6.970619e+00	5.745796e-04	147177805.000000	0.000000e+00
9.655091e+00	6.969405e+00	5.744695e-04	147182949.000000	0.000000e+00
9.657085e+00	6.965975e+00	5.740148e-04	147271147.000000	0.000000e+00
9.659080e+00	6.963785e+00	5.737000e-04	147340141.000000	0.000000e+00
9.661075e+00	6.960783e+00	5.732425e-04	147448173.000000	0.000000e+00
9.663069e+00	6.958598e+00	5.731431e-04	147406759.000000	0.000000e+00
9.665064e+00	6.955459e+00	5.725898e-04	147558561.000000	0.000000e+00
9.667058e+00	6.952388e+00	5.723899e-04	147531301.000000	0.000000e+00
9.669053e+00	6.949778e+00	5.719843e-04	147629637.000000	0.000000e+00
9.671048e+00	6.947469e+00	5.715742e-04	147743359.000000	0.000000e+00
9.673042e+00	6.944057e+00	5.712609e-04	147760261.000000	0.000000e+00
9.675037e+00	6.942017e+00	5.709792e-04	147819201.000000	0.000000e+00
9.677032e+00	6.939225e+00	5.705923e-04	147900667.000000	0.000000e+00
9.679027e+00	6.935948e+00	5.702675e-04	147929385.000000	0.000000e+00
9.681021e+00	6.933629e+00	5.699184e-04	148011613.000000	0.000000e+00
9.683015e+00	6.930628e+00	5.696482e-04	148023871.000000	0.000000e+00
9.685010e+00	6.928291e+00	5.691374e-04	148189677.000000	0.000000e+00
9.687005e+00	6.925402e+00	5.689464e-04	148165549.000000	0.000000e+00
9.689000e+00	6.922857e+00	5.685703e-04	148252617.000000	0.000000e+00
9.690994e+00	6.920399e+00	5.682504e-04	148314187.000000	0.000000e+00
9.692989e+00	6.917234e+00	5.678684e-04	148377981.000000	0.000000e+00
9.694984e+00	6.914550e+00	5.675415e-04	148433713.000000	0.000000e+00
9.696978e+00	6.911505e+00	5.672004e-04	148481467.000000	0.000000e+00
9.698973e+00	6.909292e+00	5.668683e-04	148560285.000000	0.000000e+00
9.700968e+00	6.906735e+00	5.665109e-04	148637725.000000	0.000000e+00
9.702962e+00	6.904497e+00	5.662927e-04	148655925.000000	0.000000e+00
9.704957e+00	6.901278e+00	5.658628e-04	148743079.000000	0.000000e+00
9.706952e+00	6.897928e+00	5.654179e-04	148832649.000000	0.000000e+00
9.708946e+00	6.895046e+00	5.652332e-04	148805521.000000	0.000000e+00
9.710941e+00	6.892335e+00	5.647581e-04	148938799.000000	0.000000e+00
9.712935e+00	6.890657e+00	5.645417e-04	148980429.000000	0.000000e+00
9.714930e+00	6.888128e+00	5.641341e-04	149086309.000000	0.000000e+00
9.716925e+00	6.885256e+00	5.639338e-04	149067795.000000	0.000000e+00
9.718919e+00	6.882131e+00	5.634863e-04	149169193.000000	0.000000e+00
9.720914e+00	6.880652e+00	5.632600e-04	149224917.000000	0.000000e+00
9.722908e+00	6.876425e+00	5.628125e-04	149278753.000000	0.000000e+00
9.724903e+00	6.874322e+00	5.624754e-04	149366335.000000	0.000000e+00
9.726898e+00	6.871284e+00	5.621859e-04	149388069.000000	0.000000e+00
9.728892e+00	6.868720e+00	5.617523e-04	149507101.000000	0.000000e+00
9.730887e+00	6.866118e+00	5.615287e-04	149512899.000000	0.000000e+00
9.732882e+00	6.863431e+00	5.611159e-04	149615761.000000	0.000000e+00
9.734877e+00	6.860536e+00	5.607923e-04	149662165.000000	0.000000e+00
9.736871e+00	6.858508e+00	5.605196e-04	149719269.000000	0.000000e+00
9.738866e+00	6.855034e+00	5.601383e-04	149771335.000000	0.000000e+00
9.740860e+00	6.852450e+00	5.598290e-04	149823849.000000	0.000000e+00
9.742855e+00	6.850770e+00	5.594744e-04	149940325.000000	0.000000e+00
9.744850e+00	6.846571e+00	5.590762e-04	149969931.000000	0.000000e+00
9.746845e+00	6.844005e+00	5.587807e-04	150016093.000000	0.000000e+00
9.748839e+00	6.843650e+00	5.586158e-04	150089125.000000	0.000000e+00
9.750834e+00	6.839422e+00	5.582019e-04	150126081.000000	0.000000e+00
9.752828e+00	6.836705e+00	5.578035e-04	150221203.000000	0.000000e+00
9.754823e+00	6.834946e+00	5.575624e-04	150273789.000000	0.000000e+00
9.756818e+00	6.831919e+00	5.572134e-04	150328825.000000	0.000000e+00
9.758812e+00	6.829071e+00	5.568809e-04	150382971.000000	0.000000e+00
9.760807e+00	6.826040e+00	5.564740e-04	150469285.000000	0.000000e+00
9.762802e+00	6.823926e+00	5.562194e-04	150513817.000000	0.000000e+00
9.764796e+00	6.821177e+00	5.559137e-04	150557991.000000	0.000000e+00
9.766791e+00	6.818742e+00	5.555194e-04	150664189.000000	0.000000e+00
9.768786e+00	6.815818e+00	5.551863e-04	150715677.000000	0.000000e+00
9.770780e+00	6.813342e+00	5.548896e-04	150767341.000000	0.000000e+00
9.772775e+00	6.811603e+00	5.547476e-04	150767523.000000	0.000000e+00
9.774769e+00	6.807862e+00	5.541367e-04	150934201.000000	0.000000e+00
9.776764e+00	6.805084e+00	5.538555e-04	150964213.000000	0.000000e+00
9.778759e+00	6.803336e+00	5.536474e-04	151000155.000000	0.000000e+00
9.780753e+00	6.800492e+00	5.533331e-04	151045333.000000	0.000000e+00
9.782748e+00	6.797624e+00	5.529346e-04	151135557.000000	0.000000e+00
9.784743e+00	6.794459e+00	5.525937e-04	151181233.000000	0.000000e+00
9.786737e+00	6.791976e+00	5.521791e-04	151297699.000000	0.000000e+00
9.788732e+00	6.790351e+00	5.520397e-04	151301709.000000	0.000000e+00
9.790727e+00	6.787290e+00	5.516965e-04	151353481.000000	0.000000e+00
9.792721e+00	6.784460e+00	5.513049e-04	151442151.000000	0.000000e+00
9.794716e+00	6.781559e+00	5.508971e-04	151536805.000000	0.000000e+00
9.796711e+00	6.779006e+00	5.506025e-04	151584789.000000	0.000000e+00
9.798706e+00	6.776881e+00	5.503849e-04	151609567.000000	0.000000e+00
9.800700e+00	6.774582e+00	5.500700e-04	151680253.000000	0.000000e+00
9.802695e+00	6.771079e+00	5.496780e-04	151739661.000000	0.000000e+00
9.804689e+00	6.768158e+00	5.492608e-04	151839193.000000	0.000000e+00
9.806684e+00	6.766507e+00	5.490528e-04	151880127.000000	0.000000e+00
9.808678e+00	6.764467e+00	5.488987e-04	151873801.000000	0.000000e+00
9.810673e+00	6.760220e+00	5.482523e-04	152041053.000000	0.000000e+00
9.812668e+00	6.759547e+00	5.482237e-04	152026615.000000	0.000000e+00
9.814662e+00	6.754922e+00	5.476364e-04	152144413.000000	0.000000e+00
9.816657e+00	6.753278e+00	5.474496e-04	152174217.000000	0.000000e+00
9.818652e+00	6.750700e+00	5.470642e-04	152272321.000000	0.000000e+00
9.820646e+00	6.749107e+00	5.469381e-04	152270643.000000	0.000000e+00
9.822641e+00	6.746088e+00	5.464434e-04	152410081.000000	0.000000e+00
9.824636e+00	6.743184e+00	5.462935e-04	152362477.000000	0.000000e+00
9.826630e+00	6.740771e+00	5.457747e-04	152542995.000000	0.000000e+00
9.828625e+00	6.737041e+00	5.454735e-04	152542573.000000	0.000000e+00
9.830620e+00	6.734862e+00	5.451016e-04	152651985.000000	0.000000e+00
9.832614e+00	6.733067e+00	5.450055e-04	152624461.000000	0.000000e+00
9.834608e+00	6.730449e+00	5.446709e-04	152693223.000000	0.000000e+00
9.836603e+00	6.727472e+00	5.441419e-04	152854921.000000	0.000000e+00
9.838598e+00	6.724310e+00	5.438651e-04	152866753.000000	0.000000e+00
9.840593e+00	6.722898e+00	5.436544e-04	152921055.000000	0.000000e+00
9.842587e+00	6.720596e+00	5.433452e-04	152990293.000000	0.000000e+00
9.844582e+00	6.716588e+00	5.428338e-04	153095949.000000	0.000000e+00
9.846577e+00	6.714816e+00	5.427165e-04	153081307.000000	0.000000e+00
9.848572e+00	6.712170e+00	5.423164e-04	153186453.000000	0.000000e+00
9.850566e+00	6.710536e+00	5.421906e-04	153182929.000000	0.000000e+00
9.852561e+00	6.707840e+00	5.417036e-04	153335233.000000	0.000000e+00
9.854555e+00	6.704379e+00	5.413849e-04	153357423.000000	0.000000e+00
9.856550e+00	6.701304e+00	5.410257e-04	153420277.000000	0.000000e+00
9.858545e+00	6.700687e+00	5.408053e-04	153517113.000000	0.000000e+00
9.860540e+00	6.697362e+00	5.405152e-04	153529435.000000	0.000000e+00
9.862534e+00	6.694994e+00	5.401383e-04	153635073.000000	0.000000e+00
9.864529e+00	6.691501e+00	5.398266e-04	153652117.000000	0.000000e+00
9.866523e+00	6.689811e+00	5.396299e-04	153686497.000000	0.000000e+00
9.868518e+00	6.687236e+00	5.392079e-04	153808623.000000	0.000000e+00
9.870512e+00	6.684499e+00	5.389547e-04	153827233.000000	0.000000e+00
9.872507e+00	6.680758e+00	5.384129e-04	153964509.000000	0.000000e+00
9.874502e+00	6.678507e+00	5.382198e-04	153971179.000000	0.000000e+00
9.876496e+00	6.675992e+00	5.379139e-04	154030225.000000	0.000000e+00
9.878491e+00	6.674071e+00	5.375652e-04	154141437.000000	0.000000e+00
9.880486e+00	6.671442e+00	5.373518e-04	154142395.000000	0.000000e+00
9.882480e+00	6.669046e+00	5.370073e-04	154229397.000000	0.000000e+00
9.884475e+00	6.666573e+00	5.366909e-04	154296769.000000	0.000000e+00
9.886470e+00	6.663931e+00	5.364021e-04	154340553.000000	0.000000e+00
9.888464e+00	6.661476e+00	5.360304e-04	154440847.000000	0.000000e+00
9.890459e+00	6.658904e+00	5.357891e-04	154460617.000000	0.000000e+00
9.892454e+00	6.657028e+00	5.354633e-04	154561509.000000	0.000000e+00
9.894448e+00	6.653902e+00	5.351797e-04	154580095.000000	0.000000e+00
9.896443e+00	6.651743e+00	5.348179e-04	154688865.000000	0.000000e+00
9.898437e+00	6.649338e+00	5.345978e-04	154704349.000000	0.000000e+00
9.900432e+00	6.646779e+00	5.341495e-04	154844889.000000	0.000000e+00
9.902427e+00	6.643609e+00	5.339317e-04	154823419.000000	0.000000e+00
9.904422e+00	6.641226e+00	5.335915e-04	154909729.000000	0.000000e+00
9.906416e+00	6.639538e+00	5.333202e-04	154988541.000000	0.000000e+00
9.908411e+00	6.636707e+00	5.330523e-04	155012143.000000	0.000000e+00
9.910405e+00	6.633317e+00	5.326339e-04	155097141.000000	0.000000e+00
9.912400e+00	6.631323e+00	5.323200e-04	155186809.000000	0.000000e+00
9.914395e+00	6.629694e+00	5.321309e-04	155220837.000000	0.000000e+00
9.916389e+00	6.627194e+00	5.317601e-04	155320147.000000	0.000000e+00
9.918384e+00	6.623515e+00	5.314128e-04	155350609.000000	0.000000e+00
9.920379e+00	6.621467e+00	5.311398e-04	155414181.000000	0.000000e+00
9.922374e+00	6.619372e+00	5.308620e-04	155478451.000000	0.000000e+00
9.924368e+00	6.617132e+00	5.305566e-04	155552193.000000	0.000000e+00
9.926363e+00	6.613967e+00	5.302707e-04	155571061.000000	0.000000e+00
9.928357e+00	6.610956e+00	5.299157e-04	155637763.000000	0.000000e+00
9.930352e+00	6.608567e+00	5.295650e-04	155731365.000000	0.000000e+00
9.932346e+00	6.607159e+00	5.292660e-04	155840905.000000	0.000000e+00
9.934341e+00	6.604634e+00	5.290827e-04	155829777.000000	0.000000e+00
9.936336e+00	6.601526e+00	5.287243e-04	155894239.000000	0.000000e+00
9.938330e+00	6.599013e+00	5.283332e-04	156006297.000000	0.000000e+00
9.940325e+00	6.596966e+00	5.280793e-04	156059533.000000	0.000000e+00
9.942320e+00	6.594596e+00	5.278429e-04	156087055.000000	0.000000e+00
9.944314e+00	6.591579e+00	5.274936e-04	156150897.000000	0.000000e+00
9.946309e+00	6.589600e+00	5.271587e-04	156255493.000000	0.000000e+00
9.948304e+00	6.587581e+00	5.269401e-04	156289353.000000	0.000000e+00
9.950298e+00	6.585528e+00	5.267082e-04	156329515.000000	0.000000e+00
9.952293e+00	6.580758e+00	5.261708e-04	156422157.000000	0.000000e+00
9.954288e+00	6.578955e+00	5.258875e-04	156504949.000000	0.000000e+00
9.956282e+00	6.578117e+00	5.257836e-04	156526963.000000	0.000000e+00
9.958277e+00	6.575468e+00	5.254663e-04	156589857.000000	0.000000e+00
9.960272e+00	6.571598e+00	5.249777e-04	156696841.000000	0.000000e+00
9.962266e+00	6.569842e+00	5.247786e-04	156732003.000000	0.000000e+00
9.964261e+00	6.567375e+00	5.244676e-04	156800053.000000	0.000000e+00
9.966256e+00	6.564240e+00	5.242070e-04	156806205.000000	0.000000e+00
9.968250e+00	6.562629e+00	5.237885e-04	156979789.000000	0.000000e+00
9.970245e+00	6.559976e+00	5.236113e-04	156959083.000000	0.000000e+00
9.972240e+00	6.558094e+00	5.233438e-04	157029429.000000	0.000000e+00
9.974234e+00	6.555389e+00	5.229991e-04	157106845.000000	0.000000e+00
9.976229e+00	6.552668e+00	5.226377e-04	157193619.000000	0.000000e+00
9.978224e+00	6.550949e+00	5.224444e-04	157227373.000000	0.000000e+00
9.980218e+00	6.548241e+00	5.221194e-04	157293133.000000	0.000000e+00
9.982213e+00	6.544825e+00	5.217084e-04	157376709.000000	0.000000e+00
9.984208e+00	6.542790e+00	5.214869e-04	157412467.000000	0.000000e+00
9.986202e+00	6.539997e+00	5.211790e-04	157463997.000000	0.000000e+00
9.988197e+00	6.539132e+00	5.209438e-04	157564573.000000	0.000000e+00
9.990191e+00	6.535269e+00	5.205826e-04	157596879.000000	0.000000e+00
9.992186e+00	6.533268e+00	5.202440e-04	157705477.000000	0.000000e+00
9.994181e+00	6.531235e+00	5.200784e-04	157707721.000000	0.000000e+00
9.996175e+00	6.528333e+00	5.197162e-04	157787295.000000	0.000000e+00
9.998170e+00	6.525455e+00	5.193690e-04	157859041.000000	0.000000e+00
1.000016e+01	6.523596e+00	5.190535e-04	157961001.000000	0.000000e+00
1.000216e+01	6.521677e+00	5.188975e-04	157962985.000000	0.000000e+00
1.000415e+01	6.518956e+00	5.185521e-04	158041527.000000	0.000000e+00
1.000615e+01	6.515805e+00	5.182369e-04	158080933.000000	0.000000e+00
1.000814e+01	6.515388e+00	5.179167e-04	158256217.000000	0.000000e+00
1.001014e+01	6.511367e+00	5.176863e-04	158201655.000000	0.000000e+00
1.001213e+01	6.509546e+00	5.173771e-04	158302237.000000	0.000000e+00
1.001413e+01	6.506685e+00	5.170354e-04	158372241.000000	0.000000e+00
1.001612e+01	6.504582e+00	5.167479e-04	158446033.000000	0.000000e+00
1.001812e+01	6.502638e+00	5.164929e-04	158507707.000000	0.000000e+00
1.002011e+01	6.500317e+00	5.162734e-04	158529297.000000	0.000000e+00
1.002211e+01	6.497425e+00	5.158572e-04	158643949.000000	0.000000e+00
1.002410e+01	6.494350e+00	5.155504e-04	158682567.000000	0.000000e+00
1.002610e+01	6.493148e+00	5.153665e-04	158737021.000000	0.000000e+00
1.002809e+01	6.490885e+00	5.151041e-04	158788017.000000	0.000000e+00
1.003008e+01	6.488090e+00	5.147327e-04	158880373.000000	0.000000e+00
1.003208e+01	6.486269e+00	5.144836e-04	158944963.000000	0.000000e+00
1.003407e+01	6.483111e+00	5.141634e-04	158988105.000000	0.000000e+00
1.003607e+01	6.481097e+00	5.138407e-04	159088993.000000	0.000000e+00
1.003806e+01	6.478880e+00	5.136213e-04	159115983.000000	0.000000e+00
1.004006e+01	6.476342e+00	5.133775e-04	159142345.000000	0.000000e+00
1.004205e+01	6.473346e+00	5.128913e-04	159296757.000000	0.000000e+00
1.004405e+01	6.471253e+00	5.127731e-04	159267175.000000	0.000000e+00
1.004604e+01	6.469206e+00	5.124035e-04	159396145.000000	0.000000e+00
1.004804e+01	6.466211e+00	5.120890e-04	159444237.000000	0.000000e+00
1.005003e+01	6.464896e+00	5.118330e-04	159538873.000000	0.000000e+00
1.005203e+01	6.461935e+00	5.115684e-04	159557655.000000	0.000000e+00
1.005402e+01	6.459152e+00	5.112780e-04	159601417.000000	0.000000e+00
1.005601e+01	6.456050e+00	5.108913e-04	159689625.000000	0.000000e+00
1.005801e+01	6.455385e+00	5.106744e-04	159792403.000000	0.000000e+00
1.006000e+01	6.452318e+00	5.103790e-04	159825433.000000	0.000000e+00
1.006200e+01	6.450289e+00	5.101597e-04	159862281.000000	0.000000e+00
1.006399e+01	6.446691e+00	5.097291e-04	159953953.000000	0.000000e+00
1.006599e+01	6.446065e+00	5.095708e-04	160022259.000000	0.000000e+00
1.006798e+01	6.443129e+00	5.092464e-04	160080229.000000	0.000000e+00
1.006998e+01	6.440630e+00	5.089628e-04	160134409.000000	0.000000e+00
1.007197e+01	6.437914e+00	5.086042e-04	160225059.000000	0.000000e+00
1.007397e+01	6.436145e+00	5.084807e-04	160214773.000000	0.000000e+00
1.007596e+01	6.434185e+00	5.081363e-04	160334349.000000	0.000000e+00
1.007796e+01	6.431847e+00	5.078366e-04	160407043.000000	0.000000e+00
1.007995e+01	6.429441e+00	5.076098e-04	160430301.000000	0.000000e+00
1.008195e+01	6.426253e+00	5.071792e-04	160543549.000000	0.000000e+00
1.008394e+01	6.424014e+00	5.069728e-04	160562329.000000	0.000000e+00
1.008593e+01	6.422536e+00	5.067013e-04	160660491.000000	0.000000e+00
1.008793e+01	6.418635e+00	5.062892e-04	160726681.000000	0.000000e+00
1.008992e+01	6.418520e+00	5.062257e-04	160761249.000000	0.000000e+00
1.009192e+01	6.415626e+00	5.059517e-04	160790335.000000	0.000000e+00
1.009391e+01	6.412159e+00	5.054751e-04	160919625.000000	0.000000e+00
1.009591e+01	6.410616e+00	5.052469e-04	160987513.000000	0.000000e+00
1.009790e+01	6.408927e+00	5.050694e-04	161015797.000000	0.000000e+00
1.009990e+01	6.405834e+00	5.047086e-04	161090463.000000	0.000000e+00
1.010189e+01	6.404224e+00	5.044579e-04	161169601.000000	0.000000e+00
1.010389e+01	6.400768e+00	5.041082e-04	161219133.000000	0.000000e+00
1.010588e+01	6.399597e+00	5.039434e-04	161265583.000000	0.000000e+00
1.010788e+01	6.396605e+00	5.035756e-04	161350317.000000	0.000000e+00
1.010987e+01	6.393781e+00	5.031911e-04	161454301.000000	0.000000e+00
1.011187e+01	6.392087e+00	5.030861e-04	161436169.000000	0.000000e+00
1.011386e+01	6.390689e+00	5.028494e-04	161517459.000000	0.000000e+00
1.011585e+01	6.387069e+00	5.023816e-04	161635165.000000	0.000000e+00
1.011785e+01	6.384695e+00	5.021415e-04	161669481.000000	0.000000e+00
1.011984e+01	6.383200e+00	5.019961e-04	161687407.000000	0.000000e+00
1.012184e+01	6.379753e+00	5.015180e-04	161820949.000000	0.000000e+00
1.012383e+01	6.378470e+00	5.013389e-04	161871429.000000	0.000000e+00
1.012583e+01	6.376189e+00	5.011005e-04	161909623.000000	0.000000e+00
1.012782e+01	6.373407e+00	5.007611e-04	161987721.000000	0.000000e+00
1.012982e+01	6.371058e+00	5.005330e-04	162015889.000000	0.000000e+00
1.013181e+01	6.368651e+00	5.001823e-04	162120657.000000	0.000000e+00
1.013381e+01	6.366619e+00	4.999058e-04	162196459.000000	0.000000e+00
1.013580e+01	6.364226e+00	4.997132e-04	162199489.000000	0.000000e+00
1.013780e+01	6.362402e+00	4.993256e-04	162358329.000000	0.000000e+00
1.013979e+01	6.359211e+00	4.991280e-04	162323959.000000	0.000000e+00
1.014178e+01	6.356845e+00	4.987441e-04	162452937.000000	0.000000e+00
1.014378e+01	6.354555e+00	4.985444e-04	162465997.000000	0.000000e+00
1.014577e+01	6.352699e+00	4.981946e-04	162599253.000000	0.000000e+00
1.014777e+01	6.351119e+00	4.981264e-04	162562879.000000	0.000000e+00
1.014976e+01	6.349122e+00	4.977609e-04	162699337.000000	0.000000e+00
1.015176e+01	6.347397e+00	4.975477e-04	162750321.000000	0.000000e+00
1.015375e+01	6.344504e+00	4.972359e-04	162805999.000000	0.000000e+00
1.015575e+01	6.341760e+00	4.968822e-04	162896901.000000	0.000000e+00
1.015774e+01	6.339602e+00	4.965917e-04	162976489.000000	0.000000e+00
1.015974e+01	6.337631e+00	4.964522e-04	162966763.000000	0.000000e+00
1.016173e+01	6.335018e+00	4.961174e-04	163052217.000000	0.000000e+00
1.016373e+01	6.332561e+00	4.957648e-04	163157593.000000	0.000000e+00
1.016572e+01	6.329951e+00	4.954837e-04	163208169.000000	0.000000e+00
1.016772e+01	6.327792e+00	4.952427e-04	163255687.000000	0.000000e+00
1.016971e+01	6.325649e+00	4.949896e-04	163311933.000000	0.000000e+00
1.017170e+01	6.323215e+00	4.946707e-04	163396801.000000	0.000000e+00
1.017370e+01	6.321908e+00	4.944860e-04	163451323.000000	0.000000e+00
1.017569e+01	6.319344e+00	4.941528e-04	163539045.000000	0.000000e+00
1.017769e+01	6.316922e+00	4.939371e-04	163556509.000000	0.000000e+00
1.017968e+01	6.315769e+00	4.937073e-04	163649001.000000	0.000000e+00
1.018168e+01	6.312089e+00	4.933129e-04	163719859.000000	0.000000e+00
1.018367e+01	6.309081e+00	4.929141e-04	163828605.000000	0.000000e+00
1.018567e+01	6.307070e+00	4.927594e-04	163826989.000000	0.000000e+00
1.018766e+01	6.305727e+00	4.925880e-04	163871203.000000	0.000000e+00
1.018966e+01	6.303759e+00	4.923597e-04	163920813.000000	0.000000e+00
1.019165e+01	6.301396e+00	4.919775e-04	164052601.000000	0.000000e+00
1.019365e+01	6.299283e+00	4.917459e-04	164097015.000000	0.000000e+00
1.019564e+01	6.297310e+00	4.914738e-04	164175901.000000	0.000000e+00
1.019763e+01	6.295297e+00	4.912380e-04	164228481.000000	0.000000e+00
1.019963e+01	6.293033e+00	4.909906e-04	164275801.000000	0.000000e+00
1.020162e+01	6.289650e+00	4.905645e-04	164384455.000000	0.000000e+00
1.020362e+01	6.288999e+00	4.905521e-04	164358729.000000	0.000000e+00
1.020561e+01	6.284963e+00	4.900482e-04	164485621.000000	0.000000e+00
1.020761e+01	6.283982e+00	4.898446e-04	164570991.000000	0.000000e+00
1.020960e+01	6.281904e+00	4.896323e-04	164604781.000000	0.000000e+00
1.021160e+01	6.278454e+00	4.892631e-04	164672269.000000	0.000000e+00
1.021359e+01	6.275882e+00	4.890049e-04	164711193.000000	0.000000e+00
1.021559e+01	6.274139e+00	4.887204e-04	164811451.000000	0.000000e+00
1.021758e+01	6.272076e+00	4.884708e-04	164871441.000000	0.000000e+00
1.021958e+01	6.270372e+00	4.882146e-04	164954845.000000	0.000000e+00
1.022157e+01	6.268577e+00	4.879881e-04	165013455.000000	0.000000e+00
1.022357e+01	6.265613e+00	4.877300e-04	165032053.000000	0.000000e+00
1.022556e+01	6.264378e+00	4.874428e-04	165161425.000000	0.000000e+00
1.022755e+01	6.260863e+00	4.871996e-04	165140853.000000	0.000000e+00
1.022955e+01	6.259668e+00	4.868867e-04	165290083.000000	0.000000e+00
1.023154e+01	6.256327e+00	4.865702e-04	165328569.000000	0.000000e+00
1.023354e+01	6.254477e+00	4.863618e-04	165372421.000000	0.000000e+00
1.023553e+01	6.253101e+00	4.861653e-04	165433299.000000	0.000000e+00
1.023753e+01	6.250959e+00	4.858864e-04	165509833.000000	0.000000e+00
1.023952e+01	6.248356e+00	4.855995e-04	165567469.000000	0.000000e+00
1.024152e+01	6.246236e+00	4.853617e-04	165617307.000000	0.000000e+00
1.024351e+01	6.243369e+00	4.849689e-04	165733513.000000	0.000000e+00
1.024551e+01	6.242173e+00	4.847589e-04	165813549.000000	0.000000e+00
1.024750e+01	6.239123e+00	4.845629e-04	165785593.000000	0.000000e+00
1.024950e+01	6.237502e+00	4.842390e-04	165921171.000000	0.000000e+00
1.025149e+01	6.235571e+00	4.840793e-04	165927949.000000	0.000000e+00
1.025348e+01	6.231890e+00	4.836040e-04	166057969.000000	0.000000e+00
1.025548e+01	6.231272e+00	4.835347e-04	166072647.000000	0.000000e+00
1.025747e+01	6.227941e+00	4.831364e-04	166168837.000000	0.000000e+00
1.025947e+01	6.225968e+00	4.828859e-04	166235817.000000	0.000000e+00
1.026146e+01	6.223737e+00	4.826422e-04	166284529.000000	0.000000e+00
1.026346e+01	6.222851e+00	4.825037e-04	166332667.000000	0.000000e+00
1.026545e+01	6.219462e+00	4.820854e-04	166439997.000000	0.000000e+00
1.026745e+01	6.217778e+00	4.819373e-04	166452133.000000	0.000000e+00
1.026944e+01	6.215272e+00	4.815815e-04	166563879.000000	0.000000e+00
1.027144e+01	6.213958e+00	4.814306e-04	166597777.000000	0.000000e+00
1.027343e+01	6.210552e+00	4.810891e-04	166651557.000000	0.000000e+00
1.027543e+01	6.209901e+00	4.808730e-04	166766407.000000	0.000000e+00
1.027742e+01	6.207848e+00	4.806443e-04	166814773.000000	0.000000e+00
1.027942e+01	6.204750e+00	4.803241e-04	166870569.000000	0.000000e+00
1.028141e+01	6.202529e+00	4.800923e-04	166912201.000000	0.000000e+00
1.028340e+01	6.200443e+00	4.797817e-04	167015979.000000	0.000000e+00
1.028540e+01	6.198549e+00	4.796044e-04	167037421.000000	0.000000e+00
1.028739e+01	6.196083e+00	4.792520e-04	167150085.000000	0.000000e+00
1.028939e+01	6.194107e+00	4.790493e-04	167184871.000000	0.000000e+00
1.029138e+01	6.191641e+00	4.787002e-04	167295505.000000	0.000000e+00
1.029338e+01	6.190099e+00	4.785672e-04	167305161.000000	0.000000e+00
1.029537e+01	6.187261e+00	4.782088e-04	167402461.000000	0.000000e+00
1.029737e+01	6.185606e+00	4.780599e-04	167417163.000000	0.000000e+00
1.029936e+01	6.183425e+00	4.778038e-04	167478433.000000	0.000000e+00
1.030136e+01	6.180755e+00	4.773728e-04	167636121.000000	0.000000e+00
1.030335e+01	6.179225e+00	4.772146e-04	167664283.000000	0.000000e+00
1.030535e+01	6.177234e+00	4.770421e-04	167677429.000000	0.000000e+00
1.030734e+01	6.175182e+00	4.767794e-04	167750805.000000	0.000000e+00
1.030933e+01	6.172260e+00	4.764406e-04	167830525.000000	0.000000e+00
1.031133e+01	6.171010e+00	4.761709e-04	167952615.000000	0.000000e+00
1.031332e+01	6.168813e+00	4.759791e-04	167968357.000000	0.000000e+00
1.031532e+01	6.166650e+00	4.757222e-04	168031885.000000	0.000000e+00
1.031731e+01	6.164185e+00	4.754025e-04	168123471.000000	0.000000e+00
1.031931e+01	6.162602e+00	4.752045e-04	168177217.000000	0.000000e+00
1.032130e+01	6.160673e+00	4.750230e-04	168200409.000000	0.000000e+00
1.032330e+01	6.158616e+00	4.747207e-04	168302263.000000	0.000000e+00
1.032529e+01	6.155178e+00	4.744025e-04	168339981.000000	0.000000e+00
1.032729e+01	6.153527e+00	4.741155e-04	168453457.000000	0.000000e+00
1.032928e+01	6.152234e+00	4.740145e-04	168454453.000000	0.000000e+00
1.033128e+01	6.149875e+00	4.737014e-04	168547827.000000	0.000000e+00
1.033327e+01	6.147579e+00	4.734207e-04	168621805.000000	0.000000e+00
1.033527e+01	6.145883e+00	4.731180e-04	168744513.000000	0.000000e+00
1.033726e+01	6.143816e+00	4.729778e-04	168730999.000000	0.000000e+00
1.033925e+01	6.141484e+00	4.726714e-04	168821589.000000	0.000000e+00
1.034125e+01	6.138863e+00	4.723738e-04	168890137.000000	0.000000e+00
1.034324e+01	6.137034e+00	4.721638e-04	168939685.000000	0.000000e+00
1.034524e+01	6.134736e+00	4.718554e-04	169033887.000000	0.000000e+00
1.034723e+01	6.133270e+00	4.717389e-04	169036669.000000	0.000000e+00
1.034923e+01	6.129434e+00	4.712291e-04	169190709.000000	0.000000e+00
1.035122e+01	6.128796e+00	4.712288e-04	169155763.000000	0.000000e+00
1.035322e+01	6.126886e+00	4.708975e-04	169288261.000000	0.000000e+00
1.035521e+01	6.124524e+00	4.706133e-04	169362117.000000	0.000000e+00
1.035721e+01	6.122964e+00	4.704745e-04	169375699.000000	0.000000e+00
1.035920e+01	6.121581e+00	4.702425e-04	169466337.000000	0.000000e+00
1.036120e+01	6.118101e+00	4.699186e-04	169507165.000000	0.000000e+00
1.036319e+01	6.115892e+00	4.695512e-04	169649973.000000	0.000000e+00
1.036519e+01	6.114692e+00	4.694475e-04	169658263.000000	0.000000e+00
1.036718e+01	6.112679e+00	4.692269e-04	169706077.000000	0.000000e+00
1.036917e+01	6.110204e+00	4.688938e-04	169809717.000000	0.000000e+00
1.037117e+01	6.108024e+00	4.687096e-04	169821919.000000	0.000000e+00
1.037316e+01	6.105280e+00	4.683210e-04	169951077.000000	0.000000e+00
1.037516e+01	6.103276e+00	4.681296e-04	169978429.000000	0.000000e+00
1.037715e+01	6.101415e+00	4.678483e-04	170079093.000000	0.000000e+00
1.037915e+01	6.099815e+00	4.676791e-04	170112919.000000	0.000000e+00
1.038114e+01	6.098028e+00	4.674003e-04	170216185.000000	0.000000e+00
1.038314e+01	6.094698e+00	4.671086e-04	170242725.000000	0.000000e+00
1.038513e+01	6.093393e+00	4.669139e-04	170311807.000000	0.000000e+00
1.038713e+01	6.091023e+00	4.665973e-04	170410353.000000	0.000000e+00
1.038912e+01	6.088873e+00	4.664096e-04	170427193.000000	0.000000e+00
1.039112e+01	6.087882e+00	4.662392e-04	170496291.000000	0.000000e+00
1.039311e+01	6.085886e+00	4.659332e-04	170608357.000000	0.000000e+00
1.039510e+01	6.082696e+00	4.656172e-04	170660929.000000	0.000000e+00
1.039710e+01	6.080873e+00	4.654049e-04	170714337.000000	0.000000e+00
1.039909e+01	6.079010e+00	4.652042e-04	170756983.000000	0.000000e+00
1.040109e+01	6.076966e+00	4.649367e-04	170838597.000000	0.000000e+00
1.040308e+01	6.075138e+00	4.647348e-04	170884165.000000	0.000000e+00
1.040508e+01	6.072657e+00	4.643959e-04	170993959.000000	0.000000e+00
1.040707e+01	6.071136e+00	4.641935e-04	171057333.000000	0.000000e+00
1.040907e+01	6.070079e+00	4.640468e-04	171105925.000000	0.000000e+00
1.041106e+01	6.066475e+00	4.637869e-04	171094485.000000	0.000000e+00
1.041306e+01	6.064796e+00	4.633651e-04	171311167.000000	0.000000e+00
1.041505e+01	6.062680e+00	4.632545e-04	171273429.000000	0.000000e+00
1.041705e+01	6.060863e+00	4.629171e-04	171420373.000000	0.000000e+00
1.041904e+01	6.058402e+00	4.628125e-04	171358663.000000	0.000000e+00
1.042104e+01	6.056546e+00	4.624321e-04	171535497.000000	0.000000e+00
1.042303e+01	6.054585e+00	4.622298e-04	171574573.000000	0.000000e+00
1.042502e+01	6.052972e+00	4.620924e-04	171585129.000000	0.000000e+00
1.042702e+01	6.050188e+00	4.617319e-04	171695107.000000	0.000000e+00
1.042901e+01	6.048376e+00	4.614813e-04	171778701.000000	0.000000e+00
1.043101e+01	6.047472e+00	4.612965e-04	171864997.000000	0.000000e+00
1.043300e+01	6.045442e+00	4.611098e-04	171888703.000000	0.000000e+00
1.043500e+01	6.041672e+00	4.607568e-04	171937605.000000	0.000000e+00
1.043699e+01	6.040922e+00	4.605932e-04	172016989.000000	0.000000e+00
1.043899e+01	6.038824e+00	4.602964e-04	172119327.000000	0.000000e+00
1.044098e+01	6.036810e+00	4.601531e-04	172111669.000000	0.000000e+00
1.044298e+01	6.034902e+00	4.598224e-04	172250385.000000	0.000000e+00
1.044497e+01	6.032514e+00	4.596416e-04	172249537.000000	0.000000e+00
1.044697e+01	6.030660e+00	4.593156e-04	172388119.000000	0.000000e+00
1.044896e+01	6.028374e+00	4.591264e-04	172399401.000000	0.000000e+00
1.045095e+01	6.027652e+00	4.589674e-04	172477561.000000	0.000000e+00
1.045295e+01	6.024796e+00	4.586305e-04	172567431.000000	0.000000e+00
1.045494e+01	6.022978e+00	4.584550e-04	172595365.000000	0.000000e+00
1.045694e+01	6.020255e+00	4.580649e-04	172733209.000000	0.000000e+00
1.045893e+01	6.017450e+00	4.578633e-04	172724265.000000	0.000000e+00
1.046093e+01	6.017181e+00	4.577037e-04	172829251.000000	0.000000e+00
1.046292e+01	6.015226e+00	4.575320e-04	172846617.000000	0.000000e+00
1.046492e+01	6.012106e+00	4.571231e-04	172976437.000000	0.000000e+00
1.046691e+01	6.010576e+00	4.569648e-04	173008203.000000	0.000000e+00
1.046891e+01	6.009208e+00	4.567743e-04	173073733.000000	0.000000e+00
1.047090e+01	6.006250e+00	4.565037e-04	173108413.000000	0.000000e+00
1.047290e+01	6.004360e+00	4.561617e-04	173258979.000000	0.000000e+00
1.047489e+01	6.003056e+00	4.560891e-04	173238937.000000	0.000000e+00
1.047689e+01	6.001225e+00	4.558347e-04	173326545.000000	0.000000e+00
1.047888e+01	5.998467e+00	4.554719e-04	173443225.000000	0.000000e+00
1.048087e+01	5.996435e+00	4.553172e-04	173443551.000000	0.000000e+00
1.048287e+01	5.995143e+00	4.550538e-04	173569585.000000	0.000000e+00
1.048486e+01	5.992830e+00	4.548729e-04	173573665.000000	0.000000e+00
1.048686e+01	5.990620e+00	4.545730e-04	173674623.000000	0.000000e+00
1.048885e+01	5.988582e+00	4.543273e-04	173744221.000000	0.000000e+00
1.049085e+01	5.987477e+00	4.541615e-04	173806953.000000	0.000000e+00
1.049284e+01	5.985114e+00	4.538604e-04	173900245.000000	0.000000e+00
1.049484e+01	5.983102e+00	4.536922e-04	173912283.000000	0.000000e+00
1.049683e+01	5.981404e+00	4.534400e-04	174006961.000000	0.000000e+00
1.049883e+01	5.979539e+00	4.531953e-04	174086245.000000	0.000000e+00
1.050082e+01	5.977194e+00	4.529548e-04	174134559.000000	0.000000e+00
1.050282e+01	5.975160e+00	4.527152e-04	174200317.000000	0.000000e+00
1.050481e+01	5.973456e+00	4.525415e-04	174234669.000000	0.000000e+00
1.050680e+01	5.971629e+00	4.522834e-04	174326857.000000	0.000000e+00
1.050880e+01	5.968612e+00	4.519166e-04	174433543.000000	0.000000e+00
1.051079e+01	5.966929e+00	4.517607e-04	174455613.000000	0.000000e+00
1.051279e+01	5.965709e+00	4.515703e-04	174531337.000000	0.000000e+00
1.051478e+01	5.963907e+00	4.513740e-04	174577647.000000	0.000000e+00
1.051678e+01	5.962202e+00	4.511441e-04	174655669.000000	0.000000e+00
1.051877e+01	5.959508e+00	4.508150e-04	174752793.000000	0.000000e+00
1.052077e+01	5.958354e+00	4.507120e-04	174764923.000000	0.000000e+00
1.052276e+01	5.956298e+00	4.503855e-04	174897661.000000	0.000000e+00
1.052476e+01	5.952798e+00	4.500811e-04	174928545.000000	0.000000e+00
1.052675e+01	5.952058e+00	4.499581e-04	174980665.000000	0.000000e+00
1.052875e+01	5.950272e+00	4.497017e-04	175075203.000000	0.000000e+00
1.053074e+01	5.947730e+00	4.494528e-04	175119421.000000	0.000000e+00
1.053274e+01	5.946559e+00	4.492545e-04	175205025.000000	0.000000e+00
1.053473e+01	5.944126e+00	4.489955e-04	175263691.000000	0.000000e+00
1.053672e+01	5.942112e+00	4.488084e-04	175291021.000000	0.000000e+00
1.053872e+01	5.940596e+00	4.485391e-04	175412073.000000	0.000000e+00
1.054071e+01	5.938307e+00	4.482949e-04	175467913.000000	0.000000e+00
1.054271e+01	5.936285e+00	4.480246e-04	175560075.000000	0.000000e+00
1.054470e+01	5.935005e+00	4.479688e-04	175528093.000000	0.000000e+00
1.054670e+01	5.932597e+00	4.475872e-04	175684885.000000	0.000000e+00
1.054869e+01	5.931075e+00	4.473706e-04	175764819.000000	0.000000e+00
1.055069e+01	5.928553e+00	4.471680e-04	175774489.000000	0.000000e+00
1.055268e+01	5.927805e+00	4.470269e-04	175841145.000000	0.000000e+00
1.055468e+01	5.925063e+00	4.466991e-04	175936471.000000	0.000000e+00
1.055667e+01	5.922268e+00	4.464187e-04	175991361.000000	0.000000e+00
1.055867e+01	5.921350e+00	4.463139e-04	176019397.000000	0.000000e+00
1.056066e+01	5.919665e+00	4.460070e-04	176161429.000000	0.000000e+00
1.056266e+01	5.916692e+00	4.457409e-04	176194743.000000	0.000000e+00
1.056465e+01	5.915721e+00	4.455861e-04	176259277.000000	0.000000e+00
1.056664e+01	5.914533e+00	4.454201e-04	176319921.000000	0.000000e+00
1.056864e+01	5.911870e+00	4.451550e-04	176371027.000000	0.000000e+00
1.057063e+01	5.909865e+00	4.449174e-04	176439717.000000	0.000000e+00
1.057263e+01	5.907903e+00	4.446390e-04	176543461.000000	0.000000e+00
1.057462e+01	5.905771e+00	4.444161e-04	176593069.000000	0.000000e+00
1.057662e+01	5.904091e+00	4.441837e-04	176677323.000000	0.000000e+00
1.057861e+01	5.903033e+00	4.441246e-04	176661025.000000	0.000000e+00
1.058061e+01	5.900432e+00	4.436898e-04	176851473.000000	0.000000e+00
1.058260e+01	5.898403e+00	4.436152e-04	176789311.000000	0.000000e+00
1.058460e+01	5.896399e+00	4.432101e-04	176992341.000000	0.000000e+00
1.058659e+01	5.894894e+00	4.430919e-04	176996365.000000	0.000000e+00
1.058859e+01	5.892733e+00	4.428564e-04	177054769.000000	0.000000e+00
1.059058e+01	5.891876e+00	4.427052e-04	177124215.000000	0.000000e+00
1.059257e+01	5.889621e+00	4.424633e-04	177182173.000000	0.000000e+00
1.059457e+01	5.887593e+00	4.422082e-04	177264585.000000	0.000000e+00
1.059656e+01	5.885864e+00	4.420215e-04	177310171.000000	0.000000e+00
1.059856e+01	5.883814e+00	4.417504e-04	177404269.000000	0.000000e+00
1.060055e+01	5.882094e+00	4.415395e-04	177469881.000000	0.000000e+00
1.060255e+01	5.879466e+00	4.412959e-04	177507187.000000	0.000000e+00
1.060454e+01	5.877640e+00	4.410272e-04	177613161.000000	0.000000e+00
1.060654e+01	5.875474e+00	4.408205e-04	177648781.000000	0.000000e+00
1.060853e+01	5.874771e+00	4.406919e-04	177709989.000000	0.000000e+00
1.061053e+01	5.872276e+00	4.403986e-04	177795631.000000	0.000000e+00
1.061252e+01	5.870458e+00	4.401695e-04	177870625.000000	0.000000e+00
1.061452e+01	5.868447e+00	4.399763e-04	177904869.000000	0.000000e+00
1.061651e+01	5.867356e+00	4.397458e-04	178025227.000000	0.000000e+00
1.061851e+01	5.864485e+00	4.395469e-04	178012053.000000	0.000000e+00
1.062050e+01	5.862561e+00	4.393045e-04	178091605.000000	0.000000e+00
1.062249e+01	5.861500e+00	4.390405e-04	178241313.000000	0.000000e+00
1.062449e+01	5.859233e+00	4.388277e-04	178276267.000000	0.000000e+00
1.062648e+01	5.856920e+00	4.386167e-04	178306993.000000	0.000000e+00
1.062848e+01	5.855659e+00	4.384100e-04	178398321.000000	0.000000e+00
1.063047e+01	5.854261e+00	4.382268e-04	178462207.000000	0.000000e+00
1.063247e+01	5.851120e+00	4.379536e-04	178493265.000000	0.000000e+00
1.063446e+01	5.850110e+00	4.376839e-04	178651561.000000	0.000000e+00
1.063646e+01	5.848400e+00	4.376065e-04	178610343.000000	0.000000e+00
1.063845e+01	5.846891e+00	4.373017e-04	178767073.000000	0.000000e+00
1.064045e+01	5.844351e+00	4.370667e-04	178803973.000000	0.000000e+00
1.064244e+01	5.843042e+00	4.369266e-04	178838457.000000	0.000000e+00
1.064444e+01	5.841539e+00	4.366884e-04	178941583.000000	0.000000e+00
1.064643e+01	5.839615e+00	4.364864e-04	178989261.000000	0.000000e+00
1.064842e+01	5.836881e+00	4.361862e-04	179067973.000000	0.000000e+00
1.065042e+01	5.835692e+00	4.360001e-04	179147815.000000	0.000000e+00
1.065241e+01	5.833225e+00	4.357611e-04	179192745.000000	0.000000e+00
1.065441e+01	5.832100e+00	4.355799e-04	179272777.000000	0.000000e+00
1.065640e+01	5.830026e+00	4.353539e-04	179331357.000000	0.000000e+00
1.065840e+01	5.828464e+00	4.351811e-04	179377615.000000	0.000000e+00
1.066039e+01	5.827242e+00	4.349604e-04	179484357.000000	0.000000e+00
1.066239e+01	5.824297e+00	4.347164e-04	179504377.000000	0.000000e+00
1.066438e+01	5.822271e+00	4.344084e-04	179633971.000000	0.000000e+00
1.066638e+01	5.820472e+00	4.342259e-04	179673945.000000	0.000000e+00
1.066837e+01	5.819425e+00	4.340949e-04	179717617.000000	0.000000e+00
1.067037e+01	5.817213e+00	4.338660e-04	179770599.000000	0.000000e+00
1.067236e+01	5.815367e+00	4.335578e-04	179911981.000000	0.000000e+00
1.067436e+01	5.813102e+00	4.333799e-04	179919525.000000	0.000000e+00
1.067635e+01	5.812250e+00	4.332006e-04	180015733.000000	0.000000e+00
1.067834e+01	5.810629e+00	4.330247e-04	180061591.000000	0.000000e+00
1.068034e+01	5.808286e+00	4.327663e-04	180131277.000000	0.000000e+00
1.068233e+01	5.807730e+00	4.326142e-04	180223453.000000	0.000000e+00
1.068433e+01	5.804093e+00	4.322661e-04	180287823.000000	0.000000e+00
1.068632e+01	5.803578e+00	4.321636e-04	180341317.000000	0.000000e+00
1.068832e+01	5.800199e+00	4.318764e-04	180371073.000000	0.000000e+00
1.069031e+01	5.799886e+00	4.316693e-04	180524725.000000	0.000000e+00
1.069231e+01	5.797615e+00	4.314812e-04	180540643.000000	0.000000e+00
1.069430e+01	5.795650e+00	4.312926e-04	180576117.000000	0.000000e+00
1.069630e+01	5.794586e+00	4.310778e-04	180689785.000000	0.000000e+00
1.069829e+01	5.792843e+00	4.309059e-04	180725175.000000	0.000000e+00
1.070029e+01	5.791232e+00	4.306513e-04	180838333.000000	0.000000e+00
1.070228e+01	5.788646e+00	4.303950e-04	180892105.000000	0.000000e+00
1.070428e+01	5.786572e+00	4.301795e-04	180943677.000000	0.000000e+00
1.070627e+01	5.784671e+00	4.299690e-04	181001875.000000	0.000000e+00
1.070826e+01	5.783031e+00	4.297628e-04	181072905.000000	0.000000e+00
1.071026e+01	5.781587e+00	4.295569e-04	181156009.000000	0.000000e+00
1.071225e+01	5.779916e+00	4.293626e-04	181215159.000000	0.000000e+00
1.071425e+01	5.778298e+00	4.291549e-04	181289137.000000	0.000000e+00
1.071624e+01	5.775282e+00	4.288383e-04	181367389.000000	0.000000e+00
1.071824e+01	5.774599e+00	4.287259e-04	181419603.000000	0.000000e+00
1.072023e+01	5.772640e+00	4.284991e-04	181488541.000000	0.000000e+00
1.072223e+01	5.771614e+00	4.283415e-04	181557465.000000	0.000000e+00
1.072422e+01	5.768860e+00	4.280608e-04	181622257.000000	0.000000e+00
1.072622e+01	5.767625e+00	4.278868e-04	181692183.000000	0.000000e+00
1.072821e+01	5.765352e+00	4.277151e-04	181694749.000000	0.000000e+00
1.073021e+01	5.764306e+00	4.274456e-04	181858021.000000	0.000000e+00
1.073220e+01	5.762411e+00	4.272928e-04	181868439.000000	0.000000e+00
1.073419e+01	5.760854e+00	4.269929e-04	182025601.000000	0.000000e+00
1.073619e+01	5.758716e+00	4.268476e-04	182014353.000000	0.000000e+00
1.073818e+01	5.757379e+00	4.267003e-04	182055469.000000	0.000000e+00
1.074018e+01	5.755205e+00	4.264210e-04	182156383.000000	0.000000e+00
1.074217e+01	5.753663e+00	4.261715e-04	182272041.000000	0.000000e+00
1.074417e+01	5.752681e+00	4.260834e-04	182285197.000000	0.000000e+00
1.074616e+01	5.750364e+00	4.258196e-04	182364051.000000	0.000000e+00
1.074816e+01	5.747969e+00	4.255402e-04	182451589.000000	0.000000e+00
1.075015e+01	5.746466e+00	4.253804e-04	182493165.000000	0.000000e+00
1.075215e+01	5.744875e+00	4.251759e-04	182567671.000000	0.000000e+00
1.075414e+01	5.742207e+00	4.248795e-04	182652757.000000	0.000000e+00
1.075614e+01	5.740960e+00	4.247690e-04	182668401.000000	0.000000e+00
1.075813e+01	5.739355e+00	4.244619e-04	182830561.000000	0.000000e+00
1.076013e+01	5.738227e+00	4.244030e-04	182809407.000000	0.000000e+00
1.076212e+01	5.736209e+00	4.241412e-04	182906377.000000	0.000000e+00
1.076411e+01	5.734515e+00	4.239570e-04	182957277.000000	0.000000e+00
1.076611e+01	5.732337e+00	4.236816e-04	183056071.000000	0.000000e+00
1.076810e+01	5.730719e+00	4.234899e-04	183118441.000000	0.000000e+00
1.077010e+01	5.729827e+00	4.233799e-04	183156549.000000	0.000000e+00
1.077209e+01	5.727798e+00	4.231187e-04	183252877.000000	0.000000e+00
1.077409e+01	5.725618e+00	4.228934e-04	183308643.000000	0.000000e+00
1.077608e+01	5.724459e+00	4.227198e-04	183385009.000000	0.000000e+00
1.077808e+01	5.722373e+00	4.224664e-04	183471177.000000	0.000000e+00
1.078007e+01	5.720437e+00	4.222553e-04	183530515.000000	0.000000e+00
1.078207e+01	5.718721e+00	4.220975e-04	183557557.000000	0.000000e+00
1.078406e+01	5.716985e+00	4.218530e-04	183658785.000000	0.000000e+00
1.078606e+01	5.715421e+00	4.216594e-04	183726925.000000	0.000000e+00
1.078805e+01	5.714132e+00	4.214652e-04	183813339.000000	0.000000e+00
1.079005e+01	5.711871e+00	4.212359e-04	183867973.000000	0.000000e+00
1.079204e+01	5.711080e+00	4.211775e-04	183867985.000000	0.000000e+00
1.079403e+01	5.708455e+00	4.207969e-04	184031487.000000	0.000000e+00
1.079603e+01	5.706796e+00	4.206490e-04	184053853.000000	0.000000e+00
1.079802e+01	5.705012e+00	4.203927e-04	184163145.000000	0.000000e+00
1.080002e+01	5.703792e+00	4.203205e-04	184147639.000000	0.000000e+00
1.080201e+01	5.701436e+00	4.199549e-04	184316013.000000	0.000000e+00
1.080401e+01	5.699450e+00	4.198052e-04	184319029.000000	0.000000e+00
1.080600e+01	5.698382e+00	4.196237e-04	184409485.000000	0.000000e+00
1.080800e+01	5.697056e+00	4.194740e-04	184455171.000000	0.000000e+00
1.080999e+01	5.695569e+00	4.192613e-04	184545973.000000	0.000000e+00
1.081199e+01	5.693841e+00	4.190639e-04	184607865.000000	0.000000e+00
1.081398e+01	5.691948e+00	4.188662e-04	184659247.000000	0.000000e+00
1.081598e+01	5.690602e+00	4.186560e-04	184757373.000000	0.000000e+00
1.081797e+01	5.688334e+00	4.184364e-04	184803937.000000	0.000000e+00
1.081996e+01	5.686747e+00	4.182849e-04	184834705.000000	0.000000e+00
1.082196e+01	5.685001e+00	4.179796e-04	184991115.000000	0.000000e+00
1.082395e+01	5.682261e+00	4.177318e-04	185032177.000000	0.000000e+00
1.082595e+01	5.681893e+00	4.176611e-04	185070897.000000	0.000000e+00
1.082794e+01	5.680934e+00	4.175134e-04	185139367.000000	0.000000e+00
1.082994e+01	5.679037e+00	4.172287e-04	185268225.000000	0.000000e+00
1.083193e+01	5.676604e+00	4.170866e-04	185235769.000000	0.000000e+00
1.083393e+01	5.675183e+00	4.168273e-04	185373403.000000	0.000000e+00
1.083592e+01	5.673264e+00	4.166252e-04	185427789.000000	0.000000e+00
1.083792e+01	5.670904e+00	4.163859e-04	185486641.000000	0.000000e+00
1.083991e+01	5.670387e+00	4.162907e-04	185537601.000000	0.000000e+00
1.084191e+01	5.668778e+00	4.160352e-04	185660143.000000	0.000000e+00
1.084390e+01	5.666709e+00	4.158427e-04	185696485.000000	0.000000e+00
1.084590e+01	5.665339e+00	4.156530e-04	185776137.000000	0.000000e+00
1.084789e+01	5.663925e+00	4.154643e-04	185852119.000000	0.000000e+00
1.084988e+01	5.662147e+00	4.152731e-04	185906589.000000	0.000000e+00
1.085188e+01	5.659559e+00	4.150068e-04	185975125.000000	0.000000e+00
1.085387e+01	5.658791e+00	4.149184e-04	186003813.000000	0.000000e+00
1.085587e+01	5.657270e+00	4.146487e-04	186145795.000000	0.000000e+00
1.085786e+01	5.654860e+00	4.144448e-04	186170293.000000	0.000000e+00
1.085986e+01	5.653658e+00	4.142618e-04	186255585.000000	0.000000e+00
1.086185e+01	5.651893e+00	4.140751e-04	186307255.000000	0.000000e+00
1.086385e+01	5.650356e+00	4.138866e-04	186375537.000000	0.000000e+00
1.086584e+01	5.648083e+00	4.136113e-04	186473629.000000	0.000000e+00
1.086784e+01	5.647169e+00	4.135290e-04	186487491.000000	0.000000e+00
1.086983e+01	5.644311e+00	4.132195e-04	186577885.000000	0.000000e+00
1.087183e+01	5.643815e+00	4.131193e-04	186635641.000000	0.000000e+00
1.087382e+01	5.641930e+00	4.128484e-04	186755865.000000	0.000000e+00
1.087581e+01	5.640542e+00	4.126956e-04	186802183.000000	0.000000e+00
1.087781e+01	5.639107e+00	4.125547e-04	186834765.000000	0.000000e+00
1.087980e+01	5.637517e+00	4.123105e-04	186950641.000000	0.000000e+00
1.088180e+01	5.634968e+00	4.120554e-04	187013011.000000	0.000000e+00
1.088379e+01	5.634015e+00	4.119567e-04	187039365.000000	0.000000e+00
1.088579e+01	5.632541e+00	4.117636e-04	187116877.000000	0.000000e+00
1.088778e+01	5.631044e+00	4.115165e-04	187242069.000000	0.000000e+00
1.088978e+01	5.629301e+00	4.113298e-04	187296019.000000	0.000000e+00
1.089177e+01	5.628272e+00	4.112730e-04	187279329.000000	0.000000e+00
1.089377e+01	5.626343e+00	4.109466e-04	187448341.000000	0.000000e+00
1.089576e+01	5.624430e+00	4.107656e-04	187486003.000000	0.000000e+00
1.089776e+01	5.623194e+00	4.106359e-04	187521993.000000	0.000000e+00
1.089975e+01	5.620146e+00	4.103036e-04	187622317.000000	0.000000e+00
1.090175e+01	5.619551e+00	4.101773e-04	187698153.000000	0.000000e+00
1.090374e+01	5.617290e+00	4.099084e-04	187793239.000000	0.000000e+00
1.090573e+01	5.616765e+00	4.098606e-04	187801977.000000	0.000000e+00
1.090773e+01	5.615054e+00	4.096924e-04	187841665.000000	0.000000e+00
1.090972e+01	5.613610e+00	4.093922e-04	188020591.000000	0.000000e+00
1.091172e+01	5.611501e+00	4.092736e-04	187988253.000000	0.000000e+00
1.091371e+01	5.610114e+00	4.090000e-04	188146741.000000	0.000000e+00
1.091571e+01	5.608280e+00	4.089001e-04	188115663.000000	0.000000e+00
1.091770e+01	5.606842e+00	4.086478e-04	188251453.000000	0.000000e+00
1.091970e+01	5.606084e+00	4.085674e-04	188274609.000000	0.000000e+00
1.092169e+01	5.603505e+00	4.082707e-04	188374921.000000	0.000000e+00
1.092369e+01	5.602459e+00	4.080859e-04	188475199.000000	0.000000e+00
1.092568e+01	5.600616e+00	4.079393e-04	188486577.000000	0.000000e+00
1.092768e+01	5.598342e+00	4.076118e-04	188636377.000000	0.000000e+00
1.092967e+01	5.598062e+00	4.076170e-04	188612667.000000	0.000000e+00
1.093166e+01	5.595493e+00	4.073547e-04	188682325.000000	0.000000e+00
1.093366e+01	5.593739e+00	4.071117e-04	188789233.000000	0.000000e+00
1.093565e+01	5.593601e+00	4.070441e-04	188842641.000000	0.000000e+00
1.093765e+01	5.590073e+00	4.066672e-04	188954227.000000	0.000000e+00
1.093964e+01	5.589388e+00	4.065782e-04	188990733.000000	0.000000e+00
1.094164e+01	5.587303e+00	4.063303e-04	189080197.000000	0.000000e+00
1.094363e+01	5.586507e+00	4.062347e-04	189115335.000000	0.000000e+00
1.094563e+01	5.584436e+00	4.059650e-04	189226321.000000	0.000000e+00
1.094762e+01	5.583234e+00	4.058491e-04	189252889.000000	0.000000e+00
1.094962e+01	5.581350e+00	4.056437e-04	189316743.000000	0.000000e+00
1.095161e+01	5.579856e+00	4.054377e-04	189407725.000000	0.000000e+00
1.095361e+01	5.578147e+00	4.052067e-04	189507585.000000	0.000000e+00
1.095560e+01	5.576387e+00	4.050794e-04	189507073.000000	0.000000e+00
1.095760e+01	5.574746e+00	4.048263e-04	189632463.000000	0.000000e+00
1.095959e+01	5.574330e+00	4.047618e-04	189664609.000000	0.000000e+00
1.096158e+01	5.572453e+00	4.045319e-04	189752401.000000	0.000000e+00
1.096358e+01	5.570239e+00	4.042763e-04	189841503.000000	0.000000e+00
1.096557e+01	5.569272e+00	4.041640e-04	189881077.000000	0.000000e+00
1.096757e+01	5.566593e+00	4.038915e-04	189954465.000000	0.000000e+00
1.096956e+01	5.565716e+00	4.037738e-04	190005349.000000	0.000000e+00
1.097156e+01	5.564642e+00	4.035688e-04	190125003.000000	0.000000e+00
1.097355e+01	5.563678e+00	4.034834e-04	190139605.000000	0.000000e+00
1.097555e+01	5.561847e+00	4.032398e-04	190244161.000000	0.000000e+00
1.097754e+01	5.559382e+00	4.029939e-04	190307559.000000	0.000000e+00
1.097954e+01	5.558385e+00	4.028340e-04	190390441.000000	0.000000e+00
1.098153e+01	5.556920e+00	4.027076e-04	190409505.000000	0.000000e+00
1.098353e+01	5.555122e+00	4.024613e-04	190519273.000000	0.000000e+00
1.098552e+01	5.553554e+00	4.022775e-04	190585747.000000	0.000000e+00
1.098751e+01	5.551984e+00	4.020928e-04	190653129.000000	0.000000e+00
1.098951e+01	5.550369e+00	4.018806e-04	190743445.000000	0.000000e+00
1.099150e+01	5.548488e+00	4.016954e-04	190790055.000000	0.000000e+00
1.099350e+01	5.548227e+00	4.016480e-04	190817089.000000	0.000000e+00
1.099549e+01	5.546675e+00	4.013937e-04	190952073.000000	0.000000e+00
1.099749e+01	5.544843e+00	4.011863e-04	191023327.000000	0.000000e+00
1.099948e+01	5.542956e+00	4.010444e-04	191028397.000000	0.000000e+00
1.100148e+01	5.541097e+00	4.008000e-04	191133177.000000	0.000000e+00
1.100347e+01	5.539368e+00	4.005989e-04	191205781.000000	0.000000e+00
1.100547e+01	5.537686e+00	4.003622e-04	191315643.000000	0.000000e+00
1.100746e+01	5.536753e+00	4.003201e-04	191291389.000000	0.000000e+00
1.100946e+01	5.535315e+00	4.000770e-04	191424549.000000	0.000000e+00
1.101145e+01	5.533596e+00	3.998717e-04	191502139.000000	0.000000e+00
1.101345e+01	5.532374e+00	3.997562e-04	191528185.000000	0.000000e+00
1.101544e+01	5.530580e+00	3.995053e-04	191644521.000000	0.000000e+00
1.101743e+01	5.529808e+00	3.994310e-04	191662261.000000	0.000000e+00
1.101943e+01	5.527435e+00	3.991444e-04	191772855.000000	0.000000e+00
1.102142e+01	5.526280e+00	3.989927e-04	191838577.000000	0.000000e+00
1.102342e+01	5.524657e+00	3.988535e-04	191859717.000000	0.000000e+00
1.102541e+01	5.522625e+00	3.985650e-04	191996275.000000	0.000000e+00
1.102741e+01	5.521739e+00	3.984524e-04	192043153.000000	0.000000e+00
1.102940e+01	5.520156e+00	3.982577e-04	192120825.000000	0.000000e+00
1.103140e+01	5.518511e+00	3.981395e-04	192120331.000000	0.000000e+00
1.103339e+01	5.516469e+00	3.978125e-04	192293877.000000	0.000000e+00
1.103539e+01	5.515578e+00	3.977601e-04	192282433.000000	0.000000e+00
1.103738e+01	5.514087e+00	3.975480e-04	192383641.000000	0.000000e+00
1.103938e+01	5.512614e+00	3.973509e-04	192471603.000000	0.000000e+00
1.104137e+01	5.510877e+00	3.972213e-04	192475933.000000	0.000000e+00
1.104336e+01	5.510152e+00	3.970009e-04	192639009.000000	0.000000e+00
1.104536e+01	5.508831e+00	3.968687e-04	192674911.000000	0.000000e+00
1.104735e+01	5.506831e+00	3.966792e-04	192719073.000000	0.000000e+00
1.104935e+01	5.505528e+00	3.964682e-04	192832945.000000	0.000000e+00
1.105134e+01	5.504033e+00	3.963384e-04	192854497.000000	0.000000e+00
1.105334e+01	5.502590e+00	3.961702e-04	192917067.000000	0.000000e+00
1.105533e+01	5.501197e+00	3.959502e-04	193033801.000000	0.000000e+00
1.105733e+01	5.499366e+00	3.957862e-04	193065213.000000	0.000000e+00
1.105932e+01	5.497825e+00	3.955564e-04	193181287.000000	0.000000e+00
1.106132e+01	5.496872e+00	3.954805e-04	193188453.000000	0.000000e+00
1.106331e+01	5.494945e+00	3.952182e-04	193309357.000000	0.000000e+00
1.106531e+01	5.493287e+00	3.950420e-04	193365079.000000	0.000000e+00
1.106730e+01	5.491903e+00	3.949028e-04	193403937.000000	0.000000e+00
1.106930e+01	5.490672e+00	3.947584e-04	193458721.000000	0.000000e+00
1.107129e+01	5.488502e+00	3.944145e-04	193643061.000000	0.000000e+00
1.107329e+01	5.487945e+00	3.943827e-04	193634935.000000	0.000000e+00
1.107528e+01	5.486007e+00	3.941761e-04	193701085.000000	0.000000e+00
1.107727e+01	5.485077e+00	3.940815e-04	193728477.000000	0.000000e+00
1.107927e+01	5.483609e+00	3.938045e-04	193897231.000000	0.000000e+00
1.108126e+01	5.482098e+00	3.936834e-04	193909581.000000	0.000000e+00
1.108326e+01	5.480581e+00	3.935094e-04	193973725.000000	0.000000e+00
1.108525e+01	5.478603e+00	3.933171e-04	194023389.000000	0.000000e+00
1.108725e+01	5.478127e+00	3.931559e-04	194148727.000000	0.000000e+00
1.108924e+01	5.476364e+00	3.929486e-04	194228605.000000	0.000000e+00
1.109124e+01	5.474399e+00	3.927689e-04	194266881.000000	0.000000e+00
1.109323e+01	5.472857e+00	3.926258e-04	194298991.000000	0.000000e+00
1.109523e+01	5.471772e+00	3.924231e-04	194422677.000000	0.000000e+00
1.109722e+01	5.470443e+00	3.922475e-04	194502241.000000	0.000000e+00
1.109922e+01	5.468975e+00	3.921370e-04	194507421.000000	0.000000e+00
1.110121e+01	5.467971e+00	3.919360e-04	194635567.000000	0.000000e+00
1.110320e+01	5.466999e+00	3.918081e-04	194693425.000000	0.000000e+00
1.110520e+01	5.464960e+00	3.916265e-04	194728641.000000	0.000000e+00
1.110719e+01	5.462841e+00	3.913601e-04	194842603.000000	0.000000e+00
1.110919e+01	5.461832e+00	3.912504e-04	194879901.000000	0.000000e+00
1.111118e+01	5.460138e+00	3.910149e-04	194993677.000000	0.000000e+00
1.111318e+01	5.459147e+00	3.909162e-04	195021339.000000	0.000000e+00
1.111517e+01	5.458491e+00	3.907417e-04	195148705.000000	0.000000e+00
1.111717e+01	5.456253e+00	3.906196e-04	195110593.000000	0.000000e+00
1.111916e+01	5.454898e+00	3.903593e-04	195273921.000000	0.000000e+00
1.112116e+01	5.453001e+00	3.901959e-04	195301651.000000	0.000000e+00
1.112315e+01	5.453071e+00	3.901239e-04	195378705.000000	0.000000e+00
1.112515e+01	5.451054e+00	3.898842e-04	195474349.000000	0.000000e+00
1.112714e+01	5.449066e+00	3.897110e-04	195505363.000000	0.000000e+00
1.112913e+01	5.448281e+00	3.895478e-04	195612897.000000	0.000000e+00
1.113113e+01	5.446420e+00	3.893626e-04	195665293.000000	0.000000e+00
1.113312e+01	5.444684e+00	3.891392e-04	195765177.000000	0.000000e+00
1.113512e+01	5.443500e+00	3.890116e-04	195808423.000000	0.000000e+00
1.113711e+01	5.442718e+00	3.889180e-04	195846393.000000	0.000000e+00
1.113911e+01	5.440863e+00	3.886888e-04	195943837.000000	0.000000e+00
1.114110e+01	5.439547e+00	3.884667e-04	196072999.000000	0.000000e+00
1.114310e+01	5.438111e+00	3.884015e-04	196035393.000000	0.000000e+00
1.114509e+01	5.437008e+00	3.881693e-04	196190305.000000	0.000000e+00
1.114709e+01	5.435656e+00	3.880548e-04	196208499.000000	0.000000e+00
1.114908e+01	5.433847e+00	3.878547e-04	196280269.000000	0.000000e+00
1.115108e+01	5.432364e+00	3.876659e-04	196364337.000000	0.000000e+00
1.115307e+01	5.430676e+00	3.874402e-04	196470949.000000	0.000000e+00
1.115507e+01	5.430003e+00	3.873845e-04	196478839.000000	0.000000e+00
1.115706e+01	5.428770e+00	3.872358e-04	196540401.000000	0.000000e+00
1.115905e+01	5.426703e+00	3.869013e-04	196730509.000000	0.000000e+00
1.116105e+01	5.425635e+00	3.868531e-04	196702095.000000	0.000000e+00
1.116304e+01	5.423980e+00	3.866345e-04	196804465.000000	0.000000e+00
1.116504e+01	5.423395e+00	3.865606e-04	196837257.000000	0.000000e+00
1.116703e+01	5.421010e+00	3.862771e-04	196953001.000000	0.000000e+00
1.116903e+01	5.419961e+00	3.861706e-04	196985347.000000	0.000000e+00
1.117102e+01	5.418638e+00	3.859909e-04	197072565.000000	0.000000e+00
1.117302e+01	5.417646e+00	3.858827e-04	197110921.000000	0.000000e+00
1.117501e+01	5.416633e+00	3.856810e-04	197243283.000000	0.000000e+00
1.117701e+01	5.414739e+00	3.854995e-04	197291017.000000	0.000000e+00
1.117900e+01	5.412834e+00	3.853110e-04	197345185.000000	0.000000e+00
1.118100e+01	5.411863e+00	3.852026e-04	197385477.000000	0.000000e+00
1.118299e+01	5.410182e+00	3.849570e-04	197514619.000000	0.000000e+00
1.118499e+01	5.408480e+00	3.847767e-04	197575449.000000	0.000000e+00
1.118698e+01	5.407335e+00	3.846713e-04	197600005.000000	0.000000e+00
1.118897e+01	5.406343e+00	3.844732e-04	197731179.000000	0.000000e+00
1.119097e+01	5.404054e+00	3.842548e-04	197788369.000000	0.000000e+00
1.119296e+01	5.403419e+00	3.841642e-04	197835217.000000	0.000000e+00
1.119496e+01	5.401705e+00	3.839566e-04	197923515.000000	0.000000e+00
1.119695e+01	5.401178e+00	3.838193e-04	198026533.000000	0.000000e+00
1.119895e+01	5.400076e+00	3.837443e-04	198023145.000000	0.000000e+00
1.120094e+01	5.398404e+00	3.835209e-04	198131089.000000	0.000000e+00
1.120294e+01	5.396515e+00	3.833355e-04	198183975.000000	0.000000e+00
1.120493e+01	5.395435e+00	3.831685e-04	198277453.000000	0.000000e+00
1.120693e+01	5.394674e+00	3.830451e-04	198349321.000000	0.000000e+00
1.120892e+01	5.392869e+00	3.828775e-04	198390159.000000	0.000000e+00
1.121092e+01	5.391314e+00	3.826600e-04	198501169.000000	0.000000e+00
1.121291e+01	5.390142e+00	3.825425e-04	198536841.000000	0.000000e+00
1.121490e+01	5.388758e+00	3.823630e-04	198621277.000000	0.000000e+00
1.121690e+01	5.386892e+00	3.821674e-04	198686883.000000	0.000000e+00
1.121889e+01	5.386558e+00	3.820674e-04	198766273.000000	0.000000e+00
1.122089e+01	5.385210e+00	3.818917e-04	198849673.000000	0.000000e+00
1.122288e+01	5.383920e+00	3.817611e-04	198890379.000000	0.000000e+00
1.122488e+01	5.382225e+00	3.815527e-04	198982429.000000	0.000000e+00
1.122687e+01	5.380277e+00	3.813552e-04	199044345.000000	0.000000e+00
1.122887e+01	5.379220e+00	3.811851e-04	199143823.000000	0.000000e+00
1.123086e+01	5.377912e+00	3.810886e-04	199147837.000000	0.000000e+00
1.123286e+01	5.376833e+00	3.808794e-04	199286577.000000	0.000000e+00
1.123485e+01	5.375249e+00	3.807415e-04	199313509.000000	0.000000e+00
1.123685e+01	5.374346e+00	3.805571e-04	199439715.000000	0.000000e+00
1.123884e+01	5.372725e+00	3.804597e-04	199421497.000000	0.000000e+00
1.124084e+01	5.371886e+00	3.802150e-04	199615893.000000	0.000000e+00
1.124283e+01	5.369876e+00	3.801442e-04	199540795.000000	0.000000e+00
1.124482e+01	5.368952e+00	3.799435e-04	199682965.000000	0.000000e+00
1.124682e+01	5.368147e+00	3.797996e-04	199774377.000000	0.000000e+00
1.124881e+01	5.367431e+00	3.796681e-04	199859497.000000	0.000000e+00
1.125081e+01	5.364985e+00	3.794505e-04	199906431.000000	0.000000e+00
1.125280e+01	5.364002e+00	3.793793e-04	199908241.000000	0.000000e+00
1.125480e+01	5.362170e+00	3.790874e-04	200079441.000000	0.000000e+00
1.125679e+01	5.360990e+00	3.790004e-04	200083267.000000	0.000000e+00
1.125879e+01	5.359649e+00	3.787625e-04	200234341.000000	0.000000e+00
1.126078e+01	5.358421e+00	3.787157e-04	200192169.000000	0.000000e+00
1.126278e+01	5.357771e+00	3.785876e-04	200279029.000000	0.000000e+00
1.126477e+01	5.355798e+00	3.782749e-04	200462595.000000	0.000000e+00
1.126677e+01	5.354318e+00	3.781573e-04	200476429.000000	0.000000e+00
1.126876e+01	5.353752e+00	3.780813e-04	200514685.000000	0.000000e+00
1.127076e+01	5.352283e+00	3.778800e-04	200618199.000000	0.000000e+00
1.127275e+01	5.350441e+00	3.777316e-04	200637697.000000	0.000000e+00
1.127474e+01	5.349777e+00	3.775661e-04	200763813.000000	0.000000e+00
1.127674e+01	5.348385e+00	3.774451e-04	200788039.000000	0.000000e+00
1.127873e+01	5.347349e+00	3.772424e-04	200925945.000000	0.000000e+00
1.128073e+01	5.345671e+00	3.770723e-04	200981113.000000	0.000000e+00
1.128272e+01	5.344170e+00	3.769579e-04	200990125.000000	0.000000e+00
1.128472e+01	5.343170e+00	3.767896e-04	201094443.000000	0.000000e+00
1.128671e+01	5.342601e+00	3.766479e-04	201202945.000000	0.000000e+00
1.128871e+01	5.341160e+00	3.765184e-04	201232749.000000	0.000000e+00
1.129070e+01	5.339252e+00	3.762652e-04	201359815.000000	0.000000e+00
1.129270e+01	5.338008e+00	3.761831e-04	201353853.000000	0.000000e+00
1.129469e+01	5.335923e+00	3.759307e-04	201466813.000000	0.000000e+00
1.129669e+01	5.335965e+00	3.758962e-04	201506905.000000	0.000000e+00
1.129868e+01	5.334056e+00	3.756365e-04	201641319.000000	0.000000e+00
1.130067e+01	5.333791e+00	3.756070e-04	201652945.000000	0.000000e+00
1.130267e+01	5.332062e+00	3.753836e-04	201762177.000000	0.000000e+00
1.130466e+01	5.330593e+00	3.752350e-04	201810787.000000	0.000000e+00
1.130666e+01	5.329336e+00	3.751165e-04	201843057.000000	0.000000e+00
1.130865e+01	5.327581e+00	3.748326e-04	202015789.000000	0.000000e+00
1.131065e+01	5.327526e+00	3.748447e-04	201998683.000000	0.000000e+00
1.131264e+01	5.325843e+00	3.746562e-04	202074213.000000	0.000000e+00
1.131464e+01	5.324755e+00	3.744502e-04	202213909.000000	0.000000e+00
1.131663e+01	5.322708e+00	3.742821e-04	202240029.000000	0.000000e+00
1.131863e+01	5.321840e+00	3.741489e-04	202318087.000000	0.000000e+00
1.132062e+01	5.320860e+00	3.740516e-04	202348837.000000	0.000000e+00
1.132262e+01	5.319326e+00	3.738182e-04	202484745.000000	0.000000e+00
1.132461e+01	5.318562e+00	3.737474e-04	202503319.000000	0.000000e+00
1.132661e+01	5.317011e+00	3.735456e-04	202603965.000000	0.000000e+00
1.132860e+01	5.315717e+00	3.733868e-04	202677553.000000	0.000000e+00
1.133059e+01	5.314212e+00	3.732686e-04	202691181.000000	0.000000e+00
1.133259e+01	5.313015e+00	3.730057e-04	202885639.000000	0.000000e+00
1.133458e+01	5.312098e+00	3.729356e-04	202891789.000000	0.000000e+00
1.133658e+01	5.310505e+00	3.727553e-04	202966365.000000	0.000000e+00
1.133857e+01	5.309450e+00	3.726510e-04	202999267.000000	0.000000e+00
1.134057e+01	5.308491e+00	3.725015e-04	203088861.000000	0.000000e+00
1.134256e+01	5.307580e+00	3.723467e-04	203188009.000000	0.000000e+00
1.134456e+01	5.305852e+00	3.721593e-04	203260227.000000	0.000000e+00
1.134655e+01	5.304628e+00	3.720649e-04	203269573.000000	0.000000e+00
1.134855e+01	5.302932e+00	3.718248e-04	203402173.000000	0.000000e+00
1.135054e+01	5.302936e+00	3.717735e-04	203458533.000000	0.000000e+00
1.135254e+01	5.300847e+00	3.715529e-04	203539747.000000	0.000000e+00
1.135453e+01	5.299727e+00	3.714017e-04	203619417.000000	0.000000e+00
1.135653e+01	5.298508e+00	3.713040e-04	203632837.000000	0.000000e+00
1.135852e+01	5.297795e+00	3.711469e-04	203750499.000000	0.000000e+00
1.136051e+01	5.295618e+00	3.709403e-04	203809861.000000	0.000000e+00
1.136251e+01	5.294838e+00	3.708161e-04	203886409.000000	0.000000e+00
1.136450e+01	5.292923e+00	3.706607e-04	203909805.000000	0.000000e+00
1.136650e+01	5.292711e+00	3.704728e-04	204100351.000000	0.000000e+00
1.136849e+01	5.291954e+00	3.704583e-04	204057897.000000	0.000000e+00
1.137049e+01	5.290012e+00	3.702042e-04	204188245.000000	0.000000e+00
1.137248e+01	5.289087e+00	3.701452e-04	204181879.000000	0.000000e+00
1.137448e+01	5.287913e+00	3.698952e-04	204367173.000000	0.000000e+00
1.137647e+01	5.286565e+00	3.697752e-04	204395629.000000	0.000000e+00
1.137847e+01	5.284831e+00	3.696090e-04	204445353.000000	0.000000e+00
1.138046e+01	5.283946e+00	3.694636e-04	204537751.000000	0.000000e+00
1.138246e+01	5.283230e+00	3.693743e-04	204581121.000000	0.000000e+00
1.138445e+01	5.282223e+00	3.691673e-04	204732613.000000	0.000000e+00
1.138644e+01	5.280676e+00	3.690704e-04	204720175.000000	0.000000e+00
1.138844e+01	5.279744e+00	3.689012e-04	204835653.000000	0.000000e+00
1.139043e+01	5.278082e+00	3.688022e-04	204816589.000000	0.000000e+00
1.139243e+01	5.277329e+00	3.685812e-04	205003851.000000	0.000000e+00
1.139442e+01	5.276081e+00	3.684821e-04	205017097.000000	0.000000e+00
1.139642e+01	5.275123e+00	3.683091e-04	205135233.000000	0.000000e+00
1.139841e+01	5.273622e+00	3.681993e-04	205140817.000000	0.000000e+00
1.140041e+01	5.271999e+00	3.679541e-04	205287955.000000	0.000000e+00
1.140240e+01	5.271822e+00	3.679388e-04	205291101.000000	0.000000e+00
1.140440e+01	5.269620e+00	3.677106e-04	205374433.000000	0.000000e+00
1.140639e+01	5.268647e+00	3.675663e-04	205459767.000000	0.000000e+00
1.140839e+01	5.268461e+00	3.674940e-04	205526149.000000	0.000000e+00
1.141038e+01	5.267054e+00	3.672999e-04	205633545.000000	0.000000e+00
1.141237e+01	5.265559e+00	3.671513e-04	205683181.000000	0.000000e+00
1.141437e+01	5.264730e+00	3.670303e-04	205753999.000000	0.000000e+00
1.141636e+01	5.263132e+00	3.668403e-04	205842249.000000	0.000000e+00
1.141836e+01	5.261826e+00	3.667442e-04	205847941.000000	0.000000e+00
1.142035e+01	5.260590e+00	3.665133e-04	206010519.000000	0.000000e+00
1.142235e+01	5.259467e+00	3.664499e-04	205993885.000000	0.000000e+00
1.142434e+01	5.258601e+00	3.662477e-04	206153449.000000	0.000000e+00
1.142634e+01	5.257424e+00	3.661805e-04	206136879.000000	0.000000e+00
1.142833e+01	5.256109e+00	3.659345e-04	206310757.000000	0.000000e+00
1.143033e+01	5.255253e+00	3.658910e-04	206292621.000000	0.000000e+00
1.143232e+01	5.253899e+00	3.656985e-04	206403529.000000	0.000000e+00
1.143432e+01	5.252489e+00	3.655297e-04	206483343.000000	0.000000e+00
1.143631e+01	5.252070e+00	3.654389e-04	206552905.000000	0.000000e+00
1.143831e+01	5.250598e+00	3.652917e-04	206603593.000000	0.000000e+00
1.144030e+01	5.249328e+00	3.651466e-04	206667795.000000	0.000000e+00
1.144229e+01	5.248555e+00	3.649857e-04	206789125.000000	0.000000e+00
1.144429e+01	5.247294e+00	3.649168e-04	206767917.000000	0.000000e+00
1.144628e+01	5.246036e+00	3.646340e-04	206989489.000000	0.000000e+00
1.144828e+01	5.244694e+00	3.645626e-04	206964555.000000	0.000000e+00
1.145027e+01	5.243517e+00	3.644317e-04	207020329.000000	0.000000e+00
1.145227e+01	5.242315e+00	3.642461e-04	207136357.000000	0.000000e+00
1.145426e+01	5.240826e+00	3.641158e-04	207166947.000000	0.000000e+00
1.145626e+01	5.240367e+00	3.640372e-04	207220057.000000	0.000000e+00
1.145825e+01	5.239635e+00	3.638014e-04	207430809.000000	0.000000e+00
1.146025e+01	5.239003e+00	3.638485e-04	207327109.000000	0.000000e+00
1.146224e+01	5.236572e+00	3.634889e-04	207544747.000000	0.000000e+00
1.146424e+01	5.236208e+00	3.634366e-04	207575745.000000	0.000000e+00
1.146623e+01	5.234253e+00	3.633144e-04	207560245.000000	0.000000e+00
1.146823e+01	5.233571e+00	3.631291e-04	207718083.000000	0.000000e+00
1.147022e+01	5.232869e+00	3.630214e-04	207785545.000000	0.000000e+00
1.147221e+01	5.231783e+00	3.628954e-04	207843573.000000	0.000000e+00
1.147421e+01	5.230755e+00	3.627716e-04	207903691.000000	0.000000e+00
1.147620e+01	5.230116e+00	3.626618e-04	207978817.000000	0.000000e+00
1.147820e+01	5.228199e+00	3.624661e-04	208050789.000000	0.000000e+00
1.148019e+01	5.227622e+00	3.623521e-04	208135717.000000	0.000000e+00
1.148219e+01	5.225984e+00	3.621889e-04	208192851.000000	0.000000e+00
1.148418e+01	5.224830e+00	3.620497e-04	208261021.000000	0.000000e+00
1.148618e+01	5.223977e+00	3.618841e-04	208383633.000000	0.000000e+00
1.148817e+01	5.222670e+00	3.617467e-04	208437619.000000	0.000000e+00
1.149017e+01	5.221511e+00	3.616212e-04	208489705.000000	0.000000e+00
1.149216e+01	5.221198e+00	3.615859e-04	208505433.000000	0.000000e+00
1.149416e+01	5.219919e+00	3.613889e-04	208630561.000000	0.000000e+00
1.149615e+01	5.218989e+00	3.612194e-04	208751943.000000	0.000000e+00
1.149814e+01	5.218062e+00	3.611228e-04	208789549.000000	0.000000e+00
1.150014e+01	5.215905e+00	3.609072e-04	208866225.000000	0.000000e+00
1.150213e+01	5.215129e+00	3.608251e-04	208899139.000000	0.000000e+00
1.150413e+01	5.214012e+00	3.606601e-04	209000773.000000	0.000000e+00
1.150612e+01	5.213059e+00	3.605411e-04	209062329.000000	0.000000e+00
1.150812e+01	5.211822e+00	3.603760e-04	209154655.000000	0.000000e+00
1.151011e+01	5.210785e+00	3.602325e-04	209237973.000000	0.000000e+00
1.151211e+01	5.210036e+00	3.601293e-04	209297761.000000	0.000000e+00
1.151410e+01	5.208943e+00	3.600414e-04	209312125.000000	0.000000e+00
1.151610e+01	5.208402e+00	3.598718e-04	209465859.000000	0.000000e+00
1.151809e+01	5.206641e+00	3.597279e-04	209491789.000000	0.000000e+00
1.152009e+01	5.205101e+00	3.595333e-04	209594625.000000	0.000000e+00
1.152208e+01	5.204815e+00	3.594593e-04	209657875.000000	0.000000e+00
1.152408e+01	5.203528e+00	3.593191e-04	209717745.000000	0.000000e+00
1.152607e+01	5.202292e+00	3.591449e-04	209821585.000000	0.000000e+00
1.152806e+01	5.201402e+00	3.590462e-04	209865109.000000	0.000000e+00
1.153006e+01	5.199528e+00	3.588487e-04	209944863.000000	0.000000e+00
1.153205e+01	5.199597e+00	3.588037e-04	210002977.000000	0.000000e+00
1.153405e+01	5.198771e+00	3.586838e-04	210076701.000000	0.000000e+00
1.153604e+01	5.197790e+00	3.585064e-04	210205267.000000	0.000000e+00
1.153804e+01	5.196347e+00	3.584200e-04	210189897.000000	0.000000e+00
1.154003e+01	5.194761e+00	3.581970e-04	210323221.000000	0.000000e+00
1.154203e+01	5.193901e+00	3.581083e-04	210357787.000000	0.000000e+00
1.154402e+01	5.193921e+00	3.580247e-04	210457641.000000	0.000000e+00
1.154602e+01	5.192266e+00	3.578405e-04	210540133.000000	0.000000e+00
1.154801e+01	5.191243e+00	3.577467e-04	210567489.000000	0.000000e+00
1.155001e+01	5.190049e+00	3.575663e-04	210683119.000000	0.000000e+00
1.155200e+01	5.189459e+00	3.574796e-04	210737457.000000	0.000000e+00
1.155400e+01	5.188423e+00	3.573207e-04	210840625.000000	0.000000e+00
1.155599e+01	5.186696e+00	3.571616e-04	210888007.000000	0.000000e+00
1.155798e+01	5.186001e+00	3.570693e-04	210940569.000000	0.000000e+00
1.155998e+01	5.185155e+00	3.569390e-04	211025773.000000	0.000000e+00
1.156197e+01	5.183723e+00	3.567741e-04	211104249.000000	0.000000e+00
1.156397e+01	5.182953e+00	3.566509e-04	211187383.000000	0.000000e+00
1.156596e+01	5.182026e+00	3.565470e-04	211234885.000000	0.000000e+00
1.156796e+01	5.180773e+00	3.563556e-04	211359549.000000	0.000000e+00
1.156995e+01	5.179578e+00	3.562480e-04	211389775.000000	0.000000e+00
1.157195e+01	5.179405e+00	3.561770e-04	211459821.000000	0.000000e+00
1.157394e+01	5.177912e+00	3.560044e-04	211542961.000000	0.000000e+00
1.157594e+01	5.176753e+00	3.558871e-04	211587609.000000	0.000000e+00
1.157793e+01	5.175879e+00	3.556903e-04	211750291.000000	0.000000e+00
1.157993e+01	5.175069e+00	3.556348e-04	211750249.000000	0.000000e+00
1.158192e+01	5.174163e+00	3.554870e-04	211852065.000000	0.000000e+00
1.158391e+01	5.172819e+00	3.553698e-04	211881667.000000	0.000000e+00
1.158591e+01	5.172154e+00	3.552528e-04	211966833.000000	0.000000e+00
1.158790e+01	5.170329e+00	3.550398e-04	212071477.000000	0.000000e+00
1.158990e+01	5.169560e+00	3.549215e-04	212149767.000000	0.000000e+00
1.159189e+01	5.169118e+00	3.548818e-04	212160925.000000	0.000000e+00
1.159389e+01	5.167601e+00	3.546721e-04	212287225.000000	0.000000e+00
1.159588e+01	5.166777e+00	3.545670e-04	212345397.000000	0.000000e+00
1.159788e+01	5.165772e+00	3.544251e-04	212432803.000000	0.000000e+00
1.159987e+01	5.165113e+00	3.543647e-04	212451033.000000	0.000000e+00
1.160187e+01	5.163702e+00	3.541472e-04	212595769.000000	0.000000e+00
1.160386e+01	5.162673e+00	3.540560e-04	212620539.000000	0.000000e+00
1.160586e+01	5.162179e+00	3.538980e-04	212769781.000000	0.000000e+00
1.160785e+01	5.161333e+00	3.538726e-04	212730565.000000	0.000000e+00
1.160985e+01	5.160213e+00	3.536746e-04	212876349.000000	0.000000e+00
1.161184e+01	5.159291e+00	3.535454e-04	212955895.000000	0.000000e+00
1.161383e+01	5.158387e+00	3.534823e-04	212957193.000000	0.000000e+00
1.161583e+01	5.157368e+00	3.533355e-04	213050137.000000	0.000000e+00
1.161782e+01	5.156272e+00	3.531337e-04	213202939.000000	0.000000e+00
1.161982e+01	5.154068e+00	3.529638e-04	213225933.000000	0.000000e+00
1.162181e+01	5.154454e+00	3.529049e-04	213328993.000000	0.000000e+00
1.162381e+01	5.153165e+00	3.528035e-04	213344919.000000	0.000000e+00
1.162580e+01	5.152133e+00	3.526611e-04	213431797.000000	0.000000e+00
1.162780e+01	5.150898e+00	3.524992e-04	213525513.000000	0.000000e+00
1.162979e+01	5.150187e+00	3.523867e-04	213602905.000000	0.000000e+00
1.163179e+01	5.149343e+00	3.522909e-04	213649027.000000	0.000000e+00
1.163378e+01	5.148632e+00	3.522033e-04	213696213.000000	0.000000e+00
1.163578e+01	5.148150e+00	3.520334e-04	213862453.000000	0.000000e+00
1.163777e+01	5.147055e+00	3.519271e-04	213900627.000000	0.000000e+00
1.163976e+01	5.145545e+00	3.517990e-04	213930901.000000	0.000000e+00
1.164176e+01	5.144645e+00	3.516502e-04	214037109.000000	0.000000e+00
1.164375e+01	5.143532e+00	3.515635e-04	214050049.000000	0.000000e+00
1.164575e+01	5.142505e+00	3.513130e-04	214269811.000000	0.000000e+00
1.164774e+01	5.141329e+00	3.513088e-04	214176969.000000	0.000000e+00
1.164974e+01	5.141255e+00	3.511558e-04	214357501.000000	0.000000e+00
1.165173e+01	5.140189e+00	3.510510e-04	214396539.000000	0.000000e+00
1.165373e+01	5.140016e+00	3.509872e-04	214460053.000000	0.000000e+00
1.165572e+01	5.138163e+00	3.507901e-04	214546345.000000	0.000000e+00
1.165772e+01	5.137077e+00	3.507075e-04	214556709.000000	0.000000e+00
1.165971e+01	5.136431e+00	3.504854e-04	214774639.000000	0.000000e+00
1.166171e+01	5.135448e+00	3.504408e-04	214747137.000000	0.000000e+00
1.166370e+01	5.134564e+00	3.503328e-04	214805617.000000	0.000000e+00
1.166570e+01	5.134173e+00	3.502114e-04	214921827.000000	0.000000e+00
1.166769e+01	5.132305e+00	3.500236e-04	214996009.000000	0.000000e+00
1.166968e+01	5.131929e+00	3.499523e-04	215052049.000000	0.000000e+00
1.167168e+01	5.130013e+00	3.497449e-04	215146383.000000	0.000000e+00
1.167367e+01	5.129823e+00	3.496756e-04	215215741.000000	0.000000e+00
1.167567e+01	5.129020e+00	3.495451e-04	215309085.000000	0.000000e+00
1.167766e+01	5.128212e+00	3.495256e-04	215265193.000000	0.000000e+00
1.167966e+01	5.126919e+00	3.492913e-04	215445447.000000	0.000000e+00
1.168165e+01	5.126246e+00	3.491704e-04	215538049.000000	0.000000e+00
1.168365e+01	5.125018e+00	3.490491e-04	215584693.000000	0.000000e+00
1.168564e+01	5.124270e+00	3.489735e-04	215615007.000000	0.000000e+00
1.168764e+01	5.124248e+00	3.488867e-04	215720557.000000	0.000000e+00
1.168963e+01	5.122267e+00	3.486911e-04	215795697.000000	0.000000e+00
1.169163e+01	5.121685e+00	3.485754e-04	215889949.000000	0.000000e+00
1.169362e+01	5.121009e+00	3.485290e-04	215890311.000000	0.000000e+00
1.169561e+01	5.120541e+00	3.483802e-04	216035365.000000	0.000000e+00
1.169761e+01	5.119399e+00	3.482346e-04	216119533.000000	0.000000e+00
1.169960e+01	5.118241e+00	3.481276e-04	216154635.000000	0.000000e+00
1.170160e+01	5.117314e+00	3.480435e-04	216180817.000000	0.000000e+00
1.170359e+01	5.116578e+00	3.478454e-04	216364881.000000	0.000000e+00
1.170559e+01	5.115098e+00	3.477611e-04	216344539.000000	0.000000e+00
1.170758e+01	5.114574e+00	3.476212e-04	216474337.000000	0.000000e+00
1.170958e+01	5.114359e+00	3.475555e-04	216537945.000000	0.000000e+00
1.171157e+01	5.113410e+00	3.474357e-04	216606973.000000	0.000000e+00
1.171357e+01	5.112241e+00	3.473023e-04	216674295.000000	0.000000e+00
1.171556e+01	5.111224e+00	3.471771e-04	216744325.000000	0.000000e+00
1.171756e+01	5.110440e+00	3.470465e-04	216840993.000000	0.000000e+00
1.171955e+01	5.109448e+00	3.468988e-04	216941359.000000	0.000000e+00
1.172155e+01	5.108489e+00	3.468340e-04	216940993.000000	0.000000e+00
1.172354e+01	5.107493e+00	3.467050e-04	217017789.000000	0.000000e+00
1.172553e+01	5.107679e+00	3.466149e-04	217146421.000000	0.000000e+00
1.172753e+01	5.105311e+00	3.464188e-04	217190823.000000	0.000000e+00
1.172952e+01	5.104829e+00	3.463117e-04	217284109.000000	0.000000e+00
1.173152e+01	5.103977e+00	3.462164e-04	217331253.000000	0.000000e+00
1.173351e+01	5.103071e+00	3.460688e-04	217439371.000000	0.000000e+00
1.173551e+01	5.102497e+00	3.460173e-04	217455193.000000	0.000000e+00
1.173750e+01	5.101565e+00	3.458373e-04	217602153.000000	0.000000e+00
1.173950e+01	5.101078e+00	3.458230e-04	217578589.000000	0.000000e+00
1.174149e+01	5.099561e+00	3.455589e-04	217781655.000000	0.000000e+00
1.174349e+01	5.099126e+00	3.455764e-04	217722529.000000	0.000000e+00
1.174548e+01	5.097862e+00	3.453580e-04	217889949.000000	0.000000e+00
1.174748e+01	5.097610e+00	3.452835e-04	217962403.000000	0.000000e+00
1.174947e+01	5.096693e+00	3.452089e-04	217978177.000000	0.000000e+00
1.175147e+01	5.095927e+00	3.450469e-04	218117253.000000	0.000000e+00
1.175346e+01	5.095128e+00	3.449920e-04	218118367.000000	0.000000e+00
1.175545e+01	5.094469e+00	3.448568e-04	218232933.000000	0.000000e+00
1.175745e+01	5.093125e+00	3.447050e-04	218309965.000000	0.000000e+00
1.175944e+01	5.092980e+00	3.446229e-04	218401513.000000	0.000000e+00
1.176144e+01	5.092664e+00	3.445971e-04	218407131.000000	0.000000e+00
1.176343e+01	5.090706e+00	3.443346e-04	218572081.000000	0.000000e+00
1.176543e+01	5.090018e+00	3.442757e-04	218587833.000000	0.000000e+00
1.176742e+01	5.089341e+00	3.441728e-04	218660323.000000	0.000000e+00
1.176942e+01	5.088816e+00	3.440402e-04	218783781.000000	0.000000e+00
1.177141e+01	5.087965e+00	3.439686e-04	218801665.000000	0.000000e+00
1.177341e+01	5.086757e+00	3.438102e-04	218899369.000000	0.000000e+00
1.177540e+01	5.086357e+00	3.437474e-04	218944863.000000	0.000000e+00
1.177740e+01	5.085339e+00	3.435771e-04	219074269.000000	0.000000e+00
1.177939e+01	5.084011e+00	3.434329e-04	219143769.000000	0.000000e+00
1.178138e+01	5.083381e+00	3.433798e-04	219157279.000000	0.000000e+00
1.178338e+01	5.082953e+00	3.432193e-04	219325317.000000	0.000000e+00
1.178537e+01	5.081597e+00	3.431374e-04	219312997.000000	0.000000e+00
1.178737e+01	5.081652e+00	3.430828e-04	219387535.000000	0.000000e+00
1.178936e+01	5.080411e+00	3.428926e-04	219523701.000000	0.000000e+00
1.179136e+01	5.079494e+00	3.428072e-04	219553765.000000	0.000000e+00
1.179335e+01	5.079041e+00	3.427225e-04	219623229.000000	0.000000e+00
1.179535e+01	5.077280e+00	3.425275e-04	219720859.000000	0.000000e+00
1.179734e+01	5.076943e+00	3.424352e-04	219810145.000000	0.000000e+00
1.179934e+01	5.076039e+00	3.423466e-04	219845697.000000	0.000000e+00
1.180133e+01	5.075334e+00	3.422148e-04	219953947.000000	0.000000e+00
1.180333e+01	5.075000e+00	3.421496e-04	220008777.000000	0.000000e+00
1.180532e+01	5.073636e+00	3.420236e-04	220052677.000000	0.000000e+00
1.180732e+01	5.073764e+00	3.419113e-04	220208301.000000	0.000000e+00
1.180931e+01	5.071884e+00	3.417435e-04	220261219.000000	0.000000e+00
1.181130e+01	5.071507e+00	3.417269e-04	220249825.000000	0.000000e+00
1.181330e+01	5.070838e+00	3.415539e-04	220414929.000000	0.000000e+00
1.181529e+01	5.070207e+00	3.414462e-04	220499059.000000	0.000000e+00
1.181729e+01	5.069285e+00	3.413747e-04	220511181.000000	0.000000e+00
1.181928e+01	5.068876e+00	3.413089e-04	220560613.000000	0.000000e+00
1.182128e+01	5.067697e+00	3.411546e-04	220657623.000000	0.000000e+00
1.182327e+01	5.066561e+00	3.409491e-04	220824613.000000	0.000000e+00
1.182527e+01	5.066628e+00	3.409572e-04	220819957.000000	0.000000e+00
1.182726e+01	5.064970e+00	3.408131e-04	220862061.000000	0.000000e+00
1.182926e+01	5.064977e+00	3.407092e-04	220997431.000000	0.000000e+00
1.183125e+01	5.064088e+00	3.405975e-04	221064765.000000	0.000000e+00
1.183325e+01	5.063600e+00	3.405065e-04	221140321.000000	0.000000e+00
1.183524e+01	5.061737e+00	3.403507e-04	221179923.000000	0.000000e+00
1.183723e+01	5.061369e+00	3.402278e-04	221307637.000000	0.000000e+00
1.183923e+01	5.061443e+00	3.402042e-04	221344825.000000	0.000000e+00
1.184122e+01	5.059998e+00	3.400281e-04	221447673.000000	0.000000e+00
1.184322e+01	5.059048e+00	3.399533e-04	221461915.000000	0.000000e+00
1.184521e+01	5.058687e+00	3.398389e-04	221579373.000000	0.000000e+00
1.184721e+01	5.057923e+00	3.397275e-04	221657809.000000	0.000000e+00
1.184920e+01	5.056588e+00	3.396065e-04	221698711.000000	0.000000e+00
1.185120e+01	5.056512e+00	3.394939e-04	221839053.000000	0.000000e+00
1.185319e+01	5.055512e+00	3.393807e-04	221899357.000000	0.000000e+00
1.185519e+01	5.055248e+00	3.393522e-04	221913345.000000	0.000000e+00
1.185718e+01	5.053690e+00	3.391441e-04	222049003.000000	0.000000e+00
1.185918e+01	5.053343e+00	3.390868e-04	222093405.000000	0.000000e+00
1.186117e+01	5.052657e+00	3.389870e-04	222163957.000000	0.000000e+00
1.186317e+01	5.052299e+00	3.389237e-04	222215443.000000	0.000000e+00
1.186516e+01	5.051773e+00	3.387956e-04	222337245.000000	0.000000e+00
1.186715e+01	5.050539e+00	3.386320e-04	222443365.000000	0.000000e+00
1.186915e+01	5.050358e+00	3.385993e-04	222470439.000000	0.000000e+00
1.187114e+01	5.049202e+00	3.384642e-04	222546145.000000	0.000000e+00
1.187314e+01	5.049050e+00	3.384279e-04	222580509.000000	0.000000e+00
1.187513e+01	5.048157e+00	3.382656e-04	222715321.000000	0.000000e+00
1.187713e+01	5.046856e+00	3.381270e-04	222783055.000000	0.000000e+00
1.187912e+01	5.045756e+00	3.380174e-04	222830397.000000	0.000000e+00
1.188112e+01	5.045917e+00	3.379496e-04	222933985.000000	0.000000e+00
1.188311e+01	5.044798e+00	3.378248e-04	222999807.000000	0.000000e+00
1.188511e+01	5.044584e+00	3.377726e-04	223049881.000000	0.000000e+00
1.188710e+01	5.043292e+00	3.376334e-04	223119465.000000	0.000000e+00
1.188910e+01	5.042563e+00	3.374981e-04	223233793.000000	0.000000e+00
1.189109e+01	5.042156e+00	3.374015e-04	223325587.000000	0.000000e+00
1.189308e+01	5.041201e+00	3.373178e-04	223351929.000000	0.000000e+00
1.189508e+01	5.040525e+00	3.372020e-04	223445389.000000	0.000000e+00
1.189707e+01	5.040240e+00	3.371312e-04	223513923.000000	0.000000e+00
1.189907e+01	5.039361e+00	3.369881e-04	223625749.000000	0.000000e+00
1.190106e+01	5.038568e+00	3.369166e-04	223650313.000000	0.000000e+00
1.190306e+01	5.038004e+00	3.367798e-04	223781895.000000	0.000000e+00
1.190505e+01	5.037110e+00	3.367159e-04	223787437.000000	0.000000e+00
1.190705e+01	5.036669e+00	3.365765e-04	223933545.000000	0.000000e+00
1.190904e+01	5.035210e+00	3.364650e-04	223952161.000000	0.000000e+00
1.191104e+01	5.034842e+00	3.363618e-04	224056971.000000	0.000000e+00
1.191303e+01	5.034489e+00	3.363011e-04	224106397.000000	0.000000e+00
1.191503e+01	5.033716e+00	3.361643e-04	224219953.000000	0.000000e+00
1.191702e+01	5.034136e+00	3.361387e-04	224291511.000000	0.000000e+00
1.191902e+01	5.032544e+00	3.360445e-04	224275297.000000	0.000000e+00
1.192101e+01	5.031492e+00	3.358549e-04	224434893.000000	0.000000e+00
1.192300e+01	5.031103e+00	3.357839e-04	224495017.000000	0.000000e+00
1.192500e+01	5.030462e+00	3.356830e-04	224572767.000000	0.000000e+00
1.192699e+01	5.030301e+00	3.356291e-04	224630521.000000	0.000000e+00
1.192899e+01	5.028940e+00	3.354472e-04	224752597.000000	0.000000e+00
1.193098e+01	5.028726e+00	3.354312e-04	224754771.000000	0.000000e+00
1.193298e+01	5.028083e+00	3.353124e-04	224856649.000000	0.000000e+00
1.193497e+01	5.027059e+00	3.351380e-04	224999049.000000	0.000000e+00
1.193697e+01	5.026241e+00	3.350844e-04	224997745.000000	0.000000e+00
1.193896e+01	5.025528e+00	3.349326e-04	225137871.000000	0.000000e+00
1.194096e+01	5.025883e+00	3.349484e-04	225148429.000000	0.000000e+00
1.194295e+01	5.024297e+00	3.347756e-04	225238609.000000	0.000000e+00
1.194495e+01	5.023497e+00	3.346414e-04	225347583.000000	0.000000e+00
1.194694e+01	5.024053e+00	3.346272e-04	225416605.000000	0.000000e+00
1.194894e+01	5.022777e+00	3.345223e-04	225443529.000000	0.000000e+00
1.195093e+01	5.021114e+00	3.343146e-04	225574183.000000	0.000000e+00
1.195292e+01	5.021677e+00	3.343464e-04	225581905.000000	0.000000e+00
1.195492e+01	5.021004e+00	3.341985e-04	225721161.000000	0.000000e+00
1.195691e+01	5.020637e+00	3.341258e-04	225786241.000000	0.000000e+00
1.195891e+01	5.019403e+00	3.339977e-04	225848427.000000	0.000000e+00
1.196090e+01	5.018805e+00	3.338865e-04	225945097.000000	0.000000e+00
1.196290e+01	5.018042e+00	3.337891e-04	226008261.000000	0.000000e+00
1.196489e+01	5.017696e+00	3.337746e-04	225996799.000000	0.000000e+00
1.196689e+01	5.017482e+00	3.336105e-04	226199881.000000	0.000000e+00
1.196888e+01	5.016971e+00	3.335787e-04	226196901.000000	0.000000e+00
1.197088e+01	5.015659e+00	3.334057e-04	226313305.000000	0.000000e+00
1.197287e+01	5.015500e+00	3.333341e-04	226396107.000000	0.000000e+00
1.197487e+01	5.014259e+00	3.332074e-04	226456153.000000	0.000000e+00
1.197686e+01	5.014028e+00	3.331441e-04	226521477.000000	0.000000e+00
1.197885e+01	5.013398e+00	3.330393e-04	226606999.000000	0.000000e+00
1.198085e+01	5.012632e+00	3.329817e-04	226616137.000000	0.000000e+00
1.198284e+01	5.011865e+00	3.327647e-04	226842405.000000	0.000000e+00
1.198484e+01	5.011388e+00	3.327413e-04	226831147.000000	0.000000e+00
1.198683e+01	5.011054e+00	3.326664e-04	226903041.000000	0.000000e+00
1.198883e+01	5.010929e+00	3.326285e-04	226943365.000000	0.000000e+00
1.199082e+01	5.009458e+00	3.324121e-04	227105581.000000	0.000000e+00
1.199282e+01	5.009462e+00	3.324115e-04	227106687.000000	0.000000e+00
1.199481e+01	5.008996e+00	3.322873e-04	227234329.000000	0.000000e+00
1.199681e+01	5.007605e+00	3.321600e-04	227282241.000000	0.000000e+00
1.199880e+01	5.007411e+00	3.321109e-04	227331859.000000	0.000000e+00
1.200080e+01	5.006356e+00	3.319522e-04	227453385.000000	0.000000e+00
1.200279e+01	5.006123e+00	3.318895e-04	227518093.000000	0.000000e+00
1.200479e+01	5.005921e+00	3.318284e-04	227583517.000000	0.000000e+00
1.200678e+01	5.005440e+00	3.317280e-04	227677623.000000	0.000000e+00
1.200877e+01	5.004618e+00	3.316431e-04	227719357.000000	0.000000e+00
1.201077e+01	5.003529e+00	3.315205e-04	227788617.000000	0.000000e+00
1.201276e+01	5.003339e+00	3.314235e-04	227904631.000000	0.000000e+00
1.201476e+01	5.002715e+00	3.313734e-04	227916669.000000	0.000000e+00
1.201675e+01	5.002121e+00	3.312122e-04	228084469.000000	0.000000e+00
1.201875e+01	5.001943e+00	3.311970e-04	228089119.000000	0.000000e+00
1.202074e+01	5.001406e+00	3.310626e-04	228225501.000000	0.000000e+00
1.202274e+01	4.999855e+00	3.309145e-04	228288121.000000	0.000000e+00
1.202473e+01	4.999908e+00	3.309098e-04	228299349.000000	0.000000e+00
1.202673e+01	4.999124e+00	3.307504e-04	228447883.000000	0.000000e+00
1.202872e+01	4.998849e+00	3.307057e-04	228484509.000000	0.000000e+00
1.203072e+01	4.998492e+00	3.306042e-04	228592105.000000	0.000000e+00
1.203271e+01	4.998026e+00	3.305328e-04	228648211.000000	0.000000e+00
1.203471e+01	4.997279e+00	3.304402e-04	228708069.000000	0.000000e+00
1.203670e+01	4.996907e+00	3.303368e-04	228817249.000000	0.000000e+00
1.203869e+01	4.996123e+00	3.302742e-04	228832101.000000	0.000000e+00
1.204069e+01	4.996229e+00	3.301656e-04	228992359.000000	0.000000e+00
1.204268e+01	4.994952e+00	3.300727e-04	229004161.000000	0.000000e+00
1.204468e+01	4.994109e+00	3.299423e-04	229107825.000000	0.000000e+00
1.204667e+01	4.993826e+00	3.298788e-04	229170091.000000	0.000000e+00
1.204867e+01	4.993240e+00	3.297803e-04	229253253.000000	0.000000e+00
1.205066e+01	4.992504e+00	3.296410e-04	229379401.000000	0.000000e+00
1.205266e+01	4.992528e+00	3.296558e-04	229361025.000000	0.000000e+00
1.205465e+01	4.991586e+00	3.295106e-04	229476571.000000	0.000000e+00
1.205665e+01	4.991351e+00	3.294827e-04	229493797.000000	0.000000e+00
1.205864e+01	4.990656e+00	3.292925e-04	229694973.000000	0.000000e+00
1.206064e+01	4.990260e+00	3.292349e-04	229738903.000000	0.000000e+00
1.206263e+01	4.990085e+00	3.292004e-04	229770933.000000	0.000000e+00
1.206462e+01	4.989648e+00	3.291149e-04	229850185.000000	0.000000e+00
1.206662e+01	4.989162e+00	3.290386e-04	229911951.000000	0.000000e+00
1.206861e+01	4.988640e+00	3.289283e-04	230018029.000000	0.000000e+00
1.207061e+01	4.987732e+00	3.288145e-04	230093461.000000	0.000000e+00
1.207260e+01	4.987673e+00	3.287775e-04	230139897.000000	0.000000e+00
1.207460e+01	4.986666e+00	3.286116e-04	230279179.000000	0.000000e+00
1.207659e+01	4.985417e+00	3.285263e-04	230283489.000000	0.000000e+00
1.207859e+01	4.985901e+00	3.284560e-04	230426689.000000	0.000000e+00
1.208058e+01	4.985232e+00	3.283639e-04	230494239.000000	0.000000e+00
1.208258e+01	4.984881e+00	3.283255e-04	230515705.000000	0.000000e+00
1.208457e+01	4.984616e+00	3.282234e-04	230634565.000000	0.000000e+00
1.208657e+01	4.984234e+00	3.281391e-04	230717733.000000	0.000000e+00
1.208856e+01	4.983449e+00	3.280623e-04	230752987.000000	0.000000e+00
1.209056e+01	4.983003e+00	3.279568e-04	230860125.000000	0.000000e+00
1.209255e+01	4.982053e+00	3.278584e-04	230910781.000000	0.000000e+00
1.209454e+01	4.981924e+00	3.277906e-04	230994247.000000	0.000000e+00
1.209654e+01	4.981571e+00	3.276964e-04	231094245.000000	0.000000e+00
1.209853e+01	4.980351e+00	3.275672e-04	231163369.000000	0.000000e+00
1.210053e+01	4.980642e+00	3.275628e-04	231196527.000000	0.000000e+00
1.210252e+01	4.979746e+00	3.274367e-04	231291397.000000	0.000000e+00
1.210452e+01	4.979925e+00	3.273473e-04	231434433.000000	0.000000e+00
1.210651e+01	4.978469e+00	3.272480e-04	231439513.000000	0.000000e+00
1.210851e+01	4.977784e+00	3.271274e-04	231546511.000000	0.000000e+00
1.211050e+01	4.978190e+00	3.271175e-04	231598389.000000	0.000000e+00
1.211250e+01	4.977753e+00	3.270062e-04	231715357.000000	0.000000e+00
1.211449e+01	4.976719e+00	3.269188e-04	231742839.000000	0.000000e+00
1.211649e+01	4.976617e+00	3.268415e-04	231843001.000000	0.000000e+00
1.211848e+01	4.976241e+00	3.267629e-04	231919437.000000	0.000000e+00
1.212047e+01	4.975438e+00	3.266611e-04	231989149.000000	0.000000e+00
1.212247e+01	4.975044e+00	3.265663e-04	232087099.000000	0.000000e+00
1.212446e+01	4.975135e+00	3.265354e-04	232139493.000000	0.000000e+00
1.212646e+01	4.974452e+00	3.264297e-04	232226245.000000	0.000000e+00
1.212845e+01	4.973549e+00	3.263056e-04	232318443.000000	0.000000e+00
1.213045e+01	4.973096e+00	3.262267e-04	232388545.000000	0.000000e+00
1.213244e+01	4.972945e+00	3.261984e-04	232414785.000000	0.000000e+00
1.213444e+01	4.972269e+00	3.260981e-04	232494565.000000	0.000000e+00
1.213643e+01	4.972265e+00	3.259672e-04	232680871.000000	0.000000e+00
1.213843e+01	4.972029e+00	3.259823e-04	232637265.000000	0.000000e+00
1.214042e+01	4.971496e+00	3.258354e-04	232797157.000000	0.000000e+00
1.214242e+01	4.970771e+00	3.257780e-04	232811235.000000	0.000000e+00
1.214441e+01	4.970796e+00	3.257166e-04	232901425.000000	0.000000e+00
1.214641e+01	4.969932e+00	3.255864e-04	233006725.000000	0.000000e+00
1.214840e+01	4.970614e+00	3.256098e-04	233037195.000000	0.000000e+00
1.215039e+01	4.969467e+00	3.254713e-04	233127901.000000	0.000000e+00
1.215239e+01	4.968821e+00	3.253299e-04	233269929.000000	0.000000e+00
1.215438e+01	4.967906e+00	3.252743e-04	233263777.000000	0.000000e+00
1.215638e+01	4.967686e+00	3.251880e-04	233366883.000000	0.000000e+00
1.215837e+01	4.967859e+00	3.251759e-04	233400505.000000	0.000000e+00
1.216037e+01	4.966885e+00	3.249756e-04	233596729.000000	0.000000e+00
1.216236e+01	4.966166e+00	3.249263e-04	233599947.000000	0.000000e+00
1.216436e+01	4.966272e+00	3.248646e-04	233698693.000000	0.000000e+00
1.216635e+01	4.966304e+00	3.248348e-04	233744517.000000	0.000000e+00
1.216835e+01	4.965442e+00	3.247326e-04	233810509.000000	0.000000e+00
1.217034e+01	4.965639e+00	3.247031e-04	233871567.000000	0.000000e+00
1.217234e+01	4.964378e+00	3.245020e-04	234042661.000000	0.000000e+00
1.217433e+01	4.964021e+00	3.244896e-04	234026893.000000	0.000000e+00
1.217632e+01	4.963856e+00	3.244154e-04	234118383.000000	0.000000e+00
1.217832e+01	4.963157e+00	3.242959e-04	234224953.000000	0.000000e+00
1.218031e+01	4.962233e+00	3.241724e-04	234316077.000000	0.000000e+00
1.218231e+01	4.963225e+00	3.242355e-04	234318511.000000	0.000000e+00
1.218430e+01	4.962051e+00	3.240532e-04	234471397.000000	0.000000e+00
1.218630e+01	4.961362e+00	3.239560e-04	234546981.000000	0.000000e+00
1.218829e+01	4.961073e+00	3.238729e-04	234639877.000000	0.000000e+00
1.219029e+01	4.961534e+00	3.239351e-04	234593547.000000	0.000000e+00
1.219228e+01	4.961041e+00	3.238006e-04	234741685.000000	0.000000e+00
1.219428e+01	4.960360e+00	3.236812e-04	234850449.000000	0.000000e+00
1.219627e+01	4.959368e+00	3.235637e-04	234927067.000000	0.000000e+00
1.219827e+01	4.960247e+00	3.235954e-04	234964297.000000	0.000000e+00
1.220026e+01	4.959248e+00	3.234759e-04	235043205.000000	0.000000e+00
1.220226e+01	4.958621e+00	3.233786e-04	235125157.000000	0.000000e+00
1.220425e+01	4.958844e+00	3.233014e-04	235258719.000000	0.000000e+00
1.220624e+01	4.958276e+00	3.232413e-04	235292341.000000	0.000000e+00
1.220824e+01	4.957732e+00	3.231752e-04	235336965.000000	0.000000e+00
1.221023e+01	4.957030e+00	3.230586e-04	235440139.000000	0.000000e+00
1.221223e+01	4.956865e+00	3.230199e-04	235480933.000000	0.000000e+00
1.221422e+01	4.956440e+00	3.228830e-04	235640145.000000	0.000000e+00
1.221622e+01	4.956109e+00	3.228721e-04	235624627.000000	0.000000e+00
1.221821e+01	4.955468e+00	3.226867e-04	235834449.000000	0.000000e+00
1.222021e+01	4.956163e+00	3.227495e-04	235808713.000000	0.000000e+00
1.222220e+01	4.955135e+00	3.225929e-04	235939893.000000	0.000000e+00
1.222420e+01	4.955230e+00	3.225761e-04	235973467.000000	0.000000e+00
1.222619e+01	4.955005e+00	3.225274e-04	236023321.000000	0.000000e+00
1.222819e+01	4.953919e+00	3.223903e-04	236120649.000000	0.000000e+00
1.223018e+01	4.954055e+00	3.223352e-04	236214235.000000	0.000000e+00
1.223217e+01	4.954350e+00	3.222922e-04	236305497.000000	0.000000e+00
1.223417e+01	4.953979e+00	3.222587e-04	236319277.000000	0.000000e+00
1.223616e+01	4.953619e+00	3.221041e-04	236511733.000000	0.000000e+00
1.223816e+01	4.952559e+00	3.220308e-04	236518119.000000	0.000000e+00
1.224015e+01	4.953001e+00	3.220386e-04	236548933.000000	0.000000e+00
1.224215e+01	4.951904e+00	3.218519e-04	236718621.000000	0.000000e+00
1.224414e+01	4.951838e+00	3.218269e-04	236749111.000000	0.000000e+00
1.224614e+01	4.951114e+00	3.217286e-04	236824449.000000	0.000000e+00
1.224813e+01	4.951306e+00	3.217013e-04	236882989.000000	0.000000e+00
1.225013e+01	4.951429e+00	3.216187e-04	237016441.000000	0.000000e+00
1.225212e+01	4.950616e+00	3.215353e-04	237061659.000000	0.000000e+00
1.225412e+01	4.949838e+00	3.214400e-04	237127621.000000	0.000000e+00
1.225611e+01	4.949652e+00	3.213879e-04	237186693.000000	0.000000e+00
1.225811e+01	4.949579e+00	3.212927e-04	237320275.000000	0.000000e+00
1.226010e+01	4.950154e+00	3.213028e-04	237360549.000000	0.000000e+00
1.226209e+01	4.948835e+00	3.211112e-04	237517273.000000	0.000000e+00
1.226409e+01	4.949591e+00	3.211885e-04	237475471.000000	0.000000e+00
1.226608e+01	4.947967e+00	3.209886e-04	237615393.000000	0.000000e+00
1.226808e+01	4.948333e+00	3.209909e-04	237647077.000000	0.000000e+00
1.227007e+01	4.947658e+00	3.208509e-04	237789477.000000	0.000000e+00
1.227207e+01	4.947965e+00	3.208339e-04	237844279.000000	0.000000e+00
1.227406e+01	4.947431e+00	3.208015e-04	237841041.000000	0.000000e+00
1.227606e+01	4.947052e+00	3.206208e-04	238072729.000000	0.000000e+00
1.227805e+01	4.947540e+00	3.207004e-04	238001491.000000	0.000000e+00
1.228005e+01	4.946796e+00	3.205565e-04	238143585.000000	0.000000e+00
1.228204e+01	4.946767e+00	3.204999e-04	238224877.000000	0.000000e+00
1.228404e+01	4.945897e+00	3.203796e-04	238320045.000000	0.000000e+00
1.228603e+01	4.945625e+00	3.203417e-04	238350163.000000	0.000000e+00
1.228803e+01	4.945918e+00	3.202791e-04	238471621.000000	0.000000e+00
1.229002e+01	4.945514e+00	3.202121e-04	238532469.000000	0.000000e+00
1.229201e+01	4.945307e+00	3.201700e-04	238575163.000000	0.000000e+00
1.229401e+01	4.944948e+00	3.200597e-04	238705005.000000	0.000000e+00
1.229600e+01	4.944932e+00	3.200202e-04	238762381.000000	0.000000e+00
1.229800e+01	4.944406e+00	3.199264e-04	238851567.000000	0.000000e+00
1.229999e+01	4.944165e+00	3.198709e-04	238911109.000000	0.000000e+00
1.230199e+01	4.943836e+00	3.197871e-04	239004553.000000	0.000000e+00
1.230398e+01	4.943183e+00	3.197390e-04	239013393.000000	0.000000e+00
1.230598e+01	4.943335e+00	3.195989e-04	239237731.000000	0.000000e+00
1.230797e+01	4.943263e+00	3.196104e-04	239213493.000000	0.000000e+00
1.230997e+01	4.942288e+00	3.194957e-04	239290885.000000	0.000000e+00
1.231196e+01	4.942645e+00	3.194356e-04	239415459.000000	0.000000e+00
1.231396e+01	4.942089e+00	3.193873e-04	239433913.000000	0.000000e+00
1.231595e+01	4.942068e+00	3.193309e-04	239516545.000000	0.000000e+00
1.231794e+01	4.942119e+00	3.192742e-04	239606625.000000	0.000000e+00
1.231994e+01	4.941580e+00	3.191522e-04	239737615.000000	0.000000e+00
1.232193e+01	4.941380e+00	3.191217e-04	239763909.000000	0.000000e+00
1.232393e+01	4.941523e+00	3.190533e-04	239880601.000000	0.000000e+00
1.232592e+01	4.940962e+00	3.190796e-04	239786571.000000	0.000000e+00
1.232792e+01	4.940538e+00	3.188432e-04	240101089.000000	0.000000e+00
1.232991e+01	4.940862e+00	3.188802e-04	240076897.000000	0.000000e+00
1.233191e+01	4.940470e+00	3.188199e-04	240129585.000000	0.000000e+00
1.233390e+01	4.940273e+00	3.187368e-04	240235591.000000	0.000000e+00
1.233590e+01	4.940227e+00	3.187060e-04	240277569.000000	0.000000e+00
1.233789e+01	4.939380e+00	3.185319e-04	240457885.000000	0.000000e+00
1.233989e+01	4.940024e+00	3.185689e-04	240464719.000000	0.000000e+00
1.234188e+01	4.939584e+00	3.184977e-04	240529317.000000	0.000000e+00
1.234388e+01	4.939299e+00	3.184073e-04	240638317.000000	0.000000e+00
1.234587e+01	4.938789e+00	3.183504e-04	240674487.000000	0.000000e+00
1.234786e+01	4.938982e+00	3.182731e-04	240810277.000000	0.000000e+00
1.234986e+01	4.938614e+00	3.182291e-04	240840969.000000	0.000000e+00
1.235185e+01	4.938468e+00	3.181545e-04	240939709.000000	0.000000e+00
1.235385e+01	4.938710e+00	3.181044e-04	241039243.000000	0.000000e+00
1.235584e+01	4.937624e+00	3.180273e-04	241050021.000000	0.000000e+00
1.235784e+01	4.937874e+00	3.179499e-04	241191889.000000	0.000000e+00
1.235983e+01	4.936894e+00	3.178317e-04	241275471.000000	0.000000e+00
1.236183e+01	4.938147e+00	3.179080e-04	241282177.000000	0.000000e+00
1.236382e+01	4.937610e+00	3.177550e-04	241461969.000000	0.000000e+00
1.236582e+01	4.937444e+00	3.177548e-04	241446061.000000	0.000000e+00
1.236781e+01	4.937540e+00	3.176870e-04	241558507.000000	0.000000e+00
1.236981e+01	4.936948e+00	3.176069e-04	241622397.000000	0.000000e+00
1.237180e+01	4.936557e+00	3.175220e-04	241713409.000000	0.000000e+00
1.237379e+01	4.936767e+00	3.174649e-04	241820967.000000	0.000000e+00
1.237579e+01	4.936647e+00	3.174411e-04	241845349.000000	0.000000e+00
1.237778e+01	4.936401e+00	3.173521e-04	241956961.000000	0.000000e+00
1.237978e+01	4.936064e+00	3.172713e-04	242047083.000000	0.000000e+00
1.238177e+01	4.935467e+00	3.171975e-04	242101153.000000	0.000000e+00
1.238377e+01	4.936232e+00	3.172026e-04	242168385.000000	0.000000e+00
1.238576e+01	4.935550e+00	3.170784e-04	242291257.000000	0.000000e+00
1.238776e+01	4.935370e+00	3.170353e-04	242339499.000000	0.000000e+00
1.238975e+01	4.935255e+00	3.170082e-04	242369617.000000	0.000000e+00
1.239175e+01	4.935682e+00	3.169383e-04	242518489.000000	0.000000e+00
1.239374e+01	4.935136e+00	3.168551e-04	242592159.000000	0.000000e+00
1.239574e+01	4.935683e+00	3.168591e-04	242639905.000000	0.000000e+00
1.239773e+01	4.935080e+00	3.167870e-04	242690985.000000	0.000000e+00
1.239973e+01	4.935077e+00	3.166838e-04	242848885.000000	0.000000e+00
1.240172e+01	4.933517e+00	3.165743e-04	242863383.000000	0.000000e+00
1.240371e+01	4.934544e+00	3.165730e-04	242966473.000000	0.000000e+00
1.240571e+01	4.934139e+00	3.164868e-04	243059029.000000	0.000000e+00
1.240770e+01	4.933885e+00	3.164299e-04	243121287.000000	0.000000e+00
1.240970e+01	4.934089e+00	3.163957e-04	243193981.000000	0.000000e+00
1.241169e+01	4.934643e+00	3.163846e-04	243265617.000000	0.000000e+00
1.241369e+01	4.933842e+00	3.163085e-04	243303733.000000	0.000000e+00
1.241568e+01	4.933506e+00	3.161610e-04	243497571.000000	0.000000e+00
1.241768e+01	4.933227e+00	3.161319e-04	243514873.000000	0.000000e+00
1.241967e+01	4.933584e+00	3.161060e-04	243590113.000000	0.000000e+00
1.242167e+01	4.932783e+00	3.160283e-04	243630723.000000	0.000000e+00
1.242366e+01	4.933332e+00	3.159748e-04	243767605.000000	0.000000e+00
1.242566e+01	4.933620e+00	3.159268e-04	243870069.000000	0.000000e+00
1.242765e+01	4.932969e+00	3.158936e-04	243856867.000000	0.000000e+00
1.242965e+01	4.932997e+00	3.158170e-04	243977965.000000	0.000000e+00
1.243164e+01	4.933248e+00	3.157773e-04	244064205.000000	0.000000e+00
1.243363e+01	4.933261e+00	3.157146e-04	244162489.000000	0.000000e+00
1.243563e+01	4.932524e+00	3.156314e-04	244218183.000000	0.000000e+00
1.243762e+01	4.932228e+00	3.155764e-04	244274077.000000	0.000000e+00
1.243962e+01	4.932248e+00	3.155265e-04	244353177.000000	0.000000e+00
1.244161e+01	4.932386e+00	3.154537e-04	244479691.000000	0.000000e+00
1.244361e+01	4.932279e+00	3.154085e-04	244539253.000000	0.000000e+00
1.244560e+01	4.932410e+00	3.154008e-04	244564113.000000	0.000000e+00
1.244760e+01	4.932438e+00	3.153061e-04	244713853.000000	0.000000e+00
1.244959e+01	4.932277e+00	3.152548e-04	244777539.000000	0.000000e+00
1.245159e+01	4.931872e+00	3.152277e-04	244779409.000000	0.000000e+00
1.245358e+01	4.932112e+00	3.150867e-04	245022297.000000	0.000000e+00
1.245558e+01	4.932466e+00	3.151584e-04	244946023.000000	0.000000e+00
1.245757e+01	4.932582e+00	3.150682e-04	245097793.000000	0.000000e+00
1.245957e+01	4.932104e+00	3.150107e-04	245139777.000000	0.000000e+00
1.246156e+01	4.931987e+00	3.149638e-04	245201215.000000	0.000000e+00
1.246355e+01	4.931613e+00	3.148229e-04	245383389.000000	0.000000e+00
1.246555e+01	4.931574e+00	3.148574e-04	245325781.000000	0.000000e+00
1.246754e+01	4.931724e+00	3.147828e-04	245457081.000000	0.000000e+00
1.246954e+01	4.931645e+00	3.146937e-04	245588263.000000	0.000000e+00
1.247153e+01	4.931535e+00	3.146775e-04	245602537.000000	0.000000e+00
1.247353e+01	4.931456e+00	3.145916e-04	245728809.000000	0.000000e+00
1.247552e+01	4.931607e+00	3.145608e-04	245791939.000000	0.000000e+00
1.247752e+01	4.931422e+00	3.145122e-04	245849457.000000	0.000000e+00
1.247951e+01	4.930982e+00	3.144160e-04	245956033.000000	0.000000e+00
1.248151e+01	4.931321e+00	3.143795e-04	246047017.000000	0.000000e+00
1.248350e+01	4.931411e+00	3.143571e-04	246091107.000000	0.000000e+00
1.248550e+01	4.931340e+00	3.142942e-04	246182425.000000	0.000000e+00
1.248749e+01	4.931580e+00	3.142647e-04	246252729.000000	0.000000e+00
1.248948e+01	4.931601e+00	3.142381e-04	246296527.000000	0.000000e+00
1.249148e+01	4.931231e+00	3.141367e-04	246418533.000000	0.000000e+00
1.249347e+01	4.931643e+00	3.141446e-04	246447265.000000	0.000000e+00
1.249547e+01	4.931408e+00	3.140107e-04	246634027.000000	0.000000e+00
1.249746e+01	4.930875e+00	3.140101e-04	246581649.000000	0.000000e+00
1.249946e+01	4.931034e+00	3.138899e-04	246786397.000000	0.000000e+00
1.250145e+01	4.931336e+00	3.139122e-04	246781617.000000	0.000000e+00
1.250345e+01	4.931380e+00	3.138241e-04	246924667.000000	0.000000e+00
1.250544e+01	4.931641e+00	3.138400e-04	246925737.000000	0.000000e+00
1.250744e+01	4.931591e+00	3.137225e-04	247105777.000000	0.000000e+00
1.250943e+01	4.931827e+00	3.137369e-04	247106599.000000	0.000000e+00
1.251143e+01	4.931599e+00	3.136763e-04	247179321.000000	0.000000e+00
1.251342e+01	4.931590e+00	3.136418e-04	247232809.000000	0.000000e+00
1.251541e+01	4.931295e+00	3.135084e-04	247413597.000000	0.000000e+00
1.251741e+01	4.931424e+00	3.135012e-04	247438003.000000	0.000000e+00
1.251940e+01	4.931933e+00	3.134944e-04	247499713.000000	0.000000e+00
1.252140e+01	4.931803e+00	3.134091e-04	247621389.000000	0.000000e+00
1.252339e+01	4.931618e+00	3.133615e-04	247678039.000000	0.000000e+00
1.252539e+01	4.931514e+00	3.132849e-04	247788849.000000	0.000000e+00
1.252738e+01	4.931805e+00	3.133186e-04	247764757.000000	0.000000e+00
1.252938e+01	4.932176e+00	3.132242e-04	247951281.000000	0.000000e+00
1.253137e+01	4.931585e+00	3.131740e-04	247971427.000000	0.000000e+00
1.253337e+01	4.931481e+00	3.131158e-04	248053261.000000	0.000000e+00
1.253536e+01	4.931793e+00	3.130534e-04	248183397.000000	0.000000e+00
1.253736e+01	4.931709e+00	3.130554e-04	248171875.000000	0.000000e+00
1.253935e+01	4.931770e+00	3.129435e-04	248355489.000000	0.000000e+00
1.254135e+01	4.931884e+00	3.129487e-04	248358685.000000	0.000000e+00
1.254334e+01	4.931743e+00	3.128507e-04	248500095.000000	0.000000e+00
1.254533e+01	4.932888e+00	3.129340e-04	248483185.000000	0.000000e+00
1.254733e+01	4.931724e+00	3.127427e-04	248669905.000000	0.000000e+00
1.254932e+01	4.932214e+00	3.127446e-04	248716245.000000	0.000000e+00
1.255132e+01	4.931654e+00	3.126599e-04	248794507.000000	0.000000e+00
1.255331e+01	4.931960e+00	3.126756e-04	248800389.000000	0.000000e+00
1.255531e+01	4.932419e+00	3.126023e-04	248963437.000000	0.000000e+00
1.255730e+01	4.932026e+00	3.125353e-04	249030579.000000	0.000000e+00
1.255930e+01	4.932677e+00	3.125590e-04	249058525.000000	0.000000e+00
1.256129e+01	4.932069e+00	3.124263e-04	249208645.000000	0.000000e+00
1.256329e+01	4.932913e+00	3.124664e-04	249229977.000000	0.000000e+00
1.256528e+01	4.932472e+00	3.123544e-04	249364087.000000	0.000000e+00
1.256728e+01	4.932406e+00	3.123599e-04	249348619.500000	0.000000e+00
1.256927e+01	4.930766e+00	3.122806e-04	249309406.000000	0.000000e+00
1.257127e+01	4.929647e+00	3.122228e-04	249288616.000000	0.000000e+00
1.257326e+01	4.928289e+00	3.121610e-04	249249918.000000	0.000000e+00
1.257525e+01	4.927409e+00	3.121214e-04	249224152.000000	0.000000e+00
1.257725e+01	4.925877e+00	3.120861e-04	249125574.000000	0.000000e+00
1.257924e+01	4.925233e+00	3.120395e-04	249134812.000000	0.000000e+00
1.258124e+01	4.923258e+00	3.119373e-04	249098238.000000	0.000000e+00
1.258323e+01	4.922080e+00	3.119319e-04	248987710.000000	0.000000e+00
1.258523e+01	4.921011e+00	3.118353e-04	249033646.000000	0.000000e+00
1.258722e+01	4.919747e+00	3.117905e-04	248977272.000000	0.000000e+00
1.258922e+01	4.918116e+00	3.117469e-04	248881948.000000	0.000000e+00
1.259121e+01	4.917459e+00	3.116676e-04	248942070.000000	0.000000e+00
1.259321e+01	4.916115e+00	3.116676e-04	248805898.000000	0.000000e+00
1.259520e+01	4.914595e+00	3.115896e-04	248776674.000000	0.000000e+00
1.259720e+01	4.913051e+00	3.114892e-04	248780578.000000	0.000000e+00
1.259919e+01	4.912345e+00	3.114923e-04	248704204.000000	0.000000e+00
1.260118e+01	4.910795e+00	3.113626e-04	248754354.000000	0.000000e+00
1.260318e+01	4.909157e+00	3.113294e-04	248641396.000000	0.000000e+00
1.260517e+01	4.908117e+00	3.112984e-04	248585634.000000	0.000000e+00
1.260717e+01	4.906858e+00	3.112559e-04	248526058.000000	0.000000e+00
1.260916e+01	4.906016e+00	3.111802e-04	248561652.000000	0.000000e+00
1.261116e+01	4.904675e+00	3.111701e-04	248441782.000000	0.000000e+00
1.261315e+01	4.903373e+00	3.110811e-04	248452102.000000	0.000000e+00
1.261515e+01	4.901565e+00	3.109791e-04	248431758.000000	0.000000e+00
1.261714e+01	4.900950e+00	3.109928e-04	248347492.000000	0.000000e+00
1.261914e+01	4.899845e+00	3.109309e-04	248334390.000000	0.000000e+00
1.262113e+01	4.898645e+00	3.108990e-04	248263708.000000	0.000000e+00
1.262313e+01	4.897234e+00	3.107953e-04	248286364.000000	0.000000e+00
1.262512e+01	4.895939e+00	3.107954e-04	248154792.000000	0.000000e+00
1.262712e+01	4.894511e+00	3.107197e-04	248130946.000000	0.000000e+00
1.262911e+01	4.893461e+00	3.106461e-04	248142012.000000	0.000000e+00
1.263110e+01	4.892264e+00	3.106102e-04	248078056.000000	0.000000e+00
1.263310e+01	4.891006e+00	3.105558e-04	248037300.000000	0.000000e+00
1.263509e+01	4.889939e+00	3.105021e-04	248014906.000000	0.000000e+00
1.263709e+01	4.888090e+00	3.104165e-04	247964104.000000	0.000000e+00
1.263908e+01	4.887481e+00	3.103958e-04	247935456.000000	0.000000e+00
1.264108e+01	4.886323e+00	3.103826e-04	247838872.000000	0.000000e+00
1.264307e+01	4.884866e+00	3.102805e-04	247854186.000000	0.000000e+00
1.264507e+01	4.884036e+00	3.102864e-04	247760596.000000	0.000000e+00
1.264706e+01	4.881835e+00	3.101228e-04	247798614.000000	0.000000e+00
1.264906e+01	4.880908e+00	3.100974e-04	247744984.000000	0.000000e+00
1.265105e+01	4.879561e+00	3.100906e-04	247619284.000000	0.000000e+00
1.265305e+01	4.879056e+00	3.100437e-04	247642938.000000	0.000000e+00
1.265504e+01	4.877090e+00	3.099626e-04	247572862.000000	0.000000e+00
1.265703e+01	4.875809e+00	3.098769e-04	247579572.000000	0.000000e+00
1.265903e+01	4.875000e+00	3.098649e-04	247516786.000000	0.000000e+00
1.266102e+01	4.873997e+00	3.098372e-04	247458966.000000	0.000000e+00
1.266302e+01	4.872611e+00	3.097545e-04	247450486.000000	0.000000e+00
1.266501e+01	4.871241e+00	3.096942e-04	247407574.000000	0.000000e+00
1.266701e+01	4.870054e+00	3.096674e-04	247329978.000000	0.000000e+00
1.266900e+01	4.868527e+00	3.096007e-04	247281310.000000	0.000000e+00
1.267100e+01	4.867334e+00	3.095371e-04	247261680.000000	0.000000e+00
1.267299e+01	4.866254e+00	3.094807e-04	247242112.000000	0.000000e+00
1.267499e+01	4.865209e+00	3.094531e-04	247179994.000000	0.000000e+00
1.267698e+01	4.863459e+00	3.093829e-04	247114302.000000	0.000000e+00
1.267898e+01	4.862022e+00	3.092473e-04	247184932.000000	0.000000e+00
1.268097e+01	4.861101e+00	3.092819e-04	247035996.000000	0.000000e+00
1.268297e+01	4.860117e+00	3.092734e-04	246949630.000000	0.000000e+00
1.268496e+01	4.858399e+00	3.091131e-04	247031082.000000	0.000000e+00
1.268695e+01	4.858298e+00	3.091686e-04	246932068.000000	0.000000e+00
1.268895e+01	4.856159e+00	3.090286e-04	246938350.000000	0.000000e+00
1.269094e+01	4.854806e+00	3.090317e-04	246795822.000000	0.000000e+00
1.269294e+01	4.854102e+00	3.089610e-04	246837040.000000	0.000000e+00
1.269493e+01	4.852874e+00	3.089045e-04	246802482.000000	0.000000e+00
1.269693e+01	4.851848e+00	3.088751e-04	246745018.000000	0.000000e+00
1.269892e+01	4.850807e+00	3.088626e-04	246659286.000000	0.000000e+00
1.270092e+01	4.849132e+00	3.087382e-04	246687592.000000	0.000000e+00
1.270291e+01	4.847510e+00	3.086838e-04	246609472.000000	0.000000e+00
1.270491e+01	4.846544e+00	3.086619e-04	246546246.000000	0.000000e+00
1.270690e+01	4.845771e+00	3.086343e-04	246511564.000000	0.000000e+00
1.270890e+01	4.844650e+00	3.085740e-04	246493824.000000	0.000000e+00
1.271089e+01	4.843022e+00	3.084738e-04	246488356.000000	0.000000e+00
1.271289e+01	4.842059e+00	3.085130e-04	246327646.000000	0.000000e+00
1.271488e+01	4.840425e+00	3.083717e-04	246387198.000000	0.000000e+00
1.271687e+01	4.839603e+00	3.083529e-04	246333424.000000	0.000000e+00
1.271887e+01	4.838412e+00	3.083055e-04	246288000.000000	0.000000e+00
1.272086e+01	4.837218e+00	3.082745e-04	246215938.000000	0.000000e+00
1.272286e+01	4.836185e+00	3.082216e-04	246195288.000000	0.000000e+00
1.272485e+01	4.835028e+00	3.081632e-04	246170698.000000	0.000000e+00
1.272685e+01	4.833553e+00	3.081354e-04	246065002.000000	0.000000e+00
1.272884e+01	4.831886e+00	3.079970e-04	246116292.000000	0.000000e+00
1.273084e+01	4.831192e+00	3.080369e-04	245981944.000000	0.000000e+00
1.273283e+01	4.829830e+00	3.079338e-04	246007806.000000	0.000000e+00
1.273483e+01	4.828357e+00	3.078913e-04	245925736.000000	0.000000e+00
1.273682e+01	4.827209e+00	3.078119e-04	245935686.000000	0.000000e+00
1.273882e+01	4.825597e+00	3.077431e-04	245881282.000000	0.000000e+00
1.274081e+01	4.825023e+00	3.077567e-04	245800984.000000	0.000000e+00
1.274280e+01	4.823919e+00	3.077241e-04	245740656.000000	0.000000e+00
1.274480e+01	4.822509e+00	3.076215e-04	245760850.000000	0.000000e+00
1.274679e+01	4.821745e+00	3.075992e-04	245718630.000000	0.000000e+00
1.274879e+01	4.819858e+00	3.075136e-04	245663116.000000	0.000000e+00
1.275078e+01	4.819605e+00	3.075566e-04	245568696.000000	0.000000e+00
1.275278e+01	4.818398e+00	3.074591e-04	245601274.000000	0.000000e+00
1.275477e+01	4.816810e+00	3.074177e-04	245505538.000000	0.000000e+00
1.275677e+01	4.815526e+00	3.073646e-04	245459514.000000	0.000000e+00
1.275876e+01	4.814877e+00	3.073286e-04	245450746.000000	0.000000e+00
1.276076e+01	4.812682e+00	3.072312e-04	245382498.000000	0.000000e+00
1.276275e+01	4.812183e+00	3.071688e-04	245431366.000000	0.000000e+00
1.276475e+01	4.811059e+00	3.072025e-04	245262958.000000	0.000000e+00
1.276674e+01	4.809387e+00	3.071025e-04	245252166.000000	0.000000e+00
1.276873e+01	4.808720e+00	3.070609e-04	245250550.000000	0.000000e+00
1.277073e+01	4.807038e+00	3.070217e-04	245141562.000000	0.000000e+00
1.277272e+01	4.806416e+00	3.069169e-04	245245546.000000	0.000000e+00
1.277472e+01	4.804884e+00	3.069327e-04	245063934.000000	0.000000e+00
1.277671e+01	4.803415e+00	3.068278e-04	245081686.000000	0.000000e+00
1.277871e+01	4.802590e+00	3.068145e-04	245018620.000000	0.000000e+00
1.278070e+01	4.801098e+00	3.067243e-04	245010510.000000	0.000000e+00
1.278270e+01	4.800166e+00	3.067267e-04	244911622.000000	0.000000e+00
1.278469e+01	4.799196e+00	3.066701e-04	244903032.000000	0.000000e+00
1.278669e+01	4.797684e+00	3.066013e-04	244858588.000000	0.000000e+00
1.278868e+01	4.796474e+00	3.065799e-04	244769178.000000	0.000000e+00
1.279068e+01	4.795470e+00	3.065065e-04	244784062.000000	0.000000e+00
1.279267e+01	4.793819e+00	3.064230e-04	244748740.000000	0.000000e+00
1.279467e+01	4.792588e+00	3.064059e-04	244650414.000000	0.000000e+00
1.279666e+01	4.791493e+00	3.063270e-04	244664584.000000	0.000000e+00
1.279865e+01	4.791047e+00	3.063688e-04	244552392.000000	0.000000e+00
1.280065e+01	4.789312e+00	3.062404e-04	244580104.000000	0.000000e+00
1.280264e+01	4.788239e+00	3.062057e-04	244525986.000000	0.000000e+00
1.280464e+01	4.787281e+00	3.061647e-04	244493704.000000	0.000000e+00
1.280663e+01	4.786513e+00	3.061717e-04	244404100.000000	0.000000e+00
1.280863e+01	4.785066e+00	3.061136e-04	244349082.000000	0.000000e+00
1.281062e+01	4.784047e+00	3.060661e-04	244320778.000000	0.000000e+00
1.281262e+01	4.782471e+00	3.059419e-04	244358184.000000	0.000000e+00
1.281461e+01	4.781390e+00	3.059469e-04	244239706.000000	0.000000e+00
1.281661e+01	4.779777e+00	3.058683e-04	244200412.000000	0.000000e+00
1.281860e+01	4.779075e+00	3.058439e-04	244167594.000000	0.000000e+00
1.282060e+01	4.777727e+00	3.057518e-04	244176832.000000	0.000000e+00
1.282259e+01	4.776627e+00	3.057317e-04	244096704.000000	0.000000e+00
1.282459e+01	4.775117e+00	3.056649e-04	244048960.000000	0.000000e+00
1.282658e+01	4.773842e+00	3.056317e-04	243971628.000000	0.000000e+00
1.282857e+01	4.772836e+00	3.055926e-04	243931150.000000	0.000000e+00
1.283057e+01	4.771571e+00	3.055130e-04	243929014.000000	0.000000e+00
1.283256e+01	4.770875e+00	3.055170e-04	243851442.000000	0.000000e+00
1.283456e+01	4.769121e+00	3.054094e-04	243843940.000000	0.000000e+00
1.283655e+01	4.768303e+00	3.053708e-04	243821910.000000	0.000000e+00
1.283855e+01	4.767235e+00	3.053492e-04	243747118.000000	0.000000e+00
1.284054e+01	4.765955e+00	3.053238e-04	243656856.000000	0.000000e+00
1.284254e+01	4.764816e+00	3.052599e-04	243642358.000000	0.000000e+00
1.284453e+01	4.763686e+00	3.051846e-04	243647002.000000	0.000000e+00
1.284653e+01	4.762707e+00	3.051725e-04	243566106.000000	0.000000e+00
1.284852e+01	4.761393e+00	3.050962e-04	243553552.000000	0.000000e+00
1.285052e+01	4.759613e+00	3.050263e-04	243482994.000000	0.000000e+00
1.285251e+01	4.758833e+00	3.050290e-04	243398950.000000	0.000000e+00
1.285450e+01	4.757955e+00	3.049775e-04	243391260.000000	0.000000e+00
1.285650e+01	4.756757e+00	3.049121e-04	243373030.000000	0.000000e+00
1.285849e+01	4.755472e+00	3.048967e-04	243266254.000000	0.000000e+00
1.286049e+01	4.754702e+00	3.048136e-04	243320040.000000	0.000000e+00
1.286248e+01	4.752999e+00	3.047935e-04	243177814.000000	0.000000e+00
1.286448e+01	4.752395e+00	3.047128e-04	243244794.000000	0.000000e+00
1.286647e+01	4.750752e+00	3.046988e-04	243098980.000000	0.000000e+00
1.286847e+01	4.749899e+00	3.046410e-04	243103966.000000	0.000000e+00
1.287046e+01	4.748668e+00	3.046059e-04	243034014.000000	0.000000e+00
1.287246e+01	4.747365e+00	3.045165e-04	243043342.000000	0.000000e+00
1.287445e+01	4.746126e+00	3.044861e-04	242964990.000000	0.000000e+00
1.287645e+01	4.745414e+00	3.045071e-04	242858506.000000	0.000000e+00
1.287844e+01	4.743984e+00	3.043618e-04	242944056.000000	0.000000e+00
1.288044e+01	4.743429e+00	3.044084e-04	242812768.000000	0.000000e+00
1.288243e+01	4.741779e+00	3.043056e-04	242807974.000000	0.000000e+00
1.288442e+01	4.740522e+00	3.042946e-04	242696724.000000	0.000000e+00
1.288642e+01	4.739079e+00	3.041841e-04	242725126.000000	0.000000e+00
1.288841e+01	4.737574e+00	3.041320e-04	242654268.000000	0.000000e+00
1.289041e+01	4.737375e+00	3.041489e-04	242606848.000000	0.000000e+00
1.289240e+01	4.735788e+00	3.040439e-04	242611788.000000	0.000000e+00
1.289440e+01	4.734554e+00	3.040547e-04	242468164.000000	0.000000e+00
1.289639e+01	4.733269e+00	3.039490e-04	242505136.000000	0.000000e+00
1.289839e+01	4.732470e+00	3.039268e-04	242458626.000000	0.000000e+00
1.290038e+01	4.731295e+00	3.038972e-04	242385538.000000	0.000000e+00
1.290238e+01	4.731234e+00	3.039021e-04	242371476.000000	0.000000e+00
1.290437e+01	4.729635e+00	3.038311e-04	242320852.000000	0.000000e+00
1.290637e+01	4.727867e+00	3.037498e-04	242269360.000000	0.000000e+00
1.290836e+01	4.727538e+00	3.037699e-04	242203488.000000	0.000000e+00
1.291036e+01	4.726033e+00	3.036946e-04	242169526.000000	0.000000e+00
1.291235e+01	4.724447e+00	3.035954e-04	242165136.000000	0.000000e+00
1.291434e+01	4.723280e+00	3.036077e-04	242025904.000000	0.000000e+00
1.291634e+01	4.722089e+00	3.035106e-04	242058558.000000	0.000000e+00
1.291833e+01	4.721204e+00	3.034871e-04	242005438.000000	0.000000e+00
1.292033e+01	4.720288e+00	3.034359e-04	241993192.000000	0.000000e+00
1.292232e+01	4.718907e+00	3.033932e-04	241919658.000000	0.000000e+00
1.292432e+01	4.718071e+00	3.033552e-04	241894480.000000	0.000000e+00
1.292631e+01	4.716827e+00	3.033317e-04	241804494.000000	0.000000e+00
1.292831e+01	4.715803e+00	3.033001e-04	241749946.000000	0.000000e+00
1.293030e+01	4.714167e+00	3.032015e-04	241739280.000000	0.000000e+00
1.293230e+01	4.713540e+00	3.031919e-04	241690342.000000	0.000000e+00
1.293429e+01	4.711638e+00	3.030892e-04	241658884.000000	0.000000e+00
1.293629e+01	4.710903e+00	3.030681e-04	241617120.000000	0.000000e+00
1.293828e+01	4.709967e+00	3.030462e-04	241556056.000000	0.000000e+00
1.294027e+01	4.708898e+00	3.030080e-04	241507248.000000	0.000000e+00
1.294227e+01	4.708044e+00	3.029647e-04	241488784.000000	0.000000e+00
1.294426e+01	4.706374e+00	3.029110e-04	241403028.000000	0.000000e+00
1.294626e+01	4.705617e+00	3.028709e-04	241389262.000000	0.000000e+00
1.294825e+01	4.704364e+00	3.028287e-04	241327972.000000	0.000000e+00
1.295025e+01	4.703572e+00	3.027635e-04	241350732.000000	0.000000e+00
1.295224e+01	4.701892e+00	3.027752e-04	241159690.000000	0.000000e+00
1.295424e+01	4.700521e+00	3.026125e-04	241278216.000000	0.000000e+00
1.295623e+01	4.699534e+00	3.026402e-04	241132768.000000	0.000000e+00
1.295823e+01	4.698689e+00	3.025851e-04	241133992.000000	0.000000e+00
1.296022e+01	4.697815e+00	3.025734e-04	241062762.000000	0.000000e+00
1.296222e+01	4.696290e+00	3.024808e-04	241053940.000000	0.000000e+00
1.296421e+01	4.695362e+00	3.024705e-04	240975060.000000	0.000000e+00
1.296621e+01	4.694306e+00	3.024099e-04	240963178.000000	0.000000e+00
1.296820e+01	4.693299e+00	3.024368e-04	240817014.000000	0.000000e+00
1.297019e+01	4.691925e+00	3.023035e-04	240888316.000000	0.000000e+00
1.297219e+01	4.691218e+00	3.023293e-04	240774550.000000	0.000000e+00
1.297418e+01	4.689549e+00	3.022243e-04	240770490.000000	0.000000e+00
1.297618e+01	4.688111e+00	3.021435e-04	240751684.000000	0.000000e+00
1.297817e+01	4.687558e+00	3.021964e-04	240610632.000000	0.000000e+00
1.298017e+01	4.686781e+00	3.021208e-04	240651214.000000	0.000000e+00
1.298216e+01	4.685527e+00	3.020768e-04	240592536.000000	0.000000e+00
1.298416e+01	4.684196e+00	3.020150e-04	240554236.000000	0.000000e+00
1.298615e+01	4.683015e+00	3.019947e-04	240465382.000000	0.000000e+00
1.298815e+01	4.682009e+00	3.019555e-04	240424488.000000	0.000000e+00
1.299014e+01	4.680808e+00	3.018876e-04	240409192.000000	0.000000e+00
1.299214e+01	4.679788e+00	3.018245e-04	240404982.000000	0.000000e+00
1.299413e+01	4.678190e+00	3.017947e-04	240288274.000000	0.000000e+00
1.299612e+01	4.677199e+00	3.017674e-04	240229932.000000	0.000000e+00
1.299812e+01	4.676763e+00	3.017224e-04	240256732.000000	0.000000e+00
1.300011e+01	4.675523e+00	3.016861e-04	240187120.000000	0.000000e+00
1.300211e+01	4.674261e+00	3.016506e-04	240114072.000000	0.000000e+00
1.300410e+01	4.672387e+00	3.015533e-04	240076492.000000	0.000000e+00
1.300610e+01	4.672107e+00	3.015690e-04	240022560.000000	0.000000e+00
1.300809e+01	4.670888e+00	3.014815e-04	240036730.000000	0.000000e+00
1.301009e+01	4.670250e+00	3.015359e-04	239884552.000000	0.000000e+00
1.301208e+01	4.668810e+00	3.014135e-04	239931360.000000	0.000000e+00
1.301408e+01	4.667781e+00	3.013621e-04	239907358.000000	0.000000e+00
1.301607e+01	4.666840e+00	3.014001e-04	239750154.000000	0.000000e+00
1.301807e+01	4.666029e+00	3.013139e-04	239804032.000000	0.000000e+00
1.302006e+01	4.664140e+00	3.012557e-04	239702538.000000	0.000000e+00
1.302206e+01	4.662792e+00	3.011888e-04	239670412.000000	0.000000e+00
1.302405e+01	4.662092e+00	3.011410e-04	239674456.000000	0.000000e+00
1.302604e+01	4.661227e+00	3.011067e-04	239640252.000000	0.000000e+00
1.302804e+01	4.659685e+00	3.010956e-04	239499292.000000	0.000000e+00
1.303003e+01	4.659143e+00	3.010913e-04	239450400.000000	0.000000e+00
1.303203e+01	4.657377e+00	3.009519e-04	239490610.000000	0.000000e+00
1.303402e+01	4.656567e+00	3.009756e-04	239369700.000000	0.000000e+00
1.303602e+01	4.655691e+00	3.008778e-04	239435272.000000	0.000000e+00
1.303801e+01	4.654426e+00	3.009042e-04	239263204.000000	0.000000e+00
1.304001e+01	4.653479e+00	3.008714e-04	239217924.000000	0.000000e+00
1.304200e+01	4.652522e+00	3.007342e-04	239337718.000000	0.000000e+00
1.304400e+01	4.651205e+00	3.007815e-04	239127036.000000	0.000000e+00
1.304599e+01	4.649519e+00	3.006827e-04	239110780.000000	0.000000e+00
1.304799e+01	4.648900e+00	3.006600e-04	239083266.000000	0.000000e+00
1.304998e+01	4.648198e+00	3.005957e-04	239113204.000000	0.000000e+00
1.305198e+01	4.646299e+00	3.005742e-04	238952038.000000	0.000000e+00
1.305397e+01	4.645604e+00	3.005492e-04	238920432.000000	0.000000e+00
1.305596e+01	4.645099e+00	3.004938e-04	238956550.000000	0.000000e+00
1.305796e+01	4.643757e+00	3.004783e-04	238843128.000000	0.000000e+00
1.305995e+01	4.643333e+00	3.004800e-04	238796842.000000	0.000000e+00
1.306195e+01	4.641175e+00	3.003643e-04	238758724.000000	0.000000e+00
1.306394e+01	4.640215e+00	3.003047e-04	238754640.000000	0.000000e+00
1.306594e+01	4.638890e+00	3.002619e-04	238686328.000000	0.000000e+00
1.306793e+01	4.638562e+00	3.002831e-04	238618974.000000	0.000000e+00
1.306993e+01	4.637176e+00	3.002308e-04	238559374.000000	0.000000e+00
1.307192e+01	4.635624e+00	3.001366e-04	238549590.000000	0.000000e+00
1.307392e+01	4.635061e+00	3.001352e-04	238493776.000000	0.000000e+00
1.307591e+01	4.634232e+00	3.000892e-04	238481602.000000	0.000000e+00
1.307791e+01	4.632688e+00	3.001001e-04	238305384.000000	0.000000e+00
1.307990e+01	4.631744e+00	2.999759e-04	238405582.000000	0.000000e+00
1.308189e+01	4.630340e+00	2.999393e-04	238319184.000000	0.000000e+00
1.308389e+01	4.629439e+00	2.999217e-04	238254406.000000	0.000000e+00
1.308588e+01	4.628350e+00	2.998850e-04	238200618.000000	0.000000e+00
1.308788e+01	4.627496e+00	2.998530e-04	238163602.000000	0.000000e+00
1.308987e+01	4.625944e+00	2.997557e-04	238158310.000000	0.000000e+00
1.309187e+01	4.626030e+00	2.998394e-04	238034196.000000	0.000000e+00
1.309386e+01	4.624121e+00	2.996842e-04	238084264.000000	0.000000e+00
1.309586e+01	4.622596e+00	2.996657e-04	237956670.000000	0.000000e+00
1.309785e+01	4.622616e+00	2.996962e-04	237910336.000000	0.000000e+00
1.309985e+01	4.620567e+00	2.995604e-04	237914950.000000	0.000000e+00
1.310184e+01	4.619838e+00	2.995222e-04	237900624.000000	0.000000e+00
1.310384e+01	4.618870e+00	2.995505e-04	237755914.000000	0.000000e+00
1.310583e+01	4.618160e+00	2.995018e-04	237760110.000000	0.000000e+00
1.310783e+01	4.616539e+00	2.994180e-04	237726328.000000	0.000000e+00
1.310982e+01	4.615298e+00	2.994020e-04	237623886.000000	0.000000e+00
1.311181e+01	4.614076e+00	2.993157e-04	237635020.000000	0.000000e+00
1.311381e+01	4.613725e+00	2.993526e-04	237540292.000000	0.000000e+00
1.311580e+01	4.612680e+00	2.992799e-04	237548166.000000	0.000000e+00
1.311780e+01	4.611243e+00	2.992495e-04	237448300.000000	0.000000e+00
1.311979e+01	4.610234e+00	2.991564e-04	237492216.000000	0.000000e+00
1.312179e+01	4.609596e+00	2.992361e-04	237299920.000000	0.000000e+00
1.312378e+01	4.607835e+00	2.990968e-04	237339570.000000	0.000000e+00
1.312578e+01	4.607389e+00	2.990771e-04	237324892.000000	0.000000e+00
1.312777e+01	4.605843e+00	2.990335e-04	237234964.000000	0.000000e+00
1.312977e+01	4.605296e+00	2.990208e-04	237198618.000000	0.000000e+00
1.313176e+01	4.604127e+00	2.989592e-04	237176044.000000	0.000000e+00
1.313376e+01	4.602999e+00	2.989551e-04	237066246.000000	0.000000e+00
1.313575e+01	4.601841e+00	2.989167e-04	237007948.000000	0.000000e+00
1.313774e+01	4.601009e+00	2.988433e-04	237038670.000000	0.000000e+00
1.313974e+01	4.599259e+00	2.987798e-04	236959114.000000	0.000000e+00
1.314173e+01	4.598271e+00	2.987431e-04	236915356.000000	0.000000e+00
1.314373e+01	4.597470e+00	2.987237e-04	236863662.000000	0.000000e+00
1.314572e+01	4.597161e+00	2.987342e-04	236815072.000000	0.000000e+00
1.314772e+01	4.595324e+00	2.986434e-04	236769894.000000	0.000000e+00
1.314971e+01	4.594436e+00	2.985948e-04	236755516.000000	0.000000e+00
1.315171e+01	4.593205e+00	2.985582e-04	236686504.000000	0.000000e+00
1.315370e+01	4.592130e+00	2.985310e-04	236618916.000000	0.000000e+00
1.315570e+01	4.591516e+00	2.985139e-04	236582704.000000	0.000000e+00
1.315769e+01	4.590488e+00	2.984444e-04	236587014.000000	0.000000e+00
1.315969e+01	4.588885e+00	2.984353e-04	236436136.000000	0.000000e+00
1.316168e+01	4.588070e+00	2.983599e-04	236471664.000000	0.000000e+00
1.316368e+01	4.587063e+00	2.983428e-04	236394976.000000	0.000000e+00
1.316567e+01	4.586014e+00	2.983271e-04	236311774.000000	0.000000e+00
1.316766e+01	4.585172e+00	2.982586e-04	236333484.000000	0.000000e+00
1.316966e+01	4.584525e+00	2.982449e-04	236288590.000000	0.000000e+00
1.317165e+01	4.582463e+00	2.981873e-04	236167344.000000	0.000000e+00
1.317365e+01	4.581459e+00	2.981049e-04	236194264.000000	0.000000e+00
1.317564e+01	4.581113e+00	2.981630e-04	236066580.000000	0.000000e+00
1.317764e+01	4.579348e+00	2.980312e-04	236093278.000000	0.000000e+00
1.317963e+01	4.578786e+00	2.980609e-04	235988476.000000	0.000000e+00
1.318163e+01	4.577700e+00	2.979686e-04	236022528.000000	0.000000e+00
1.318362e+01	4.576783e+00	2.979792e-04	235911370.000000	0.000000e+00
1.318562e+01	4.575884e+00	2.979457e-04	235871688.000000	0.000000e+00
1.318761e+01	4.574924e+00	2.979117e-04	235826446.000000	0.000000e+00
1.318961e+01	4.574095e+00	2.979025e-04	235755606.000000	0.000000e+00
1.319160e+01	4.572176e+00	2.977649e-04	235775626.000000	0.000000e+00
1.319360e+01	4.572165e+00	2.978226e-04	235683202.000000	0.000000e+00
1.319559e+01	4.570266e+00	2.977177e-04	235653294.000000	0.000000e+00
1.319758e+01	4.569664e+00	2.977389e-04	235557706.000000	0.000000e+00
1.319958e+01	4.568190e+00	2.976277e-04	235581774.000000	0.000000e+00
1.320157e+01	4.567469e+00	2.976505e-04	235471276.000000	0.000000e+00
1.320357e+01	4.566488e+00	2.975731e-04	235492666.000000	0.000000e+00
1.320556e+01	4.565574e+00	2.975879e-04	235374906.000000	0.000000e+00
1.320756e+01	4.564091e+00	2.975237e-04	235323622.000000	0.000000e+00
1.320955e+01	4.562841e+00	2.974373e-04	235331400.000000	0.000000e+00
1.321155e+01	4.561721e+00	2.974103e-04	235258564.000000	0.000000e+00
1.321354e+01	4.561222e+00	2.974040e-04	235216998.000000	0.000000e+00
1.321554e+01	4.559869e+00	2.973751e-04	235123228.000000	0.000000e+00
1.321753e+01	4.559561e+00	2.973443e-04	235140250.000000	0.000000e+00
1.321953e+01	4.558102e+00	2.972870e-04	235080330.000000	0.000000e+00
1.322152e+01	4.557036e+00	2.972430e-04	235039942.000000	0.000000e+00
1.322351e+01	4.555969e+00	2.972443e-04	234927912.000000	0.000000e+00
1.322551e+01	4.554621e+00	2.971332e-04	234964402.000000	0.000000e+00
1.322750e+01	4.554246e+00	2.971710e-04	234866022.000000	0.000000e+00
1.322950e+01	4.553247e+00	2.971292e-04	234829030.000000	0.000000e+00
1.323149e+01	4.552068e+00	2.971030e-04	234748750.000000	0.000000e+00
1.323349e+01	4.551026e+00	2.970385e-04	234743376.000000	0.000000e+00
1.323548e+01	4.549616e+00	2.969492e-04	234738850.000000	0.000000e+00
1.323748e+01	4.549247e+00	2.970197e-04	234589488.000000	0.000000e+00
1.323947e+01	4.547619e+00	2.968995e-04	234611500.000000	0.000000e+00
1.324147e+01	4.546791e+00	2.969001e-04	234525124.000000	0.000000e+00
1.324346e+01	4.545282e+00	2.967830e-04	234554334.000000	0.000000e+00
1.324546e+01	4.544379e+00	2.968131e-04	234413674.000000	0.000000e+00
1.324745e+01	4.543752e+00	2.968164e-04	234343884.000000	0.000000e+00
1.324945e+01	4.542662e+00	2.967245e-04	234376468.000000	0.000000e+00
1.325144e+01	4.541851e+00	2.967012e-04	234329514.000000	0.000000e+00
1.325343e+01	4.540772e+00	2.966903e-04	234235408.000000	0.000000e+00
1.325543e+01	4.539871e+00	2.966260e-04	234244072.000000	0.000000e+00
1.325742e+01	4.538475e+00	2.966345e-04	234086652.000000	0.000000e+00
1.325942e+01	4.537967e+00	2.965764e-04	234125902.000000	0.000000e+00
1.326141e+01	4.537640e+00	2.966118e-04	234036390.000000	0.000000e+00
1.326341e+01	4.535564e+00	2.964897e-04	234014848.000000	0.000000e+00
1.326540e+01	4.534576e+00	2.964483e-04	233978142.000000	0.000000e+00
1.326740e+01	4.533628e+00	2.964232e-04	233920114.000000	0.000000e+00
1.326939e+01	4.532956e+00	2.964325e-04	233836084.000000	0.000000e+00
1.327139e+01	4.532285e+00	2.963774e-04	233853666.000000	0.000000e+00
1.327338e+01	4.530763e+00	2.963262e-04	233777494.000000	0.000000e+00
1.327538e+01	4.529886e+00	2.963165e-04	233702268.000000	0.000000e+00
1.327737e+01	4.528795e+00	2.962718e-04	233660116.000000	0.000000e+00
1.327936e+01	4.527952e+00	2.962196e-04	233655510.000000	0.000000e+00
1.328136e+01	4.526606e+00	2.961885e-04	233565766.000000	0.000000e+00
1.328335e+01	4.526449e+00	2.961789e-04	233564620.000000	0.000000e+00
1.328535e+01	4.524737e+00	2.961767e-04	233391456.000000	0.000000e+00
1.328734e+01	4.523616e+00	2.960821e-04	233424976.000000	0.000000e+00
1.328934e+01	4.522826e+00	2.960303e-04	233425080.000000	0.000000e+00
1.329133e+01	4.521191e+00	2.959857e-04	233326672.000000	0.000000e+00
1.329333e+01	4.521026e+00	2.959944e-04	233295892.000000	0.000000e+00
1.329532e+01	4.519343e+00	2.959345e-04	233216676.000000	0.000000e+00
1.329732e+01	4.518728e+00	2.958759e-04	233245408.000000	0.000000e+00
1.329931e+01	4.517319e+00	2.959113e-04	233044278.000000	0.000000e+00
1.330131e+01	4.517143e+00	2.958420e-04	233135236.000000	0.000000e+00
1.330330e+01	4.515452e+00	2.958171e-04	232999968.000000	0.000000e+00
1.330530e+01	4.514840e+00	2.957490e-04	233044174.000000	0.000000e+00
1.330729e+01	4.513352e+00	2.957276e-04	232924258.000000	0.000000e+00
1.330928e+01	4.512426e+00	2.956928e-04	232883400.000000	0.000000e+00
1.331128e+01	4.511453e+00	2.956678e-04	232822372.000000	0.000000e+00
1.331327e+01	4.510605e+00	2.956066e-04	232831290.000000	0.000000e+00
1.331527e+01	4.509729e+00	2.956284e-04	232706572.000000	0.000000e+00
1.331726e+01	4.508804e+00	2.955602e-04	232718352.000000	0.000000e+00
1.331926e+01	4.507182e+00	2.954926e-04	232657414.000000	0.000000e+00
1.332125e+01	4.506604e+00	2.955109e-04	232569034.000000	0.000000e+00
1.332325e+01	4.505684e+00	2.954695e-04	232539252.000000	0.000000e+00
1.332524e+01	4.505503e+00	2.954805e-04	232503088.000000	0.000000e+00
1.332724e+01	4.503694e+00	2.953621e-04	232502778.000000	0.000000e+00
1.332923e+01	4.502810e+00	2.953773e-04	232387624.000000	0.000000e+00
1.333123e+01	4.501330e+00	2.953150e-04	232332780.000000	0.000000e+00
1.333322e+01	4.500751e+00	2.952893e-04	232313494.000000	0.000000e+00
1.333522e+01	4.499351e+00	2.952458e-04	232237450.000000	0.000000e+00
1.333721e+01	4.498620e+00	2.952159e-04	232209000.000000	0.000000e+00
1.333920e+01	4.497979e+00	2.952474e-04	232093312.000000	0.000000e+00
1.334120e+01	4.496835e+00	2.951465e-04	232133922.000000	0.000000e+00
1.334319e+01	4.495882e+00	2.951229e-04	232072732.000000	0.000000e+00
1.334519e+01	4.494772e+00	2.950617e-04	232054288.000000	0.000000e+00
1.334718e+01	4.494016e+00	2.951228e-04	231880206.000000	0.000000e+00
1.334918e+01	4.492992e+00	2.950318e-04	231917632.000000	0.000000e+00
1.335117e+01	4.492142e+00	2.950074e-04	231868260.000000	0.000000e+00
1.335317e+01	4.491298e+00	2.949933e-04	231803212.000000	0.000000e+00
1.335516e+01	4.489728e+00	2.949007e-04	231786648.000000	0.000000e+00
1.335716e+01	4.488989e+00	2.948966e-04	231716800.000000	0.000000e+00
1.335915e+01	4.488622e+00	2.949085e-04	231660256.000000	0.000000e+00
1.336115e+01	4.487388e+00	2.948774e-04	231581766.000000	0.000000e+00
1.336314e+01	4.486449e+00	2.947963e-04	231612160.000000	0.000000e+00
1.336513e+01	4.484648e+00	2.947677e-04	231471204.000000	0.000000e+00
1.336713e+01	4.484216e+00	2.947435e-04	231464650.000000	0.000000e+00
1.336912e+01	4.483040e+00	2.946926e-04	231423156.000000	0.000000e+00
1.337112e+01	4.481978e+00	2.946456e-04	231387370.000000	0.000000e+00
1.337311e+01	4.481087e+00	2.946615e-04	231270352.000000	0.000000e+00
1.337511e+01	4.480326e+00	2.946224e-04	231253146.000000	0.000000e+00
1.337710e+01	4.479466e+00	2.945607e-04	231261340.000000	0.000000e+00
1.337910e+01	4.477569e+00	2.945151e-04	231136908.000000	0.000000e+00
1.338109e+01	4.477463e+00	2.945243e-04	231111658.000000	0.000000e+00
1.338309e+01	4.475912e+00	2.944828e-04	231016614.000000	0.000000e+00
1.338508e+01	4.475087e+00	2.943921e-04	231073828.000000	0.000000e+00
1.338708e+01	4.474772e+00	2.944521e-04	230947168.000000	0.000000e+00
1.338907e+01	4.473599e+00	2.944059e-04	230898534.000000	0.000000e+00
1.339107e+01	4.472768e+00	2.943689e-04	230870728.000000	0.000000e+00
1.339306e+01	4.471454e+00	2.943205e-04	230811042.000000	0.000000e+00
1.339505e+01	4.470846e+00	2.942847e-04	230804446.000000	0.000000e+00
1.339705e+01	4.469105e+00	2.942478e-04	230682520.000000	0.000000e+00
1.339904e+01	4.469125e+00	2.942611e-04	230663820.000000	0.000000e+00
1.340104e+01	4.467053e+00	2.941596e-04	230608948.000000	0.000000e+00
1.340303e+01	4.467340e+00	2.942092e-04	230560782.000000	0.000000e+00
1.340503e+01	4.465497e+00	2.941065e-04	230531536.000000	0.000000e+00
1.340702e+01	4.465024e+00	2.941157e-04	230468364.000000	0.000000e+00
1.340902e+01	4.464188e+00	2.941057e-04	230397580.000000	0.000000e+00
1.341101e+01	4.463031e+00	2.940772e-04	230322880.000000	0.000000e+00
1.341301e+01	4.462103e+00	2.940127e-04	230328180.000000	0.000000e+00
1.341500e+01	4.461044e+00	2.939696e-04	230286310.000000	0.000000e+00
1.341700e+01	4.459978e+00	2.939481e-04	230209908.000000	0.000000e+00
1.341899e+01	4.458721e+00	2.938987e-04	230157616.000000	0.000000e+00
1.342098e+01	4.457095e+00	2.938140e-04	230122320.000000	0.000000e+00
1.342298e+01	4.457488e+00	2.938797e-04	230059996.000000	0.000000e+00
1.342497e+01	4.456716e+00	2.938667e-04	230000716.000000	0.000000e+00
1.342697e+01	4.455290e+00	2.938017e-04	229955268.000000	0.000000e+00
1.342896e+01	4.454089e+00	2.937315e-04	229941190.000000	0.000000e+00
1.343096e+01	4.452706e+00	2.937129e-04	229827552.000000	0.000000e+00
1.343295e+01	4.452813e+00	2.937351e-04	229803868.000000	0.000000e+00
1.343495e+01	4.451317e+00	2.936619e-04	229763962.000000	0.000000e+00
1.343694e+01	4.450540e+00	2.936408e-04	229716738.000000	0.000000e+00
1.343894e+01	4.449090e+00	2.935777e-04	229665880.000000	0.000000e+00
1.344093e+01	4.448172e+00	2.935530e-04	229609728.000000	0.000000e+00
1.344293e+01	4.447123e+00	2.935105e-04	229567858.000000	0.000000e+00
1.344492e+01	4.446292e+00	2.935142e-04	229476228.000000	0.000000e+00
1.344692e+01	4.445475e+00	2.934507e-04	229491274.000000	0.000000e+00
1.344891e+01	4.444798e+00	2.934989e-04	229345978.000000	0.000000e+00
1.345090e+01	4.443664e+00	2.933963e-04	229389348.000000	0.000000e+00
1.345290e+01	4.442474e+00	2.933523e-04	229335160.000000	0.000000e+00
1.345489e+01	4.441888e+00	2.933968e-04	229205148.000000	0.000000e+00
1.345689e+01	4.440489e+00	2.932660e-04	229265236.000000	0.000000e+00
1.345888e+01	4.439920e+00	2.933427e-04	229086648.000000	0.000000e+00
1.346088e+01	4.439024e+00	2.932655e-04	229114792.000000	0.000000e+00
1.346287e+01	4.438147e+00	2.932783e-04	229004230.000000	0.000000e+00
1.346487e+01	4.437235e+00	2.931907e-04	229046886.000000	0.000000e+00
1.346686e+01	4.436108e+00	2.931808e-04	228946156.000000	0.000000e+00
1.346886e+01	4.435124e+00	2.931660e-04	228867564.000000	0.000000e+00
1.347085e+01	4.434775e+00	2.931477e-04	228860194.000000	0.000000e+00
1.347285e+01	4.433093e+00	2.930548e-04	228831648.000000	0.000000e+00
1.347484e+01	4.432049e+00	2.930536e-04	228725770.000000	0.000000e+00
1.347684e+01	4.431472e+00	2.930502e-04	228671494.000000	0.000000e+00
1.347883e+01	4.430571e+00	2.930293e-04	228611100.000000	0.000000e+00
1.348082e+01	4.429305e+00	2.929461e-04	228610252.000000	0.000000e+00
1.348282e+01	4.428281e+00	2.929161e-04	228551370.000000	0.000000e+00
1.348481e+01	4.427503e+00	2.929175e-04	228468934.000000	0.000000e+00
1.348681e+01	4.426778e+00	2.928700e-04	228468214.000000	0.000000e+00
1.348880e+01	4.425438e+00	2.928429e-04	228372132.000000	0.000000e+00
1.349080e+01	4.424619e+00	2.928002e-04	228354172.000000	0.000000e+00
1.349279e+01	4.423745e+00	2.928180e-04	228236328.000000	0.000000e+00
1.349479e+01	4.422859e+00	2.927678e-04	228223192.000000	0.000000e+00
1.349678e+01	4.422073e+00	2.927353e-04	228192654.000000	0.000000e+00
1.349878e+01	4.420783e+00	2.926922e-04	228126790.000000	0.000000e+00
1.350077e+01	4.419684e+00	2.926543e-04	228072280.000000	0.000000e+00
1.350277e+01	4.419439e+00	2.926778e-04	228010440.000000	0.000000e+00
1.350476e+01	4.418066e+00	2.925948e-04	227998174.000000	0.000000e+00
1.350675e+01	4.418161e+00	2.926570e-04	227910894.000000	0.000000e+00
1.350875e+01	4.416925e+00	2.925783e-04	227906068.000000	0.000000e+00
1.351074e+01	4.415824e+00	2.925883e-04	227776878.000000	0.000000e+00
1.351274e+01	4.414851e+00	2.925018e-04	227811178.000000	0.000000e+00
1.351473e+01	4.413520e+00	2.924752e-04	227715208.000000	0.000000e+00
1.351673e+01	4.412936e+00	2.924854e-04	227639082.000000	0.000000e+00
1.351872e+01	4.411872e+00	2.924311e-04	227613910.000000	0.000000e+00
1.352072e+01	4.411308e+00	2.924326e-04	227553306.000000	0.000000e+00
1.352271e+01	4.410260e+00	2.923602e-04	227557900.000000	0.000000e+00
1.352471e+01	4.408769e+00	2.923460e-04	227426202.000000	0.000000e+00
1.352670e+01	4.408440e+00	2.923019e-04	227460814.000000	0.000000e+00
1.352870e+01	4.407334e+00	2.922944e-04	227358460.000000	0.000000e+00
1.353069e+01	4.406492e+00	2.923085e-04	227249526.000000	0.000000e+00
1.353269e+01	4.405505e+00	2.922126e-04	227296984.000000	0.000000e+00
1.353468e+01	4.404215e+00	2.922141e-04	227161470.000000	0.000000e+00
1.353667e+01	4.403806e+00	2.921824e-04	227168656.000000	0.000000e+00
1.353867e+01	4.402139e+00	2.921369e-04	227067280.000000	0.000000e+00
1.354066e+01	4.401768e+00	2.921384e-04	227026710.000000	0.000000e+00
1.354266e+01	4.401334e+00	2.921305e-04	226994152.000000	0.000000e+00
1.354465e+01	4.399574e+00	2.920441e-04	226946970.000000	0.000000e+00
1.354665e+01	4.399547e+00	2.920645e-04	226912426.000000	0.000000e+00
1.354864e+01	4.398040e+00	2.919987e-04	226859304.000000	0.000000e+00
1.355064e+01	4.396816e+00	2.919840e-04	226755940.000000	0.000000e+00
1.355263e+01	4.396419e+00	2.919561e-04	226758160.000000	0.000000e+00
1.355463e+01	4.395097e+00	2.919345e-04	226655448.000000	0.000000e+00
1.355662e+01	4.394440e+00	2.918774e-04	226676338.000000	0.000000e+00
1.355862e+01	4.393433e+00	2.919098e-04	226522176.000000	0.000000e+00
1.356061e+01	4.392598e+00	2.918473e-04	226533100.000000	0.000000e+00
1.356260e+01	4.391935e+00	2.918270e-04	226496208.000000	0.000000e+00
1.356460e+01	4.390938e+00	2.918503e-04	226357288.000000	0.000000e+00
1.356659e+01	4.390086e+00	2.917563e-04	226415200.000000	0.000000e+00
1.356859e+01	4.388959e+00	2.917415e-04	226321932.000000	0.000000e+00
1.357058e+01	4.388017e+00	2.917321e-04	226239334.000000	0.000000e+00
1.357258e+01	4.387588e+00	2.916985e-04	226247316.000000	0.000000e+00
1.357457e+01	4.386621e+00	2.916974e-04	226149256.000000	0.000000e+00
1.357657e+01	4.384926e+00	2.916123e-04	226106406.000000	0.000000e+00
1.357856e+01	4.384448e+00	2.916249e-04	226037554.000000	0.000000e+00
1.358056e+01	4.383647e+00	2.915600e-04	226055614.000000	0.000000e+00
1.358255e+01	4.382831e+00	2.916044e-04	225902640.000000	0.000000e+00
1.358455e+01	4.381077e+00	2.914857e-04	225905668.000000	0.000000e+00
1.358654e+01	4.381057e+00	2.915165e-04	225855912.000000	0.000000e+00
1.358854e+01	4.379375e+00	2.914793e-04	225740230.000000	0.000000e+00
1.359053e+01	4.379311e+00	2.914277e-04	225813580.000000	0.000000e+00
1.359252e+01	4.378359e+00	2.914719e-04	225646944.000000	0.000000e+00
1.359452e+01	4.377190e+00	2.913888e-04	225655048.000000	0.000000e+00
1.359651e+01	4.376464e+00	2.913960e-04	225569046.000000	0.000000e+00
1.359851e+01	4.375842e+00	2.913468e-04	225581188.000000	0.000000e+00
1.360050e+01	4.374711e+00	2.913792e-04	225414342.000000	0.000000e+00
1.360250e+01	4.373677e+00	2.912948e-04	225438340.000000	0.000000e+00
1.360449e+01	4.373041e+00	2.912965e-04	225370264.000000	0.000000e+00
1.360649e+01	4.371527e+00	2.912046e-04	225356346.000000	0.000000e+00
1.360848e+01	4.370952e+00	2.912345e-04	225250834.000000	0.000000e+00
1.361048e+01	4.369661e+00	2.911870e-04	225191196.000000	0.000000e+00
1.361247e+01	4.369066e+00	2.911550e-04	225179452.000000	0.000000e+00
1.361447e+01	4.368329e+00	2.911517e-04	225108582.000000	0.000000e+00
1.361646e+01	4.367082e+00	2.910928e-04	225071092.000000	0.000000e+00
1.361846e+01	4.366233e+00	2.910861e-04	224993998.000000	0.000000e+00
1.362045e+01	4.365154e+00	2.910736e-04	224902062.000000	0.000000e+00
1.362244e+01	4.364616e+00	2.910212e-04	224927638.000000	0.000000e+00
1.362444e+01	4.363733e+00	2.909872e-04	224889072.000000	0.000000e+00
1.362643e+01	4.362931e+00	2.910280e-04	224743528.000000	0.000000e+00
1.362843e+01	4.362653e+00	2.910073e-04	224746834.000000	0.000000e+00
1.363042e+01	4.361468e+00	2.909802e-04	224666592.000000	0.000000e+00
1.363242e+01	4.360608e+00	2.909327e-04	224651290.000000	0.000000e+00
1.363441e+01	4.359720e+00	2.909261e-04	224570046.000000	0.000000e+00
1.363641e+01	4.358998e+00	2.908999e-04	224536186.000000	0.000000e+00
1.363840e+01	4.357607e+00	2.908367e-04	224490342.000000	0.000000e+00
1.364040e+01	4.357150e+00	2.908805e-04	224375674.000000	0.000000e+00
1.364239e+01	4.355988e+00	2.907830e-04	224406442.000000	0.000000e+00
1.364439e+01	4.355001e+00	2.907828e-04	224305152.000000	0.000000e+00
1.364638e+01	4.354041e+00	2.907504e-04	224256136.000000	0.000000e+00
1.364837e+01	4.353244e+00	2.907103e-04	224235942.000000	0.000000e+00
1.365037e+01	4.351982e+00	2.906949e-04	224129746.000000	0.000000e+00
1.365236e+01	4.351089e+00	2.906264e-04	224143248.000000	0.000000e+00
1.365436e+01	4.350909e+00	2.906919e-04	224023876.000000	0.000000e+00
1.365635e+01	4.349593e+00	2.906404e-04	223967656.000000	0.000000e+00
1.365835e+01	4.349013e+00	2.906239e-04	223933362.000000	0.000000e+00
1.366034e+01	4.347836e+00	2.905743e-04	223888600.000000	0.000000e+00
1.366234e+01	4.347375e+00	2.905619e-04	223860084.000000	0.000000e+00
1.366433e+01	4.346237e+00	2.905527e-04	223757230.000000	0.000000e+00
1.366633e+01	4.345384e+00	2.904815e-04	223778988.000000	0.000000e+00
1.366832e+01	4.344439e+00	2.904766e-04	223689190.000000	0.000000e+00
1.367032e+01	4.343016e+00	2.904512e-04	223581916.000000	0.000000e+00
1.367231e+01	4.342540e+00	2.904457e-04	223541286.000000	0.000000e+00
1.367430e+01	4.342348e+00	2.904367e-04	223535326.000000	0.000000e+00
1.367630e+01	4.340424e+00	2.903381e-04	223488990.000000	0.000000e+00
1.367829e+01	4.339767e+00	2.903375e-04	223422358.000000	0.000000e+00
1.368029e+01	4.339151e+00	2.903862e-04	223283968.000000	0.000000e+00
1.368228e+01	4.338489e+00	2.903052e-04	223340532.000000	0.000000e+00
1.368428e+01	4.336865e+00	2.902634e-04	223237528.000000	0.000000e+00
1.368627e+01	4.336972e+00	2.902774e-04	223226922.000000	0.000000e+00
1.368827e+01	4.336031e+00	2.903118e-04	223077232.000000	0.000000e+00
1.369026e+01	4.335052e+00	2.902230e-04	223113114.000000	0.000000e+00
1.369226e+01	4.334207e+00	2.901953e-04	223068712.000000	0.000000e+00
1.369425e+01	4.333299e+00	2.902255e-04	222928732.000000	0.000000e+00
1.369625e+01	4.332410e+00	2.901586e-04	222940218.000000	0.000000e+00
1.369824e+01	4.331441e+00	2.901310e-04	222882790.000000	0.000000e+00
1.370024e+01	4.331549e+00	2.902055e-04	222779424.000000	0.000000e+00
1.370223e+01	4.329899e+00	2.901156e-04	222747820.000000	0.000000e+00
1.370422e+01	4.328470e+00	2.900373e-04	222720936.000000	0.000000e+00
1.370622e+01	4.327927e+00	2.900471e-04	222650020.000000	0.000000e+00
1.370821e+01	4.326953e+00	2.900209e-04	222590086.000000	0.000000e+00
1.371021e+01	4.326429e+00	2.900044e-04	222561450.000000	0.000000e+00
1.371220e+01	4.325525e+00	2.899751e-04	222513460.000000	0.000000e+00
1.371420e+01	4.324642e+00	2.899655e-04	222437340.000000	0.000000e+00
1.371619e+01	4.323663e+00	2.899438e-04	222369862.000000	0.000000e+00
1.371819e+01	4.323486e+00	2.899376e-04	222361218.000000	0.000000e+00
1.372018e+01	4.321775e+00	2.898897e-04	222258712.000000	0.000000e+00
1.372218e+01	4.321751e+00	2.899138e-04	222219286.000000	0.000000e+00
1.372417e+01	4.320219e+00	2.898414e-04	222172632.000000	0.000000e+00
1.372617e+01	4.319378e+00	2.898304e-04	222103114.000000	0.000000e+00
1.372816e+01	4.318729e+00	2.898299e-04	222037086.000000	0.000000e+00
1.373016e+01	4.317493e+00	2.897407e-04	222046684.000000	0.000000e+00
1.373215e+01	4.316860e+00	2.897873e-04	221910244.000000	0.000000e+00
1.373414e+01	4.316153e+00	2.897347e-04	221917962.000000	0.000000e+00
1.373614e+01	4.315382e+00	2.897132e-04	221871634.000000	0.000000e+00
1.373813e+01	4.313279e+00	2.896585e-04	221739192.000000	0.000000e+00
1.374013e+01	4.313336e+00	2.896742e-04	221721076.000000	0.000000e+00
1.374212e+01	4.313034e+00	2.896718e-04	221693676.000000	0.000000e+00
1.374412e+01	4.312113e+00	2.896357e-04	221654242.000000	0.000000e+00
1.374611e+01	4.311289e+00	2.896545e-04	221540818.000000	0.000000e+00
1.374811e+01	4.310516e+00	2.896125e-04	221525550.000000	0.000000e+00
1.375010e+01	4.309847e+00	2.896022e-04	221472586.000000	0.000000e+00
1.375210e+01	4.308359e+00	2.895646e-04	221377218.000000	0.000000e+00
1.375409e+01	4.307625e+00	2.895226e-04	221366002.000000	0.000000e+00
1.375609e+01	4.306983e+00	2.895361e-04	221279400.000000	0.000000e+00
1.375808e+01	4.306203e+00	2.894741e-04	221293876.000000	0.000000e+00
1.376007e+01	4.304865e+00	2.894800e-04	221147470.000000	0.000000e+00
1.376207e+01	4.304257e+00	2.894374e-04	221149998.000000	0.000000e+00
1.376406e+01	4.303217e+00	2.894309e-04	221053084.000000	0.000000e+00
1.376606e+01	4.302546e+00	2.893767e-04	221067048.000000	0.000000e+00
1.376805e+01	4.301551e+00	2.893688e-04	220976866.000000	0.000000e+00
1.377005e+01	4.300818e+00	2.893725e-04	220895862.000000	0.000000e+00
1.377204e+01	4.300223e+00	2.893536e-04	220863640.000000	0.000000e+00
1.377404e+01	4.299079e+00	2.893162e-04	220803166.000000	0.000000e+00
1.377603e+01	4.298736e+00	2.893261e-04	220752900.000000	0.000000e+00
1.377803e+01	4.297928e+00	2.893308e-04	220662754.000000	0.000000e+00
1.378002e+01	4.296757e+00	2.892507e-04	220664712.000000	0.000000e+00
1.378202e+01	4.295955e+00	2.892599e-04	220568218.000000	0.000000e+00
1.378401e+01	4.295208e+00	2.892290e-04	220538746.000000	0.000000e+00
1.378601e+01	4.294726e+00	2.892306e-04	220486656.000000	0.000000e+00
1.378800e+01	4.293191e+00	2.891671e-04	220426006.000000	0.000000e+00
1.378999e+01	4.292669e+00	2.891821e-04	220349526.000000	0.000000e+00
1.379199e+01	4.291563e+00	2.891326e-04	220311364.000000	0.000000e+00
1.379398e+01	4.291202e+00	2.891187e-04	220295412.000000	0.000000e+00
1.379598e+01	4.289779e+00	2.891223e-04	220143898.000000	0.000000e+00
1.379797e+01	4.289641e+00	2.890951e-04	220171234.000000	0.000000e+00
1.379997e+01	4.288680e+00	2.890877e-04	220083876.000000	0.000000e+00
1.380196e+01	4.287549e+00	2.890293e-04	220056634.000000	0.000000e+00
1.380396e+01	4.286609e+00	2.890209e-04	219972918.000000	0.000000e+00
1.380595e+01	4.285646e+00	2.889673e-04	219955708.000000	0.000000e+00
1.380795e+01	4.284641e+00	2.889570e-04	219868104.000000	0.000000e+00
1.380994e+01	4.284646e+00	2.890249e-04	219765376.000000	0.000000e+00
1.381194e+01	4.283903e+00	2.889588e-04	219789724.000000	0.000000e+00
1.381393e+01	4.283063e+00	2.889545e-04	219710100.000000	0.000000e+00
1.381593e+01	4.281288e+00	2.888729e-04	219652006.000000	0.000000e+00
1.381792e+01	4.281487e+00	2.889467e-04	219560244.000000	0.000000e+00
1.381991e+01	4.280467e+00	2.888866e-04	219546958.000000	0.000000e+00
1.382191e+01	4.279208e+00	2.888647e-04	219451210.000000	0.000000e+00
1.382390e+01	4.278148e+00	2.888003e-04	219440274.000000	0.000000e+00
1.382590e+01	4.277063e+00	2.887634e-04	219384964.000000	0.000000e+00
1.382789e+01	4.276844e+00	2.887859e-04	219328332.000000	0.000000e+00
1.382989e+01	4.275840e+00	2.887524e-04	219276334.000000	0.000000e+00
1.383188e+01	4.275319e+00	2.887799e-04	219181026.000000	0.000000e+00
1.383388e+01	4.274640e+00	2.887512e-04	219155104.000000	0.000000e+00
1.383587e+01	4.273750e+00	2.887246e-04	219104206.000000	0.000000e+00
1.383787e+01	4.272767e+00	2.886993e-04	219041844.000000	0.000000e+00
1.383986e+01	4.271737e+00	2.886793e-04	218966578.000000	0.000000e+00
1.384186e+01	4.271180e+00	2.886438e-04	218963226.000000	0.000000e+00
1.384385e+01	4.270812e+00	2.886984e-04	218842720.000000	0.000000e+00
1.384584e+01	4.269596e+00	2.886231e-04	218832258.000000	0.000000e+00
1.384784e+01	4.269015e+00	2.886393e-04	218748082.000000	0.000000e+00
1.384983e+01	4.268014e+00	2.886086e-04	218692066.000000	0.000000e+00
1.385183e+01	4.266921e+00	2.885500e-04	218668908.000000	0.000000e+00
1.385382e+01	4.266027e+00	2.885465e-04	218582584.000000	0.000000e+00
1.385582e+01	4.265639e+00	2.885341e-04	218561730.000000	0.000000e+00
1.385781e+01	4.265088e+00	2.885924e-04	218416882.000000	0.000000e+00
1.385981e+01	4.263455e+00	2.884470e-04	218469684.000000	0.000000e+00
1.386180e+01	4.263047e+00	2.884853e-04	218369902.000000	0.000000e+00
1.386380e+01	4.262610e+00	2.884859e-04	218324344.000000	0.000000e+00
1.386579e+01	4.261452e+00	2.884634e-04	218239722.000000	0.000000e+00
1.386779e+01	4.261484e+00	2.884763e-04	218223442.000000	0.000000e+00
1.386978e+01	4.259758e+00	2.884294e-04	218117742.000000	0.000000e+00
1.387178e+01	4.258780e+00	2.883666e-04	218112400.000000	0.000000e+00
1.387377e+01	4.258576e+00	2.884257e-04	218002198.000000	0.000000e+00
1.387576e+01	4.256817e+00	2.883048e-04	218004846.000000	0.000000e+00
1.387776e+01	4.256398e+00	2.883237e-04	217933378.000000	0.000000e+00
1.387975e+01	4.256004e+00	2.883580e-04	217841268.000000	0.000000e+00
1.388175e+01	4.254981e+00	2.883124e-04	217805446.000000	0.000000e+00
1.388374e+01	4.254410e+00	2.882886e-04	217782942.000000	0.000000e+00
1.388574e+01	4.253082e+00	2.882340e-04	217729372.000000	0.000000e+00
1.388773e+01	4.252851e+00	2.883023e-04	217602682.000000	0.000000e+00
1.388973e+01	4.251402e+00	2.882295e-04	217564290.000000	0.000000e+00
1.389172e+01	4.251035e+00	2.882133e-04	217551100.000000	0.000000e+00
1.389372e+01	4.250376e+00	2.882353e-04	217450470.000000	0.000000e+00
1.389571e+01	4.249397e+00	2.881757e-04	217440178.000000	0.000000e+00
1.389771e+01	4.248450e+00	2.881908e-04	217320546.000000	0.000000e+00
1.389970e+01	4.247355e+00	2.881046e-04	217338568.000000	0.000000e+00
1.390169e+01	4.247071e+00	2.881484e-04	217243522.000000	0.000000e+00
1.390369e+01	4.246389e+00	2.881449e-04	217179000.000000	0.000000e+00
1.390568e+01	4.245561e+00	2.881254e-04	217123594.000000	0.000000e+00
1.390768e+01	4.245106e+00	2.881177e-04	217088682.000000	0.000000e+00
1.390967e+01	4.244212e+00	2.880775e-04	217057816.000000	0.000000e+00
1.391167e+01	4.243555e+00	2.881293e-04	216912708.000000	0.000000e+00
1.391366e+01	4.242747e+00	2.880507e-04	216948400.000000	0.000000e+00
1.391566e+01	4.241664e+00	2.880574e-04	216827584.000000	0.000000e+00
1.391765e+01	4.240792e+00	2.880091e-04	216811056.000000	0.000000e+00
1.391965e+01	4.240320e+00	2.880477e-04	216704728.000000	0.000000e+00
1.392164e+01	4.239633e+00	2.880051e-04	216698532.000000	0.000000e+00
1.392364e+01	4.238030e+00	2.879371e-04	216637048.000000	0.000000e+00
1.392563e+01	4.237999e+00	2.879994e-04	216540304.000000	0.000000e+00
1.392763e+01	4.237688e+00	2.879770e-04	216542172.000000	0.000000e+00
1.392962e+01	4.236263e+00	2.879439e-04	216446188.000000	0.000000e+00
1.393161e+01	4.235243e+00	2.878840e-04	216432114.000000	0.000000e+00
1.393361e+01	4.234641e+00	2.879465e-04	216276610.000000	0.000000e+00
1.393560e+01	4.234060e+00	2.878735e-04	216326928.000000	0.000000e+00
1.393760e+01	4.233205e+00	2.878890e-04	216216304.000000	0.000000e+00
1.393959e+01	4.232305e+00	2.878626e-04	216164032.000000	0.000000e+00
1.394159e+01	4.231524e+00	2.878626e-04	216084312.000000	0.000000e+00
1.394358e+01	4.230774e+00	2.878271e-04	216060904.000000	0.000000e+00
1.394558e+01	4.229946e+00	2.877974e-04	216021042.000000	0.000000e+00
1.394757e+01	4.229382e+00	2.878054e-04	215951254.000000	0.000000e+00
1.394957e+01	4.228043e+00	2.877743e-04	215861340.000000	0.000000e+00
1.395156e+01	4.227352e+00	2.877369e-04	215846914.000000	0.000000e+00
1.395356e+01	4.227009e+00	2.877476e-04	215795782.000000	0.000000e+00
1.395555e+01	4.225285e+00	2.877021e-04	215687976.000000	0.000000e+00
1.395755e+01	4.224790e+00	2.876685e-04	215687830.000000	0.000000e+00
1.395954e+01	4.224045e+00	2.877050e-04	215556996.000000	0.000000e+00
1.396153e+01	4.223338e+00	2.876387e-04	215584306.000000	0.000000e+00
1.396353e+01	4.222572e+00	2.876771e-04	215448498.000000	0.000000e+00
1.396552e+01	4.221818e+00	2.876375e-04	215430868.000000	0.000000e+00
1.396752e+01	4.221472e+00	2.876352e-04	215399008.000000	0.000000e+00
1.396951e+01	4.220555e+00	2.876502e-04	215283018.000000	0.000000e+00
1.397151e+01	4.219988e+00	2.875861e-04	215321170.000000	0.000000e+00
1.397350e+01	4.218831e+00	2.876171e-04	215156688.000000	0.000000e+00
1.397550e+01	4.218633e+00	2.876251e-04	215124514.000000	0.000000e+00
1.397749e+01	4.218287e+00	2.876356e-04	215073502.000000	0.000000e+00
1.397949e+01	4.217108e+00	2.875796e-04	215037030.000000	0.000000e+00
1.398148e+01	4.215938e+00	2.875406e-04	214976002.000000	0.000000e+00
1.398348e+01	4.215265e+00	2.875348e-04	214916076.000000	0.000000e+00
1.398547e+01	4.214929e+00	2.875604e-04	214843492.000000	0.000000e+00
1.398746e+01	4.214189e+00	2.875526e-04	214779864.000000	0.000000e+00
1.398946e+01	4.213288e+00	2.874821e-04	214793332.000000	0.000000e+00
1.399145e+01	4.212366e+00	2.875024e-04	214668892.000000	0.000000e+00
1.399345e+01	4.211777e+00	2.874748e-04	214650090.000000	0.000000e+00
1.399544e+01	4.210816e+00	2.874935e-04	214524322.000000	0.000000e+00
1.399744e+01	4.210011e+00	2.874406e-04	214521192.000000	0.000000e+00
1.399943e+01	4.209686e+00	2.874762e-04	214434922.000000	0.000000e+00
1.400143e+01	4.208222e+00	2.873881e-04	214417230.000000	0.000000e+00
1.400342e+01	4.207399e+00	2.873914e-04	214328422.000000	0.000000e+00
1.400542e+01	4.206659e+00	2.873849e-04	214262770.000000	0.000000e+00
1.400741e+01	4.205932e+00	2.873534e-04	214235640.000000	0.000000e+00
1.400941e+01	4.205536e+00	2.873593e-04	214186522.000000	0.000000e+00
1.401140e+01	4.205147e+00	2.873687e-04	214132878.000000	0.000000e+00
1.401340e+01	4.204325e+00	2.873986e-04	214004590.000000	0.000000e+00
1.401539e+01	4.203799e+00	2.873590e-04	214010146.000000	0.000000e+00
1.401738e+01	4.202549e+00	2.873555e-04	213887946.000000	0.000000e+00
1.401938e+01	4.201623e+00	2.872791e-04	213907540.000000	0.000000e+00
1.402137e+01	4.200426e+00	2.872589e-04	213815730.000000	0.000000e+00
1.402337e+01	4.200074e+00	2.872902e-04	213733402.000000	0.000000e+00
1.402536e+01	4.199643e+00	2.872642e-04	213728124.000000	0.000000e+00
1.402736e+01	4.198820e+00	2.872718e-04	213633148.000000	0.000000e+00
1.402935e+01	4.197805e+00	2.872081e-04	213624496.000000	0.000000e+00
1.403135e+01	4.197418e+00	2.872781e-04	213481032.000000	0.000000e+00
1.403334e+01	4.196285e+00	2.871966e-04	213486922.000000	0.000000e+00
1.403534e+01	4.195946e+00	2.872257e-04	213409200.000000	0.000000e+00
1.403733e+01	4.194976e+00	2.871932e-04	213358798.000000	0.000000e+00
1.403933e+01	4.194429e+00	2.871889e-04	213309576.000000	0.000000e+00
1.404132e+01	4.193141e+00	2.871681e-04	213209536.000000	0.000000e+00
1.404331e+01	4.192746e+00	2.871612e-04	213179536.000000	0.000000e+00
1.404531e+01	4.192606e+00	2.871769e-04	213142092.000000	0.000000e+00
1.404730e+01	4.191188e+00	2.871365e-04	213057898.000000	0.000000e+00
1.404930e+01	4.190714e+00	2.871511e-04	212987970.000000	0.000000e+00
1.405129e+01	4.189704e+00	2.871325e-04	212912842.000000	0.000000e+00
1.405329e+01	4.189266e+00	2.870849e-04	212938944.000000	0.000000e+00
1.405528e+01	4.187994e+00	2.870941e-04	212795986.000000	0.000000e+00
1.405728e+01	4.187429e+00	2.870554e-04	212796082.000000	0.000000e+00
1.405927e+01	4.187298e+00	2.871045e-04	212709984.000000	0.000000e+00
1.406127e+01	4.185978e+00	2.870611e-04	212640052.000000	0.000000e+00
1.406326e+01	4.185471e+00	2.870641e-04	212584158.000000	0.000000e+00
1.406526e+01	4.184792e+00	2.870574e-04	212525050.000000	0.000000e+00
1.406725e+01	4.183936e+00	2.870240e-04	212487634.000000	0.000000e+00
1.406925e+01	4.182873e+00	2.869674e-04	212463420.000000	0.000000e+00
1.407124e+01	4.182219e+00	2.869964e-04	212354062.000000	0.000000e+00
1.407323e+01	4.181402e+00	2.869716e-04	212307828.000000	0.000000e+00
1.407523e+01	4.180769e+00	2.870052e-04	212193898.000000	0.000000e+00
1.407722e+01	4.180593e+00	2.869488e-04	212259486.000000	0.000000e+00
1.407922e+01	4.179443e+00	2.870081e-04	212055004.000000	0.000000e+00
1.408121e+01	4.178523e+00	2.869217e-04	212089342.000000	0.000000e+00
1.408321e+01	4.178301e+00	2.869445e-04	212033082.000000	0.000000e+00
1.408520e+01	4.177287e+00	2.869560e-04	211913290.000000	0.000000e+00
1.408720e+01	4.176815e+00	2.869155e-04	211925196.000000	0.000000e+00
1.408919e+01	4.176299e+00	2.869645e-04	211800394.000000	0.000000e+00
1.409119e+01	4.175293e+00	2.869007e-04	211792584.000000	0.000000e+00
1.409318e+01	4.174251e+00	2.868790e-04	211718794.000000	0.000000e+00
1.409518e+01	4.173863e+00	2.868975e-04	211652230.000000	0.000000e+00
1.409717e+01	4.172785e+00	2.868490e-04	211614516.000000	0.000000e+00
1.409916e+01	4.172677e+00	2.869225e-04	211495138.000000	0.000000e+00
1.410116e+01	4.171383e+00	2.868241e-04	211508952.000000	0.000000e+00
1.410315e+01	4.171097e+00	2.868679e-04	211415380.000000	0.000000e+00
1.410515e+01	4.170235e+00	2.868417e-04	211366716.000000	0.000000e+00
1.410714e+01	4.169550e+00	2.868401e-04	211299640.000000	0.000000e+00
1.410914e+01	4.168754e+00	2.868292e-04	211235008.000000	0.000000e+00
1.411113e+01	4.168252e+00	2.868102e-04	211212180.000000	0.000000e+00
1.411313e+01	4.167733e+00	2.868642e-04	211080070.000000	0.000000e+00
1.411512e+01	4.166922e+00	2.867842e-04	211115676.000000	0.000000e+00
1.411712e+01	4.165647e+00	2.867614e-04	211019926.000000	0.000000e+00
1.411911e+01	4.165090e+00	2.867876e-04	210925012.000000	0.000000e+00
1.412111e+01	4.164104e+00	2.867444e-04	210888558.000000	0.000000e+00
1.412310e+01	4.163821e+00	2.867591e-04	210838378.000000	0.000000e+00
1.412510e+01	4.162533e+00	2.867153e-04	210772242.000000	0.000000e+00
1.412709e+01	4.162602e+00	2.867638e-04	210708052.000000	0.000000e+00
1.412908e+01	4.161508e+00	2.867269e-04	210651420.000000	0.000000e+00
1.413108e+01	4.160983e+00	2.867469e-04	210569050.000000	0.000000e+00
1.413307e+01	4.160236e+00	2.867126e-04	210543754.000000	0.000000e+00
1.413507e+01	4.159192e+00	2.866888e-04	210473046.000000	0.000000e+00
1.413706e+01	4.158661e+00	2.867118e-04	210385570.000000	0.000000e+00
1.413906e+01	4.157732e+00	2.866440e-04	210391068.000000	0.000000e+00
1.414105e+01	4.157189e+00	2.866739e-04	210292204.000000	0.000000e+00
1.414305e+01	4.156150e+00	2.866332e-04	210246762.000000	0.000000e+00
1.414504e+01	4.155801e+00	2.866300e-04	210216262.000000	0.000000e+00
1.414704e+01	4.154609e+00	2.866261e-04	210101290.000000	0.000000e+00
1.414903e+01	4.154632e+00	2.866692e-04	210040524.000000	0.000000e+00
1.415103e+01	4.153974e+00	2.866617e-04	209985022.000000	0.000000e+00
1.415302e+01	4.153445e+00	2.866390e-04	209964756.000000	0.000000e+00
1.415502e+01	4.152371e+00	2.866062e-04	209904226.000000	0.000000e+00
1.415701e+01	4.152164e+00	2.866776e-04	209778838.000000	0.000000e+00
1.415900e+01	4.150917e+00	2.865899e-04	209781066.000000	0.000000e+00
1.416100e+01	4.150263e+00	2.866088e-04	209687272.000000	0.000000e+00
1.416299e+01	4.149399e+00	2.865676e-04	209660328.000000	0.000000e+00
1.416499e+01	4.148967e+00	2.865960e-04	209575096.000000	0.000000e+00
1.416698e+01	4.147968e+00	2.865583e-04	209529264.000000	0.000000e+00
1.416898e+01	4.147558e+00	2.865950e-04	209434234.000000	0.000000e+00
1.417097e+01	4.146615e+00	2.865430e-04	209415094.000000	0.000000e+00
1.417297e+01	4.146291e+00	2.865784e-04	209330520.000000	0.000000e+00
1.417496e+01	4.145640e+00	2.865464e-04	209311552.000000	0.000000e+00
1.417696e+01	4.145161e+00	2.865933e-04	209194710.000000	0.000000e+00
1.417895e+01	4.144288e+00	2.865595e-04	209155942.000000	0.000000e+00
1.418095e+01	4.143152e+00	2.865187e-04	209100798.000000	0.000000e+00
1.418294e+01	4.142442e+00	2.864898e-04	209071384.000000	0.000000e+00
1.418493e+01	4.142368e+00	2.865427e-04	208986712.000000	0.000000e+00
1.418693e+01	4.141422e+00	2.865289e-04	208911366.000000	0.000000e+00
1.418892e+01	4.140511e+00	2.864802e-04	208890442.000000	0.000000e+00
1.419092e+01	4.140164e+00	2.865572e-04	208743240.000000	0.000000e+00
1.419291e+01	4.138714e+00	2.864199e-04	208797136.000000	0.000000e+00
1.419491e+01	4.138740e+00	2.865263e-04	208644726.000000	0.000000e+00
1.419690e+01	4.137487e+00	2.864301e-04	208658428.000000	0.000000e+00
1.419890e+01	4.137199e+00	2.864782e-04	208559338.000000	0.000000e+00
1.420089e+01	4.136472e+00	2.864627e-04	208508664.000000	0.000000e+00
1.420289e+01	4.135839e+00	2.864762e-04	208425142.000000	0.000000e+00
1.420488e+01	4.134732e+00	2.864261e-04	208386438.000000	0.000000e+00
1.420688e+01	4.134646e+00	2.864909e-04	208283518.000000	0.000000e+00
1.420887e+01	4.134279e+00	2.864611e-04	208289956.000000	0.000000e+00
1.421087e+01	4.133285e+00	2.864540e-04	208200126.000000	0.000000e+00
1.421286e+01	4.132458e+00	2.864369e-04	208141672.000000	0.000000e+00
1.421485e+01	4.132036e+00	2.864362e-04	208100154.000000	0.000000e+00
1.421685e+01	4.130919e+00	2.864181e-04	208013872.000000	0.000000e+00
1.421884e+01	4.130147e+00	2.864151e-04	207940572.000000	0.000000e+00
1.422084e+01	4.129734e+00	2.863904e-04	207934828.000000	0.000000e+00
1.422283e+01	4.129367e+00	2.864573e-04	207800806.000000	0.000000e+00
1.422483e+01	4.127876e+00	2.863627e-04	207788040.000000	0.000000e+00
1.422682e+01	4.127589e+00	2.864008e-04	207703792.000000	0.000000e+00
1.422882e+01	4.127048e+00	2.863646e-04	207701802.000000	0.000000e+00
1.423081e+01	4.126859e+00	2.864388e-04	207575242.000000	0.000000e+00
1.423281e+01	4.125880e+00	2.863662e-04	207582066.000000	0.000000e+00
1.423480e+01	4.125404e+00	2.864482e-04	207415258.000000	0.000000e+00
1.423680e+01	4.123839e+00	2.863200e-04	207443680.000000	0.000000e+00
1.423879e+01	4.123172e+00	2.863487e-04	207334944.000000	0.000000e+00
1.424078e+01	4.122790e+00	2.863380e-04	207312028.000000	0.000000e+00
1.424278e+01	4.121757e+00	2.863146e-04	207242004.000000	0.000000e+00
1.424477e+01	4.121541e+00	2.863754e-04	207132400.000000	0.000000e+00
1.424677e+01	4.120315e+00	2.862888e-04	207134292.000000	0.000000e+00
1.424876e+01	4.120313e+00	2.863539e-04	207040036.000000	0.000000e+00
1.425076e+01	4.119129e+00	2.862864e-04	207018634.000000	0.000000e+00
1.425275e+01	4.118779e+00	2.863338e-04	206914926.000000	0.000000e+00
1.425475e+01	4.118283e+00	2.863264e-04	206875822.000000	0.000000e+00
1.425674e+01	4.117071e+00	2.863172e-04	206767296.000000	0.000000e+00
1.425874e+01	4.116628e+00	2.862908e-04	206761006.000000	0.000000e+00
1.426073e+01	4.115997e+00	2.862887e-04	206700604.000000	0.000000e+00
1.426273e+01	4.115365e+00	2.862794e-04	206650518.000000	0.000000e+00
1.426472e+01	4.114738e+00	2.862899e-04	206572396.000000	0.000000e+00
1.426672e+01	4.114118e+00	2.863315e-04	206450280.000000	0.000000e+00
1.426871e+01	4.113204e+00	2.862520e-04	206473108.000000	0.000000e+00
1.427070e+01	4.112707e+00	2.862821e-04	206379750.000000	0.000000e+00
1.427270e+01	4.112125e+00	2.863022e-04	206292508.000000	0.000000e+00
1.427469e+01	4.111749e+00	2.862688e-04	206302828.000000	0.000000e+00
1.427669e+01	4.110924e+00	2.863117e-04	206158176.000000	0.000000e+00
1.427868e+01	4.110371e+00	2.862653e-04	206169544.000000	0.000000e+00
1.428068e+01	4.109344e+00	2.862596e-04	206074866.000000	0.000000e+00
1.428267e+01	4.108996e+00	2.862933e-04	205991302.000000	0.000000e+00
1.428467e+01	4.107760e+00	2.862230e-04	205968588.000000	0.000000e+00
1.428666e+01	4.107190e+00	2.862311e-04	205899796.000000	0.000000e+00
1.428866e+01	4.107100e+00	2.863000e-04	205791700.000000	0.000000e+00
1.429065e+01	4.106297e+00	2.862432e-04	205792938.000000	0.000000e+00
1.429265e+01	4.105539e+00	2.862512e-04	205705396.000000	0.000000e+00
1.429464e+01	4.105028e+00	2.862682e-04	205629792.000000	0.000000e+00
1.429663e+01	4.104366e+00	2.862505e-04	205588816.000000	0.000000e+00
1.429863e+01	4.103409e+00	2.862255e-04	205528920.000000	0.000000e+00
1.430062e+01	4.103105e+00	2.862599e-04	205449106.000000	0.000000e+00
1.430262e+01	4.102595e+00	2.862485e-04	205414318.000000	0.000000e+00
1.430461e+01	4.102064e+00	2.862614e-04	205342668.000000	0.000000e+00
1.430661e+01	4.101156e+00	2.862573e-04	205257580.000000	0.000000e+00
1.430860e+01	4.100103e+00	2.861908e-04	205247664.000000	0.000000e+00
1.431060e+01	4.099662e+00	2.862258e-04	205153348.000000	0.000000e+00
1.431259e+01	4.098502e+00	2.861853e-04	205095346.000000	0.000000e+00
1.431459e+01	4.098467e+00	2.862281e-04	205030350.000000	0.000000e+00
1.431658e+01	4.098056e+00	2.862363e-04	204977578.000000	0.000000e+00
1.431858e+01	4.097122e+00	2.862138e-04	204916272.000000	0.000000e+00
1.432057e+01	4.096495e+00	2.862754e-04	204765466.000000	0.000000e+00
1.432257e+01	4.096167e+00	2.861853e-04	204861696.000000	0.000000e+00
1.432456e+01	4.095375e+00	2.862598e-04	204675898.000000	0.000000e+00
1.432655e+01	4.094829e+00	2.862101e-04	204692404.000000	0.000000e+00
1.432855e+01	4.094138e+00	2.862472e-04	204570204.000000	0.000000e+00
1.433054e+01	4.093194e+00	2.861782e-04	204574516.000000	0.000000e+00
1.433254e+01	4.092716e+00	2.862334e-04	204447810.000000	0.000000e+00
1.433453e+01	4.092002e+00	2.861941e-04	204432622.000000	0.000000e+00
1.433653e+01	4.091257e+00	2.861806e-04	204377622.000000	0.000000e+00
1.433852e+01	4.091141e+00	2.862272e-04	204299428.000000	0.000000e+00
1.434052e+01	4.090658e+00	2.862603e-04	204203890.000000	0.000000e+00
1.434251e+01	4.089170e+00	2.861902e-04	204155310.000000	0.000000e+00
1.434451e+01	4.088919e+00	2.862068e-04	204106558.000000	0.000000e+00
1.434650e+01	4.088663e+00	2.862201e-04	204062046.000000	0.000000e+00
1.434850e+01	4.086978e+00	2.861458e-04	203999818.000000	0.000000e+00
1.435049e+01	4.087387e+00	2.862607e-04	203876854.000000	0.000000e+00
1.435249e+01	4.086307e+00	2.862015e-04	203853456.000000	0.000000e+00
1.435448e+01	4.086194e+00	2.862127e-04	203826202.000000	0.000000e+00
1.435647e+01	4.085175e+00	2.862089e-04	203729958.000000	0.000000e+00
1.435847e+01	4.084524e+00	2.862163e-04	203654518.000000	0.000000e+00
1.436046e+01	4.083971e+00	2.862064e-04	203613564.000000	0.000000e+00
1.436246e+01	4.083357e+00	2.862018e-04	203558872.000000	0.000000e+00
1.436445e+01	4.082797e+00	2.862438e-04	203443240.000000	0.000000e+00
1.436645e+01	4.081929e+00	2.861811e-04	203445966.000000	0.000000e+00
1.436844e+01	4.081798e+00	2.862476e-04	203338342.000000	0.000000e+00
1.437044e+01	4.080360e+00	2.861528e-04	203329752.000000	0.000000e+00
1.437243e+01	4.079612e+00	2.861884e-04	203204638.000000	0.000000e+00
1.437443e+01	4.079433e+00	2.862078e-04	203159226.000000	0.000000e+00
1.437642e+01	4.078907e+00	2.861944e-04	203125828.000000	0.000000e+00
1.437842e+01	4.078318e+00	2.862153e-04	203037628.000000	0.000000e+00
1.438041e+01	4.077541e+00	2.861800e-04	203010378.000000	0.000000e+00
1.438240e+01	4.077071e+00	2.862140e-04	202915294.000000	0.000000e+00
1.438440e+01	4.076200e+00	2.861722e-04	202887822.000000	0.000000e+00
1.438639e+01	4.075660e+00	2.862259e-04	202758088.000000	0.000000e+00
1.438839e+01	4.074973e+00	2.861868e-04	202745046.000000	0.000000e+00
1.439038e+01	4.073675e+00	2.861289e-04	202697914.000000	0.000000e+00
1.439238e+01	4.073951e+00	2.862083e-04	202612876.000000	0.000000e+00
1.439437e+01	4.073263e+00	2.862178e-04	202530990.000000	0.000000e+00
1.439637e+01	4.072441e+00	2.862034e-04	202469626.000000	0.000000e+00
1.439836e+01	4.071772e+00	2.861748e-04	202443678.000000	0.000000e+00
1.440036e+01	4.071729e+00	2.862230e-04	202371136.000000	0.000000e+00
1.440235e+01	4.070228e+00	2.861977e-04	202257820.000000	0.000000e+00
1.440435e+01	4.070203e+00	2.862252e-04	202216452.000000	0.000000e+00
1.440634e+01	4.069220e+00	2.861822e-04	202179442.000000	0.000000e+00
1.440834e+01	4.068987e+00	2.861958e-04	202137084.000000	0.000000e+00
1.441033e+01	4.068578e+00	2.862422e-04	202030978.000000	0.000000e+00
1.441232e+01	4.068204e+00	2.862492e-04	201984006.000000	0.000000e+00
1.441432e+01	4.066927e+00	2.861964e-04	201931690.000000	0.000000e+00
1.441631e+01	4.066920e+00	2.862629e-04	201837160.000000	0.000000e+00
1.441831e+01	4.066238e+00	2.862340e-04	201810252.000000	0.000000e+00
1.442030e+01	4.065116e+00	2.862038e-04	201741454.000000	0.000000e+00
1.442230e+01	4.065014e+00	2.862625e-04	201648492.000000	0.000000e+00
1.442429e+01	4.064057e+00	2.862250e-04	201606484.000000	0.000000e+00
1.442629e+01	4.063551e+00	2.862525e-04	201517608.000000	0.000000e+00
1.442828e+01	4.062407e+00	2.861850e-04	201499132.000000	0.000000e+00
1.443028e+01	4.062554e+00	2.862448e-04	201429568.000000	0.000000e+00
1.443227e+01	4.061909e+00	2.862475e-04	201361848.000000	0.000000e+00
1.443427e+01	4.060736e+00	2.862351e-04	201262870.000000	0.000000e+00
1.443626e+01	4.060897e+00	2.862761e-04	201221220.000000	0.000000e+00
1.443826e+01	4.059673e+00	2.861960e-04	201212512.000000	0.000000e+00
1.444025e+01	4.059004e+00	2.862665e-04	201047124.000000	0.000000e+00
1.444224e+01	4.058788e+00	2.862393e-04	201063898.000000	0.000000e+00
1.444424e+01	4.057960e+00	2.862390e-04	200982334.000000	0.000000e+00
1.444623e+01	4.057359e+00	2.862604e-04	200892732.000000	0.000000e+00
1.444823e+01	4.056880e+00	2.862629e-04	200841910.000000	0.000000e+00
1.445022e+01	4.056497e+00	2.862780e-04	200782782.000000	0.000000e+00
1.445222e+01	4.055728e+00	2.862456e-04	200752102.000000	0.000000e+00
1.445421e+01	4.055613e+00	2.863269e-04	200626648.000000	0.000000e+00
1.445621e+01	4.054556e+00	2.862757e-04	200593950.000000	0.000000e+00
1.445820e+01	4.053561e+00	2.862262e-04	200564830.000000	0.000000e+00
1.446020e+01	4.053638e+00	2.863299e-04	200427108.000000	0.000000e+00
1.446219e+01	4.052872e+00	2.862736e-04	200430226.000000	0.000000e+00
1.446419e+01	4.051918e+00	2.862947e-04	200306334.000000	0.000000e+00
1.446618e+01	4.050934e+00	2.862252e-04	200306350.000000	0.000000e+00
1.446817e+01	4.051271e+00	2.863133e-04	200216404.000000	0.000000e+00
1.447017e+01	4.050509e+00	2.863085e-04	200147694.000000	0.000000e+00
1.447216e+01	4.049339e+00	2.862659e-04	200091718.000000	0.000000e+00
1.447416e+01	4.049484e+00	2.863293e-04	200017452.000000	0.000000e+00
1.447615e+01	4.048545e+00	2.863109e-04	199950334.000000	0.000000e+00
1.447815e+01	4.047665e+00	2.862598e-04	199934766.000000	0.000000e+00
1.448014e+01	4.047240e+00	2.863156e-04	199814878.000000	0.000000e+00
1.448214e+01	4.046967e+00	2.863370e-04	199758076.000000	0.000000e+00
1.448413e+01	4.045964e+00	2.863220e-04	199680024.000000	0.000000e+00
1.448613e+01	4.045728e+00	2.863145e-04	199667260.000000	0.000000e+00
1.448812e+01	4.045010e+00	2.863380e-04	199563552.000000	0.000000e+00
1.449012e+01	4.044520e+00	2.863327e-04	199522654.000000	0.000000e+00
1.449211e+01	4.043748e+00	2.863286e-04	199452150.000000	0.000000e+00
1.449411e+01	4.043089e+00	2.863544e-04	199351246.000000	0.000000e+00
1.449610e+01	4.042726e+00	2.863297e-04	199349872.000000	0.000000e+00
1.449809e+01	4.041738e+00	2.863215e-04	199263810.000000	0.000000e+00
1.450009e+01	4.041510e+00	2.863589e-04	199189330.000000	0.000000e+00
1.450208e+01	4.041154e+00	2.863627e-04	199148880.000000	0.000000e+00
1.450408e+01	4.040557e+00	2.863936e-04	199047058.000000	0.000000e+00
1.450607e+01	4.040392e+00	2.864137e-04	199002910.000000	0.000000e+00
1.450807e+01	4.039297e+00	2.863820e-04	198939042.000000	0.000000e+00
1.451006e+01	4.038180e+00	2.863684e-04	198847912.000000	0.000000e+00
1.451206e+01	4.038295e+00	2.864168e-04	198792114.000000	0.000000e+00
1.451405e+01	4.037634e+00	2.863788e-04	198779710.000000	0.000000e+00
1.451605e+01	4.036660e+00	2.863886e-04	198670236.000000	0.000000e+00
1.451804e+01	4.036257e+00	2.863862e-04	198633916.000000	0.000000e+00
1.452004e+01	4.035647e+00	2.864278e-04	198516184.000000	0.000000e+00
1.452203e+01	4.034875e+00	2.863891e-04	198493980.000000	0.000000e+00
1.452402e+01	4.034650e+00	2.864013e-04	198454954.000000	0.000000e+00
1.452602e+01	4.034502e+00	2.864720e-04	198342354.000000	0.000000e+00
1.452801e+01	4.033851e+00	2.864724e-04	198277846.000000	0.000000e+00
1.453001e+01	4.033726e+00	2.864826e-04	198251388.000000	0.000000e+00
1.453200e+01	4.032402e+00	2.864346e-04	198187642.000000	0.000000e+00
1.453400e+01	4.032194e+00	2.864821e-04	198101566.000000	0.000000e+00
1.453599e+01	4.031174e+00	2.864537e-04	198040584.000000	0.000000e+00
1.453799e+01	4.031302e+00	2.865209e-04	197960206.000000	0.000000e+00
1.453998e+01	4.029966e+00	2.864647e-04	197906694.000000	0.000000e+00
1.454198e+01	4.029212e+00	2.864597e-04	197839552.000000	0.000000e+00
1.454397e+01	4.029217e+00	2.865050e-04	197777518.000000	0.000000e+00
1.454597e+01	4.028401e+00	2.864898e-04	197718354.000000	0.000000e+00
1.454796e+01	4.028031e+00	2.865003e-04	197667586.000000	0.000000e+00
1.454996e+01	4.027636e+00	2.865477e-04	197563464.000000	0.000000e+00
1.455195e+01	4.026880e+00	2.865211e-04	197526010.000000	0.000000e+00
1.455394e+01	4.026299e+00	2.865033e-04	197493522.000000	0.000000e+00
1.455594e+01	4.026208e+00	2.865960e-04	197356840.000000	0.000000e+00
1.455793e+01	4.024775e+00	2.865171e-04	197325010.000000	0.000000e+00
1.455993e+01	4.024962e+00	2.865879e-04	197245890.000000	0.000000e+00
1.456192e+01	4.024200e+00	2.865524e-04	197219950.000000	0.000000e+00
1.456392e+01	4.023708e+00	2.865698e-04	197147820.000000	0.000000e+00
1.456591e+01	4.022977e+00	2.865890e-04	197049874.000000	0.000000e+00
1.456791e+01	4.022176e+00	2.865600e-04	197011326.000000	0.000000e+00
1.456990e+01	4.022067e+00	2.865993e-04	196946584.000000	0.000000e+00
1.457190e+01	4.021327e+00	2.865866e-04	196891516.000000	0.000000e+00
1.457389e+01	4.020856e+00	2.866197e-04	196799976.000000	0.000000e+00
1.457589e+01	4.020800e+00	2.866871e-04	196701964.000000	0.000000e+00
1.457788e+01	4.019698e+00	2.866102e-04	196699578.000000	0.000000e+00
1.457988e+01	4.018928e+00	2.865880e-04	196654834.000000	0.000000e+00
1.458187e+01	4.018846e+00	2.866741e-04	196528656.000000	0.000000e+00
1.458386e+01	4.017408e+00	2.866118e-04	196473370.000000	0.000000e+00
1.458586e+01	4.018044e+00	2.866915e-04	196426444.000000	0.000000e+00
1.458785e+01	4.017099e+00	2.866580e-04	196379928.000000	0.000000e+00
1.458985e+01	4.016408e+00	2.866887e-04	196270336.000000	0.000000e+00
1.459184e+01	4.015993e+00	2.867025e-04	196210776.000000	0.000000e+00
1.459384e+01	4.015401e+00	2.866887e-04	196171804.000000	0.000000e+00
1.459583e+01	4.015048e+00	2.867128e-04	196104364.000000	0.000000e+00
1.459783e+01	4.013987e+00	2.867080e-04	196007346.000000	0.000000e+00
1.459982e+01	4.013777e+00	2.867197e-04	195970810.000000	0.000000e+00
1.460182e+01	4.013363e+00	2.867293e-04	195917268.000000	0.000000e+00
1.460381e+01	4.012652e+00	2.867568e-04	195810274.000000	0.000000e+00
1.460581e+01	4.011881e+00	2.867333e-04	195767172.000000	0.000000e+00
1.460780e+01	4.011138e+00	2.867054e-04	195732706.000000	0.000000e+00
1.460979e+01	4.010861e+00	2.867734e-04	195612868.000000	0.000000e+00
1.461179e+01	4.010474e+00	2.867657e-04	195585660.000000	0.000000e+00
1.461378e+01	4.009240e+00	2.867258e-04	195519616.000000	0.000000e+00
1.461578e+01	4.009351e+00	2.868015e-04	195427248.000000	0.000000e+00
1.461777e+01	4.009086e+00	2.868221e-04	195373492.000000	0.000000e+00
1.461977e+01	4.008321e+00	2.867959e-04	195334494.000000	0.000000e+00
1.462176e+01	4.008130e+00	2.868548e-04	195235834.000000	0.000000e+00
1.462376e+01	4.006956e+00	2.868186e-04	195170650.000000	0.000000e+00
1.462575e+01	4.006747e+00	2.868467e-04	195112080.000000	0.000000e+00
1.462775e+01	4.005971e+00	2.868413e-04	195043870.000000	0.000000e+00
1.462974e+01	4.005426e+00	2.868282e-04	195008586.000000	0.000000e+00
1.463174e+01	4.005009e+00	2.868730e-04	194907184.000000	0.000000e+00
1.463373e+01	4.004881e+00	2.869362e-04	194808894.000000	0.000000e+00
1.463572e+01	4.003357e+00	2.868307e-04	194803786.000000	0.000000e+00
1.463772e+01	4.003566e+00	2.868896e-04	194744056.000000	0.000000e+00
1.463971e+01	4.002915e+00	2.868997e-04	194667198.000000	0.000000e+00
1.464171e+01	4.002433e+00	2.869120e-04	194603578.000000	0.000000e+00
1.464370e+01	4.001767e+00	2.869428e-04	194497056.000000	0.000000e+00
1.464570e+01	4.001466e+00	2.869300e-04	194485138.000000	0.000000e+00
1.464769e+01	4.001019e+00	2.869899e-04	194360506.000000	0.000000e+00
1.464969e+01	4.000135e+00	2.869517e-04	194326326.000000	0.000000e+00
1.465168e+01	3.999909e+00	2.869863e-04	194257594.000000	0.000000e+00
1.465368e+01	3.999135e+00	2.869829e-04	194187036.000000	0.000000e+00
1.465567e+01	3.998581e+00	2.869829e-04	194133196.000000	0.000000e+00
1.465767e+01	3.998132e+00	2.870015e-04	194064456.000000	0.000000e+00
1.465966e+01	3.997792e+00	2.870131e-04	194015776.000000	0.000000e+00
1.466166e+01	3.996907e+00	2.870397e-04	193893892.000000	0.000000e+00
1.466365e+01	3.996625e+00	2.870380e-04	193868856.000000	0.000000e+00
1.466564e+01	3.995928e+00	2.870259e-04	193817506.000000	0.000000e+00
1.466764e+01	3.995865e+00	2.870919e-04	193722360.000000	0.000000e+00
1.466963e+01	3.995201e+00	2.870945e-04	193654426.000000	0.000000e+00
1.467163e+01	3.994609e+00	2.870700e-04	193630146.000000	0.000000e+00
1.467362e+01	3.994321e+00	2.871026e-04	193558264.000000	0.000000e+00
1.467562e+01	3.993662e+00	2.871178e-04	193473886.000000	0.000000e+00
1.467761e+01	3.992750e+00	2.871331e-04	193364898.000000	0.000000e+00
1.467961e+01	3.992897e+00	2.871298e-04	193383568.000000	0.000000e+00
1.468160e+01	3.991948e+00	2.871833e-04	193219698.000000	0.000000e+00
1.468360e+01	3.991038e+00	2.871388e-04	193191496.000000	0.000000e+00
1.468559e+01	3.990499e+00	2.871252e-04	193157532.000000	0.000000e+00
1.468759e+01	3.990486e+00	2.872039e-04	193050550.000000	0.000000e+00
1.468958e+01	3.990027e+00	2.871584e-04	193067230.000000	0.000000e+00
1.469158e+01	3.989642e+00	2.872685e-04	192882036.000000	0.000000e+00
1.469357e+01	3.988807e+00	2.871958e-04	192898930.000000	0.000000e+00
1.469556e+01	3.988467e+00	2.872533e-04	192788886.000000	0.000000e+00
1.469756e+01	3.988155e+00	2.872559e-04	192755248.000000	0.000000e+00
1.469955e+01	3.987754e+00	2.873178e-04	192633466.000000	0.000000e+00
1.470155e+01	3.987080e+00	2.872738e-04	192627324.000000	0.000000e+00
1.470354e+01	3.986051e+00	2.872439e-04	192567970.000000	0.000000e+00
1.470554e+01	3.985816e+00	2.873255e-04	192435870.000000	0.000000e+00
1.470753e+01	3.985629e+00	2.873336e-04	192407104.000000	0.000000e+00
1.470953e+01	3.985063e+00	2.873164e-04	192375324.000000	0.000000e+00
1.471152e+01	3.984474e+00	2.873527e-04	192270022.000000	0.000000e+00
1.471352e+01	3.983732e+00	2.873668e-04	192179416.000000	0.000000e+00
1.471551e+01	3.983478e+00	2.873717e-04	192148440.000000	0.000000e+00
1.471751e+01	3.982929e+00	2.873706e-04	192097024.000000	0.000000e+00
1.471950e+01	3.982651e+00	2.874250e-04	191997432.000000	0.000000e+00
1.472150e+01	3.982004e+00	2.874217e-04	191939482.000000	0.000000e+00
1.472349e+01	3.981212e+00	2.874296e-04	191852502.000000	0.000000e+00
1.472548e+01	3.981361e+00	2.874565e-04	191831032.000000	0.000000e+00
1.472748e+01	3.980699e+00	2.874685e-04	191751262.000000	0.000000e+00
1.472947e+01	3.979895e+00	2.874920e-04	191642430.000000	0.000000e+00
1.473147e+01	3.979701e+00	2.874846e-04	191633638.000000	0.000000e+00
1.473346e+01	3.978916e+00	2.875166e-04	191515440.000000	0.000000e+00
1.473546e+01	3.978451e+00	2.875174e-04	191469670.000000	0.000000e+00
1.473745e+01	3.977669e+00	2.875085e-04	191406148.000000	0.000000e+00
1.473945e+01	3.977689e+00	2.875395e-04	191366736.000000	0.000000e+00
1.474144e+01	3.976618e+00	2.875643e-04	191230780.000000	0.000000e+00
1.474344e+01	3.976493e+00	2.875656e-04	191217000.000000	0.000000e+00
1.474543e+01	3.976109e+00	2.876039e-04	191129164.000000	0.000000e+00
1.474743e+01	3.975388e+00	2.875783e-04	191093928.000000	0.000000e+00
1.474942e+01	3.974817e+00	2.876217e-04	190981270.000000	0.000000e+00
1.475141e+01	3.974928e+00	2.876511e-04	190952902.000000	0.000000e+00
1.475341e+01	3.974488e+00	2.876767e-04	190876788.000000	0.000000e+00
1.475540e+01	3.973869e+00	2.877003e-04	190786030.000000	0.000000e+00
1.475740e+01	3.973009e+00	2.876498e-04	190770372.000000	0.000000e+00
1.475939e+01	3.972909e+00	2.877410e-04	190639960.000000	0.000000e+00
1.476139e+01	3.972049e+00	2.876965e-04	190616298.000000	0.000000e+00
1.476338e+01	3.971958e+00	2.877801e-04	190496842.000000	0.000000e+00
1.476538e+01	3.971219e+00	2.877049e-04	190525540.000000	0.000000e+00
1.476737e+01	3.970583e+00	2.878056e-04	190331238.000000	0.000000e+00
1.476937e+01	3.970576e+00	2.878019e-04	190335460.000000	0.000000e+00
1.477136e+01	3.969840e+00	2.877991e-04	190268652.000000	0.000000e+00
1.477336e+01	3.969283e+00	2.878164e-04	190192348.000000	0.000000e+00
1.477535e+01	3.969354e+00	2.878632e-04	190137336.000000	0.000000e+00
1.477734e+01	3.968636e+00	2.878541e-04	190080604.000000	0.000000e+00
1.477934e+01	3.968165e+00	2.879027e-04	189971206.000000	0.000000e+00
1.478133e+01	3.967662e+00	2.878917e-04	189937620.000000	0.000000e+00
1.478333e+01	3.966928e+00	2.878926e-04	189866218.000000	0.000000e+00
1.478532e+01	3.966530e+00	2.879152e-04	189798246.000000	0.000000e+00
1.478732e+01	3.965829e+00	2.879185e-04	189726904.000000	0.000000e+00
1.478931e+01	3.965527e+00	2.879649e-04	189636898.000000	0.000000e+00
1.479131e+01	3.965391e+00	2.879881e-04	189593358.000000	0.000000e+00
1.479330e+01	3.964222e+00	2.879415e-04	189542860.000000	0.000000e+00
1.479530e+01	3.964315e+00	2.880153e-04	189454650.000000	0.000000e+00
1.479729e+01	3.963489e+00	2.880295e-04	189357022.000000	0.000000e+00
1.479929e+01	3.963700e+00	2.880812e-04	189309246.000000	0.000000e+00
1.480128e+01	3.963008e+00	2.880600e-04	189271054.000000	0.000000e+00
1.480328e+01	3.962567e+00	2.880995e-04	189177040.000000	0.000000e+00
1.480527e+01	3.962506e+00	2.881354e-04	189124086.000000	0.000000e+00
1.480726e+01	3.961505e+00	2.881319e-04	189033022.000000	0.000000e+00
1.480926e+01	3.960929e+00	2.881195e-04	188994348.000000	0.000000e+00
1.481125e+01	3.960859e+00	2.881685e-04	188923474.000000	0.000000e+00
1.481325e+01	3.959880e+00	2.881788e-04	188816430.000000	0.000000e+00
1.481524e+01	3.959507e+00	2.881693e-04	188793472.000000	0.000000e+00
1.481724e+01	3.959042e+00	2.882119e-04	188693278.000000	0.000000e+00
1.481923e+01	3.958578e+00	2.881812e-04	188689200.000000	0.000000e+00
1.482123e+01	3.958326e+00	2.882960e-04	188514988.000000	0.000000e+00
1.482322e+01	3.958151e+00	2.882602e-04	188545224.000000	0.000000e+00
1.482522e+01	3.957386e+00	2.883163e-04	188398900.000000	0.000000e+00
1.482721e+01	3.956573e+00	2.882552e-04	188401332.000000	0.000000e+00
1.482921e+01	3.956020e+00	2.882976e-04	188293312.000000	0.000000e+00
1.483120e+01	3.956663e+00	2.883911e-04	188232370.000000	0.000000e+00
1.483320e+01	3.955336e+00	2.883427e-04	188169360.000000	0.000000e+00
1.483519e+01	3.955452e+00	2.884124e-04	188089372.000000	0.000000e+00
1.483718e+01	3.954858e+00	2.884113e-04	188034366.000000	0.000000e+00
1.483918e+01	3.953833e+00	2.883867e-04	187969006.000000	0.000000e+00
1.484117e+01	3.953865e+00	2.884620e-04	187873900.000000	0.000000e+00
1.484317e+01	3.952985e+00	2.884458e-04	187811394.000000	0.000000e+00
1.484516e+01	3.952653e+00	2.884685e-04	187750366.000000	0.000000e+00
1.484716e+01	3.952770e+00	2.885186e-04	187696212.000000	0.000000e+00
1.484915e+01	3.951918e+00	2.885297e-04	187600810.000000	0.000000e+00
1.485115e+01	3.951777e+00	2.885665e-04	187539690.000000	0.000000e+00
1.485314e+01	3.951076e+00	2.885519e-04	187492078.000000	0.000000e+00
1.485514e+01	3.950526e+00	2.885590e-04	187430662.000000	0.000000e+00
1.485713e+01	3.950405e+00	2.886264e-04	187331616.000000	0.000000e+00
1.485913e+01	3.949942e+00	2.886387e-04	187271758.000000	0.000000e+00
1.486112e+01	3.948920e+00	2.886180e-04	187201770.000000	0.000000e+00
1.486311e+01	3.948612e+00	2.886186e-04	187171768.000000	0.000000e+00
1.486511e+01	3.948603e+00	2.887215e-04	187037472.000000	0.000000e+00
1.486710e+01	3.948041e+00	2.886861e-04	187030054.000000	0.000000e+00
1.486910e+01	3.947239e+00	2.887058e-04	186928636.000000	0.000000e+00
1.487109e+01	3.947348e+00	2.887668e-04	186860040.000000	0.000000e+00
1.487309e+01	3.946545e+00	2.887561e-04	186797842.000000	0.000000e+00
1.487508e+01	3.945672e+00	2.887632e-04	186705906.000000	0.000000e+00
1.487708e+01	3.945739e+00	2.887889e-04	186679108.000000	0.000000e+00
1.487907e+01	3.944987e+00	2.888375e-04	186545110.000000	0.000000e+00
1.488107e+01	3.944516e+00	2.887672e-04	186591348.000000	0.000000e+00
1.488306e+01	3.944768e+00	2.889369e-04	186396196.000000	0.000000e+00
1.488506e+01	3.944247e+00	2.889220e-04	186366204.000000	0.000000e+00
1.488705e+01	3.943723e+00	2.889091e-04	186333280.000000	0.000000e+00
1.488904e+01	3.943094e+00	2.889553e-04	186214212.000000	0.000000e+00
1.489104e+01	3.942224e+00	2.888914e-04	186214420.000000	0.000000e+00
1.489303e+01	3.942843e+00	2.890279e-04	186096976.000000	0.000000e+00
1.489503e+01	3.942144e+00	2.890092e-04	186055164.000000	0.000000e+00
1.489702e+01	3.941310e+00	2.890088e-04	185977030.000000	0.000000e+00
1.489902e+01	3.940921e+00	2.890602e-04	185874042.000000	0.000000e+00
1.490101e+01	3.940738e+00	2.890589e-04	185858542.000000	0.000000e+00
1.490301e+01	3.940178e+00	2.890746e-04	185785488.000000	0.000000e+00
1.490500e+01	3.940046e+00	2.891435e-04	185684518.000000	0.000000e+00
1.490700e+01	3.939472e+00	2.891741e-04	185591086.000000	0.000000e+00
1.490899e+01	3.938887e+00	2.891441e-04	185574540.000000	0.000000e+00
1.491099e+01	3.938673e+00	2.891889e-04	185496880.000000	0.000000e+00
1.491298e+01	3.937818e+00	2.891968e-04	185406246.000000	0.000000e+00
1.491498e+01	3.937762e+00	2.892537e-04	185328004.000000	0.000000e+00
1.491697e+01	3.937273e+00	2.892255e-04	185318124.000000	0.000000e+00
1.491897e+01	3.937290e+00	2.893348e-04	185179702.000000	0.000000e+00
1.492096e+01	3.936408e+00	2.892666e-04	185184106.000000	0.000000e+00
1.492295e+01	3.936029e+00	2.893664e-04	185020644.000000	0.000000e+00
1.492495e+01	3.935724e+00	2.893460e-04	185018176.000000	0.000000e+00
1.492694e+01	3.934691e+00	2.893261e-04	184946466.000000	0.000000e+00
1.492894e+01	3.934392e+00	2.893912e-04	184835128.000000	0.000000e+00
1.493093e+01	3.934307e+00	2.894151e-04	184796638.000000	0.000000e+00
1.493293e+01	3.933851e+00	2.894191e-04	184748688.000000	0.000000e+00
1.493492e+01	3.933717e+00	2.894934e-04	184641310.000000	0.000000e+00
1.493692e+01	3.933324e+00	2.895153e-04	184576464.000000	0.000000e+00
1.493891e+01	3.932365e+00	2.894697e-04	184544608.000000	0.000000e+00
1.494091e+01	3.931788e+00	2.895317e-04	184411554.000000	0.000000e+00
1.494290e+01	3.932075e+00	2.895454e-04	184421020.000000	0.000000e+00
1.494490e+01	3.931247e+00	2.895844e-04	184293562.000000	0.000000e+00
1.494689e+01	3.931070e+00	2.896251e-04	184225296.000000	0.000000e+00
1.494888e+01	3.930104e+00	2.895646e-04	184211626.000000	0.000000e+00
1.495088e+01	3.930170e+00	2.896929e-04	184054752.000000	0.000000e+00
1.495287e+01	3.929717e+00	2.896965e-04	184007764.000000	0.000000e+00
1.495487e+01	3.929462e+00	2.896885e-04	183994098.000000	0.000000e+00
1.495686e+01	3.929500e+00	2.897638e-04	183901990.000000	0.000000e+00
1.495886e+01	3.929159e+00	2.897961e-04	183828988.000000	0.000000e+00
1.496085e+01	3.928112e+00	2.898104e-04	183712986.000000	0.000000e+00
1.496285e+01	3.927376e+00	2.897707e-04	183694456.000000	0.000000e+00
1.496484e+01	3.927639e+00	2.898527e-04	183615060.000000	0.000000e+00
1.496684e+01	3.927171e+00	2.898775e-04	183540052.000000	0.000000e+00
1.496883e+01	3.926454e+00	2.898994e-04	183445266.000000	0.000000e+00
1.497083e+01	3.925186e+00	2.898208e-04	183426250.000000	0.000000e+00
1.497282e+01	3.925788e+00	2.899228e-04	183353380.000000	0.000000e+00
1.497482e+01	3.925440e+00	2.899694e-04	183261966.000000	0.000000e+00
1.497681e+01	3.924945e+00	2.900078e-04	183167164.000000	0.000000e+00
1.497880e+01	3.924546e+00	2.900230e-04	183110808.000000	0.000000e+00
1.498080e+01	3.923853e+00	2.899904e-04	183087280.000000	0.000000e+00
1.498279e+01	3.924012e+00	2.901008e-04	182962876.000000	0.000000e+00
1.498479e+01	3.923045e+00	2.900604e-04	182923560.000000	0.000000e+00
1.498678e+01	3.923114e+00	2.901096e-04	182868076.000000	0.000000e+00
1.498878e+01	3.923200e+00	2.902310e-04	182723112.000000	0.000000e+00
1.499077e+01	3.922222e+00	2.901881e-04	182685850.000000	0.000000e+00
1.499277e+01	3.921617e+00	2.901781e-04	182642160.000000	0.000000e+00
1.499476e+01	3.921731e+00	2.902458e-04	182567602.000000	0.000000e+00
1.499676e+01	3.921097e+00	2.902564e-04	182495254.000000	0.000000e+00
1.499875e+01	3.920406e+00	2.902743e-04	182408520.000000	0.000000e+00
1.500075e+01	3.920373e+00	2.902912e-04	182384170.000000	0.000000e+00
1.500274e+01	3.920270e+00	2.903600e-04	182288070.000000	0.000000e+00
1.500473e+01	3.919893e+00	2.904213e-04	182176162.000000	0.000000e+00
1.500673e+01	3.919158e+00	2.903980e-04	182137092.000000	0.000000e+00
1.500872e+01	3.919375e+00	2.904646e-04	182073730.000000	0.000000e+00
1.501072e+01	3.918515e+00	2.904227e-04	182046310.000000	0.000000e+00
1.501271e+01	3.917762e+00	2.904944e-04	181886610.000000	0.000000e+00
1.501471e+01	3.917563e+00	2.905122e-04	181845748.000000	0.000000e+00
1.501670e+01	3.917455e+00	2.905242e-04	181820796.000000	0.000000e+00
1.501870e+01	3.916934e+00	2.905808e-04	181701508.000000	0.000000e+00
1.502069e+01	3.916877e+00	2.906322e-04	181631988.000000	0.000000e+00
1.502269e+01	3.916102e+00	2.906251e-04	181569064.000000	0.000000e+00
1.502468e+01	3.916051e+00	2.906534e-04	181528942.000000	0.000000e+00
1.502668e+01	3.915789e+00	2.907255e-04	181414548.000000	0.000000e+00
1.502867e+01	3.915412e+00	2.907420e-04	181359016.000000	0.000000e+00
1.503067e+01	3.914725e+00	2.906989e-04	181349256.000000	0.000000e+00
1.503266e+01	3.914034e+00	2.907690e-04	181197808.000000	0.000000e+00
1.503465e+01	3.913677e+00	2.907759e-04	181156210.000000	0.000000e+00
1.503665e+01	3.913869e+00	2.908577e-04	181072074.000000	0.000000e+00
1.503864e+01	3.913428e+00	2.908828e-04	181000030.000000	0.000000e+00
1.504064e+01	3.913174e+00	2.908951e-04	180961308.000000	0.000000e+00
1.504263e+01	3.912281e+00	2.909106e-04	180859258.000000	0.000000e+00
1.504463e+01	3.912540e+00	2.909796e-04	180797514.000000	0.000000e+00
1.504662e+01	3.912111e+00	2.909921e-04	180742378.000000	0.000000e+00
1.504862e+01	3.910922e+00	2.909948e-04	180629200.000000	0.000000e+00
1.505061e+01	3.911068e+00	2.910224e-04	180608370.000000	0.000000e+00
1.505261e+01	3.910054e+00	2.910275e-04	180508414.000000	0.000000e+00
1.505460e+01	3.910820e+00	2.911205e-04	180463860.000000	0.000000e+00
1.505660e+01	3.909834e+00	2.911356e-04	180354088.000000	0.000000e+00
1.505859e+01	3.909330e+00	2.911262e-04	180319326.000000	0.000000e+00
1.506058e+01	3.908925e+00	2.911858e-04	180208084.000000	0.000000e+00
1.506258e+01	3.908913e+00	2.912230e-04	180161032.000000	0.000000e+00
1.506457e+01	3.908547e+00	2.912444e-04	180100770.000000	0.000000e+00
1.506657e+01	3.908016e+00	2.912837e-04	180003268.000000	0.000000e+00
1.506856e+01	3.906993e+00	2.912518e-04	179948436.000000	0.000000e+00
1.507056e+01	3.907824e+00	2.913685e-04	179880826.000000	0.000000e+00
1.507255e+01	3.907403e+00	2.913990e-04	179804386.000000	0.000000e+00
1.507455e+01	3.906547e+00	2.913858e-04	179741940.000000	0.000000e+00
1.507654e+01	3.906286e+00	2.914373e-04	179654434.000000	0.000000e+00
1.507854e+01	3.906461e+00	2.915064e-04	179585370.000000	0.000000e+00
1.508053e+01	3.905238e+00	2.914538e-04	179537662.000000	0.000000e+00
1.508253e+01	3.905262e+00	2.915258e-04	179451216.000000	0.000000e+00
1.508452e+01	3.904809e+00	2.915302e-04	179404222.000000	0.000000e+00
1.508652e+01	3.904766e+00	2.916301e-04	179277250.000000	0.000000e+00
1.508851e+01	3.904409e+00	2.916266e-04	179248914.000000	0.000000e+00
1.509050e+01	3.903782e+00	2.916734e-04	179133742.000000	0.000000e+00
1.509250e+01	3.903655e+00	2.916885e-04	179103576.000000	0.000000e+00
1.509449e+01	3.903732e+00	2.917473e-04	179038414.000000	0.000000e+00
1.509649e+01	3.902835e+00	2.917744e-04	178922880.000000	0.000000e+00
1.509848e+01	3.902326e+00	2.917599e-04	178894048.000000	0.000000e+00
1.510048e+01	3.901521e+00	2.918176e-04	178749568.000000	0.000000e+00
1.510247e+01	3.901181e+00	2.917613e-04	178787442.000000	0.000000e+00
1.510447e+01	3.901397e+00	2.918771e-04	178665334.000000	0.000000e+00
1.510646e+01	3.901682e+00	2.919622e-04	178587324.000000	0.000000e+00
1.510846e+01	3.900854e+00	2.919492e-04	178527316.000000	0.000000e+00
1.511045e+01	3.900375e+00	2.920020e-04	178418976.000000	0.000000e+00
1.511245e+01	3.900032e+00	2.919910e-04	178401034.000000	0.000000e+00
1.511444e+01	3.899716e+00	2.920384e-04	178314244.000000	0.000000e+00
1.511644e+01	3.899213e+00	2.920598e-04	178242090.000000	0.000000e+00
1.511843e+01	3.899502e+00	2.921497e-04	178158880.000000	0.000000e+00
1.512042e+01	3.898806e+00	2.921627e-04	178079472.000000	0.000000e+00
1.512242e+01	3.897879e+00	2.921384e-04	178024408.000000	0.000000e+00
1.512441e+01	3.898642e+00	2.922673e-04	177936964.000000	0.000000e+00
1.512641e+01	3.897091e+00	2.921868e-04	177893496.000000	0.000000e+00
1.512840e+01	3.896783e+00	2.922443e-04	177795418.000000	0.000000e+00
1.513040e+01	3.897155e+00	2.923433e-04	177708894.000000	0.000000e+00
1.513239e+01	3.897108e+00	2.923980e-04	177638026.000000	0.000000e+00
1.513439e+01	3.896746e+00	2.923850e-04	177620940.000000	0.000000e+00
1.513638e+01	3.896168e+00	2.924467e-04	177493288.000000	0.000000e+00
1.513838e+01	3.895563e+00	2.924238e-04	177465922.000000	0.000000e+00
1.514037e+01	3.895326e+00	2.924821e-04	177373656.000000	0.000000e+00
1.514237e+01	3.895207e+00	2.925445e-04	177287116.000000	0.000000e+00
1.514436e+01	3.894807e+00	2.925794e-04	177208440.000000	0.000000e+00
1.514635e+01	3.894574e+00	2.925844e-04	177181180.000000	0.000000e+00
1.514835e+01	3.894007e+00	2.926169e-04	177090234.000000	0.000000e+00
1.515034e+01	3.893658e+00	2.926566e-04	177010492.000000	0.000000e+00
1.515234e+01	3.893398e+00	2.926986e-04	176935966.000000	0.000000e+00
1.515433e+01	3.893336e+00	2.927635e-04	176852010.000000	0.000000e+00
1.515633e+01	3.892705e+00	2.927413e-04	176821510.000000	0.000000e+00
1.515832e+01	3.892410e+00	2.928174e-04	176702826.000000	0.000000e+00
1.516032e+01	3.892428e+00	2.928395e-04	176677786.000000	0.000000e+00
1.516231e+01	3.892229e+00	2.929224e-04	176559624.000000	0.000000e+00
1.516431e+01	3.891833e+00	2.929162e-04	176531212.000000	0.000000e+00
1.516630e+01	3.891213e+00	2.929836e-04	176393788.000000	0.000000e+00
1.516830e+01	3.891109e+00	2.930299e-04	176328714.000000	0.000000e+00
1.517029e+01	3.890409e+00	2.929811e-04	176323912.000000	0.000000e+00
1.517229e+01	3.890210e+00	2.930539e-04	176218314.000000	0.000000e+00
1.517428e+01	3.889557e+00	2.930627e-04	176148580.000000	0.000000e+00
1.517627e+01	3.889492e+00	2.931346e-04	176056324.000000	0.000000e+00
1.517827e+01	3.889477e+00	2.931691e-04	176013480.000000	0.000000e+00
1.518026e+01	3.888755e+00	2.931812e-04	175933678.000000	0.000000e+00
1.518226e+01	3.888794e+00	2.932629e-04	175839192.000000	0.000000e+00
1.518425e+01	3.888157e+00	2.932639e-04	175780420.000000	0.000000e+00
1.518625e+01	3.887999e+00	2.933190e-04	175700154.000000	0.000000e+00
1.518824e+01	3.887865e+00	2.933482e-04	175652980.000000	0.000000e+00
1.519024e+01	3.887558e+00	2.933993e-04	175564000.000000	0.000000e+00
1.519223e+01	3.886960e+00	2.934410e-04	175460244.000000	0.000000e+00
1.519423e+01	3.887081e+00	2.934777e-04	175427218.000000	0.000000e+00
1.519622e+01	3.886535e+00	2.934851e-04	175369008.000000	0.000000e+00
1.519822e+01	3.886295e+00	2.935664e-04	175250296.000000	0.000000e+00
1.520021e+01	3.885843e+00	2.935643e-04	175212036.000000	0.000000e+00
1.520220e+01	3.885618e+00	2.936247e-04	175119622.000000	0.000000e+00
1.520420e+01	3.884965e+00	2.936405e-04	175042024.000000	0.000000e+00
1.520619e+01	3.885221e+00	2.937294e-04	174959118.000000	0.000000e+00
1.520819e+01	3.884820e+00	2.937047e-04	174952462.000000	0.000000e+00
1.521018e+01	3.884517e+00	2.937874e-04	174826728.000000	0.000000e+00
1.521218e+01	3.884171e+00	2.938104e-04	174768118.000000	0.000000e+00
1.521417e+01	3.883909e+00	2.938488e-04	174699000.000000	0.000000e+00
1.521617e+01	3.883404e+00	2.939150e-04	174574852.000000	0.000000e+00
1.521816e+01	3.883534e+00	2.939234e-04	174576568.000000	0.000000e+00
1.522016e+01	3.883387e+00	2.940071e-04	174463932.000000	0.000000e+00
1.522215e+01	3.882725e+00	2.940210e-04	174387898.000000	0.000000e+00
1.522415e+01	3.882602e+00	2.940566e-04	174334656.000000	0.000000e+00
1.522614e+01	3.882723e+00	2.941439e-04	174242104.000000	0.000000e+00
1.522814e+01	3.881701e+00	2.940996e-04	174202858.000000	0.000000e+00
1.523013e+01	3.881692e+00	2.941763e-04	174111240.000000	0.000000e+00
1.523212e+01	3.881359e+00	2.942542e-04	173989180.000000	0.000000e+00
1.523412e+01	3.880656e+00	2.941830e-04	174010350.000000	0.000000e+00
1.523611e+01	3.880090e+00	2.942715e-04	173855032.000000	0.000000e+00
1.523811e+01	3.879880e+00	2.942940e-04	173809632.000000	0.000000e+00
1.524010e+01	3.880369e+00	2.943936e-04	173735770.000000	0.000000e+00
1.524210e+01	3.879559e+00	2.943726e-04	173688016.000000	0.000000e+00
1.524409e+01	3.879874e+00	2.944886e-04	173579352.000000	0.000000e+00
1.524609e+01	3.879366e+00	2.945070e-04	173512288.000000	0.000000e+00
1.524808e+01	3.878525e+00	2.944895e-04	173457618.000000	0.000000e+00
1.525008e+01	3.878573e+00	2.945647e-04	173373412.000000	0.000000e+00
1.525207e+01	3.878226e+00	2.946190e-04	173278572.000000	0.000000e+00
1.525407e+01	3.877747e+00	2.946333e-04	173218948.000000	0.000000e+00
1.525606e+01	3.877575e+00	2.946717e-04	173158414.000000	0.000000e+00
1.525806e+01	3.877883e+00	2.947434e-04	173101656.000000	0.000000e+00
1.526005e+01	3.877207e+00	2.948028e-04	172971640.000000	0.000000e+00
1.526204e+01	3.877459e+00	2.948234e-04	172969860.000000	0.000000e+00
1.526404e+01	3.876983e+00	2.948919e-04	172847158.000000	0.000000e+00
1.526603e+01	3.876516e+00	2.949284e-04	172762780.000000	0.000000e+00
1.526803e+01	3.876028e+00	2.949161e-04	172733550.000000	0.000000e+00
1.527002e+01	3.875782e+00	2.949838e-04	172632484.000000	0.000000e+00
1.527202e+01	3.875779e+00	2.950189e-04	172591140.000000	0.000000e+00
1.527401e+01	3.875192e+00	2.951005e-04	172443466.000000	0.000000e+00
1.527601e+01	3.874893e+00	2.950793e-04	172441596.000000	0.000000e+00
1.527800e+01	3.874370e+00	2.951496e-04	172312828.000000	0.000000e+00
1.528000e+01	3.874632e+00	2.951684e-04	172314268.000000	0.000000e+00
1.528199e+01	3.874182e+00	2.952615e-04	172165530.000000	0.000000e+00
1.528399e+01	3.874162e+00	2.953161e-04	172100116.000000	0.000000e+00
1.528598e+01	3.873571e+00	2.952779e-04	172092144.000000	0.000000e+00
1.528797e+01	3.874042e+00	2.954478e-04	171936094.000000	0.000000e+00
1.528997e+01	3.873959e+00	2.954639e-04	171909984.000000	0.000000e+00
1.529196e+01	3.873030e+00	2.954620e-04	171829732.000000	0.000000e+00
1.529396e+01	3.872238e+00	2.954917e-04	171724972.000000	0.000000e+00
1.529595e+01	3.872284e+00	2.955156e-04	171701286.000000	0.000000e+00
1.529795e+01	3.872005e+00	2.955920e-04	171587872.000000	0.000000e+00
1.529994e+01	3.871314e+00	2.955720e-04	171549744.000000	0.000000e+00
1.530194e+01	3.872041e+00	2.957262e-04	171435334.000000	0.000000e+00
1.530393e+01	3.871291e+00	2.956846e-04	171417096.000000	0.000000e+00
1.530593e+01	3.871324e+00	2.957901e-04	171297820.000000	0.000000e+00
1.530792e+01	3.870958e+00	2.958219e-04	171228580.000000	0.000000e+00
1.530992e+01	3.870459e+00	2.958561e-04	171144918.000000	0.000000e+00
1.531191e+01	3.870448e+00	2.958923e-04	171102004.000000	0.000000e+00
1.531391e+01	3.869859e+00	2.959492e-04	170984196.000000	0.000000e+00
1.531590e+01	3.869705e+00	2.959672e-04	170949742.000000	0.000000e+00
1.531789e+01	3.869481e+00	2.960308e-04	170856592.000000	0.000000e+00
1.531989e+01	3.869635e+00	2.960957e-04	170795298.000000	0.000000e+00
1.532188e+01	3.868804e+00	2.960938e-04	170724088.000000	0.000000e+00
1.532388e+01	3.869185e+00	2.962136e-04	170619624.000000	0.000000e+00
1.532587e+01	3.868619e+00	2.962116e-04	170572084.000000	0.000000e+00
1.532787e+01	3.868294e+00	2.962434e-04	170506734.000000	0.000000e+00
1.532986e+01	3.867374e+00	2.962760e-04	170388148.000000	0.000000e+00
1.533186e+01	3.867904e+00	2.963635e-04	170334292.000000	0.000000e+00
1.533385e+01	3.867438e+00	2.963541e-04	170303952.000000	0.000000e+00
1.533585e+01	3.866771e+00	2.964069e-04	170184640.000000	0.000000e+00
1.533784e+01	3.866992e+00	2.965007e-04	170096442.000000	0.000000e+00
1.533984e+01	3.866572e+00	2.965038e-04	170055868.000000	0.000000e+00
1.534183e+01	3.866938e+00	2.966014e-04	169976160.000000	0.000000e+00
1.534383e+01	3.866753e+00	2.966379e-04	169918072.000000	0.000000e+00
1.534582e+01	3.865925e+00	2.967021e-04	169771750.000000	0.000000e+00
1.534781e+01	3.865667e+00	2.966805e-04	169773864.000000	0.000000e+00
1.534981e+01	3.865468e+00	2.967650e-04	169659706.000000	0.000000e+00
1.535180e+01	3.865502e+00	2.967902e-04	169633950.000000	0.000000e+00
1.535380e+01	3.865140e+00	2.969007e-04	169475884.000000	0.000000e+00
1.535579e+01	3.865498e+00	2.969398e-04	169462644.000000	0.000000e+00
1.535779e+01	3.864586e+00	2.969508e-04	169370116.000000	0.000000e+00
1.535978e+01	3.864661e+00	2.969993e-04	169321450.000000	0.000000e+00
1.536178e+01	3.864341e+00	2.971060e-04	169171812.000000	0.000000e+00
1.536377e+01	3.864014e+00	2.970847e-04	169167508.000000	0.000000e+00
1.536577e+01	3.863535e+00	2.971093e-04	169097520.000000	0.000000e+00
1.536776e+01	3.863627e+00	2.971927e-04	169010638.000000	0.000000e+00
1.536976e+01	3.863127e+00	2.972637e-04	168886222.000000	0.000000e+00
1.537175e+01	3.862826e+00	2.972617e-04	168862218.000000	0.000000e+00
1.537374e+01	3.863048e+00	2.973512e-04	168779926.000000	0.000000e+00
1.537574e+01	3.862329e+00	2.973826e-04	168681528.000000	0.000000e+00
1.537773e+01	3.862255e+00	2.974058e-04	168648742.000000	0.000000e+00
1.537973e+01	3.861872e+00	2.974706e-04	168541860.000000	0.000000e+00
1.538172e+01	3.862071e+00	2.975508e-04	168468352.000000	0.000000e+00
1.538372e+01	3.861449e+00	2.975718e-04	168390250.000000	0.000000e+00
1.538571e+01	3.861663e+00	2.976629e-04	168305916.000000	0.000000e+00
1.538771e+01	3.861219e+00	2.976372e-04	168296248.000000	0.000000e+00
1.538970e+01	3.861006e+00	2.977723e-04	168125082.000000	0.000000e+00
1.539170e+01	3.860434e+00	2.977430e-04	168108280.000000	0.000000e+00
1.539369e+01	3.860470e+00	2.978116e-04	168034056.000000	0.000000e+00
1.539569e+01	3.860538e+00	2.979117e-04	167927080.000000	0.000000e+00
1.539768e+01	3.859960e+00	2.978992e-04	167890792.000000	0.000000e+00
1.539967e+01	3.860174e+00	2.980092e-04	167785518.000000	0.000000e+00
1.540167e+01	3.859648e+00	2.980196e-04	167728108.000000	0.000000e+00
1.540366e+01	3.860331e+00	2.981351e-04	167657520.000000	0.000000e+00
1.540566e+01	3.859245e+00	2.981205e-04	167579572.000000	0.000000e+00
1.540765e+01	3.858960e+00	2.981931e-04	167473158.000000	0.000000e+00
1.540965e+01	3.859051e+00	2.982366e-04	167432332.000000	0.000000e+00
1.541164e+01	3.858806e+00	2.982916e-04	167349244.000000	0.000000e+00
1.541364e+01	3.858540e+00	2.983501e-04	167260608.000000	0.000000e+00
1.541563e+01	3.858232e+00	2.983849e-04	167194912.000000	0.000000e+00
1.541763e+01	3.857852e+00	2.984385e-04	167101896.000000	0.000000e+00
1.541962e+01	3.857765e+00	2.984717e-04	167057266.000000	0.000000e+00
1.542162e+01	3.857877e+00	2.985730e-04	166953592.000000	0.000000e+00
1.542361e+01	3.857170e+00	2.985746e-04	166890612.000000	0.000000e+00
1.542561e+01	3.857075e+00	2.986349e-04	166815058.000000	0.000000e+00
1.542760e+01	3.857143e+00	2.987038e-04	166743948.000000	0.000000e+00
1.542959e+01	3.857258e+00	2.987716e-04	166678192.000000	0.000000e+00
1.543159e+01	3.856599e+00	2.987984e-04	166591350.000000	0.000000e+00
1.543358e+01	3.856373e+00	2.988486e-04	166515814.000000	0.000000e+00
1.543558e+01	3.856256e+00	2.989030e-04	166445134.000000	0.000000e+00
1.543757e+01	3.855608e+00	2.989424e-04	166345338.000000	0.000000e+00
1.543957e+01	3.855707e+00	2.989959e-04	166294300.000000	0.000000e+00
1.544156e+01	3.855618e+00	2.990452e-04	166231938.000000	0.000000e+00
1.544356e+01	3.855082e+00	2.991249e-04	166097062.000000	0.000000e+00
1.544555e+01	3.855160e+00	2.991654e-04	166058910.000000	0.000000e+00
1.544755e+01	3.854597e+00	2.992034e-04	165968242.000000	0.000000e+00
1.544954e+01	3.855378e+00	2.992965e-04	165932176.000000	0.000000e+00
1.545154e+01	3.854808e+00	2.993376e-04	165837570.000000	0.000000e+00
1.545353e+01	3.854187e+00	2.993910e-04	165725038.000000	0.000000e+00
1.545553e+01	3.854388e+00	2.994276e-04	165701718.000000	0.000000e+00
1.545752e+01	3.854353e+00	2.995255e-04	165590512.000000	0.000000e+00
1.545951e+01	3.853485e+00	2.995140e-04	165528646.000000	0.000000e+00
1.546151e+01	3.853215e+00	2.995579e-04	165456966.000000	0.000000e+00
1.546350e+01	3.853116e+00	2.996283e-04	165370654.000000	0.000000e+00
1.546550e+01	3.853260e+00	2.996877e-04	165317478.000000	0.000000e+00
1.546749e+01	3.852884e+00	2.997674e-04	165197248.000000	0.000000e+00
1.546949e+01	3.852704e+00	2.997699e-04	165179226.000000	0.000000e+00
1.547148e+01	3.852586e+00	2.998667e-04	165062404.000000	0.000000e+00
1.547348e+01	3.853137e+00	2.999900e-04	164973940.000000	0.000000e+00
1.547547e+01	3.852744e+00	3.000184e-04	164909046.000000	0.000000e+00
1.547747e+01	3.851872e+00	2.999766e-04	164880424.000000	0.000000e+00
1.547946e+01	3.852421e+00	3.001316e-04	164757102.000000	0.000000e+00
1.548146e+01	3.851760e+00	3.001450e-04	164685814.000000	0.000000e+00
1.548345e+01	3.851340e+00	3.001697e-04	164622798.000000	0.000000e+00
1.548544e+01	3.851553e+00	3.002894e-04	164509798.000000	0.000000e+00
1.548744e+01	3.851301e+00	3.002994e-04	164477356.000000	0.000000e+00
1.548943e+01	3.850754e+00	3.003597e-04	164364606.000000	0.000000e+00
1.549143e+01	3.851247e+00	3.004447e-04	164313682.000000	0.000000e+00
1.549342e+01	3.850713e+00	3.004705e-04	164239962.000000	0.000000e+00
1.549542e+01	3.850390e+00	3.005306e-04	164146600.000000	0.000000e+00
1.549741e+01	3.850556e+00	3.006129e-04	164070990.000000	0.000000e+00
1.549941e+01	3.850786e+00	3.006991e-04	163996390.000000	0.000000e+00
1.550140e+01	3.850277e+00	3.007018e-04	163950190.000000	0.000000e+00
1.550340e+01	3.849817e+00	3.007619e-04	163845438.000000	0.000000e+00
1.550539e+01	3.849947e+00	3.008594e-04	163750348.000000	0.000000e+00
1.550739e+01	3.849348e+00	3.008502e-04	163709418.000000	0.000000e+00
1.550938e+01	3.849576e+00	3.009593e-04	163610170.000000	0.000000e+00
1.551138e+01	3.849964e+00	3.010544e-04	163539838.000000	0.000000e+00
1.551337e+01	3.849337e+00	3.010689e-04	163470726.000000	0.000000e+00
1.551536e+01	3.848441e+00	3.010675e-04	163396216.000000	0.000000e+00
1.551736e+01	3.848584e+00	3.011394e-04	163330338.000000	0.000000e+00
1.551935e+01	3.848727e+00	3.012751e-04	163195312.000000	0.000000e+00
1.552135e+01	3.848172e+00	3.012667e-04	163157424.000000	0.000000e+00
1.552334e+01	3.847666e+00	3.013064e-04	163071478.000000	0.000000e+00
1.552534e+01	3.847943e+00	3.013946e-04	162999568.000000	0.000000e+00
1.552733e+01	3.848082e+00	3.014274e-04	162975822.000000	0.000000e+00
1.552933e+01	3.847928e+00	3.015524e-04	162827722.000000	0.000000e+00
1.553132e+01	3.847494e+00	3.015966e-04	162743262.000000	0.000000e+00
1.553332e+01	3.847957e+00	3.016520e-04	162722698.000000	0.000000e+00
1.553531e+01	3.846562e+00	3.016518e-04	162604944.000000	0.000000e+00
1.553731e+01	3.847211e+00	3.017382e-04	162566590.000000	0.000000e+00
1.553930e+01	3.846967e+00	3.018289e-04	162448294.000000	0.000000e+00
1.554129e+01	3.847090e+00	3.018825e-04	162401130.000000	0.000000e+00
1.554329e+01	3.846244e+00	3.019056e-04	162304714.000000	0.000000e+00
1.554528e+01	3.846530e+00	3.019590e-04	162271524.000000	0.000000e+00
1.554728e+01	3.846198e+00	3.020722e-04	162121894.000000	0.000000e+00
1.554927e+01	3.845739e+00	3.020685e-04	162087186.000000	0.000000e+00
1.555127e+01	3.845840e+00	3.021516e-04	162006622.000000	0.000000e+00
1.555326e+01	3.846145e+00	3.022687e-04	161906722.000000	0.000000e+00
1.555526e+01	3.845764e+00	3.022793e-04	161863356.000000	0.000000e+00
1.555725e+01	3.845893e+00	3.023904e-04	161755198.000000	0.000000e+00
1.555925e+01	3.844969e+00	3.023478e-04	161723106.000000	0.000000e+00
1.556124e+01	3.844978e+00	3.024614e-04	161602414.000000	0.000000e+00
1.556324e+01	3.845705e+00	3.025793e-04	161537494.000000	0.000000e+00
1.556523e+01	3.844706e+00	3.025591e-04	161475216.000000	0.000000e+00
1.556723e+01	3.845205e+00	3.026976e-04	161369326.000000	0.000000e+00
1.556922e+01	3.844816e+00	3.027308e-04	161301336.000000	0.000000e+00
1.557121e+01	3.844420e+00	3.027546e-04	161242732.000000	0.000000e+00
1.557321e+01	3.843719e+00	3.027861e-04	161150400.000000	0.000000e+00
1.557520e+01	3.844259e+00	3.028887e-04	161086510.000000	0.000000e+00
1.557720e+01	3.843925e+00	3.029813e-04	160960150.000000	0.000000e+00
1.557919e+01	3.843785e+00	3.029976e-04	160931082.000000	0.000000e+00
1.558119e+01	3.843887e+00	3.030570e-04	160876438.000000	0.000000e+00
1.558318e+01	3.844316e+00	3.032313e-04	160727430.000000	0.000000e+00
1.558518e+01	3.844297e+00	3.032462e-04	160710112.000000	0.000000e+00
1.558717e+01	3.844468e+00	3.033726e-04	160590498.000000	0.000000e+00
1.558917e+01	3.843107e+00	3.033106e-04	160542424.000000	0.000000e+00
1.559116e+01	3.843216e+00	3.033993e-04	160457596.000000	0.000000e+00
1.559316e+01	3.843215e+00	3.035057e-04	160345056.000000	0.000000e+00
1.559515e+01	3.843134e+00	3.035207e-04	160322536.000000	0.000000e+00
1.559715e+01	3.842405e+00	3.035609e-04	160219224.000000	0.000000e+00
1.559914e+01	3.842694e+00	3.036308e-04	160169536.000000	0.000000e+00
1.560113e+01	3.842125e+00	3.037277e-04	160020028.000000	0.000000e+00
1.560313e+01	3.842870e+00	3.038198e-04	159985038.000000	0.000000e+00
1.560512e+01	3.842514e+00	3.038271e-04	159947656.000000	0.000000e+00
1.560712e+01	3.841787e+00	3.038932e-04	159817620.000000	0.000000e+00
1.560911e+01	3.841944e+00	3.039798e-04	159739612.000000	0.000000e+00
1.561111e+01	3.842079e+00	3.040557e-04	159671022.000000	0.000000e+00
1.561310e+01	3.842005e+00	3.040893e-04	159629692.000000	0.000000e+00
1.561510e+01	3.841747e+00	3.041921e-04	159500320.000000	0.000000e+00
1.561709e+01	3.841431e+00	3.042532e-04	159410112.000000	0.000000e+00
1.561909e+01	3.841414e+00	3.042452e-04	159417076.000000	0.000000e+00
1.562108e+01	3.841658e+00	3.044284e-04	159245436.000000	0.000000e+00
1.562308e+01	3.841030e+00	3.043764e-04	159247858.000000	0.000000e+00
1.562507e+01	3.841322e+00	3.045313e-04	159110040.000000	0.000000e+00
1.562706e+01	3.840480e+00	3.044993e-04	159073690.000000	0.000000e+00
1.562906e+01	3.840990e+00	3.046571e-04	158951218.000000	0.000000e+00
1.563105e+01	3.840875e+00	3.047148e-04	158881506.000000	0.000000e+00
1.563305e+01	3.840770e+00	3.047578e-04	158827966.000000	0.000000e+00
1.563504e+01	3.840382e+00	3.048439e-04	158706186.000000	0.000000e+00
1.563704e+01	3.840826e+00	3.048687e-04	158717092.000000	0.000000e+00
1.563903e+01	3.840075e+00	3.049676e-04	158552172.000000	0.000000e+00
1.564103e+01	3.840158e+00	3.050229e-04	158501494.000000	0.000000e+00
1.564302e+01	3.841031e+00	3.051408e-04	158451052.000000	0.000000e+00
1.564502e+01	3.840042e+00	3.051784e-04	158330424.000000	0.000000e+00
1.564701e+01	3.840129e+00	3.052565e-04	158256610.000000	0.000000e+00
1.564901e+01	3.839301e+00	3.052381e-04	158207418.000000	0.000000e+00
1.565100e+01	3.839651e+00	3.053608e-04	158109196.000000	0.000000e+00
1.565300e+01	3.839642e+00	3.054334e-04	158033164.000000	0.000000e+00
1.565499e+01	3.838937e+00	3.054784e-04	157928664.000000	0.000000e+00
1.565698e+01	3.839870e+00	3.055925e-04	157887502.000000	0.000000e+00
1.565898e+01	3.839672e+00	3.056552e-04	157806450.000000	0.000000e+00
1.566097e+01	3.839572e+00	3.057359e-04	157714864.000000	0.000000e+00
1.566297e+01	3.839107e+00	3.057484e-04	157663836.000000	0.000000e+00
1.566496e+01	3.839371e+00	3.058866e-04	157543054.000000	0.000000e+00
1.566696e+01	3.839364e+00	3.059248e-04	157503136.000000	0.000000e+00
1.566895e+01	3.839030e+00	3.060262e-04	157371354.000000	0.000000e+00
1.567095e+01	3.838528e+00	3.060196e-04	157337038.000000	0.000000e+00
1.567294e+01	3.838014e+00	3.060560e-04	157257516.000000	0.000000e+00
1.567494e+01	3.838120e+00	3.061474e-04	157172266.000000	0.000000e+00
1.567693e+01	3.838830e+00	3.062921e-04	157081920.000000	0.000000e+00
1.567893e+01	3.838347e+00	3.063281e-04	157005484.000000	0.000000e+00
1.568092e+01	3.838618e+00	3.064273e-04	156926044.000000	0.000000e+00
1.568291e+01	3.838503e+00	3.064727e-04	156870132.000000	0.000000e+00
1.568491e+01	3.838565e+00	3.065721e-04	156773434.000000	0.000000e+00
1.568690e+01	3.838700e+00	3.066619e-04	156692640.000000	0.000000e+00
1.568890e+01	3.837487e+00	3.066318e-04	156624418.000000	0.000000e+00
1.569089e+01	3.837623e+00	3.067380e-04	156527034.000000	0.000000e+00
1.569289e+01	3.837660e+00	3.067975e-04	156469444.000000	0.000000e+00
1.569488e+01	3.838047e+00	3.068931e-04	156403390.000000	0.000000e+00
1.569688e+01	3.837602e+00	3.070039e-04	156254340.000000	0.000000e+00
1.569887e+01	3.837530e+00	3.070342e-04	156217624.000000	0.000000e+00
1.570087e+01	3.837241e+00	3.070765e-04	156151002.000000	0.000000e+00
1.570286e+01	3.837789e+00	3.072013e-04	156068836.000000	0.000000e+00
1.570486e+01	3.837631e+00	3.072568e-04	155999602.000000	0.000000e+00
1.570685e+01	3.836394e+00	3.072594e-04	155896368.000000	0.000000e+00
1.570885e+01	3.837097e+00	3.073659e-04	155845528.000000	0.000000e+00
1.571084e+01	3.837651e+00	3.075336e-04	155720466.000000	0.000000e+00
1.571283e+01	3.836841e+00	3.075269e-04	155661562.000000	0.000000e+00
1.571483e+01	3.837206e+00	3.076014e-04	155615760.000000	0.000000e+00
1.571682e+01	3.836758e+00	3.076796e-04	155500390.000000	0.000000e+00
1.571882e+01	3.837078e+00	3.077721e-04	155432776.000000	0.000000e+00
1.572081e+01	3.836479e+00	3.078112e-04	155344848.000000	0.000000e+00
1.572281e+01	3.836615e+00	3.079058e-04	155260324.000000	0.000000e+00
1.572480e+01	3.836662e+00	3.079706e-04	155198844.000000	0.000000e+00
1.572680e+01	3.836860e+00	3.080791e-04	155105572.000000	0.000000e+00
1.572879e+01	3.836959e+00	3.081454e-04	155046768.000000	0.000000e+00
1.573079e+01	3.836571e+00	3.082302e-04	154930246.000000	0.000000e+00
1.573278e+01	3.836161e+00	3.082386e-04	154888696.000000	0.000000e+00
1.573478e+01	3.836276e+00	3.083534e-04	154782576.000000	0.000000e+00
1.573677e+01	3.835923e+00	3.083934e-04	154713982.000000	0.000000e+00
1.573876e+01	3.835892e+00	3.084646e-04	154640082.000000	0.000000e+00
1.574076e+01	3.836246e+00	3.085779e-04	154555054.000000	0.000000e+00
1.574275e+01	3.835636e+00	3.085907e-04	154493130.000000	0.000000e+00
1.574475e+01	3.836591e+00	3.087867e-04	154373878.000000	0.000000e+00
1.574674e+01	3.835855e+00	3.087762e-04	154325092.000000	0.000000e+00
1.574874e+01	3.835717e+00	3.088439e-04	154246374.000000	0.000000e+00
1.575073e+01	3.836356e+00	3.090117e-04	154130314.000000	0.000000e+00
1.575273e+01	3.836062e+00	3.089976e-04	154120650.000000	0.000000e+00
1.575472e+01	3.835817e+00	3.091192e-04	153979810.000000	0.000000e+00
1.575672e+01	3.835697e+00	3.091778e-04	153911764.000000	0.000000e+00
1.575871e+01	3.836056e+00	3.092539e-04	153864930.000000	0.000000e+00
1.576071e+01	3.835635e+00	3.093334e-04	153751990.000000	0.000000e+00
1.576270e+01	3.835784e+00	3.094159e-04	153681936.000000	0.000000e+00
1.576470e+01	3.835382e+00	3.094891e-04	153577144.000000	0.000000e+00
1.576669e+01	3.835393e+00	3.095196e-04	153547710.000000	0.000000e+00
1.576868e+01	3.834961e+00	3.096092e-04	153424312.000000	0.000000e+00
1.577068e+01	3.835064e+00	3.096861e-04	153356356.000000	0.000000e+00
1.577267e+01	3.835513e+00	3.097993e-04	153280212.000000	0.000000e+00
1.577467e+01	3.835109e+00	3.098749e-04	153173140.000000	0.000000e+00
1.577666e+01	3.835698e+00	3.099510e-04	153144990.000000	0.000000e+00
1.577866e+01	3.835726e+00	3.100708e-04	153028912.000000	0.000000e+00
1.578065e+01	3.835592e+00	3.101054e-04	152984016.000000	0.000000e+00
1.578265e+01	3.835288e+00	3.101891e-04	152877226.000000	0.000000e+00
1.578464e+01	3.835030e+00	3.102779e-04	152769208.000000	0.000000e+00
1.578664e+01	3.835527e+00	3.103470e-04	152740830.000000	0.000000e+00
1.578863e+01	3.834684e+00	3.103789e-04	152642236.000000	0.000000e+00
1.579063e+01	3.834985e+00	3.104802e-04	152566620.000000	0.000000e+00
1.579262e+01	3.834619e+00	3.105428e-04	152475970.000000	0.000000e+00
1.579462e+01	3.834482e+00	3.106426e-04	152367178.000000	0.000000e+00
1.579661e+01	3.835207e+00	3.107188e-04	152349984.000000	0.000000e+00
1.579860e+01	3.834448e+00	3.107562e-04	152253034.000000	0.000000e+00
1.580060e+01	3.834831e+00	3.109320e-04	152111412.000000	0.000000e+00
1.580259e+01	3.834791e+00	3.109602e-04	152080564.000000	0.000000e+00
1.580459e+01	3.834529e+00	3.109987e-04	152022216.000000	0.000000e+00
1.580658e+01	3.834764e+00	3.111276e-04	151914880.000000	0.000000e+00
1.580858e+01	3.834891e+00	3.112401e-04	151815052.000000	0.000000e+00
1.581057e+01	3.834578e+00	3.112686e-04	151762536.000000	0.000000e+00
1.581257e+01	3.834465e+00	3.113490e-04	151675270.000000	0.000000e+00
1.581456e+01	3.834913e+00	3.114973e-04	151566276.000000	0.000000e+00
1.581656e+01	3.835061e+00	3.115373e-04	151539004.000000	0.000000e+00
1.581855e+01	3.834280e+00	3.115915e-04	151424574.000000	0.000000e+00
1.582055e+01	3.834694e+00	3.116961e-04	151355698.000000	0.000000e+00
1.582254e+01	3.834352e+00	3.117374e-04	151288534.000000	0.000000e+00
1.582454e+01	3.834084e+00	3.117888e-04	151217538.000000	0.000000e+00
1.582653e+01	3.834535e+00	3.119576e-04	151089526.000000	0.000000e+00
1.582852e+01	3.834815e+00	3.120664e-04	151006242.000000	0.000000e+00
1.583052e+01	3.834239e+00	3.120496e-04	150977116.000000	0.000000e+00
1.583251e+01	3.834555e+00	3.122177e-04	150839466.000000	0.000000e+00
1.583451e+01	3.834222e+00	3.122259e-04	150805318.000000	0.000000e+00
1.583650e+01	3.834611e+00	3.123602e-04	150706270.000000	0.000000e+00
1.583850e+01	3.834753e+00	3.124521e-04	150628728.000000	0.000000e+00
1.584049e+01	3.834309e+00	3.125303e-04	150518512.000000	0.000000e+00
1.584249e+01	3.834528e+00	3.126035e-04	150465192.000000	0.000000e+00
1.584448e+01	3.834758e+00	3.126700e-04	150419284.000000	0.000000e+00
1.584648e+01	3.834202e+00	3.127663e-04	150283060.000000	0.000000e+00
1.584847e+01	3.834662e+00	3.128536e-04	150235314.000000	0.000000e+00
1.585047e+01	3.834349e+00	3.129140e-04	150152782.000000	0.000000e+00
1.585246e+01	3.833980e+00	3.130103e-04	150031476.000000	0.000000e+00
1.585445e+01	3.833723e+00	3.130284e-04	149994034.000000	0.000000e+00
1.585645e+01	3.833729e+00	3.131261e-04	149900886.000000	0.000000e+00
1.585844e+01	3.834403e+00	3.132681e-04	149817700.000000	0.000000e+00
1.586044e+01	3.834258e+00	3.133614e-04	149717218.000000	0.000000e+00
1.586243e+01	3.834258e+00	3.134252e-04	149656248.000000	0.000000e+00
1.586443e+01	3.834825e+00	3.135169e-04	149612896.000000	0.000000e+00
1.586642e+01	3.834544e+00	3.136782e-04	149437230.000000	0.000000e+00
1.586842e+01	3.834285e+00	3.136837e-04	149411770.000000	0.000000e+00
1.587041e+01	3.834691e+00	3.137869e-04	149345172.000000	0.000000e+00
1.587241e+01	3.834245e+00	3.138410e-04	149258890.000000	0.000000e+00
1.587440e+01	3.834700e+00	3.139574e-04	149183740.000000	0.000000e+00
1.587640e+01	3.834522e+00	3.140759e-04	149057232.000000	0.000000e+00
1.587839e+01	3.833716e+00	3.140683e-04	149001838.000000	0.000000e+00
1.588038e+01	3.834890e+00	3.142296e-04	148940142.000000	0.000000e+00
1.588238e+01	3.834281e+00	3.142716e-04	148853008.000000	0.000000e+00
1.588437e+01	3.834459e+00	3.143926e-04	148752330.000000	0.000000e+00
1.588637e+01	3.834080e+00	3.144285e-04	148688914.000000	0.000000e+00
1.588836e+01	3.834017e+00	3.145185e-04	148598914.000000	0.000000e+00
1.589036e+01	3.834522e+00	3.146639e-04	148500786.000000	0.000000e+00
1.589235e+01	3.834113e+00	3.146723e-04	148461124.000000	0.000000e+00
1.589435e+01	3.834056e+00	3.148224e-04	148315224.000000	0.000000e+00
1.589634e+01	3.834244e+00	3.148757e-04	148279552.000000	0.000000e+00
1.589834e+01	3.833788e+00	3.149073e-04	148214476.000000	0.000000e+00
1.590033e+01	3.834542e+00	3.151000e-04	148091544.000000	0.000000e+00
1.590233e+01	3.834814e+00	3.151689e-04	148047778.000000	0.000000e+00
1.590432e+01	3.834463e+00	3.152877e-04	147909120.000000	0.000000e+00
1.590632e+01	3.834507e+00	3.153001e-04	147900922.000000	0.000000e+00
1.590831e+01	3.834305e+00	3.154219e-04	147771114.000000	0.000000e+00
1.591030e+01	3.834449e+00	3.155098e-04	147699988.000000	0.000000e+00
1.591230e+01	3.834301e+00	3.155724e-04	147629908.000000	0.000000e+00
1.591429e+01	3.834754e+00	3.157359e-04	147511914.000000	0.000000e+00
1.591629e+01	3.834627e+00	3.157668e-04	147473290.000000	0.000000e+00
1.591828e+01	3.834268e+00	3.158576e-04	147360852.000000	0.000000e+00
1.592028e+01	3.834487e+00	3.159475e-04	147293848.000000	0.000000e+00
1.592227e+01	3.834864e+00	3.160496e-04	147227676.000000	0.000000e+00
1.592427e+01	3.834781e+00	3.161714e-04	147107824.000000	0.000000e+00
1.592626e+01	3.834361e+00	3.161491e-04	147096406.000000	0.000000e+00
1.592826e+01	3.834747e+00	3.163781e-04	146913156.000000	0.000000e+00
1.593025e+01	3.834462e+00	3.163967e-04	146873980.000000	0.000000e+00
1.593225e+01	3.835285e+00	3.165136e-04	146828574.000000	0.000000e+00
1.593424e+01	3.834631e+00	3.165853e-04	146712028.000000	0.000000e+00
1.593623e+01	3.835086e+00	3.167378e-04	146605614.000000	0.000000e+00
1.593823e+01	3.834527e+00	3.167353e-04	146565094.000000	0.000000e+00
1.594022e+01	3.834764e+00	3.168351e-04	146490922.000000	0.000000e+00
1.594222e+01	3.835273e+00	3.169977e-04	146379582.000000	0.000000e+00
1.594421e+01	3.834819e+00	3.170255e-04	146319190.000000	0.000000e+00
1.594621e+01	3.834914e+00	3.171372e-04	146223360.000000	0.000000e+00
1.594820e+01	3.835165e+00	3.172414e-04	146146456.000000	0.000000e+00
1.595020e+01	3.834961e+00	3.173326e-04	146047012.000000	0.000000e+00
1.595219e+01	3.835118e+00	3.173977e-04	145999014.000000	0.000000e+00
1.595419e+01	3.835142e+00	3.175027e-04	145904302.000000	0.000000e+00
1.595618e+01	3.835305e+00	3.176313e-04	145798590.000000	0.000000e+00
1.595818e+01	3.834972e+00	3.176940e-04	145715752.000000	0.000000e+00
1.596017e+01	3.835759e+00	3.177891e-04	145688358.000000	0.000000e+00
1.596217e+01	3.835202e+00	3.178980e-04	145546186.000000	0.000000e+00
1.596416e+01	3.835480e+00	3.179680e-04	145503274.000000	0.000000e+00
1.596615e+01	3.835170e+00	3.180657e-04	145390290.000000	0.000000e+00
1.596815e+01	3.835412e+00	3.181627e-04	145320052.000000	0.000000e+00
1.597014e+01	3.835087e+00	3.181994e-04	145261896.000000	0.000000e+00
1.597214e+01	3.835662e+00	3.184221e-04	145102276.000000	0.000000e+00
1.597413e+01	3.835759e+00	3.184152e-04	145115856.000000	0.000000e+00
1.597613e+01	3.835207e+00	3.185217e-04	144977164.000000	0.000000e+00
1.597812e+01	3.835903e+00	3.186440e-04	144918472.000000	0.000000e+00
1.598012e+01	3.835614e+00	3.187472e-04	144802788.000000	0.000000e+00
1.598211e+01	3.836127e+00	3.188701e-04	144729928.000000	0.000000e+00
1.598411e+01	3.835766e+00	3.188674e-04	144705114.000000	0.000000e+00
1.598610e+01	3.836133e+00	3.190520e-04	144565390.000000	0.000000e+00
1.598810e+01	3.835885e+00	3.191264e-04	144479308.000000	0.000000e+00
1.599009e+01	3.835609e+00	3.191469e-04	144439992.000000	0.000000e+00
1.599209e+01	3.836249e+00	3.193590e-04	144296380.000000	0.000000e+00
1.599408e+01	3.837197e+00	3.194724e-04	144265158.000000	0.000000e+00
1.599607e+01	3.836412e+00	3.195472e-04	144138652.000000	0.000000e+00
1.599807e+01	3.836601e+00	3.196141e-04	144092544.000000	0.000000e+00
1.600006e+01	3.836557e+00	3.196858e-04	144024544.000000	0.000000e+00
1.600206e+01	3.837303e+00	3.198784e-04	143907166.000000	0.000000e+00
1.600405e+01	3.836963e+00	3.199406e-04	143825706.000000	0.000000e+00
1.600605e+01	3.837108e+00	3.200775e-04	143713558.000000	0.000000e+00
1.600804e+01	3.836851e+00	3.200622e-04	143708022.000000	0.000000e+00
1.601004e+01	3.836796e+00	3.201946e-04	143585170.000000	0.000000e+00
1.601203e+01	3.836760e+00	3.203245e-04	143465958.000000	0.000000e+00
1.601403e+01	3.836610e+00	3.203350e-04	143445316.000000	0.000000e+00
1.601602e+01	3.837058e+00	3.204910e-04	143339218.000000	0.000000e+00
1.601802e+01	3.837428e+00	3.206534e-04	143221722.000000	0.000000e+00
1.602001e+01	3.837566e+00	3.207190e-04	143173384.000000	0.000000e+00
1.602200e+01	3.837077e+00	3.207450e-04	143113680.000000	0.000000e+00
1.602400e+01	3.837468e+00	3.209161e-04	142990246.000000	0.000000e+00
1.602599e+01	3.837449e+00	3.210057e-04	142909056.000000	0.000000e+00
1.602799e+01	3.837837e+00	3.210882e-04	142864486.000000	0.000000e+00
1.602998e+01	3.837757e+00	3.212516e-04	142713310.000000	0.000000e+00
1.603198e+01	3.837706e+00	3.212805e-04	142683858.000000	0.000000e+00
1.603397e+01	3.837341e+00	3.213707e-04	142576624.000000	0.000000e+00
1.603597e+01	3.837687e+00	3.214614e-04	142521846.000000	0.000000e+00
1.603796e+01	3.838040e+00	3.215758e-04	142446688.000000	0.000000e+00
1.603996e+01	3.837608e+00	3.217293e-04	142278772.000000	0.000000e+00
1.604195e+01	3.838174e+00	3.217728e-04	142282230.000000	0.000000e+00
1.604395e+01	3.838061e+00	3.219033e-04	142158478.000000	0.000000e+00
1.604594e+01	3.838200e+00	3.219932e-04	142089432.000000	0.000000e+00
1.604794e+01	3.838320e+00	3.220899e-04	142013002.000000	0.000000e+00
1.604993e+01	3.838712e+00	3.222264e-04	141921630.000000	0.000000e+00
1.605192e+01	3.838535e+00	3.222882e-04	141854188.000000	0.000000e+00
1.605392e+01	3.838253e+00	3.224181e-04	141719056.000000	0.000000e+00
1.605591e+01	3.838538e+00	3.224861e-04	141680364.000000	0.000000e+00
1.605791e+01	3.839061e+00	3.226261e-04	141596032.000000	0.000000e+00
1.605990e+01	3.839724e+00	3.227843e-04	141506088.000000	0.000000e+00
1.606190e+01	3.838874e+00	3.228284e-04	141404842.000000	0.000000e+00
1.606389e+01	3.839281e+00	3.229474e-04	141330570.000000	0.000000e+00
1.606589e+01	3.839676e+00	3.230810e-04	141242746.000000	0.000000e+00
1.606788e+01	3.839160e+00	3.231173e-04	141173122.000000	0.000000e+00
1.606988e+01	3.839370e+00	3.232311e-04	141089172.000000	0.000000e+00
1.607187e+01	3.840030e+00	3.233733e-04	141013588.000000	0.000000e+00
1.607387e+01	3.838909e+00	3.234355e-04	140877036.000000	0.000000e+00
1.607586e+01	3.839782e+00	3.235348e-04	140854600.000000	0.000000e+00
1.607786e+01	3.839987e+00	3.236780e-04	140745012.000000	0.000000e+00
1.607985e+01	3.839758e+00	3.237405e-04	140673934.000000	0.000000e+00
1.608184e+01	3.840536e+00	3.239264e-04	140569414.000000	0.000000e+00
1.608384e+01	3.839793e+00	3.239529e-04	140492148.000000	0.000000e+00
1.608583e+01	3.841096e+00	3.241488e-04	140417614.000000	0.000000e+00
1.608783e+01	3.840796e+00	3.242392e-04	140317350.000000	0.000000e+00
1.608982e+01	3.840775e+00	3.243091e-04	140255416.000000	0.000000e+00
1.609182e+01	3.840457e+00	3.244063e-04	140148118.000000	0.000000e+00
1.609381e+01	3.840432e+00	3.244677e-04	140093250.000000	0.000000e+00
1.609581e+01	3.840753e+00	3.245893e-04	140011750.000000	0.000000e+00
1.609780e+01	3.840643e+00	3.247264e-04	139885530.000000	0.000000e+00
1.609980e+01	3.840777e+00	3.248068e-04	139826014.000000	0.000000e+00
1.610179e+01	3.841068e+00	3.249240e-04	139746276.000000	0.000000e+00
1.610379e+01	3.841259e+00	3.250267e-04	139671886.000000	0.000000e+00
1.610578e+01	3.841127e+00	3.251479e-04	139558198.000000	0.000000e+00
1.610777e+01	3.841528e+00	3.252980e-04	139458534.000000	0.000000e+00
1.610977e+01	3.841640e+00	3.253313e-04	139438150.000000	0.000000e+00
1.611176e+01	3.841481e+00	3.254866e-04	139293552.000000	0.000000e+00
1.611376e+01	3.842008e+00	3.255721e-04	139258660.000000	0.000000e+00
1.611575e+01	3.842083e+00	3.257284e-04	139130448.000000	0.000000e+00
1.611775e+01	3.841809e+00	3.257941e-04	139054534.000000	0.000000e+00
1.611974e+01	3.841915e+00	3.258513e-04	139013326.000000	0.000000e+00
1.612174e+01	3.842098e+00	3.260337e-04	138871122.000000	0.000000e+00
1.612373e+01	3.842536e+00	3.261272e-04	138823132.000000	0.000000e+00
1.612573e+01	3.842474e+00	3.262050e-04	138752436.000000	0.000000e+00
1.612772e+01	3.842828e+00	3.263750e-04	138633550.000000	0.000000e+00
1.612972e+01	3.842620e+00	3.264604e-04	138545952.000000	0.000000e+00
1.613171e+01	3.843189e+00	3.265922e-04	138475150.000000	0.000000e+00
1.613371e+01	3.843418e+00	3.266930e-04	138406210.000000	0.000000e+00
1.613570e+01	3.843489e+00	3.268387e-04	138287940.000000	0.000000e+00
1.613769e+01	3.843563e+00	3.269052e-04	138236998.000000	0.000000e+00
1.613969e+01	3.844240e+00	3.270856e-04	138133230.000000	0.000000e+00
1.614168e+01	3.844505e+00	3.272218e-04	138037276.000000	0.000000e+00
1.614368e+01	3.844365e+00	3.272644e-04	137991292.000000	0.000000e+00
1.614567e+01	3.843914e+00	3.274001e-04	137844558.000000	0.000000e+00
1.614767e+01	3.843249e+00	3.273600e-04	137830654.000000	0.000000e+00
1.614966e+01	3.844725e+00	3.276383e-04	137702280.000000	0.000000e+00
1.615166e+01	3.845053e+00	3.277596e-04	137623834.000000	0.000000e+00
1.615365e+01	3.844428e+00	3.277823e-04	137560086.000000	0.000000e+00
1.615565e+01	3.844589e+00	3.279388e-04	137440372.000000	0.000000e+00
1.615764e+01	3.845519e+00	3.280713e-04	137395816.000000	0.000000e+00
1.615964e+01	3.845601e+00	3.282192e-04	137277858.000000	0.000000e+00
1.616163e+01	3.844984e+00	3.282518e-04	137206558.000000	0.000000e+00
1.616363e+01	3.845179e+00	3.283275e-04	137157192.000000	0.000000e+00
1.616562e+01	3.845468e+00	3.285284e-04	137010088.000000	0.000000e+00
1.616761e+01	3.845431e+00	3.285926e-04	136953984.000000	0.000000e+00
1.616961e+01	3.845373e+00	3.286932e-04	136866004.000000	0.000000e+00
1.617160e+01	3.845947e+00	3.288472e-04	136778626.000000	0.000000e+00
1.617360e+01	3.845469e+00	3.289298e-04	136675980.000000	0.000000e+00
1.617559e+01	3.846128e+00	3.290493e-04	136623586.000000	0.000000e+00
1.617759e+01	3.846805e+00	3.292050e-04	136542444.000000	0.000000e+00
1.617958e+01	3.846645e+00	3.293609e-04	136401820.000000	0.000000e+00
1.618158e+01	3.846163e+00	3.293448e-04	136380988.000000	0.000000e+00
1.618357e+01	3.846686e+00	3.295472e-04	136250580.000000	0.000000e+00
1.618557e+01	3.846570e+00	3.296001e-04	136198534.000000	0.000000e+00
1.618756e+01	3.846907e+00	3.297311e-04	136114242.000000	0.000000e+00
1.618956e+01	3.847184e+00	3.299091e-04	135986974.000000	0.000000e+00
1.619155e+01	3.847374e+00	3.299671e-04	135952602.000000	0.000000e+00
1.619354e+01	3.847283e+00	3.300972e-04	135838990.000000	0.000000e+00
1.619554e+01	3.848135e+00	3.302563e-04	135768286.000000	0.000000e+00
1.619753e+01	3.847270e+00	3.303009e-04	135670620.000000	0.000000e+00
1.619953e+01	3.847899e+00	3.304598e-04	135584488.000000	0.000000e+00
1.620152e+01	3.848298e+00	3.305997e-04	135497880.000000	0.000000e+00
1.620352e+01	3.848093e+00	3.307082e-04	135394516.000000	0.000000e+00
1.620551e+01	3.848659e+00	3.308120e-04	135349410.000000	0.000000e+00
1.620751e+01	3.849061e+00	3.309762e-04	135243376.000000	0.000000e+00
1.620950e+01	3.848697e+00	3.310524e-04	135155518.000000	0.000000e+00
1.621150e+01	3.849008e+00	3.311626e-04	135087504.000000	0.000000e+00
1.621349e+01	3.849638e+00	3.313326e-04	134993056.000000	0.000000e+00
1.621549e+01	3.849758e+00	3.314547e-04	134901996.000000	0.000000e+00
1.621748e+01	3.850138e+00	3.316098e-04	134802460.000000	0.000000e+00
1.621947e+01	3.849814e+00	3.316618e-04	134737554.000000	0.000000e+00
1.622147e+01	3.849623e+00	3.317623e-04	134642542.000000	0.000000e+00
1.622346e+01	3.849731e+00	3.318524e-04	134576968.000000	0.000000e+00
1.622546e+01	3.850535e+00	3.320378e-04	134482884.000000	0.000000e+00
1.622745e+01	3.850148e+00	3.321249e-04	134385358.000000	0.000000e+00
1.622945e+01	3.850718e+00	3.322598e-04	134315994.000000	0.000000e+00
1.623144e+01	3.851410e+00	3.324425e-04	134216680.000000	0.000000e+00
1.623344e+01	3.850894e+00	3.325143e-04	134122714.000000	0.000000e+00
1.623543e+01	3.850119e+00	3.325375e-04	134050074.000000	0.000000e+00
1.623743e+01	3.851612e+00	3.327755e-04	133962292.000000	0.000000e+00
1.623942e+01	3.851437e+00	3.328599e-04	133882122.000000	0.000000e+00
1.624142e+01	3.851776e+00	3.330318e-04	133767544.000000	0.000000e+00
1.624341e+01	3.851664e+00	3.330794e-04	133721466.000000	0.000000e+00
1.624541e+01	3.852464e+00	3.332712e-04	133623160.000000	0.000000e+00
1.624740e+01	3.852566e+00	3.334081e-04	133520482.000000	0.000000e+00
1.624939e+01	3.852248e+00	3.334784e-04	133442154.000000	0.000000e+00
1.625139e+01	3.852595e+00	3.336240e-04	133349728.000000	0.000000e+00
1.625338e+01	3.853015e+00	3.337317e-04	133292766.000000	0.000000e+00
1.625538e+01	3.852978e+00	3.338494e-04	133196206.000000	0.000000e+00
1.625737e+01	3.852758e+00	3.339723e-04	133082964.000000	0.000000e+00
1.625937e+01	3.853593e+00	3.341252e-04	133018900.000000	0.000000e+00
1.626136e+01	3.854175e+00	3.342940e-04	132924724.000000	0.000000e+00
1.626336e+01	3.853649e+00	3.343368e-04	132854400.000000	0.000000e+00
1.626535e+01	3.853311e+00	3.344617e-04	132731932.000000	0.000000e+00
1.626735e+01	3.854253e+00	3.346217e-04	132669846.000000	0.000000e+00
1.626934e+01	3.853479e+00	3.346241e-04	132614602.000000	0.000000e+00
1.627134e+01	3.854860e+00	3.349145e-04	132479706.000000	0.000000e+00
1.627333e+01	3.855302e+00	3.350045e-04	132438856.000000	0.000000e+00
1.627533e+01	3.854864e+00	3.351322e-04	132307960.000000	0.000000e+00
1.627732e+01	3.854897e+00	3.352262e-04	132235998.000000	0.000000e+00
1.627931e+01	3.855558e+00	3.353782e-04	132161464.000000	0.000000e+00
1.628131e+01	3.855087e+00	3.354495e-04	132072978.000000	0.000000e+00
1.628330e+01	3.855997e+00	3.356579e-04	131971330.000000	0.000000e+00
1.628530e+01	3.855640e+00	3.357768e-04	131853442.000000	0.000000e+00
1.628729e+01	3.856193e+00	3.358383e-04	131842980.000000	0.000000e+00
1.628929e+01	3.856611e+00	3.360228e-04	131726818.000000	0.000000e+00
1.629128e+01	3.856464e+00	3.361298e-04	131632902.000000	0.000000e+00
1.629328e+01	3.856827e+00	3.362739e-04	131544898.000000	0.000000e+00
1.629527e+01	3.857699e+00	3.364723e-04	131449194.000000	0.000000e+00
1.629727e+01	3.856902e+00	3.364666e-04	131399386.000000	0.000000e+00
1.629926e+01	3.857117e+00	3.366585e-04	131264230.000000	0.000000e+00
1.630126e+01	3.857124e+00	3.367124e-04	131222652.000000	0.000000e+00
1.630325e+01	3.858596e+00	3.370076e-04	131092906.000000	0.000000e+00
1.630524e+01	3.857954e+00	3.370050e-04	131051274.000000	0.000000e+00
1.630724e+01	3.858114e+00	3.371567e-04	130944208.000000	0.000000e+00
1.630923e+01	3.858044e+00	3.372692e-04	130852152.000000	0.000000e+00
1.631123e+01	3.858723e+00	3.374278e-04	130775182.000000	0.000000e+00
1.631322e+01	3.859726e+00	3.376405e-04	130678378.000000	0.000000e+00
1.631522e+01	3.859106e+00	3.376999e-04	130590504.000000	0.000000e+00
1.631721e+01	3.859495e+00	3.378558e-04	130496332.000000	0.000000e+00
1.631921e+01	3.859192e+00	3.379340e-04	130415460.000000	0.000000e+00
1.632120e+01	3.860010e+00	3.380891e-04	130351036.000000	0.000000e+00
1.632320e+01	3.860828e+00	3.382813e-04	130258144.000000	0.000000e+00
1.632519e+01	3.859957e+00	3.383451e-04	130150320.000000	0.000000e+00
1.632719e+01	3.860855e+00	3.385052e-04	130087738.000000	0.000000e+00
1.632918e+01	3.861096e+00	3.386930e-04	129959718.000000	0.000000e+00
1.633118e+01	3.861374e+00	3.387629e-04	129924832.000000	0.000000e+00
1.633317e+01	3.861827e+00	3.389954e-04	129777072.000000	0.000000e+00
1.633516e+01	3.861645e+00	3.390196e-04	129746332.000000	0.000000e+00
1.633716e+01	3.861819e+00	3.391726e-04	129640996.000000	0.000000e+00
1.633915e+01	3.861642e+00	3.392857e-04	129542688.000000	0.000000e+00
1.634115e+01	3.861936e+00	3.394033e-04	129472654.000000	0.000000e+00
1.634314e+01	3.862653e+00	3.396105e-04	129362742.000000	0.000000e+00
1.634514e+01	3.863275e+00	3.397709e-04	129282250.000000	0.000000e+00
1.634713e+01	3.862849e+00	3.398286e-04	129209844.000000	0.000000e+00
1.634913e+01	3.863599e+00	3.400447e-04	129095818.000000	0.000000e+00
1.635112e+01	3.863414e+00	3.400941e-04	129045940.000000	0.000000e+00
1.635312e+01	3.863241e+00	3.402179e-04	128940468.000000	0.000000e+00
1.635511e+01	3.864256e+00	3.404014e-04	128869234.000000	0.000000e+00
1.635711e+01	3.864002e+00	3.405402e-04	128747226.000000	0.000000e+00
1.635910e+01	3.864314e+00	3.406331e-04	128697778.000000	0.000000e+00
1.636110e+01	3.864909e+00	3.408397e-04	128581416.000000	0.000000e+00
1.636309e+01	3.864418e+00	3.408840e-04	128515354.000000	0.000000e+00
1.636508e+01	3.864729e+00	3.410403e-04	128418214.000000	0.000000e+00
1.636708e+01	3.865401e+00	3.412658e-04	128293182.000000	0.000000e+00
1.636907e+01	3.865466e+00	3.413141e-04	128261182.000000	0.000000e+00
1.637107e+01	3.866078e+00	3.414894e-04	128170098.000000	0.000000e+00
1.637306e+01	3.865725e+00	3.416072e-04	128058334.000000	0.000000e+00
1.637506e+01	3.865977e+00	3.417577e-04	127962244.000000	0.000000e+00
1.637705e+01	3.866875e+00	3.419249e-04	127896534.000000	0.000000e+00
1.637905e+01	3.866683e+00	3.419891e-04	127835854.000000	0.000000e+00
1.638104e+01	3.866509e+00	3.421494e-04	127704600.000000	0.000000e+00
1.638304e+01	3.867208e+00	3.423545e-04	127597774.000000	0.000000e+00
1.638503e+01	3.867109e+00	3.423863e-04	127567470.000000	0.000000e+00
1.638703e+01	3.867276e+00	3.425675e-04	127443604.000000	0.000000e+00
1.638902e+01	3.868403e+00	3.427723e-04	127365580.000000	0.000000e+00
1.639101e+01	3.868268e+00	3.428846e-04	127273296.000000	0.000000e+00
1.639301e+01	3.868927e+00	3.430332e-04	127206328.000000	0.000000e+00
1.639500e+01	3.868567e+00	3.431542e-04	127092978.000000	0.000000e+00
1.639700e+01	3.869064e+00	3.432953e-04	127021192.000000	0.000000e+00
1.639899e+01	3.869593e+00	3.434749e-04	126923058.000000	0.000000e+00
1.640099e+01	3.869323e+00	3.436320e-04	126789334.000000	0.000000e+00
1.640298e+01	3.869808e+00	3.436730e-04	126790888.000000	0.000000e+00
1.640498e+01	3.869994e+00	3.438482e-04	126673848.000000	0.000000e+00
1.640697e+01	3.869952e+00	3.440203e-04	126544426.000000	0.000000e+00
1.640897e+01	3.870693e+00	3.441159e-04	126522570.000000	0.000000e+00
1.641096e+01	3.870973e+00	3.443370e-04	126378412.000000	0.000000e+00
1.641296e+01	3.871414e+00	3.444765e-04	126304908.000000	0.000000e+00
1.641495e+01	3.871318e+00	3.445865e-04	126217912.000000	0.000000e+00
1.641695e+01	3.871708e+00	3.447312e-04	126137428.000000	0.000000e+00
1.641894e+01	3.872903e+00	3.449575e-04	126049728.000000	0.000000e+00
1.642093e+01	3.872368e+00	3.450477e-04	125949100.000000	0.000000e+00
1.642293e+01	3.872670e+00	3.451810e-04	125871402.000000	0.000000e+00
1.642492e+01	3.872721e+00	3.452971e-04	125790106.000000	0.000000e+00
1.642692e+01	3.873550e+00	3.454923e-04	125701828.000000	0.000000e+00
1.642891e+01	3.873357e+00	3.456052e-04	125607192.000000	0.000000e+00
1.643091e+01	3.873968e+00	3.457831e-04	125517598.000000	0.000000e+00
1.643290e+01	3.873972e+00	3.458959e-04	125435934.000000	0.000000e+00
1.643490e+01	3.873570e+00	3.460353e-04	125308906.000000	0.000000e+00
1.643689e+01	3.874932e+00	3.461973e-04	125279724.000000	0.000000e+00
1.643889e+01	3.875067e+00	3.463792e-04	125156878.000000	0.000000e+00
1.644088e+01	3.875026e+00	3.464825e-04	125079658.000000	0.000000e+00
1.644288e+01	3.875781e+00	3.466929e-04	124976544.000000	0.000000e+00
1.644487e+01	3.875742e+00	3.467812e-04	124910446.000000	0.000000e+00
1.644686e+01	3.875958e+00	3.469572e-04	124797648.000000	0.000000e+00
1.644886e+01	3.876233e+00	3.471049e-04	124709110.000000	0.000000e+00
1.645085e+01	3.876109e+00	3.471819e-04	124645896.000000	0.000000e+00
1.645285e+01	3.877914e+00	3.474637e-04	124559680.000000	0.000000e+00
1.645484e+01	3.877174e+00	3.475789e-04	124429576.000000	0.000000e+00
1.645684e+01	3.877310e+00	3.476773e-04	124367880.000000	0.000000e+00
1.645883e+01	3.877435e+00	3.478058e-04	124284094.000000	0.000000e+00
1.646083e+01	3.878618e+00	3.480058e-04	124216986.000000	0.000000e+00
1.646282e+01	3.878163e+00	3.481689e-04	124071562.000000	0.000000e+00
1.646482e+01	3.878844e+00	3.483091e-04	124015200.000000	0.000000e+00
1.646681e+01	3.878518e+00	3.483988e-04	123930532.000000	0.000000e+00
1.646881e+01	3.878742e+00	3.485648e-04	123826822.000000	0.000000e+00
1.647080e+01	3.879279e+00	3.487163e-04	123753462.000000	0.000000e+00
1.647280e+01	3.880007e+00	3.489420e-04	123639850.000000	0.000000e+00
1.647479e+01	3.879773e+00	3.489938e-04	123588258.000000	0.000000e+00
1.647678e+01	3.881013e+00	3.492643e-04	123475780.000000	0.000000e+00
1.647878e+01	3.881258e+00	3.494270e-04	123376396.000000	0.000000e+00
1.648077e+01	3.880991e+00	3.494989e-04	123308664.000000	0.000000e+00
1.648277e+01	3.882134e+00	3.497412e-04	123210460.000000	0.000000e+00
1.648476e+01	3.881574e+00	3.498126e-04	123124578.000000	0.000000e+00
1.648676e+01	3.881616e+00	3.499136e-04	123056170.000000	0.000000e+00
1.648875e+01	3.882248e+00	3.501425e-04	122935362.000000	0.000000e+00
1.649075e+01	3.882983e+00	3.503062e-04	122867050.000000	0.000000e+00
1.649274e+01	3.882946e+00	3.504855e-04	122739010.000000	0.000000e+00
1.649474e+01	3.883431e+00	3.505752e-04	122706846.000000	0.000000e+00
1.649673e+01	3.883752e+00	3.507758e-04	122586790.000000	0.000000e+00
1.649873e+01	3.884377e+00	3.509457e-04	122507556.000000	0.000000e+00
1.650072e+01	3.884139e+00	3.510414e-04	122425726.000000	0.000000e+00
1.650272e+01	3.884819e+00	3.512662e-04	122311962.000000	0.000000e+00
1.650471e+01	3.883879e+00	3.512845e-04	122240056.000000	0.000000e+00
1.650670e+01	3.884773e+00	3.515320e-04	122124196.000000	0.000000e+00
1.650870e+01	3.885343e+00	3.516693e-04	122064588.000000	0.000000e+00
1.651069e+01	3.885664e+00	3.518644e-04	121949422.000000	0.000000e+00
1.651269e+01	3.885933e+00	3.519743e-04	121890150.000000	0.000000e+00
1.651468e+01	3.886327e+00	3.521589e-04	121787116.000000	0.000000e+00
1.651668e+01	3.886081e+00	3.523167e-04	121662616.000000	0.000000e+00
1.651867e+01	3.886706e+00	3.524073e-04	121639206.000000	0.000000e+00
1.652067e+01	3.886290e+00	3.525414e-04	121520710.000000	0.000000e+00
1.652266e+01	3.887305e+00	3.527493e-04	121440840.000000	0.000000e+00
1.652466e+01	3.887698e+00	3.529522e-04	121325842.000000	0.000000e+00
1.652665e+01	3.887393e+00	3.530153e-04	121263432.000000	0.000000e+00
1.652865e+01	3.888212e+00	3.532488e-04	121154176.000000	0.000000e+00
1.653064e+01	3.888813e+00	3.534613e-04	121045936.000000	0.000000e+00
1.653263e+01	3.888890e+00	3.535228e-04	121008678.000000	0.000000e+00
1.653463e+01	3.889036e+00	3.536951e-04	120899872.000000	0.000000e+00
1.653662e+01	3.889831e+00	3.539258e-04	120791634.000000	0.000000e+00
1.653862e+01	3.890066e+00	3.540621e-04	120713260.000000	0.000000e+00
1.654061e+01	3.890045e+00	3.542460e-04	120586668.000000	0.000000e+00
1.654261e+01	3.891161e+00	3.543730e-04	120569440.000000	0.000000e+00
1.654460e+01	3.890741e+00	3.545073e-04	120452050.000000	0.000000e+00
1.654660e+01	3.890870e+00	3.546996e-04	120329484.000000	0.000000e+00
1.654859e+01	3.891599e+00	3.548567e-04	120268000.000000	0.000000e+00
1.655059e+01	3.891434e+00	3.549712e-04	120180264.000000	0.000000e+00
1.655258e+01	3.892975e+00	3.552441e-04	120090724.000000	0.000000e+00
1.655458e+01	3.892166e+00	3.552976e-04	120004692.000000	0.000000e+00
1.655657e+01	3.892136e+00	3.554577e-04	119894734.000000	0.000000e+00
1.655857e+01	3.893038e+00	3.556302e-04	119833990.000000	0.000000e+00
1.656056e+01	3.893425e+00	3.558558e-04	119705904.000000	0.000000e+00
1.656255e+01	3.893699e+00	3.559626e-04	119650936.000000	0.000000e+00
1.656455e+01	3.894072e+00	3.561663e-04	119536956.000000	0.000000e+00
1.656654e+01	3.893950e+00	3.562778e-04	119454682.000000	0.000000e+00
1.656854e+01	3.895097e+00	3.565058e-04	119372230.000000	0.000000e+00
1.657053e+01	3.894784e+00	3.566120e-04	119281998.000000	0.000000e+00
1.657253e+01	3.895122e+00	3.568073e-04	119172124.000000	0.000000e+00
1.657452e+01	3.896306e+00	3.570501e-04	119082438.000000	0.000000e+00
1.657652e+01	3.896541e+00	3.571457e-04	119033086.000000	0.000000e+00
1.657851e+01	3.895968e+00	3.573054e-04	118891740.000000	0.000000e+00
1.658051e+01	3.896570e+00	3.574343e-04	118842748.000000	0.000000e+00
1.658250e+01	3.897618e+00	3.576972e-04	118731910.000000	0.000000e+00
1.658450e+01	3.897029e+00	3.577741e-04	118645026.000000	0.000000e+00
1.658649e+01	3.898277e+00	3.580152e-04	118561156.000000	0.000000e+00
1.658848e+01	3.897834e+00	3.581395e-04	118451964.000000	0.000000e+00
1.659048e+01	3.898500e+00	3.582912e-04	118392136.000000	0.000000e+00
1.659247e+01	3.898680e+00	3.584879e-04	118273134.000000	0.000000e+00
1.659447e+01	3.900011e+00	3.587265e-04	118196500.000000	0.000000e+00
1.659646e+01	3.900254e+00	3.588713e-04	118115860.000000	0.000000e+00
1.659846e+01	3.899842e+00	3.590216e-04	117992088.000000	0.000000e+00
1.660045e+01	3.900347e+00	3.591313e-04	117950578.000000	0.000000e+00
1.660245e+01	3.900093e+00	3.593048e-04	117821334.000000	0.000000e+00
1.660444e+01	3.901045e+00	3.595424e-04	117723040.000000	0.000000e+00
1.660644e+01	3.901099e+00	3.596600e-04	117649356.000000	0.000000e+00
1.660843e+01	3.901594e+00	3.598454e-04	117558034.000000	0.000000e+00
1.661043e+01	3.901516e+00	3.599516e-04	117484006.000000	0.000000e+00
1.661242e+01	3.902353e+00	3.602176e-04	117360840.000000	0.000000e+00
1.661442e+01	3.902885e+00	3.603487e-04	117307462.000000	0.000000e+00
1.661641e+01	3.903255e+00	3.605410e-04	117204594.000000	0.000000e+00
1.661840e+01	3.903704e+00	3.607559e-04	117091894.000000	0.000000e+00
1.662040e+01	3.903389e+00	3.608260e-04	117027484.000000	0.000000e+00
1.662239e+01	3.903776e+00	3.610253e-04	116921532.000000	0.000000e+00
1.662439e+01	3.904343e+00	3.611845e-04	116852404.000000	0.000000e+00
1.662638e+01	3.904856e+00	3.614130e-04	116735406.000000	0.000000e+00
1.662838e+01	3.904922e+00	3.615564e-04	116646748.000000	0.000000e+00
1.663037e+01	3.905487e+00	3.617267e-04	116570622.000000	0.000000e+00
1.663237e+01	3.905554e+00	3.618961e-04	116465596.000000	0.000000e+00
1.663436e+01	3.906414e+00	3.620851e-04	116395210.000000	0.000000e+00
1.663636e+01	3.905991e+00	3.622309e-04	116276370.000000	0.000000e+00
1.663835e+01	3.907143e+00	3.624319e-04	116215942.000000	0.000000e+00
1.664035e+01	3.907500e+00	3.626157e-04	116119416.000000	0.000000e+00
1.664234e+01	3.907779e+00	3.628412e-04	115991662.000000	0.000000e+00
1.664433e+01	3.908593e+00	3.629994e-04	115938870.000000	0.000000e+00
1.664633e+01	3.908082e+00	3.631338e-04	115822804.000000	0.000000e+00
1.664832e+01	3.909038e+00	3.633135e-04	115764862.000000	0.000000e+00
1.665032e+01	3.909166e+00	3.635427e-04	115626510.000000	0.000000e+00
1.665231e+01	3.909356e+00	3.636341e-04	115579594.000000	0.000000e+00
1.665431e+01	3.909712e+00	3.638153e-04	115485498.000000	0.000000e+00
1.665630e+01	3.910358e+00	3.640659e-04	115364734.000000	0.000000e+00
1.665830e+01	3.910996e+00	3.642305e-04	115298130.000000	0.000000e+00
1.666029e+01	3.910959e+00	3.643856e-04	115197814.000000	0.000000e+00
1.666229e+01	3.912135e+00	3.646158e-04	115121524.000000	0.000000e+00
1.666428e+01	3.911403e+00	3.647266e-04	115008600.000000	0.000000e+00
1.666628e+01	3.911992e+00	3.649557e-04	114898852.000000	0.000000e+00
1.666827e+01	3.912289e+00	3.650111e-04	114881370.000000	0.000000e+00
1.667027e+01	3.912789e+00	3.653265e-04	114712390.000000	0.000000e+00
1.667226e+01	3.912999e+00	3.654220e-04	114664798.000000	0.000000e+00
1.667425e+01	3.913666e+00	3.656494e-04	114561228.000000	0.000000e+00
1.667625e+01	3.914158e+00	3.658701e-04	114451834.000000	0.000000e+00
1.667824e+01	3.913845e+00	3.659419e-04	114388614.000000	0.000000e+00
1.668024e+01	3.913931e+00	3.661387e-04	114270760.000000	0.000000e+00
1.668223e+01	3.914145e+00	3.662343e-04	114223560.000000	0.000000e+00
1.668423e+01	3.915696e+00	3.666004e-04	114085972.000000	0.000000e+00
1.668622e+01	3.915659e+00	3.667174e-04	114010948.000000	0.000000e+00
1.668822e+01	3.916725e+00	3.669535e-04	113926314.000000	0.000000e+00
1.669021e+01	3.916672e+00	3.671499e-04	113801404.000000	0.000000e+00
1.669221e+01	3.916689e+00	3.671927e-04	113775870.000000	0.000000e+00
1.669420e+01	3.917335e+00	3.674845e-04	113632714.000000	0.000000e+00
1.669620e+01	3.918139e+00	3.676759e-04	113561028.000000	0.000000e+00
1.669819e+01	3.917579e+00	3.677797e-04	113464516.000000	0.000000e+00
1.670019e+01	3.919356e+00	3.681066e-04	113365804.000000	0.000000e+00
1.670218e+01	3.918252e+00	3.681723e-04	113261562.000000	0.000000e+00
1.670417e+01	3.919357e+00	3.684146e-04	113176450.000000	0.000000e+00
1.670617e+01	3.919181e+00	3.684855e-04	113122722.000000	0.000000e+00
1.670816e+01	3.920216e+00	3.687688e-04	113008678.000000	0.000000e+00
1.671016e+01	3.920360e+00	3.689972e-04	112877062.000000	0.000000e+00
1.671215e+01	3.921613e+00	3.691822e-04	112836054.000000	0.000000e+00
1.671415e+01	3.921409e+00	3.693100e-04	112746262.000000	0.000000e+00
1.671614e+01	3.922413e+00	3.695999e-04	112627128.000000	0.000000e+00
1.671814e+01	3.921586e+00	3.696540e-04	112546672.000000	0.000000e+00
1.672013e+01	3.922884e+00	3.699088e-04	112466100.000000	0.000000e+00
1.672213e+01	3.922412e+00	3.700453e-04	112356082.000000	0.000000e+00
1.672412e+01	3.923405e+00	3.703085e-04	112253224.000000	0.000000e+00
1.672612e+01	3.923937e+00	3.704587e-04	112192668.000000	0.000000e+00
1.672811e+01	3.923469e+00	3.706274e-04	112063816.000000	0.000000e+00
1.673010e+01	3.924753e+00	3.708505e-04	112002318.000000	0.000000e+00
1.673210e+01	3.924525e+00	3.709779e-04	111912382.000000	0.000000e+00
1.673409e+01	3.925068e+00	3.712142e-04	111800862.000000	0.000000e+00
1.673609e+01	3.925699e+00	3.714226e-04	111711310.000000	0.000000e+00
1.673808e+01	3.925911e+00	3.716392e-04	111593224.000000	0.000000e+00
1.674008e+01	3.926539e+00	3.717549e-04	111559428.000000	0.000000e+00
1.674207e+01	3.926412e+00	3.719550e-04	111432250.000000	0.000000e+00
1.674407e+01	3.927021e+00	3.721400e-04	111356004.000000	0.000000e+00
1.674606e+01	3.927755e+00	3.723638e-04	111263848.000000	0.000000e+00
1.674806e+01	3.927871e+00	3.725608e-04	111152676.000000	0.000000e+00
1.675005e+01	3.928394e+00	3.726938e-04	111102970.000000	0.000000e+00
1.675205e+01	3.927813e+00	3.728923e-04	110951926.000000	0.000000e+00
1.675404e+01	3.930127e+00	3.732007e-04	110899158.000000	0.000000e+00
1.675604e+01	3.929968e+00	3.733751e-04	110786596.000000	0.000000e+00
1.675803e+01	3.929708e+00	3.734769e-04	110711580.000000	0.000000e+00
1.676002e+01	3.930375e+00	3.737060e-04	110613400.000000	0.000000e+00
1.676202e+01	3.930872e+00	3.739722e-04	110483944.000000	0.000000e+00
1.676401e+01	3.931056e+00	3.740416e-04	110453280.000000	0.000000e+00
1.676601e+01	3.931292e+00	3.742763e-04	110328046.000000	0.000000e+00
1.676800e+01	3.931561e+00	3.744840e-04	110220810.000000	0.000000e+00
1.677000e+01	3.931739e+00	3.746045e-04	110159860.000000	0.000000e+00
1.677199e+01	3.931958e+00	3.748405e-04	110033430.000000	0.000000e+00
1.677399e+01	3.933935e+00	3.751287e-04	109974934.000000	0.000000e+00
1.677598e+01	3.933751e+00	3.752847e-04	109873246.000000	0.000000e+00
1.677798e+01	3.933775e+00	3.754604e-04	109771812.000000	0.000000e+00
1.677997e+01	3.933525e+00	3.755540e-04	109703164.000000	0.000000e+00
1.678197e+01	3.934030e+00	3.758283e-04	109571220.000000	0.000000e+00
1.678396e+01	3.935450e+00	3.760687e-04	109510126.000000	0.000000e+00
1.678595e+01	3.934859e+00	3.762106e-04	109394682.000000	0.000000e+00
1.678795e+01	3.936350e+00	3.764424e-04	109342846.000000	0.000000e+00
1.678994e+01	3.936334e+00	3.767024e-04	109191076.000000	0.000000e+00
1.679194e+01	3.936774e+00	3.768489e-04	109130574.000000	0.000000e+00
1.679393e+01	3.936426e+00	3.769718e-04	109040176.000000	0.000000e+00
1.679593e+01	3.937224e+00	3.772435e-04	108927342.000000	0.000000e+00
1.679792e+01	3.938368e+00	3.774555e-04	108868168.000000	0.000000e+00
1.679992e+01	3.938181e+00	3.776641e-04	108737628.000000	0.000000e+00
1.680191e+01	3.939205e+00	3.778739e-04	108673396.000000	0.000000e+00
1.680391e+01	3.939263e+00	3.780632e-04	108567814.000000	0.000000e+00
1.680590e+01	3.939585e+00	3.782685e-04	108467700.000000	0.000000e+00
1.680790e+01	3.940138e+00	3.784612e-04	108387748.000000	0.000000e+00
1.680989e+01	3.940378e+00	3.786550e-04	108289992.000000	0.000000e+00
1.681189e+01	3.940962e+00	3.788478e-04	108211882.000000	0.000000e+00
1.681388e+01	3.941643e+00	3.790862e-04	108113170.000000	0.000000e+00
1.681587e+01	3.941658e+00	3.793344e-04	107972574.000000	0.000000e+00
1.681787e+01	3.942640e+00	3.794617e-04	107953936.000000	0.000000e+00
1.681986e+01	3.942279e+00	3.797129e-04	107791332.000000	0.000000e+00
1.682186e+01	3.943965e+00	3.799398e-04	107754748.000000	0.000000e+00
1.682385e+01	3.943188e+00	3.800693e-04	107638926.000000	0.000000e+00
1.682585e+01	3.943652e+00	3.802931e-04	107537566.000000	0.000000e+00
1.682784e+01	3.944052e+00	3.804499e-04	107470744.000000	0.000000e+00
1.682984e+01	3.944308e+00	3.807115e-04	107337096.000000	0.000000e+00
1.683183e+01	3.945810e+00	3.809572e-04	107280286.000000	0.000000e+00
1.683383e+01	3.945186e+00	3.811018e-04	107164998.000000	0.000000e+00
1.683582e+01	3.945858e+00	3.813119e-04	107083450.000000	0.000000e+00
1.683782e+01	3.946338e+00	3.815564e-04	106972224.000000	0.000000e+00
1.683981e+01	3.946692e+00	3.817094e-04	106905670.000000	0.000000e+00
1.684181e+01	3.946896e+00	3.819146e-04	106801834.000000	0.000000e+00
1.684380e+01	3.947090e+00	3.821556e-04	106677738.000000	0.000000e+00
1.684579e+01	3.947671e+00	3.822960e-04	106630744.000000	0.000000e+00
1.684779e+01	3.948576e+00	3.825825e-04	106519944.000000	0.000000e+00
1.684978e+01	3.948945e+00	3.827751e-04	106432660.000000	0.000000e+00
1.685178e+01	3.949219e+00	3.830098e-04	106317006.000000	0.000000e+00
1.685377e+01	3.949153e+00	3.831527e-04	106234180.000000	0.000000e+00
1.685577e+01	3.950882e+00	3.834481e-04	106163440.000000	0.000000e+00
1.685776e+01	3.950187e+00	3.836048e-04	106039410.000000	0.000000e+00
1.685976e+01	3.951075e+00	3.838508e-04	105951190.000000	0.000000e+00
1.686175e+01	3.950840e+00	3.839409e-04	105888822.000000	0.000000e+00
1.686375e+01	3.951501e+00	3.842509e-04	105753466.000000	0.000000e+00
1.686574e+01	3.952882e+00	3.845165e-04	105681208.000000	0.000000e+00
1.686774e+01	3.952103e+00	3.846549e-04	105563544.000000	0.000000e+00
1.686973e+01	3.953380e+00	3.848822e-04	105507076.000000	0.000000e+00
1.687172e+01	3.953680e+00	3.851455e-04	105378822.000000	0.000000e+00
1.687372e+01	3.953691e+00	3.853095e-04	105289696.000000	0.000000e+00
1.687571e+01	3.954205e+00	3.854588e-04	105235512.000000	0.000000e+00
1.687771e+01	3.954563e+00	3.857498e-04	105095872.000000	0.000000e+00
1.687970e+01	3.955894e+00	3.860160e-04	105021610.000000	0.000000e+00
1.688170e+01	3.955241e+00	3.861207e-04	104930022.000000	0.000000e+00
1.688369e+01	3.955728e+00	3.863743e-04	104818162.000000	0.000000e+00
1.688569e+01	3.956946e+00	3.866030e-04	104758632.000000	0.000000e+00
1.688768e+01	3.957219e+00	3.869038e-04	104610250.000000	0.000000e+00
1.688968e+01	3.957497e+00	3.869635e-04	104592618.000000	0.000000e+00
1.689167e+01	3.957084e+00	3.872133e-04	104435932.000000	0.000000e+00
1.689367e+01	3.958910e+00	3.875235e-04	104365084.000000	0.000000e+00
1.689566e+01	3.958875e+00	3.877040e-04	104266092.000000	0.000000e+00
1.689766e+01	3.959059e+00	3.879214e-04	104158924.000000	0.000000e+00
1.689965e+01	3.959728e+00	3.880921e-04	104102502.000000	0.000000e+00
1.690164e+01	3.959888e+00	3.883926e-04	103949878.000000	0.000000e+00
1.690364e+01	3.960095e+00	3.885209e-04	103892110.000000	0.000000e+00
1.690563e+01	3.960240e+00	3.886985e-04	103804716.000000	0.000000e+00
1.690763e+01	3.961351e+00	3.889926e-04	103706026.000000	0.000000e+00
1.690962e+01	3.961685e+00	3.892004e-04	103612806.000000	0.000000e+00
1.691162e+01	3.961648e+00	3.894367e-04	103485130.000000	0.000000e+00
1.691361e+01	3.962385e+00	3.895825e-04	103446192.000000	0.000000e+00
1.691561e+01	3.962127e+00	3.898011e-04	103316752.000000	0.000000e+00
1.691760e+01	3.963209e+00	3.900791e-04	103225864.000000	0.000000e+00
1.691960e+01	3.963992e+00	3.903054e-04	103146966.000000	0.000000e+00
1.692159e+01	3.964418e+00	3.905843e-04	103021840.000000	0.000000e+00
1.692359e+01	3.965027e+00	3.907446e-04	102968928.000000	0.000000e+00
1.692558e+01	3.964761e+00	3.909771e-04	102832750.000000	0.000000e+00
1.692757e+01	3.965134e+00	3.911477e-04	102762378.000000	0.000000e+00
1.692957e+01	3.966475e+00	3.914801e-04	102657358.000000	0.000000e+00
1.693156e+01	3.966679e+00	3.916758e-04	102565354.000000	0.000000e+00
1.693356e+01	3.966848e+00	3.918735e-04	102470628.000000	0.000000e+00
1.693555e+01	3.966180e+00	3.920166e-04	102361372.000000	0.000000e+00
1.693755e+01	3.967716e+00	3.922446e-04	102321564.000000	0.000000e+00
1.693954e+01	3.967551e+00	3.925093e-04	102175126.000000	0.000000e+00
1.694154e+01	3.968750e+00	3.927951e-04	102088176.000000	0.000000e+00
1.694353e+01	3.968977e+00	3.929520e-04	102018328.000000	0.000000e+00
1.694553e+01	3.969481e+00	3.932268e-04	101901628.000000	0.000000e+00
1.694752e+01	3.970302e+00	3.934832e-04	101810982.000000	0.000000e+00
1.694952e+01	3.969166e+00	3.935760e-04	101704798.000000	0.000000e+00
1.695151e+01	3.969945e+00	3.938018e-04	101628030.000000	0.000000e+00
1.695351e+01	3.971074e+00	3.940974e-04	101533360.000000	0.000000e+00
1.695550e+01	3.971481e+00	3.943458e-04	101426278.000000	0.000000e+00
1.695749e+01	3.972459e+00	3.945921e-04	101349618.000000	0.000000e+00
1.695949e+01	3.971932e+00	3.947807e-04	101225938.000000	0.000000e+00
1.696148e+01	3.973120e+00	3.950648e-04	101140848.000000	0.000000e+00
1.696348e+01	3.973228e+00	3.952325e-04	101060518.000000	0.000000e+00
1.696547e+01	3.973296e+00	3.954596e-04	100947966.000000	0.000000e+00
1.696747e+01	3.974057e+00	3.957057e-04	100861096.000000	0.000000e+00
1.696946e+01	3.974395e+00	3.959334e-04	100762198.000000	0.000000e+00
1.697146e+01	3.975374e+00	3.962021e-04	100675194.000000	0.000000e+00
1.697345e+01	3.975080e+00	3.963849e-04	100567462.000000	0.000000e+00
1.697545e+01	3.976147e+00	3.966308e-04	100496748.000000	0.000000e+00
1.697744e+01	3.976499e+00	3.968801e-04	100388332.000000	0.000000e+00
1.697944e+01	3.977023e+00	3.971321e-04	100287396.000000	0.000000e+00
1.698143e+01	3.977495e+00	3.973246e-04	100214014.000000	0.000000e+00
1.698343e+01	3.977024e+00	3.975568e-04	100073254.000000	0.000000e+00
1.698542e+01	3.978784e+00	3.978541e-04	100012182.000000	0.000000e+00
1.698741e+01	3.978773e+00	3.980661e-04	99905164.000000	0.000000e+00
1.698941e+01	3.978609e+00	3.982047e-04	99827418.000000	0.000000e+00
1.699140e+01	3.979853e+00	3.985469e-04	99718354.000000	0.000000e+00
1.699340e+01	3.979539e+00	3.987571e-04	99597534.000000	0.000000e+00
1.699539e+01	3.979976e+00	3.988965e-04	99549784.000000	0.000000e+00
1.699739e+01	3.980229e+00	3.991553e-04	99433372.000000	0.000000e+00
1.699938e+01	3.980753e+00	3.994155e-04	99330048.000000	0.000000e+00
1.700138e+01	3.980678e+00	3.995719e-04	99248536.000000	0.000000e+00
1.700337e+01	3.981694e+00	3.998920e-04	99140364.000000	0.000000e+00
1.700537e+01	3.982750e+00	4.001344e-04	99072784.000000	0.000000e+00
1.700736e+01	3.982481e+00	4.003873e-04	98934280.000000	0.000000e+00
1.700936e+01	3.983268e+00	4.005820e-04	98877234.000000	0.000000e+00
1.701135e+01	3.983790e+00	4.008809e-04	98755726.000000	0.000000e+00
1.701334e+01	3.984326e+00	4.010894e-04	98679630.000000	0.000000e+00
1.701534e+01	3.984021e+00	4.012820e-04	98569816.000000	0.000000e+00
1.701733e+01	3.985230e+00	4.016583e-04	98444940.000000	0.000000e+00
1.701933e+01	3.985756e+00	4.017999e-04	98401480.000000	0.000000e+00
1.702132e+01	3.985429e+00	4.020042e-04	98285350.000000	0.000000e+00
1.702332e+01	3.986301e+00	4.022739e-04	98196588.000000	0.000000e+00
1.702531e+01	3.986916e+00	4.025469e-04	98093728.000000	0.000000e+00
1.702731e+01	3.986746e+00	4.027427e-04	97990008.000000	0.000000e+00
1.702930e+01	3.987635e+00	4.029874e-04	97914730.000000	0.000000e+00
1.703130e+01	3.987501e+00	4.032143e-04	97797948.000000	0.000000e+00
1.703329e+01	3.988206e+00	4.034529e-04	97716880.000000	0.000000e+00
1.703529e+01	3.988702e+00	4.036781e-04	97632106.000000	0.000000e+00
1.703728e+01	3.989301e+00	4.040060e-04	97502988.000000	0.000000e+00
1.703928e+01	3.990166e+00	4.042402e-04	97432324.000000	0.000000e+00
1.704127e+01	3.989992e+00	4.044855e-04	97305648.000000	0.000000e+00
1.704326e+01	3.991504e+00	4.047295e-04	97262044.000000	0.000000e+00
1.704526e+01	3.992059e+00	4.051078e-04	97107462.000000	0.000000e+00
1.704725e+01	3.991534e+00	4.051790e-04	97047838.000000	0.000000e+00
1.704925e+01	3.992135e+00	4.054501e-04	96947284.000000	0.000000e+00
1.705124e+01	3.992119e+00	4.056900e-04	96831870.000000	0.000000e+00
1.705324e+01	3.992899e+00	4.058843e-04	96776998.000000	0.000000e+00
1.705523e+01	3.992903e+00	4.061633e-04	96644286.000000	0.000000e+00
1.705723e+01	3.993450e+00	4.063953e-04	96560380.000000	0.000000e+00
1.705922e+01	3.993482e+00	4.066075e-04	96461188.000000	0.000000e+00
1.706122e+01	3.993936e+00	4.068509e-04	96367740.000000	0.000000e+00
1.706321e+01	3.995464e+00	4.071883e-04	96281710.000000	0.000000e+00
1.706521e+01	3.995474e+00	4.074704e-04	96148914.000000	0.000000e+00
1.706720e+01	3.995595e+00	4.075907e-04	96097978.000000	0.000000e+00
1.706919e+01	3.996974e+00	4.079703e-04	95985492.000000	0.000000e+00
1.707119e+01	3.996819e+00	4.081929e-04	95873362.000000	0.000000e+00
1.707318e+01	3.997106e+00	4.083706e-04	95803714.000000	0.000000e+00
1.707518e+01	3.997116e+00	4.086510e-04	95672766.000000	0.000000e+00
1.707717e+01	3.997601e+00	4.088117e-04	95620774.000000	0.000000e+00
1.707917e+01	3.998476e+00	4.091819e-04	95489634.000000	0.000000e+00
1.708116e+01	3.998774e+00	4.094134e-04	95395870.000000	0.000000e+00
1.708316e+01	3.999383e+00	4.096410e-04	95318940.000000	0.000000e+00
1.708515e+01	3.999572e+00	4.099392e-04	95189278.000000	0.000000e+00
1.708715e+01	4.000819e+00	4.101668e-04	95142976.000000	0.000000e+00
1.708914e+01	4.000040e+00	4.104050e-04	94995570.000000	0.000000e+00
1.709114e+01	4.001650e+00	4.107203e-04	94926112.000000	0.000000e+00
1.709313e+01	4.001437e+00	4.109063e-04	94830156.000000	0.000000e+00
1.709513e+01	4.001470e+00	4.111404e-04	94723708.000000	0.000000e+00
1.709712e+01	4.002004e+00	4.114038e-04	94627738.000000	0.000000e+00
1.709911e+01	4.002177e+00	4.116434e-04	94525770.000000	0.000000e+00
1.710111e+01	4.003666e+00	4.119628e-04	94449490.000000	0.000000e+00
1.710310e+01	4.003543e+00	4.121760e-04	94345992.000000	0.000000e+00
1.710510e+01	4.003704e+00	4.124454e-04	94230406.000000	0.000000e+00
1.710709e+01	4.003872e+00	4.126198e-04	94158654.000000	0.000000e+00
1.710909e+01	4.003922e+00	4.128899e-04	94037878.000000	0.000000e+00
1.711108e+01	4.004662e+00	4.131382e-04	93959560.000000	0.000000e+00
1.711308e+01	4.005318e+00	4.134601e-04	93844080.000000	0.000000e+00
1.711507e+01	4.005436e+00	4.136126e-04	93780424.000000	0.000000e+00
1.711707e+01	4.006485e+00	4.139835e-04	93661482.000000	0.000000e+00
1.711906e+01	4.006866e+00	4.142367e-04	93564790.000000	0.000000e+00
1.712106e+01	4.006858e+00	4.144517e-04	93467370.000000	0.000000e+00
1.712305e+01	4.006946e+00	4.147029e-04	93358246.000000	0.000000e+00
1.712504e+01	4.007472e+00	4.148991e-04	93294496.000000	0.000000e+00
1.712704e+01	4.009176e+00	4.153818e-04	93156996.000000	0.000000e+00
1.712903e+01	4.008287e+00	4.154530e-04	93083764.000000	0.000000e+00
1.713103e+01	4.009591e+00	4.157882e-04	92994174.000000	0.000000e+00
1.713302e+01	4.008655e+00	4.159570e-04	92875360.000000	0.000000e+00
1.713502e+01	4.010843e+00	4.163512e-04	92800794.000000	0.000000e+00
1.713701e+01	4.009907e+00	4.164929e-04	92694364.000000	0.000000e+00
1.713901e+01	4.010670e+00	4.167759e-04	92603782.000000	0.000000e+00
1.714100e+01	4.011005e+00	4.170581e-04	92493906.000000	0.000000e+00
1.714300e+01	4.010667e+00	4.172433e-04	92396302.000000	0.000000e+00
1.714499e+01	4.011405e+00	4.175051e-04	92314416.000000	0.000000e+00
1.714699e+01	4.013072e+00	4.179604e-04	92189932.000000	0.000000e+00
1.714898e+01	4.013246e+00	4.181353e-04	92120848.000000	0.000000e+00
1.715098e+01	4.013291e+00	4.183921e-04	92009874.000000	0.000000e+00
1.715297e+01	4.013633e+00	4.186218e-04	91924570.000000	0.000000e+00
1.715496e+01	4.014334e+00	4.189623e-04	91807290.000000	0.000000e+00
1.715696e+01	4.012951e+00	4.190712e-04	91696354.000000	0.000000e+00
1.715895e+01	4.014987e+00	4.193714e-04	91658064.000000	0.000000e+00
1.716095e+01	4.015285e+00	4.197717e-04	91496908.000000	0.000000e+00
1.716294e+01	4.016347e+00	4.200527e-04	91422892.000000	0.000000e+00
1.716494e+01	4.016674e+00	4.202641e-04	91345782.000000	0.000000e+00
1.716693e+01	4.015941e+00	4.204992e-04	91210360.000000	0.000000e+00
1.716893e+01	4.016984e+00	4.207209e-04	91161624.000000	0.000000e+00
1.717092e+01	4.017669e+00	4.210908e-04	91032556.000000	0.000000e+00
1.717292e+01	4.017251e+00	4.212615e-04	90939906.000000	0.000000e+00
1.717491e+01	4.017903e+00	4.215338e-04	90851902.000000	0.000000e+00
1.717691e+01	4.018178e+00	4.218392e-04	90732826.000000	0.000000e+00
1.717890e+01	4.019015e+00	4.221251e-04	90647712.000000	0.000000e+00
1.718089e+01	4.018664e+00	4.223430e-04	90538384.000000	0.000000e+00
1.718289e+01	4.019880e+00	4.226415e-04	90465294.000000	0.000000e+00
1.718488e+01	4.020285e+00	4.229858e-04	90336268.000000	0.000000e+00
1.718688e+01	4.020545e+00	4.231924e-04	90259740.000000	0.000000e+00
1.718887e+01	4.020536e+00	4.233840e-04	90177646.000000	0.000000e+00
1.719087e+01	4.020824e+00	4.237659e-04	90028126.000000	0.000000e+00
1.719286e+01	4.021367e+00	4.239267e-04	89984088.000000	0.000000e+00
1.719486e+01	4.022009e+00	4.243241e-04	89844340.000000	0.000000e+00
1.719685e+01	4.021767e+00	4.244370e-04	89785764.000000	0.000000e+00
1.719885e+01	4.022327e+00	4.247949e-04	89659450.000000	0.000000e+00
1.720084e+01	4.022169e+00	4.250028e-04	89564716.000000	0.000000e+00
1.720284e+01	4.022831e+00	4.252510e-04	89489676.000000	0.000000e+00
1.720483e+01	4.023596e+00	4.256078e-04	89373700.000000	0.000000e+00
1.720683e+01	4.023804e+00	4.258882e-04	89265258.000000	0.000000e+00
1.720882e+01	4.024341e+00	4.261386e-04	89184190.000000	0.000000e+00
1.721081e+01	4.024952e+00	4.264492e-04	89081358.000000	0.000000e+00
1.721281e+01	4.024936e+00	4.266977e-04	88976950.000000	0.000000e+00
1.721480e+01	4.026482e+00	4.271255e-04	88866994.000000	0.000000e+00
1.721680e+01	4.025867e+00	4.272206e-04	88800306.000000	0.000000e+00
1.721879e+01	4.026495e+00	4.275643e-04	88685272.000000	0.000000e+00
1.722079e+01	4.026795e+00	4.277981e-04	88601562.000000	0.000000e+00
1.722278e+01	4.026723e+00	4.280885e-04	88478230.000000	0.000000e+00
1.722478e+01	4.027331e+00	4.284013e-04	88375782.000000	0.000000e+00
1.722677e+01	4.027480e+00	4.285446e-04	88323184.000000	0.000000e+00
1.722877e+01	4.027170e+00	4.288510e-04	88183432.000000	0.000000e+00
1.723076e+01	4.029212e+00	4.292724e-04	88099680.000000	0.000000e+00
1.723276e+01	4.028540e+00	4.294305e-04	88005478.000000	0.000000e+00
1.723475e+01	4.029039e+00	4.297439e-04	87898896.000000	0.000000e+00
1.723675e+01	4.029768e+00	4.300178e-04	87818764.000000	0.000000e+00
1.723874e+01	4.028812e+00	4.302802e-04	87670066.000000	0.000000e+00
1.724073e+01	4.030801e+00	4.306186e-04	87618780.000000	0.000000e+00
1.724273e+01	4.030137e+00	4.308332e-04	87502672.000000	0.000000e+00
1.724472e+01	4.031100e+00	4.311790e-04	87404130.000000	0.000000e+00
1.724672e+01	4.031171e+00	4.314102e-04	87313534.000000	0.000000e+00
1.724871e+01	4.031256e+00	4.316789e-04	87208560.000000	0.000000e+00
1.725071e+01	4.031755e+00	4.318998e-04	87140944.000000	0.000000e+00
1.725270e+01	4.031991e+00	4.323036e-04	86988424.000000	0.000000e+00
1.725470e+01	4.032927e+00	4.325835e-04	86916210.000000	0.000000e+00
1.725669e+01	4.033139e+00	4.328231e-04	86829118.000000	0.000000e+00
1.725869e+01	4.032292e+00	4.330619e-04	86696970.000000	0.000000e+00
1.726068e+01	4.034174e+00	4.333907e-04	86646316.000000	0.000000e+00
1.726268e+01	4.033445e+00	4.336742e-04	86501820.000000	0.000000e+00
1.726467e+01	4.034335e+00	4.339267e-04	86439310.000000	0.000000e+00
1.726667e+01	4.034196e+00	4.342099e-04	86320600.000000	0.000000e+00
1.726866e+01	4.034005e+00	4.344631e-04	86211870.000000	0.000000e+00
1.727065e+01	4.035067e+00	4.347560e-04	86141050.000000	0.000000e+00
1.727265e+01	4.034164e+00	4.350043e-04	86004294.000000	0.000000e+00
1.727464e+01	4.035863e+00	4.353176e-04	85952872.000000	0.000000e+00
1.727664e+01	4.035708e+00	4.356487e-04	85815684.000000	0.000000e+00
1.727863e+01	4.036138e+00	4.359043e-04	85733344.000000	0.000000e+00
1.728063e+01	4.037076e+00	4.362555e-04	85635130.000000	0.000000e+00
1.728262e+01	4.036881e+00	4.365287e-04	85519752.000000	0.000000e+00
1.728462e+01	4.037304e+00	4.367597e-04	85447192.000000	0.000000e+00
1.728661e+01	4.037596e+00	4.371055e-04	85324374.000000	0.000000e+00
1.728861e+01	4.038939e+00	4.374699e-04	85239004.000000	0.000000e+00
1.729060e+01	4.038358e+00	4.376940e-04	85127200.000000	0.000000e+00
1.729260e+01	4.038371e+00	4.379360e-04	85033716.000000	0.000000e+00
1.729459e+01	4.039445e+00	4.382657e-04	84950986.000000	0.000000e+00
1.729658e+01	4.038414e+00	4.384718e-04	84827862.000000	0.000000e+00
1.729858e+01	4.040680e+00	4.389256e-04	84747514.000000	0.000000e+00
1.730057e+01	4.039868e+00	4.390980e-04	84646980.000000	0.000000e+00
1.730257e+01	4.040073e+00	4.394302e-04	84527614.000000	0.000000e+00
1.730456e+01	4.041175e+00	4.397886e-04	84435946.000000	0.000000e+00
1.730656e+01	4.039977e+00	4.399083e-04	84339966.000000	0.000000e+00
1.730855e+01	4.041990e+00	4.403135e-04	84268738.000000	0.000000e+00
1.731055e+01	4.040217e+00	4.404992e-04	84123864.000000	0.000000e+00
1.731254e+01	4.041843e+00	4.409231e-04	84029758.000000	0.000000e+00
1.731454e+01	4.042438e+00	4.411832e-04	83955432.000000	0.000000e+00
1.731653e+01	4.041718e+00	4.413763e-04	83852086.000000	0.000000e+00
1.731853e+01	4.042623e+00	4.417546e-04	83746078.000000	0.000000e+00
1.732052e+01	4.042479e+00	4.420425e-04	83631030.000000	0.000000e+00
1.732251e+01	4.043350e+00	4.423068e-04	83567116.000000	0.000000e+00
1.732451e+01	4.043500e+00	4.426673e-04	83437260.000000	0.000000e+00
1.732650e+01	4.044339e+00	4.430189e-04	83339440.000000	0.000000e+00
1.732850e+01	4.044331e+00	4.432414e-04	83255466.000000	0.000000e+00
1.733049e+01	4.042900e+00	4.434028e-04	83136010.000000	0.000000e+00
1.733249e+01	4.045039e+00	4.438267e-04	83065090.000000	0.000000e+00
1.733448e+01	4.043764e+00	4.439995e-04	82948146.000000	0.000000e+00
1.733648e+01	4.045198e+00	4.444149e-04	82851868.000000	0.000000e+00
1.733847e+01	4.045237e+00	4.446596e-04	82762320.000000	0.000000e+00
1.734047e+01	4.044902e+00	4.449990e-04	82622440.000000	0.000000e+00
1.734246e+01	4.045365e+00	4.451769e-04	82575286.000000	0.000000e+00
1.734446e+01	4.045745e+00	4.455851e-04	82439562.000000	0.000000e+00
1.734645e+01	4.046386e+00	4.458634e-04	82362790.000000	0.000000e+00
1.734845e+01	4.046502e+00	4.462125e-04	82238652.000000	0.000000e+00
1.735044e+01	4.046656e+00	4.464781e-04	82147114.000000	0.000000e+00
1.735243e+01	4.046695e+00	4.466989e-04	82067472.000000	0.000000e+00
1.735443e+01	4.046833e+00	4.470738e-04	81935500.000000	0.000000e+00
1.735642e+01	4.047608e+00	4.473592e-04	81862318.000000	0.000000e+00
1.735842e+01	4.048178e+00	4.477723e-04	81734370.000000	0.000000e+00
1.736041e+01	4.047979e+00	4.479358e-04	81666706.000000	0.000000e+00
1.736241e+01	4.048517e+00	4.482976e-04	81556632.000000	0.000000e+00
1.736440e+01	4.047700e+00	4.485524e-04	81431110.000000	0.000000e+00
1.736640e+01	4.048732e+00	4.488101e-04	81379062.000000	0.000000e+00
1.736839e+01	4.048299e+00	4.491719e-04	81230686.000000	0.000000e+00
1.737039e+01	4.049300e+00	4.494623e-04	81165850.000000	0.000000e+00
1.737238e+01	4.049118e+00	4.497957e-04	81038286.000000	0.000000e+00
1.737438e+01	4.049168e+00	4.500310e-04	80955562.000000	0.000000e+00
1.737637e+01	4.050585e+00	4.504369e-04	80866308.000000	0.000000e+00
1.737837e+01	4.049704e+00	4.507334e-04	80724784.000000	0.000000e+00
1.738036e+01	4.050148e+00	4.509770e-04	80655312.000000	0.000000e+00
1.738235e+01	4.051110e+00	4.513754e-04	80551270.000000	0.000000e+00
1.738435e+01	4.050801e+00	4.516054e-04	80456956.000000	0.000000e+00
1.738634e+01	4.050768e+00	4.519271e-04	80341140.000000	0.000000e+00
1.738834e+01	4.049978e+00	4.521159e-04	80242744.000000	0.000000e+00
1.739033e+01	4.051065e+00	4.524838e-04	80155296.000000	0.000000e+00
1.739233e+01	4.050847e+00	4.527458e-04	80053972.000000	0.000000e+00
1.739432e+01	4.050752e+00	4.530578e-04	79939960.000000	0.000000e+00
1.739632e+01	4.050642e+00	4.532563e-04	79865622.000000	0.000000e+00
1.739831e+01	4.050810e+00	4.536615e-04	79729636.000000	0.000000e+00
1.740031e+01	4.052228e+00	4.539997e-04	79666668.000000	0.000000e+00
1.740230e+01	4.051437e+00	4.543238e-04	79521976.000000	0.000000e+00
1.740430e+01	4.052663e+00	4.546429e-04	79458462.000000	0.000000e+00
1.740629e+01	4.051927e+00	4.548573e-04	79354732.000000	0.000000e+00
1.740828e+01	4.052379e+00	4.552676e-04	79229428.000000	0.000000e+00
1.741028e+01	4.052724e+00	4.555454e-04	79146318.000000	0.000000e+00
1.741227e+01	4.052103e+00	4.558432e-04	79018690.000000	0.000000e+00
1.741427e+01	4.052984e+00	4.560637e-04	78976674.000000	0.000000e+00
1.741626e+01	4.051937e+00	4.563526e-04	78835972.000000	0.000000e+00
1.741826e+01	4.053508e+00	4.568551e-04	78723630.000000	0.000000e+00
1.742025e+01	4.053450e+00	4.570002e-04	78671398.000000	0.000000e+00
1.742225e+01	4.052262e+00	4.573087e-04	78519250.000000	0.000000e+00
1.742424e+01	4.054190e+00	4.577531e-04	78441474.000000	0.000000e+00
1.742624e+01	4.052501e+00	4.578743e-04	78334630.000000	0.000000e+00
1.742823e+01	4.053609e+00	4.582485e-04	78249510.000000	0.000000e+00
1.743023e+01	4.053606e+00	4.585718e-04	78139120.000000	0.000000e+00
1.743222e+01	4.053485e+00	4.589176e-04	78016714.000000	0.000000e+00
1.743422e+01	4.054575e+00	4.592116e-04	77958762.000000	0.000000e+00
1.743621e+01	4.053576e+00	4.595285e-04	77812918.000000	0.000000e+00
1.743820e+01	4.054922e+00	4.598858e-04	77743656.000000	0.000000e+00
1.744020e+01	4.054384e+00	4.602127e-04	77612680.000000	0.000000e+00
1.744219e+01	4.053798e+00	4.603536e-04	77542710.000000	0.000000e+00
1.744419e+01	4.053835e+00	4.606407e-04	77447512.000000	0.000000e+00
1.744618e+01	4.053537e+00	4.610664e-04	77293222.000000	0.000000e+00
1.744818e+01	4.054953e+00	4.613462e-04	77253426.000000	0.000000e+00
1.745017e+01	4.053952e+00	4.616471e-04	77114650.000000	0.000000e+00
1.745217e+01	4.054771e+00	4.619529e-04	77043720.000000	0.000000e+00
1.745416e+01	4.054127e+00	4.622742e-04	76912240.000000	0.000000e+00
1.745616e+01	4.054373e+00	4.625683e-04	76823772.000000	0.000000e+00
1.745815e+01	4.054756e+00	4.628692e-04	76738426.000000	0.000000e+00
1.746015e+01	4.053605e+00	4.631435e-04	76604032.000000	0.000000e+00
1.746214e+01	4.054881e+00	4.635390e-04	76521540.000000	0.000000e+00
1.746413e+01	4.054487e+00	4.638197e-04	76414102.000000	0.000000e+00
1.746613e+01	4.054939e+00	4.641461e-04	76323684.000000	0.000000e+00
1.746812e+01	4.055214e+00	4.645328e-04	76206988.000000	0.000000e+00
1.747012e+01	4.053623e+00	4.646566e-04	76106616.000000	0.000000e+00
1.747211e+01	4.055705e+00	4.651157e-04	76034482.000000	0.000000e+00
1.747411e+01	4.054760e+00	4.654400e-04	75893206.000000	0.000000e+00
1.747610e+01	4.055712e+00	4.657776e-04	75818826.000000	0.000000e+00
1.747810e+01	4.054289e+00	4.659385e-04	75713302.000000	0.000000e+00
1.748009e+01	4.054025e+00	4.662419e-04	75604956.000000	0.000000e+00
1.748209e+01	4.055506e+00	4.667003e-04	75511672.000000	0.000000e+00
1.748408e+01	4.054089e+00	4.669088e-04	75391504.000000	0.000000e+00
1.748608e+01	4.055053e+00	4.672692e-04	75311070.000000	0.000000e+00
1.748807e+01	4.054771e+00	4.675379e-04	75214036.000000	0.000000e+00
1.749007e+01	4.054448e+00	4.679212e-04	75078930.000000	0.000000e+00
1.749206e+01	4.055800e+00	4.683266e-04	74999002.000000	0.000000e+00
1.749405e+01	4.054663e+00	4.685593e-04	74882502.000000	0.000000e+00
1.749605e+01	4.054524e+00	4.687790e-04	74807206.000000	0.000000e+00
1.749804e+01	4.055279e+00	4.692441e-04	74686804.000000	0.000000e+00
1.750004e+01	4.054800e+00	4.694708e-04	74597070.000000	0.000000e+00
1.750203e+01	4.054522e+00	4.697369e-04	74502346.000000	0.000000e+00
1.750403e+01	4.054177e+00	4.701317e-04	74364618.000000	0.000000e+00
1.750602e+01	4.055713e+00	4.704916e-04	74307148.000000	0.000000e+00
1.750802e+01	4.055158e+00	4.708634e-04	74169564.000000	0.000000e+00
1.751001e+01	4.054536e+00	4.710303e-04	74094262.000000	0.000000e+00
1.751201e+01	4.054237e+00	4.713592e-04	73980004.000000	0.000000e+00
1.751400e+01	4.053811e+00	4.716725e-04	73866222.000000	0.000000e+00
1.751600e+01	4.054914e+00	4.720589e-04	73785466.000000	0.000000e+00
1.751799e+01	4.053641e+00	4.723318e-04	73653978.000000	0.000000e+00
1.751999e+01	4.055017e+00	4.726779e-04	73596064.000000	0.000000e+00
1.752198e+01	4.053933e+00	4.730076e-04	73454244.000000	0.000000e+00
1.752397e+01	4.054242e+00	4.733345e-04	73364014.000000	0.000000e+00
1.752597e+01	4.053963e+00	4.735203e-04	73296328.000000	0.000000e+00
1.752796e+01	4.052184e+00	4.738810e-04	73120578.000000	0.000000e+00
1.752996e+01	4.054756e+00	4.742835e-04	73089250.000000	0.000000e+00
1.753195e+01	4.052315e+00	4.744219e-04	72958686.000000	0.000000e+00
1.753395e+01	4.054054e+00	4.749422e-04	72861412.000000	0.000000e+00
1.753594e+01	4.053055e+00	4.751878e-04	72750220.000000	0.000000e+00
1.753794e+01	4.051934e+00	4.753872e-04	72649014.000000	0.000000e+00
1.753993e+01	4.054385e+00	4.759482e-04	72565564.000000	0.000000e+00
1.754193e+01	4.051782e+00	4.761050e-04	72424704.000000	0.000000e+00
1.754392e+01	4.052521e+00	4.764145e-04	72357016.000000	0.000000e+00
1.754592e+01	4.051716e+00	4.766783e-04	72248238.000000	0.000000e+00
1.754791e+01	4.052170e+00	4.771003e-04	72136636.000000	0.000000e+00
1.754990e+01	4.052568e+00	4.774515e-04	72044680.000000	0.000000e+00
1.755190e+01	4.051998e+00	4.778241e-04	71912160.000000	0.000000e+00
1.755389e+01	4.052379e+00	4.780359e-04	71861986.000000	0.000000e+00
1.755589e+01	4.051067e+00	4.783300e-04	71727144.000000	0.000000e+00
1.755788e+01	4.052088e+00	4.787595e-04	71634640.000000	0.000000e+00
1.755988e+01	4.051660e+00	4.790645e-04	71528334.000000	0.000000e+00
1.756187e+01	4.050613e+00	4.793307e-04	71411968.000000	0.000000e+00
1.756387e+01	4.051493e+00	4.796703e-04	71341864.000000	0.000000e+00
1.756586e+01	4.050429e+00	4.800330e-04	71196708.000000	0.000000e+00
1.756786e+01	4.050231e+00	4.802816e-04	71116066.000000	0.000000e+00
1.756985e+01	4.050388e+00	4.805821e-04	71032656.000000	0.000000e+00
1.757185e+01	4.049981e+00	4.809659e-04	70905088.000000	0.000000e+00
1.757384e+01	4.049277e+00	4.812621e-04	70793226.000000	0.000000e+00
1.757583e+01	4.049255e+00	4.815076e-04	70720294.000000	0.000000e+00
1.757783e+01	4.050355e+00	4.820289e-04	70605754.000000	0.000000e+00
1.757982e+01	4.049598e+00	4.823297e-04	70491348.000000	0.000000e+00
1.758182e+01	4.048467e+00	4.825240e-04	70395262.000000	0.000000e+00
1.758381e+01	4.047860e+00	4.827202e-04	70316952.000000	0.000000e+00
1.758581e+01	4.047291e+00	4.831589e-04	70169584.000000	0.000000e+00
1.758780e+01	4.048106e+00	4.834761e-04	70105762.000000	0.000000e+00
1.758980e+01	4.046114e+00	4.837054e-04	69970422.000000	0.000000e+00
1.759179e+01	4.047765e+00	4.841823e-04	69889630.000000	0.000000e+00
1.759379e+01	4.047999e+00	4.845326e-04	69796692.000000	0.000000e+00
1.759578e+01	4.045333e+00	4.847372e-04	69645970.000000	0.000000e+00
1.759778e+01	4.046683e+00	4.850229e-04	69610356.000000	0.000000e+00
1.759977e+01	4.045341e+00	4.854170e-04	69451300.000000	0.000000e+00
1.760177e+01	4.046485e+00	4.858431e-04	69368758.000000	0.000000e+00
1.760376e+01	4.045331e+00	4.860313e-04	69275502.000000	0.000000e+00
1.760575e+01	4.044636e+00	4.863774e-04	69153154.000000	0.000000e+00
1.760775e+01	4.044241e+00	4.866187e-04	69071136.000000	0.000000e+00
1.760974e+01	4.043479e+00	4.870231e-04	68930458.000000	0.000000e+00
1.761174e+01	4.044548e+00	4.873276e-04	68880756.000000	0.000000e+00
1.761373e+01	4.042514e+00	4.875814e-04	68739904.000000	0.000000e+00
1.761573e+01	4.043073e+00	4.879475e-04	68655754.000000	0.000000e+00
1.761772e+01	4.042020e+00	4.882109e-04	68545962.000000	0.000000e+00
1.761972e+01	4.040994e+00	4.885384e-04	68419366.000000	0.000000e+00
1.762171e+01	4.042597e+00	4.889015e-04	68371968.000000	0.000000e+00
1.762371e+01	4.040236e+00	4.892058e-04	68207200.000000	0.000000e+00
1.762570e+01	4.041794e+00	4.896261e-04	68142682.000000	0.000000e+00
1.762770e+01	4.040563e+00	4.898759e-04	68031744.000000	0.000000e+00
1.762969e+01	4.039032e+00	4.901419e-04	67906438.000000	0.000000e+00
1.763169e+01	4.039231e+00	4.904194e-04	67836282.000000	0.000000e+00
1.763368e+01	4.037991e+00	4.907800e-04	67695046.000000	0.000000e+00
1.763567e+01	4.038019e+00	4.910183e-04	67630296.000000	0.000000e+00
1.763767e+01	4.037213e+00	4.913807e-04	67503652.000000	0.000000e+00
1.763966e+01	4.037828e+00	4.917599e-04	67420090.000000	0.000000e+00
1.764166e+01	4.036534e+00	4.920120e-04	67307868.000000	0.000000e+00
1.764365e+01	4.035798e+00	4.924179e-04	67172446.000000	0.000000e+00
1.764565e+01	4.036616e+00	4.926928e-04	67124706.000000	0.000000e+00
1.764764e+01	4.034938e+00	4.930399e-04	66974518.000000	0.000000e+00
1.764964e+01	4.035131e+00	4.932830e-04	66914910.000000	0.000000e+00
1.765163e+01	4.033260e+00	4.936076e-04	66764998.000000	0.000000e+00
1.765363e+01	4.033783e+00	4.939707e-04	66684154.000000	0.000000e+00
1.765562e+01	4.032761e+00	4.942037e-04	66587544.000000	0.000000e+00
1.765762e+01	4.031500e+00	4.945692e-04	66447568.000000	0.000000e+00
1.765961e+01	4.033215e+00	4.950158e-04	66384204.000000	0.000000e+00
1.766160e+01	4.031624e+00	4.952602e-04	66266374.000000	0.000000e+00
1.766360e+01	4.030409e+00	4.955221e-04	66156450.000000	0.000000e+00
1.766559e+01	4.031333e+00	4.959333e-04	66077080.000000	0.000000e+00
1.766759e+01	4.027827e+00	4.960465e-04	65932078.000000	0.000000e+00
1.766958e+01	4.030644e+00	4.965925e-04	65879232.000000	0.000000e+00
1.767158e+01	4.027135e+00	4.966980e-04	65736652.000000	0.000000e+00
1.767357e+01	4.027829e+00	4.970541e-04	65665104.000000	0.000000e+00
1.767557e+01	4.026543e+00	4.974584e-04	65516590.000000	0.000000e+00
1.767756e+01	4.026681e+00	4.978285e-04	65423686.000000	0.000000e+00
1.767956e+01	4.025933e+00	4.980045e-04	65353158.000000	0.000000e+00
1.768155e+01	4.023651e+00	4.982827e-04	65206222.000000	0.000000e+00
1.768355e+01	4.024915e+00	4.987083e-04	65135856.000000	0.000000e+00
1.768554e+01	4.023922e+00	4.990382e-04	65017684.000000	0.000000e+00
1.768754e+01	4.022793e+00	4.992561e-04	64924488.000000	0.000000e+00
1.768953e+01	4.022112e+00	4.996244e-04	64806862.000000	0.000000e+00
1.769152e+01	4.019808e+00	4.998041e-04	64686100.000000	0.000000e+00
1.769352e+01	4.021949e+00	5.003336e-04	64618032.000000	0.000000e+00
1.769551e+01	4.019178e+00	5.004526e-04	64498354.000000	0.000000e+00
1.769751e+01	4.019112e+00	5.007809e-04	64411692.000000	0.000000e+00
1.769950e+01	4.018755e+00	5.012757e-04	64273192.000000	0.000000e+00
1.770150e+01	4.016161e+00	5.013118e-04	64180986.000000	0.000000e+00
1.770349e+01	4.016433e+00	5.016525e-04	64102540.000000	0.000000e+00
1.770549e+01	4.015120e+00	5.020509e-04	63958996.000000	0.000000e+00
1.770748e+01	4.015108e+00	5.023670e-04	63878148.000000	0.000000e+00
1.770948e+01	4.013499e+00	5.025564e-04	63778846.000000	0.000000e+00
1.771147e+01	4.013166e+00	5.029512e-04	63668208.000000	0.000000e+00
1.771347e+01	4.012446e+00	5.033113e-04	63554308.000000	0.000000e+00
1.771546e+01	4.011263e+00	5.036283e-04	63436926.000000	0.000000e+00
1.771745e+01	4.010787e+00	5.038374e-04	63369220.000000	0.000000e+00
1.771945e+01	4.008970e+00	5.041090e-04	63243628.000000	0.000000e+00
1.772144e+01	4.009065e+00	5.045214e-04	63143268.000000	0.000000e+00
1.772344e+01	4.007238e+00	5.047386e-04	63031450.000000	0.000000e+00
1.772543e+01	4.006743e+00	5.050529e-04	62937462.000000	0.000000e+00
1.772743e+01	4.006591e+00	5.054208e-04	62841106.000000	0.000000e+00
1.772942e+01	4.004747e+00	5.057594e-04	62699230.000000	0.000000e+00
1.773142e+01	4.004362e+00	5.059374e-04	62643072.000000	0.000000e+00
1.773341e+01	4.002759e+00	5.062938e-04	62504836.000000	0.000000e+00
1.773541e+01	4.002011e+00	5.065620e-04	62415324.000000	0.000000e+00
1.773740e+01	4.002419e+00	5.070778e-04	62301118.000000	0.000000e+00
1.773940e+01	3.999856e+00	5.072017e-04	62190960.000000	0.000000e+00
1.774139e+01	3.999399e+00	5.074754e-04	62109712.000000	0.000000e+00
1.774339e+01	3.997879e+00	5.077859e-04	61986622.000000	0.000000e+00
1.774538e+01	3.996572e+00	5.080866e-04	61872792.000000	0.000000e+00
1.774737e+01	3.995503e+00	5.083376e-04	61778668.000000	0.000000e+00
1.774937e+01	3.994657e+00	5.085972e-04	61689474.000000	0.000000e+00
1.775136e+01	3.993709e+00	5.090003e-04	61562560.000000	0.000000e+00
1.775336e+01	3.993001e+00	5.093263e-04	61461996.000000	0.000000e+00
1.775535e+01	3.992287e+00	5.095723e-04	61380700.000000	0.000000e+00
1.775735e+01	3.989240e+00	5.097374e-04	61247350.000000	0.000000e+00
1.775934e+01	3.989741e+00	5.101741e-04	61157904.000000	0.000000e+00
1.776134e+01	3.988020e+00	5.104639e-04	61035784.000000	0.000000e+00
1.776333e+01	3.987462e+00	5.107630e-04	60947274.000000	0.000000e+00
1.776533e+01	3.987175e+00	5.111813e-04	60838816.000000	0.000000e+00
1.776732e+01	3.984656e+00	5.113601e-04	60719460.000000	0.000000e+00
1.776932e+01	3.983686e+00	5.116088e-04	60630928.000000	0.000000e+00
1.777131e+01	3.981848e+00	5.117607e-04	60539024.500000	0.000000e+00
1.777331e+01	3.980859e+00	5.122141e-04	60401880.000000	0.000000e+00
1.777530e+01	3.980195e+00	5.125447e-04	60303889.000000	0.000000e+00
1.777729e+01	3.978432e+00	5.126206e-04	60232623.000000	0.000000e+00
1.777929e+01	3.978536e+00	5.131551e-04	60110368.000000	0.000000e+00
1.778128e+01	3.977014e+00	5.133406e-04	60020980.000000	0.000000e+00
1.778328e+01	3.976831e+00	5.137376e-04	59922726.000000	0.000000e+00
1.778527e+01	3.975762e+00	5.140439e-04	59819161.000000	0.000000e+00
1.778727e+01	3.974151e+00	5.142011e-04	59734134.000000	0.000000e+00
1.778926e+01	3.974173e+00	5.146789e-04	59623951.000000	0.000000e+00
1.779126e+01	3.972023e+00	5.147997e-04	59531517.000000	0.000000e+00
1.779325e+01	3.971929e+00	5.151608e-04	59445286.000000	0.000000e+00
1.779525e+01	3.971492e+00	5.155657e-04	59338894.000000	0.000000e+00
1.779724e+01	3.971315e+00	5.159769e-04	59239044.000000	0.000000e+00
1.779924e+01	3.970202e+00	5.161727e-04	59160940.000000	0.000000e+00
1.780123e+01	3.968843e+00	5.163630e-04	59076873.000000	0.000000e+00
1.780322e+01	3.967781e+00	5.167302e-04	58961377.000000	0.000000e+00
1.780522e+01	3.967285e+00	5.170259e-04	58879254.000000	0.000000e+00
1.780721e+01	3.966087e+00	5.172770e-04	58786558.000000	0.000000e+00
1.780921e+01	3.966371e+00	5.176991e-04	58699138.000000	0.000000e+00
1.781120e+01	3.966605e+00	5.181828e-04	58596543.000000	0.000000e+00
1.781320e+01	3.964906e+00	5.183719e-04	58503628.000000	0.000000e+00
1.781519e+01	3.963753e+00	5.185398e-04	58431759.000000	0.000000e+00
1.781719e+01	3.963955e+00	5.190578e-04	58321144.000000	0.000000e+00
1.781918e+01	3.962600e+00	5.192812e-04	58231117.000000	0.000000e+00
1.782118e+01	3.961743e+00	5.194656e-04	58164636.000000	0.000000e+00
1.782317e+01	3.962676e+00	5.200505e-04	58061221.000000	0.000000e+00
1.782517e+01	3.961450e+00	5.203356e-04	57961725.000000	0.000000e+00
1.782716e+01	3.961396e+00	5.207006e-04	57878902.000000	0.000000e+00
1.782916e+01	3.959645e+00	5.208124e-04	57802941.000000	0.000000e+00
1.783115e+01	3.959317e+00	5.212518e-04	57695938.000000	0.000000e+00
1.783314e+01	3.959924e+00	5.216649e-04	57622282.000000	0.000000e+00
1.783514e+01	3.958309e+00	5.219150e-04	57520134.000000	0.000000e+00
1.783713e+01	3.958396e+00	5.222675e-04	57445042.000000	0.000000e+00
1.783913e+01	3.956865e+00	5.224772e-04	57354519.000000	0.000000e+00
1.784112e+01	3.956217e+00	5.228023e-04	57264463.000000	0.000000e+00
1.784312e+01	3.956640e+00	5.232622e-04	57176082.000000	0.000000e+00
1.784511e+01	3.956356e+00	5.236083e-04	57092311.000000	0.000000e+00
1.784711e+01	3.954002e+00	5.236875e-04	57007156.000000	0.000000e+00
1.784910e+01	3.955768e+00	5.243675e-04	56910207.000000	0.000000e+00
1.785110e+01	3.954321e+00	5.245045e-04	56838871.000000	0.000000e+00
1.785309e+01	3.953576e+00	5.248239e-04	56748324.000000	0.000000e+00
1.785509e+01	3.952496e+00	5.250529e-04	56667859.000000	0.000000e+00
1.785708e+01	3.952296e+00	5.255365e-04	56557872.000000	0.000000e+00
1.785907e+01	3.951781e+00	5.257225e-04	56503144.000000	0.000000e+00
1.786107e+01	3.951305e+00	5.261214e-04	56403916.000000	0.000000e+00
1.786306e+01	3.950860e+00	5.264726e-04	56316000.000000	0.000000e+00
1.786506e+01	3.950768e+00	5.268294e-04	56237140.000000	0.000000e+00
1.786705e+01	3.950960e+00	5.272278e-04	56157609.000000	0.000000e+00
1.786905e+01	3.950119e+00	5.275493e-04	56065300.000000	0.000000e+00
1.787104e+01	3.949484e+00	5.278478e-04	55983925.000000	0.000000e+00
1.787304e+01	3.948716e+00	5.281352e-04	55901268.000000	0.000000e+00
1.787503e+01	3.947765e+00	5.283661e-04	55825501.000000	0.000000e+00
1.787703e+01	3.948192e+00	5.288858e-04	55727913.000000	0.000000e+00
1.787902e+01	3.947908e+00	5.292245e-04	55648591.000000	0.000000e+00
1.788102e+01	3.946557e+00	5.294285e-04	55567668.000000	0.000000e+00
1.788301e+01	3.946684e+00	5.298310e-04	55486834.000000	0.000000e+00
1.788501e+01	3.945587e+00	5.300641e-04	55407253.000000	0.000000e+00
1.788700e+01	3.945680e+00	5.304744e-04	55324161.000000	0.000000e+00
1.788899e+01	3.945560e+00	5.309027e-04	55231585.000000	0.000000e+00
1.789099e+01	3.945163e+00	5.311842e-04	55161945.000000	0.000000e+00
1.789298e+01	3.944946e+00	5.316158e-04	55066366.000000	0.000000e+00
1.789498e+01	3.944090e+00	5.318320e-04	54997701.000000	0.000000e+00
1.789697e+01	3.944804e+00	5.322953e-04	54921910.000000	0.000000e+00
1.789897e+01	3.943410e+00	5.325896e-04	54822457.000000	0.000000e+00
1.790096e+01	3.942825e+00	5.329097e-04	54740370.000000	0.000000e+00
1.790296e+01	3.942593e+00	5.332205e-04	54670162.000000	0.000000e+00
1.790495e+01	3.942592e+00	5.335885e-04	54594726.000000	0.000000e+00
1.790695e+01	3.940471e+00	5.337688e-04	54499165.000000	0.000000e+00
1.790894e+01	3.941304e+00	5.342497e-04	54424110.000000	0.000000e+00
1.791094e+01	3.942085e+00	5.346926e-04	54355510.000000	0.000000e+00
1.791293e+01	3.940507e+00	5.348978e-04	54270334.000000	0.000000e+00
1.791493e+01	3.941274e+00	5.354318e-04	54183222.000000	0.000000e+00
1.791692e+01	3.939486e+00	5.355660e-04	54106951.000000	0.000000e+00
1.791891e+01	3.939472e+00	5.359460e-04	54029862.000000	0.000000e+00
1.792091e+01	3.939065e+00	5.362935e-04	53948734.000000	0.000000e+00
1.792290e+01	3.939201e+00	5.367092e-04	53868910.000000	0.000000e+00
1.792490e+01	3.938613e+00	5.370130e-04	53791911.000000	0.000000e+00
1.792689e+01	3.939221e+00	5.375145e-04	53708182.000000	0.000000e+00
1.792889e+01	3.938833e+00	5.377995e-04	53640690.000000	0.000000e+00
1.793088e+01	3.938058e+00	5.381687e-04	53546059.000000	0.000000e+00
1.793288e+01	3.937005e+00	5.383668e-04	53478030.000000	0.000000e+00
1.793487e+01	3.937381e+00	5.387983e-04	53402623.000000	0.000000e+00
1.793687e+01	3.937052e+00	5.392105e-04	53312083.000000	0.000000e+00
1.793886e+01	3.937105e+00	5.395642e-04	53243646.000000	0.000000e+00
1.794086e+01	3.937348e+00	5.400402e-04	53156395.000000	0.000000e+00
1.794285e+01	3.936346e+00	5.401538e-04	53106975.000000	0.000000e+00
1.794485e+01	3.936415e+00	5.407082e-04	53000011.000000	0.000000e+00
1.794684e+01	3.934971e+00	5.408994e-04	52923678.000000	0.000000e+00
1.794883e+01	3.936024e+00	5.413125e-04	52871239.000000	0.000000e+00
1.795083e+01	3.934726e+00	5.416667e-04	52767283.000000	0.000000e+00
1.795282e+01	3.935641e+00	5.421634e-04	52695135.000000	0.000000e+00
1.795482e+01	3.935272e+00	5.424680e-04	52626115.000000	0.000000e+00
1.795681e+01	3.934477e+00	5.427244e-04	52555167.000000	0.000000e+00
1.795881e+01	3.933555e+00	5.430171e-04	52473931.000000	0.000000e+00
1.796080e+01	3.934395e+00	5.436217e-04	52379611.000000	0.000000e+00
1.796280e+01	3.933331e+00	5.437680e-04	52323123.000000	0.000000e+00
1.796479e+01	3.933859e+00	5.442466e-04	52245160.000000	0.000000e+00
1.796679e+01	3.933267e+00	5.445941e-04	52162827.000000	0.000000e+00
1.796878e+01	3.932340e+00	5.448808e-04	52083367.000000	0.000000e+00
1.797078e+01	3.932060e+00	5.451254e-04	52029243.000000	0.000000e+00
1.797277e+01	3.932244e+00	5.456539e-04	51933364.000000	0.000000e+00
1.797476e+01	3.931111e+00	5.459071e-04	51855307.000000	0.000000e+00
1.797676e+01	3.931112e+00	5.462049e-04	51798783.000000	0.000000e+00
1.797875e+01	3.931306e+00	5.467177e-04	51706756.000000	0.000000e+00
1.798075e+01	3.929984e+00	5.468546e-04	51646155.000000	0.000000e+00
1.798274e+01	3.931540e+00	5.475292e-04	51559744.000000	0.000000e+00
1.798474e+01	3.930861e+00	5.477848e-04	51493863.000000	0.000000e+00
1.798673e+01	3.930417e+00	5.482057e-04	51403204.000000	0.000000e+00
1.798873e+01	3.930968e+00	5.485753e-04	51348343.000000	0.000000e+00
1.799072e+01	3.929718e+00	5.489062e-04	51253848.000000	0.000000e+00
1.799272e+01	3.929945e+00	5.491979e-04	51205339.000000	0.000000e+00
1.799471e+01	3.929147e+00	5.495240e-04	51123804.000000	0.000000e+00
1.799671e+01	3.929183e+00	5.500320e-04	51030352.000000	0.000000e+00
1.799870e+01	3.929721e+00	5.504331e-04	50969967.000000	0.000000e+00
1.800070e+01	3.928965e+00	5.506925e-04	50902360.000000	0.000000e+00
1.800269e+01	3.928398e+00	5.510745e-04	50817160.000000	0.000000e+00
1.800468e+01	3.927650e+00	5.513288e-04	50750943.000000	0.000000e+00
1.800668e+01	3.926327e+00	5.515236e-04	50680948.000000	0.000000e+00
1.800867e+01	3.928787e+00	5.522935e-04	50603100.000000	0.000000e+00
1.801067e+01	3.927771e+00	5.525953e-04	50521684.000000	0.000000e+00
1.801266e+01	3.927859e+00	5.529868e-04	50452456.000000	0.000000e+00
1.801466e+01	3.927590e+00	5.532521e-04	50397156.000000	0.000000e+00
1.801665e+01	3.927680e+00	5.537644e-04	50306260.000000	0.000000e+00
1.801865e+01	3.927010e+00	5.540897e-04	50230080.000000	0.000000e+00
1.802064e+01	3.926869e+00	5.543767e-04	50174479.000000	0.000000e+00
1.802264e+01	3.926495e+00	5.547895e-04	50090316.000000	0.000000e+00
1.802463e+01	3.926470e+00	5.551756e-04	50020024.000000	0.000000e+00
1.802663e+01	3.926869e+00	5.556134e-04	49951369.000000	0.000000e+00
1.802862e+01	3.926446e+00	5.559255e-04	49884552.000000	0.000000e+00
1.803061e+01	3.925446e+00	5.562592e-04	49799344.000000	0.000000e+00
1.803261e+01	3.926442e+00	5.567357e-04	49739364.000000	0.000000e+00
1.803460e+01	3.926384e+00	5.571818e-04	49658296.000000	0.000000e+00
1.803660e+01	3.924792e+00	5.573098e-04	49595220.000000	0.000000e+00
1.803859e+01	3.924571e+00	5.576721e-04	49525252.000000	0.000000e+00
1.804059e+01	3.924036e+00	5.580736e-04	49440520.000000	0.000000e+00
1.804258e+01	3.925781e+00	5.586791e-04	49377309.000000	0.000000e+00
1.804458e+01	3.925235e+00	5.589861e-04	49309348.000000	0.000000e+00
1.804657e+01	3.924768e+00	5.593375e-04	49235700.000000	0.000000e+00
1.804857e+01	3.925420e+00	5.599308e-04	49147756.000000	0.000000e+00
1.805056e+01	3.924148e+00	5.600353e-04	49097577.000000	0.000000e+00
1.805256e+01	3.924546e+00	5.604218e-04	49039816.000000	0.000000e+00
1.805455e+01	3.924345e+00	5.609059e-04	48950188.000000	0.000000e+00
1.805655e+01	3.922310e+00	5.610829e-04	48868593.000000	0.000000e+00
1.805854e+01	3.924475e+00	5.616207e-04	48828904.000000	0.000000e+00
1.806053e+01	3.923258e+00	5.619510e-04	48741288.000000	0.000000e+00
1.806253e+01	3.923293e+00	5.623890e-04	48666247.000000	0.000000e+00
1.806452e+01	3.923920e+00	5.628597e-04	48600412.000000	0.000000e+00
1.806652e+01	3.922776e+00	5.631162e-04	48527841.000000	0.000000e+00
1.806851e+01	3.922710e+00	5.634625e-04	48466588.000000	0.000000e+00
1.807051e+01	3.923478e+00	5.639836e-04	48395997.000000	0.000000e+00
1.807250e+01	3.921321e+00	5.641469e-04	48314812.000000	0.000000e+00
1.807450e+01	3.923103e+00	5.647519e-04	48255177.000000	0.000000e+00
1.807649e+01	3.922316e+00	5.650024e-04	48193072.000000	0.000000e+00
1.807849e+01	3.922391e+00	5.654668e-04	48115765.000000	0.000000e+00
1.808048e+01	3.922327e+00	5.659020e-04	48040236.000000	0.000000e+00
1.808248e+01	3.922611e+00	5.662391e-04	47990005.000000	0.000000e+00
1.808447e+01	3.923282e+00	5.668525e-04	47902596.000000	0.000000e+00
1.808646e+01	3.922358e+00	5.670648e-04	47844193.000000	0.000000e+00
1.808846e+01	3.923580e+00	5.676904e-04	47768541.000000	0.000000e+00
1.809045e+01	3.921179e+00	5.677187e-04	47705320.000000	0.000000e+00
1.809245e+01	3.921877e+00	5.682138e-04	47639197.000000	0.000000e+00
1.809444e+01	3.921949e+00	5.687088e-04	47558061.000000	0.000000e+00
1.809644e+01	3.920439e+00	5.688655e-04	47495248.000000	0.000000e+00
1.809843e+01	3.922404e+00	5.694534e-04	47444769.000000	0.000000e+00
1.810043e+01	3.921757e+00	5.699098e-04	47353189.000000	0.000000e+00
1.810242e+01	3.921830e+00	5.703394e-04	47283633.000000	0.000000e+00
1.810442e+01	3.921166e+00	5.705054e-04	47240116.000000	0.000000e+00
1.810641e+01	3.920664e+00	5.709771e-04	47150017.000000	0.000000e+00
1.810841e+01	3.920680e+00	5.713306e-04	47092077.000000	0.000000e+00
1.811040e+01	3.921795e+00	5.719416e-04	47018245.000000	0.000000e+00
1.811240e+01	3.921070e+00	5.721930e-04	46959573.000000	0.000000e+00
1.811439e+01	3.921635e+00	5.726829e-04	46892788.000000	0.000000e+00
1.811638e+01	3.920669e+00	5.730022e-04	46817461.000000	0.000000e+00
1.811838e+01	3.920474e+00	5.733902e-04	46749465.000000	0.000000e+00
1.812037e+01	3.920050e+00	5.736488e-04	46697233.000000	0.000000e+00
1.812237e+01	3.919728e+00	5.740562e-04	46623297.000000	0.000000e+00
1.812436e+01	3.920187e+00	5.746540e-04	46537261.000000	0.000000e+00
1.812636e+01	3.921547e+00	5.750557e-04	46504497.000000	0.000000e+00
1.812835e+01	3.921051e+00	5.755366e-04	46415065.000000	0.000000e+00
1.813035e+01	3.920898e+00	5.759499e-04	46344877.000000	0.000000e+00
1.813234e+01	3.919352e+00	5.760618e-04	46290333.000000	0.000000e+00
1.813434e+01	3.919586e+00	5.764996e-04	46225573.000000	0.000000e+00
1.813633e+01	3.919705e+00	5.769561e-04	46155261.000000	0.000000e+00
1.813833e+01	3.920025e+00	5.774531e-04	46083373.000000	0.000000e+00
1.814032e+01	3.919846e+00	5.778310e-04	46018917.000000	0.000000e+00
1.814231e+01	3.921209e+00	5.783969e-04	45960865.000000	0.000000e+00
1.814431e+01	3.920330e+00	5.786588e-04	45898669.000000	0.000000e+00
1.814630e+01	3.920837e+00	5.793235e-04	45805245.000000	0.000000e+00
1.814830e+01	3.919688e+00	5.793582e-04	45772909.000000	0.000000e+00
1.815029e+01	3.919573e+00	5.798145e-04	45698229.000000	0.000000e+00
1.815229e+01	3.919866e+00	5.803330e-04	45623425.000000	0.000000e+00
1.815428e+01	3.919435e+00	5.807150e-04	45553393.000000	0.000000e+00
1.815628e+01	3.919044e+00	5.809331e-04	45510141.000000	0.000000e+00
1.815827e+01	3.920287e+00	5.816452e-04	45427549.000000	0.000000e+00
1.816027e+01	3.918616e+00	5.817545e-04	45371793.000000	0.000000e+00
1.816226e+01	3.919470e+00	5.823889e-04	45292738.000000	0.000000e+00
1.816426e+01	3.918714e+00	5.825953e-04	45243189.000000	0.000000e+00
1.816625e+01	3.919512e+00	5.831723e-04	45172105.000000	0.000000e+00
1.816825e+01	3.919557e+00	5.836147e-04	45104677.000000	0.000000e+00
1.817024e+01	3.919640e+00	5.840475e-04	45039753.000000	0.000000e+00
1.817223e+01	3.918747e+00	5.842882e-04	44982151.000000	0.000000e+00
1.817423e+01	3.917617e+00	5.845716e-04	44912622.000000	0.000000e+00
1.817622e+01	3.920922e+00	5.854987e-04	44846077.000000	0.000000e+00
1.817822e+01	3.921026e+00	5.858778e-04	44790453.000000	0.000000e+00
1.818021e+01	3.919080e+00	5.860565e-04	44718709.000000	0.000000e+00
1.818221e+01	3.919496e+00	5.864949e-04	44661358.000000	0.000000e+00
1.818420e+01	3.920492e+00	5.871737e-04	44580813.000000	0.000000e+00
1.818620e+01	3.918615e+00	5.871791e-04	44537317.000000	0.000000e+00
1.818819e+01	3.919820e+00	5.877880e-04	44472438.000000	0.000000e+00
1.819019e+01	3.918938e+00	5.882194e-04	44387233.000000	0.000000e+00
1.819218e+01	3.920053e+00	5.887129e-04	44338077.000000	0.000000e+00
1.819418e+01	3.918295e+00	5.888463e-04	44278234.000000	0.000000e+00
1.819617e+01	3.918414e+00	5.893112e-04	44211097.000000	0.000000e+00
1.819817e+01	3.920065e+00	5.900185e-04	44142333.000000	0.000000e+00
1.820016e+01	3.920018e+00	5.904337e-04	44079226.000000	0.000000e+00
1.820215e+01	3.921134e+00	5.909241e-04	44031141.000000	0.000000e+00
1.820415e+01	3.920431e+00	5.913777e-04	43947853.000000	0.000000e+00
1.820614e+01	3.920074e+00	5.916688e-04	43896622.000000	0.000000e+00
1.820814e+01	3.919234e+00	5.920100e-04	43827261.000000	0.000000e+00
1.821013e+01	3.919388e+00	5.924046e-04	43772326.000000	0.000000e+00
1.821213e+01	3.919718e+00	5.929692e-04	43696377.000000	0.000000e+00
1.821412e+01	3.919580e+00	5.932764e-04	43648057.000000	0.000000e+00
1.821612e+01	3.919433e+00	5.936774e-04	43585842.000000	0.000000e+00
1.821811e+01	3.920058e+00	5.942434e-04	43516717.000000	0.000000e+00
1.822011e+01	3.919462e+00	5.945862e-04	43453354.000000	0.000000e+00
1.822210e+01	3.919564e+00	5.950057e-04	43394373.000000	0.000000e+00
1.822410e+01	3.919703e+00	5.955023e-04	43325086.000000	0.000000e+00
1.822609e+01	3.919346e+00	5.958028e-04	43273509.000000	0.000000e+00
1.822808e+01	3.921000e+00	5.966030e-04	43193938.000000	0.000000e+00
1.823008e+01	3.920808e+00	5.968751e-04	43150341.000000	0.000000e+00
1.823207e+01	3.919716e+00	5.971086e-04	43092598.000000	0.000000e+00
1.823407e+01	3.920203e+00	5.977085e-04	43016821.000000	0.000000e+00
1.823606e+01	3.919716e+00	5.981774e-04	42938730.000000	0.000000e+00
1.823806e+01	3.921006e+00	5.985910e-04	42907657.000000	0.000000e+00
1.824005e+01	3.919258e+00	5.988024e-04	42839130.000000	0.000000e+00
1.824205e+01	3.919495e+00	5.993188e-04	42770506.000000	0.000000e+00
1.824404e+01	3.919370e+00	5.997924e-04	42700257.000000	0.000000e+00
1.824604e+01	3.920787e+00	6.002666e-04	42663670.000000	0.000000e+00
1.824803e+01	3.919939e+00	6.006726e-04	42587593.000000	0.000000e+00
1.825003e+01	3.920222e+00	6.012005e-04	42518958.000000	0.000000e+00
1.825202e+01	3.920174e+00	6.015485e-04	42468742.000000	0.000000e+00
1.825402e+01	3.919769e+00	6.018647e-04	42415353.000000	0.000000e+00
1.825601e+01	3.920176e+00	6.024706e-04	42338902.000000	0.000000e+00
1.825800e+01	3.921014e+00	6.030795e-04	42271507.000000	0.000000e+00
1.826000e+01	3.919987e+00	6.031970e-04	42232902.000000	0.000000e+00
1.826199e+01	3.919808e+00	6.036679e-04	42163174.000000	0.000000e+00
1.826399e+01	3.920297e+00	6.042272e-04	42095673.000000	0.000000e+00
1.826598e+01	3.919698e+00	6.045314e-04	42040450.000000	0.000000e+00
1.826798e+01	3.918746e+00	6.047969e-04	41983158.000000	0.000000e+00
1.826997e+01	3.920569e+00	6.055292e-04	41920657.000000	0.000000e+00
1.827197e+01	3.920280e+00	6.059690e-04	41853658.000000	0.000000e+00
1.827396e+01	3.921212e+00	6.065080e-04	41799162.000000	0.000000e+00
1.827596e+01	3.920722e+00	6.068320e-04	41744110.000000	0.000000e+00
1.827795e+01	3.920956e+00	6.073464e-04	41678385.000000	0.000000e+00
1.827995e+01	3.921290e+00	6.078779e-04	41612626.000000	0.000000e+00
1.828194e+01	3.921683e+00	6.083308e-04	41559030.000000	0.000000e+00
1.828394e+01	3.920371e+00	6.085319e-04	41503789.000000	0.000000e+00
1.828593e+01	3.921266e+00	6.091387e-04	41440054.000000	0.000000e+00
1.828792e+01	3.921902e+00	6.097664e-04	41368194.000000	0.000000e+00
1.828992e+01	3.921131e+00	6.099405e-04	41328310.000000	0.000000e+00
1.829191e+01	3.922016e+00	6.105979e-04	41257998.000000	0.000000e+00
1.829391e+01	3.921925e+00	6.110429e-04	41196013.000000	0.000000e+00
1.829590e+01	3.922184e+00	6.115353e-04	41135130.000000	0.000000e+00
1.829790e+01	3.921850e+00	6.118629e-04	41084098.000000	0.000000e+00
1.829989e+01	3.922601e+00	6.123881e-04	41029378.000000	0.000000e+00
1.830189e+01	3.922647e+00	6.129491e-04	40955262.000000	0.000000e+00
1.830388e+01	3.922111e+00	6.132717e-04	40901005.000000	0.000000e+00
1.830588e+01	3.922369e+00	6.136553e-04	40855254.000000	0.000000e+00
1.830787e+01	3.922474e+00	6.142687e-04	40775878.000000	0.000000e+00
1.830987e+01	3.921859e+00	6.145231e-04	40729354.000000	0.000000e+00
1.831186e+01	3.923134e+00	6.151259e-04	40675998.000000	0.000000e+00
1.831385e+01	3.922426e+00	6.155739e-04	40602154.000000	0.000000e+00
1.831585e+01	3.922119e+00	6.159206e-04	40550109.000000	0.000000e+00
1.831784e+01	3.923464e+00	6.166140e-04	40486714.000000	0.000000e+00
1.831984e+01	3.922694e+00	6.168590e-04	40438698.000000	0.000000e+00
1.832183e+01	3.924015e+00	6.175492e-04	40375534.000000	0.000000e+00
1.832383e+01	3.923937e+00	6.180376e-04	40310146.000000	0.000000e+00
1.832582e+01	3.923429e+00	6.183639e-04	40257186.000000	0.000000e+00
1.832782e+01	3.923411e+00	6.187480e-04	40206850.000000	0.000000e+00
1.832981e+01	3.922887e+00	6.191699e-04	40141350.000000	0.000000e+00
1.833181e+01	3.922763e+00	6.196111e-04	40081672.000000	0.000000e+00
1.833380e+01	3.923288e+00	6.201544e-04	40022166.000000	0.000000e+00
1.833580e+01	3.924589e+00	6.207073e-04	39977422.000000	0.000000e+00
1.833779e+01	3.923783e+00	6.211595e-04	39902833.000000	0.000000e+00
1.833978e+01	3.924388e+00	6.217263e-04	39842394.000000	0.000000e+00
1.834178e+01	3.925512e+00	6.222209e-04	39801862.000000	0.000000e+00
1.834377e+01	3.924992e+00	6.225982e-04	39743106.000000	0.000000e+00
1.834577e+01	3.924789e+00	6.231024e-04	39674722.000000	0.000000e+00
1.834776e+01	3.924705e+00	6.235668e-04	39613942.000000	0.000000e+00
1.834976e+01	3.925750e+00	6.240583e-04	39572634.000000	0.000000e+00
1.835175e+01	3.924210e+00	6.243266e-04	39507622.000000	0.000000e+00
1.835375e+01	3.925666e+00	6.251009e-04	39439050.000000	0.000000e+00
1.835574e+01	3.925093e+00	6.253818e-04	39392134.000000	0.000000e+00
1.835774e+01	3.924973e+00	6.257710e-04	39340734.000000	0.000000e+00
1.835973e+01	3.925161e+00	6.263097e-04	39276850.000000	0.000000e+00
1.836173e+01	3.925990e+00	6.269130e-04	39217858.000000	0.000000e+00
1.836372e+01	3.925623e+00	6.272653e-04	39166494.000000	0.000000e+00
1.836572e+01	3.925944e+00	6.277625e-04	39110878.000000	0.000000e+00
1.836771e+01	3.926741e+00	6.283814e-04	39049722.000000	0.000000e+00
1.836970e+01	3.925873e+00	6.287285e-04	38989363.000000	0.000000e+00
1.837170e+01	3.927308e+00	6.294148e-04	38932830.000000	0.000000e+00
1.837369e+01	3.926236e+00	6.295722e-04	38892130.000000	0.000000e+00
1.837569e+01	3.926973e+00	6.303125e-04	38815390.000000	0.000000e+00
1.837768e+01	3.927175e+00	6.307711e-04	38762970.000000	0.000000e+00
1.837968e+01	3.927853e+00	6.312515e-04	38717350.000000	0.000000e+00
1.838167e+01	3.927850e+00	6.317647e-04	38654406.000000	0.000000e+00
1.838367e+01	3.925714e+00	6.319359e-04	38591458.000000	0.000000e+00
1.838566e+01	3.928513e+00	6.327880e-04	38542506.000000	0.000000e+00
1.838766e+01	3.927538e+00	6.330963e-04	38485870.000000	0.000000e+00
1.838965e+01	3.928258e+00	6.335936e-04	38439562.000000	0.000000e+00
1.839165e+01	3.927008e+00	6.340045e-04	38365338.000000	0.000000e+00
1.839364e+01	3.928116e+00	6.345889e-04	38316307.000000	0.000000e+00
1.839564e+01	3.927717e+00	6.349310e-04	38267262.000000	0.000000e+00
1.839763e+01	3.928990e+00	6.356498e-04	38205508.000000	0.000000e+00
1.839962e+01	3.930395e+00	6.363722e-04	38146078.000000	0.000000e+00
1.840162e+01	3.930051e+00	6.366832e-04	38102154.000000	0.000000e+00
1.840361e+01	3.930072e+00	6.372290e-04	38037310.000000	0.000000e+00
1.840561e+01	3.929350e+00	6.375671e-04	37983018.000000	0.000000e+00
1.840760e+01	3.930871e+00	6.383452e-04	37919827.000000	0.000000e+00
1.840960e+01	3.929709e+00	6.384838e-04	37880958.000000	0.000000e+00
1.841159e+01	3.930615e+00	6.392147e-04	37811818.000000	0.000000e+00
1.841359e+01	3.929865e+00	6.394388e-04	37770898.000000	0.000000e+00
1.841558e+01	3.931115e+00	6.402739e-04	37696410.000000	0.000000e+00
1.841758e+01	3.929857e+00	6.403475e-04	37663618.000000	0.000000e+00
1.841957e+01	3.931066e+00	6.411411e-04	37593567.000000	0.000000e+00
1.842157e+01	3.930704e+00	6.415183e-04	37542442.000000	0.000000e+00
1.842356e+01	3.930619e+00	6.419758e-04	37487334.000000	0.000000e+00
1.842556e+01	3.930510e+00	6.423944e-04	37436434.000000	0.000000e+00
1.842755e+01	3.932312e+00	6.431821e-04	37379023.000000	0.000000e+00
1.842954e+01	3.931689e+00	6.436199e-04	37316382.000000	0.000000e+00
1.843154e+01	3.931993e+00	6.440414e-04	37273306.000000	0.000000e+00
1.843353e+01	3.932307e+00	6.446384e-04	37210242.000000	0.000000e+00
1.843553e+01	3.933094e+00	6.452062e-04	37159642.000000	0.000000e+00
1.843752e+01	3.931643e+00	6.455150e-04	37096707.000000	0.000000e+00
1.843952e+01	3.932370e+00	6.459281e-04	37062982.000000	0.000000e+00
1.844151e+01	3.933400e+00	6.466705e-04	36997318.000000	0.000000e+00
1.844351e+01	3.932394e+00	6.470425e-04	36935874.000000	0.000000e+00
1.844550e+01	3.933716e+00	6.476524e-04	36891127.000000	0.000000e+00
1.844750e+01	3.935266e+00	6.483638e-04	36839238.000000	0.000000e+00
1.844949e+01	3.933270e+00	6.486171e-04	36773146.000000	0.000000e+00
1.845149e+01	3.934198e+00	6.491955e-04	36724975.000000	0.000000e+00
1.845348e+01	3.934341e+00	6.496357e-04	36677886.000000	0.000000e+00
1.845547e+01	3.933551e+00	6.500416e-04	36617374.000000	0.000000e+00
1.845747e+01	3.935153e+00	6.508032e-04	36561492.000000	0.000000e+00
1.845946e+01	3.935196e+00	6.512580e-04	36511243.000000	0.000000e+00
1.846146e+01	3.935256e+00	6.517584e-04	36456318.000000	0.000000e+00
1.846345e+01	3.935460e+00	6.522508e-04	36405058.000000	0.000000e+00
1.846545e+01	3.934754e+00	6.526233e-04	36350467.000000	0.000000e+00
1.846744e+01	3.935774e+00	6.533493e-04	36288546.000000	0.000000e+00
1.846944e+01	3.936339e+00	6.538434e-04	36244114.000000	0.000000e+00
1.847143e+01	3.937213e+00	6.544675e-04	36191091.000000	0.000000e+00
1.847343e+01	3.935392e+00	6.546436e-04	36138166.000000	0.000000e+00
1.847542e+01	3.936597e+00	6.553506e-04	36082326.000000	0.000000e+00
1.847742e+01	3.936921e+00	6.558148e-04	36037195.000000	0.000000e+00
1.847941e+01	3.936841e+00	6.563657e-04	35975266.000000	0.000000e+00
1.848140e+01	3.937919e+00	6.571264e-04	35911674.000000	0.000000e+00
1.848340e+01	3.937799e+00	6.573928e-04	35880391.000000	0.000000e+00
1.848539e+01	3.937894e+00	6.579561e-04	35820714.000000	0.000000e+00
1.848739e+01	3.938376e+00	6.585685e-04	35762875.000000	0.000000e+00
1.848938e+01	3.937928e+00	6.590324e-04	35704422.000000	0.000000e+00
1.849138e+01	3.939839e+00	6.596779e-04	35669170.000000	0.000000e+00
1.849337e+01	3.938522e+00	6.600876e-04	35601103.000000	0.000000e+00
1.849537e+01	3.939810e+00	6.607199e-04	35556234.000000	0.000000e+00
1.849736e+01	3.939903e+00	6.612198e-04	35504158.000000	0.000000e+00
1.849936e+01	3.940085e+00	6.617081e-04	35455071.000000	0.000000e+00
1.850135e+01	3.939838e+00	6.622885e-04	35388514.000000	0.000000e+00
1.850335e+01	3.941204e+00	6.629021e-04	35347531.000000	0.000000e+00
1.850534e+01	3.939134e+00	6.630712e-04	35292402.000000	0.000000e+00
1.850734e+01	3.941511e+00	6.639800e-04	35238346.000000	0.000000e+00
1.850933e+01	3.940058e+00	6.641795e-04	35191215.000000	0.000000e+00
1.851132e+01	3.941399e+00	6.649378e-04	35134906.000000	0.000000e+00
1.851332e+01	3.942244e+00	6.655331e-04	35087121.000000	0.000000e+00
1.851531e+01	3.941287e+00	6.658714e-04	35034454.000000	0.000000e+00
1.851731e+01	3.942519e+00	6.666454e-04	34975003.000000	0.000000e+00
1.851930e+01	3.942560e+00	6.671386e-04	34924038.000000	0.000000e+00
1.852130e+01	3.941737e+00	6.673738e-04	34884859.000000	0.000000e+00
1.852329e+01	3.942826e+00	6.680864e-04	34829718.000000	0.000000e+00
1.852529e+01	3.943637e+00	6.688521e-04	34764322.000000	0.000000e+00
1.852728e+01	3.943409e+00	6.692444e-04	34719555.000000	0.000000e+00
1.852928e+01	3.943397e+00	6.696595e-04	34676314.000000	0.000000e+00
1.853127e+01	3.945330e+00	6.705810e-04	34614979.000000	0.000000e+00
1.853327e+01	3.944737e+00	6.709818e-04	34563246.000000	0.000000e+00
1.853526e+01	3.943621e+00	6.711860e-04	34522687.000000	0.000000e+00
1.853726e+01	3.944832e+00	6.718988e-04	34470630.000000	0.000000e+00
1.853925e+01	3.945486e+00	6.726113e-04	34409059.000000	0.000000e+00
1.854124e+01	3.946677e+00	6.733307e-04	34356298.000000	0.000000e+00
1.854324e+01	3.946129e+00	6.735960e-04	34319715.000000	0.000000e+00
1.854523e+01	3.945793e+00	6.741581e-04	34256662.000000	0.000000e+00
1.854723e+01	3.946447e+00	6.747488e-04	34208055.000000	0.000000e+00
1.854922e+01	3.947138e+00	6.753803e-04	34156054.000000	0.000000e+00
1.855122e+01	3.946860e+00	6.758081e-04	34108035.000000	0.000000e+00
1.855321e+01	3.948287e+00	6.765513e-04	34057750.000000	0.000000e+00
1.855521e+01	3.948313e+00	6.771093e-04	34002091.000000	0.000000e+00
1.855720e+01	3.947038e+00	6.773506e-04	33955914.000000	0.000000e+00
1.855920e+01	3.949318e+00	6.782054e-04	33909523.000000	0.000000e+00
1.856119e+01	3.949243e+00	6.787012e-04	33858726.000000	0.000000e+00
1.856319e+01	3.948590e+00	6.792351e-04	33794335.000000	0.000000e+00
1.856518e+01	3.951088e+00	6.800661e-04	33754461.000000	0.000000e+00
1.856717e+01	3.949324e+00	6.802483e-04	33706258.000000	0.000000e+00
1.856917e+01	3.950983e+00	6.810015e-04	33659995.000000	0.000000e+00
1.857116e+01	3.951130e+00	6.818136e-04	33582366.000000	0.000000e+00
1.857316e+01	3.950466e+00	6.819159e-04	33561007.000000	0.000000e+00
1.857515e+01	3.951071e+00	6.826234e-04	33501726.000000	0.000000e+00
1.857715e+01	3.952240e+00	6.833496e-04	33450355.000000	0.000000e+00
1.857914e+01	3.952194e+00	6.838755e-04	33398142.000000	0.000000e+00
1.858114e+01	3.952558e+00	6.844187e-04	33351307.000000	0.000000e+00
1.858313e+01	3.952729e+00	6.849351e-04	33303907.000000	0.000000e+00
1.858513e+01	3.952598e+00	6.855163e-04	33245262.000000	0.000000e+00
1.858712e+01	3.952688e+00	6.859538e-04	33204379.000000	0.000000e+00
1.858912e+01	3.954418e+00	6.867149e-04	33159834.000000	0.000000e+00
1.859111e+01	3.953952e+00	6.872877e-04	33096763.000000	0.000000e+00
1.859311e+01	3.954271e+00	6.878611e-04	33046939.000000	0.000000e+00
1.859510e+01	3.954973e+00	6.883774e-04	33009114.000000	0.000000e+00
1.859709e+01	3.956119e+00	6.891257e-04	32956555.000000	0.000000e+00
1.859909e+01	3.954537e+00	6.894529e-04	32898954.000000	0.000000e+00
1.860108e+01	3.955276e+00	6.900727e-04	32852155.000000	0.000000e+00
1.860308e+01	3.957493e+00	6.908603e-04	32814051.000000	0.000000e+00
1.860507e+01	3.956365e+00	6.913669e-04	32747302.000000	0.000000e+00
1.860707e+01	3.957706e+00	6.919940e-04	32710147.000000	0.000000e+00
1.860906e+01	3.957757e+00	6.925909e-04	32654622.000000	0.000000e+00
1.861106e+01	3.958113e+00	6.931233e-04	32610343.000000	0.000000e+00
1.861305e+01	3.957265e+00	6.934835e-04	32562519.000000	0.000000e+00
1.861505e+01	3.959831e+00	6.945659e-04	32503228.000000	0.000000e+00
1.861704e+01	3.959491e+00	6.950080e-04	32456307.000000	0.000000e+00
1.861904e+01	3.958737e+00	6.952208e-04	32424079.000000	0.000000e+00
1.862103e+01	3.959960e+00	6.961089e-04	32361394.000000	0.000000e+00
1.862303e+01	3.961092e+00	6.968687e-04	32309331.000000	0.000000e+00
1.862502e+01	3.960307e+00	6.972435e-04	32261815.000000	0.000000e+00
1.862701e+01	3.960529e+00	6.976507e-04	32227770.000000	0.000000e+00
1.862901e+01	3.962098e+00	6.986617e-04	32160031.000000	0.000000e+00
1.863100e+01	3.960896e+00	6.989478e-04	32114223.000000	0.000000e+00
1.863300e+01	3.962555e+00	6.996065e-04	32080630.000000	0.000000e+00
1.863499e+01	3.961371e+00	7.000282e-04	32022847.000000	0.000000e+00
1.863699e+01	3.962199e+00	7.007916e-04	31966479.000000	0.000000e+00
1.863898e+01	3.961523e+00	7.011024e-04	31927246.000000	0.000000e+00
1.864098e+01	3.962979e+00	7.018026e-04	31886991.000000	0.000000e+00
1.864297e+01	3.963419e+00	7.025645e-04	31824943.000000	0.000000e+00
1.864497e+01	3.962483e+00	7.029765e-04	31772638.000000	0.000000e+00
1.864696e+01	3.964246e+00	7.036268e-04	31742163.000000	0.000000e+00
1.864896e+01	3.965230e+00	7.044582e-04	31682995.000000	0.000000e+00
1.865095e+01	3.965155e+00	7.050199e-04	31631343.000000	0.000000e+00
1.865294e+01	3.964744e+00	7.053535e-04	31594870.000000	0.000000e+00
1.865494e+01	3.966205e+00	7.062137e-04	31541187.000000	0.000000e+00
1.865693e+01	3.965450e+00	7.065354e-04	31500487.000000	0.000000e+00
1.865893e+01	3.965827e+00	7.072321e-04	31444414.000000	0.000000e+00
1.866092e+01	3.968082e+00	7.082862e-04	31386561.000000	0.000000e+00
1.866292e+01	3.965682e+00	7.081969e-04	31356511.000000	0.000000e+00
1.866491e+01	3.966572e+00	7.089392e-04	31304931.000000	0.000000e+00
1.866691e+01	3.968047e+00	7.097567e-04	31256098.000000	0.000000e+00
1.866890e+01	3.968770e+00	7.105676e-04	31196151.000000	0.000000e+00
1.867090e+01	3.969086e+00	7.108617e-04	31175299.000000	0.000000e+00
1.867289e+01	3.970172e+00	7.118734e-04	31103782.000000	0.000000e+00
1.867489e+01	3.969263e+00	7.122071e-04	31060407.000000	0.000000e+00
1.867688e+01	3.970488e+00	7.128562e-04	31023007.000000	0.000000e+00
1.867888e+01	3.970891e+00	7.134788e-04	30975171.000000	0.000000e+00
1.868087e+01	3.971479e+00	7.142711e-04	30915646.000000	0.000000e+00
1.868286e+01	3.972356e+00	7.150042e-04	30865915.000000	0.000000e+00
1.868486e+01	3.971281e+00	7.150737e-04	30843207.000000	0.000000e+00
1.868685e+01	3.972264e+00	7.159586e-04	30782251.000000	0.000000e+00
1.868885e+01	3.972538e+00	7.165837e-04	30732819.000000	0.000000e+00
1.869084e+01	3.972710e+00	7.171582e-04	30686242.000000	0.000000e+00
1.869284e+01	3.972947e+00	7.176937e-04	30644127.000000	0.000000e+00
1.869483e+01	3.974690e+00	7.186459e-04	30589795.000000	0.000000e+00
1.869683e+01	3.974324e+00	7.190301e-04	30551479.000000	0.000000e+00
1.869882e+01	3.974251e+00	7.196848e-04	30494814.000000	0.000000e+00
1.870082e+01	3.974399e+00	7.201609e-04	30456775.000000	0.000000e+00
1.870281e+01	3.975571e+00	7.209085e-04	30411567.000000	0.000000e+00
1.870481e+01	3.975936e+00	7.216623e-04	30353635.000000	0.000000e+00
1.870680e+01	3.976250e+00	7.221716e-04	30315621.000000	0.000000e+00
1.870879e+01	3.976156e+00	7.226639e-04	30272902.000000	0.000000e+00
1.871079e+01	3.976649e+00	7.233952e-04	30219223.000000	0.000000e+00
1.871278e+01	3.978376e+00	7.243398e-04	30166635.000000	0.000000e+00
1.871478e+01	3.976348e+00	7.243582e-04	30134359.000000	0.000000e+00
1.871677e+01	3.978562e+00	7.253532e-04	30085227.000000	0.000000e+00
1.871877e+01	3.979455e+00	7.261611e-04	30031786.000000	0.000000e+00
1.872076e+01	3.978742e+00	7.265779e-04	29986599.000000	0.000000e+00
1.872276e+01	3.978586e+00	7.269649e-04	29952331.000000	0.000000e+00
1.872475e+01	3.981201e+00	7.280996e-04	29898319.000000	0.000000e+00
1.872675e+01	3.979460e+00	7.284452e-04	29843823.000000	0.000000e+00
1.872874e+01	3.981913e+00	7.293027e-04	29810407.000000	0.000000e+00
1.873074e+01	3.982986e+00	7.300862e-04	29762490.000000	0.000000e+00
1.873273e+01	3.981676e+00	7.304272e-04	29715151.000000	0.000000e+00
1.873473e+01	3.983231e+00	7.313712e-04	29661643.000000	0.000000e+00
1.873672e+01	3.983417e+00	7.318208e-04	29627979.000000	0.000000e+00
1.873871e+01	3.984068e+00	7.326592e-04	29569879.000000	0.000000e+00
1.874071e+01	3.985102e+00	7.333520e-04	29529351.000000	0.000000e+00
1.874270e+01	3.985732e+00	7.339940e-04	29487034.000000	0.000000e+00
1.874470e+01	3.985119e+00	7.344544e-04	29441031.000000	0.000000e+00
1.874669e+01	3.986012e+00	7.351222e-04	29400727.000000	0.000000e+00
1.874869e+01	3.986312e+00	7.359381e-04	29339989.000000	0.000000e+00
1.875068e+01	3.986754e+00	7.364674e-04	29304339.000000	0.000000e+00
1.875268e+01	3.986352e+00	7.369313e-04	29261551.000000	0.000000e+00
1.875467e+01	3.988318e+00	7.378075e-04	29220891.000000	0.000000e+00
1.875667e+01	3.987469e+00	7.385023e-04	29153515.000000	0.000000e+00
1.875866e+01	3.988904e+00	7.391031e-04	29127102.000000	0.000000e+00
1.876066e+01	3.988192e+00	7.395552e-04	29081107.000000	0.000000e+00
1.876265e+01	3.992123e+00	7.409002e-04	29032759.000000	0.000000e+00
1.876464e+01	3.989735e+00	7.411342e-04	28979727.000000	0.000000e+00
1.876664e+01	3.988996e+00	7.413749e-04	28950187.000000	0.000000e+00
1.876863e+01	3.990023e+00	7.422191e-04	28899255.000000	0.000000e+00
1.877063e+01	3.990635e+00	7.430364e-04	28844563.000000	0.000000e+00
1.877262e+01	3.993094e+00	7.439694e-04	28807731.000000	0.000000e+00
1.877462e+01	3.992118e+00	7.442746e-04	28770031.000000	0.000000e+00
1.877661e+01	3.992738e+00	7.450552e-04	28718698.000000	0.000000e+00
1.877861e+01	3.994934e+00	7.461727e-04	28664247.000000	0.000000e+00
1.878060e+01	3.992765e+00	7.461576e-04	28634287.000000	0.000000e+00
1.878260e+01	3.994471e+00	7.470322e-04	28591695.000000	0.000000e+00
1.878459e+01	3.995514e+00	7.480163e-04	28531399.000000	0.000000e+00
1.878659e+01	3.995490e+00	7.484721e-04	28496323.000000	0.000000e+00
1.878858e+01	3.995387e+00	7.490633e-04	28449891.000000	0.000000e+00
1.879058e+01	3.996677e+00	7.497850e-04	28413493.000000	0.000000e+00
1.879257e+01	3.995769e+00	7.503314e-04	28359231.000000	0.000000e+00
1.879456e+01	3.997163e+00	7.512084e-04	28312807.000000	0.000000e+00
1.879656e+01	3.997213e+00	7.516298e-04	28281771.000000	0.000000e+00
1.879855e+01	3.998762e+00	7.526558e-04	28226575.000000	0.000000e+00
1.880055e+01	4.000068e+00	7.534307e-04	28186954.000000	0.000000e+00
1.880254e+01	4.000245e+00	7.541353e-04	28136799.000000	0.000000e+00
1.880454e+01	3.998826e+00	7.543421e-04	28101415.000000	0.000000e+00
1.880653e+01	4.001226e+00	7.554223e-04	28054767.000000	0.000000e+00
1.880853e+01	4.002054e+00	7.563071e-04	28000747.000000	0.000000e+00
1.881052e+01	4.000811e+00	7.564787e-04	27970659.000000	0.000000e+00
1.881252e+01	4.001772e+00	7.572152e-04	27929683.000000	0.000000e+00
1.881451e+01	4.003071e+00	7.581966e-04	27875515.000000	0.000000e+00
1.881651e+01	4.003167e+00	7.589166e-04	27823983.000000	0.000000e+00
1.881850e+01	4.004601e+00	7.596194e-04	27792427.000000	0.000000e+00
1.882050e+01	4.004549e+00	7.601303e-04	27754359.000000	0.000000e+00
1.882249e+01	4.005138e+00	7.609976e-04	27699271.000000	0.000000e+00
1.882448e+01	4.005992e+00	7.617572e-04	27655851.000000	0.000000e+00
1.882648e+01	4.006818e+00	7.623643e-04	27623203.000000	0.000000e+00
1.882847e+01	4.006492e+00	7.630215e-04	27571159.000000	0.000000e+00
1.883047e+01	4.007069e+00	7.637494e-04	27526557.000000	0.000000e+00
1.883246e+01	4.008524e+00	7.645614e-04	27488071.000000	0.000000e+00
1.883446e+01	4.008678e+00	7.651536e-04	27447639.000000	0.000000e+00
1.883645e+01	4.007973e+00	7.657697e-04	27393859.000000	0.000000e+00
1.883845e+01	4.009581e+00	7.665882e-04	27357331.000000	0.000000e+00
1.884044e+01	4.009156e+00	7.670663e-04	27317451.000000	0.000000e+00
1.884244e+01	4.010236e+00	7.679849e-04	27266815.000000	0.000000e+00
1.884443e+01	4.010931e+00	7.685983e-04	27232755.000000	0.000000e+00
1.884643e+01	4.013343e+00	7.698683e-04	27175639.000000	0.000000e+00
1.884842e+01	4.012637e+00	7.702101e-04	27141963.000000	0.000000e+00
1.885041e+01	4.012415e+00	7.707010e-04	27104407.000000	0.000000e+00
1.885241e+01	4.013461e+00	7.716374e-04	27052759.000000	0.000000e+00
1.885440e+01	4.014093e+00	7.724425e-04	27004899.000000	0.000000e+00
1.885640e+01	4.012801e+00	7.725653e-04	26978935.000000	0.000000e+00
1.885839e+01	4.015799e+00	7.739465e-04	26922915.000000	0.000000e+00
1.886039e+01	4.015870e+00	7.745036e-04	26885143.000000	0.000000e+00
1.886238e+01	4.017077e+00	7.754214e-04	26837667.000000	0.000000e+00
1.886438e+01	4.016377e+00	7.757285e-04	26807071.000000	0.000000e+00
1.886637e+01	4.017866e+00	7.767530e-04	26756239.000000	0.000000e+00
1.886837e+01	4.018420e+00	7.776691e-04	26700591.000000	0.000000e+00
1.887036e+01	4.018298e+00	7.779305e-04	26681029.000000	0.000000e+00
1.887236e+01	4.019414e+00	7.788679e-04	26631639.000000	0.000000e+00
1.887435e+01	4.020081e+00	7.796653e-04	26586007.000000	0.000000e+00
1.887634e+01	4.019839e+00	7.803475e-04	26536351.000000	0.000000e+00
1.887834e+01	4.020919e+00	7.809407e-04	26510295.000000	0.000000e+00
1.888033e+01	4.021048e+00	7.816278e-04	26465407.000000	0.000000e+00
1.888233e+01	4.022862e+00	7.827182e-04	26415543.000000	0.000000e+00
1.888432e+01	4.021814e+00	7.831824e-04	26370487.000000	0.000000e+00
1.888632e+01	4.025098e+00	7.842829e-04	26339499.000000	0.000000e+00
1.888831e+01	4.023073e+00	7.846353e-04	26289367.000000	0.000000e+00
1.889031e+01	4.023986e+00	7.854245e-04	26248471.000000	0.000000e+00
1.889230e+01	4.025231e+00	7.862553e-04	26209239.000000	0.000000e+00
1.889430e+01	4.024922e+00	7.868699e-04	26164303.000000	0.000000e+00
1.889629e+01	4.027204e+00	7.877864e-04	26133063.000000	0.000000e+00
1.889829e+01	4.027891e+00	7.888080e-04	26074315.000000	0.000000e+00
1.890028e+01	4.027020e+00	7.891901e-04	26037804.000000	0.000000e+00
1.890228e+01	4.028018e+00	7.898542e-04	26006923.000000	0.000000e+00
1.890427e+01	4.028537e+00	7.907448e-04	25955059.000000	0.000000e+00
1.890626e+01	4.028718e+00	7.915543e-04	25904325.000000	0.000000e+00
1.890826e+01	4.029625e+00	7.920628e-04	25882723.000000	0.000000e+00
1.891025e+01	4.029200e+00	7.926315e-04	25840155.000000	0.000000e+00
1.891225e+01	4.030521e+00	7.937991e-04	25781083.000000	0.000000e+00
1.891424e+01	4.031606e+00	7.945382e-04	25746999.000000	0.000000e+00
1.891624e+01	4.031961e+00	7.950097e-04	25720999.000000	0.000000e+00
1.891823e+01	4.032790e+00	7.960225e-04	25666135.000000	0.000000e+00
1.892023e+01	4.033321e+00	7.968613e-04	25618875.000000	0.000000e+00
1.892222e+01	4.035332e+00	7.977609e-04	25586623.000000	0.000000e+00
1.892422e+01	4.033938e+00	7.980354e-04	25551363.000000	0.000000e+00
1.892621e+01	4.034134e+00	7.989489e-04	25495444.000000	0.000000e+00
1.892821e+01	4.035379e+00	7.998093e-04	25456327.000000	0.000000e+00
1.893020e+01	4.035991e+00	8.003994e-04	25426515.000000	0.000000e+00
1.893220e+01	4.037029e+00	8.013663e-04	25378243.000000	0.000000e+00
1.893419e+01	4.038066e+00	8.021699e-04	25340439.000000	0.000000e+00
1.893618e+01	4.039171e+00	8.031245e-04	25294075.000000	0.000000e+00
1.893818e+01	4.039614e+00	8.037580e-04	25259751.000000	0.000000e+00
1.894017e+01	4.040393e+00	8.045577e-04	25219291.000000	0.000000e+00
1.894217e+01	4.040557e+00	8.053674e-04	25170655.000000	0.000000e+00
1.894416e+01	4.039724e+00	8.058500e-04	25130145.000000	0.000000e+00
1.894616e+01	4.043554e+00	8.071515e-04	25096684.000000	0.000000e+00
1.894815e+01	4.042939e+00	8.075850e-04	25062123.000000	0.000000e+00
1.895015e+01	4.044074e+00	8.088137e-04	25000063.000000	0.000000e+00
1.895214e+01	4.042804e+00	8.090710e-04	24968487.000000	0.000000e+00
1.895414e+01	4.044657e+00	8.097996e-04	24946423.000000	0.000000e+00
1.895613e+01	4.044840e+00	8.108294e-04	24885343.000000	0.000000e+00
1.895813e+01	4.045481e+00	8.116749e-04	24841407.000000	0.000000e+00
1.896012e+01	4.046186e+00	8.120961e-04	24824287.000000	0.000000e+00
1.896212e+01	4.047573e+00	8.133229e-04	24766428.000000	0.000000e+00
1.896411e+01	4.048305e+00	8.141429e-04	24725503.000000	0.000000e+00
1.896610e+01	4.048842e+00	8.149528e-04	24682935.000000	0.000000e+00
1.896810e+01	4.049151e+00	8.154050e-04	24659323.000000	0.000000e+00
1.897009e+01	4.049750e+00	8.163309e-04	24610699.000000	0.000000e+00
1.897209e+01	4.050658e+00	8.173790e-04	24558627.000000	0.000000e+00
1.897408e+01	4.050303e+00	8.177012e-04	24534979.000000	0.000000e+00
1.897608e+01	4.051337e+00	8.186080e-04	24493152.000000	0.000000e+00
1.897807e+01	4.053016e+00	8.197250e-04	24446707.000000	0.000000e+00
1.898007e+01	4.051738e+00	8.201685e-04	24404869.000000	0.000000e+00
1.898206e+01	4.053980e+00	8.211681e-04	24372435.000000	0.000000e+00
1.898406e+01	4.054324e+00	8.219706e-04	24328999.000000	0.000000e+00
1.898605e+01	4.055524e+00	8.228803e-04	24289611.000000	0.000000e+00
1.898805e+01	4.054777e+00	8.235717e-04	24239920.000000	0.000000e+00
1.899004e+01	4.055736e+00	8.241108e-04	24219663.000000	0.000000e+00
1.899203e+01	4.057378e+00	8.252589e-04	24171883.000000	0.000000e+00
1.899403e+01	4.057799e+00	8.261243e-04	24126283.000000	0.000000e+00
1.899602e+01	4.058503e+00	8.269485e-04	24086559.000000	0.000000e+00
1.899802e+01	4.059885e+00	8.276809e-04	24060331.000000	0.000000e+00
1.900001e+01	4.059685e+00	8.284741e-04	24011916.000000	0.000000e+00
1.900201e+01	4.060243e+00	8.293411e-04	23968327.000000	0.000000e+00
1.900400e+01	4.061909e+00	8.302776e-04	23933919.000000	0.000000e+00
1.900600e+01	4.063790e+00	8.312055e-04	23902627.000000	0.000000e+00
1.900799e+01	4.062305e+00	8.317732e-04	23852575.000000	0.000000e+00
1.900999e+01	4.064180e+00	8.329062e-04	23809683.000000	0.000000e+00
1.901198e+01	4.065335e+00	8.336218e-04	23782336.000000	0.000000e+00
1.901398e+01	4.064710e+00	8.342452e-04	23739501.000000	0.000000e+00
1.901597e+01	4.066599e+00	8.354788e-04	23691463.000000	0.000000e+00
1.901796e+01	4.066017e+00	8.360460e-04	23652555.000000	0.000000e+00
1.901996e+01	4.067380e+00	8.367079e-04	23630983.000000	0.000000e+00
1.902195e+01	4.067414e+00	8.375923e-04	23581492.000000	0.000000e+00
1.902395e+01	4.067116e+00	8.383232e-04	23536947.000000	0.000000e+00
1.902594e+01	4.069450e+00	8.394783e-04	23499175.000000	0.000000e+00
1.902794e+01	4.069763e+00	8.398766e-04	23480499.000000	0.000000e+00
1.902993e+01	4.070624e+00	8.412252e-04	23415175.000000	0.000000e+00
1.903193e+01	4.072187e+00	8.421169e-04	23383564.000000	0.000000e+00
1.903392e+01	4.071360e+00	8.425044e-04	23352567.000000	0.000000e+00
1.903592e+01	4.073946e+00	8.438811e-04	23306011.000000	0.000000e+00
1.903791e+01	4.073060e+00	8.442659e-04	23274651.000000	0.000000e+00
1.903991e+01	4.074747e+00	8.454388e-04	23229343.000000	0.000000e+00
1.904190e+01	4.075745e+00	8.462845e-04	23194296.000000	0.000000e+00
1.904390e+01	4.075303e+00	8.468918e-04	23156023.000000	0.000000e+00
1.904589e+01	4.077146e+00	8.480520e-04	23113603.000000	0.000000e+00
1.904788e+01	4.076867e+00	8.487833e-04	23070633.000000	0.000000e+00
1.904988e+01	4.078849e+00	8.496488e-04	23046040.000000	0.000000e+00
1.905187e+01	4.078572e+00	8.503225e-04	23006415.000000	0.000000e+00
1.905387e+01	4.078090e+00	8.511075e-04	22958563.000000	0.000000e+00
1.905586e+01	4.081154e+00	8.524401e-04	22921251.000000	0.000000e+00
1.905786e+01	4.081584e+00	8.529811e-04	22897003.000000	0.000000e+00
1.905985e+01	4.082807e+00	8.541831e-04	22846300.000000	0.000000e+00
1.906185e+01	4.081664e+00	8.547928e-04	22800939.000000	0.000000e+00
1.906384e+01	4.084120e+00	8.557027e-04	22779871.000000	0.000000e+00
1.906584e+01	4.083384e+00	8.563014e-04	22739823.000000	0.000000e+00
1.906783e+01	4.084881e+00	8.575703e-04	22689208.000000	0.000000e+00
1.906983e+01	4.086783e+00	8.586628e-04	22652587.000000	0.000000e+00
1.907182e+01	4.086176e+00	8.590311e-04	22626447.000000	0.000000e+00
1.907382e+01	4.087075e+00	8.600245e-04	22584139.000000	0.000000e+00
1.907581e+01	4.087005e+00	8.608290e-04	22541172.000000	0.000000e+00
1.907780e+01	4.092004e+00	8.625529e-04	22506127.000000	0.000000e+00
1.907980e+01	4.088171e+00	8.624061e-04	22471623.000000	0.000000e+00
1.908179e+01	4.089652e+00	8.635317e-04	22429321.000000	0.000000e+00
1.908379e+01	4.091654e+00	8.646400e-04	22393768.000000	0.000000e+00
1.908578e+01	4.093258e+00	8.657599e-04	22353387.000000	0.000000e+00
1.908778e+01	4.092350e+00	8.661871e-04	22321435.000000	0.000000e+00
1.908977e+01	4.094351e+00	8.673373e-04	22284051.000000	0.000000e+00
1.909177e+01	4.095804e+00	8.685129e-04	22239532.000000	0.000000e+00
1.909376e+01	4.095737e+00	8.691505e-04	22206195.000000	0.000000e+00
1.909576e+01	4.096726e+00	8.700786e-04	22169551.000000	0.000000e+00
1.909775e+01	4.095925e+00	8.706776e-04	22130395.000000	0.000000e+00
1.909975e+01	4.099285e+00	8.723791e-04	22080336.000000	0.000000e+00
1.910174e+01	4.098478e+00	8.724114e-04	22070011.000000	0.000000e+00
1.910374e+01	4.099843e+00	8.736056e-04	22024383.000000	0.000000e+00
1.910573e+01	4.100569e+00	8.747295e-04	21975604.000000	0.000000e+00
1.910772e+01	4.100774e+00	8.754910e-04	21939579.000000	0.000000e+00
1.910972e+01	4.101919e+00	8.761709e-04	21917779.000000	0.000000e+00
1.911171e+01	4.102897e+00	8.773398e-04	21869839.000000	0.000000e+00
1.911371e+01	4.103534e+00	8.783404e-04	21826812.000000	0.000000e+00
1.911570e+01	4.102725e+00	8.786758e-04	21801553.000000	0.000000e+00
1.911770e+01	4.104721e+00	8.799308e-04	21760563.000000	0.000000e+00
1.911969e+01	4.105022e+00	8.807856e-04	21721540.000000	0.000000e+00
1.912169e+01	4.107919e+00	8.822091e-04	21682063.000000	0.000000e+00
1.912368e+01	4.107571e+00	8.826882e-04	21654867.000000	0.000000e+00
1.912568e+01	4.108646e+00	8.838210e-04	21610699.000000	0.000000e+00
1.912767e+01	4.109182e+00	8.846615e-04	21575280.000000	0.000000e+00
1.912967e+01	4.110282e+00	8.857855e-04	21532087.000000	0.000000e+00
1.913166e+01	4.111369e+00	8.865189e-04	21507843.000000	0.000000e+00
1.913365e+01	4.111367e+00	8.873072e-04	21469624.000000	0.000000e+00
1.913565e+01	4.114862e+00	8.889321e-04	21427591.000000	0.000000e+00
1.913764e+01	4.113762e+00	8.895074e-04	21388443.000000	0.000000e+00
1.913964e+01	4.115043e+00	8.904651e-04	21355756.000000	0.000000e+00
1.914163e+01	4.114885e+00	8.910754e-04	21324879.000000	0.000000e+00
1.914363e+01	4.115340e+00	8.922332e-04	21274267.000000	0.000000e+00
1.914562e+01	4.115489e+00	8.927834e-04	21249603.000000	0.000000e+00
1.914762e+01	4.117393e+00	8.937870e-04	21221530.000000	0.000000e+00
1.914961e+01	4.117424e+00	8.949523e-04	21166615.000000	0.000000e+00
1.915161e+01	4.119092e+00	8.960719e-04	21130863.000000	0.000000e+00
1.915360e+01	4.120218e+00	8.967643e-04	21109780.000000	0.000000e+00
1.915560e+01	4.120955e+00	8.978048e-04	21068415.000000	0.000000e+00
1.915759e+01	4.122449e+00	8.991320e-04	21021499.000000	0.000000e+00
1.915958e+01	4.123859e+00	9.001734e-04	20987232.000000	0.000000e+00
1.916158e+01	4.124012e+00	9.006376e-04	20967163.000000	0.000000e+00
1.916357e+01	4.124816e+00	9.018982e-04	20916751.000000	0.000000e+00
1.916557e+01	4.126905e+00	9.030569e-04	20884236.000000	0.000000e+00
1.916756e+01	4.125276e+00	9.034048e-04	20851687.000000	0.000000e+00
1.916956e+01	4.126483e+00	9.044239e-04	20816895.000000	0.000000e+00
1.917155e+01	4.127769e+00	9.056130e-04	20775208.000000	0.000000e+00
1.917355e+01	4.128724e+00	9.066585e-04	20736919.000000	0.000000e+00
1.917554e+01	4.128416e+00	9.072012e-04	20709027.000000	0.000000e+00
1.917754e+01	4.130027e+00	9.084218e-04	20669530.000000	0.000000e+00
1.917953e+01	4.132324e+00	9.097000e-04	20634423.000000	0.000000e+00
1.918153e+01	4.131862e+00	9.104490e-04	20595883.000000	0.000000e+00
1.918352e+01	4.132055e+00	9.111658e-04	20565408.000000	0.000000e+00
1.918552e+01	4.134295e+00	9.124728e-04	20528779.000000	0.000000e+00
1.918751e+01	4.133781e+00	9.131873e-04	20491567.000000	0.000000e+00
1.918950e+01	4.135896e+00	9.145895e-04	20449692.000000	0.000000e+00
1.919150e+01	4.137019e+00	9.153163e-04	20428315.000000	0.000000e+00
1.919349e+01	4.137283e+00	9.163258e-04	20385939.000000	0.000000e+00
1.919549e+01	4.138715e+00	9.175843e-04	20344132.000000	0.000000e+00
1.919748e+01	4.139103e+00	9.182880e-04	20316771.000000	0.000000e+00
1.919948e+01	4.139454e+00	9.190463e-04	20286700.000000	0.000000e+00
1.920147e+01	4.140530e+00	9.202291e-04	20245099.000000	0.000000e+00
1.920347e+01	4.141653e+00	9.215896e-04	20196327.000000	0.000000e+00
1.920546e+01	4.143060e+00	9.222459e-04	20181292.000000	0.000000e+00
1.920746e+01	4.143668e+00	9.232336e-04	20144043.000000	0.000000e+00
1.920945e+01	4.144853e+00	9.245262e-04	20099245.000000	0.000000e+00
1.921145e+01	4.148580e+00	9.261150e-04	20066388.000000	0.000000e+00
1.921344e+01	4.145173e+00	9.259618e-04	20040067.000000	0.000000e+00
1.921544e+01	4.146369e+00	9.271956e-04	19998307.000000	0.000000e+00
1.921743e+01	4.148588e+00	9.285835e-04	19959912.000000	0.000000e+00
1.921942e+01	4.149420e+00	9.296143e-04	19923667.000000	0.000000e+00
1.922142e+01	4.149404e+00	9.301379e-04	19901088.000000	0.000000e+00
1.922341e+01	4.151287e+00	9.315920e-04	19857019.000000	0.000000e+00
1.922541e+01	4.151895e+00	9.325498e-04	19822051.000000	0.000000e+00
1.922740e+01	4.152338e+00	9.333507e-04	19792272.000000	0.000000e+00
1.922940e+01	4.153348e+00	9.344316e-04	19756123.000000	0.000000e+00
1.923139e+01	4.155329e+00	9.357082e-04	19721043.000000	0.000000e+00
1.923339e+01	4.156855e+00	9.370708e-04	19678180.000000	0.000000e+00
1.923538e+01	4.156175e+00	9.373798e-04	19658775.000000	0.000000e+00
1.923738e+01	4.155754e+00	9.382193e-04	19619632.000000	0.000000e+00
1.923937e+01	4.159429e+00	9.399752e-04	19580989.000000	0.000000e+00
1.924137e+01	4.159865e+00	9.411780e-04	19535067.000000	0.000000e+00
1.924336e+01	4.160008e+00	9.415432e-04	19521256.000000	0.000000e+00
1.924536e+01	4.161208e+00	9.426944e-04	19484847.000000	0.000000e+00
1.924735e+01	4.162560e+00	9.441602e-04	19437016.000000	0.000000e+00
1.924934e+01	4.162839e+00	9.449446e-04	19407363.000000	0.000000e+00
1.925134e+01	4.164990e+00	9.459372e-04	19386679.000000	0.000000e+00
1.925333e+01	4.167874e+00	9.478655e-04	19334620.000000	0.000000e+00
1.925533e+01	4.165760e+00	9.481495e-04	19303443.000000	0.000000e+00
1.925732e+01	4.167416e+00	9.492253e-04	19275028.000000	0.000000e+00
1.925932e+01	4.169342e+00	9.504244e-04	19244199.000000	0.000000e+00
1.926131e+01	4.168688e+00	9.513104e-04	19202347.000000	0.000000e+00
1.926331e+01	4.169457e+00	9.524495e-04	19163512.000000	0.000000e+00
1.926530e+01	4.171513e+00	9.533031e-04	19148079.000000	0.000000e+00
1.926730e+01	4.172417e+00	9.547071e-04	19100080.000000	0.000000e+00
1.926929e+01	4.175408e+00	9.562351e-04	19066389.000000	0.000000e+00
1.927128e+01	4.175025e+00	9.569820e-04	19033147.000000	0.000000e+00
1.927328e+01	4.174831e+00	9.576141e-04	19006260.000000	0.000000e+00
1.927527e+01	4.178037e+00	9.592921e-04	18968935.000000	0.000000e+00
1.927727e+01	4.177358e+00	9.600618e-04	18932368.000000	0.000000e+00
1.927926e+01	4.177624e+00	9.609874e-04	18898323.000000	0.000000e+00
1.928126e+01	4.179182e+00	9.620514e-04	18870616.000000	0.000000e+00
1.928325e+01	4.177008e+00	9.625040e-04	18833259.000000	0.000000e+00
1.928525e+01	4.182116e+00	9.647158e-04	18792883.000000	0.000000e+00
1.928724e+01	4.181853e+00	9.652993e-04	18767808.000000	0.000000e+00
1.928924e+01	4.183264e+00	9.664473e-04	18735883.000000	0.000000e+00
1.929123e+01	4.185388e+00	9.679031e-04	18698536.000000	0.000000e+00
1.929323e+01	4.184348e+00	9.689039e-04	18650655.000000	0.000000e+00
1.929522e+01	4.185735e+00	9.694681e-04	18641308.000000	0.000000e+00
1.929722e+01	4.186848e+00	9.706195e-04	18606999.000000	0.000000e+00
1.929921e+01	4.187777e+00	9.721796e-04	18555565.000000	0.000000e+00
1.930120e+01	4.188715e+00	9.731451e-04	18527052.000000	0.000000e+00
1.930320e+01	4.189561e+00	9.739058e-04	18505603.000000	0.000000e+00
1.930519e+01	4.191212e+00	9.752878e-04	18467740.000000	0.000000e+00
1.930719e+01	4.191313e+00	9.764333e-04	18425319.000000	0.000000e+00
1.930918e+01	4.192934e+00	9.775150e-04	18398788.000000	0.000000e+00
1.931118e+01	4.193846e+00	9.783950e-04	18373695.000000	0.000000e+00
1.931317e+01	4.194757e+00	9.798956e-04	18325420.000000	0.000000e+00
1.931517e+01	4.196719e+00	9.810266e-04	18300295.000000	0.000000e+00
1.931716e+01	4.196073e+00	9.817176e-04	18268923.000000	0.000000e+00
1.931916e+01	4.197862e+00	9.831032e-04	18232996.000000	0.000000e+00
1.932115e+01	4.200504e+00	9.845452e-04	18202515.000000	0.000000e+00
1.932315e+01	4.202464e+00	9.862148e-04	18157876.000000	0.000000e+00
1.932514e+01	4.200557e+00	9.861716e-04	18142983.000000	0.000000e+00
1.932714e+01	4.202330e+00	9.876928e-04	18102418.000000	0.000000e+00
1.932913e+01	4.204836e+00	9.891869e-04	18069307.000000	0.000000e+00
1.933112e+01	4.205738e+00	9.903615e-04	18034200.000000	0.000000e+00
1.933312e+01	4.205020e+00	9.910725e-04	18002191.000000	0.000000e+00
1.933511e+01	4.205685e+00	9.918626e-04	17979204.000000	0.000000e+00
1.933711e+01	4.210470e+00	9.944188e-04	17927611.000000	0.000000e+00
1.933910e+01	4.213095e+00	9.955999e-04	17907411.000000	0.000000e+00
1.934110e+01	4.209771e+00	9.955586e-04	17880652.000000	0.000000e+00
1.934309e+01	4.210823e+00	9.969299e-04	17840407.000000	0.000000e+00
1.934509e+01	4.212119e+00	9.984299e-04	17797788.000000	0.000000e+00
1.934708e+01	4.214992e+00	9.994660e-04	17785147.000000	0.000000e+00
1.934908e+01	4.212917e+00	1.000075e-03	17746020.000000	0.000000e+00
1.935107e+01	4.213015e+00	1.001308e-03	17703151.000000	0.000000e+00
1.935307e+01	4.217914e+00	1.003249e-03	17675772.000000	0.000000e+00
1.935506e+01	4.215600e+00	1.003304e-03	17654431.000000	0.000000e+00
1.935706e+01	4.218174e+00	1.005101e-03	17612842.000000	0.000000e+00
1.935905e+01	4.218649e+00	1.006235e-03	17577123.000000	0.000000e+00
1.936104e+01	4.218555e+00	1.006901e-03	17553112.000000	0.000000e+00
1.936304e+01	4.222274e+00	1.008709e-03	17521083.000000	0.000000e+00
1.936503e+01	4.220953e+00	1.009459e-03	17484124.000000	0.000000e+00
1.936703e+01	4.224132e+00	1.011264e-03	17447995.000000	0.000000e+00
1.936902e+01	4.224769e+00	1.012060e-03	17425824.000000	0.000000e+00
1.937102e+01	4.226431e+00	1.013508e-03	17389759.000000	0.000000e+00
1.937301e+01	4.227165e+00	1.014573e-03	17359272.000000	0.000000e+00
1.937501e+01	4.229148e+00	1.016240e-03	17318611.000000	0.000000e+00
1.937700e+01	4.229903e+00	1.017109e-03	17295216.000000	0.000000e+00
1.937900e+01	4.231719e+00	1.018368e-03	17267287.000000	0.000000e+00
1.938099e+01	4.232608e+00	1.019685e-03	17229952.000000	0.000000e+00
1.938299e+01	4.232768e+00	1.020979e-03	17187603.000000	0.000000e+00
1.938498e+01	4.234235e+00	1.021712e-03	17174854.000000	0.000000e+00
1.938698e+01	4.236229e+00	1.023384e-03	17134911.000000	0.000000e+00
1.938897e+01	4.237398e+00	1.024660e-03	17101684.000000	0.000000e+00
1.939096e+01	4.236641e+00	1.025431e-03	17069883.000000	0.000000e+00
1.939296e+01	4.239713e+00	1.026951e-03	17044096.000000	0.000000e+00
1.939495e+01	4.238725e+00	1.027669e-03	17012335.000000	0.000000e+00
1.939695e+01	4.241710e+00	1.029886e-03	16963044.000000	0.000000e+00
1.939894e+01	4.244835e+00	1.030950e-03	16952983.000000	0.000000e+00
1.940094e+01	4.244401e+00	1.031905e-03	16918164.000000	0.000000e+00
1.940293e+01	4.243954e+00	1.033185e-03	16872739.000000	0.000000e+00
1.940493e+01	4.246447e+00	1.034476e-03	16850400.000000	0.000000e+00
1.940692e+01	4.246315e+00	1.035193e-03	16826035.000000	0.000000e+00
1.940892e+01	4.247854e+00	1.036639e-03	16791292.000000	0.000000e+00
1.941091e+01	4.246282e+00	1.037458e-03	16752399.000000	0.000000e+00
1.941291e+01	4.247183e+00	1.038589e-03	16723006.000000	0.000000e+00
1.941490e+01	4.249087e+00	1.039727e-03	16701375.000000	0.000000e+00
1.941689e+01	4.251505e+00	1.041650e-03	16658728.000000	0.000000e+00
1.941889e+01	4.254300e+00	1.043152e-03	16632643.000000	0.000000e+00
1.942088e+01	4.254616e+00	1.044294e-03	16598748.000000	0.000000e+00
1.942288e+01	4.255349e+00	1.045226e-03	16574863.000000	0.000000e+00
1.942487e+01	4.256365e+00	1.046506e-03	16542228.000000	0.000000e+00
1.942687e+01	4.259814e+00	1.048758e-03	16497991.000000	0.000000e+00
1.942886e+01	4.258155e+00	1.048812e-03	16483440.000000	0.000000e+00
1.943086e+01	4.260467e+00	1.050437e-03	16450327.000000	0.000000e+00
1.943285e+01	4.262186e+00	1.052079e-03	16412260.000000	0.000000e+00
1.943485e+01	4.262944e+00	1.053381e-03	16377531.000000	0.000000e+00
1.943684e+01	4.265266e+00	1.054401e-03	16363660.000000	0.000000e+00
1.943884e+01	4.266192e+00	1.055935e-03	16323249.000000	0.000000e+00
1.944083e+01	4.265818e+00	1.057034e-03	16286452.000000	0.000000e+00
1.944282e+01	4.267995e+00	1.058467e-03	16258971.000000	0.000000e+00
1.944482e+01	4.266846e+00	1.058860e-03	16238176.000000	0.000000e+00
1.944681e+01	4.268997e+00	1.060707e-03	16197988.000000	0.000000e+00
1.944881e+01	4.272111e+00	1.062593e-03	16164099.000000	0.000000e+00
1.945080e+01	4.272134e+00	1.063227e-03	16144984.000000	0.000000e+00
1.945280e+01	4.276489e+00	1.065381e-03	16112571.000000	0.000000e+00
1.945479e+01	4.275961e+00	1.066559e-03	16073032.000000	0.000000e+00
1.945679e+01	4.274918e+00	1.067201e-03	16045879.000000	0.000000e+00
1.945878e+01	4.277080e+00	1.068473e-03	16023876.000000	0.000000e+00
1.946078e+01	4.277227e+00	1.069689e-03	15988579.000000	0.000000e+00
1.946277e+01	4.279545e+00	1.071489e-03	15952176.000000	0.000000e+00
1.946477e+01	4.280035e+00	1.072491e-03	15926035.000000	0.000000e+00
1.946676e+01	4.282529e+00	1.074135e-03	15895818.000000	0.000000e+00
1.946876e+01	4.284917e+00	1.075641e-03	15869008.000000	0.000000e+00
1.947075e+01	4.283688e+00	1.076599e-03	15831691.000000	0.000000e+00
1.947274e+01	4.287436e+00	1.078428e-03	15805680.000000	0.000000e+00
1.947474e+01	4.286649e+00	1.079128e-03	15779383.000000	0.000000e+00
1.947673e+01	4.287602e+00	1.080440e-03	15748068.000000	0.000000e+00
1.947873e+01	4.290129e+00	1.082467e-03	15707671.000000	0.000000e+00
1.948072e+01	4.288914e+00	1.082928e-03	15685392.000000	0.000000e+00
1.948272e+01	4.292289e+00	1.084645e-03	15660403.000000	0.000000e+00
1.948471e+01	4.293193e+00	1.086095e-03	15625180.000000	0.000000e+00
1.948671e+01	4.295400e+00	1.088024e-03	15585852.000000	0.000000e+00
1.948870e+01	4.295214e+00	1.088360e-03	15574879.000000	0.000000e+00
1.949070e+01	4.297349e+00	1.090247e-03	15536424.000000	0.000000e+00
1.949269e+01	4.299553e+00	1.091994e-03	15502657.000000	0.000000e+00
1.949469e+01	4.299588e+00	1.093153e-03	15470052.000000	0.000000e+00
1.949668e+01	4.301368e+00	1.094162e-03	15454315.000000	0.000000e+00
1.949868e+01	4.302402e+00	1.095656e-03	15419608.000000	0.000000e+00
1.950067e+01	4.304124e+00	1.097493e-03	15380352.000000	0.000000e+00
1.950266e+01	4.302411e+00	1.097804e-03	15359407.000000	0.000000e+00
1.950466e+01	4.306574e+00	1.099778e-03	15333948.000000	0.000000e+00
1.950665e+01	4.305368e+00	1.100925e-03	15293443.000000	0.000000e+00
1.950865e+01	4.308705e+00	1.102817e-03	15264640.000000	0.000000e+00
1.951064e+01	4.310081e+00	1.103925e-03	15243759.000000	0.000000e+00
1.951264e+01	4.310263e+00	1.105187e-03	15210244.000000	0.000000e+00
1.951463e+01	4.313403e+00	1.107013e-03	15182196.000000	0.000000e+00
1.951663e+01	4.313900e+00	1.108660e-03	15140599.000000	0.000000e+00
1.951862e+01	4.315560e+00	1.109452e-03	15130644.000000	0.000000e+00
1.952062e+01	4.315194e+00	1.110694e-03	15094261.000000	0.000000e+00
1.952261e+01	4.317501e+00	1.112576e-03	15059320.000000	0.000000e+00
1.952461e+01	4.320250e+00	1.114429e-03	15028407.000000	0.000000e+00
1.952660e+01	4.317588e+00	1.114394e-03	15010840.000000	0.000000e+00
1.952860e+01	4.321699e+00	1.116616e-03	14979636.000000	0.000000e+00
1.953059e+01	4.322225e+00	1.118405e-03	14935387.000000	0.000000e+00
1.953258e+01	4.323884e+00	1.119403e-03	14920212.000000	0.000000e+00
1.953458e+01	4.325695e+00	1.120803e-03	14895427.000000	0.000000e+00
1.953657e+01	4.327249e+00	1.122750e-03	14854492.000000	0.000000e+00
1.953857e+01	4.327278e+00	1.123956e-03	14822820.000000	0.000000e+00
1.954056e+01	4.327472e+00	1.124451e-03	14811103.000000	0.000000e+00
1.954256e+01	4.328326e+00	1.126075e-03	14774232.000000	0.000000e+00
1.954455e+01	4.331297e+00	1.128249e-03	14737567.000000	0.000000e+00
1.954655e+01	4.334155e+00	1.130075e-03	14709366.000000	0.000000e+00
1.954854e+01	4.334534e+00	1.130672e-03	14696428.000000	0.000000e+00
1.955054e+01	4.336732e+00	1.132879e-03	14654071.000000	0.000000e+00
1.955253e+01	4.337393e+00	1.134237e-03	14623452.000000	0.000000e+00
1.955453e+01	4.336936e+00	1.134944e-03	14602159.000000	0.000000e+00
1.955652e+01	4.341007e+00	1.137168e-03	14572428.000000	0.000000e+00
1.955851e+01	4.340619e+00	1.138352e-03	14539516.000000	0.000000e+00
1.956051e+01	4.343459e+00	1.140319e-03	14508367.000000	0.000000e+00
1.956250e+01	4.342908e+00	1.140984e-03	14487804.000000	0.000000e+00
1.956450e+01	4.345349e+00	1.142842e-03	14456971.000000	0.000000e+00
1.956649e+01	4.346757e+00	1.144231e-03	14431236.000000	0.000000e+00
1.956849e+01	4.348686e+00	1.146247e-03	14393272.000000	0.000000e+00
1.957048e+01	4.349542e+00	1.147446e-03	14368863.000000	0.000000e+00
1.957248e+01	4.349914e+00	1.148215e-03	14352082.000000	0.000000e+00
1.957447e+01	4.351430e+00	1.150251e-03	14311288.000000	0.000000e+00
1.957647e+01	4.352584e+00	1.151971e-03	14276151.000000	0.000000e+00
1.957846e+01	4.353842e+00	1.152749e-03	14265124.000000	0.000000e+00
1.958046e+01	4.357345e+00	1.155118e-03	14229543.000000	0.000000e+00
1.958245e+01	4.356498e+00	1.156178e-03	14197960.000000	0.000000e+00
1.958444e+01	4.359535e+00	1.158123e-03	14170044.000000	0.000000e+00
1.958644e+01	4.360716e+00	1.159177e-03	14151943.000000	0.000000e+00
1.958843e+01	4.358776e+00	1.160128e-03	14116192.000000	0.000000e+00
1.959043e+01	4.363327e+00	1.162975e-03	14076507.000000	0.000000e+00
1.959242e+01	4.363684e+00	1.163352e-03	14069692.000000	0.000000e+00
1.959442e+01	4.363750e+00	1.164884e-03	14033124.000000	0.000000e+00
1.959641e+01	4.366598e+00	1.167097e-03	13998199.000000	0.000000e+00
1.959841e+01	4.371181e+00	1.169385e-03	13972774.000000	0.000000e+00
1.960040e+01	4.369871e+00	1.169857e-03	13953132.000000	0.000000e+00
1.960240e+01	4.373212e+00	1.172074e-03	13921663.000000	0.000000e+00
1.960439e+01	4.372780e+00	1.173276e-03	13890408.000000	0.000000e+00
1.960639e+01	4.375148e+00	1.175189e-03	13860223.000000	0.000000e+00
1.960838e+01	4.374518e+00	1.175662e-03	13845072.000000	0.000000e+00
1.961038e+01	4.375485e+00	1.177699e-03	13803328.000000	0.000000e+00
1.961237e+01	4.378674e+00	1.179660e-03	13777543.000000	0.000000e+00
1.961436e+01	4.381586e+00	1.181349e-03	13756452.000000	0.000000e+00
1.961636e+01	4.380733e+00	1.182400e-03	13726648.000000	0.000000e+00
1.961835e+01	4.383374e+00	1.184176e-03	13702023.000000	0.000000e+00
1.962035e+01	4.384158e+00	1.186162e-03	13661068.000000	0.000000e+00
1.962234e+01	4.385009e+00	1.186955e-03	13648098.000000	0.000000e+00
1.962434e+01	4.388683e+00	1.189291e-03	13617331.000000	0.000000e+00
1.962633e+01	4.389154e+00	1.190813e-03	13585468.000000	0.000000e+00
1.962833e+01	4.391427e+00	1.192836e-03	13553460.000000	0.000000e+00
1.963032e+01	4.391468e+00	1.193437e-03	13540063.000000	0.000000e+00
1.963232e+01	4.392059e+00	1.194934e-03	13509780.000000	0.000000e+00
1.963431e+01	4.393356e+00	1.196970e-03	13471819.000000	0.000000e+00
1.963631e+01	4.396734e+00	1.198805e-03	13451268.000000	0.000000e+00
1.963830e+01	4.396756e+00	1.199925e-03	13426312.000000	0.000000e+00
1.964030e+01	4.397594e+00	1.201582e-03	13394419.000000	0.000000e+00
1.964229e+01	4.398797e+00	1.203186e-03	13366032.000000	0.000000e+00
1.964428e+01	4.399937e+00	1.204631e-03	13340896.000000	0.000000e+00
1.964628e+01	4.403545e+00	1.206612e-03	13318935.000000	0.000000e+00
1.964827e+01	4.404591e+00	1.208419e-03	13285450.000000	0.000000e+00
1.965027e+01	4.406884e+00	1.210541e-03	13252708.000000	0.000000e+00
1.965226e+01	4.408808e+00	1.211547e-03	13242255.000000	0.000000e+00
1.965426e+01	4.406414e+00	1.212579e-03	13205380.000000	0.000000e+00
1.965625e+01	4.411354e+00	1.215210e-03	13177740.000000	0.000000e+00
1.965825e+01	4.412008e+00	1.216811e-03	13146991.000000	0.000000e+00
1.966024e+01	4.414976e+00	1.218385e-03	13130700.000000	0.000000e+00
1.966224e+01	4.414033e+00	1.219469e-03	13101760.000000	0.000000e+00
1.966423e+01	4.418227e+00	1.222279e-03	13066375.000000	0.000000e+00
1.966623e+01	4.416508e+00	1.222954e-03	13041816.000000	0.000000e+00
1.966822e+01	4.418790e+00	1.224438e-03	13023664.000000	0.000000e+00
1.967022e+01	4.421623e+00	1.226796e-03	12990279.000000	0.000000e+00
1.967221e+01	4.425685e+00	1.229393e-03	12959230.000000	0.000000e+00
1.967420e+01	4.423931e+00	1.229849e-03	12939372.000000	0.000000e+00
1.967620e+01	4.424178e+00	1.231089e-03	12914755.000000	0.000000e+00
1.967819e+01	4.426512e+00	1.233169e-03	12884800.000000	0.000000e+00
1.968019e+01	4.430180e+00	1.235952e-03	12848112.000000	0.000000e+00
1.968218e+01	4.430382e+00	1.236485e-03	12838207.000000	0.000000e+00
1.968418e+01	4.430874e+00	1.238116e-03	12807264.000000	0.000000e+00
1.968617e+01	4.432730e+00	1.240252e-03	12773872.000000	0.000000e+00
1.968817e+01	4.433774e+00	1.241924e-03	12745503.000000	0.000000e+00
1.969016e+01	4.436187e+00	1.243303e-03	12731104.000000	0.000000e+00
1.969216e+01	4.437046e+00	1.245012e-03	12701092.000000	0.000000e+00
1.969415e+01	4.439108e+00	1.247455e-03	12663147.000000	0.000000e+00
1.969614e+01	4.440170e+00	1.248379e-03	12650458.000000	0.000000e+00
1.969814e+01	4.443657e+00	1.250653e-03	12624312.000000	0.000000e+00
1.970014e+01	4.442403e+00	1.251929e-03	12591463.000000	0.000000e+00
1.970213e+01	4.443898e+00	1.253738e-03	12563608.000000	0.000000e+00
1.970412e+01	4.445416e+00	1.255314e-03	12540648.000000	0.000000e+00
1.970612e+01	4.447632e+00	1.257112e-03	12517279.000000	0.000000e+00
1.970811e+01	4.447338e+00	1.258546e-03	12487116.000000	0.000000e+00
1.971011e+01	4.451703e+00	1.261475e-03	12453604.000000	0.000000e+00
1.971210e+01	4.451960e+00	1.261990e-03	12444888.000000	0.000000e+00
1.971410e+01	4.452523e+00	1.263868e-03	12411067.000000	0.000000e+00
1.971609e+01	4.454204e+00	1.265771e-03	12383116.000000	0.000000e+00
1.971809e+01	4.457245e+00	1.268217e-03	12352248.000000	0.000000e+00
1.972008e+01	4.458674e+00	1.269295e-03	12339187.000000	0.000000e+00
1.972208e+01	4.462038e+00	1.271992e-03	12305454.000000	0.000000e+00
1.972407e+01	4.458741e+00	1.272657e-03	12274444.000000	0.000000e+00
1.972606e+01	4.462129e+00	1.274452e-03	12258507.000000	0.000000e+00
1.972806e+01	4.465473e+00	1.276794e-03	12231880.000000	0.000000e+00
1.973005e+01	4.467247e+00	1.278872e-03	12201844.000000	0.000000e+00
1.973205e+01	4.468366e+00	1.280801e-03	12171219.000000	0.000000e+00
1.973404e+01	4.469241e+00	1.281943e-03	12154300.000000	0.000000e+00
1.973604e+01	4.472664e+00	1.284159e-03	12130956.000000	0.000000e+00
1.973803e+01	4.475292e+00	1.286814e-03	12095152.000000	0.000000e+00
1.974003e+01	4.476640e+00	1.288648e-03	12068007.000000	0.000000e+00
1.974202e+01	4.477415e+00	1.289552e-03	12055264.000000	0.000000e+00
1.974402e+01	4.481222e+00	1.292357e-03	12023416.000000	0.000000e+00
1.974601e+01	4.480882e+00	1.293826e-03	11994309.000000	0.000000e+00
1.974801e+01	4.482112e+00	1.295438e-03	11971048.000000	0.000000e+00
1.975000e+01	4.482302e+00	1.296610e-03	11950428.000000	0.000000e+00
1.975200e+01	4.483636e+00	1.298459e-03	11923504.000000	0.000000e+00
1.975399e+01	4.487775e+00	1.301604e-03	11887879.000000	0.000000e+00
1.975598e+01	4.487244e+00	1.302347e-03	11871504.000000	0.000000e+00
1.975798e+01	4.489121e+00	1.304218e-03	11847388.000000	0.000000e+00
1.975997e+01	4.492084e+00	1.306540e-03	11820891.000000	0.000000e+00
1.976197e+01	4.493449e+00	1.308651e-03	11789956.000000	0.000000e+00
1.976396e+01	4.493208e+00	1.309601e-03	11771592.000000	0.000000e+00
1.976596e+01	4.498318e+00	1.312435e-03	11747488.000000	0.000000e+00
1.976795e+01	4.498412e+00	1.314301e-03	11714635.000000	0.000000e+00
1.976995e+01	4.500072e+00	1.316212e-03	11689266.000000	0.000000e+00
1.977194e+01	4.501960e+00	1.317735e-03	11672056.000000	0.000000e+00
1.977394e+01	4.502329e+00	1.319380e-03	11644875.000000	0.000000e+00
1.977593e+01	4.504869e+00	1.321680e-03	11617480.000000	0.000000e+00
1.977793e+01	4.506030e+00	1.323642e-03	11589024.000000	0.000000e+00
1.977992e+01	4.502619e+00	1.323429e-03	11575216.000000	0.000000e+00
1.978192e+01	4.507448e+00	1.326637e-03	11544031.000000	0.000000e+00
1.978391e+01	4.511295e+00	1.329946e-03	11506272.000000	0.000000e+00
1.978590e+01	4.515316e+00	1.331595e-03	11498260.000000	0.000000e+00
1.978790e+01	4.512717e+00	1.332392e-03	11471295.000000	0.000000e+00
1.978989e+01	4.516595e+00	1.334985e-03	11446420.000000	0.000000e+00
1.979189e+01	4.518275e+00	1.337641e-03	11409484.000000	0.000000e+00
1.979388e+01	4.517792e+00	1.337866e-03	11403210.000000	0.000000e+00
1.979588e+01	4.520334e+00	1.340549e-03	11370403.000000	0.000000e+00
1.979787e+01	4.522755e+00	1.343177e-03	11338092.000000	0.000000e+00
1.979987e+01	4.527854e+00	1.345876e-03	11318128.000000	0.000000e+00
1.980186e+01	4.524683e+00	1.345982e-03	11300496.000000	0.000000e+00
1.980386e+01	4.528674e+00	1.348873e-03	11271979.000000	0.000000e+00
1.980585e+01	4.526941e+00	1.350199e-03	11241232.000000	0.000000e+00
1.980784e+01	4.530819e+00	1.352684e-03	11219172.000000	0.000000e+00
1.980984e+01	4.531324e+00	1.353572e-03	11206948.000000	0.000000e+00
1.981184e+01	4.534115e+00	1.356928e-03	11165319.000000	0.000000e+00
1.981383e+01	4.535606e+00	1.358532e-03	11146300.000000	0.000000e+00
1.981582e+01	4.538979e+00	1.360721e-03	11127006.000000	0.000000e+00
1.981782e+01	4.542170e+00	1.363349e-03	11099743.000000	0.000000e+00
1.981981e+01	4.541227e+00	1.364641e-03	11074132.000000	0.000000e+00
1.982181e+01	4.541608e+00	1.366788e-03	11041224.000000	0.000000e+00
1.982380e+01	4.544710e+00	1.368103e-03	11035060.000000	0.000000e+00
1.982580e+01	4.547031e+00	1.370663e-03	11005107.000000	0.000000e+00
1.982779e+01	4.546526e+00	1.372613e-03	10971424.000000	0.000000e+00
1.982979e+01	4.549961e+00	1.374833e-03	10952556.000000	0.000000e+00
1.983178e+01	4.550482e+00	1.376223e-03	10932940.000000	0.000000e+00
1.983378e+01	4.551980e+00	1.378311e-03	10907023.000000	0.000000e+00
1.983577e+01	4.556270e+00	1.381664e-03	10874616.000000	0.000000e+00
1.983776e+01	4.556413e+00	1.382905e-03	10855792.000000	0.000000e+00
1.983976e+01	4.558359e+00	1.384654e-03	10837638.000000	0.000000e+00
1.984175e+01	4.558022e+00	1.386298e-03	10810351.000000	0.000000e+00
1.984375e+01	4.562432e+00	1.389867e-03	10775716.000000	0.000000e+00
1.984574e+01	4.564229e+00	1.390968e-03	10767144.000000	0.000000e+00
1.984774e+01	4.567416e+00	1.393727e-03	10739536.000000	0.000000e+00
1.984973e+01	4.570786e+00	1.396580e-03	10711491.000000	0.000000e+00
1.985173e+01	4.571834e+00	1.398847e-03	10681708.000000	0.000000e+00
1.985372e+01	4.571138e+00	1.399270e-03	10671996.000000	0.000000e+00
1.985572e+01	4.573731e+00	1.401862e-03	10644628.000000	0.000000e+00
1.985771e+01	4.573880e+00	1.404082e-03	10611691.000000	0.000000e+00
1.985971e+01	4.576919e+00	1.406185e-03	10594044.000000	0.000000e+00
1.986170e+01	4.577202e+00	1.407591e-03	10574194.000000	0.000000e+00
1.986370e+01	4.579052e+00	1.410108e-03	10545000.000000	0.000000e+00
1.986569e+01	4.583780e+00	1.413322e-03	10518784.000000	0.000000e+00
1.986768e+01	4.584819e+00	1.415030e-03	10498155.000000	0.000000e+00
1.986968e+01	4.583800e+00	1.415640e-03	10484452.000000	0.000000e+00
1.987167e+01	4.587705e+00	1.419309e-03	10448092.000000	0.000000e+00
1.987367e+01	4.589278e+00	1.421650e-03	10420848.000000	0.000000e+00
1.987566e+01	4.592055e+00	1.423092e-03	10412335.000000	0.000000e+00
1.987766e+01	4.594158e+00	1.425766e-03	10382820.000000	0.000000e+00
1.987965e+01	4.592754e+00	1.427174e-03	10356016.000000	0.000000e+00
1.988165e+01	4.599451e+00	1.431268e-03	10326900.000000	0.000000e+00
1.988364e+01	4.600889e+00	1.432272e-03	10318879.000000	0.000000e+00
1.988564e+01	4.601639e+00	1.434397e-03	10291678.000000	0.000000e+00
1.988763e+01	4.604199e+00	1.437713e-03	10255668.000000	0.000000e+00
1.988963e+01	4.609269e+00	1.440195e-03	10242868.000000	0.000000e+00
1.989162e+01	4.605319e+00	1.440396e-03	10222464.000000	0.000000e+00
1.989362e+01	4.608016e+00	1.442980e-03	10197823.000000	0.000000e+00
1.989561e+01	4.610164e+00	1.446115e-03	10163116.000000	0.000000e+00
1.989760e+01	4.613565e+00	1.448089e-03	10150392.000000	0.000000e+00
1.989960e+01	4.616120e+00	1.450219e-03	10131808.000000	0.000000e+00
1.990159e+01	4.614435e+00	1.452272e-03	10095807.000000	0.000000e+00
1.990359e+01	4.617163e+00	1.454730e-03	10073620.000000	0.000000e+00
1.990558e+01	4.619909e+00	1.456109e-03	10066512.000000	0.000000e+00
1.990758e+01	4.623310e+00	1.459525e-03	10034206.000000	0.000000e+00
1.990957e+01	4.624239e+00	1.461837e-03	10006516.000000	0.000000e+00
1.991157e+01	4.625712e+00	1.464078e-03	9982251.000000	0.000000e+00
1.991356e+01	4.627701e+00	1.465565e-03	9970576.000000	0.000000e+00
1.991556e+01	4.629443e+00	1.468317e-03	9940728.000000	0.000000e+00
1.991755e+01	4.629783e+00	1.470452e-03	9913336.000000	0.000000e+00
1.991955e+01	4.632434e+00	1.472494e-03	9897183.000000	0.000000e+00
1.992154e+01	4.634129e+00	1.474472e-03	9877864.000000	0.000000e+00
1.992354e+01	4.634388e+00	1.476667e-03	9849628.000000	0.000000e+00
1.992553e+01	4.637497e+00	1.479888e-03	9819960.000000	0.000000e+00
1.992752e+01	4.640518e+00	1.481558e-03	9810604.000000	0.000000e+00
1.992952e+01	4.643557e+00	1.484482e-03	9784791.000000	0.000000e+00
1.993151e+01	4.641630e+00	1.486100e-03	9755398.000000	0.000000e+00
1.993351e+01	4.646419e+00	1.489619e-03	9729408.000000	0.000000e+00
1.993550e+01	4.647604e+00	1.490590e-03	9721696.000000	0.000000e+00
1.993750e+01	4.650620e+00	1.493580e-03	9695380.000000	0.000000e+00
1.993949e+01	4.652943e+00	1.496694e-03	9664731.000000	0.000000e+00
1.994149e+01	4.652716e+00	1.498324e-03	9642772.000000	0.000000e+00
1.994348e+01	4.655242e+00	1.500090e-03	9630516.000000	0.000000e+00
1.994548e+01	4.655009e+00	1.502270e-03	9601636.000000	0.000000e+00
1.994747e+01	4.659288e+00	1.505946e-03	9572392.000000	0.000000e+00
1.994946e+01	4.663364e+00	1.508365e-03	9558411.000000	0.000000e+00
1.995146e+01	4.665779e+00	1.510627e-03	9539680.000000	0.000000e+00
1.995346e+01	4.663911e+00	1.512157e-03	9512766.000000	0.000000e+00
1.995545e+01	4.666760e+00	1.515562e-03	9481648.000000	0.000000e+00
1.995744e+01	4.668848e+00	1.517159e-03	9470160.000000	0.000000e+00
1.995944e+01	4.672713e+00	1.519828e-03	9452551.000000	0.000000e+00
1.996143e+01	4.670384e+00	1.521902e-03	9417412.000000	0.000000e+00
1.996343e+01	4.676551e+00	1.525484e-03	9398016.000000	0.000000e+00
1.996542e+01	4.677579e+00	1.526924e-03	9384424.000000	0.000000e+00
1.996742e+01	4.677908e+00	1.529059e-03	9359544.000000	0.000000e+00
1.996941e+01	4.680774e+00	1.532377e-03	9330487.000000	0.000000e+00
1.997141e+01	4.684970e+00	1.535635e-03	9307596.000000	0.000000e+00
1.997340e+01	4.684131e+00	1.536005e-03	9299788.000000	0.000000e+00
1.997540e+01	4.687850e+00	1.539909e-03	9267394.000000	0.000000e+00
1.997739e+01	4.689944e+00	1.542803e-03	9240900.000000	0.000000e+00
1.997938e+01	4.689073e+00	1.543618e-03	9227719.000000	0.000000e+00
1.998138e+01	4.691284e+00	1.546371e-03	9203568.000000	0.000000e+00
1.998337e+01	4.696812e+00	1.550051e-03	9181516.000000	0.000000e+00
1.998537e+01	4.697336e+00	1.552624e-03	9153148.000000	0.000000e+00
1.998736e+01	4.697329e+00	1.553382e-03	9144192.000000	0.000000e+00
1.998936e+01	4.700795e+00	1.556831e-03	9117163.000000	0.000000e+00
1.999135e+01	4.698682e+00	1.558455e-03	9090000.000000	0.000000e+00
1.999335e+01	4.707999e+00	1.563481e-03	9067504.000000	0.000000e+00
1.999534e+01	4.709902e+00	1.565041e-03	9056748.000000	0.000000e+00
1.999734e+01	4.712412e+00	1.568337e-03	9028342.000000	0.000000e+00
1.999933e+01	4.710662e+00	1.569925e-03	9003388.000000	0.000000e+00
2.000133e+01	4.714192e+00	1.572655e-03	8985615.000000	0.000000e+00
2.000332e+01	4.716358e+00	1.574632e-03	8971300.000000	0.000000e+00
2.000532e+01	4.719096e+00	1.578269e-03	8940372.000000	0.000000e+00
2.000731e+01	4.721810e+00	1.581493e-03	8914204.000000	0.000000e+00
2.000930e+01	4.722318e+00	1.582686e-03	8902680.000000	0.000000e+00
2.001130e+01	4.724070e+00	1.585058e-03	8882644.000000	0.000000e+00
2.001329e+01	4.725539e+00	1.588146e-03	8853643.000000	0.000000e+00
2.001529e+01	4.726651e+00	1.590899e-03	8827176.000000	0.000000e+00
2.001728e+01	4.732296e+00	1.593167e-03	8823100.000000	0.000000e+00
2.001928e+01	4.732186e+00	1.595799e-03	8793606.000000	0.000000e+00
2.002127e+01	4.733872e+00	1.598858e-03	8766244.000000	0.000000e+00
2.002327e+01	4.740313e+00	1.602751e-03	8747463.000000	0.000000e+00
2.002526e+01	4.739026e+00	1.603629e-03	8733136.000000	0.000000e+00
2.002726e+01	4.740719e+00	1.606317e-03	8710156.000000	0.000000e+00
2.002925e+01	4.741981e+00	1.609400e-03	8681436.000000	0.000000e+00
2.003125e+01	4.745366e+00	1.612205e-03	8663608.000000	0.000000e+00
2.003324e+01	4.750833e+00	1.615167e-03	8651760.000000	0.000000e+00
2.003524e+01	4.748295e+00	1.617289e-03	8619859.000000	0.000000e+00
2.003723e+01	4.754212e+00	1.621455e-03	8597008.000000	0.000000e+00
2.003922e+01	4.753967e+00	1.622381e-03	8586312.000000	0.000000e+00
2.004122e+01	4.755657e+00	1.625405e-03	8560474.000000	0.000000e+00
2.004321e+01	4.755922e+00	1.627707e-03	8537232.000000	0.000000e+00
2.004521e+01	4.761295e+00	1.632249e-03	8508976.000000	0.000000e+00
2.004720e+01	4.761331e+00	1.632401e-03	8507523.000000	0.000000e+00
2.004920e+01	4.764655e+00	1.636657e-03	8475148.000000	0.000000e+00
2.005119e+01	4.769106e+00	1.640527e-03	8450980.000000	0.000000e+00
2.005319e+01	4.770040e+00	1.642496e-03	8434032.000000	0.000000e+00
2.005518e+01	4.770252e+00	1.644214e-03	8417164.000000	0.000000e+00
2.005718e+01	4.773041e+00	1.647302e-03	8395452.000000	0.000000e+00
2.005917e+01	4.776511e+00	1.651400e-03	8365984.000000	0.000000e+00
2.006116e+01	4.779929e+00	1.654140e-03	8350227.000000	0.000000e+00
2.006316e+01	4.781497e+00	1.655964e-03	8337310.000000	0.000000e+00
2.006516e+01	4.782760e+00	1.659550e-03	8305708.000000	0.000000e+00
2.006715e+01	4.785665e+00	1.662683e-03	8284488.000000	0.000000e+00
2.006914e+01	4.784826e+00	1.663254e-03	8275900.000000	0.000000e+00
2.007114e+01	4.786619e+00	1.666480e-03	8250072.000000	0.000000e+00
2.007313e+01	4.790818e+00	1.670624e-03	8223595.000000	0.000000e+00
2.007513e+01	4.794388e+00	1.674471e-03	8198064.000000	0.000000e+00
2.007712e+01	4.796000e+00	1.675123e-03	8197192.000000	0.000000e+00
2.007912e+01	4.798354e+00	1.679154e-03	8165896.000000	0.000000e+00
2.008111e+01	4.797732e+00	1.681219e-03	8143728.000000	0.000000e+00
2.008311e+01	4.803311e+00	1.685168e-03	8124466.000000	0.000000e+00
2.008510e+01	4.804143e+00	1.687001e-03	8109636.000000	0.000000e+00
2.008710e+01	4.805799e+00	1.690274e-03	8083831.000000	0.000000e+00
2.008909e+01	4.809888e+00	1.694540e-03	8056864.000000	0.000000e+00
2.009108e+01	4.809476e+00	1.695259e-03	8048652.000000	0.000000e+00
2.009308e+01	4.811230e+00	1.698147e-03	8027152.000000	0.000000e+00
2.009508e+01	4.814004e+00	1.701882e-03	8001180.000000	0.000000e+00
2.009707e+01	4.819386e+00	1.706461e-03	7976104.000000	0.000000e+00
2.009906e+01	4.818340e+00	1.706591e-03	7971420.000000	0.000000e+00
2.010106e+01	4.820797e+00	1.710258e-03	7945375.000000	0.000000e+00
2.010305e+01	4.825644e+00	1.714906e-03	7918264.000000	0.000000e+00
2.010505e+01	4.825117e+00	1.716830e-03	7898802.000000	0.000000e+00
2.010704e+01	4.826847e+00	1.718668e-03	7887568.000000	0.000000e+00
2.010904e+01	4.833128e+00	1.723225e-03	7866336.000000	0.000000e+00
2.011103e+01	4.833523e+00	1.726568e-03	7837192.000000	0.000000e+00
2.011303e+01	4.832200e+00	1.727845e-03	7821324.000000	0.000000e+00
2.011502e+01	4.842337e+00	1.733022e-03	7807315.000000	0.000000e+00
2.011702e+01	4.837901e+00	1.734177e-03	7782640.000000	0.000000e+00
2.011901e+01	4.842674e+00	1.738621e-03	7758192.000000	0.000000e+00
2.012100e+01	4.840627e+00	1.739157e-03	7746856.000000	0.000000e+00
2.012300e+01	4.846504e+00	1.743503e-03	7727016.000000	0.000000e+00
2.012499e+01	4.848747e+00	1.747519e-03	7698658.000000	0.000000e+00
2.012699e+01	4.854034e+00	1.751922e-03	7676724.000000	0.000000e+00
2.012898e+01	4.853603e+00	1.752162e-03	7673260.000000	0.000000e+00
2.013098e+01	4.856438e+00	1.756304e-03	7646035.000000	0.000000e+00
2.013297e+01	4.856119e+00	1.759004e-03	7621584.000000	0.000000e+00
2.013497e+01	4.862859e+00	1.763936e-03	7600072.000000	0.000000e+00
2.013696e+01	4.862690e+00	1.764595e-03	7593864.000000	0.000000e+00
2.013896e+01	4.869553e+00	1.770435e-03	7565164.000000	0.000000e+00
2.014095e+01	4.867213e+00	1.772698e-03	7538608.000000	0.000000e+00
2.014295e+01	4.865133e+00	1.772955e-03	7529988.000000	0.000000e+00
2.014494e+01	4.874334e+00	1.778418e-03	7512124.000000	0.000000e+00
2.014694e+01	4.877773e+00	1.782602e-03	7487457.000000	0.000000e+00
2.014893e+01	4.878051e+00	1.785788e-03	7461616.000000	0.000000e+00
2.015092e+01	4.881290e+00	1.788038e-03	7452732.000000	0.000000e+00
2.015292e+01	4.880911e+00	1.790341e-03	7432420.000000	0.000000e+00
2.015491e+01	4.884660e+00	1.794600e-03	7408552.000000	0.000000e+00
2.015691e+01	4.886339e+00	1.798368e-03	7382616.000000	0.000000e+00
2.015890e+01	4.889171e+00	1.799923e-03	7378408.000000	0.000000e+00
2.016090e+01	4.891027e+00	1.803480e-03	7354908.000000	0.000000e+00
2.016289e+01	4.894860e+00	1.807864e-03	7330759.000000	0.000000e+00
2.016489e+01	4.898457e+00	1.811718e-03	7310340.000000	0.000000e+00
2.016688e+01	4.897461e+00	1.812731e-03	7299202.000000	0.000000e+00
2.016888e+01	4.901145e+00	1.817104e-03	7275040.000000	0.000000e+00
2.017087e+01	4.901984e+00	1.820453e-03	7250784.000000	0.000000e+00
2.017286e+01	4.908881e+00	1.824612e-03	7238092.000000	0.000000e+00
2.017486e+01	4.909569e+00	1.826643e-03	7224024.000000	0.000000e+00
2.017686e+01	4.910568e+00	1.830356e-03	7197676.000000	0.000000e+00
2.017885e+01	4.915302e+00	1.835642e-03	7170088.000000	0.000000e+00
2.018084e+01	4.917833e+00	1.836649e-03	7169607.000000	0.000000e+00
2.018284e+01	4.919146e+00	1.840492e-03	7143508.000000	0.000000e+00
2.018483e+01	4.923262e+00	1.845024e-03	7120356.000000	0.000000e+00
2.018683e+01	4.924298e+00	1.848081e-03	7099804.000000	0.000000e+00
2.018882e+01	4.927536e+00	1.850487e-03	7090674.000000	0.000000e+00
2.019082e+01	4.927359e+00	1.853463e-03	7067416.000000	0.000000e+00
2.019281e+01	4.929950e+00	1.857892e-03	7041160.000000	0.000000e+00
2.019481e+01	4.934419e+00	1.861181e-03	7029024.000000	0.000000e+00
2.019680e+01	4.933014e+00	1.862288e-03	7016668.000000	0.000000e+00
2.019880e+01	4.935965e+00	1.867020e-03	6989499.000000	0.000000e+00
2.020079e+01	4.939724e+00	1.871478e-03	6966844.000000	0.000000e+00
2.020278e+01	4.944500e+00	1.874711e-03	6956268.000000	0.000000e+00
2.020478e+01	4.945155e+00	1.877154e-03	6940012.000000	0.000000e+00
2.020678e+01	4.946978e+00	1.881597e-03	6912364.000000	0.000000e+00
2.020877e+01	4.950607e+00	1.885879e-03	6891114.000000	0.000000e+00
2.021076e+01	4.954325e+00	1.887701e-03	6888148.000000	0.000000e+00
2.021276e+01	4.954134e+00	1.891288e-03	6861516.000000	0.000000e+00
2.021475e+01	4.959047e+00	1.896154e-03	6839896.000000	0.000000e+00
2.021675e+01	4.960209e+00	1.899546e-03	6818676.000000	0.000000e+00
2.021874e+01	4.963110e+00	1.901664e-03	6811459.000000	0.000000e+00
2.022074e+01	4.964497e+00	1.905773e-03	6785908.000000	0.000000e+00
2.022273e+01	4.966218e+00	1.909237e-03	6765996.000000	0.000000e+00
2.022473e+01	4.971658e+00	1.913724e-03	6749068.000000	0.000000e+00
2.022672e+01	4.972402e+00	1.915328e-03	6739788.000000	0.000000e+00
2.022872e+01	4.975833e+00	1.920808e-03	6710638.000000	0.000000e+00
2.023071e+01	4.979996e+00	1.925546e-03	6688828.000000	0.000000e+00
2.023270e+01	4.977446e+00	1.925842e-03	6679932.000000	0.000000e+00
2.023470e+01	4.980310e+00	1.929542e-03	6661996.000000	0.000000e+00
2.023670e+01	4.985621e+00	1.935096e-03	6637944.000000	0.000000e+00
2.023869e+01	4.988659e+00	1.939886e-03	6613252.000000	0.000000e+00
2.024068e+01	4.989448e+00	1.940104e-03	6613863.000000	0.000000e+00
2.024268e+01	4.994285e+00	1.945733e-03	6588400.000000	0.000000e+00
2.024467e+01	4.995978e+00	1.950303e-03	6562012.000000	0.000000e+00
2.024667e+01	5.001416e+00	1.954717e-03	6546636.000000	0.000000e+00
2.024866e+01	4.999343e+00	1.955009e-03	6539260.000000	0.000000e+00
2.025066e+01	5.001522e+00	1.959724e-03	6513498.000000	0.000000e+00
2.025265e+01	5.006212e+00	1.965356e-03	6488380.000000	0.000000e+00
2.025465e+01	5.012504e+00	1.969070e-03	6480180.000000	0.000000e+00
2.025664e+01	5.014203e+00	1.972191e-03	6464068.000000	0.000000e+00
2.025864e+01	5.013461e+00	1.975658e-03	6439492.000000	0.000000e+00
2.026063e+01	5.016909e+00	1.980301e-03	6418152.000000	0.000000e+00
2.026262e+01	5.018274e+00	1.981875e-03	6411448.000000	0.000000e+00
2.026462e+01	5.024572e+00	1.987443e-03	6391587.000000	0.000000e+00
2.026662e+01	5.026307e+00	1.991962e-03	6367012.000000	0.000000e+00
2.026861e+01	5.027381e+00	1.995685e-03	6345996.000000	0.000000e+00
2.027060e+01	5.030625e+00	1.997676e-03	6341530.000000	0.000000e+00
2.027260e+01	5.032081e+00	2.001815e-03	6318988.000000	0.000000e+00
2.027459e+01	5.036221e+00	2.007065e-03	6296316.000000	0.000000e+00
2.027659e+01	5.038072e+00	2.010410e-03	6280000.000000	0.000000e+00
2.027858e+01	5.044592e+00	2.014649e-03	6269796.000000	0.000000e+00
2.028058e+01	5.041425e+00	2.016818e-03	6248464.000000	0.000000e+00
2.028257e+01	5.047143e+00	2.023630e-03	6220552.000000	0.000000e+00
2.028456e+01	5.047100e+00	2.024944e-03	6212376.000000	0.000000e+00
2.028656e+01	5.048739e+00	2.027886e-03	6198388.000000	0.000000e+00
2.028856e+01	5.055758e+00	2.034285e-03	6176592.000000	0.000000e+00
2.029055e+01	5.058633e+00	2.039712e-03	6150757.000000	0.000000e+00
2.029254e+01	5.057536e+00	2.039608e-03	6148716.000000	0.000000e+00
2.029454e+01	5.058337e+00	2.043487e-03	6127336.000000	0.000000e+00
2.029653e+01	5.064135e+00	2.049794e-03	6103660.000000	0.000000e+00
2.029853e+01	5.065216e+00	2.053638e-03	6083424.000000	0.000000e+00
2.030052e+01	5.065148e+00	2.054672e-03	6077140.000000	0.000000e+00
2.030252e+01	5.071198e+00	2.060672e-03	6056244.000000	0.000000e+00
2.030451e+01	5.075121e+00	2.066239e-03	6032980.000000	0.000000e+00
2.030651e+01	5.078789e+00	2.069976e-03	6019908.000000	0.000000e+00
2.030850e+01	5.079228e+00	2.071997e-03	6009208.000000	0.000000e+00
2.031050e+01	5.081903e+00	2.077408e-03	5984242.000000	0.000000e+00
2.031249e+01	5.086551e+00	2.083169e-03	5962080.000000	0.000000e+00
2.031448e+01	5.091636e+00	2.086667e-03	5953996.000000	0.000000e+00
2.031648e+01	5.093343e+00	2.089938e-03	5939352.000000	0.000000e+00
2.031848e+01	5.094638e+00	2.094798e-03	5914828.000000	0.000000e+00
2.032047e+01	5.094652e+00	2.098994e-03	5891239.000000	0.000000e+00
2.032246e+01	5.100199e+00	2.101024e-03	5892672.000000	0.000000e+00
2.032446e+01	5.104222e+00	2.107135e-03	5867788.000000	0.000000e+00
2.032645e+01	5.103643e+00	2.110828e-03	5845944.000000	0.000000e+00
2.032845e+01	5.102792e+00	2.113493e-03	5829268.000000	0.000000e+00
2.033044e+01	5.107878e+00	2.117112e-03	5820942.000000	0.000000e+00
2.033244e+01	5.117213e+00	2.125090e-03	5798452.000000	0.000000e+00
2.033443e+01	5.116160e+00	2.128763e-03	5776084.000000	0.000000e+00
2.033643e+01	5.121875e+00	2.133210e-03	5764884.000000	0.000000e+00
2.033842e+01	5.121170e+00	2.134955e-03	5753884.000000	0.000000e+00
2.034042e+01	5.123260e+00	2.140284e-03	5729940.000000	0.000000e+00
2.034241e+01	5.127546e+00	2.146461e-03	5706544.000000	0.000000e+00
2.034440e+01	5.127631e+00	2.147174e-03	5702940.000000	0.000000e+00
2.034640e+01	5.134317e+00	2.153600e-03	5683756.000000	0.000000e+00
2.034840e+01	5.138956e+00	2.159673e-03	5662048.000000	0.000000e+00
2.035039e+01	5.141985e+00	2.165391e-03	5638830.000000	0.000000e+00
2.035238e+01	5.141865e+00	2.165539e-03	5637796.000000	0.000000e+00
2.035438e+01	5.145205e+00	2.170504e-03	5619324.000000	0.000000e+00
2.035637e+01	5.148527e+00	2.176847e-03	5593843.000000	0.000000e+00
2.035837e+01	5.152784e+00	2.181673e-03	5578332.000000	0.000000e+00
2.036036e+01	5.148561e+00	2.181537e-03	5569888.000000	0.000000e+00
2.036236e+01	5.155745e+00	2.189073e-03	5547052.000000	0.000000e+00
2.036435e+01	5.157017e+00	2.193707e-03	5526372.000000	0.000000e+00
2.036635e+01	5.166268e+00	2.199736e-03	5515852.000000	0.000000e+00
2.036834e+01	5.165498e+00	2.201556e-03	5505096.000000	0.000000e+00
2.037034e+01	5.168831e+00	2.207865e-03	5480746.000000	0.000000e+00
2.037233e+01	5.170313e+00	2.212750e-03	5459704.000000	0.000000e+00
2.037432e+01	5.173603e+00	2.215108e-03	5455020.000000	0.000000e+00
2.037632e+01	5.177055e+00	2.220359e-03	5436496.000000	0.000000e+00
2.037832e+01	5.179441e+00	2.225854e-03	5414676.000000	0.000000e+00
2.038031e+01	5.184404e+00	2.232398e-03	5393296.000000	0.000000e+00
2.038230e+01	5.188383e+00	2.234436e-03	5391732.000000	0.000000e+00
2.038430e+01	5.188931e+00	2.238996e-03	5370928.000000	0.000000e+00
2.038629e+01	5.191234e+00	2.244578e-03	5348992.000000	0.000000e+00
2.038829e+01	5.195685e+00	2.249351e-03	5335452.000000	0.000000e+00
2.039028e+01	5.192150e+00	2.250145e-03	5324434.000000	0.000000e+00
2.039228e+01	5.200951e+00	2.258629e-03	5302440.000000	0.000000e+00
2.039427e+01	5.202523e+00	2.263780e-03	5281528.000000	0.000000e+00
2.039627e+01	5.207166e+00	2.266757e-03	5277072.000000	0.000000e+00
2.039826e+01	5.210765e+00	2.272238e-03	5258908.000000	0.000000e+00
2.040026e+01	5.213609e+00	2.278049e-03	5237824.000000	0.000000e+00
2.040225e+01	5.215437e+00	2.283764e-03	5215299.000000	0.000000e+00
2.040424e+01	5.215944e+00	2.284111e-03	5214724.000000	0.000000e+00
2.040624e+01	5.221903e+00	2.290917e-03	5195640.000000	0.000000e+00
2.040823e+01	5.222050e+00	2.296097e-03	5172514.000000	0.000000e+00
2.041023e+01	5.228747e+00	2.302794e-03	5155668.000000	0.000000e+00
2.041222e+01	5.228463e+00	2.303730e-03	5150920.000000	0.000000e+00
2.041422e+01	5.227692e+00	2.307984e-03	5130436.000000	0.000000e+00
2.041621e+01	5.233847e+00	2.315952e-03	5107200.000000	0.000000e+00
2.041821e+01	5.238625e+00	2.320613e-03	5095996.000000	0.000000e+00
2.042020e+01	5.243264e+00	2.324476e-03	5088072.000000	0.000000e+00
2.042220e+01	5.244845e+00	2.330489e-03	5064904.000000	0.000000e+00
2.042419e+01	5.248593e+00	2.336901e-03	5044348.000000	0.000000e+00
2.042619e+01	5.248407e+00	2.338219e-03	5038308.000000	0.000000e+00
2.042818e+01	5.252248e+00	2.343987e-03	5020882.000000	0.000000e+00
2.043018e+01	5.256715e+00	2.350685e-03	5000808.000000	0.000000e+00
2.043217e+01	5.259136e+00	2.356794e-03	4979500.000000	0.000000e+00
2.043416e+01	5.263849e+00	2.358188e-03	4982532.000000	0.000000e+00
2.043616e+01	5.264881e+00	2.364325e-03	4958644.000000	0.000000e+00
2.043815e+01	5.269314e+00	2.371512e-03	4936936.000000	0.000000e+00
2.044015e+01	5.273092e+00	2.376491e-03	4923324.000000	0.000000e+00
2.044214e+01	5.272811e+00	2.378492e-03	4914520.000000	0.000000e+00
2.044414e+01	5.277969e+00	2.385156e-03	4896660.000000	0.000000e+00
2.044613e+01	5.282901e+00	2.392918e-03	4874044.000000	0.000000e+00
2.044813e+01	5.282337e+00	2.394912e-03	4864890.000000	0.000000e+00
2.045012e+01	5.288118e+00	2.400113e-03	4854436.000000	0.000000e+00
2.045212e+01	5.290407e+00	2.406539e-03	4832728.000000	0.000000e+00
2.045411e+01	5.293824e+00	2.413470e-03	4811220.000000	0.000000e+00
2.045610e+01	5.293577e+00	2.414157e-03	4808032.000000	0.000000e+00
2.045810e+01	5.296127e+00	2.419543e-03	4791264.000000	0.000000e+00
2.046010e+01	5.302408e+00	2.427952e-03	4769428.000000	0.000000e+00
2.046209e+01	5.308815e+00	2.435545e-03	4751196.000000	0.000000e+00
2.046408e+01	5.310866e+00	2.436719e-03	4750288.000000	0.000000e+00
2.046608e+01	5.305671e+00	2.439785e-03	4729090.000000	0.000000e+00
2.046807e+01	5.318114e+00	2.451157e-03	4707312.000000	0.000000e+00
2.047007e+01	5.319525e+00	2.455091e-03	4694728.000000	0.000000e+00
2.047206e+01	5.323015e+00	2.458186e-03	4689060.000000	0.000000e+00
2.047406e+01	5.322277e+00	2.463760e-03	4666576.000000	0.000000e+00
2.047605e+01	5.330653e+00	2.472949e-03	4646548.000000	0.000000e+00
2.047805e+01	5.330278e+00	2.474851e-03	4638756.000000	0.000000e+00
2.048004e+01	5.332117e+00	2.479109e-03	4626028.000000	0.000000e+00
2.048204e+01	5.334278e+00	2.485316e-03	4606680.000000	0.000000e+00
2.048403e+01	5.338596e+00	2.493541e-03	4583752.000000	0.000000e+00
2.048602e+01	5.339750e+00	2.493694e-03	4585170.000000	0.000000e+00
2.048802e+01	5.349654e+00	2.503840e-03	4564972.000000	0.000000e+00
2.049002e+01	5.348727e+00	2.509032e-03	4544524.000000	0.000000e+00
2.049201e+01	5.352912e+00	2.515473e-03	4528359.000000	0.000000e+00
2.049400e+01	5.356318e+00	2.518018e-03	4524964.000000	0.000000e+00
2.049600e+01	5.359847e+00	2.525357e-03	4504632.000000	0.000000e+00
2.049799e+01	5.365081e+00	2.533616e-03	4484056.000000	0.000000e+00
2.049999e+01	5.365296e+00	2.536721e-03	4473444.000000	0.000000e+00
2.050198e+01	5.373327e+00	2.542202e-03	4467520.000000	0.000000e+00
2.050398e+01	5.375919e+00	2.550128e-03	4444078.000000	0.000000e+00
2.050597e+01	5.380500e+00	2.558039e-03	4424160.000000	0.000000e+00
2.050797e+01	5.382238e+00	2.560459e-03	4418656.000000	0.000000e+00
2.050996e+01	5.383593e+00	2.564732e-03	4406160.000000	0.000000e+00
2.051196e+01	5.381932e+00	2.570343e-03	4384240.000000	0.000000e+00
2.051395e+01	5.390142e+00	2.579951e-03	4364932.000000	0.000000e+00
2.051594e+01	5.391248e+00	2.579992e-03	4366584.000000	0.000000e+00
2.051794e+01	5.395560e+00	2.588257e-03	4345684.000000	0.000000e+00
2.051994e+01	5.396817e+00	2.595064e-03	4324932.000000	0.000000e+00
2.052193e+01	5.403152e+00	2.602478e-03	4310428.000000	0.000000e+00
2.052392e+01	5.399151e+00	2.601492e-03	4307310.000000	0.000000e+00
2.052592e+01	5.410083e+00	2.612998e-03	4286764.000000	0.000000e+00
2.052791e+01	5.414315e+00	2.621269e-03	4266424.000000	0.000000e+00
2.052991e+01	5.418590e+00	2.625892e-03	4258128.000000	0.000000e+00
2.053190e+01	5.417900e+00	2.628770e-03	4247728.000000	0.000000e+00
2.053390e+01	5.418543e+00	2.635434e-03	4227276.000000	0.000000e+00
2.053589e+01	5.425755e+00	2.644902e-03	4208248.000000	0.000000e+00
2.053788e+01	5.429697e+00	2.647629e-03	4205688.000000	0.000000e+00
2.053988e+01	5.432624e+00	2.653761e-03	4190788.000000	0.000000e+00
2.054188e+01	5.439800e+00	2.663982e-03	4169686.000000	0.000000e+00
2.054387e+01	5.439859e+00	2.670107e-03	4150668.000000	0.000000e+00
2.054586e+01	5.441823e+00	2.670876e-03	4151272.000000	0.000000e+00
2.054786e+01	5.445353e+00	2.678311e-03	4133616.000000	0.000000e+00
2.054986e+01	5.453434e+00	2.689309e-03	4112053.000000	0.000000e+00
2.055185e+01	5.456409e+00	2.695564e-03	4097460.000000	0.000000e+00
2.055384e+01	5.451601e+00	2.693932e-03	4095196.000000	0.000000e+00
2.055584e+01	5.459555e+00	2.704492e-03	4075144.000000	0.000000e+00
2.055783e+01	5.467930e+00	2.715118e-03	4055724.000000	0.000000e+00
2.055983e+01	5.469480e+00	2.718816e-03	4046992.000000	0.000000e+00
2.056182e+01	5.468022e+00	2.721595e-03	4036578.000000	0.000000e+00
2.056382e+01	5.476535e+00	2.732915e-03	4015684.000000	0.000000e+00
2.056581e+01	5.476122e+00	2.738114e-03	3999844.000000	0.000000e+00
2.056780e+01	5.474924e+00	2.738236e-03	3997740.000000	0.000000e+00
2.056980e+01	5.483170e+00	2.748180e-03	3980824.000000	0.000000e+00
2.057180e+01	5.490244e+00	2.759081e-03	3959628.000000	0.000000e+00
2.057379e+01	5.492525e+00	2.765903e-03	3943396.000000	0.000000e+00
2.057578e+01	5.497654e+00	2.768335e-03	3943824.000000	0.000000e+00
2.057778e+01	5.496463e+00	2.774878e-03	3923548.000000	0.000000e+00
2.057977e+01	5.501375e+00	2.783838e-03	3905302.000000	0.000000e+00
2.058177e+01	5.504623e+00	2.789860e-03	3893052.000000	0.000000e+00
2.058376e+01	5.505133e+00	2.791495e-03	3889216.000000	0.000000e+00
2.058576e+01	5.513756e+00	2.803412e-03	3868308.000000	0.000000e+00
2.058775e+01	5.517282e+00	2.812669e-03	3847804.000000	0.000000e+00
2.058975e+01	5.514291e+00	2.813082e-03	3842508.000000	0.000000e+00
2.059174e+01	5.522078e+00	2.820754e-03	3832432.000000	0.000000e+00
2.059374e+01	5.526928e+00	2.830415e-03	3813004.000000	0.000000e+00
2.059573e+01	5.531604e+00	2.840070e-03	3793536.000000	0.000000e+00
2.059772e+01	5.528426e+00	2.838102e-03	3794434.000000	0.000000e+00
2.059972e+01	5.534237e+00	2.847675e-03	3776892.000000	0.000000e+00
2.060172e+01	5.542505e+00	2.859520e-03	3756868.000000	0.000000e+00
2.060371e+01	5.537320e+00	2.862645e-03	3741660.000000	0.000000e+00
2.060570e+01	5.543285e+00	2.865897e-03	3741220.000000	0.000000e+00
2.060770e+01	5.549682e+00	2.876424e-03	3722464.000000	0.000000e+00
2.060969e+01	5.558320e+00	2.888702e-03	3702384.000000	0.000000e+00
2.061169e+01	5.556334e+00	2.891584e-03	3692368.000000	0.000000e+00
2.061368e+01	5.563989e+00	2.897331e-03	3687876.000000	0.000000e+00
2.061568e+01	5.562606e+00	2.904773e-03	3667180.000000	0.000000e+00
2.061767e+01	5.565242e+00	2.913867e-03	3647782.000000	0.000000e+00
2.061966e+01	5.571515e+00	2.918283e-03	3644952.000000	0.000000e+00
2.062166e+01	5.574705e+00	2.924554e-03	3633496.000000	0.000000e+00
2.062366e+01	5.583715e+00	2.937145e-03	3614064.000000	0.000000e+00
2.062565e+01	5.586032e+00	2.946744e-03	3593536.000000	0.000000e+00
2.062764e+01	5.585670e+00	2.944982e-03	3597372.000000	0.000000e+00
2.062964e+01	5.593395e+00	2.957029e-03	3577996.000000	0.000000e+00
2.063164e+01	5.596676e+00	2.965799e-03	3561040.000000	0.000000e+00
2.063363e+01	5.597945e+00	2.972605e-03	3546360.000000	0.000000e+00
2.063562e+01	5.603853e+00	2.976483e-03	3544594.000000	0.000000e+00
2.063762e+01	5.603782e+00	2.985016e-03	3524268.000000	0.000000e+00
2.063961e+01	5.608142e+00	2.994652e-03	3507076.000000	0.000000e+00
2.064161e+01	5.609786e+00	2.998473e-03	3500196.000000	0.000000e+00
2.064360e+01	5.613731e+00	3.004581e-03	3490885.000000	0.000000e+00
2.064560e+01	5.618875e+00	3.015736e-03	3471460.000000	0.000000e+00
2.064759e+01	5.628360e+00	3.028217e-03	3454536.000000	0.000000e+00
2.064958e+01	5.627324e+00	3.028831e-03	3451864.000000	0.000000e+00
2.065158e+01	5.633916e+00	3.037735e-03	3439704.000000	0.000000e+00
2.065358e+01	5.638829e+00	3.049511e-03	3419146.000000	0.000000e+00
2.065557e+01	5.636433e+00	3.055638e-03	3402552.000000	0.000000e+00
2.065756e+01	5.643167e+00	3.058565e-03	3404164.000000	0.000000e+00
2.065956e+01	5.647008e+00	3.068281e-03	3387244.000000	0.000000e+00
2.066156e+01	5.650541e+00	3.078656e-03	3368664.000000	0.000000e+00
2.066355e+01	5.645803e+00	3.083016e-03	3353512.000000	0.000000e+00
2.066554e+01	5.654326e+00	3.087137e-03	3354672.000000	0.000000e+00
2.066754e+01	5.662006e+00	3.100597e-03	3334648.000000	0.000000e+00
2.066953e+01	5.666341e+00	3.111329e-03	3316756.000000	0.000000e+00
2.067153e+01	5.671443e+00	3.117668e-03	3309234.000000	0.000000e+00
2.067352e+01	5.678818e+00	3.124920e-03	3302464.000000	0.000000e+00
2.067552e+01	5.670302e+00	3.129517e-03	3282900.000000	0.000000e+00
2.067751e+01	5.681296e+00	3.144816e-03	3263656.000000	0.000000e+00
2.067950e+01	5.680920e+00	3.142681e-03	3267660.000000	0.000000e+00
2.068150e+01	5.687231e+00	3.154965e-03	3249472.000000	0.000000e+00
2.068350e+01	5.686089e+00	3.162534e-03	3232636.000000	0.000000e+00
2.068549e+01	5.698682e+00	3.177815e-03	3215820.000000	0.000000e+00
2.068748e+01	5.696223e+00	3.174742e-03	3219268.000000	0.000000e+00
2.068948e+01	5.703593e+00	3.188598e-03	3199614.000000	0.000000e+00
2.069148e+01	5.715656e+00	3.204824e-03	3180709.000000	0.000000e+00
2.069347e+01	5.709094e+00	3.205586e-03	3171900.000000	0.000000e+00
2.069546e+01	5.713713e+00	3.210687e-03	3166948.000000	0.000000e+00
2.069746e+01	5.721145e+00	3.223259e-03	3150472.000000	0.000000e+00
2.069945e+01	5.725468e+00	3.235608e-03	3131196.000000	0.000000e+00
2.070145e+01	5.728974e+00	3.239531e-03	3127444.000000	0.000000e+00
2.070344e+01	5.730264e+00	3.245384e-03	3117576.000000	0.000000e+00
2.070544e+01	5.724008e+00	3.251138e-03	3099772.000000	0.000000e+00
2.070743e+01	5.736864e+00	3.268098e-03	3081478.000000	0.000000e+00
2.070942e+01	5.742095e+00	3.270331e-03	3082884.000000	0.000000e+00
2.071142e+01	5.746709e+00	3.280462e-03	3068800.000000	0.000000e+00
2.071342e+01	5.741686e+00	3.288046e-03	3049320.000000	0.000000e+00
2.071541e+01	5.763379e+00	3.306954e-03	3037372.000000	0.000000e+00
2.071740e+01	5.759257e+00	3.305160e-03	3036324.000000	0.000000e+00
2.071940e+01	5.764425e+00	3.318118e-03	3018064.000000	0.000000e+00
2.072139e+01	5.768738e+00	3.329914e-03	3001204.000000	0.000000e+00
2.072339e+01	5.770829e+00	3.336029e-03	2992380.000000	0.000000e+00
2.072538e+01	5.773402e+00	3.339477e-03	2988868.000000	0.000000e+00
2.072738e+01	5.775380e+00	3.351869e-03	2968842.000000	0.000000e+00
2.072937e+01	5.781997e+00	3.366020e-03	2950681.000000	0.000000e+00
2.073136e+01	5.785142e+00	3.366791e-03	2952540.000000	0.000000e+00
2.073336e+01	5.787274e+00	3.375577e-03	2939356.000000	0.000000e+00
2.073536e+01	5.790485e+00	3.388353e-03	2920468.000000	0.000000e+00
2.073735e+01	5.790339e+00	3.398810e-03	2902380.000000	0.000000e+00
2.073934e+01	5.798636e+00	3.399450e-03	2909608.000000	0.000000e+00
2.074134e+01	5.804549e+00	3.413401e-03	2891760.000000	0.000000e+00
2.074334e+01	5.810379e+00	3.428829e-03	2871556.000000	0.000000e+00
2.074533e+01	5.817463e+00	3.438148e-03	2862978.000000	0.000000e+00
2.074732e+01	5.819919e+00	3.441780e-03	2859352.000000	0.000000e+00
2.074932e+01	5.823549e+00	3.453331e-03	2843800.000000	0.000000e+00
2.075131e+01	5.827661e+00	3.466393e-03	2826396.000000	0.000000e+00
2.075331e+01	5.830372e+00	3.472236e-03	2819512.000000	0.000000e+00
2.075530e+01	5.826957e+00	3.474452e-03	2812620.000000	0.000000e+00
2.075730e+01	5.838126e+00	3.490983e-03	2796736.000000	0.000000e+00
2.075929e+01	5.844415e+00	3.505787e-03	2779144.000000	0.000000e+00
2.076129e+01	5.848280e+00	3.508318e-03	2778807.000000	0.000000e+00
2.076328e+01	5.852074e+00	3.519290e-03	2765092.000000	0.000000e+00
2.076528e+01	5.855871e+00	3.531513e-03	2749548.000000	0.000000e+00
2.076727e+01	5.858735e+00	3.543910e-03	2733016.000000	0.000000e+00
2.076926e+01	5.864479e+00	3.544626e-03	2737272.000000	0.000000e+00
2.077126e+01	5.867852e+00	3.558656e-03	2718856.000000	0.000000e+00
2.077326e+01	5.874213e+00	3.573572e-03	2702056.000000	0.000000e+00
2.077525e+01	5.883567e+00	3.586016e-03	2691888.000000	0.000000e+00
2.077724e+01	5.884978e+00	3.587193e-03	2691412.000000	0.000000e+00
2.077924e+01	5.879059e+00	3.595749e-03	2673234.000000	0.000000e+00
2.078123e+01	5.889786e+00	3.614395e-03	2655388.000000	0.000000e+00
2.078323e+01	5.888028e+00	3.615606e-03	2652024.000000	0.000000e+00
2.078522e+01	5.893136e+00	3.623095e-03	2645656.000000	0.000000e+00
2.078722e+01	5.904210e+00	3.642689e-03	2627116.000000	0.000000e+00
2.078921e+01	5.908829e+00	3.658373e-03	2608716.000000	0.000000e+00
2.079120e+01	5.908287e+00	3.655104e-03	2612905.000000	0.000000e+00
2.079320e+01	5.906984e+00	3.663903e-03	2599224.000000	0.000000e+00
2.079520e+01	5.919681e+00	3.683785e-03	2582308.000000	0.000000e+00
2.079719e+01	5.920693e+00	3.694660e-03	2568006.000000	0.000000e+00
2.079918e+01	5.924035e+00	3.695064e-03	2570344.000000	0.000000e+00
2.080118e+01	5.929360e+00	3.710575e-03	2553484.000000	0.000000e+00
2.080318e+01	5.936719e+00	3.727184e-03	2537064.000000	0.000000e+00
2.080517e+01	5.944659e+00	3.737624e-03	2529664.000000	0.000000e+00
2.080716e+01	5.941096e+00	3.738838e-03	2524992.000000	0.000000e+00
2.080916e+01	5.947036e+00	3.755319e-03	2507884.000000	0.000000e+00
2.081115e+01	5.945885e+00	3.766070e-03	2492620.000000	0.000000e+00
2.081315e+01	5.957260e+00	3.774323e-03	2491236.000000	0.000000e+00
2.081514e+01	5.950802e+00	3.779155e-03	2479486.000000	0.000000e+00
2.081714e+01	5.962063e+00	3.797822e-03	2464473.000000	0.000000e+00
2.081913e+01	5.968445e+00	3.814317e-03	2448436.000000	0.000000e+00
2.082112e+01	5.964278e+00	3.808355e-03	2452680.000000	0.000000e+00
2.082312e+01	5.972999e+00	3.826579e-03	2436484.000000	0.000000e+00
2.082512e+01	5.986477e+00	3.848380e-03	2419840.000000	0.000000e+00
2.082711e+01	5.982268e+00	3.854519e-03	2408748.000000	0.000000e+00
2.082910e+01	5.990173e+00	3.858706e-03	2409880.000000	0.000000e+00
2.083110e+01	5.993304e+00	3.873836e-03	2393592.000000	0.000000e+00
2.083309e+01	5.998829e+00	3.891432e-03	2376370.000000	0.000000e+00
2.083509e+01	6.005477e+00	3.901530e-03	2369328.000000	0.000000e+00
2.083708e+01	6.002143e+00	3.901070e-03	2367256.000000	0.000000e+00
2.083908e+01	6.014038e+00	3.922775e-03	2350420.000000	0.000000e+00
2.084107e+01	6.021627e+00	3.942463e-03	2332881.000000	0.000000e+00
2.084306e+01	6.020238e+00	3.941071e-03	2333452.000000	0.000000e+00
2.084506e+01	6.021153e+00	3.949745e-03	2323920.000000	0.000000e+00
2.084706e+01	6.028402e+00	3.969251e-03	2306680.000000	0.000000e+00
2.084905e+01	6.032139e+00	3.985809e-03	2290392.000000	0.000000e+00
2.085104e+01	6.037541e+00	3.983769e-03	2296846.000000	0.000000e+00
2.085304e+01	6.048311e+00	4.005757e-03	2279812.000000	0.000000e+00
2.085504e+01	6.047179e+00	4.019018e-03	2263944.000000	0.000000e+00
2.085703e+01	6.049180e+00	4.027449e-03	2255968.000000	0.000000e+00
2.085902e+01	6.048576e+00	4.028165e-03	2254716.000000	0.000000e+00
2.086102e+01	6.065608e+00	4.055181e-03	2237320.000000	0.000000e+00
2.086301e+01	6.059233e+00	4.064965e-03	2221885.000000	0.000000e+00
2.086501e+01	6.067980e+00	4.073090e-03	2219424.000000	0.000000e+00
2.086700e+01	6.072989e+00	4.082800e-03	2212528.000000	0.000000e+00
2.086900e+01	6.078946e+00	4.102397e-03	2195742.000000	0.000000e+00
2.087099e+01	6.088250e+00	4.123351e-03	2180140.000000	0.000000e+00
2.087298e+01	6.079471e+00	4.115461e-03	2182200.000000	0.000000e+00
2.087498e+01	6.098786e+00	4.138250e-03	2171968.000000	0.000000e+00
2.087698e+01	6.099539e+00	4.155520e-03	2154484.000000	0.000000e+00
2.087897e+01	6.100632e+00	4.170275e-03	2140032.000000	0.000000e+00
2.088096e+01	6.105935e+00	4.167905e-03	2146192.000000	0.000000e+00
2.088296e+01	6.106124e+00	4.184166e-03	2129676.000000	0.000000e+00
2.088496e+01	6.118211e+00	4.208000e-03	2113963.000000	0.000000e+00
2.088695e+01	6.124240e+00	4.221113e-03	2104992.000000	0.000000e+00
2.088894e+01	6.116556e+00	4.216089e-03	2104720.000000	0.000000e+00
2.089094e+01	6.123896e+00	4.237087e-03	2088916.000000	0.000000e+00
2.089293e+01	6.129090e+00	4.256694e-03	2073228.000000	0.000000e+00
2.089493e+01	6.134867e+00	4.263776e-03	2070244.000000	0.000000e+00
2.089692e+01	6.136177e+00	4.270859e-03	2064264.000000	0.000000e+00
2.089892e+01	6.147431e+00	4.295464e-03	2048176.000000	0.000000e+00
2.090091e+01	6.156561e+00	4.318294e-03	2032600.000000	0.000000e+00
2.090290e+01	6.150968e+00	4.309449e-03	2037246.000000	0.000000e+00
2.090490e+01	6.164666e+00	4.334088e-03	2023129.000000	0.000000e+00
2.090690e+01	6.165938e+00	4.351196e-03	2008080.000000	0.000000e+00
2.090889e+01	6.174235e+00	4.369822e-03	1996360.000000	0.000000e+00
2.091088e+01	6.171788e+00	4.363454e-03	2000604.000000	0.000000e+00
2.091288e+01	6.181978e+00	4.390370e-03	1982680.000000	0.000000e+00
2.091487e+01	6.183749e+00	4.407838e-03	1968124.000000	0.000000e+00
2.091687e+01	6.189335e+00	4.416998e-03	1963512.000000	0.000000e+00
2.091886e+01	6.190382e+00	4.421119e-03	1960516.000000	0.000000e+00
2.092086e+01	6.193510e+00	4.442797e-03	1943394.000000	0.000000e+00
2.092285e+01	6.198613e+00	4.463247e-03	1928800.000000	0.000000e+00
2.092484e+01	6.207493e+00	4.468523e-03	1929765.000000	0.000000e+00
2.092684e+01	6.214992e+00	4.482968e-03	1921984.000000	0.000000e+00
2.092884e+01	6.206519e+00	4.496793e-03	1904980.000000	0.000000e+00
2.093083e+01	6.221091e+00	4.525638e-03	1889616.000000	0.000000e+00
2.093282e+01	6.227484e+00	4.521320e-03	1897120.000000	0.000000e+00
2.093482e+01	6.229843e+00	4.539477e-03	1883400.000000	0.000000e+00
2.093682e+01	6.237038e+00	4.565114e-03	1866610.000000	0.000000e+00
2.093881e+01	6.243447e+00	4.583036e-03	1855848.000000	0.000000e+00
2.094080e+01	6.237812e+00	4.574873e-03	1859116.000000	0.000000e+00
2.094280e+01	6.256310e+00	4.606512e-03	1844557.000000	0.000000e+00
2.094480e+01	6.262074e+00	4.631063e-03	1828416.000000	0.000000e+00
2.094679e+01	6.267516e+00	4.640156e-03	1824424.000000	0.000000e+00
2.094878e+01	6.261455e+00	4.641264e-03	1820028.000000	0.000000e+00
2.095078e+01	6.264407e+00	4.660517e-03	1806724.000000	0.000000e+00
2.095277e+01	6.267420e+00	4.683553e-03	1790716.000000	0.000000e+00
2.095476e+01	6.272602e+00	4.685398e-03	1792266.000000	0.000000e+00
2.095676e+01	6.282633e+00	4.704895e-03	1783132.000000	0.000000e+00
2.095876e+01	6.294055e+00	4.732506e-03	1768800.000000	0.000000e+00
2.096075e+01	6.301201e+00	4.757607e-03	1754161.000000	0.000000e+00
2.096274e+01	6.298076e+00	4.746215e-03	1760844.000000	0.000000e+00
2.096474e+01	6.308948e+00	4.775572e-03	1745272.000000	0.000000e+00
2.096674e+01	6.309587e+00	4.795566e-03	1731100.000000	0.000000e+00
2.096873e+01	6.317959e+00	4.812421e-03	1723560.000000	0.000000e+00
2.097072e+01	6.311368e+00	4.807051e-03	1723810.000000	0.000000e+00
2.097272e+01	6.321217e+00	4.836825e-03	1707972.000000	0.000000e+00
2.097471e+01	6.328260e+00	4.861872e-03	1694188.000000	0.000000e+00
2.097670e+01	6.327406e+00	4.862793e-03	1693089.000000	0.000000e+00
2.097870e+01	6.343615e+00	4.882895e-03	1687792.000000	0.000000e+00
2.098070e+01	6.343868e+00	4.907540e-03	1671016.000000	0.000000e+00
2.098269e+01	6.346607e+00	4.930118e-03	1657176.000000	0.000000e+00
2.098468e+01	6.360520e+00	4.931821e-03	1663300.000000	0.000000e+00
2.098669e+01	6.352625e+00	4.942960e-03	1651704.000000	0.000000e+00
2.098868e+01	6.360792e+00	4.974774e-03	1634842.000000	0.000000e+00
2.099067e+01	6.366934e+00	4.997600e-03	1623072.000000	0.000000e+00
2.099266e+01	6.369956e+00	4.988490e-03	1630552.000000	0.000000e+00
2.099466e+01	6.380497e+00	5.019203e-03	1615993.000000	0.000000e+00
2.099666e+01	6.390876e+00	5.052323e-03	1600068.000000	0.000000e+00
2.099865e+01	6.391731e+00	5.063962e-03	1593148.000000	0.000000e+00
2.100064e+01	6.387639e+00	5.059507e-03	1593912.000000	0.000000e+00
2.100264e+01	6.405991e+00	5.095972e-03	1580224.000000	0.000000e+00
2.100463e+01	6.403984e+00	5.119061e-03	1565020.000000	0.000000e+00
2.100662e+01	6.404863e+00	5.121862e-03	1563738.000000	0.000000e+00
2.100862e+01	6.415778e+00	5.138901e-03	1558684.000000	0.000000e+00
2.101062e+01	6.422898e+00	5.167322e-03	1545009.000000	0.000000e+00
2.101261e+01	6.417208e+00	5.187083e-03	1530544.000000	0.000000e+00
2.101460e+01	6.430946e+00	5.189617e-03	1535604.000000	0.000000e+00
2.101660e+01	6.436449e+00	5.215183e-03	1523188.000000	0.000000e+00
2.101860e+01	6.438146e+00	5.238602e-03	1510396.000000	0.000000e+00
2.102059e+01	6.441663e+00	5.260480e-03	1499496.000000	0.000000e+00
2.102258e+01	6.451223e+00	5.261473e-03	1503382.000000	0.000000e+00
2.102458e+01	6.456980e+00	5.293041e-03	1488156.000000	0.000000e+00
2.102658e+01	6.459196e+00	5.317285e-03	1475629.000000	0.000000e+00
2.102857e+01	6.470485e+00	5.333372e-03	1471872.000000	0.000000e+00
2.103057e+01	6.468974e+00	5.336384e-03	1469524.000000	0.000000e+00
2.103256e+01	6.479950e+00	5.374261e-03	1453804.000000	0.000000e+00
2.103455e+01	6.480616e+00	5.399231e-03	1440684.000000	0.000000e+00
2.103654e+01	6.490386e+00	5.400395e-03	1444408.000000	0.000000e+00
2.103855e+01	6.489868e+00	5.415200e-03	1436292.000000	0.000000e+00
2.104054e+01	6.505375e+00	5.459276e-03	1419955.000000	0.000000e+00
2.104253e+01	6.505373e+00	5.485512e-03	1406404.000000	0.000000e+00
2.104452e+01	6.505449e+00	5.465428e-03	1416792.000000	0.000000e+00
2.104653e+01	6.513598e+00	5.499843e-03	1402624.000000	0.000000e+00
2.104852e+01	6.521114e+00	5.536908e-03	1387104.000000	0.000000e+00
2.105050e+01	6.524893e+00	5.556573e-03	1378900.000000	0.000000e+00
2.105250e+01	6.536259e+00	5.555754e-03	1384116.000000	0.000000e+00
2.105450e+01	6.539340e+00	5.587897e-03	1369528.000000	0.000000e+00
2.105650e+01	6.550555e+00	5.628806e-03	1354327.000000	0.000000e+00
2.105848e+01	6.551500e+00	5.634603e-03	1351932.000000	0.000000e+00
2.106048e+01	6.546369e+00	5.632807e-03	1350676.000000	0.000000e+00
2.106248e+01	6.552413e+00	5.666660e-03	1337052.000000	0.000000e+00
2.106447e+01	6.564011e+00	5.709364e-03	1321792.000000	0.000000e+00
2.106646e+01	6.577940e+00	5.712523e-03	1325940.000000	0.000000e+00
2.106846e+01	6.571054e+00	5.723654e-03	1318024.000000	0.000000e+00
2.107046e+01	6.584898e+00	5.765772e-03	1304317.000000	0.000000e+00
2.107245e+01	6.588330e+00	5.798180e-03	1291122.000000	0.000000e+00
2.107444e+01	6.595643e+00	5.788102e-03	1298500.000000	0.000000e+00
2.107644e+01	6.596982e+00	5.817472e-03	1285944.000000	0.000000e+00
2.107844e+01	6.610329e+00	5.861428e-03	1271860.000000	0.000000e+00
2.108043e+01	6.609372e+00	5.873960e-03	1266072.000000	0.000000e+00
2.108242e+01	6.608883e+00	5.872570e-03	1266484.000000	0.000000e+00
2.108442e+01	6.619026e+00	5.911351e-03	1253761.000000	0.000000e+00
2.108641e+01	6.620154e+00	5.944422e-03	1240272.000000	0.000000e+00
2.108840e+01	6.631588e+00	5.953499e-03	1240768.000000	0.000000e+00
2.109041e+01	6.642084e+00	5.976835e-03	1234998.000000	0.000000e+00
2.109240e+01	6.644957e+00	6.010516e-03	1222252.000000	0.000000e+00
2.109439e+01	6.647702e+00	6.045585e-03	1209112.000000	0.000000e+00
2.109638e+01	6.654834e+00	6.034796e-03	1216044.000000	0.000000e+00
2.109839e+01	6.651164e+00	6.061326e-03	1204093.000000	0.000000e+00
2.110038e+01	6.656987e+00	6.100103e-03	1190916.000000	0.000000e+00
2.110236e+01	6.658259e+00	6.126684e-03	1181056.000000	0.000000e+00
2.110436e+01	6.668493e+00	6.116442e-03	1188660.000000	0.000000e+00
2.110637e+01	6.668659e+00	6.155909e-03	1173526.000000	0.000000e+00
2.110836e+01	6.688827e+00	6.210849e-03	1159840.000000	0.000000e+00
2.111034e+01	6.695316e+00	6.223746e-03	1157280.000000	0.000000e+00
2.111234e+01	6.693979e+00	6.221050e-03	1157821.000000	0.000000e+00
2.111435e+01	6.687845e+00	6.255121e-03	1143144.000000	0.000000e+00
2.111633e+01	6.708031e+00	6.311971e-03	1129432.000000	0.000000e+00
2.111832e+01	6.717368e+00	6.308882e-03	1133688.000000	0.000000e+00
2.112033e+01	6.711667e+00	6.319725e-03	1127884.000000	0.000000e+00
2.112232e+01	6.724099e+00	6.373047e-03	1113202.000000	0.000000e+00
2.112431e+01	6.730624e+00	6.418367e-03	1099668.000000	0.000000e+00
2.112630e+01	6.734312e+00	6.394551e-03	1109089.000000	0.000000e+00
2.112831e+01	6.731926e+00	6.423711e-03	1098264.000000	0.000000e+00
2.113030e+01	6.747682e+00	6.479643e-03	1084444.000000	0.000000e+00
2.113229e+01	6.763167e+00	6.525977e-03	1074012.000000	0.000000e+00
2.113428e+01	6.758640e+00	6.499486e-03	1081336.000000	0.000000e+00
2.113629e+01	6.751819e+00	6.531199e-03	1068700.000000	0.000000e+00
2.113828e+01	6.768871e+00	6.588044e-03	1055649.000000	0.000000e+00
2.114026e+01	6.768312e+00	6.601469e-03	1051186.000000	0.000000e+00
2.114226e+01	6.780751e+00	6.610804e-03	1052076.000000	0.000000e+00
2.114426e+01	6.785163e+00	6.653989e-03	1039816.000000	0.000000e+00
2.114625e+01	6.792952e+00	6.705101e-03	1026376.000000	0.000000e+00
2.114824e+01	6.800176e+00	6.703785e-03	1028964.000000	0.000000e+00
2.115024e+01	6.807951e+00	6.730893e-03	1023028.000000	0.000000e+00
2.115224e+01	6.805639e+00	6.767922e-03	1011177.000000	0.000000e+00
2.115423e+01	6.804283e+00	6.810906e-03	998056.000000	0.000000e+00
2.115622e+01	6.819782e+00	6.794829e-03	1007358.000000	0.000000e+00
2.115823e+01	6.823762e+00	6.843376e-03	994276.000000	0.000000e+00
2.116022e+01	6.843159e+00	6.903652e-03	982552.000000	0.000000e+00
2.116221e+01	6.835900e+00	6.915754e-03	977040.000000	0.000000e+00
2.116420e+01	6.832898e+00	6.906270e-03	978865.000000	0.000000e+00
2.116621e+01	6.849783e+00	6.970238e-03	965736.000000	0.000000e+00
2.116819e+01	6.850798e+00	7.011668e-03	954640.000000	0.000000e+00
2.117018e+01	6.860174e+00	7.019779e-03	955044.000000	0.000000e+00
2.117219e+01	6.871829e+00	7.043715e-03	951790.000000	0.000000e+00
2.117418e+01	6.867973e+00	7.089205e-03	938560.000000	0.000000e+00
2.117617e+01	6.887439e+00	7.153083e-03	927105.000000	0.000000e+00
2.117816e+01	6.875560e+00	7.116901e-03	933328.000000	0.000000e+00
2.118017e+01	6.894513e+00	7.169147e-03	924852.000000	0.000000e+00
2.118216e+01	6.902956e+00	7.233927e-03	910588.000000	0.000000e+00
2.118414e+01	6.901132e+00	7.269249e-03	901284.000000	0.000000e+00
2.118614e+01	6.919483e+00	7.246664e-03	911740.000000	0.000000e+00
2.118815e+01	6.905910e+00	7.288763e-03	897706.000000	0.000000e+00
2.119014e+01	6.919453e+00	7.360300e-03	883797.000000	0.000000e+00
2.119212e+01	6.930298e+00	7.383143e-03	881092.000000	0.000000e+00
2.119412e+01	6.937294e+00	7.376010e-03	884580.000000	0.000000e+00
2.119613e+01	6.944316e+00	7.439993e-03	871192.000000	0.000000e+00
2.119811e+01	6.953761e+00	7.511248e-03	857068.000000	0.000000e+00
2.120010e+01	6.942832e+00	7.482560e-03	860940.000000	0.000000e+00
2.120211e+01	6.957760e+00	7.511953e-03	857893.000000	0.000000e+00
2.120411e+01	6.970489e+00	7.579699e-03	845712.000000	0.000000e+00
2.120609e+01	6.962402e+00	7.639348e-03	830626.000000	0.000000e+00
2.120808e+01	6.978704e+00	7.610477e-03	840864.000000	0.000000e+00
2.121009e+01	6.975282e+00	7.646222e-03	832204.000000	0.000000e+00
2.121208e+01	6.984558e+00	7.715639e-03	819472.000000	0.000000e+00
2.121406e+01	6.979202e+00	7.759513e-03	808989.000000	0.000000e+00
2.121606e+01	6.992039e+00	7.733932e-03	817348.000000	0.000000e+00
2.121807e+01	7.009098e+00	7.805251e-03	806400.000000	0.000000e+00
2.122006e+01	7.010171e+00	7.864632e-03	794512.000000	0.000000e+00
2.122204e+01	7.008306e+00	7.888546e-03	789282.000000	0.000000e+00
2.122404e+01	7.020453e+00	7.888269e-03	792076.000000	0.000000e+00
2.122605e+01	7.031145e+00	7.954472e-03	781321.000000	0.000000e+00
2.122803e+01	7.046630e+00	8.034993e-03	769116.000000	0.000000e+00
2.123002e+01	7.034854e+00	8.012237e-03	770908.000000	0.000000e+00
2.123203e+01	7.036794e+00	8.034755e-03	767016.000000	0.000000e+00
2.123402e+01	7.048176e+00	8.105057e-03	756208.000000	0.000000e+00
2.123601e+01	7.063503e+00	8.191426e-03	743569.000000	0.000000e+00
2.123800e+01	7.075639e+00	8.153530e-03	753078.000000	0.000000e+00
2.124001e+01	7.079424e+00	8.215509e-03	742552.000000	0.000000e+00
2.124200e+01	7.074959e+00	8.275060e-03	730980.000000	0.000000e+00
2.124398e+01	7.070158e+00	8.300480e-03	725524.000000	0.000000e+00
2.124598e+01	7.088697e+00	8.299580e-03	729492.000000	0.000000e+00
2.124799e+01	7.092151e+00	8.371860e-03	717649.000000	0.000000e+00
2.124997e+01	7.096772e+00	8.439620e-03	707092.000000	0.000000e+00
2.125196e+01	7.102258e+00	8.445379e-03	707220.000000	0.000000e+00
2.125397e+01	7.110140e+00	8.463457e-03	705766.000000	0.000000e+00
2.125597e+01	7.120109e+00	8.548591e-03	693720.000000	0.000000e+00
2.125795e+01	7.142628e+00	8.639731e-03	683464.000000	0.000000e+00
2.125994e+01	7.145155e+00	8.602448e-03	689889.000000	0.000000e+00
2.126195e+01	7.134866e+00	8.638613e-03	682156.000000	0.000000e+00
2.126394e+01	7.137594e+00	8.720115e-03	669976.000000	0.000000e+00
2.126592e+01	7.162839e+00	8.814121e-03	660408.000000	0.000000e+00
2.126792e+01	7.162100e+00	8.734190e-03	672412.000000	0.000000e+00
2.126993e+01	7.159779e+00	8.822367e-03	658611.000000	0.000000e+00
2.127192e+01	7.179015e+00	8.924541e-03	647080.000000	0.000000e+00
2.127390e+01	7.172719e+00	8.940732e-03	643608.000000	0.000000e+00
2.127590e+01	7.179679e+00	8.910013e-03	649312.000000	0.000000e+00
2.127791e+01	7.192528e+00	9.020052e-03	635836.000000	0.000000e+00
2.127989e+01	7.193185e+00	9.108129e-03	623712.000000	0.000000e+00
2.128188e+01	7.220039e+00	9.114721e-03	627469.000000	0.000000e+00
2.128389e+01	7.215233e+00	9.115375e-03	626544.000000	0.000000e+00
2.128589e+01	7.216642e+00	9.211962e-03	613714.000000	0.000000e+00
2.128787e+01	7.233238e+00	9.331417e-03	600856.000000	0.000000e+00
2.128985e+01	7.225671e+00	9.242104e-03	611244.000000	0.000000e+00
2.129187e+01	7.218651e+00	9.286230e-03	604273.000000	0.000000e+00
2.129387e+01	7.250635e+00	9.427514e-03	591504.000000	0.000000e+00
2.129584e+01	7.263386e+00	9.525377e-03	581452.000000	0.000000e+00
2.129784e+01	7.254715e+00	9.423552e-03	592668.000000	0.000000e+00
2.129985e+01	7.264798e+00	9.519570e-03	582388.000000	0.000000e+00
2.130184e+01	7.293043e+00	9.663348e-03	569590.000000	0.000000e+00
2.130382e+01	7.279099e+00	9.677249e-03	565785.000000	0.000000e+00
2.130582e+01	7.283272e+00	9.636049e-03	571288.000000	0.000000e+00
2.130783e+01	7.297860e+00	9.744939e-03	560832.000000	0.000000e+00
2.130982e+01	7.295083e+00	9.854011e-03	548068.000000	0.000000e+00
2.131180e+01	7.288908e+00	9.823040e-03	550596.000000	0.000000e+00
2.131381e+01	7.305217e+00	9.848338e-03	550225.000000	0.000000e+00
2.131581e+01	7.325696e+00	9.974959e-03	539356.000000	0.000000e+00
2.131779e+01	7.334709e+00	1.010526e-02	526830.000000	0.000000e+00
2.131977e+01	7.347024e+00	1.003553e-02	535972.000000	0.000000e+00
2.132179e+01	7.338566e+00	1.009146e-02	528828.000000	0.000000e+00
2.132379e+01	7.338962e+00	1.018922e-02	518785.000000	0.000000e+00
2.132576e+01	7.363302e+00	1.030608e-02	510456.000000	0.000000e+00
2.132776e+01	7.355344e+00	1.022519e-02	517444.000000	0.000000e+00
2.132977e+01	7.379209e+00	1.035475e-02	507856.000000	0.000000e+00
2.133176e+01	7.370223e+00	1.044083e-02	498300.000000	0.000000e+00
2.133374e+01	7.373346e+00	1.046774e-02	496162.000000	0.000000e+00
2.133574e+01	7.367875e+00	1.045038e-02	497073.000000	0.000000e+00
2.133775e+01	7.401494e+00	1.059330e-02	488176.000000	0.000000e+00
2.133973e+01	7.421907e+00	1.073876e-02	477664.000000	0.000000e+00
2.134172e+01	7.401311e+00	1.065467e-02	482544.000000	0.000000e+00
2.134373e+01	7.421663e+00	1.074381e-02	477184.000000	0.000000e+00
2.134573e+01	7.438935e+00	1.087623e-02	467805.000000	0.000000e+00
2.134770e+01	7.444784e+00	1.100173e-02	457912.000000	0.000000e+00
2.134970e+01	7.430190e+00	1.084402e-02	469482.000000	0.000000e+00
2.135171e+01	7.449854e+00	1.102021e-02	457000.000000	0.000000e+00
2.135370e+01	7.447063e+00	1.111651e-02	448780.000000	0.000000e+00
2.135568e+01	7.434506e+00	1.115150e-02	444465.000000	0.000000e+00
2.135768e+01	7.475734e+00	1.114352e-02	450052.000000	0.000000e+00
2.135969e+01	7.462024e+00	1.127832e-02	437748.000000	0.000000e+00
2.136167e+01	7.496204e+00	1.143815e-02	429508.000000	0.000000e+00
2.136366e+01	7.478027e+00	1.138125e-02	431712.000000	0.000000e+00
2.136567e+01	7.482267e+00	1.139141e-02	431431.000000	0.000000e+00
2.136767e+01	7.505545e+00	1.159866e-02	418744.000000	0.000000e+00
2.136964e+01	7.510285e+00	1.172406e-02	410352.000000	0.000000e+00
2.137163e+01	7.511605e+00	1.159557e-02	419644.000000	0.000000e+00
2.137366e+01	7.531101e+00	1.172898e-02	412284.000000	0.000000e+00
2.137565e+01	7.542830e+00	1.192023e-02	400405.000000	0.000000e+00
2.137761e+01	7.518164e+00	1.198991e-02	393180.000000	0.000000e+00
2.137961e+01	7.532297e+00	1.181726e-02	406276.000000	0.000000e+00
2.138164e+01	7.537362e+00	1.201561e-02	393502.000000	0.000000e+00
2.138362e+01	7.558122e+00	1.222479e-02	382248.000000	0.000000e+00
2.138559e+01	7.563669e+00	1.224624e-02	381469.000000	0.000000e+00
2.138760e+01	7.537935e+00	1.209438e-02	388452.000000	0.000000e+00
2.138962e+01	7.582259e+00	1.237202e-02	375592.000000	0.000000e+00
2.139159e+01	7.569928e+00	1.254455e-02	364144.000000	0.000000e+00
2.139357e+01	7.594808e+00	1.248343e-02	370140.000000	0.000000e+00
2.139559e+01	7.603112e+00	1.248836e-02	370657.000000	0.000000e+00
2.139760e+01	7.597898e+00	1.270250e-02	357774.000000	0.000000e+00
2.139956e+01	7.615768e+00	1.293262e-02	346780.000000	0.000000e+00
2.140154e+01	7.626119e+00	1.272399e-02	359220.000000	0.000000e+00
2.140358e+01	7.617043e+00	1.281800e-02	353128.000000	0.000000e+00
2.140558e+01	7.626920e+00	1.307112e-02	340465.000000	0.000000e+00
2.140753e+01	7.653929e+00	1.327344e-02	332508.000000	0.000000e+00
2.140953e+01	7.641699e+00	1.300165e-02	345448.000000	0.000000e+00
2.141156e+01	7.642291e+00	1.317903e-02	336264.000000	0.000000e+00
2.141355e+01	7.643451e+00	1.344822e-02	323035.000000	0.000000e+00
2.141551e+01	7.691146e+00	1.354234e-02	322548.000000	0.000000e+00
2.141752e+01	7.676174e+00	1.338678e-02	328804.000000	0.000000e+00
2.141954e+01	7.656495e+00	1.354133e-02	319696.000000	0.000000e+00
2.142152e+01	7.678512e+00	1.387814e-02	306120.000000	0.000000e+00
2.142348e+01	7.705605e+00	1.378383e-02	312517.000000	0.000000e+00
2.142551e+01	7.689524e+00	1.375667e-02	312444.000000	0.000000e+00
2.142752e+01	7.715644e+00	1.401122e-02	303244.000000	0.000000e+00
2.142948e+01	7.697813e+00	1.430538e-02	289558.000000	0.000000e+00
2.143146e+01	7.724367e+00	1.403271e-02	303000.000000	0.000000e+00
2.143349e+01	7.725784e+00	1.418837e-02	296497.000000	0.000000e+00
2.143550e+01	7.737388e+00	1.443342e-02	287376.000000	0.000000e+00
2.143745e+01	7.731819e+00	1.465580e-02	278320.000000	0.000000e+00
2.143945e+01	7.741614e+00	1.440705e-02	288744.000000	0.000000e+00
2.144148e+01	7.751292e+00	1.462289e-02	280984.000000	0.000000e+00
2.144347e+01	7.750211e+00	1.486743e-02	271741.000000	0.000000e+00
2.144543e+01	7.762853e+00	1.496909e-02	268938.000000	0.000000e+00
2.144744e+01	7.761682e+00	1.484256e-02	273460.000000	0.000000e+00
2.144946e+01	7.811253e+00	1.515175e-02	265776.000000	0.000000e+00
2.145143e+01	7.787670e+00	1.538534e-02	256213.000000	0.000000e+00
2.145341e+01	7.794759e+00	1.528666e-02	260004.000000	0.000000e+00
2.145543e+01	7.818103e+00	1.537567e-02	258544.000000	0.000000e+00
2.145744e+01	7.831224e+00	1.563583e-02	250852.000000	0.000000e+00
2.145939e+01	7.850889e+00	1.598763e-02	241140.000000	0.000000e+00
2.146138e+01	7.849692e+00	1.565950e-02	251275.000000	0.000000e+00
2.146342e+01	7.842520e+00	1.587412e-02	244080.000000	0.000000e+00
2.146541e+01	7.851498e+00	1.614947e-02	236368.000000	0.000000e+00
2.146737e+01	7.876303e+00	1.632879e-02	232668.000000	0.000000e+00
2.146938e+01	7.884381e+00	1.620312e-02	236776.000000	0.000000e+00
2.147140e+01	7.851445e+00	1.637848e-02	229801.000000	0.000000e+00
2.147338e+01	7.859630e+00	1.667393e-02	222192.000000	0.000000e+00
2.147536e+01	7.882206e+00	1.662809e-02	224704.000000	0.000000e+00
2.147737e+01	7.921958e+00	1.679776e-02	222414.000000	0.000000e+00
2.147938e+01	7.919239e+00	1.704513e-02	215857.000000	0.000000e+00
2.148134e+01	7.901851e+00	1.730998e-02	208384.000000	0.000000e+00
2.148333e+01	7.933117e+00	1.704050e-02	216732.000000	0.000000e+00
2.148536e+01	7.943774e+00	1.738481e-02	208792.000000	0.000000e+00
2.148735e+01	7.944115e+00	1.765778e-02	202404.000000	0.000000e+00
2.148930e+01	7.973652e+00	1.797779e-02	196717.000000	0.000000e+00
2.149131e+01	7.972424e+00	1.752465e-02	206958.000000	0.000000e+00
2.149335e+01	7.973207e+00	1.802675e-02	195628.000000	0.000000e+00
2.149532e+01	7.943816e+00	1.826305e-02	189196.000000	0.000000e+00
2.149728e+01	7.992392e+00	1.832804e-02	190161.000000	0.000000e+00
2.149931e+01	7.986251e+00	1.817255e-02	193132.000000	0.000000e+00
2.150133e+01	7.980163e+00	1.865889e-02	182916.000000	0.000000e+00
2.150328e+01	8.007243e+00	1.906789e-02	176344.000000	0.000000e+00
2.150526e+01	8.015510e+00	1.870476e-02	183636.000000	0.000000e+00
2.150731e+01	8.051668e+00	1.899470e-02	179683.000000	0.000000e+00
2.150931e+01	8.053054e+00	1.951248e-02	170332.000000	0.000000e+00
2.151123e+01	8.021357e+00	1.980636e-02	164016.000000	0.000000e+00
2.151324e+01	8.012377e+00	1.902067e-02	177448.000000	0.000000e+00
2.151530e+01	8.037412e+00	1.969262e-02	166581.000000	0.000000e+00
2.151727e+01	8.078260e+00	2.030560e-02	158272.000000	0.000000e+00
2.151920e+01	8.086118e+00	2.048780e-02	155772.000000	0.000000e+00
2.152124e+01	8.064304e+00	1.967887e-02	167932.000000	0.000000e+00
2.152330e+01	8.041651e+00	2.051722e-02	153622.000000	0.000000e+00
2.152523e+01	8.081596e+00	2.110365e-02	146649.000000	0.000000e+00
2.152718e+01	8.119026e+00	2.093033e-02	150472.000000	0.000000e+00
2.152925e+01	8.077406e+00	2.046021e-02	155856.000000	0.000000e+00
2.153128e+01	8.126530e+00	2.162596e-02	141208.000000	0.000000e+00
2.153318e+01	8.141208e+00	2.212701e-02	135373.000000	0.000000e+00
2.153516e+01	8.133556e+00	2.131952e-02	145548.000000	0.000000e+00
2.153725e+01	8.135604e+00	2.144158e-02	143968.000000	0.000000e+00
2.153925e+01	8.112830e+00	2.255915e-02	129330.000000	0.000000e+00
2.154111e+01	8.126336e+00	2.304298e-02	124369.000000	0.000000e+00
2.154313e+01	8.142205e+00	2.166983e-02	141180.000000	0.000000e+00
2.154525e+01	8.148717e+00	2.245175e-02	131728.000000	0.000000e+00
2.154721e+01	8.237129e+00	2.393786e-02	118408.000000	0.000000e+00
2.154909e+01	8.211211e+00	2.379551e-02	119076.000000	0.000000e+00
2.155115e+01	8.159698e+00	2.249559e-02	131569.000000	0.000000e+00
2.155325e+01	8.178469e+00	2.363344e-02	119754.000000	0.000000e+00
2.155516e+01	8.231489e+00	2.503743e-02	108088.000000	0.000000e+00
2.155707e+01	8.214990e+00	2.419987e-02	115236.000000	0.000000e+00
2.155916e+01	8.251604e+00	2.370319e-02	121189.000000	0.000000e+00
2.156123e+01	8.236251e+00	2.505608e-02	108052.000000	0.000000e+00
2.156309e+01	8.239316e+00	2.630933e-02	98076.000000	0.000000e+00
2.156504e+01	8.290940e+00	2.479385e-02	111820.000000	0.000000e+00
2.156718e+01	8.276887e+00	2.484476e-02	110985.000000	0.000000e+00
2.156921e+01	8.306335e+00	2.668903e-02	96862.000000	0.000000e+00
2.157101e+01	8.263358e+00	2.766467e-02	89220.000000	0.000000e+00
2.157302e+01	8.252897e+00	2.511509e-02	107980.000000	0.000000e+00
2.157519e+01	8.273183e+00	2.603007e-02	101017.000000	0.000000e+00
2.157717e+01	8.303914e+00	2.831150e-02	86028.000000	0.000000e+00
2.157898e+01	8.340953e+00	2.835419e-02	86536.000000	0.000000e+00
2.158104e+01	8.278175e+00	2.634972e-02	98700.000000	0.000000e+00
2.158319e+01	8.308444e+00	2.751140e-02	91204.000000	0.000000e+00
2.158511e+01	8.309608e+00	3.021316e-02	75643.000000	0.000000e+00
2.158695e+01	8.345669e+00	2.874810e-02	84276.000000	0.000000e+00
2.158907e+01	8.368675e+00	2.791731e-02	89860.000000	0.000000e+00
2.159119e+01	8.383781e+00	2.942275e-02	81192.000000	0.000000e+00
2.159301e+01	8.422156e+00	3.275914e-02	66097.000000	0.000000e+00
2.159492e+01	8.398438e+00	2.926303e-02	82368.000000	0.000000e+00
2.159709e+01	8.353968e+00	2.930441e-02	81268.000000	0.000000e+00
2.159917e+01	8.410204e+00	3.166703e-02	70534.000000	0.000000e+00
2.160091e+01	8.465425e+00	3.446102e-02	60345.000000	0.000000e+00
2.160291e+01	8.413285e+00	3.004285e-02	78424.000000	0.000000e+00
2.160512e+01	8.403452e+00	3.110598e-02	72984.000000	0.000000e+00
2.160712e+01	8.425838e+00	3.437314e-02	60088.000000	0.000000e+00
2.160887e+01	8.393477e+00	3.450951e-02	59157.000000	0.000000e+00
2.161094e+01	8.379024e+00	3.150009e-02	70756.000000	0.000000e+00
2.161314e+01	8.460266e+00	3.319717e-02	64948.000000	0.000000e+00
2.161505e+01	8.434923e+00	3.768220e-02	50106.000000	0.000000e+00
2.161683e+01	8.501116e+00	3.522707e-02	58237.000000	0.000000e+00
2.161898e+01	8.503804e+00	3.376440e-02	63432.000000	0.000000e+00
2.162115e+01	8.482417e+00	3.549408e-02	57112.000000	0.000000e+00
2.162292e+01	8.518710e+00	4.227140e-02	40612.000000	0.000000e+00
2.162478e+01	8.552293e+00	3.560953e-02	57681.000000	0.000000e+00
2.162701e+01	8.528037e+00	3.588916e-02	56464.000000	0.000000e+00
2.162916e+01	8.462671e+00	3.814802e-02	49212.000000	0.000000e+00
2.163084e+01	8.532852e+00	4.498833e-02	35974.000000	0.000000e+00
2.163278e+01	8.498658e+00	3.679487e-02	53349.000000	0.000000e+00
2.163504e+01	8.561536e+00	3.832670e-02	49900.000000	0.000000e+00
2.163712e+01	8.623214e+00	4.292973e-02	40348.000000	0.000000e+00
2.163878e+01	8.641499e+00	4.603842e-02	35232.000000	0.000000e+00
2.164082e+01	8.561822e+00	3.945540e-02	47089.000000	0.000000e+00
2.164308e+01	8.578308e+00	4.109018e-02	43584.000000	0.000000e+00
2.164503e+01	8.545774e+00	4.859792e-02	30922.000000	0.000000e+00
2.164669e+01	8.587363e+00	4.540338e-02	35772.000000	0.000000e+00
2.164886e+01	8.642383e+00	4.257332e-02	41209.000000	0.000000e+00
2.165111e+01	8.648492e+00	4.465110e-02	37516.000000	0.000000e+00
2.165282e+01	8.702004e+00	5.888341e-02	21840.000000	0.000000e+00
2.165461e+01	8.557719e+00	4.466363e-02	36712.000000	0.000000e+00
2.165689e+01	8.673385e+00	4.588900e-02	35724.000000	0.000000e+00
2.165913e+01	8.655046e+00	4.868150e-02	31609.000000	0.000000e+00
2.166079e+01	8.754830e+00	6.321218e-02	19182.000000	0.000000e+00
2.166264e+01	8.641947e+00	4.827677e-02	32044.000000	0.000000e+00
2.166494e+01	8.664739e+00	4.951279e-02	30625.000000	0.000000e+00
2.166713e+01	8.647042e+00	5.412442e-02	25524.000000	0.000000e+00
2.166875e+01	8.627979e+00	6.460414e-02	17836.000000	0.000000e+00
2.167068e+01	8.733581e+00	5.292788e-02	27228.000000	0.000000e+00
2.167298e+01	8.700434e+00	5.405248e-02	25909.000000	0.000000e+00
2.167504e+01	8.728507e+00	6.536787e-02	17830.000000	0.000000e+00
2.167660e+01	8.614653e+00	6.300332e-02	18696.000000	0.000000e+00
2.167872e+01	8.740561e+00	5.788070e-02	22804.000000	0.000000e+00
2.168102e+01	8.804361e+00	5.994356e-02	21573.000000	0.000000e+00
2.168275e+01	8.722163e+00	8.549497e-02	10408.000000	0.000000e+00
2.168447e+01	8.728709e+00	6.190107e-02	19884.000000	0.000000e+00
2.168677e+01	8.814243e+00	6.433240e-02	18772.000000	0.000000e+00
2.168906e+01	8.869524e+00	6.693837e-02	17557.000000	0.000000e+00
2.169079e+01	8.824227e+00	9.523163e-02	8586.000000	0.000000e+00
2.169252e+01	8.901732e+00	7.008586e-02	16132.000000	0.000000e+00
2.169482e+01	8.799675e+00	7.153498e-02	15132.000000	0.000000e+00
2.169709e+01	8.740015e+00	7.475562e-02	13669.000000	0.000000e+00
2.169878e+01	8.859143e+00	1.042324e-01	7224.000000	0.000000e+00
2.170056e+01	8.955924e+00	7.924665e-02	12772.000000	0.000000e+00
2.170286e+01	8.712952e+00	7.992525e-02	11884.000000	0.000000e+00
2.170503e+01	8.923502e+00	9.345647e-02	9117.000000	0.000000e+00
2.170660e+01	9.013167e+00	1.068613e-01	7114.000000	0.000000e+00
2.170861e+01	8.957115e+00	9.046206e-02	9804.000000	0.000000e+00
2.171091e+01	8.855172e+00	9.319684e-02	9028.000000	0.000000e+00
2.171265e+01	8.820863e+00	1.355773e-01	4233.000000	0.000000e+00
2.171436e+01	8.873599e+00	9.968448e-02	7924.000000	0.000000e+00
2.171666e+01	8.938692e+00	1.051393e-01	7228.000000	0.000000e+00
2.171896e+01	8.893396e+00	1.097699e-01	6564.000000	0.000000e+00
2.172070e+01	8.767335e+00	1.589339e-01	3043.000000	0.000000e+00
2.172241e+01	9.046980e+00	1.205942e-01	5628.000000	0.000000e+00
2.172471e+01	9.040127e+00	1.272879e-01	5044.000000	0.000000e+00
2.172701e+01	9.199935e+00	1.372666e-01	4492.000000	0.000000e+00
2.172876e+01	9.185714e+00	2.029280e-01	2049.000000	0.000000e+00
2.173046e+01	8.844808e+00	1.449384e-01	3724.000000	0.000000e+00
2.173276e+01	9.195104e+00	1.612432e-01	3252.000000	0.000000e+00
2.173504e+01	8.851197e+00	1.706894e-01	2689.000000	0.000000e+00
2.173671e+01	9.068758e+00	2.446552e-01	1374.000000	0.000000e+00
2.173851e+01	9.204589e+00	1.957095e-01	2212.000000	0.000000e+00
2.174081e+01	8.775301e+00	2.039114e-01	1852.000000	0.000000e+00
2.174257e+01	7.833670e+00	2.767891e-01	801.000000	0.000000e+00
2.174426e+01	9.437341e+00	2.547843e-01	1372.000000	0.000000e+00
2.174656e+01	9.812475e+00	2.969390e-01	1092.000000	0.000000e+00
2.174886e+01	9.319756e+00	3.207992e-01	844.000000	0.000000e+00
2.175062e+01	1.028676e+01	5.586999e-01	339.000000	0.000000e+00
2.175230e+01	9.295342e+00	4.030042e-01	532.000000	0.000000e+00
2.175459e+01	8.220284e+00	4.308600e-01	364.000000	0.000000e+00
2.175688e+01	8.634329e+00	5.718224e-01	228.000000	0.000000e+00
2.175868e+01	9.351702e+00	1.094534e+00	73.000000	0.000000e+00
2.176029e+01	9.289363e+00	1.013553e+00	84.000000	0.000000e+00
2.176251e+01	9.656743e+00	1.824953e+00	28.000000	0.000000e+00
2.176444e+01	1.235883e+01	7.135374e+00	3.000000	0.000000e+00
