# [<k> (h/Mpc)]	[<P_0(k)> (Mpc/h)^3]	[ErrorBar (Mpc/h)^3]	nModes	[<P_2(k)> (Mpc/h)^3]
2.825283e-03	2.195720e+03	6.089830e+02	13.000000	0.000000e+00
4.787023e-03	3.725326e+03	6.484959e+02	33.000000	0.000000e+00
6.808858e-03	4.493156e+03	5.055195e+02	79.000000	0.000000e+00
8.837018e-03	6.407119e+03	5.923383e+02	117.000000	0.000000e+00
1.090508e-02	5.138551e+03	3.588920e+02	205.000000	0.000000e+00
1.285043e-02	6.344878e+03	4.138942e+02	235.000000	0.000000e+00
1.484672e-02	6.246872e+03	3.251992e+02	369.000000	0.000000e+00
1.685151e-02	6.046124e+03	2.905582e+02	433.000000	0.000000e+00
1.887417e-02	5.865660e+03	2.425152e+02	585.000000	0.000000e+00
2.087690e-02	5.677395e+03	2.178784e+02	679.000000	0.000000e+00
2.284645e-02	5.454664e+03	1.913034e+02	813.000000	0.000000e+00
2.485035e-02	5.259723e+03	1.675887e+02	985.000000	0.000000e+00
2.689016e-02	5.350874e+03	1.555723e+02	1183.000000	0.000000e+00
2.887890e-02	5.115272e+03	1.435945e+02	1269.000000	0.000000e+00
3.085965e-02	4.615620e+03	1.177316e+02	1537.000000	0.000000e+00
3.284962e-02	4.298417e+03	1.057236e+02	1653.000000	0.000000e+00
3.484370e-02	4.123765e+03	9.307516e+01	1963.000000	0.000000e+00
3.684264e-02	4.074960e+03	8.848162e+01	2121.000000	0.000000e+00
3.884666e-02	3.745720e+03	7.625294e+01	2413.000000	0.000000e+00
4.085134e-02	3.569659e+03	6.954028e+01	2635.000000	0.000000e+00
4.284129e-02	3.403537e+03	6.345423e+01	2877.000000	0.000000e+00
4.482380e-02	3.326479e+03	5.909132e+01	3169.000000	0.000000e+00
4.682964e-02	3.214151e+03	5.427482e+01	3507.000000	0.000000e+00
4.882111e-02	3.118463e+03	5.137145e+01	3685.000000	0.000000e+00
5.081452e-02	2.891456e+03	4.480321e+01	4165.000000	0.000000e+00
5.282512e-02	2.883080e+03	4.357811e+01	4377.000000	0.000000e+00
5.483161e-02	2.795897e+03	4.012606e+01	4855.000000	0.000000e+00
5.681794e-02	2.747668e+03	3.913675e+01	4929.000000	0.000000e+00
5.880488e-02	2.577055e+03	3.449592e+01	5581.000000	0.000000e+00
6.078752e-02	2.685071e+03	3.563034e+01	5679.000000	0.000000e+00
6.279015e-02	2.587419e+03	3.238071e+01	6385.000000	0.000000e+00
6.479167e-02	2.502684e+03	3.091618e+01	6553.000000	0.000000e+00
6.679172e-02	2.433796e+03	2.883313e+01	7125.000000	0.000000e+00
6.879078e-02	2.354587e+03	2.728500e+01	7447.000000	0.000000e+00
7.078414e-02	2.313706e+03	2.598357e+01	7929.000000	0.000000e+00
7.278159e-02	2.222798e+03	2.432085e+01	8353.000000	0.000000e+00
7.476640e-02	2.201536e+03	2.350186e+01	8775.000000	0.000000e+00
7.675907e-02	2.125542e+03	2.202545e+01	9313.000000	0.000000e+00
7.875735e-02	2.002057e+03	2.018166e+01	9841.000000	0.000000e+00
8.074579e-02	1.971257e+03	1.952696e+01	10191.000000	0.000000e+00
8.274077e-02	1.880585e+03	1.801522e+01	10897.000000	0.000000e+00
8.473833e-02	1.819994e+03	1.712031e+01	11301.000000	0.000000e+00
8.674360e-02	1.725758e+03	1.573756e+01	12025.000000	0.000000e+00
8.874697e-02	1.685072e+03	1.511838e+01	12423.000000	0.000000e+00
9.074179e-02	1.604758e+03	1.406330e+01	13021.000000	0.000000e+00
9.272623e-02	1.548494e+03	1.337446e+01	13405.000000	0.000000e+00
9.471269e-02	1.481456e+03	1.241158e+01	14247.000000	0.000000e+00
9.671056e-02	1.428481e+03	1.177670e+01	14713.000000	0.000000e+00
9.870727e-02	1.373581e+03	1.103679e+01	15489.000000	0.000000e+00
1.007038e-01	1.331771e+03	1.055732e+01	15913.000000	0.000000e+00
1.027044e-01	1.296486e+03	9.979171e+00	16879.000000	0.000000e+00
1.047038e-01	1.239832e+03	9.455554e+00	17193.000000	0.000000e+00
1.067040e-01	1.220101e+03	9.054696e+00	18157.000000	0.000000e+00
1.086889e-01	1.203328e+03	8.885791e+00	18339.000000	0.000000e+00
1.106818e-01	1.176179e+03	8.407071e+00	19573.000000	0.000000e+00
1.126797e-01	1.150586e+03	8.147897e+00	19941.000000	0.000000e+00
1.146640e-01	1.142028e+03	7.951293e+00	20629.000000	0.000000e+00
1.166593e-01	1.109470e+03	7.539395e+00	21655.000000	0.000000e+00
1.186555e-01	1.084906e+03	7.295720e+00	22113.000000	0.000000e+00
1.206557e-01	1.069361e+03	7.022970e+00	23185.000000	0.000000e+00
1.226521e-01	1.059821e+03	6.889076e+00	23667.000000	0.000000e+00
1.246394e-01	1.045126e+03	6.692788e+00	24385.000000	0.000000e+00
1.266433e-01	1.024689e+03	6.385750e+00	25749.000000	0.000000e+00
1.286372e-01	1.011503e+03	6.312654e+00	25675.000000	0.000000e+00
1.306323e-01	9.852823e+02	5.951331e+00	27409.000000	0.000000e+00
1.326290e-01	9.741564e+02	5.884557e+00	27405.000000	0.000000e+00
1.346159e-01	9.630898e+02	5.683256e+00	28717.000000	0.000000e+00
1.366167e-01	9.344525e+02	5.431854e+00	29595.000000	0.000000e+00
1.386146e-01	9.144555e+02	5.253323e+00	30301.000000	0.000000e+00
1.406031e-01	8.876594e+02	5.033374e+00	31101.000000	0.000000e+00
1.425916e-01	8.795798e+02	4.915234e+00	32023.000000	0.000000e+00
1.445846e-01	8.419611e+02	4.636459e+00	32977.000000	0.000000e+00
1.465916e-01	8.200950e+02	4.418510e+00	34449.000000	0.000000e+00
1.485919e-01	7.968404e+02	4.287001e+00	34549.000000	0.000000e+00
1.505868e-01	7.757172e+02	4.082100e+00	36111.000000	0.000000e+00
1.525827e-01	7.589321e+02	3.970203e+00	36541.000000	0.000000e+00
1.545720e-01	7.369784e+02	3.794776e+00	37717.000000	0.000000e+00
1.565618e-01	7.109082e+02	3.617537e+00	38619.000000	0.000000e+00
1.585558e-01	6.955245e+02	3.492453e+00	39661.000000	0.000000e+00
1.605447e-01	6.820581e+02	3.387293e+00	40545.000000	0.000000e+00
1.625373e-01	6.665183e+02	3.259463e+00	41815.000000	0.000000e+00
1.645437e-01	6.546948e+02	3.152640e+00	43125.000000	0.000000e+00
1.665425e-01	6.354093e+02	3.040236e+00	43681.000000	0.000000e+00
1.685320e-01	6.273396e+02	2.969574e+00	44629.000000	0.000000e+00
1.705261e-01	6.174750e+02	2.871915e+00	46227.000000	0.000000e+00
1.725263e-01	6.054370e+02	2.795380e+00	46909.000000	0.000000e+00
1.745216e-01	5.990372e+02	2.727493e+00	48237.000000	0.000000e+00
1.765059e-01	5.924877e+02	2.688049e+00	48583.000000	0.000000e+00
1.785033e-01	5.856088e+02	2.593196e+00	50997.000000	0.000000e+00
1.805083e-01	5.751692e+02	2.537037e+00	51397.000000	0.000000e+00
1.825017e-01	5.673037e+02	2.476176e+00	52489.000000	0.000000e+00
1.844937e-01	5.637539e+02	2.430810e+00	53787.000000	0.000000e+00
1.864887e-01	5.579720e+02	2.381085e+00	54913.000000	0.000000e+00
1.884818e-01	5.498346e+02	2.323952e+00	55977.000000	0.000000e+00
1.904753e-01	5.407246e+02	2.256646e+00	57415.000000	0.000000e+00
1.924660e-01	5.300753e+02	2.199028e+00	58105.000000	0.000000e+00
1.944594e-01	5.291086e+02	2.159483e+00	60033.000000	0.000000e+00
1.964596e-01	5.223585e+02	2.115852e+00	60949.000000	0.000000e+00
1.984543e-01	5.096064e+02	2.042761e+00	62235.000000	0.000000e+00
2.004453e-01	5.032902e+02	2.001522e+00	63229.000000	0.000000e+00
2.024446e-01	4.976242e+02	1.949849e+00	65133.000000	0.000000e+00
2.044399e-01	4.866009e+02	1.898310e+00	65707.000000	0.000000e+00
2.064345e-01	4.763549e+02	1.832663e+00	67561.000000	0.000000e+00
2.084313e-01	4.707439e+02	1.798555e+00	68505.000000	0.000000e+00
2.104244e-01	4.588671e+02	1.735061e+00	69943.000000	0.000000e+00
2.124186e-01	4.491042e+02	1.684308e+00	71097.000000	0.000000e+00
2.144149e-01	4.408225e+02	1.631323e+00	73021.000000	0.000000e+00
2.164075e-01	4.345002e+02	1.604677e+00	73317.000000	0.000000e+00
2.183998e-01	4.263109e+02	1.548441e+00	75799.000000	0.000000e+00
2.203919e-01	4.164541e+02	1.510429e+00	76021.000000	0.000000e+00
2.223865e-01	4.123902e+02	1.469518e+00	78753.000000	0.000000e+00
2.243849e-01	4.062984e+02	1.442890e+00	79291.000000	0.000000e+00
2.263816e-01	3.989875e+02	1.400784e+00	81129.000000	0.000000e+00
2.283784e-01	3.889154e+02	1.354514e+00	82441.000000	0.000000e+00
2.303757e-01	3.875662e+02	1.337637e+00	83949.000000	0.000000e+00
2.323699e-01	3.793310e+02	1.300154e+00	85123.000000	0.000000e+00
2.343653e-01	3.759141e+02	1.274989e+00	86929.000000	0.000000e+00
2.363576e-01	3.713749e+02	1.253408e+00	87789.000000	0.000000e+00
2.383451e-01	3.659444e+02	1.222377e+00	89623.000000	0.000000e+00
2.403415e-01	3.626341e+02	1.199874e+00	91341.000000	0.000000e+00
2.423378e-01	3.584370e+02	1.176342e+00	92845.000000	0.000000e+00
2.443322e-01	3.545298e+02	1.155814e+00	94087.000000	0.000000e+00
2.463300e-01	3.508809e+02	1.130504e+00	96333.000000	0.000000e+00
2.483279e-01	3.459324e+02	1.109299e+00	97249.000000	0.000000e+00
2.503275e-01	3.417798e+02	1.083509e+00	99501.000000	0.000000e+00
2.523142e-01	3.383741e+02	1.073890e+00	99283.000000	0.000000e+00
2.543013e-01	3.344514e+02	1.044462e+00	102537.000000	0.000000e+00
2.562973e-01	3.305359e+02	1.027535e+00	103477.000000	0.000000e+00
2.582930e-01	3.270459e+02	1.005695e+00	105751.000000	0.000000e+00
2.602906e-01	3.221169e+02	9.853434e-01	106869.000000	0.000000e+00
2.622842e-01	3.194028e+02	9.687908e-01	108697.000000	0.000000e+00
2.642824e-01	3.160520e+02	9.504430e-01	110577.000000	0.000000e+00
2.662844e-01	3.111086e+02	9.273200e-01	112555.000000	0.000000e+00
2.682741e-01	3.061832e+02	9.124847e-01	112593.000000	0.000000e+00
2.702629e-01	3.042389e+02	8.949248e-01	115573.000000	0.000000e+00
2.722603e-01	2.992554e+02	8.738251e-01	117283.000000	0.000000e+00
2.742558e-01	2.964114e+02	8.607706e-01	118581.000000	0.000000e+00
2.762488e-01	2.919773e+02	8.406794e-01	120625.000000	0.000000e+00
2.782426e-01	2.874975e+02	8.233223e-01	121935.000000	0.000000e+00
2.802382e-01	2.842195e+02	8.056977e-01	124441.000000	0.000000e+00
2.822328e-01	2.804860e+02	7.916987e-01	125517.000000	0.000000e+00
2.842249e-01	2.769095e+02	7.759370e-01	127357.000000	0.000000e+00
2.862208e-01	2.734837e+02	7.588138e-01	129895.000000	0.000000e+00
2.882169e-01	2.691653e+02	7.445256e-01	130701.000000	0.000000e+00
2.902141e-01	2.665719e+02	7.284338e-01	133921.000000	0.000000e+00
2.922105e-01	2.643134e+02	7.215460e-01	134187.000000	0.000000e+00
2.942043e-01	2.610090e+02	7.048507e-01	137125.000000	0.000000e+00
2.962008e-01	2.584143e+02	6.944790e-01	138457.000000	0.000000e+00
2.981989e-01	2.545267e+02	6.779862e-01	140937.000000	0.000000e+00
3.001897e-01	2.512749e+02	6.683057e-01	141367.000000	0.000000e+00
3.021797e-01	2.492247e+02	6.558977e-01	144381.000000	0.000000e+00
3.041718e-01	2.462239e+02	6.453950e-01	145549.000000	0.000000e+00
3.061699e-01	2.441886e+02	6.323095e-01	149139.000000	0.000000e+00
3.081700e-01	2.421285e+02	6.259225e-01	149641.000000	0.000000e+00
3.101613e-01	2.406675e+02	6.176549e-01	151825.000000	0.000000e+00
3.121531e-01	2.376704e+02	6.067188e-01	153453.000000	0.000000e+00
3.141451e-01	2.348298e+02	5.947689e-01	155887.000000	0.000000e+00
3.161415e-01	2.327282e+02	5.852674e-01	158121.000000	0.000000e+00
3.181385e-01	2.306307e+02	5.768634e-01	159841.000000	0.000000e+00
3.201285e-01	2.277283e+02	5.672418e-01	161175.000000	0.000000e+00
3.221251e-01	2.255783e+02	5.558796e-01	164677.000000	0.000000e+00
3.241246e-01	2.245885e+02	5.511363e-01	166057.000000	0.000000e+00
3.261187e-01	2.216108e+02	5.411536e-01	167703.000000	0.000000e+00
3.281140e-01	2.199066e+02	5.329303e-01	170269.000000	0.000000e+00
3.301103e-01	2.178355e+02	5.248561e-01	172257.000000	0.000000e+00
3.321038e-01	2.142870e+02	5.142269e-01	173653.000000	0.000000e+00
3.340963e-01	2.135954e+02	5.082451e-01	176619.000000	0.000000e+00
3.360891e-01	2.108940e+02	5.004787e-01	177565.000000	0.000000e+00
3.380839e-01	2.084715e+02	4.896274e-01	181285.000000	0.000000e+00
3.400815e-01	2.065185e+02	4.833610e-01	182547.000000	0.000000e+00
3.420775e-01	2.053341e+02	4.774012e-01	184993.000000	0.000000e+00
3.440714e-01	2.022504e+02	4.679805e-01	186777.000000	0.000000e+00
3.460660e-01	2.007602e+02	4.617032e-01	189073.000000	0.000000e+00
3.480602e-01	1.981028e+02	4.527061e-01	191491.000000	0.000000e+00
3.500575e-01	1.967024e+02	4.467684e-01	193845.000000	0.000000e+00
3.520518e-01	1.957397e+02	4.430576e-01	195181.000000	0.000000e+00
3.540398e-01	1.933052e+02	4.351701e-01	197319.000000	0.000000e+00
3.560324e-01	1.920015e+02	4.290785e-01	200233.000000	0.000000e+00
3.580294e-01	1.892868e+02	4.200807e-01	203037.000000	0.000000e+00
3.600284e-01	1.880668e+02	4.155009e-01	204871.000000	0.000000e+00
3.620203e-01	1.867726e+02	4.112887e-01	206221.000000	0.000000e+00
3.640124e-01	1.847928e+02	4.037039e-01	209529.000000	0.000000e+00
3.660135e-01	1.831390e+02	3.972421e-01	212545.000000	0.000000e+00
3.680092e-01	1.813695e+02	3.927928e-01	213207.000000	0.000000e+00
3.700028e-01	1.802306e+02	3.872775e-01	216577.000000	0.000000e+00
3.719978e-01	1.778393e+02	3.807214e-01	218193.000000	0.000000e+00
3.739960e-01	1.767516e+02	3.750068e-01	222151.000000	0.000000e+00
3.759897e-01	1.757221e+02	3.732512e-01	221641.000000	0.000000e+00
3.779792e-01	1.739977e+02	3.658670e-01	226173.000000	0.000000e+00
3.799721e-01	1.721871e+02	3.614148e-01	226981.000000	0.000000e+00
3.819688e-01	1.708136e+02	3.547066e-01	231903.000000	0.000000e+00
3.839641e-01	1.699939e+02	3.533168e-01	231493.000000	0.000000e+00
3.859568e-01	1.682872e+02	3.463836e-01	236041.000000	0.000000e+00
3.879523e-01	1.667882e+02	3.424362e-01	237231.000000	0.000000e+00
3.899494e-01	1.652989e+02	3.367667e-01	240925.000000	0.000000e+00
3.919470e-01	1.637392e+02	3.323196e-01	242769.000000	0.000000e+00
3.939372e-01	1.628815e+02	3.299083e-01	243757.000000	0.000000e+00
3.959285e-01	1.608058e+02	3.229170e-01	247983.000000	0.000000e+00
3.979255e-01	1.598425e+02	3.195106e-01	250273.000000	0.000000e+00
3.999206e-01	1.582166e+02	3.149420e-01	252373.000000	0.000000e+00
4.019150e-01	1.570423e+02	3.107178e-01	255447.000000	0.000000e+00
4.039099e-01	1.561172e+02	3.078996e-01	257089.000000	0.000000e+00
4.059061e-01	1.549239e+02	3.031106e-01	261237.000000	0.000000e+00
4.079005e-01	1.530544e+02	2.992067e-01	261667.000000	0.000000e+00
4.098970e-01	1.527103e+02	2.955990e-01	266889.000000	0.000000e+00
4.118939e-01	1.515379e+02	2.932417e-01	267049.000000	0.000000e+00
4.138863e-01	1.501105e+02	2.885796e-01	270577.000000	0.000000e+00
4.158785e-01	1.488318e+02	2.850353e-01	272643.000000	0.000000e+00
4.178735e-01	1.476448e+02	2.809328e-01	276205.000000	0.000000e+00
4.198688e-01	1.465350e+02	2.778350e-01	278169.000000	0.000000e+00
4.218621e-01	1.455824e+02	2.747233e-01	280819.000000	0.000000e+00
4.238555e-01	1.443761e+02	2.710940e-01	283629.000000	0.000000e+00
4.258541e-01	1.432212e+02	2.669989e-01	287737.000000	0.000000e+00
4.278511e-01	1.424819e+02	2.653939e-01	288229.000000	0.000000e+00
4.298418e-01	1.412311e+02	2.615753e-01	291519.000000	0.000000e+00
4.318357e-01	1.404756e+02	2.587694e-01	294697.000000	0.000000e+00
4.338304e-01	1.389373e+02	2.550201e-01	296817.000000	0.000000e+00
4.358259e-01	1.380382e+02	2.517123e-01	300739.000000	0.000000e+00
4.378207e-01	1.372783e+02	2.498361e-01	301921.000000	0.000000e+00
4.398126e-01	1.354558e+02	2.450883e-01	305457.000000	0.000000e+00
4.418091e-01	1.351587e+02	2.432080e-01	308839.000000	0.000000e+00
4.438046e-01	1.336846e+02	2.398568e-01	310641.000000	0.000000e+00
4.457993e-01	1.329911e+02	2.371496e-01	314485.000000	0.000000e+00
4.477952e-01	1.319385e+02	2.346661e-01	316113.000000	0.000000e+00
4.497898e-01	1.315861e+02	2.325137e-01	320275.000000	0.000000e+00
4.517835e-01	1.301866e+02	2.297417e-01	321109.000000	0.000000e+00
4.537771e-01	1.298449e+02	2.273712e-01	326121.000000	0.000000e+00
4.557736e-01	1.287851e+02	2.249623e-01	327727.000000	0.000000e+00
4.577705e-01	1.276973e+02	2.216817e-01	331821.000000	0.000000e+00
4.597631e-01	1.268458e+02	2.199796e-01	332497.000000	0.000000e+00
4.617563e-01	1.261191e+02	2.171394e-01	337353.000000	0.000000e+00
4.637522e-01	1.252999e+02	2.150271e-01	339559.000000	0.000000e+00
4.657493e-01	1.243559e+02	2.122383e-01	343309.000000	0.000000e+00
4.677438e-01	1.230918e+02	2.096392e-01	344757.000000	0.000000e+00
4.697365e-01	1.226703e+02	2.077359e-01	348703.000000	0.000000e+00
4.717321e-01	1.218598e+02	2.056106e-01	351261.000000	0.000000e+00
4.737250e-01	1.212377e+02	2.037504e-01	354061.000000	0.000000e+00
4.757151e-01	1.202183e+02	2.014537e-01	356115.000000	0.000000e+00
4.777098e-01	1.196811e+02	1.990078e-01	361669.000000	0.000000e+00
4.797067e-01	1.184100e+02	1.965617e-01	362893.000000	0.000000e+00
4.817021e-01	1.176127e+02	1.941161e-01	367101.000000	0.000000e+00
4.836980e-01	1.168439e+02	1.922359e-01	369439.000000	0.000000e+00
4.856946e-01	1.163612e+02	1.904602e-01	373257.000000	0.000000e+00
4.876921e-01	1.156133e+02	1.885573e-01	375949.000000	0.000000e+00
4.896859e-01	1.147919e+02	1.866984e-01	378043.000000	0.000000e+00
4.916774e-01	1.144071e+02	1.853207e-01	381117.000000	0.000000e+00
4.936740e-01	1.135203e+02	1.826112e-01	386449.000000	0.000000e+00
4.956690e-01	1.130065e+02	1.817969e-01	386397.000000	0.000000e+00
4.976600e-01	1.118331e+02	1.787752e-01	391315.000000	0.000000e+00
4.996551e-01	1.112033e+02	1.770930e-01	394305.000000	0.000000e+00
5.016519e-01	1.103400e+02	1.748838e-01	398077.000000	0.000000e+00
5.036462e-01	1.095665e+02	1.732573e-01	399919.000000	0.000000e+00
5.056381e-01	1.093054e+02	1.721583e-01	403113.000000	0.000000e+00
5.076338e-01	1.085592e+02	1.699084e-01	408229.000000	0.000000e+00
5.096324e-01	1.079386e+02	1.685075e-01	410313.000000	0.000000e+00
5.116253e-01	1.072248e+02	1.669110e-01	412687.000000	0.000000e+00
5.136183e-01	1.064010e+02	1.648511e-01	416589.000000	0.000000e+00
5.156137e-01	1.059143e+02	1.634408e-01	419941.000000	0.000000e+00
5.176078e-01	1.051874e+02	1.617321e-01	422995.000000	0.000000e+00
5.196028e-01	1.044945e+02	1.600162e-01	426441.000000	0.000000e+00
5.215957e-01	1.042099e+02	1.590902e-01	429073.000000	0.000000e+00
5.235886e-01	1.036751e+02	1.576508e-01	432471.000000	0.000000e+00
5.255851e-01	1.028640e+02	1.554971e-01	437605.000000	0.000000e+00
5.275802e-01	1.022786e+02	1.544689e-01	438417.000000	0.000000e+00
5.295745e-01	1.017930e+02	1.528030e-01	443785.000000	0.000000e+00
5.315675e-01	1.013258e+02	1.519405e-01	444727.000000	0.000000e+00
5.335612e-01	1.006470e+02	1.499602e-01	450453.000000	0.000000e+00
5.355583e-01	9.987080e+01	1.483257e-01	453361.000000	0.000000e+00
5.375541e-01	9.923920e+01	1.468886e-01	456447.000000	0.000000e+00
5.395464e-01	9.861906e+01	1.456631e-01	458377.000000	0.000000e+00
5.415432e-01	9.795646e+01	1.435576e-01	465601.000000	0.000000e+00
5.435403e-01	9.798131e+01	1.436650e-01	465141.000000	0.000000e+00
5.455338e-01	9.707506e+01	1.414561e-01	470947.000000	0.000000e+00
5.475270e-01	9.627595e+01	1.401664e-01	471789.000000	0.000000e+00
5.495209e-01	9.620378e+01	1.391558e-01	477949.000000	0.000000e+00
5.515191e-01	9.569190e+01	1.379363e-01	481275.000000	0.000000e+00
5.535108e-01	9.490939e+01	1.368120e-01	481249.000000	0.000000e+00
5.555021e-01	9.450405e+01	1.352249e-01	488413.000000	0.000000e+00
5.575004e-01	9.381466e+01	1.338115e-01	491535.000000	0.000000e+00
5.594964e-01	9.326432e+01	1.326823e-01	494089.000000	0.000000e+00
5.614893e-01	9.280324e+01	1.315675e-01	497541.000000	0.000000e+00
5.634832e-01	9.224826e+01	1.303127e-01	501121.000000	0.000000e+00
5.654804e-01	9.198121e+01	1.292117e-01	506751.000000	0.000000e+00
5.674733e-01	9.142622e+01	1.285694e-01	505669.000000	0.000000e+00
5.694666e-01	9.114376e+01	1.270688e-01	514489.000000	0.000000e+00
5.714632e-01	9.049093e+01	1.261569e-01	514503.000000	0.000000e+00
5.734584e-01	8.983123e+01	1.245135e-01	520501.000000	0.000000e+00
5.754516e-01	8.937186e+01	1.237831e-01	521289.000000	0.000000e+00
5.774446e-01	8.900283e+01	1.225891e-01	527113.000000	0.000000e+00
5.794400e-01	8.855011e+01	1.215973e-01	530311.000000	0.000000e+00
5.814361e-01	8.797672e+01	1.203368e-01	534489.000000	0.000000e+00
5.834313e-01	8.766905e+01	1.196258e-01	537085.000000	0.000000e+00
5.854261e-01	8.725370e+01	1.185303e-01	541887.000000	0.000000e+00
5.874218e-01	8.653452e+01	1.172231e-01	544945.000000	0.000000e+00
5.894178e-01	8.642807e+01	1.166180e-01	549261.000000	0.000000e+00
5.914114e-01	8.588070e+01	1.156959e-01	551005.000000	0.000000e+00
5.934041e-01	8.531788e+01	1.143656e-01	556531.000000	0.000000e+00
5.953995e-01	8.501478e+01	1.136093e-01	559965.000000	0.000000e+00
5.973956e-01	8.445439e+01	1.124583e-01	563977.000000	0.000000e+00
5.993886e-01	8.409035e+01	1.117667e-01	566067.000000	0.000000e+00
6.013797e-01	8.375431e+01	1.108920e-01	570445.000000	0.000000e+00
6.033767e-01	8.327254e+01	1.096211e-01	577053.000000	0.000000e+00
6.053748e-01	8.275713e+01	1.088026e-01	578539.000000	0.000000e+00
6.073667e-01	8.241843e+01	1.081282e-01	580993.000000	0.000000e+00
6.093587e-01	8.222538e+01	1.073511e-01	586677.000000	0.000000e+00
6.113538e-01	8.169089e+01	1.063488e-01	590041.000000	0.000000e+00
6.133526e-01	8.156065e+01	1.055710e-01	596859.000000	0.000000e+00
6.153452e-01	8.083055e+01	1.048816e-01	593953.000000	0.000000e+00
6.173353e-01	8.049027e+01	1.036570e-01	602961.000000	0.000000e+00
6.193326e-01	7.989382e+01	1.025904e-01	606475.000000	0.000000e+00
6.213311e-01	7.975153e+01	1.020254e-01	611029.000000	0.000000e+00
6.233265e-01	7.918701e+01	1.011467e-01	612921.000000	0.000000e+00
6.253179e-01	7.876986e+01	1.003711e-01	615889.000000	0.000000e+00
6.273130e-01	7.850586e+01	9.942431e-02	623475.000000	0.000000e+00
6.293122e-01	7.823012e+01	9.885573e-02	626245.000000	0.000000e+00
6.313064e-01	7.780385e+01	9.816108e-02	628237.000000	0.000000e+00
6.332981e-01	7.740254e+01	9.729751e-02	632859.000000	0.000000e+00
6.352932e-01	7.712445e+01	9.656980e-02	637825.000000	0.000000e+00
6.372885e-01	7.692005e+01	9.603003e-02	641601.000000	0.000000e+00
6.392814e-01	7.659835e+01	9.545465e-02	643939.000000	0.000000e+00
6.412738e-01	7.595125e+01	9.425023e-02	649389.000000	0.000000e+00
6.432707e-01	7.555420e+01	9.336385e-02	654877.000000	0.000000e+00
6.452688e-01	7.536861e+01	9.288380e-02	658417.000000	0.000000e+00
6.472597e-01	7.500163e+01	9.242888e-02	658455.000000	0.000000e+00
6.492521e-01	7.445832e+01	9.116330e-02	667093.000000	0.000000e+00
6.512503e-01	7.424023e+01	9.065066e-02	670713.000000	0.000000e+00
6.532472e-01	7.399889e+01	9.009214e-02	674647.000000	0.000000e+00
6.552421e-01	7.357842e+01	8.939742e-02	677409.000000	0.000000e+00
6.572351e-01	7.316157e+01	8.861093e-02	681697.000000	0.000000e+00
6.592311e-01	7.300920e+01	8.805593e-02	687445.000000	0.000000e+00
6.612259e-01	7.259957e+01	8.742755e-02	689559.000000	0.000000e+00
6.632165e-01	7.221204e+01	8.675216e-02	692881.000000	0.000000e+00
6.652114e-01	7.186944e+01	8.587508e-02	700413.000000	0.000000e+00
6.672061e-01	7.167553e+01	8.557096e-02	701599.000000	0.000000e+00
6.692014e-01	7.116532e+01	8.452123e-02	708933.000000	0.000000e+00
6.711970e-01	7.091061e+01	8.411248e-02	710725.000000	0.000000e+00
6.731898e-01	7.068394e+01	8.359977e-02	714877.000000	0.000000e+00
6.751840e-01	7.057227e+01	8.315966e-02	720183.000000	0.000000e+00
6.771803e-01	7.010950e+01	8.231327e-02	725461.000000	0.000000e+00
6.791765e-01	6.972836e+01	8.172150e-02	728025.000000	0.000000e+00
6.811703e-01	6.948381e+01	8.116653e-02	732847.000000	0.000000e+00
6.831642e-01	6.934818e+01	8.083257e-02	736033.000000	0.000000e+00
6.851614e-01	6.895326e+01	7.991710e-02	744441.000000	0.000000e+00
6.871573e-01	6.864235e+01	7.960306e-02	743575.000000	0.000000e+00
6.891516e-01	6.826378e+01	7.873939e-02	751617.000000	0.000000e+00
6.911457e-01	6.808825e+01	7.848473e-02	752617.000000	0.000000e+00
6.931383e-01	6.774015e+01	7.777613e-02	758577.000000	0.000000e+00
6.951321e-01	6.751761e+01	7.729849e-02	762943.000000	0.000000e+00
6.971274e-01	6.729278e+01	7.678997e-02	767941.000000	0.000000e+00
6.991227e-01	6.698497e+01	7.624437e-02	771861.000000	0.000000e+00
7.011176e-01	6.674861e+01	7.574850e-02	776491.000000	0.000000e+00
7.031125e-01	6.625021e+01	7.498490e-02	780597.000000	0.000000e+00
7.051071e-01	6.615753e+01	7.465007e-02	785413.000000	0.000000e+00
7.070999e-01	6.579393e+01	7.412738e-02	787797.000000	0.000000e+00
7.090964e-01	6.554217e+01	7.340294e-02	797287.000000	0.000000e+00
7.110914e-01	6.536652e+01	7.328375e-02	795601.000000	0.000000e+00
7.130842e-01	6.516297e+01	7.265737e-02	804345.000000	0.000000e+00
7.150803e-01	6.475961e+01	7.206219e-02	807595.000000	0.000000e+00
7.170741e-01	6.455932e+01	7.168812e-02	811005.000000	0.000000e+00
7.190690e-01	6.414005e+01	7.092653e-02	817789.000000	0.000000e+00
7.210619e-01	6.406040e+01	7.080408e-02	818583.000000	0.000000e+00
7.230561e-01	6.373315e+01	7.006397e-02	827449.000000	0.000000e+00
7.250536e-01	6.339234e+01	6.954122e-02	830977.000000	0.000000e+00
7.270476e-01	6.320727e+01	6.924842e-02	833133.000000	0.000000e+00
7.290418e-01	6.286921e+01	6.855649e-02	840967.000000	0.000000e+00
7.310364e-01	6.266062e+01	6.828121e-02	842145.000000	0.000000e+00
7.330319e-01	6.260381e+01	6.785752e-02	851149.000000	0.000000e+00
7.350274e-01	6.222128e+01	6.743457e-02	851359.000000	0.000000e+00
7.370219e-01	6.205429e+01	6.694285e-02	859281.000000	0.000000e+00
7.390166e-01	6.169007e+01	6.646676e-02	861433.000000	0.000000e+00
7.410089e-01	6.146429e+01	6.605639e-02	865797.000000	0.000000e+00
7.430036e-01	6.136061e+01	6.565900e-02	873355.000000	0.000000e+00
7.449973e-01	6.103060e+01	6.527934e-02	874065.000000	0.000000e+00
7.469934e-01	6.089926e+01	6.474217e-02	884809.000000	0.000000e+00
7.489888e-01	6.062247e+01	6.450633e-02	883207.000000	0.000000e+00
7.509812e-01	6.043133e+01	6.402295e-02	890949.000000	0.000000e+00
7.529763e-01	6.002977e+01	6.342591e-02	895777.000000	0.000000e+00
7.549714e-01	5.992324e+01	6.316454e-02	900003.000000	0.000000e+00
7.569669e-01	5.966817e+01	6.269460e-02	905785.000000	0.000000e+00
7.589617e-01	5.940727e+01	6.230845e-02	909045.000000	0.000000e+00
7.609524e-01	5.921422e+01	6.203789e-02	911041.000000	0.000000e+00
7.629473e-01	5.890939e+01	6.131224e-02	923155.000000	0.000000e+00
7.649457e-01	5.875210e+01	6.113576e-02	923541.000000	0.000000e+00
7.669414e-01	5.852112e+01	6.066985e-02	930421.000000	0.000000e+00
7.689348e-01	5.828481e+01	6.040726e-02	930963.000000	0.000000e+00
7.709274e-01	5.819495e+01	6.004698e-02	939265.000000	0.000000e+00
7.729233e-01	5.806818e+01	5.975683e-02	944281.000000	0.000000e+00
7.749191e-01	5.763970e+01	5.919091e-02	948273.000000	0.000000e+00
7.769132e-01	5.749968e+01	5.891091e-02	952663.000000	0.000000e+00
7.789076e-01	5.739014e+01	5.861213e-02	958737.000000	0.000000e+00
7.809031e-01	5.714274e+01	5.823339e-02	962893.000000	0.000000e+00
7.828987e-01	5.691541e+01	5.781141e-02	969243.000000	0.000000e+00
7.848915e-01	5.673919e+01	5.762997e-02	969325.000000	0.000000e+00
7.868833e-01	5.647094e+01	5.707732e-02	978865.000000	0.000000e+00
7.888804e-01	5.622020e+01	5.666792e-02	984261.000000	0.000000e+00
7.908771e-01	5.623359e+01	5.656916e-02	988171.000000	0.000000e+00
7.928676e-01	5.588685e+01	5.621313e-02	988425.000000	0.000000e+00
7.948626e-01	5.565765e+01	5.560238e-02	1001989.000000	0.000000e+00
7.968598e-01	5.551398e+01	5.546810e-02	1001655.000000	0.000000e+00
7.988545e-01	5.528464e+01	5.504972e-02	1008553.000000	0.000000e+00
8.008504e-01	5.505168e+01	5.468356e-02	1013509.000000	0.000000e+00
8.028453e-01	5.489041e+01	5.441807e-02	1017435.000000	0.000000e+00
8.048390e-01	5.474990e+01	5.414615e-02	1022425.000000	0.000000e+00
8.068333e-01	5.449871e+01	5.374320e-02	1028313.000000	0.000000e+00
8.088264e-01	5.430129e+01	5.347857e-02	1031005.000000	0.000000e+00
8.108207e-01	5.412795e+01	5.307174e-02	1040199.000000	0.000000e+00
8.128165e-01	5.399748e+01	5.288869e-02	1042369.000000	0.000000e+00
8.148139e-01	5.372156e+01	5.236703e-02	1052401.000000	0.000000e+00
8.168081e-01	5.357380e+01	5.230084e-02	1049271.000000	0.000000e+00
8.188002e-01	5.342554e+01	5.188596e-02	1060225.000000	0.000000e+00
8.207967e-01	5.329786e+01	5.165780e-02	1064505.000000	0.000000e+00
8.227922e-01	5.296914e+01	5.122431e-02	1069285.000000	0.000000e+00
8.247842e-01	5.288467e+01	5.109033e-02	1071475.000000	0.000000e+00
8.267774e-01	5.263228e+01	5.062610e-02	1080825.000000	0.000000e+00
8.287741e-01	5.248473e+01	5.038182e-02	1085221.000000	0.000000e+00
8.307694e-01	5.240748e+01	5.018761e-02	1090419.000000	0.000000e+00
8.327612e-01	5.212175e+01	4.989153e-02	1091401.000000	0.000000e+00
8.347561e-01	5.200206e+01	4.947874e-02	1104597.000000	0.000000e+00
8.367530e-01	5.181390e+01	4.931529e-02	1103899.000000	0.000000e+00
8.387474e-01	5.158908e+01	4.891569e-02	1112293.000000	0.000000e+00
8.407404e-01	5.151901e+01	4.881906e-02	1113669.000000	0.000000e+00
8.427374e-01	5.135098e+01	4.838860e-02	1126189.000000	0.000000e+00
8.447334e-01	5.113127e+01	4.822831e-02	1124007.000000	0.000000e+00
8.467264e-01	5.102105e+01	4.793262e-02	1133017.000000	0.000000e+00
8.487214e-01	5.079204e+01	4.762433e-02	1137453.000000	0.000000e+00
8.507177e-01	5.062516e+01	4.731318e-02	1144903.000000	0.000000e+00
8.527137e-01	5.047955e+01	4.712710e-02	1147333.000000	0.000000e+00
8.547066e-01	5.027823e+01	4.682161e-02	1153101.000000	0.000000e+00
8.566997e-01	5.007199e+01	4.654019e-02	1157533.000000	0.000000e+00
8.586939e-01	4.998688e+01	4.629886e-02	1165659.000000	0.000000e+00
8.606895e-01	4.976526e+01	4.601954e-02	1169413.000000	0.000000e+00
8.626845e-01	4.966393e+01	4.579406e-02	1176153.000000	0.000000e+00
8.646771e-01	4.943112e+01	4.554901e-02	1177723.000000	0.000000e+00
8.666737e-01	4.936197e+01	4.522874e-02	1191121.000000	0.000000e+00
8.686687e-01	4.922272e+01	4.517297e-02	1187337.000000	0.000000e+00
8.706613e-01	4.898641e+01	4.474107e-02	1198777.000000	0.000000e+00
8.726576e-01	4.887339e+01	4.455648e-02	1203159.000000	0.000000e+00
8.746526e-01	4.866946e+01	4.428104e-02	1208029.000000	0.000000e+00
8.766473e-01	4.860234e+01	4.411929e-02	1213549.000000	0.000000e+00
8.786425e-01	4.837832e+01	4.379546e-02	1220235.000000	0.000000e+00
8.806361e-01	4.822457e+01	4.362200e-02	1222153.000000	0.000000e+00
8.826306e-01	4.808800e+01	4.331330e-02	1232625.000000	0.000000e+00
8.846261e-01	4.804102e+01	4.323379e-02	1234747.000000	0.000000e+00
8.866198e-01	4.778477e+01	4.289759e-02	1240833.000000	0.000000e+00
8.886129e-01	4.762472e+01	4.266377e-02	1246081.000000	0.000000e+00
8.906092e-01	4.754617e+01	4.243799e-02	1255225.000000	0.000000e+00
8.926060e-01	4.735583e+01	4.221120e-02	1258611.000000	0.000000e+00
8.945977e-01	4.732060e+01	4.216355e-02	1259581.000000	0.000000e+00
8.965906e-01	4.710224e+01	4.177706e-02	1271181.000000	0.000000e+00
8.985880e-01	4.698483e+01	4.156987e-02	1277491.000000	0.000000e+00
9.005838e-01	4.678995e+01	4.136383e-02	1279569.000000	0.000000e+00
9.025779e-01	4.663684e+01	4.110198e-02	1287457.000000	0.000000e+00
9.045696e-01	4.653427e+01	4.101980e-02	1286941.000000	0.000000e+00
9.065641e-01	4.637071e+01	4.062241e-02	1303035.000000	0.000000e+00
9.085608e-01	4.613405e+01	4.043766e-02	1301581.000000	0.000000e+00
9.105556e-01	4.616726e+01	4.032340e-02	1310853.000000	0.000000e+00
9.125491e-01	4.596150e+01	4.011709e-02	1312591.000000	0.000000e+00
9.145430e-01	4.579765e+01	3.983186e-02	1321981.000000	0.000000e+00
9.165388e-01	4.569630e+01	3.966195e-02	1327437.000000	0.000000e+00
9.185338e-01	4.554487e+01	3.946745e-02	1331683.000000	0.000000e+00
9.205260e-01	4.544692e+01	3.932658e-02	1335477.000000	0.000000e+00
9.225196e-01	4.533423e+01	3.908180e-02	1345561.000000	0.000000e+00
9.245166e-01	4.515534e+01	3.884821e-02	1351065.000000	0.000000e+00
9.265116e-01	4.503029e+01	3.868315e-02	1355083.000000	0.000000e+00
9.285045e-01	4.491573e+01	3.852312e-02	1359421.000000	0.000000e+00
9.305006e-01	4.476208e+01	3.822223e-02	1371477.000000	0.000000e+00
9.324963e-01	4.457868e+01	3.807848e-02	1370551.000000	0.000000e+00
9.344905e-01	4.455545e+01	3.791481e-02	1380969.000000	0.000000e+00
9.364841e-01	4.442325e+01	3.779208e-02	1381717.000000	0.000000e+00
9.384788e-01	4.428807e+01	3.751119e-02	1393965.000000	0.000000e+00
9.404757e-01	4.417492e+01	3.737358e-02	1397083.000000	0.000000e+00
9.424709e-01	4.408617e+01	3.721587e-02	1403293.000000	0.000000e+00
9.444637e-01	4.386265e+01	3.700257e-02	1405161.000000	0.000000e+00
9.464579e-01	4.373874e+01	3.673311e-02	1417807.000000	0.000000e+00
9.484531e-01	4.359641e+01	3.661340e-02	1417821.000000	0.000000e+00
9.504465e-01	4.359608e+01	3.648254e-02	1427989.000000	0.000000e+00
9.524403e-01	4.340901e+01	3.630111e-02	1429947.000000	0.000000e+00
9.544356e-01	4.329066e+01	3.605466e-02	1441669.000000	0.000000e+00
9.564314e-01	4.321715e+01	3.596949e-02	1443589.000000	0.000000e+00
9.584264e-01	4.303157e+01	3.571518e-02	1451673.000000	0.000000e+00
9.604198e-01	4.295440e+01	3.561701e-02	1454455.000000	0.000000e+00
9.624139e-01	4.284238e+01	3.541528e-02	1463409.000000	0.000000e+00
9.644094e-01	4.270783e+01	3.522812e-02	1469725.000000	0.000000e+00
9.664057e-01	4.255415e+01	3.502003e-02	1476559.000000	0.000000e+00
9.684002e-01	4.239125e+01	3.485876e-02	1478865.000000	0.000000e+00
9.703940e-01	4.236904e+01	3.473295e-02	1488037.000000	0.000000e+00
9.723898e-01	4.220725e+01	3.453623e-02	1493565.000000	0.000000e+00
9.743840e-01	4.207754e+01	3.436846e-02	1498927.000000	0.000000e+00
9.763785e-01	4.201806e+01	3.424605e-02	1505397.000000	0.000000e+00
9.783734e-01	4.189820e+01	3.407465e-02	1511917.000000	0.000000e+00
9.803685e-01	4.175266e+01	3.388208e-02	1518547.000000	0.000000e+00
9.823637e-01	4.162323e+01	3.371859e-02	1523817.000000	0.000000e+00
9.843574e-01	4.157763e+01	3.362288e-02	1529149.000000	0.000000e+00
9.863523e-01	4.144432e+01	3.342305e-02	1537581.000000	0.000000e+00
9.883468e-01	4.134225e+01	3.330166e-02	1541191.000000	0.000000e+00
9.903414e-01	4.116789e+01	3.306223e-02	1550433.000000	0.000000e+00
9.923355e-01	4.118292e+01	3.305264e-02	1552465.000000	0.000000e+00
9.943301e-01	4.096752e+01	3.275940e-02	1563895.000000	0.000000e+00
9.963253e-01	4.086657e+01	3.265761e-02	1565913.000000	0.000000e+00
9.983198e-01	4.075553e+01	3.246933e-02	1575529.000000	0.000000e+00
1.000313e+00	4.062787e+01	3.235713e-02	1576551.000000	0.000000e+00
1.002307e+00	4.057965e+01	3.219000e-02	1589185.000000	0.000000e+00
1.004304e+00	4.037282e+01	3.198518e-02	1593237.000000	0.000000e+00
1.006299e+00	4.030668e+01	3.187410e-02	1599109.000000	0.000000e+00
1.008293e+00	4.024596e+01	3.177362e-02	1604395.000000	0.000000e+00
1.010286e+00	4.014596e+01	3.163037e-02	1610925.000000	0.000000e+00
1.012281e+00	3.998941e+01	3.141876e-02	1619989.000000	0.000000e+00
1.014278e+00	3.993219e+01	3.131469e-02	1626111.000000	0.000000e+00
1.016273e+00	3.981806e+01	3.119196e-02	1629577.000000	0.000000e+00
1.018266e+00	3.968464e+01	3.100990e-02	1637737.000000	0.000000e+00
1.020261e+00	3.961069e+01	3.090350e-02	1642893.000000	0.000000e+00
1.022257e+00	3.950163e+01	3.072143e-02	1653283.000000	0.000000e+00
1.024250e+00	3.938610e+01	3.064291e-02	1652061.000000	0.000000e+00
1.026244e+00	3.928867e+01	3.043296e-02	1666657.000000	0.000000e+00
1.028241e+00	3.918221e+01	3.031677e-02	1670367.000000	0.000000e+00
1.030236e+00	3.908782e+01	3.020007e-02	1675201.000000	0.000000e+00
1.032228e+00	3.901046e+01	3.009506e-02	1680241.000000	0.000000e+00
1.034224e+00	3.892380e+01	2.992164e-02	1692231.000000	0.000000e+00
1.036220e+00	3.877466e+01	2.978137e-02	1695145.000000	0.000000e+00
1.038214e+00	3.873106e+01	2.968703e-02	1702101.000000	0.000000e+00
1.040208e+00	3.854506e+01	2.949394e-02	1707937.000000	0.000000e+00
1.042203e+00	3.859673e+01	2.945729e-02	1716783.000000	0.000000e+00
1.044197e+00	3.844732e+01	2.932791e-02	1718581.000000	0.000000e+00
1.046189e+00	3.829531e+01	2.914244e-02	1726789.000000	0.000000e+00
1.048183e+00	3.824006e+01	2.901552e-02	1736907.000000	0.000000e+00
1.050179e+00	3.816738e+01	2.891577e-02	1742269.000000	0.000000e+00
1.052174e+00	3.804484e+01	2.877090e-02	1748577.000000	0.000000e+00
1.054169e+00	3.796102e+01	2.865521e-02	1754965.000000	0.000000e+00
1.056163e+00	3.783997e+01	2.852912e-02	1759239.000000	0.000000e+00
1.058157e+00	3.777543e+01	2.838941e-02	1770541.000000	0.000000e+00
1.060154e+00	3.764825e+01	2.825117e-02	1775893.000000	0.000000e+00
1.062148e+00	3.753362e+01	2.812629e-02	1780803.000000	0.000000e+00
1.064143e+00	3.752127e+01	2.806114e-02	1787905.000000	0.000000e+00
1.066137e+00	3.740442e+01	2.792005e-02	1794789.000000	0.000000e+00
1.068131e+00	3.727578e+01	2.777520e-02	1801105.000000	0.000000e+00
1.070126e+00	3.725260e+01	2.769136e-02	1809775.000000	0.000000e+00
1.072119e+00	3.705933e+01	2.754458e-02	1810185.000000	0.000000e+00
1.074114e+00	3.706578e+01	2.741032e-02	1828597.000000	0.000000e+00
1.076113e+00	3.697056e+01	2.733371e-02	1829427.000000	0.000000e+00
1.078107e+00	3.686047e+01	2.721691e-02	1834189.000000	0.000000e+00
1.080099e+00	3.673797e+01	2.709097e-02	1838997.000000	0.000000e+00
1.082092e+00	3.669981e+01	2.699801e-02	1847839.000000	0.000000e+00
1.084089e+00	3.662670e+01	2.683669e-02	1862677.000000	0.000000e+00
1.086085e+00	3.651123e+01	2.678605e-02	1857957.000000	0.000000e+00
1.088077e+00	3.638451e+01	2.660419e-02	1870393.000000	0.000000e+00
1.090073e+00	3.636929e+01	2.654312e-02	1877439.000000	0.000000e+00
1.092068e+00	3.627616e+01	2.642647e-02	1884361.000000	0.000000e+00
1.094062e+00	3.619441e+01	2.634222e-02	1887897.000000	0.000000e+00
1.096057e+00	3.605394e+01	2.616030e-02	1899415.000000	0.000000e+00
1.098053e+00	3.600392e+01	2.608872e-02	1904557.000000	0.000000e+00
1.100048e+00	3.582693e+01	2.590881e-02	1912161.000000	0.000000e+00
1.102043e+00	3.582563e+01	2.588227e-02	1915945.000000	0.000000e+00
1.104036e+00	3.576561e+01	2.577914e-02	1924839.000000	0.000000e+00
1.106029e+00	3.563254e+01	2.565607e-02	1928917.000000	0.000000e+00
1.108023e+00	3.560044e+01	2.555777e-02	1940281.000000	0.000000e+00
1.110020e+00	3.551299e+01	2.544162e-02	1948431.000000	0.000000e+00
1.112015e+00	3.544887e+01	2.537858e-02	1951057.000000	0.000000e+00
1.114010e+00	3.532029e+01	2.521979e-02	1961397.000000	0.000000e+00
1.116005e+00	3.526092e+01	2.514927e-02	1965787.000000	0.000000e+00
1.117998e+00	3.519313e+01	2.506162e-02	1971957.000000	0.000000e+00
1.119992e+00	3.508498e+01	2.492120e-02	1982005.000000	0.000000e+00
1.121988e+00	3.505064e+01	2.485665e-02	1988413.000000	0.000000e+00
1.123983e+00	3.492682e+01	2.471238e-02	1997511.000000	0.000000e+00
1.125977e+00	3.487889e+01	2.467477e-02	1998109.000000	0.000000e+00
1.127972e+00	3.477612e+01	2.451333e-02	2012601.000000	0.000000e+00
1.129966e+00	3.472054e+01	2.446986e-02	2013307.000000	0.000000e+00
1.131961e+00	3.460940e+01	2.431166e-02	2026557.000000	0.000000e+00
1.133958e+00	3.459507e+01	2.426933e-02	2031949.000000	0.000000e+00
1.135953e+00	3.449142e+01	2.416296e-02	2037613.000000	0.000000e+00
1.137947e+00	3.439431e+01	2.405367e-02	2044611.000000	0.000000e+00
1.139941e+00	3.435432e+01	2.399552e-02	2049757.000000	0.000000e+00
1.141933e+00	3.422738e+01	2.386647e-02	2056701.000000	0.000000e+00
1.143926e+00	3.415868e+01	2.376193e-02	2066515.000000	0.000000e+00
1.145922e+00	3.407399e+01	2.365259e-02	2075337.000000	0.000000e+00
1.147919e+00	3.401084e+01	2.355981e-02	2083969.000000	0.000000e+00
1.149913e+00	3.391899e+01	2.349263e-02	2084599.000000	0.000000e+00
1.151906e+00	3.383468e+01	2.337496e-02	2095185.000000	0.000000e+00
1.153901e+00	3.376629e+01	2.327642e-02	2104429.000000	0.000000e+00
1.155897e+00	3.367889e+01	2.318350e-02	2110365.000000	0.000000e+00
1.157894e+00	3.361812e+01	2.308302e-02	2121103.000000	0.000000e+00
1.159888e+00	3.356618e+01	2.305502e-02	2119693.000000	0.000000e+00
1.161881e+00	3.344936e+01	2.289651e-02	2134209.000000	0.000000e+00
1.163877e+00	3.340953e+01	2.283711e-02	2140219.000000	0.000000e+00
1.165871e+00	3.333690e+01	2.277660e-02	2142261.000000	0.000000e+00
1.167864e+00	3.327563e+01	2.266343e-02	2155765.000000	0.000000e+00
1.169859e+00	3.326675e+01	2.263706e-02	2159637.000000	0.000000e+00
1.171854e+00	3.314210e+01	2.249073e-02	2171467.000000	0.000000e+00
1.173850e+00	3.300880e+01	2.238268e-02	2174881.000000	0.000000e+00
1.175844e+00	3.297706e+01	2.231272e-02	2184333.000000	0.000000e+00
1.177839e+00	3.293199e+01	2.224767e-02	2191123.000000	0.000000e+00
1.179834e+00	3.289313e+01	2.218590e-02	2198145.000000	0.000000e+00
1.181828e+00	3.277900e+01	2.207704e-02	2204497.000000	0.000000e+00
1.183822e+00	3.269897e+01	2.197864e-02	2213433.000000	0.000000e+00
1.185817e+00	3.262417e+01	2.189724e-02	2219731.000000	0.000000e+00
1.187809e+00	3.256560e+01	2.183177e-02	2225053.000000	0.000000e+00
1.189803e+00	3.248392e+01	2.173078e-02	2234529.000000	0.000000e+00
1.191799e+00	3.244291e+01	2.163671e-02	2248315.000000	0.000000e+00
1.193796e+00	3.235558e+01	2.156247e-02	2251653.000000	0.000000e+00
1.195792e+00	3.229997e+01	2.148849e-02	2259397.000000	0.000000e+00
1.197785e+00	3.220591e+01	2.141487e-02	2261727.000000	0.000000e+00
1.199779e+00	3.216202e+01	2.132334e-02	2274973.000000	0.000000e+00
1.201773e+00	3.209046e+01	2.126843e-02	2276569.000000	0.000000e+00
1.203767e+00	3.204792e+01	2.117318e-02	2291013.000000	0.000000e+00
1.205763e+00	3.198331e+01	2.110300e-02	2296987.000000	0.000000e+00
1.207758e+00	3.187292e+01	2.100154e-02	2303253.000000	0.000000e+00
1.209754e+00	3.185743e+01	2.094335e-02	2313817.000000	0.000000e+00
1.211748e+00	3.175625e+01	2.086826e-02	2315719.000000	0.000000e+00
1.213743e+00	3.170099e+01	2.077041e-02	2329461.000000	0.000000e+00
1.215737e+00	3.162665e+01	2.071768e-02	2330365.000000	0.000000e+00
1.217730e+00	3.155201e+01	2.061881e-02	2341677.000000	0.000000e+00
1.219726e+00	3.150545e+01	2.053667e-02	2353483.000000	0.000000e+00
1.221721e+00	3.141662e+01	2.048096e-02	2352981.000000	0.000000e+00
1.223715e+00	3.136116e+01	2.038597e-02	2366581.000000	0.000000e+00
1.225710e+00	3.129226e+01	2.031532e-02	2372611.000000	0.000000e+00
1.227704e+00	3.124689e+01	2.026501e-02	2377497.000000	0.000000e+00
1.229699e+00	3.120154e+01	2.017614e-02	2391529.000000	0.000000e+00
1.231694e+00	3.115959e+01	2.013754e-02	2394255.000000	0.000000e+00
1.233689e+00	3.106409e+01	2.002671e-02	2406013.000000	0.000000e+00
1.235683e+00	3.097211e+01	1.995693e-02	2408541.000000	0.000000e+00
1.237678e+00	3.094138e+01	1.989118e-02	2419681.000000	0.000000e+00
1.239673e+00	3.086754e+01	1.980381e-02	2429443.000000	0.000000e+00
1.241668e+00	3.079843e+01	1.975112e-02	2431497.000000	0.000000e+00
1.243663e+00	3.074329e+01	1.965227e-02	2447233.000000	0.000000e+00
1.245659e+00	3.068429e+01	1.960422e-02	2449815.000000	0.000000e+00
1.247653e+00	3.061653e+01	1.953401e-02	2456569.000000	0.000000e+00
1.249644e+00	3.057854e+01	1.950360e-02	2458125.000000	0.000000e+00
1.251638e+00	3.053448e+01	1.939061e-02	2479693.000000	0.000000e+00
1.253636e+00	3.043334e+01	1.930675e-02	2484739.000000	0.000000e+00
1.255632e+00	3.037578e+01	1.924552e-02	2491125.000000	0.000000e+00
1.257626e+00	3.032920e+01	1.919816e-02	2495761.000000	0.000000e+00
1.259621e+00	3.027482e+01	1.912111e-02	2506899.000000	0.000000e+00
1.261615e+00	3.022203e+01	1.907340e-02	2510677.000000	0.000000e+00
1.263609e+00	3.014306e+01	1.896947e-02	2525017.000000	0.000000e+00
1.265604e+00	3.009610e+01	1.894052e-02	2524857.000000	0.000000e+00
1.267598e+00	3.004182e+01	1.884796e-02	2540527.000000	0.000000e+00
1.269593e+00	2.993026e+01	1.876600e-02	2543769.000000	0.000000e+00
1.271588e+00	2.991812e+01	1.871749e-02	2554897.000000	0.000000e+00
1.273582e+00	2.983031e+01	1.864119e-02	2560755.000000	0.000000e+00
1.275577e+00	2.980731e+01	1.859231e-02	2570269.000000	0.000000e+00
1.277572e+00	2.970688e+01	1.850864e-02	2576113.000000	0.000000e+00
1.279565e+00	2.966104e+01	1.845362e-02	2583507.000000	0.000000e+00
1.281558e+00	2.964022e+01	1.840694e-02	2592985.000000	0.000000e+00
1.283553e+00	2.958613e+01	1.833581e-02	2603613.000000	0.000000e+00
1.285549e+00	2.951196e+01	1.826677e-02	2610193.000000	0.000000e+00
1.287543e+00	2.944425e+01	1.820098e-02	2617047.000000	0.000000e+00
1.289538e+00	2.940031e+01	1.814261e-02	2626057.000000	0.000000e+00
1.291534e+00	2.935450e+01	1.807404e-02	2637781.000000	0.000000e+00
1.293528e+00	2.926238e+01	1.801478e-02	2638527.000000	0.000000e+00
1.295521e+00	2.921602e+01	1.794796e-02	2649793.000000	0.000000e+00
1.297517e+00	2.915197e+01	1.786696e-02	2662161.000000	0.000000e+00
1.299511e+00	2.913299e+01	1.785299e-02	2662861.000000	0.000000e+00
1.301506e+00	2.905786e+01	1.775392e-02	2678791.000000	0.000000e+00
1.303501e+00	2.898696e+01	1.770072e-02	2681781.000000	0.000000e+00
1.305496e+00	2.895033e+01	1.764439e-02	2692117.000000	0.000000e+00
1.307491e+00	2.888457e+01	1.757671e-02	2700579.000000	0.000000e+00
1.309485e+00	2.882154e+01	1.752365e-02	2705113.000000	0.000000e+00
1.311479e+00	2.883085e+01	1.748975e-02	2717361.000000	0.000000e+00
1.313474e+00	2.875196e+01	1.741815e-02	2724775.000000	0.000000e+00
1.315469e+00	2.867835e+01	1.734549e-02	2733601.000000	0.000000e+00
1.317464e+00	2.862468e+01	1.728650e-02	2741997.000000	0.000000e+00
1.319459e+00	2.859342e+01	1.724781e-02	2748301.000000	0.000000e+00
1.321454e+00	2.853348e+01	1.718028e-02	2758347.000000	0.000000e+00
1.323447e+00	2.847887e+01	1.713422e-02	2762593.000000	0.000000e+00
1.325442e+00	2.840473e+01	1.704448e-02	2777241.000000	0.000000e+00
1.327438e+00	2.836881e+01	1.700326e-02	2783671.000000	0.000000e+00
1.329433e+00	2.828336e+01	1.692589e-02	2792281.000000	0.000000e+00
1.331427e+00	2.828266e+01	1.691001e-02	2797389.000000	0.000000e+00
1.333421e+00	2.822129e+01	1.684929e-02	2805373.000000	0.000000e+00
1.335416e+00	2.815951e+01	1.676895e-02	2819931.000000	0.000000e+00
1.337412e+00	2.810553e+01	1.671882e-02	2826001.000000	0.000000e+00
1.339407e+00	2.801963e+01	1.664947e-02	2832201.000000	0.000000e+00
1.341402e+00	2.800623e+01	1.660500e-02	2844667.000000	0.000000e+00
1.343396e+00	2.794458e+01	1.657420e-02	2842693.000000	0.000000e+00
1.345387e+00	2.791077e+01	1.651184e-02	2857281.000000	0.000000e+00
1.347382e+00	2.783732e+01	1.643627e-02	2868457.000000	0.000000e+00
1.349378e+00	2.779488e+01	1.638371e-02	2878095.000000	0.000000e+00
1.351373e+00	2.776606e+01	1.635238e-02	2883145.000000	0.000000e+00
1.353369e+00	2.768549e+01	1.626831e-02	2896141.000000	0.000000e+00
1.355363e+00	2.763600e+01	1.623670e-02	2897043.000000	0.000000e+00
1.357357e+00	2.755383e+01	1.615001e-02	2910841.000000	0.000000e+00
1.359352e+00	2.755571e+01	1.613483e-02	2916717.000000	0.000000e+00
1.361346e+00	2.749825e+01	1.607496e-02	2926243.000000	0.000000e+00
1.363341e+00	2.746152e+01	1.602269e-02	2937501.000000	0.000000e+00
1.365335e+00	2.738149e+01	1.596712e-02	2940769.000000	0.000000e+00
1.367330e+00	2.733926e+01	1.590619e-02	2954209.000000	0.000000e+00
1.369325e+00	2.730930e+01	1.586653e-02	2962491.000000	0.000000e+00
1.371320e+00	2.724880e+01	1.581519e-02	2968561.000000	0.000000e+00
1.373315e+00	2.718911e+01	1.575069e-02	2979825.000000	0.000000e+00
1.375310e+00	2.717033e+01	1.571913e-02	2987671.000000	0.000000e+00
1.377305e+00	2.710533e+01	1.566046e-02	2995713.000000	0.000000e+00
1.379299e+00	2.704792e+01	1.561297e-02	3001213.000000	0.000000e+00
1.381291e+00	2.700649e+01	1.556902e-02	3008941.000000	0.000000e+00
1.383286e+00	2.694236e+01	1.548515e-02	3027195.000000	0.000000e+00
1.385283e+00	2.694416e+01	1.547549e-02	3031381.000000	0.000000e+00
1.387277e+00	2.685352e+01	1.540893e-02	3037089.000000	0.000000e+00
1.389271e+00	2.684020e+01	1.537431e-02	3047755.000000	0.000000e+00
1.391265e+00	2.677557e+01	1.531878e-02	3055125.000000	0.000000e+00
1.393258e+00	2.674900e+01	1.528291e-02	3063397.000000	0.000000e+00
1.395253e+00	2.670820e+01	1.522443e-02	3077563.000000	0.000000e+00
1.397249e+00	2.662725e+01	1.516655e-02	3082329.000000	0.000000e+00
1.399243e+00	2.660747e+01	1.513061e-02	3092389.000000	0.000000e+00
1.401239e+00	2.655163e+01	1.507435e-02	3102453.000000	0.000000e+00
1.403233e+00	2.650907e+01	1.503903e-02	3107059.000000	0.000000e+00
1.405226e+00	2.646779e+01	1.499118e-02	3117193.000000	0.000000e+00
1.407222e+00	2.644286e+01	1.494666e-02	3129885.000000	0.000000e+00
1.409216e+00	2.637051e+01	1.489604e-02	3133975.000000	0.000000e+00
1.411211e+00	2.634186e+01	1.484932e-02	3146877.000000	0.000000e+00
1.413206e+00	2.627981e+01	1.480076e-02	3152653.000000	0.000000e+00
1.415201e+00	2.621698e+01	1.473270e-02	3166653.000000	0.000000e+00
1.417197e+00	2.614404e+01	1.468077e-02	3171379.000000	0.000000e+00
1.419191e+00	2.615172e+01	1.466601e-02	3179629.000000	0.000000e+00
1.421187e+00	2.607854e+01	1.459502e-02	3192693.000000	0.000000e+00
1.423181e+00	2.603719e+01	1.456646e-02	3195067.000000	0.000000e+00
1.425175e+00	2.602013e+01	1.452631e-02	3208545.000000	0.000000e+00
1.427168e+00	2.597974e+01	1.449801e-02	3211093.000000	0.000000e+00
1.429161e+00	2.592343e+01	1.443863e-02	3223539.000000	0.000000e+00
1.431157e+00	2.587204e+01	1.436628e-02	3243193.000000	0.000000e+00
1.433155e+00	2.585530e+01	1.435350e-02	3244765.000000	0.000000e+00
1.435149e+00	2.577223e+01	1.429881e-02	3248661.000000	0.000000e+00
1.437142e+00	2.574722e+01	1.425516e-02	3262243.000000	0.000000e+00
1.439138e+00	2.571500e+01	1.421319e-02	3273333.000000	0.000000e+00
1.441132e+00	2.565571e+01	1.417833e-02	3274297.000000	0.000000e+00
1.443123e+00	2.561655e+01	1.413450e-02	3284583.000000	0.000000e+00
1.445118e+00	2.555956e+01	1.406476e-02	3302497.000000	0.000000e+00
1.447115e+00	2.551244e+01	1.402240e-02	3310237.000000	0.000000e+00
1.449110e+00	2.550083e+01	1.400535e-02	3315285.000000	0.000000e+00
1.451106e+00	2.544642e+01	1.394811e-02	3328303.000000	0.000000e+00
1.453101e+00	2.543142e+01	1.393087e-02	3332613.000000	0.000000e+00
1.455095e+00	2.535678e+01	1.386366e-02	3345277.000000	0.000000e+00
1.457090e+00	2.534167e+01	1.383966e-02	3352891.000000	0.000000e+00
1.459084e+00	2.527010e+01	1.379147e-02	3357321.000000	0.000000e+00
1.461078e+00	2.523695e+01	1.373620e-02	3375517.000000	0.000000e+00
1.463073e+00	2.520077e+01	1.371145e-02	3378009.000000	0.000000e+00
1.465068e+00	2.518416e+01	1.367584e-02	3391147.000000	0.000000e+00
1.467062e+00	2.513541e+01	1.363798e-02	3396813.000000	0.000000e+00
1.469058e+00	2.507304e+01	1.357062e-02	3413617.000000	0.000000e+00
1.471053e+00	2.502740e+01	1.354419e-02	3414487.000000	0.000000e+00
1.473046e+00	2.499150e+01	1.350576e-02	3424101.000000	0.000000e+00
1.475040e+00	2.495293e+01	1.346292e-02	3435301.000000	0.000000e+00
1.477034e+00	2.490328e+01	1.341793e-02	3444627.000000	0.000000e+00
1.479030e+00	2.486457e+01	1.336948e-02	3458857.000000	0.000000e+00
1.481024e+00	2.482565e+01	1.335174e-02	3457209.000000	0.000000e+00
1.483018e+00	2.476958e+01	1.328235e-02	3477661.000000	0.000000e+00
1.485014e+00	2.474754e+01	1.326275e-02	3481747.000000	0.000000e+00
1.487008e+00	2.471028e+01	1.322210e-02	3492645.000000	0.000000e+00
1.489002e+00	2.465239e+01	1.318163e-02	3497677.000000	0.000000e+00
1.490997e+00	2.462612e+01	1.313376e-02	3515715.000000	0.000000e+00
1.492993e+00	2.456498e+01	1.309848e-02	3517153.000000	0.000000e+00
1.494987e+00	2.455752e+01	1.306737e-02	3531769.000000	0.000000e+00
1.496982e+00	2.449821e+01	1.302613e-02	3537021.000000	0.000000e+00
1.498975e+00	2.446532e+01	1.299033e-02	3547003.000000	0.000000e+00
1.500970e+00	2.442335e+01	1.294531e-02	3559473.000000	0.000000e+00
1.502966e+00	2.438230e+01	1.290633e-02	3568981.000000	0.000000e+00
1.504960e+00	2.436295e+01	1.288534e-02	3574935.000000	0.000000e+00
1.506955e+00	2.432643e+01	1.284412e-02	3587137.000000	0.000000e+00
1.508949e+00	2.427706e+01	1.280803e-02	3592753.000000	0.000000e+00
1.510943e+00	2.422277e+01	1.275476e-02	3606639.000000	0.000000e+00
1.512938e+00	2.417221e+01	1.271301e-02	3615229.000000	0.000000e+00
1.514933e+00	2.417238e+01	1.269435e-02	3625917.000000	0.000000e+00
1.516927e+00	2.411190e+01	1.265668e-02	3629305.000000	0.000000e+00
1.518923e+00	2.410045e+01	1.260944e-02	3653079.000000	0.000000e+00
1.520918e+00	2.404519e+01	1.259748e-02	3643249.000000	0.000000e+00
1.522911e+00	2.402416e+01	1.254585e-02	3666877.000000	0.000000e+00
1.524905e+00	2.397117e+01	1.251838e-02	3666759.000000	0.000000e+00
1.526901e+00	2.395607e+01	1.246785e-02	3691885.000000	0.000000e+00
1.528897e+00	2.390861e+01	1.245299e-02	3686049.000000	0.000000e+00
1.530892e+00	2.384230e+01	1.238653e-02	3705073.000000	0.000000e+00
1.532887e+00	2.384514e+01	1.237886e-02	3710547.000000	0.000000e+00
1.534882e+00	2.379451e+01	1.233429e-02	3721561.000000	0.000000e+00
1.536875e+00	2.375798e+01	1.231405e-02	3722353.000000	0.000000e+00
1.538868e+00	2.368630e+01	1.224386e-02	3742467.000000	0.000000e+00
1.540864e+00	2.367754e+01	1.222488e-02	3751321.000000	0.000000e+00
1.542860e+00	2.363975e+01	1.218938e-02	3761169.000000	0.000000e+00
1.544854e+00	2.360881e+01	1.216781e-02	3764641.000000	0.000000e+00
1.546848e+00	2.356589e+01	1.211896e-02	3781267.000000	0.000000e+00
1.548843e+00	2.353892e+01	1.209892e-02	3785121.000000	0.000000e+00
1.550838e+00	2.349537e+01	1.204893e-02	3802489.000000	0.000000e+00
1.552832e+00	2.344198e+01	1.202071e-02	3803019.000000	0.000000e+00
1.554826e+00	2.341199e+01	1.197815e-02	3820297.000000	0.000000e+00
1.556822e+00	2.336892e+01	1.194212e-02	3829257.000000	0.000000e+00
1.558817e+00	2.336739e+01	1.192661e-02	3838723.000000	0.000000e+00
1.560812e+00	2.331644e+01	1.189299e-02	3843637.000000	0.000000e+00
1.562805e+00	2.327850e+01	1.185351e-02	3856701.000000	0.000000e+00
1.564800e+00	2.325572e+01	1.182813e-02	3865693.000000	0.000000e+00
1.566794e+00	2.323773e+01	1.180011e-02	3878067.000000	0.000000e+00
1.568788e+00	2.317056e+01	1.175700e-02	3884005.000000	0.000000e+00
1.570782e+00	2.312719e+01	1.171670e-02	3896145.000000	0.000000e+00
1.572778e+00	2.308903e+01	1.167734e-02	3909523.000000	0.000000e+00
1.574774e+00	2.306556e+01	1.164906e-02	3920545.000000	0.000000e+00
1.576769e+00	2.303777e+01	1.163231e-02	3922377.000000	0.000000e+00
1.578764e+00	2.299859e+01	1.158778e-02	3939145.000000	0.000000e+00
1.580758e+00	2.296492e+01	1.156363e-02	3944043.000000	0.000000e+00
1.582753e+00	2.294402e+01	1.153305e-02	3957769.000000	0.000000e+00
1.584747e+00	2.288347e+01	1.149940e-02	3959985.000000	0.000000e+00
1.586740e+00	2.285401e+01	1.145962e-02	3977263.000000	0.000000e+00
1.588734e+00	2.283803e+01	1.144380e-02	3982693.000000	0.000000e+00
1.590730e+00	2.279633e+01	1.139100e-02	4005033.000000	0.000000e+00
1.592726e+00	2.276858e+01	1.138381e-02	4000339.000000	0.000000e+00
1.594721e+00	2.271271e+01	1.132088e-02	4025109.000000	0.000000e+00
1.596716e+00	2.268592e+01	1.131783e-02	4017781.000000	0.000000e+00
1.598709e+00	2.266475e+01	1.127599e-02	4040101.000000	0.000000e+00
1.600704e+00	2.263524e+01	1.125703e-02	4043175.000000	0.000000e+00
1.602699e+00	2.259646e+01	1.121618e-02	4058737.000000	0.000000e+00
1.604693e+00	2.255059e+01	1.118674e-02	4063581.000000	0.000000e+00
1.606688e+00	2.253666e+01	1.115573e-02	4081159.000000	0.000000e+00
1.608683e+00	2.249873e+01	1.113188e-02	4084881.000000	0.000000e+00
1.610678e+00	2.245933e+01	1.109172e-02	4100113.000000	0.000000e+00
1.612672e+00	2.243932e+01	1.108279e-02	4099405.000000	0.000000e+00
1.614666e+00	2.239864e+01	1.103195e-02	4122291.000000	0.000000e+00
1.616661e+00	2.234614e+01	1.100472e-02	4123321.000000	0.000000e+00
1.618656e+00	2.232569e+01	1.096891e-02	4142697.000000	0.000000e+00
1.620650e+00	2.228740e+01	1.095164e-02	4141531.000000	0.000000e+00
1.622645e+00	2.225565e+01	1.090725e-02	4163421.000000	0.000000e+00
1.624641e+00	2.222947e+01	1.088657e-02	4169425.000000	0.000000e+00
1.626636e+00	2.219118e+01	1.085594e-02	4178551.000000	0.000000e+00
1.628630e+00	2.216020e+01	1.082991e-02	4186953.000000	0.000000e+00
1.630625e+00	2.213399e+01	1.079972e-02	4200433.000000	0.000000e+00
1.632619e+00	2.209488e+01	1.077414e-02	4205505.000000	0.000000e+00
1.634614e+00	2.207074e+01	1.073793e-02	4224667.000000	0.000000e+00
1.636608e+00	2.204539e+01	1.072794e-02	4222825.000000	0.000000e+00
1.638602e+00	2.201057e+01	1.068179e-02	4245945.000000	0.000000e+00
1.640597e+00	2.198649e+01	1.066881e-02	4246975.000000	0.000000e+00
1.642592e+00	2.195731e+01	1.063143e-02	4265553.000000	0.000000e+00
1.644587e+00	2.192059e+01	1.060931e-02	4269037.000000	0.000000e+00
1.646582e+00	2.188968e+01	1.057802e-02	4282233.000000	0.000000e+00
1.648576e+00	2.185023e+01	1.054779e-02	4291303.000000	0.000000e+00
1.650570e+00	2.181292e+01	1.052201e-02	4297645.000000	0.000000e+00
1.652565e+00	2.178845e+01	1.048496e-02	4318365.000000	0.000000e+00
1.654560e+00	2.174995e+01	1.046323e-02	4321003.000000	0.000000e+00
1.656555e+00	2.172182e+01	1.043194e-02	4335729.000000	0.000000e+00
1.658548e+00	2.169307e+01	1.041843e-02	4335481.000000	0.000000e+00
1.660542e+00	2.167779e+01	1.037900e-02	4362333.000000	0.000000e+00
1.662537e+00	2.163634e+01	1.036303e-02	4359067.000000	0.000000e+00
1.664532e+00	2.160363e+01	1.032260e-02	4380013.000000	0.000000e+00
1.666526e+00	2.155878e+01	1.030309e-02	4378377.000000	0.000000e+00
1.668520e+00	2.154064e+01	1.026428e-02	4404127.000000	0.000000e+00
1.670516e+00	2.150758e+01	1.024793e-02	4404645.000000	0.000000e+00
1.672511e+00	2.147498e+01	1.021388e-02	4420633.000000	0.000000e+00
1.674506e+00	2.146354e+01	1.020259e-02	4425699.000000	0.000000e+00
1.676501e+00	2.143033e+01	1.016731e-02	4442689.000000	0.000000e+00
1.678497e+00	2.139459e+01	1.014092e-02	4450957.000000	0.000000e+00
1.680491e+00	2.135409e+01	1.011848e-02	4453809.000000	0.000000e+00
1.682484e+00	2.134047e+01	1.009385e-02	4469863.000000	0.000000e+00
1.684479e+00	2.130157e+01	1.006097e-02	4482741.000000	0.000000e+00
1.686473e+00	2.127276e+01	1.004170e-02	4487797.000000	0.000000e+00
1.688468e+00	2.122782e+01	9.999833e-03	4506355.000000	0.000000e+00
1.690463e+00	2.122407e+01	9.992864e-03	4511049.000000	0.000000e+00
1.692459e+00	2.116551e+01	9.944567e-03	4529869.000000	0.000000e+00
1.694454e+00	2.113951e+01	9.931684e-03	4530477.000000	0.000000e+00
1.696448e+00	2.111107e+01	9.899465e-03	4547755.000000	0.000000e+00
1.698443e+00	2.109780e+01	9.888856e-03	4551789.000000	0.000000e+00
1.700437e+00	2.107605e+01	9.863070e-03	4566193.000000	0.000000e+00
1.702432e+00	2.101536e+01	9.820887e-03	4579015.000000	0.000000e+00
1.704427e+00	2.100123e+01	9.806925e-03	4585893.000000	0.000000e+00
1.706421e+00	2.096713e+01	9.777624e-03	4598449.000000	0.000000e+00
1.708416e+00	2.095090e+01	9.758309e-03	4609527.000000	0.000000e+00
1.710410e+00	2.092177e+01	9.735042e-03	4618717.000000	0.000000e+00
1.712404e+00	2.087345e+01	9.698826e-03	4631805.000000	0.000000e+00
1.714399e+00	2.085793e+01	9.681844e-03	4641157.000000	0.000000e+00
1.716394e+00	2.084286e+01	9.661900e-03	4653607.000000	0.000000e+00
1.718388e+00	2.080025e+01	9.635450e-03	4660077.000000	0.000000e+00
1.720383e+00	2.078488e+01	9.611562e-03	4676353.000000	0.000000e+00
1.722378e+00	2.074886e+01	9.588164e-03	4682931.000000	0.000000e+00
1.724373e+00	2.071817e+01	9.554465e-03	4702081.000000	0.000000e+00
1.726369e+00	2.068555e+01	9.535299e-03	4706145.000000	0.000000e+00
1.728363e+00	2.066573e+01	9.519659e-03	4712581.000000	0.000000e+00
1.730356e+00	2.062810e+01	9.488544e-03	4726279.000000	0.000000e+00
1.732349e+00	2.060698e+01	9.469720e-03	4735377.000000	0.000000e+00
1.734343e+00	2.058188e+01	9.443832e-03	4749781.000000	0.000000e+00
1.736339e+00	2.052871e+01	9.400393e-03	4769043.000000	0.000000e+00
1.738334e+00	2.052665e+01	9.403299e-03	4765141.000000	0.000000e+00
1.740328e+00	2.050787e+01	9.371959e-03	4788289.000000	0.000000e+00
1.742324e+00	2.047965e+01	9.354672e-03	4792785.000000	0.000000e+00
1.744318e+00	2.044662e+01	9.329967e-03	4802671.000000	0.000000e+00
1.746312e+00	2.041301e+01	9.301497e-03	4816245.000000	0.000000e+00
1.748307e+00	2.037452e+01	9.273584e-03	4827025.000000	0.000000e+00
1.750301e+00	2.034470e+01	9.250528e-03	4836927.000000	0.000000e+00
1.752297e+00	2.034497e+01	9.235531e-03	4852777.000000	0.000000e+00
1.754292e+00	2.030154e+01	9.206407e-03	4862701.000000	0.000000e+00
1.756286e+00	2.027628e+01	9.192421e-03	4865379.000000	0.000000e+00
1.758280e+00	2.024600e+01	9.160581e-03	4884637.000000	0.000000e+00
1.760276e+00	2.023331e+01	9.143295e-03	4896981.000000	0.000000e+00
1.762271e+00	2.019833e+01	9.126353e-03	4898197.000000	0.000000e+00
1.764264e+00	2.017537e+01	9.096553e-03	4919139.000000	0.000000e+00
1.766259e+00	2.013554e+01	9.075745e-03	4922233.000000	0.000000e+00
1.768253e+00	2.012794e+01	9.056402e-03	4939549.000000	0.000000e+00
1.770248e+00	2.008564e+01	9.029560e-03	4948095.000000	0.000000e+00
1.772243e+00	2.004723e+01	9.000256e-03	4961341.000000	0.000000e+00
1.774237e+00	2.004793e+01	8.993149e-03	4969533.000000	0.000000e+00
1.776233e+00	1.999532e+01	8.951567e-03	4989517.000000	0.000000e+00
1.778228e+00	1.999027e+01	8.951062e-03	4987563.000000	0.000000e+00
1.780222e+00	1.995871e+01	8.920121e-03	5006377.000000	0.000000e+00
1.782216e+00	1.993533e+01	8.902793e-03	5014117.000000	0.000000e+00
1.784211e+00	1.989166e+01	8.868115e-03	5031291.000000	0.000000e+00
1.786206e+00	1.988096e+01	8.860253e-03	5034805.000000	0.000000e+00
1.788201e+00	1.984051e+01	8.825605e-03	5053785.000000	0.000000e+00
1.790195e+00	1.981747e+01	8.812492e-03	5057071.000000	0.000000e+00
1.792190e+00	1.978196e+01	8.781083e-03	5075077.000000	0.000000e+00
1.794185e+00	1.978310e+01	8.775750e-03	5081829.000000	0.000000e+00
1.796179e+00	1.974595e+01	8.746649e-03	5096509.000000	0.000000e+00
1.798175e+00	1.972997e+01	8.730240e-03	5107407.000000	0.000000e+00
1.800168e+00	1.968713e+01	8.707275e-03	5112109.000000	0.000000e+00
1.802163e+00	1.967006e+01	8.682463e-03	5132457.000000	0.000000e+00
1.804158e+00	1.965853e+01	8.670904e-03	5140123.000000	0.000000e+00
1.806152e+00	1.962989e+01	8.652531e-03	5146945.000000	0.000000e+00
1.808146e+00	1.960631e+01	8.625306e-03	5167053.000000	0.000000e+00
1.810142e+00	1.957134e+01	8.602865e-03	5175529.000000	0.000000e+00
1.812137e+00	1.954421e+01	8.580335e-03	5188335.000000	0.000000e+00
1.814131e+00	1.953013e+01	8.573429e-03	5189209.000000	0.000000e+00
1.816125e+00	1.949654e+01	8.538323e-03	5213985.000000	0.000000e+00
1.818121e+00	1.945992e+01	8.513233e-03	5225083.000000	0.000000e+00
1.820116e+00	1.943407e+01	8.501147e-03	5226037.000000	0.000000e+00
1.822110e+00	1.942653e+01	8.481807e-03	5245821.000000	0.000000e+00
1.824104e+00	1.940497e+01	8.469124e-03	5249875.000000	0.000000e+00
1.826098e+00	1.936644e+01	8.439026e-03	5266413.000000	0.000000e+00
1.828093e+00	1.934244e+01	8.417105e-03	5280769.000000	0.000000e+00
1.830088e+00	1.932300e+01	8.404633e-03	5285809.000000	0.000000e+00
1.832082e+00	1.930260e+01	8.383548e-03	5301219.000000	0.000000e+00
1.834077e+00	1.926194e+01	8.357628e-03	5311705.000000	0.000000e+00
1.836072e+00	1.924985e+01	8.338655e-03	5329209.000000	0.000000e+00
1.838067e+00	1.921045e+01	8.320429e-03	5330695.000000	0.000000e+00
1.840062e+00	1.920620e+01	8.303019e-03	5350701.000000	0.000000e+00
1.842057e+00	1.917291e+01	8.283734e-03	5357029.000000	0.000000e+00
1.844051e+00	1.916761e+01	8.274438e-03	5366101.000000	0.000000e+00
1.846045e+00	1.913208e+01	8.242856e-03	5387271.000000	0.000000e+00
1.848041e+00	1.910112e+01	8.226169e-03	5391661.000000	0.000000e+00
1.850034e+00	1.906464e+01	8.203698e-03	5400549.000000	0.000000e+00
1.852029e+00	1.903247e+01	8.173770e-03	5421823.000000	0.000000e+00
1.854024e+00	1.902898e+01	8.169947e-03	5424909.000000	0.000000e+00
1.856018e+00	1.899608e+01	8.142583e-03	5442565.000000	0.000000e+00
1.858013e+00	1.898912e+01	8.136397e-03	5446849.000000	0.000000e+00
1.860007e+00	1.895314e+01	8.104472e-03	5469063.000000	0.000000e+00
1.862003e+00	1.891933e+01	8.084608e-03	5476381.000000	0.000000e+00
1.863998e+00	1.890170e+01	8.068921e-03	5487453.000000	0.000000e+00
1.865993e+00	1.888332e+01	8.053700e-03	5497507.000000	0.000000e+00
1.867987e+00	1.884998e+01	8.029651e-03	5510973.000000	0.000000e+00
1.869983e+00	1.882669e+01	8.009393e-03	5525209.000000	0.000000e+00
1.871977e+00	1.882765e+01	8.006729e-03	5529451.000000	0.000000e+00
1.873971e+00	1.879277e+01	7.981110e-03	5544405.000000	0.000000e+00
1.875965e+00	1.876371e+01	7.959470e-03	5557369.000000	0.000000e+00
1.877960e+00	1.874082e+01	7.938517e-03	5573121.000000	0.000000e+00
1.879954e+00	1.872041e+01	7.928490e-03	5575063.000000	0.000000e+00
1.881948e+00	1.870337e+01	7.909622e-03	5591497.000000	0.000000e+00
1.883943e+00	1.866165e+01	7.878071e-03	5611257.000000	0.000000e+00
1.885940e+00	1.863957e+01	7.862358e-03	5620387.000000	0.000000e+00
1.887934e+00	1.862593e+01	7.852389e-03	5626425.000000	0.000000e+00
1.889927e+00	1.860289e+01	7.837233e-03	5634241.000000	0.000000e+00
1.891922e+00	1.857394e+01	7.809776e-03	5656281.000000	0.000000e+00
1.893917e+00	1.856036e+01	7.797033e-03	5666491.000000	0.000000e+00
1.895912e+00	1.852989e+01	7.778547e-03	5674777.000000	0.000000e+00
1.897907e+00	1.851840e+01	7.761518e-03	5692641.000000	0.000000e+00
1.899902e+00	1.848434e+01	7.743919e-03	5697523.000000	0.000000e+00
1.901896e+00	1.847227e+01	7.728794e-03	5712381.000000	0.000000e+00
1.903890e+00	1.844412e+01	7.710462e-03	5722093.000000	0.000000e+00
1.905883e+00	1.840867e+01	7.691248e-03	5728635.000000	0.000000e+00
1.907879e+00	1.837583e+01	7.656469e-03	5760193.000000	0.000000e+00
1.909876e+00	1.837896e+01	7.655530e-03	5763565.000000	0.000000e+00
1.911870e+00	1.836499e+01	7.649339e-03	5764125.000000	0.000000e+00
1.913863e+00	1.832403e+01	7.617656e-03	5786275.000000	0.000000e+00
1.915858e+00	1.829831e+01	7.601866e-03	5794041.000000	0.000000e+00
1.917854e+00	1.828607e+01	7.581979e-03	5816689.000000	0.000000e+00
1.919848e+00	1.825531e+01	7.571386e-03	5813367.000000	0.000000e+00
1.921842e+00	1.823741e+01	7.552568e-03	5830921.000000	0.000000e+00
1.923837e+00	1.820877e+01	7.528368e-03	5850049.000000	0.000000e+00
1.925832e+00	1.819669e+01	7.520269e-03	5854881.000000	0.000000e+00
1.927827e+00	1.817517e+01	7.500349e-03	5872111.000000	0.000000e+00
1.929821e+00	1.815756e+01	7.490950e-03	5875449.000000	0.000000e+00
1.931815e+00	1.812524e+01	7.463564e-03	5897593.000000	0.000000e+00
1.933810e+00	1.811173e+01	7.454246e-03	5903539.000000	0.000000e+00
1.935805e+00	1.808982e+01	7.433103e-03	5922813.000000	0.000000e+00
1.937800e+00	1.807067e+01	7.422062e-03	5927881.000000	0.000000e+00
1.939795e+00	1.804035e+01	7.400425e-03	5942601.000000	0.000000e+00
1.941790e+00	1.801742e+01	7.380704e-03	5959219.000000	0.000000e+00
1.943785e+00	1.799033e+01	7.368723e-03	5960649.000000	0.000000e+00
1.945778e+00	1.797735e+01	7.355016e-03	5974261.000000	0.000000e+00
1.947773e+00	1.795547e+01	7.330681e-03	5999359.000000	0.000000e+00
1.949769e+00	1.792512e+01	7.316108e-03	6002937.000000	0.000000e+00
1.951763e+00	1.791009e+01	7.303851e-03	6013009.000000	0.000000e+00
1.953756e+00	1.788740e+01	7.288894e-03	6022419.000000	0.000000e+00
1.955751e+00	1.787314e+01	7.267124e-03	6048901.000000	0.000000e+00
1.957746e+00	1.786003e+01	7.263121e-03	6046689.000000	0.000000e+00
1.959739e+00	1.780835e+01	7.233504e-03	6061081.000000	0.000000e+00
1.961734e+00	1.781828e+01	7.224771e-03	6082519.000000	0.000000e+00
1.963729e+00	1.777658e+01	7.204129e-03	6088821.000000	0.000000e+00
1.965725e+00	1.776644e+01	7.189712e-03	6106297.000000	0.000000e+00
1.967719e+00	1.773973e+01	7.175425e-03	6112215.000000	0.000000e+00
1.969713e+00	1.771037e+01	7.157216e-03	6123037.000000	0.000000e+00
1.971708e+00	1.770697e+01	7.141842e-03	6147069.000000	0.000000e+00
1.973704e+00	1.767076e+01	7.127323e-03	6146917.000000	0.000000e+00
1.975698e+00	1.766111e+01	7.112433e-03	6165943.000000	0.000000e+00
1.977691e+00	1.762973e+01	7.098235e-03	6168657.000000	0.000000e+00
1.979687e+00	1.761676e+01	7.074745e-03	6200557.000000	0.000000e+00
1.981682e+00	1.759560e+01	7.068338e-03	6196887.000000	0.000000e+00
1.983676e+00	1.757549e+01	7.049417e-03	6215965.000000	0.000000e+00
1.985672e+00	1.755434e+01	7.033902e-03	6228397.000000	0.000000e+00
1.987666e+00	1.753357e+01	7.021669e-03	6235335.000000	0.000000e+00
1.989660e+00	1.752450e+01	7.010127e-03	6249421.000000	0.000000e+00
1.991655e+00	1.749632e+01	6.988015e-03	6268821.000000	0.000000e+00
1.993649e+00	1.747541e+01	6.977669e-03	6272401.000000	0.000000e+00
1.995644e+00	1.745072e+01	6.955777e-03	6294123.000000	0.000000e+00
1.997640e+00	1.743868e+01	6.946127e-03	6302917.000000	0.000000e+00
1.999635e+00	1.740633e+01	6.926007e-03	6316093.000000	0.000000e+00
2.001627e+00	1.739360e+01	6.922782e-03	6312735.000000	0.000000e+00
2.003622e+00	1.736179e+01	6.887011e-03	6355177.000000	0.000000e+00
2.005619e+00	1.734888e+01	6.884218e-03	6350877.000000	0.000000e+00
2.007614e+00	1.731696e+01	6.863281e-03	6366193.000000	0.000000e+00
2.009608e+00	1.731286e+01	6.858429e-03	6372183.000000	0.000000e+00
2.011602e+00	1.729044e+01	6.837290e-03	6395053.000000	0.000000e+00
2.013597e+00	1.725188e+01	6.818998e-03	6400765.000000	0.000000e+00
2.015592e+00	1.724703e+01	6.807986e-03	6417879.000000	0.000000e+00
2.017586e+00	1.723450e+01	6.801291e-03	6421177.000000	0.000000e+00
2.019579e+00	1.720954e+01	6.781072e-03	6440829.000000	0.000000e+00
2.021574e+00	1.717619e+01	6.761589e-03	6452917.000000	0.000000e+00
2.023568e+00	1.716579e+01	6.750428e-03	6466435.000000	0.000000e+00
2.025562e+00	1.714349e+01	6.735355e-03	6478545.000000	0.000000e+00
2.027557e+00	1.712053e+01	6.719110e-03	6492481.000000	0.000000e+00
2.029553e+00	1.710534e+01	6.704092e-03	6510039.000000	0.000000e+00
2.031548e+00	1.707377e+01	6.687179e-03	6518881.000000	0.000000e+00
2.033543e+00	1.706929e+01	6.678527e-03	6532353.000000	0.000000e+00
2.035537e+00	1.704958e+01	6.668151e-03	6537571.000000	0.000000e+00
2.037532e+00	1.703223e+01	6.651069e-03	6557833.000000	0.000000e+00
2.039526e+00	1.701127e+01	6.638120e-03	6567249.000000	0.000000e+00
2.041520e+00	1.697276e+01	6.617408e-03	6578533.000000	0.000000e+00
2.043515e+00	1.696965e+01	6.604890e-03	6601071.000000	0.000000e+00
2.045510e+00	1.694819e+01	6.595455e-03	6603241.000000	0.000000e+00
2.047505e+00	1.693794e+01	6.580178e-03	6625917.000000	0.000000e+00
2.049500e+00	1.690775e+01	6.567143e-03	6628555.000000	0.000000e+00
2.051494e+00	1.689427e+01	6.552728e-03	6647137.000000	0.000000e+00
2.053489e+00	1.686937e+01	6.536467e-03	6660573.000000	0.000000e+00
2.055484e+00	1.684956e+01	6.523284e-03	6671821.000000	0.000000e+00
2.057478e+00	1.683955e+01	6.512945e-03	6685071.000000	0.000000e+00
2.059472e+00	1.681788e+01	6.499108e-03	6696301.000000	0.000000e+00
2.061467e+00	1.678962e+01	6.479598e-03	6714069.000000	0.000000e+00
2.063463e+00	1.677369e+01	6.465279e-03	6731047.000000	0.000000e+00
2.065458e+00	1.675239e+01	6.459221e-03	6726565.000000	0.000000e+00
2.067451e+00	1.672535e+01	6.435213e-03	6754989.000000	0.000000e+00
2.069447e+00	1.672475e+01	6.430893e-03	6763579.000000	0.000000e+00
2.071442e+00	1.669399e+01	6.413204e-03	6775953.000000	0.000000e+00
2.073435e+00	1.667203e+01	6.400646e-03	6784681.000000	0.000000e+00
2.075430e+00	1.666353e+01	6.388821e-03	6802873.000000	0.000000e+00
2.077424e+00	1.663222e+01	6.371061e-03	6815175.000000	0.000000e+00
2.079420e+00	1.662931e+01	6.360546e-03	6835333.000000	0.000000e+00
2.081415e+00	1.660059e+01	6.349486e-03	6835497.000000	0.000000e+00
2.083408e+00	1.659145e+01	6.336885e-03	6855151.000000	0.000000e+00
2.085403e+00	1.655473e+01	6.316808e-03	6868293.000000	0.000000e+00
2.087397e+00	1.654617e+01	6.309241e-03	6877657.000000	0.000000e+00
2.089392e+00	1.652414e+01	6.293637e-03	6893413.000000	0.000000e+00
2.091386e+00	1.650723e+01	6.280357e-03	6908439.000000	0.000000e+00
2.093381e+00	1.648354e+01	6.265359e-03	6921637.000000	0.000000e+00
2.095376e+00	1.647952e+01	6.257698e-03	6935217.000000	0.000000e+00
2.097371e+00	1.645914e+01	6.246168e-03	6943639.000000	0.000000e+00
2.099365e+00	1.643887e+01	6.231041e-03	6960213.000000	0.000000e+00
2.101360e+00	1.642471e+01	6.217950e-03	6977521.000000	0.000000e+00
2.103355e+00	1.640711e+01	6.208614e-03	6983527.000000	0.000000e+00
2.105350e+00	1.637633e+01	6.188188e-03	7003353.000000	0.000000e+00
2.107344e+00	1.636845e+01	6.183415e-03	7007425.000000	0.000000e+00
2.109339e+00	1.633288e+01	6.158994e-03	7032441.000000	0.000000e+00
2.111333e+00	1.632016e+01	6.154566e-03	7031599.000000	0.000000e+00
2.113327e+00	1.629715e+01	6.137045e-03	7051881.000000	0.000000e+00
2.115322e+00	1.629687e+01	6.128431e-03	7071469.000000	0.000000e+00
2.117318e+00	1.627447e+01	6.114744e-03	7083655.000000	0.000000e+00
2.119313e+00	1.625410e+01	6.102570e-03	7094145.000000	0.000000e+00
2.121306e+00	1.623880e+01	6.095719e-03	7096729.000000	0.000000e+00
2.123301e+00	1.621228e+01	6.073837e-03	7124625.000000	0.000000e+00
2.125296e+00	1.620131e+01	6.064483e-03	7136947.000000	0.000000e+00
2.127291e+00	1.618252e+01	6.055696e-03	7141081.000000	0.000000e+00
2.129285e+00	1.616483e+01	6.039229e-03	7164393.000000	0.000000e+00
2.131281e+00	1.614302e+01	6.025966e-03	7176559.000000	0.000000e+00
2.133275e+00	1.612978e+01	6.019136e-03	7181061.000000	0.000000e+00
2.135268e+00	1.611087e+01	6.007335e-03	7192405.000000	0.000000e+00
2.137263e+00	1.608906e+01	5.986945e-03	7221885.000000	0.000000e+00
2.139259e+00	1.607917e+01	5.979591e-03	7230763.000000	0.000000e+00
2.141255e+00	1.605435e+01	5.965213e-03	7243249.000000	0.000000e+00
2.143249e+00	1.603404e+01	5.956927e-03	7245045.000000	0.000000e+00
2.145242e+00	1.602466e+01	5.943647e-03	7268947.000000	0.000000e+00
2.147237e+00	1.599397e+01	5.926158e-03	7283937.000000	0.000000e+00
2.149233e+00	1.598262e+01	5.915173e-03	7300645.000000	0.000000e+00
2.151227e+00	1.597328e+01	5.912584e-03	7298499.000000	0.000000e+00
2.153221e+00	1.596088e+01	5.897015e-03	7325701.000000	0.000000e+00
2.155216e+00	1.594649e+01	5.888313e-03	7334125.000000	0.000000e+00
2.157211e+00	1.591793e+01	5.871722e-03	7349241.000000	0.000000e+00
2.159205e+00	1.590204e+01	5.861224e-03	7360867.000000	0.000000e+00
2.161199e+00	1.588561e+01	5.850824e-03	7371801.000000	0.000000e+00
2.163193e+00	1.585857e+01	5.832809e-03	7392181.000000	0.000000e+00
2.165188e+00	1.585355e+01	5.827283e-03	7401519.000000	0.000000e+00
2.167184e+00	1.582940e+01	5.809422e-03	7424425.000000	0.000000e+00
2.169179e+00	1.580663e+01	5.799049e-03	7429597.000000	0.000000e+00
2.171173e+00	1.580491e+01	5.793364e-03	7442565.000000	0.000000e+00
2.173168e+00	1.577993e+01	5.777567e-03	7459675.000000	0.000000e+00
2.175163e+00	1.576803e+01	5.767583e-03	7474245.000000	0.000000e+00
2.177158e+00	1.574063e+01	5.752735e-03	7486789.000000	0.000000e+00
2.179152e+00	1.572695e+01	5.745703e-03	7492087.000000	0.000000e+00
2.181146e+00	1.570643e+01	5.729085e-03	7515957.000000	0.000000e+00
2.183141e+00	1.568754e+01	5.718165e-03	7526557.000000	0.000000e+00
2.185135e+00	1.566788e+01	5.706941e-03	7537263.000000	0.000000e+00
2.187130e+00	1.566114e+01	5.697731e-03	7555141.000000	0.000000e+00
2.189125e+00	1.564321e+01	5.684817e-03	7572141.000000	0.000000e+00
2.191120e+00	1.562477e+01	5.675354e-03	7579513.000000	0.000000e+00
2.193115e+00	1.560721e+01	5.661023e-03	7600819.000000	0.000000e+00
2.195109e+00	1.559469e+01	5.656212e-03	7601553.000000	0.000000e+00
2.197104e+00	1.557335e+01	5.636725e-03	7633261.000000	0.000000e+00
2.199100e+00	1.555550e+01	5.629977e-03	7634043.000000	0.000000e+00
2.201094e+00	1.554599e+01	5.620217e-03	7651213.000000	0.000000e+00
2.203088e+00	1.553052e+01	5.611933e-03	7658553.000000	0.000000e+00
2.205082e+00	1.550407e+01	5.596375e-03	7674985.000000	0.000000e+00
2.207077e+00	1.549350e+01	5.583158e-03	7700863.000000	0.000000e+00
2.209072e+00	1.547792e+01	5.575904e-03	7705389.000000	0.000000e+00
2.211067e+00	1.546215e+01	5.564165e-03	7722181.000000	0.000000e+00
2.213061e+00	1.543685e+01	5.552866e-03	7728279.000000	0.000000e+00
2.215055e+00	1.542684e+01	5.541803e-03	7749109.000000	0.000000e+00
2.217050e+00	1.539680e+01	5.524946e-03	7766137.000000	0.000000e+00
2.219045e+00	1.539052e+01	5.520679e-03	7771797.000000	0.000000e+00
2.221039e+00	1.538710e+01	5.513134e-03	7789627.000000	0.000000e+00
2.223034e+00	1.535853e+01	5.496298e-03	7808337.000000	0.000000e+00
2.225029e+00	1.534656e+01	5.489029e-03	7816837.000000	0.000000e+00
2.227024e+00	1.532505e+01	5.474112e-03	7837479.000000	0.000000e+00
2.229018e+00	1.531950e+01	5.471899e-03	7838137.000000	0.000000e+00
2.231013e+00	1.529155e+01	5.452475e-03	7865305.000000	0.000000e+00
2.233008e+00	1.527991e+01	5.444021e-03	7877751.000000	0.000000e+00
2.235003e+00	1.525274e+01	5.432494e-03	7883101.000000	0.000000e+00
2.236996e+00	1.524267e+01	5.423109e-03	7899969.000000	0.000000e+00
2.238992e+00	1.523662e+01	5.412741e-03	7923973.000000	0.000000e+00
2.240986e+00	1.521610e+01	5.404766e-03	7925979.000000	0.000000e+00
2.242981e+00	1.520222e+01	5.392363e-03	7947961.000000	0.000000e+00
2.244976e+00	1.518185e+01	5.382149e-03	7956793.000000	0.000000e+00
2.246970e+00	1.516066e+01	5.370016e-03	7970487.000000	0.000000e+00
2.248965e+00	1.515409e+01	5.360707e-03	7991269.000000	0.000000e+00
2.250960e+00	1.513928e+01	5.351904e-03	8001909.000000	0.000000e+00
2.252954e+00	1.512089e+01	5.342538e-03	8010493.000000	0.000000e+00
2.254948e+00	1.510998e+01	5.330299e-03	8035719.000000	0.000000e+00
2.256943e+00	1.507940e+01	5.318253e-03	8039521.000000	0.000000e+00
2.258939e+00	1.506760e+01	5.304738e-03	8067901.000000	0.000000e+00
2.260933e+00	1.504858e+01	5.300176e-03	8061399.000000	0.000000e+00
2.262927e+00	1.503484e+01	5.283697e-03	8096953.000000	0.000000e+00
2.264923e+00	1.501565e+01	5.275601e-03	8101113.000000	0.000000e+00
2.266918e+00	1.501455e+01	5.270114e-03	8116795.000000	0.000000e+00
2.268912e+00	1.498756e+01	5.258417e-03	8123665.000000	0.000000e+00
2.270906e+00	1.497108e+01	5.246725e-03	8141973.000000	0.000000e+00
2.272900e+00	1.495852e+01	5.238282e-03	8154541.000000	0.000000e+00
2.274895e+00	1.494560e+01	5.225339e-03	8180835.000000	0.000000e+00
2.276890e+00	1.492078e+01	5.217780e-03	8177329.000000	0.000000e+00
2.278883e+00	1.491830e+01	5.209162e-03	8201685.000000	0.000000e+00
2.280878e+00	1.489807e+01	5.196397e-03	8219695.000000	0.000000e+00
2.282873e+00	1.488677e+01	5.189639e-03	8228617.000000	0.000000e+00
2.284867e+00	1.486530e+01	5.178092e-03	8241525.000000	0.000000e+00
2.286862e+00	1.486296e+01	5.170537e-03	8263033.000000	0.000000e+00
2.288857e+00	1.483636e+01	5.158835e-03	8270871.000000	0.000000e+00
2.290852e+00	1.481231e+01	5.143751e-03	8292505.000000	0.000000e+00
2.292847e+00	1.479774e+01	5.136768e-03	8298717.000000	0.000000e+00
2.294842e+00	1.478134e+01	5.122611e-03	8326159.000000	0.000000e+00
2.296837e+00	1.477166e+01	5.121170e-03	8319937.000000	0.000000e+00
2.298831e+00	1.475768e+01	5.107045e-03	8350197.000000	0.000000e+00
2.300825e+00	1.474489e+01	5.100817e-03	8356099.000000	0.000000e+00
2.302820e+00	1.472391e+01	5.087412e-03	8376309.000000	0.000000e+00
2.304815e+00	1.471082e+01	5.078942e-03	8389333.000000	0.000000e+00
2.306809e+00	1.469651e+01	5.071189e-03	8398641.000000	0.000000e+00
2.308803e+00	1.467641e+01	5.057560e-03	8420887.000000	0.000000e+00
2.310799e+00	1.466998e+01	5.050227e-03	8437957.000000	0.000000e+00
2.312794e+00	1.464694e+01	5.039901e-03	8445981.000000	0.000000e+00
2.314788e+00	1.462334e+01	5.028986e-03	8455363.000000	0.000000e+00
2.316782e+00	1.462668e+01	5.023808e-03	8476677.000000	0.000000e+00
2.318778e+00	1.460557e+01	5.008520e-03	8503897.000000	0.000000e+00
2.320773e+00	1.459095e+01	5.006110e-03	8495065.000000	0.000000e+00
2.322766e+00	1.458634e+01	4.996945e-03	8520867.000000	0.000000e+00
2.324761e+00	1.455665e+01	4.983102e-03	8533417.000000	0.000000e+00
2.326756e+00	1.454512e+01	4.972226e-03	8557221.000000	0.000000e+00
2.328751e+00	1.453775e+01	4.968129e-03	8562655.000000	0.000000e+00
2.330745e+00	1.452102e+01	4.959378e-03	8573133.000000	0.000000e+00
2.332739e+00	1.451104e+01	4.950243e-03	8592985.000000	0.000000e+00
2.334733e+00	1.448399e+01	4.939503e-03	8598253.000000	0.000000e+00
2.336728e+00	1.447901e+01	4.927013e-03	8635959.000000	0.000000e+00
2.338724e+00	1.445220e+01	4.917744e-03	8636461.000000	0.000000e+00
2.340718e+00	1.444922e+01	4.912186e-03	8652453.000000	0.000000e+00
2.342712e+00	1.443222e+01	4.903079e-03	8664199.000000	0.000000e+00
2.344707e+00	1.441254e+01	4.890292e-03	8685837.000000	0.000000e+00
2.346702e+00	1.439084e+01	4.881026e-03	8692609.000000	0.000000e+00
2.348697e+00	1.439076e+01	4.874568e-03	8715559.000000	0.000000e+00
2.350691e+00	1.438308e+01	4.870089e-03	8722281.000000	0.000000e+00
2.352686e+00	1.434834e+01	4.851208e-03	8747893.000000	0.000000e+00
2.354680e+00	1.433605e+01	4.847781e-03	8745273.000000	0.000000e+00
2.356674e+00	1.432124e+01	4.834827e-03	8774035.000000	0.000000e+00
2.358670e+00	1.431535e+01	4.828806e-03	8788693.000000	0.000000e+00
2.360665e+00	1.429752e+01	4.818901e-03	8802897.000000	0.000000e+00
2.362659e+00	1.427810e+01	4.809652e-03	8812795.000000	0.000000e+00
2.364654e+00	1.426706e+01	4.800175e-03	8833941.000000	0.000000e+00
2.366649e+00	1.425370e+01	4.792377e-03	8846137.000000	0.000000e+00
2.368644e+00	1.423644e+01	4.783616e-03	8857077.000000	0.000000e+00
2.370638e+00	1.422579e+01	4.775302e-03	8874643.000000	0.000000e+00
2.372633e+00	1.421638e+01	4.767751e-03	8891005.000000	0.000000e+00
2.374628e+00	1.419333e+01	4.756240e-03	8905149.000000	0.000000e+00
2.376622e+00	1.417883e+01	4.748254e-03	8916883.000000	0.000000e+00
2.378617e+00	1.416156e+01	4.736796e-03	8938257.000000	0.000000e+00
2.380611e+00	1.415578e+01	4.733019e-03	8945221.000000	0.000000e+00
2.382604e+00	1.414425e+01	4.726441e-03	8955531.000000	0.000000e+00
2.384600e+00	1.412326e+01	4.707979e-03	8999137.000000	0.000000e+00
2.386597e+00	1.410713e+01	4.704208e-03	8992993.000000	0.000000e+00
2.388591e+00	1.409678e+01	4.696777e-03	9008241.000000	0.000000e+00
2.390585e+00	1.408213e+01	4.688847e-03	9019963.000000	0.000000e+00
2.392579e+00	1.406869e+01	4.678950e-03	9040869.000000	0.000000e+00
2.394574e+00	1.405730e+01	4.671509e-03	9055021.000000	0.000000e+00
2.396569e+00	1.403518e+01	4.659444e-03	9073347.000000	0.000000e+00
2.398563e+00	1.402064e+01	4.653056e-03	9079441.000000	0.000000e+00
2.400558e+00	1.401130e+01	4.642472e-03	9108745.000000	0.000000e+00
2.402553e+00	1.399962e+01	4.638646e-03	9108561.000000	0.000000e+00
2.404547e+00	1.398104e+01	4.625465e-03	9136255.000000	0.000000e+00
2.406542e+00	1.397775e+01	4.623238e-03	9140757.000000	0.000000e+00
2.408536e+00	1.395974e+01	4.611621e-03	9163213.000000	0.000000e+00
2.410532e+00	1.393961e+01	4.599882e-03	9183487.000000	0.000000e+00
2.412527e+00	1.392388e+01	4.593722e-03	9187365.000000	0.000000e+00
2.414520e+00	1.391385e+01	4.587858e-03	9197605.000000	0.000000e+00
2.416514e+00	1.390567e+01	4.578638e-03	9223833.000000	0.000000e+00
2.418509e+00	1.387997e+01	4.566637e-03	9238135.000000	0.000000e+00
2.420504e+00	1.386916e+01	4.557919e-03	9259065.000000	0.000000e+00
2.422500e+00	1.386270e+01	4.553821e-03	9267097.000000	0.000000e+00
2.424495e+00	1.385314e+01	4.546310e-03	9284923.000000	0.000000e+00
2.426489e+00	1.383784e+01	4.540063e-03	9289941.000000	0.000000e+00
2.428484e+00	1.382125e+01	4.525991e-03	9325393.000000	0.000000e+00
2.430478e+00	1.380814e+01	4.523746e-03	9316947.000000	0.000000e+00
2.432473e+00	1.377864e+01	4.505737e-03	9351493.000000	0.000000e+00
2.434468e+00	1.377412e+01	4.503092e-03	9356337.000000	0.000000e+00
2.436463e+00	1.377091e+01	4.496280e-03	9380341.000000	0.000000e+00
2.438457e+00	1.375808e+01	4.492400e-03	9379051.000000	0.000000e+00
2.440450e+00	1.372555e+01	4.475130e-03	9406941.000000	0.000000e+00
2.442446e+00	1.371220e+01	4.466217e-03	9426157.000000	0.000000e+00
2.444441e+00	1.371330e+01	4.464155e-03	9436383.000000	0.000000e+00
2.446435e+00	1.369455e+01	4.456013e-03	9445009.000000	0.000000e+00
2.448429e+00	1.368050e+01	4.445876e-03	9468681.000000	0.000000e+00
2.450424e+00	1.367584e+01	4.441650e-03	9480241.000000	0.000000e+00
2.452418e+00	1.364876e+01	4.428457e-03	9499075.000000	0.000000e+00
2.454413e+00	1.363635e+01	4.420768e-03	9514833.000000	0.000000e+00
2.456408e+00	1.363218e+01	4.415689e-03	9530893.000000	0.000000e+00
2.458403e+00	1.361986e+01	4.408614e-03	9544239.000000	0.000000e+00
2.460398e+00	1.360338e+01	4.399605e-03	9560185.000000	0.000000e+00
2.462392e+00	1.358252e+01	4.390341e-03	9571153.000000	0.000000e+00
2.464386e+00	1.357284e+01	4.382537e-03	9591579.000000	0.000000e+00
2.466380e+00	1.356462e+01	4.378063e-03	9599557.000000	0.000000e+00
2.468375e+00	1.354515e+01	4.363746e-03	9634929.000000	0.000000e+00
2.470371e+00	1.353042e+01	4.359291e-03	9633649.000000	0.000000e+00
2.472366e+00	1.352738e+01	4.352360e-03	9660015.000000	0.000000e+00
2.474360e+00	1.351429e+01	4.348917e-03	9656605.000000	0.000000e+00
2.476354e+00	1.349647e+01	4.336022e-03	9688513.000000	0.000000e+00
2.478349e+00	1.348916e+01	4.331625e-03	9697683.000000	0.000000e+00
2.480344e+00	1.346754e+01	4.320429e-03	9716785.000000	0.000000e+00
2.482338e+00	1.345156e+01	4.311931e-03	9731985.000000	0.000000e+00
2.484333e+00	1.344923e+01	4.307544e-03	9748453.000000	0.000000e+00
2.486329e+00	1.343365e+01	4.297846e-03	9769815.000000	0.000000e+00
2.488323e+00	1.341497e+01	4.292437e-03	9767233.000000	0.000000e+00
2.490317e+00	1.340602e+01	4.282515e-03	9799453.000000	0.000000e+00
2.492312e+00	1.338828e+01	4.274863e-03	9808551.000000	0.000000e+00
2.494307e+00	1.337689e+01	4.268356e-03	9821761.000000	0.000000e+00
2.496302e+00	1.337232e+01	4.260997e-03	9848973.000000	0.000000e+00
2.498296e+00	1.335239e+01	4.255726e-03	9843979.000000	0.000000e+00
2.500288e+00	1.334571e+01	4.249807e-03	9861549.000000	0.000000e+00
2.502283e+00	1.332523e+01	4.234570e-03	9902185.000000	0.000000e+00
2.504280e+00	1.329745e+01	4.224958e-03	9905857.000000	0.000000e+00
2.506274e+00	1.329889e+01	4.223135e-03	9916551.000000	0.000000e+00
2.508269e+00	1.328483e+01	4.214486e-03	9936253.000000	0.000000e+00
2.510263e+00	1.327620e+01	4.210024e-03	9944397.000000	0.000000e+00
2.512257e+00	1.326897e+01	4.202432e-03	9969487.000000	0.000000e+00
2.514252e+00	1.325305e+01	4.193900e-03	9986089.000000	0.000000e+00
2.516247e+00	1.324308e+01	4.188242e-03	9998037.000000	0.000000e+00
2.518242e+00	1.321900e+01	4.176591e-03	10017361.000000	0.000000e+00
2.520237e+00	1.321153e+01	4.171439e-03	10030767.000000	0.000000e+00
2.522230e+00	1.320013e+01	4.166427e-03	10037569.000000	0.000000e+00
2.524225e+00	1.318384e+01	4.155188e-03	10067061.000000	0.000000e+00
2.526220e+00	1.317633e+01	4.150678e-03	10077451.000000	0.000000e+00
2.528214e+00	1.315896e+01	4.142149e-03	10092337.000000	0.000000e+00
2.530210e+00	1.315184e+01	4.134503e-03	10118745.000000	0.000000e+00
2.532204e+00	1.312805e+01	4.126953e-03	10119085.000000	0.000000e+00
2.534199e+00	1.312839e+01	4.120700e-03	10150347.000000	0.000000e+00
2.536194e+00	1.310931e+01	4.115029e-03	10148785.000000	0.000000e+00
2.538188e+00	1.309564e+01	4.104420e-03	10180053.000000	0.000000e+00
2.540183e+00	1.308826e+01	4.099983e-03	10190599.000000	0.000000e+00
2.542178e+00	1.307210e+01	4.092868e-03	10200829.000000	0.000000e+00
2.544173e+00	1.305884e+01	4.082904e-03	10229889.000000	0.000000e+00
2.546167e+00	1.304573e+01	4.078959e-03	10229119.000000	0.000000e+00
2.548162e+00	1.302781e+01	4.065555e-03	10268409.000000	0.000000e+00
2.550157e+00	1.301996e+01	4.065142e-03	10258129.000000	0.000000e+00
2.552151e+00	1.300864e+01	4.055621e-03	10288429.000000	0.000000e+00
2.554146e+00	1.299819e+01	4.049812e-03	10301403.000000	0.000000e+00
2.556140e+00	1.298364e+01	4.043233e-03	10311829.000000	0.000000e+00
2.558133e+00	1.297157e+01	4.035837e-03	10330413.000000	0.000000e+00
2.560128e+00	1.296154e+01	4.027551e-03	10356931.000000	0.000000e+00
2.562123e+00	1.294691e+01	4.022894e-03	10357509.000000	0.000000e+00
2.564118e+00	1.292876e+01	4.009266e-03	10398817.000000	0.000000e+00
2.566114e+00	1.291957e+01	4.007109e-03	10395217.000000	0.000000e+00
2.568108e+00	1.290009e+01	3.997902e-03	10411695.000000	0.000000e+00
2.570102e+00	1.289506e+01	3.992135e-03	10433653.000000	0.000000e+00
2.572098e+00	1.288659e+01	3.985766e-03	10453269.000000	0.000000e+00
2.574093e+00	1.287129e+01	3.979425e-03	10461727.000000	0.000000e+00
2.576087e+00	1.286322e+01	3.974486e-03	10474605.000000	0.000000e+00
2.578081e+00	1.284989e+01	3.966457e-03	10495273.000000	0.000000e+00
2.580076e+00	1.283441e+01	3.957247e-03	10518775.000000	0.000000e+00
2.582071e+00	1.282803e+01	3.954631e-03	10522233.000000	0.000000e+00
2.584065e+00	1.280665e+01	3.942825e-03	10550089.000000	0.000000e+00
2.586060e+00	1.280833e+01	3.941789e-03	10558413.000000	0.000000e+00
2.588055e+00	1.279425e+01	3.932850e-03	10583155.000000	0.000000e+00
2.590050e+00	1.277876e+01	3.926461e-03	10591929.000000	0.000000e+00
2.592045e+00	1.276986e+01	3.919976e-03	10612201.000000	0.000000e+00
2.594039e+00	1.275284e+01	3.913563e-03	10618651.000000	0.000000e+00
2.596033e+00	1.274038e+01	3.904012e-03	10649829.000000	0.000000e+00
2.598028e+00	1.272804e+01	3.900081e-03	10650637.000000	0.000000e+00
2.600022e+00	1.271360e+01	3.889757e-03	10682973.000000	0.000000e+00
2.602018e+00	1.271094e+01	3.886906e-03	10694179.000000	0.000000e+00
2.604012e+00	1.269691e+01	3.880829e-03	10704025.000000	0.000000e+00
2.606006e+00	1.268044e+01	3.873608e-03	10716105.000000	0.000000e+00
2.608000e+00	1.266528e+01	3.862983e-03	10749391.000000	0.000000e+00
2.609995e+00	1.265595e+01	3.859519e-03	10752837.000000	0.000000e+00
2.611990e+00	1.264650e+01	3.850678e-03	10786141.000000	0.000000e+00
2.613986e+00	1.263245e+01	3.846677e-03	10784589.000000	0.000000e+00
2.615980e+00	1.261508e+01	3.837191e-03	10808203.000000	0.000000e+00
2.617974e+00	1.261219e+01	3.834590e-03	10817905.000000	0.000000e+00
2.619969e+00	1.259281e+01	3.824312e-03	10842729.000000	0.000000e+00
2.621963e+00	1.257976e+01	3.818662e-03	10852315.000000	0.000000e+00
2.623958e+00	1.256956e+01	3.810467e-03	10881369.000000	0.000000e+00
2.625953e+00	1.255944e+01	3.806334e-03	10887457.000000	0.000000e+00
2.627948e+00	1.255102e+01	3.800113e-03	10908507.000000	0.000000e+00
2.629942e+00	1.253993e+01	3.794880e-03	10919293.000000	0.000000e+00
2.631937e+00	1.252893e+01	3.787411e-03	10943173.000000	0.000000e+00
2.633932e+00	1.251595e+01	3.781556e-03	10954353.000000	0.000000e+00
2.635927e+00	1.250242e+01	3.774250e-03	10973047.000000	0.000000e+00
2.637921e+00	1.249151e+01	3.768811e-03	10985529.000000	0.000000e+00
2.639916e+00	1.248243e+01	3.761039e-03	11014957.000000	0.000000e+00
2.641910e+00	1.246873e+01	3.757933e-03	11008971.000000	0.000000e+00
2.643904e+00	1.246294e+01	3.750531e-03	11042197.000000	0.000000e+00
2.645899e+00	1.244421e+01	3.742671e-03	11055325.000000	0.000000e+00
2.647895e+00	1.243554e+01	3.735356e-03	11083209.000000	0.000000e+00
2.649890e+00	1.242166e+01	3.730394e-03	11087923.000000	0.000000e+00
2.651884e+00	1.241055e+01	3.724894e-03	11100801.000000	0.000000e+00
2.653878e+00	1.240667e+01	3.720801e-03	11118277.000000	0.000000e+00
2.655873e+00	1.238770e+01	3.710901e-03	11143531.000000	0.000000e+00
2.657867e+00	1.237316e+01	3.705110e-03	11152161.000000	0.000000e+00
2.659862e+00	1.236472e+01	3.699365e-03	11171569.000000	0.000000e+00
2.661856e+00	1.235741e+01	3.693885e-03	11191503.000000	0.000000e+00
2.663851e+00	1.234560e+01	3.688287e-03	11204053.000000	0.000000e+00
2.665845e+00	1.232923e+01	3.680362e-03	11222529.000000	0.000000e+00
2.667840e+00	1.232598e+01	3.676715e-03	11238877.000000	0.000000e+00
2.669835e+00	1.230842e+01	3.668430e-03	11257555.000000	0.000000e+00
2.671830e+00	1.229892e+01	3.662662e-03	11275605.000000	0.000000e+00
2.673825e+00	1.228479e+01	3.654230e-03	11301697.000000	0.000000e+00
2.675820e+00	1.227587e+01	3.653050e-03	11292579.000000	0.000000e+00
2.677813e+00	1.225979e+01	3.642846e-03	11326213.000000	0.000000e+00
2.679809e+00	1.224976e+01	3.636625e-03	11346405.000000	0.000000e+00
2.681804e+00	1.223688e+01	3.631043e-03	11357401.000000	0.000000e+00
2.683798e+00	1.223043e+01	3.627356e-03	11368507.000000	0.000000e+00
2.685793e+00	1.221150e+01	3.616960e-03	11398569.000000	0.000000e+00
2.687788e+00	1.220932e+01	3.615026e-03	11406697.000000	0.000000e+00
2.689782e+00	1.219386e+01	3.607381e-03	11426103.000000	0.000000e+00
2.691776e+00	1.218216e+01	3.602477e-03	11435269.000000	0.000000e+00
2.693771e+00	1.217480e+01	3.595550e-03	11465505.000000	0.000000e+00
2.695766e+00	1.216345e+01	3.590702e-03	11475061.000000	0.000000e+00
2.697761e+00	1.214779e+01	3.582343e-03	11499007.000000	0.000000e+00
2.699756e+00	1.214090e+01	3.579536e-03	11503989.000000	0.000000e+00
2.701749e+00	1.212599e+01	3.572283e-03	11522401.000000	0.000000e+00
2.703744e+00	1.211942e+01	3.565707e-03	11552403.000000	0.000000e+00
2.705739e+00	1.210852e+01	3.561560e-03	11558497.000000	0.000000e+00
2.707733e+00	1.209073e+01	3.553741e-03	11575333.000000	0.000000e+00
2.709728e+00	1.208353e+01	3.547658e-03	11601231.000000	0.000000e+00
2.711723e+00	1.207606e+01	3.544934e-03	11604709.000000	0.000000e+00
2.713717e+00	1.206831e+01	3.537844e-03	11636313.000000	0.000000e+00
2.715712e+00	1.204869e+01	3.531705e-03	11638861.000000	0.000000e+00
2.717706e+00	1.203975e+01	3.524104e-03	11671791.000000	0.000000e+00
2.719701e+00	1.203143e+01	3.521586e-03	11672329.000000	0.000000e+00
2.721695e+00	1.202045e+01	3.513824e-03	11702569.000000	0.000000e+00
2.723690e+00	1.200950e+01	3.509647e-03	11709087.000000	0.000000e+00
2.725685e+00	1.199869e+01	3.501713e-03	11741041.000000	0.000000e+00
2.727680e+00	1.198108e+01	3.495009e-03	11751549.000000	0.000000e+00
2.729675e+00	1.198096e+01	3.492347e-03	11769229.000000	0.000000e+00
2.731669e+00	1.196577e+01	3.486926e-03	11775951.000000	0.000000e+00
2.733664e+00	1.194792e+01	3.477251e-03	11806261.000000	0.000000e+00
2.735659e+00	1.194476e+01	3.474023e-03	11821969.000000	0.000000e+00
2.737654e+00	1.193085e+01	3.468458e-03	11832327.000000	0.000000e+00
2.739647e+00	1.192261e+01	3.465524e-03	11835997.000000	0.000000e+00
2.741641e+00	1.191144e+01	3.455139e-03	11884953.000000	0.000000e+00
2.743638e+00	1.189542e+01	3.449241e-03	11893567.000000	0.000000e+00
2.745632e+00	1.188920e+01	3.446427e-03	11900557.000000	0.000000e+00
2.747627e+00	1.187455e+01	3.439159e-03	11921469.000000	0.000000e+00
2.749622e+00	1.186247e+01	3.432066e-03	11946457.000000	0.000000e+00
2.751617e+00	1.185586e+01	3.428537e-03	11957727.000000	0.000000e+00
2.753611e+00	1.185091e+01	3.426953e-03	11958793.000000	0.000000e+00
2.755604e+00	1.183169e+01	3.416006e-03	11996553.000000	0.000000e+00
2.757600e+00	1.181892e+01	3.409047e-03	12019579.000000	0.000000e+00
2.759595e+00	1.180655e+01	3.406431e-03	12012877.000000	0.000000e+00
2.761589e+00	1.180321e+01	3.400601e-03	12047265.000000	0.000000e+00
2.763583e+00	1.179392e+01	3.397666e-03	12049117.000000	0.000000e+00
2.765577e+00	1.177899e+01	3.388192e-03	12085935.000000	0.000000e+00
2.767573e+00	1.177125e+01	3.383693e-03	12102181.000000	0.000000e+00
2.769567e+00	1.175812e+01	3.379176e-03	12107493.000000	0.000000e+00
2.771562e+00	1.175069e+01	3.372781e-03	12138103.000000	0.000000e+00
2.773558e+00	1.173962e+01	3.367640e-03	12152257.000000	0.000000e+00
2.775552e+00	1.172984e+01	3.363890e-03	12159069.000000	0.000000e+00
2.777546e+00	1.171603e+01	3.357608e-03	12175891.000000	0.000000e+00
2.779540e+00	1.170256e+01	3.349731e-03	12205125.000000	0.000000e+00
2.781535e+00	1.169593e+01	3.345626e-03	12221221.000000	0.000000e+00
2.783530e+00	1.168502e+01	3.340328e-03	12237165.000000	0.000000e+00
2.785525e+00	1.168876e+01	3.339480e-03	12251227.000000	0.000000e+00
2.787519e+00	1.165959e+01	3.328905e-03	12267721.000000	0.000000e+00
2.789514e+00	1.165455e+01	3.324046e-03	12292977.000000	0.000000e+00
2.791509e+00	1.165136e+01	3.321087e-03	12308155.000000	0.000000e+00
2.793504e+00	1.163078e+01	3.312840e-03	12325845.000000	0.000000e+00
2.795498e+00	1.162015e+01	3.308842e-03	12333085.000000	0.000000e+00
2.797493e+00	1.161097e+01	3.302134e-03	12363673.000000	0.000000e+00
2.799488e+00	1.160162e+01	3.297816e-03	12376119.000000	0.000000e+00
2.801482e+00	1.159141e+01	3.292525e-03	12394081.000000	0.000000e+00
2.803477e+00	1.158233e+01	3.288172e-03	12407457.000000	0.000000e+00
2.805471e+00	1.157281e+01	3.282329e-03	12431203.000000	0.000000e+00
2.807466e+00	1.156599e+01	3.278506e-03	12445545.000000	0.000000e+00
2.809460e+00	1.154910e+01	3.270913e-03	12466885.000000	0.000000e+00
2.811455e+00	1.153976e+01	3.266431e-03	12480925.000000	0.000000e+00
2.813450e+00	1.152482e+01	3.258667e-03	12508023.000000	0.000000e+00
2.815444e+00	1.151944e+01	3.257858e-03	12502549.000000	0.000000e+00
2.817438e+00	1.151032e+01	3.249977e-03	12543357.000000	0.000000e+00
2.819433e+00	1.150317e+01	3.246962e-03	12551059.000000	0.000000e+00
2.821428e+00	1.149231e+01	3.241148e-03	12572373.000000	0.000000e+00
2.823424e+00	1.148020e+01	3.234356e-03	12598633.000000	0.000000e+00
2.825418e+00	1.146729e+01	3.230824e-03	12597811.000000	0.000000e+00
2.827413e+00	1.146035e+01	3.224762e-03	12629925.000000	0.000000e+00
2.829407e+00	1.144084e+01	3.218198e-03	12638353.000000	0.000000e+00
2.831402e+00	1.144487e+01	3.216630e-03	12659577.000000	0.000000e+00
2.833396e+00	1.142943e+01	3.210034e-03	12677383.000000	0.000000e+00
2.835391e+00	1.142056e+01	3.205261e-03	12695445.000000	0.000000e+00
2.837385e+00	1.140304e+01	3.198260e-03	12711997.000000	0.000000e+00
2.839380e+00	1.139812e+01	3.193690e-03	12737395.000000	0.000000e+00
2.841375e+00	1.138879e+01	3.190289e-03	12743697.000000	0.000000e+00
2.843370e+00	1.137786e+01	3.183165e-03	12776233.000000	0.000000e+00
2.845365e+00	1.136467e+01	3.178085e-03	12787413.000000	0.000000e+00
2.847360e+00	1.135785e+01	3.174471e-03	12801163.000000	0.000000e+00
2.849354e+00	1.134903e+01	3.169262e-03	12823345.000000	0.000000e+00
2.851349e+00	1.133818e+01	3.164795e-03	12834981.000000	0.000000e+00
2.853343e+00	1.133185e+01	3.160280e-03	12857311.000000	0.000000e+00
2.855337e+00	1.131413e+01	3.153980e-03	12868401.000000	0.000000e+00
2.857332e+00	1.130976e+01	3.149393e-03	12895933.000000	0.000000e+00
2.859326e+00	1.129574e+01	3.144577e-03	12903423.000000	0.000000e+00
2.861321e+00	1.128977e+01	3.138921e-03	12936289.000000	0.000000e+00
2.863316e+00	1.128362e+01	3.135991e-03	12946345.000000	0.000000e+00
2.865311e+00	1.127701e+01	3.131332e-03	12969681.000000	0.000000e+00
2.867306e+00	1.125935e+01	3.124217e-03	12988063.000000	0.000000e+00
2.869301e+00	1.125442e+01	3.121584e-03	12998589.000000	0.000000e+00
2.871295e+00	1.123533e+01	3.113734e-03	13019929.000000	0.000000e+00
2.873290e+00	1.122993e+01	3.110039e-03	13038339.000000	0.000000e+00
2.875285e+00	1.122006e+01	3.105526e-03	13053289.000000	0.000000e+00
2.877279e+00	1.121005e+01	3.100327e-03	13073749.000000	0.000000e+00
2.879273e+00	1.119867e+01	3.095841e-03	13085049.000000	0.000000e+00
2.881268e+00	1.118812e+01	3.088451e-03	13122979.000000	0.000000e+00
2.883263e+00	1.118254e+01	3.087873e-03	13114821.000000	0.000000e+00
2.885257e+00	1.117658e+01	3.082102e-03	13149937.000000	0.000000e+00
2.887251e+00	1.115962e+01	3.076203e-03	13160391.000000	0.000000e+00
2.889246e+00	1.114747e+01	3.069480e-03	13189345.000000	0.000000e+00
2.891241e+00	1.114027e+01	3.066089e-03	13201453.000000	0.000000e+00
2.893236e+00	1.113006e+01	3.060675e-03	13223925.000000	0.000000e+00
2.895231e+00	1.111936e+01	3.056617e-03	13233583.000000	0.000000e+00
2.897226e+00	1.111563e+01	3.052304e-03	13262097.000000	0.000000e+00
2.899221e+00	1.110413e+01	3.048381e-03	13268773.000000	0.000000e+00
2.901215e+00	1.109648e+01	3.043707e-03	13291231.000000	0.000000e+00
2.903209e+00	1.108183e+01	3.038016e-03	13305861.000000	0.000000e+00
2.905203e+00	1.107312e+01	3.033082e-03	13328197.000000	0.000000e+00
2.907198e+00	1.106607e+01	3.028658e-03	13350159.000000	0.000000e+00
2.909193e+00	1.105160e+01	3.022652e-03	13368229.000000	0.000000e+00
2.911187e+00	1.104594e+01	3.020147e-03	13376709.000000	0.000000e+00
2.913182e+00	1.103636e+01	3.014599e-03	13402705.000000	0.000000e+00
2.915177e+00	1.102559e+01	3.009113e-03	13425379.000000	0.000000e+00
2.917171e+00	1.101802e+01	3.006678e-03	13428669.000000	0.000000e+00
2.919165e+00	1.100538e+01	2.999655e-03	13460689.000000	0.000000e+00
2.921160e+00	1.099484e+01	2.994820e-03	13478343.000000	0.000000e+00
2.923155e+00	1.098014e+01	2.989605e-03	13489261.000000	0.000000e+00
2.925149e+00	1.097881e+01	2.986521e-03	13513845.000000	0.000000e+00
2.927144e+00	1.096450e+01	2.980624e-03	13532041.000000	0.000000e+00
2.929140e+00	1.095684e+01	2.975245e-03	13562047.000000	0.000000e+00
2.931134e+00	1.094972e+01	2.974283e-03	13553193.000000	0.000000e+00
2.933129e+00	1.094272e+01	2.967587e-03	13597021.000000	0.000000e+00
2.935124e+00	1.092681e+01	2.962309e-03	13605855.000000	0.000000e+00
2.937118e+00	1.092269e+01	2.960532e-03	13611925.000000	0.000000e+00
2.939112e+00	1.091318e+01	2.953866e-03	13649629.000000	0.000000e+00
2.941107e+00	1.090225e+01	2.950041e-03	13657647.000000	0.000000e+00
2.943102e+00	1.089600e+01	2.946067e-03	13678825.000000	0.000000e+00
2.945097e+00	1.088232e+01	2.939591e-03	13704693.000000	0.000000e+00
2.947091e+00	1.087932e+01	2.938870e-03	13703845.000000	0.000000e+00
2.949085e+00	1.086075e+01	2.930814e-03	13732299.000000	0.000000e+00
2.951080e+00	1.085314e+01	2.925719e-03	13760857.000000	0.000000e+00
2.953075e+00	1.083940e+01	2.921295e-03	13767649.000000	0.000000e+00
2.955070e+00	1.083305e+01	2.916563e-03	13796187.000000	0.000000e+00
2.957064e+00	1.082006e+01	2.912250e-03	13803913.000000	0.000000e+00
2.959059e+00	1.081743e+01	2.908943e-03	13828581.000000	0.000000e+00
2.961053e+00	1.080753e+01	2.904833e-03	13842361.000000	0.000000e+00
2.963048e+00	1.079429e+01	2.898463e-03	13869231.000000	0.000000e+00
2.965042e+00	1.079235e+01	2.897092e-03	13877389.000000	0.000000e+00
2.967037e+00	1.077767e+01	2.889502e-03	13912465.000000	0.000000e+00
2.969032e+00	1.076646e+01	2.885990e-03	13917351.000000	0.000000e+00
2.971027e+00	1.075731e+01	2.881059e-03	13941289.000000	0.000000e+00
2.973021e+00	1.075356e+01	2.878664e-03	13954761.000000	0.000000e+00
2.975016e+00	1.074160e+01	2.873174e-03	13976995.000000	0.000000e+00
2.977011e+00	1.073349e+01	2.868776e-03	13998729.000000	0.000000e+00
2.979005e+00	1.071916e+01	2.864081e-03	14007193.000000	0.000000e+00
2.980999e+00	1.071253e+01	2.859460e-03	14035105.000000	0.000000e+00
2.982994e+00	1.070470e+01	2.855390e-03	14054583.000000	0.000000e+00
2.984990e+00	1.069448e+01	2.850293e-03	14077981.000000	0.000000e+00
2.986985e+00	1.068703e+01	2.846777e-03	14093121.000000	0.000000e+00
2.988979e+00	1.067989e+01	2.843787e-03	14103895.000000	0.000000e+00
2.990974e+00	1.067288e+01	2.839441e-03	14128549.000000	0.000000e+00
2.992968e+00	1.066365e+01	2.835457e-03	14143785.000000	0.000000e+00
2.994963e+00	1.065553e+01	2.831420e-03	14162545.000000	0.000000e+00
2.996957e+00	1.063605e+01	2.824221e-03	14182851.000000	0.000000e+00
2.998951e+00	1.063018e+01	2.820966e-03	14199913.000000	0.000000e+00
3.000946e+00	1.062105e+01	2.815789e-03	14227713.000000	0.000000e+00
3.002940e+00	1.061768e+01	2.815119e-03	14225443.000000	0.000000e+00
3.004935e+00	1.060384e+01	2.806318e-03	14277529.000000	0.000000e+00
3.006932e+00	1.059950e+01	2.803914e-03	14290317.000000	0.000000e+00
3.008926e+00	1.058757e+01	2.801838e-03	14279281.000000	0.000000e+00
3.010920e+00	1.057660e+01	2.794493e-03	14324715.000000	0.000000e+00
3.012915e+00	1.057442e+01	2.793446e-03	14329549.000000	0.000000e+00
3.014910e+00	1.056194e+01	2.786607e-03	14366013.000000	0.000000e+00
3.016905e+00	1.054617e+01	2.782492e-03	14365519.000000	0.000000e+00
3.018899e+00	1.054197e+01	2.779045e-03	14389729.000000	0.000000e+00
3.020893e+00	1.053408e+01	2.774703e-03	14413185.000000	0.000000e+00
3.022888e+00	1.052433e+01	2.770129e-03	14434063.000000	0.000000e+00
3.024883e+00	1.051454e+01	2.766310e-03	14447025.000000	0.000000e+00
3.026877e+00	1.050365e+01	2.761336e-03	14469109.000000	0.000000e+00
3.028872e+00	1.049583e+01	2.757750e-03	14485185.000000	0.000000e+00
3.030867e+00	1.048652e+01	2.753080e-03	14508583.000000	0.000000e+00
3.032861e+00	1.047921e+01	2.750272e-03	14517973.000000	0.000000e+00
3.034856e+00	1.047182e+01	2.744316e-03	14560485.000000	0.000000e+00
3.036851e+00	1.046461e+01	2.742798e-03	14556535.000000	0.000000e+00
3.038846e+00	1.045398e+01	2.737087e-03	14587665.000000	0.000000e+00
3.040840e+00	1.044523e+01	2.733918e-03	14597065.000000	0.000000e+00
3.042834e+00	1.043622e+01	2.729986e-03	14613877.000000	0.000000e+00
3.044829e+00	1.043064e+01	2.724642e-03	14655567.000000	0.000000e+00
3.046824e+00	1.041832e+01	2.721975e-03	14649637.000000	0.000000e+00
3.048818e+00	1.040086e+01	2.714393e-03	14682273.000000	0.000000e+00
3.050812e+00	1.039803e+01	2.712894e-03	14690491.000000	0.000000e+00
3.052807e+00	1.039324e+01	2.707941e-03	14730705.000000	0.000000e+00
3.054803e+00	1.038155e+01	2.704215e-03	14738113.000000	0.000000e+00
3.056797e+00	1.037354e+01	2.701213e-03	14748103.000000	0.000000e+00
3.058791e+00	1.036755e+01	2.697486e-03	14771805.000000	0.000000e+00
3.060786e+00	1.035580e+01	2.691541e-03	14803525.000000	0.000000e+00
3.062781e+00	1.034632e+01	2.688480e-03	14810109.000000	0.000000e+00
3.064776e+00	1.033975e+01	2.684422e-03	14836063.000000	0.000000e+00
3.066770e+00	1.033239e+01	2.681210e-03	14850477.000000	0.000000e+00
3.068765e+00	1.032118e+01	2.675859e-03	14877577.000000	0.000000e+00
3.070760e+00	1.031255e+01	2.672286e-03	14892451.000000	0.000000e+00
3.072755e+00	1.030310e+01	2.668318e-03	14909421.000000	0.000000e+00
3.074749e+00	1.029355e+01	2.665121e-03	14917513.000000	0.000000e+00
3.076743e+00	1.029039e+01	2.661044e-03	14954061.000000	0.000000e+00
3.078738e+00	1.027772e+01	2.656342e-03	14970139.000000	0.000000e+00
3.080733e+00	1.027654e+01	2.653671e-03	14996853.000000	0.000000e+00
3.082727e+00	1.026541e+01	2.651504e-03	14988853.000000	0.000000e+00
3.084721e+00	1.025021e+01	2.643557e-03	15034471.000000	0.000000e+00
3.086717e+00	1.024222e+01	2.640148e-03	15049845.000000	0.000000e+00
3.088711e+00	1.023855e+01	2.638268e-03	15060481.000000	0.000000e+00
3.090705e+00	1.022221e+01	2.632215e-03	15081585.000000	0.000000e+00
3.092700e+00	1.022356e+01	2.629993e-03	15111055.000000	0.000000e+00
3.094695e+00	1.021002e+01	2.625384e-03	15124033.000000	0.000000e+00
3.096689e+00	1.019728e+01	2.620790e-03	15139257.000000	0.000000e+00
3.098684e+00	1.019399e+01	2.617768e-03	15164419.000000	0.000000e+00
3.100679e+00	1.018543e+01	2.613792e-03	15185061.000000	0.000000e+00
3.102674e+00	1.017388e+01	2.608557e-03	15211525.000000	0.000000e+00
3.104669e+00	1.016734e+01	2.606398e-03	15217155.000000	0.000000e+00
3.106663e+00	1.015951e+01	2.602790e-03	15235861.000000	0.000000e+00
3.108657e+00	1.014288e+01	2.596151e-03	15263797.000000	0.000000e+00
3.110652e+00	1.014195e+01	2.594800e-03	15276897.000000	0.000000e+00
3.112647e+00	1.013500e+01	2.590720e-03	15304051.000000	0.000000e+00
3.114641e+00	1.012916e+01	2.588120e-03	15317157.000000	0.000000e+00
3.116636e+00	1.011704e+01	2.582662e-03	15345181.000000	0.000000e+00
3.118631e+00	1.011363e+01	2.581019e-03	15354351.000000	0.000000e+00
3.120626e+00	1.010047e+01	2.574815e-03	15388321.000000	0.000000e+00
3.122620e+00	1.009372e+01	2.573178e-03	15387301.000000	0.000000e+00
3.124615e+00	1.008856e+01	2.569108e-03	15420345.000000	0.000000e+00
3.126609e+00	1.007440e+01	2.564324e-03	15434515.000000	0.000000e+00
3.128604e+00	1.007073e+01	2.561420e-03	15458241.000000	0.000000e+00
3.130598e+00	1.005801e+01	2.556779e-03	15475249.000000	0.000000e+00
3.132593e+00	1.005007e+01	2.552867e-03	15498223.000000	0.000000e+00
3.134588e+00	1.004465e+01	2.549940e-03	15517077.000000	0.000000e+00
3.136583e+00	1.003293e+01	2.544777e-03	15543769.000000	0.000000e+00
3.138577e+00	1.002419e+01	2.542646e-03	15542727.000000	0.000000e+00
3.140571e+00	1.001691e+01	2.537411e-03	15584245.000000	0.000000e+00
3.142566e+00	1.000600e+01	2.534120e-03	15590733.000000	0.000000e+00
3.144561e+00	1.000108e+01	2.530569e-03	15619153.000000	0.000000e+00
3.146555e+00	9.991699e+00	2.526960e-03	15634423.000000	0.000000e+00
3.148550e+00	9.985045e+00	2.523651e-03	15654585.000000	0.000000e+00
3.150545e+00	9.975486e+00	2.518942e-03	15683101.000000	0.000000e+00
3.152540e+00	9.962477e+00	2.514766e-03	15694215.000000	0.000000e+00
3.154535e+00	9.960864e+00	2.512933e-03	15712021.000000	0.000000e+00
3.156529e+00	9.950387e+00	2.508147e-03	15738885.000000	0.000000e+00
3.158524e+00	9.939238e+00	2.504210e-03	15753049.000000	0.000000e+00
3.160519e+00	9.938436e+00	2.502352e-03	15773911.000000	0.000000e+00
3.162513e+00	9.927037e+00	2.498451e-03	15786921.000000	0.000000e+00
3.164508e+00	9.919315e+00	2.492885e-03	15832837.000000	0.000000e+00
3.166504e+00	9.907551e+00	2.490394e-03	15826923.000000	0.000000e+00
3.168497e+00	9.899320e+00	2.486779e-03	15846613.000000	0.000000e+00
3.170491e+00	9.893500e+00	2.483298e-03	15872385.000000	0.000000e+00
3.172486e+00	9.887086e+00	2.479674e-03	15898183.000000	0.000000e+00
3.174481e+00	9.873431e+00	2.475208e-03	15911557.000000	0.000000e+00
3.176475e+00	9.869146e+00	2.472289e-03	15935313.000000	0.000000e+00
3.178470e+00	9.860808e+00	2.468525e-03	15956953.000000	0.000000e+00
3.180465e+00	9.853493e+00	2.465068e-03	15978003.000000	0.000000e+00
3.182460e+00	9.841877e+00	2.461468e-03	15987013.000000	0.000000e+00
3.184455e+00	9.836081e+00	2.457187e-03	16023877.000000	0.000000e+00
3.186450e+00	9.826149e+00	2.453958e-03	16033647.000000	0.000000e+00
3.188445e+00	9.819754e+00	2.450697e-03	16055425.000000	0.000000e+00
3.190439e+00	9.807333e+00	2.446222e-03	16073481.000000	0.000000e+00
3.192434e+00	9.798667e+00	2.442447e-03	16094725.000000	0.000000e+00
3.194428e+00	9.795970e+00	2.440828e-03	16107219.000000	0.000000e+00
3.196422e+00	9.789193e+00	2.436771e-03	16138549.000000	0.000000e+00
3.198417e+00	9.778787e+00	2.433070e-03	16153285.000000	0.000000e+00
3.200411e+00	9.771576e+00	2.430086e-03	16169103.000000	0.000000e+00
3.202406e+00	9.759130e+00	2.424580e-03	16201273.000000	0.000000e+00
3.204401e+00	9.754545e+00	2.422146e-03	16218597.000000	0.000000e+00
3.206395e+00	9.746833e+00	2.419469e-03	16228813.000000	0.000000e+00
3.208390e+00	9.738173e+00	2.414431e-03	16267671.000000	0.000000e+00
3.210386e+00	9.735004e+00	2.413038e-03	16275853.000000	0.000000e+00
3.212380e+00	9.724126e+00	2.409409e-03	16288465.000000	0.000000e+00
3.214374e+00	9.713469e+00	2.404798e-03	16315167.000000	0.000000e+00
3.216368e+00	9.706323e+00	2.401606e-03	16334497.000000	0.000000e+00
3.218363e+00	9.703474e+00	2.399034e-03	16359945.000000	0.000000e+00
3.220358e+00	9.688769e+00	2.394077e-03	16378003.000000	0.000000e+00
3.222353e+00	9.685005e+00	2.391784e-03	16396677.000000	0.000000e+00
3.224347e+00	9.675908e+00	2.387514e-03	16424473.000000	0.000000e+00
3.226342e+00	9.664907e+00	2.384816e-03	16424257.000000	0.000000e+00
3.228336e+00	9.662117e+00	2.381442e-03	16461315.000000	0.000000e+00
3.230331e+00	9.651268e+00	2.377372e-03	16480657.000000	0.000000e+00
3.232326e+00	9.647155e+00	2.374718e-03	16503441.000000	0.000000e+00
3.234320e+00	9.637279e+00	2.371359e-03	16516351.000000	0.000000e+00
3.236316e+00	9.627365e+00	2.365996e-03	16557193.000000	0.000000e+00
3.238311e+00	9.621481e+00	2.365029e-03	16550493.000000	0.000000e+00
3.240305e+00	9.612396e+00	2.360922e-03	16576777.000000	0.000000e+00
3.242299e+00	9.606470e+00	2.357537e-03	16603923.000000	0.000000e+00
3.244294e+00	9.600500e+00	2.354957e-03	16619641.000000	0.000000e+00
3.246288e+00	9.590096e+00	2.351276e-03	16635609.000000	0.000000e+00
3.248283e+00	9.581464e+00	2.346125e-03	16678675.000000	0.000000e+00
3.250279e+00	9.574597e+00	2.344208e-03	16682029.000000	0.000000e+00
3.252272e+00	9.567594e+00	2.341802e-03	16691877.000000	0.000000e+00
3.254267e+00	9.562132e+00	2.337443e-03	16735063.000000	0.000000e+00
3.256262e+00	9.549679e+00	2.334139e-03	16738785.000000	0.000000e+00
3.258256e+00	9.543983e+00	2.331232e-03	16760557.000000	0.000000e+00
3.260250e+00	9.533745e+00	2.327200e-03	16782621.000000	0.000000e+00
3.262245e+00	9.529303e+00	2.323912e-03	16814455.000000	0.000000e+00
3.264240e+00	9.518117e+00	2.320140e-03	16829593.000000	0.000000e+00
3.266235e+00	9.514679e+00	2.318378e-03	16843017.000000	0.000000e+00
3.268230e+00	9.506258e+00	2.314253e-03	16873195.000000	0.000000e+00
3.270224e+00	9.494955e+00	2.311161e-03	16878165.000000	0.000000e+00
3.272218e+00	9.487905e+00	2.307369e-03	16908565.000000	0.000000e+00
3.274213e+00	9.480707e+00	2.304371e-03	16926865.000000	0.000000e+00
3.276208e+00	9.474386e+00	2.300220e-03	16965375.000000	0.000000e+00
3.278203e+00	9.466874e+00	2.298449e-03	16964593.000000	0.000000e+00
3.280197e+00	9.456886e+00	2.294281e-03	16990377.000000	0.000000e+00
3.282192e+00	9.454516e+00	2.291878e-03	17017495.000000	0.000000e+00
3.284187e+00	9.443365e+00	2.287632e-03	17040453.000000	0.000000e+00
3.286181e+00	9.437177e+00	2.286657e-03	17032645.000000	0.000000e+00
3.288175e+00	9.431452e+00	2.281864e-03	17083537.000000	0.000000e+00
3.290170e+00	9.419940e+00	2.278483e-03	17092467.000000	0.000000e+00
3.292165e+00	9.417910e+00	2.275732e-03	17126437.000000	0.000000e+00
3.294160e+00	9.405373e+00	2.272349e-03	17131761.000000	0.000000e+00
3.296154e+00	9.400152e+00	2.270167e-03	17145655.000000	0.000000e+00
3.298149e+00	9.391837e+00	2.264813e-03	17196357.000000	0.000000e+00
3.300144e+00	9.381964e+00	2.262747e-03	17191561.000000	0.000000e+00
3.302138e+00	9.372522e+00	2.258670e-03	17218975.000000	0.000000e+00
3.304132e+00	9.369813e+00	2.257812e-03	17222109.000000	0.000000e+00
3.306126e+00	9.364062e+00	2.252708e-03	17279005.000000	0.000000e+00
3.308122e+00	9.355542e+00	2.250696e-03	17278425.000000	0.000000e+00
3.310117e+00	9.341684e+00	2.245485e-03	17307331.000000	0.000000e+00
3.312111e+00	9.336544e+00	2.243315e-03	17321757.000000	0.000000e+00
3.314106e+00	9.328765e+00	2.239681e-03	17349061.000000	0.000000e+00
3.316101e+00	9.320982e+00	2.236586e-03	17368087.000000	0.000000e+00
3.318096e+00	9.316172e+00	2.234222e-03	17386905.000000	0.000000e+00
3.320090e+00	9.305709e+00	2.230928e-03	17399137.000000	0.000000e+00
3.322085e+00	9.302314e+00	2.227272e-03	17443581.000000	0.000000e+00
3.324080e+00	9.294024e+00	2.226098e-03	17430871.000000	0.000000e+00
3.326074e+00	9.287200e+00	2.221208e-03	17482009.000000	0.000000e+00
3.328069e+00	9.276506e+00	2.218132e-03	17490165.000000	0.000000e+00
3.330064e+00	9.268851e+00	2.214274e-03	17522215.000000	0.000000e+00
3.332059e+00	9.267880e+00	2.214352e-03	17517321.000000	0.000000e+00
3.334052e+00	9.256769e+00	2.209664e-03	17549569.000000	0.000000e+00
3.336047e+00	9.247471e+00	2.205557e-03	17579607.000000	0.000000e+00
3.338042e+00	9.242169e+00	2.202855e-03	17602561.000000	0.000000e+00
3.340037e+00	9.233339e+00	2.199713e-03	17619181.000000	0.000000e+00
3.342032e+00	9.223340e+00	2.196087e-03	17639145.000000	0.000000e+00
3.344026e+00	9.222949e+00	2.195122e-03	17653159.000000	0.000000e+00
3.346021e+00	9.208595e+00	2.189711e-03	17685321.000000	0.000000e+00
3.348016e+00	9.204623e+00	2.187776e-03	17701345.000000	0.000000e+00
3.350010e+00	9.196548e+00	2.184362e-03	17725587.000000	0.000000e+00
3.352005e+00	9.189084e+00	2.182073e-03	17733973.000000	0.000000e+00
3.353999e+00	9.187506e+00	2.179418e-03	17771101.000000	0.000000e+00
3.355994e+00	9.175230e+00	2.175817e-03	17782353.000000	0.000000e+00
3.357989e+00	9.167326e+00	2.171866e-03	17816371.000000	0.000000e+00
3.359984e+00	9.160808e+00	2.169963e-03	17822265.000000	0.000000e+00
3.361978e+00	9.157517e+00	2.167131e-03	17856049.000000	0.000000e+00
3.363973e+00	9.143073e+00	2.163637e-03	17857299.000000	0.000000e+00
3.365967e+00	9.137349e+00	2.159270e-03	17907145.000000	0.000000e+00
3.367962e+00	9.132692e+00	2.158440e-03	17902657.000000	0.000000e+00
3.369956e+00	9.127302e+00	2.155484e-03	17930625.000000	0.000000e+00
3.371951e+00	9.115835e+00	2.150836e-03	17962975.000000	0.000000e+00
3.373946e+00	9.110153e+00	2.148252e-03	17983773.000000	0.000000e+00
3.375941e+00	9.105215e+00	2.146727e-03	17989825.000000	0.000000e+00
3.377935e+00	9.094512e+00	2.142101e-03	18025147.000000	0.000000e+00
3.379930e+00	9.087992e+00	2.139999e-03	18034689.000000	0.000000e+00
3.381925e+00	9.079539e+00	2.136219e-03	18064921.000000	0.000000e+00
3.383919e+00	9.072106e+00	2.133316e-03	18084471.000000	0.000000e+00
3.385914e+00	9.065958e+00	2.130632e-03	18105493.000000	0.000000e+00
3.387908e+00	9.059280e+00	2.128202e-03	18120153.000000	0.000000e+00
3.389903e+00	9.051447e+00	2.124650e-03	18149353.000000	0.000000e+00
3.391898e+00	9.047499e+00	2.122245e-03	18174655.000000	0.000000e+00
3.393893e+00	9.037076e+00	2.119163e-03	18185577.000000	0.000000e+00
3.395886e+00	9.030243e+00	2.116855e-03	18197713.000000	0.000000e+00
3.397881e+00	9.017502e+00	2.110933e-03	18248355.000000	0.000000e+00
3.399877e+00	9.014992e+00	2.109668e-03	18260077.000000	0.000000e+00
3.401871e+00	9.009173e+00	2.108037e-03	18264729.000000	0.000000e+00
3.403865e+00	9.003793e+00	2.104921e-03	18296977.000000	0.000000e+00
3.405860e+00	8.995023e+00	2.101565e-03	18319723.000000	0.000000e+00
3.407855e+00	8.985237e+00	2.097808e-03	18345417.000000	0.000000e+00
3.409850e+00	8.981008e+00	2.095836e-03	18362665.000000	0.000000e+00
3.411845e+00	8.974824e+00	2.093072e-03	18385851.000000	0.000000e+00
3.413840e+00	8.962248e+00	2.089174e-03	18402829.000000	0.000000e+00
3.415834e+00	8.959578e+00	2.087338e-03	18424233.000000	0.000000e+00
3.417828e+00	8.949201e+00	2.084139e-03	18438067.000000	0.000000e+00
3.419823e+00	8.943404e+00	2.080808e-03	18473185.000000	0.000000e+00
3.421817e+00	8.937500e+00	2.078765e-03	18485073.000000	0.000000e+00
3.423812e+00	8.932425e+00	2.075998e-03	18513349.000000	0.000000e+00
3.425807e+00	8.925295e+00	2.072821e-03	18540507.000000	0.000000e+00
3.427801e+00	8.919715e+00	2.071120e-03	18547765.000000	0.000000e+00
3.429796e+00	8.909005e+00	2.066327e-03	18589177.000000	0.000000e+00
3.431791e+00	8.901274e+00	2.064509e-03	18589635.000000	0.000000e+00
3.433785e+00	8.893631e+00	2.061355e-03	18614557.000000	0.000000e+00
3.435780e+00	8.888236e+00	2.057934e-03	18653841.000000	0.000000e+00
3.437775e+00	8.883840e+00	2.056597e-03	18659629.000000	0.000000e+00
3.439770e+00	8.873671e+00	2.052283e-03	18695283.000000	0.000000e+00
3.441765e+00	8.866616e+00	2.050498e-03	18698077.000000	0.000000e+00
3.443759e+00	8.861909e+00	2.047717e-03	18729013.000000	0.000000e+00
3.445753e+00	8.856969e+00	2.045933e-03	18740763.000000	0.000000e+00
3.447748e+00	8.846427e+00	2.041380e-03	18779677.000000	0.000000e+00
3.449743e+00	8.837655e+00	2.038138e-03	18802125.000000	0.000000e+00
3.451737e+00	8.832717e+00	2.037043e-03	18801319.000000	0.000000e+00
3.453732e+00	8.828821e+00	2.033802e-03	18844653.000000	0.000000e+00
3.455727e+00	8.821207e+00	2.031438e-03	18855961.000000	0.000000e+00
3.457721e+00	8.812599e+00	2.028310e-03	18877285.000000	0.000000e+00
3.459715e+00	8.804639e+00	2.025153e-03	18901983.000000	0.000000e+00
3.461711e+00	8.797691e+00	2.021785e-03	18935101.000000	0.000000e+00
3.463705e+00	8.790357e+00	2.020039e-03	18936237.000000	0.000000e+00
3.465699e+00	8.785054e+00	2.017073e-03	18969043.000000	0.000000e+00
3.467694e+00	8.779774e+00	2.014883e-03	18987469.000000	0.000000e+00
3.469689e+00	8.771757e+00	2.011596e-03	19014801.000000	0.000000e+00
3.471683e+00	8.764266e+00	2.008899e-03	19033333.000000	0.000000e+00
3.473677e+00	8.755940e+00	2.006451e-03	19043571.000000	0.000000e+00
3.475672e+00	8.753367e+00	2.003388e-03	19090621.000000	0.000000e+00
3.477668e+00	8.744539e+00	2.000921e-03	19099149.000000	0.000000e+00
3.479662e+00	8.738028e+00	1.998396e-03	19118947.000000	0.000000e+00
3.481657e+00	8.733062e+00	1.995998e-03	19143133.000000	0.000000e+00
3.483651e+00	8.723878e+00	1.992589e-03	19168305.000000	0.000000e+00
3.485646e+00	8.719978e+00	1.990581e-03	19189837.000000	0.000000e+00
3.487641e+00	8.709064e+00	1.987480e-03	19201599.000000	0.000000e+00
3.489635e+00	8.704420e+00	1.984938e-03	19230277.000000	0.000000e+00
3.491630e+00	8.696360e+00	1.981622e-03	19258989.000000	0.000000e+00
3.493625e+00	8.687684e+00	1.978418e-03	19282879.000000	0.000000e+00
3.495619e+00	8.684547e+00	1.978001e-03	19277089.000000	0.000000e+00
3.497614e+00	8.674971e+00	1.973182e-03	19328661.000000	0.000000e+00
3.499609e+00	8.669524e+00	1.971125e-03	19344703.000000	0.000000e+00
3.501604e+00	8.660744e+00	1.968398e-03	19359069.000000	0.000000e+00
3.503598e+00	8.655304e+00	1.966075e-03	19380481.000000	0.000000e+00
3.505592e+00	8.649695e+00	1.963380e-03	19408533.000000	0.000000e+00
3.507587e+00	8.640614e+00	1.959884e-03	19436971.000000	0.000000e+00
3.509582e+00	8.635404e+00	1.958340e-03	19444153.000000	0.000000e+00
3.511577e+00	8.629733e+00	1.955291e-03	19479237.000000	0.000000e+00
3.513572e+00	8.621552e+00	1.952561e-03	19496731.000000	0.000000e+00
3.515566e+00	8.617329e+00	1.950982e-03	19509177.000000	0.000000e+00
3.517561e+00	8.611654e+00	1.947628e-03	19550653.000000	0.000000e+00
3.519555e+00	8.607003e+00	1.946559e-03	19550989.000000	0.000000e+00
3.521551e+00	8.601630e+00	1.942579e-03	19606683.000000	0.000000e+00
3.523545e+00	8.592228e+00	1.941671e-03	19582141.000000	0.000000e+00
3.525538e+00	8.582625e+00	1.937318e-03	19626297.000000	0.000000e+00
3.527533e+00	8.575616e+00	1.934487e-03	19651639.000000	0.000000e+00
3.529529e+00	8.571800e+00	1.931630e-03	19692285.000000	0.000000e+00
3.531524e+00	8.561079e+00	1.929601e-03	19684393.000000	0.000000e+00
3.533518e+00	8.554876e+00	1.926558e-03	19718023.000000	0.000000e+00
3.535513e+00	8.551679e+00	1.924726e-03	19740813.000000	0.000000e+00
3.537507e+00	8.546201e+00	1.922537e-03	19760449.000000	0.000000e+00
3.539501e+00	8.535467e+00	1.919965e-03	19763685.000000	0.000000e+00
3.541495e+00	8.529796e+00	1.915857e-03	19822171.000000	0.000000e+00
3.543491e+00	8.525125e+00	1.914467e-03	19829229.000000	0.000000e+00
3.545486e+00	8.518652e+00	1.911510e-03	19860421.000000	0.000000e+00
3.547481e+00	8.510709e+00	1.909207e-03	19871263.000000	0.000000e+00
3.549475e+00	8.502732e+00	1.906303e-03	19894497.000000	0.000000e+00
3.551470e+00	8.497250e+00	1.904017e-03	19916593.000000	0.000000e+00
3.553464e+00	8.490469e+00	1.901283e-03	19942041.000000	0.000000e+00
3.555459e+00	8.485894e+00	1.898968e-03	19969159.000000	0.000000e+00
3.557454e+00	8.480025e+00	1.897386e-03	19974825.000000	0.000000e+00
3.559448e+00	8.471247e+00	1.893859e-03	20007793.000000	0.000000e+00
3.561443e+00	8.461698e+00	1.890027e-03	20043763.000000	0.000000e+00
3.563438e+00	8.455570e+00	1.888858e-03	20039517.000000	0.000000e+00
3.565431e+00	8.450710e+00	1.886353e-03	20069689.000000	0.000000e+00
3.567426e+00	8.447533e+00	1.883707e-03	20110965.000000	0.000000e+00
3.569422e+00	8.436129e+00	1.880404e-03	20127223.000000	0.000000e+00
3.571417e+00	8.433151e+00	1.879451e-03	20133421.000000	0.000000e+00
3.573410e+00	8.426208e+00	1.877105e-03	20150565.000000	0.000000e+00
3.575404e+00	8.420435e+00	1.873839e-03	20193163.000000	0.000000e+00
3.577400e+00	8.413045e+00	1.870846e-03	20222289.000000	0.000000e+00
3.579395e+00	8.407406e+00	1.869178e-03	20231257.000000	0.000000e+00
3.581389e+00	8.399262e+00	1.866756e-03	20244507.000000	0.000000e+00
3.583384e+00	8.393920e+00	1.863567e-03	20288017.000000	0.000000e+00
3.585379e+00	8.386263e+00	1.861072e-03	20305357.000000	0.000000e+00
3.587373e+00	8.380013e+00	1.859366e-03	20312325.000000	0.000000e+00
3.589367e+00	8.374446e+00	1.856727e-03	20343055.000000	0.000000e+00
3.591361e+00	8.367385e+00	1.854299e-03	20361969.000000	0.000000e+00
3.593356e+00	8.359265e+00	1.850593e-03	20403961.000000	0.000000e+00
3.595352e+00	8.356542e+00	1.849333e-03	20418459.000000	0.000000e+00
3.597346e+00	8.348063e+00	1.847105e-03	20426221.000000	0.000000e+00
3.599341e+00	8.345899e+00	1.844801e-03	20466673.000000	0.000000e+00
3.601336e+00	8.335617e+00	1.842020e-03	20477973.000000	0.000000e+00
3.603330e+00	8.329811e+00	1.839930e-03	20495935.000000	0.000000e+00
3.605324e+00	8.323762e+00	1.836711e-03	20537973.000000	0.000000e+00
3.607319e+00	8.316089e+00	1.834696e-03	20545177.000000	0.000000e+00
3.609314e+00	8.309023e+00	1.831778e-03	20575683.000000	0.000000e+00
3.611308e+00	8.304869e+00	1.830462e-03	20584693.000000	0.000000e+00
3.613303e+00	8.299254e+00	1.827662e-03	20619889.000000	0.000000e+00
3.615297e+00	8.292612e+00	1.825319e-03	20639787.000000	0.000000e+00
3.617292e+00	8.286360e+00	1.822405e-03	20674621.000000	0.000000e+00
3.619287e+00	8.278981e+00	1.820415e-03	20682969.000000	0.000000e+00
3.621282e+00	8.270653e+00	1.817083e-03	20717149.000000	0.000000e+00
3.623277e+00	8.267909e+00	1.816476e-03	20717251.000000	0.000000e+00
3.625271e+00	8.258949e+00	1.812784e-03	20756661.000000	0.000000e+00
3.627266e+00	8.253898e+00	1.810563e-03	20782165.000000	0.000000e+00
3.629261e+00	8.248241e+00	1.808314e-03	20805339.000000	0.000000e+00
3.631256e+00	8.240540e+00	1.805809e-03	20824177.000000	0.000000e+00
3.633250e+00	8.236096e+00	1.804044e-03	20842449.000000	0.000000e+00
3.635244e+00	8.229999e+00	1.801774e-03	20864077.000000	0.000000e+00
3.637239e+00	8.224322e+00	1.798739e-03	20905663.000000	0.000000e+00
3.639234e+00	8.213476e+00	1.796421e-03	20904405.000000	0.000000e+00
3.641229e+00	8.207768e+00	1.793307e-03	20947921.000000	0.000000e+00
3.643224e+00	8.202828e+00	1.791669e-03	20960979.000000	0.000000e+00
3.645218e+00	8.197364e+00	1.790121e-03	20969293.000000	0.000000e+00
3.647212e+00	8.192859e+00	1.787075e-03	21017721.000000	0.000000e+00
3.649207e+00	8.187602e+00	1.786032e-03	21015259.000000	0.000000e+00
3.651201e+00	8.178784e+00	1.782386e-03	21055897.000000	0.000000e+00
3.653196e+00	8.170774e+00	1.779168e-03	21090765.000000	0.000000e+00
3.655191e+00	8.162921e+00	1.777374e-03	21092773.000000	0.000000e+00
3.657186e+00	8.155977e+00	1.774270e-03	21130647.000000	0.000000e+00
3.659181e+00	8.155720e+00	1.773979e-03	21136237.000000	0.000000e+00
3.661175e+00	8.144650e+00	1.770265e-03	21167437.000000	0.000000e+00
3.663170e+00	8.139779e+00	1.767897e-03	21198795.000000	0.000000e+00
3.665165e+00	8.136154e+00	1.766587e-03	21211357.000000	0.000000e+00
3.667159e+00	8.130787e+00	1.764673e-03	21229353.000000	0.000000e+00
3.669154e+00	8.119809e+00	1.760471e-03	21273253.000000	0.000000e+00
3.671149e+00	8.115093e+00	1.759178e-03	21279807.000000	0.000000e+00
3.673144e+00	8.111663e+00	1.757258e-03	21308293.000000	0.000000e+00
3.675138e+00	8.105056e+00	1.755688e-03	21311653.000000	0.000000e+00
3.677132e+00	8.096900e+00	1.751526e-03	21369987.000000	0.000000e+00
3.679127e+00	8.091392e+00	1.750373e-03	21369049.000000	0.000000e+00
3.681122e+00	8.087752e+00	1.748112e-03	21405105.000000	0.000000e+00
3.683116e+00	8.081841e+00	1.746698e-03	21408445.000000	0.000000e+00
3.685111e+00	8.072005e+00	1.742277e-03	21464883.000000	0.000000e+00
3.687106e+00	8.069003e+00	1.742047e-03	21454573.000000	0.000000e+00
3.689099e+00	8.061384e+00	1.739321e-03	21481249.000000	0.000000e+00
3.691094e+00	8.052598e+00	1.735146e-03	21537723.000000	0.000000e+00
3.693090e+00	8.050447e+00	1.734902e-03	21532273.000000	0.000000e+00
3.695084e+00	8.044529e+00	1.732327e-03	21564597.000000	0.000000e+00
3.697079e+00	8.039080e+00	1.730573e-03	21579079.000000	0.000000e+00
3.699073e+00	8.030266e+00	1.727411e-03	21610677.000000	0.000000e+00
3.701068e+00	8.026671e+00	1.726034e-03	21625801.000000	0.000000e+00
3.703063e+00	8.021804e+00	1.723365e-03	21666541.000000	0.000000e+00
3.705057e+00	8.013889e+00	1.721661e-03	21666627.000000	0.000000e+00
3.707052e+00	8.004034e+00	1.717761e-03	21711637.000000	0.000000e+00
3.709047e+00	8.000654e+00	1.716518e-03	21724725.000000	0.000000e+00
3.711042e+00	7.993483e+00	1.714059e-03	21748063.000000	0.000000e+00
3.713036e+00	7.990236e+00	1.712524e-03	21769357.000000	0.000000e+00
3.715031e+00	7.983423e+00	1.709997e-03	21796545.000000	0.000000e+00
3.717025e+00	7.976632e+00	1.707994e-03	21810541.000000	0.000000e+00
3.719020e+00	7.970613e+00	1.704863e-03	21857703.000000	0.000000e+00
3.721015e+00	7.967513e+00	1.704105e-03	21860125.000000	0.000000e+00
3.723010e+00	7.960164e+00	1.701431e-03	21888465.000000	0.000000e+00
3.725004e+00	7.953650e+00	1.699445e-03	21903775.000000	0.000000e+00
3.726998e+00	7.945883e+00	1.696561e-03	21935389.000000	0.000000e+00
3.728992e+00	7.941083e+00	1.694703e-03	21956973.000000	0.000000e+00
3.730987e+00	7.935338e+00	1.692236e-03	21989167.000000	0.000000e+00
3.732983e+00	7.928737e+00	1.689919e-03	22012857.000000	0.000000e+00
3.734977e+00	7.923611e+00	1.688149e-03	22030525.000000	0.000000e+00
3.736972e+00	7.917971e+00	1.686540e-03	22041165.000000	0.000000e+00
3.738966e+00	7.906865e+00	1.682132e-03	22094719.000000	0.000000e+00
3.740961e+00	7.910089e+00	1.683124e-03	22086685.000000	0.000000e+00
3.742956e+00	7.899112e+00	1.679178e-03	22129077.000000	0.000000e+00
3.744950e+00	7.896369e+00	1.678042e-03	22143655.000000	0.000000e+00
3.746945e+00	7.885495e+00	1.674556e-03	22174737.000000	0.000000e+00
3.748939e+00	7.880488e+00	1.672964e-03	22188769.000000	0.000000e+00
3.750934e+00	7.872954e+00	1.670195e-03	22219833.000000	0.000000e+00
3.752929e+00	7.870152e+00	1.668519e-03	22248655.000000	0.000000e+00
3.754924e+00	7.864385e+00	1.666477e-03	22270549.000000	0.000000e+00
3.756919e+00	7.858261e+00	1.664642e-03	22284933.000000	0.000000e+00
3.758913e+00	7.853506e+00	1.662768e-03	22308175.000000	0.000000e+00
3.760907e+00	7.849979e+00	1.661210e-03	22329969.000000	0.000000e+00
3.762902e+00	7.842133e+00	1.657912e-03	22374097.000000	0.000000e+00
3.764897e+00	7.837688e+00	1.656960e-03	22374433.000000	0.000000e+00
3.766891e+00	7.830996e+00	1.654007e-03	22416063.000000	0.000000e+00
3.768886e+00	7.825366e+00	1.652187e-03	22433173.000000	0.000000e+00
3.770881e+00	7.815251e+00	1.649332e-03	22452765.000000	0.000000e+00
3.772875e+00	7.814598e+00	1.648151e-03	22481191.000000	0.000000e+00
3.774870e+00	7.806626e+00	1.645835e-03	22498545.000000	0.000000e+00
3.776865e+00	7.798268e+00	1.642667e-03	22537057.000000	0.000000e+00
3.778860e+00	7.797664e+00	1.642404e-03	22540783.000000	0.000000e+00
3.780854e+00	7.788402e+00	1.639125e-03	22577325.000000	0.000000e+00
3.782848e+00	7.784961e+00	1.637741e-03	22595521.000000	0.000000e+00
3.784843e+00	7.777838e+00	1.635368e-03	22619709.000000	0.000000e+00
3.786838e+00	7.772157e+00	1.632998e-03	22652263.000000	0.000000e+00
3.788833e+00	7.769149e+00	1.631571e-03	22674345.000000	0.000000e+00
3.790827e+00	7.762056e+00	1.629601e-03	22687717.000000	0.000000e+00
3.792822e+00	7.754344e+00	1.626752e-03	22722043.000000	0.000000e+00
3.794817e+00	7.750714e+00	1.625292e-03	22741581.000000	0.000000e+00
3.796811e+00	7.743633e+00	1.623288e-03	22756117.000000	0.000000e+00
3.798806e+00	7.737632e+00	1.620729e-03	22792665.000000	0.000000e+00
3.800801e+00	7.736485e+00	1.619512e-03	22820191.000000	0.000000e+00
3.802795e+00	7.723964e+00	1.616484e-03	22831677.000000	0.000000e+00
3.804790e+00	7.719468e+00	1.614163e-03	22870729.000000	0.000000e+00
3.806785e+00	7.714708e+00	1.612997e-03	22875571.000000	0.000000e+00
3.808779e+00	7.712599e+00	1.611377e-03	22909041.000000	0.000000e+00
3.810773e+00	7.704898e+00	1.609208e-03	22925017.000000	0.000000e+00
3.812767e+00	7.695957e+00	1.606255e-03	22956015.000000	0.000000e+00
3.814763e+00	7.690986e+00	1.603489e-03	23005513.000000	0.000000e+00
3.816759e+00	7.685753e+00	1.602577e-03	23000377.000000	0.000000e+00
3.818753e+00	7.681910e+00	1.600822e-03	23027781.000000	0.000000e+00
3.820747e+00	7.675984e+00	1.598886e-03	23047987.000000	0.000000e+00
3.822742e+00	7.666347e+00	1.595877e-03	23076933.000000	0.000000e+00
3.824736e+00	7.664257e+00	1.594525e-03	23103493.000000	0.000000e+00
3.826731e+00	7.656096e+00	1.592026e-03	23126751.000000	0.000000e+00
3.828726e+00	7.651268e+00	1.590093e-03	23153761.000000	0.000000e+00
3.830721e+00	7.644889e+00	1.588351e-03	23165905.000000	0.000000e+00
3.832715e+00	7.641359e+00	1.586433e-03	23200521.000000	0.000000e+00
3.834709e+00	7.636169e+00	1.584877e-03	23214523.000000	0.000000e+00
3.836704e+00	7.628838e+00	1.582276e-03	23246205.000000	0.000000e+00
3.838699e+00	7.622085e+00	1.579410e-03	23289385.000000	0.000000e+00
3.840694e+00	7.617987e+00	1.578735e-03	23284227.000000	0.000000e+00
3.842689e+00	7.612895e+00	1.576341e-03	23323801.000000	0.000000e+00
3.844683e+00	7.606708e+00	1.574961e-03	23326717.000000	0.000000e+00
3.846677e+00	7.601667e+00	1.572583e-03	23366331.000000	0.000000e+00
3.848672e+00	7.596260e+00	1.570347e-03	23399605.000000	0.000000e+00
3.850666e+00	7.587116e+00	1.568049e-03	23411769.000000	0.000000e+00
3.852661e+00	7.586441e+00	1.566528e-03	23453077.000000	0.000000e+00
3.854656e+00	7.576373e+00	1.564152e-03	23461999.000000	0.000000e+00
3.856651e+00	7.573345e+00	1.562602e-03	23489757.000000	0.000000e+00
3.858646e+00	7.569308e+00	1.560889e-03	23516269.000000	0.000000e+00
3.860640e+00	7.560847e+00	1.558689e-03	23529987.000000	0.000000e+00
3.862635e+00	7.561407e+00	1.557386e-03	23572873.000000	0.000000e+00
3.864630e+00	7.552681e+00	1.555363e-03	23579733.000000	0.000000e+00
3.866624e+00	7.548025e+00	1.553669e-03	23602045.000000	0.000000e+00
3.868618e+00	7.540172e+00	1.551176e-03	23628715.000000	0.000000e+00
3.870612e+00	7.537051e+00	1.549656e-03	23655513.000000	0.000000e+00
3.872607e+00	7.528597e+00	1.546648e-03	23694385.000000	0.000000e+00
3.874602e+00	7.525718e+00	1.545686e-03	23705739.000000	0.000000e+00
3.876597e+00	7.521193e+00	1.544038e-03	23727805.000000	0.000000e+00
3.878591e+00	7.513630e+00	1.541447e-03	23759793.000000	0.000000e+00
3.880586e+00	7.505216e+00	1.538882e-03	23785693.000000	0.000000e+00
3.882581e+00	7.503371e+00	1.538210e-03	23794759.000000	0.000000e+00
3.884575e+00	7.495735e+00	1.535471e-03	23831157.000000	0.000000e+00
3.886570e+00	7.489234e+00	1.533216e-03	23859877.000000	0.000000e+00
3.888564e+00	7.483665e+00	1.531770e-03	23869407.000000	0.000000e+00
3.890559e+00	7.481000e+00	1.529810e-03	23913565.000000	0.000000e+00
3.892554e+00	7.474671e+00	1.528300e-03	23920329.000000	0.000000e+00
3.894548e+00	7.469102e+00	1.526151e-03	23952007.000000	0.000000e+00
3.896543e+00	7.463845e+00	1.523841e-03	23990869.000000	0.000000e+00
3.898539e+00	7.457133e+00	1.522007e-03	24005469.000000	0.000000e+00
3.900533e+00	7.450567e+00	1.520109e-03	24023101.000000	0.000000e+00
3.902527e+00	7.446903e+00	1.518939e-03	24036459.000000	0.000000e+00
3.904521e+00	7.442030e+00	1.516616e-03	24078613.000000	0.000000e+00
3.906516e+00	7.435299e+00	1.514721e-03	24095245.000000	0.000000e+00
3.908511e+00	7.428504e+00	1.512284e-03	24128823.000000	0.000000e+00
3.910506e+00	7.420262e+00	1.509902e-03	24151321.000000	0.000000e+00
3.912500e+00	7.420682e+00	1.509127e-03	24178881.000000	0.000000e+00
3.914495e+00	7.415414e+00	1.507696e-03	24190405.000000	0.000000e+00
3.916490e+00	7.409034e+00	1.504828e-03	24240927.000000	0.000000e+00
3.918485e+00	7.404075e+00	1.504219e-03	24228121.000000	0.000000e+00
3.920479e+00	7.397698e+00	1.501243e-03	24282373.000000	0.000000e+00
3.922474e+00	7.390633e+00	1.499480e-03	24293031.000000	0.000000e+00
3.924468e+00	7.387449e+00	1.497789e-03	24326965.000000	0.000000e+00
3.926463e+00	7.382025e+00	1.496025e-03	24348549.000000	0.000000e+00
3.928458e+00	7.379566e+00	1.495044e-03	24364303.000000	0.000000e+00
3.930452e+00	7.370524e+00	1.492137e-03	24399405.000000	0.000000e+00
3.932447e+00	7.364139e+00	1.489884e-03	24430885.000000	0.000000e+00
3.934442e+00	7.359942e+00	1.488794e-03	24438793.000000	0.000000e+00
3.936436e+00	7.355370e+00	1.487108e-03	24463803.000000	0.000000e+00
3.938431e+00	7.350711e+00	1.485048e-03	24500641.000000	0.000000e+00
3.940426e+00	7.342893e+00	1.482769e-03	24523773.000000	0.000000e+00
3.942420e+00	7.340163e+00	1.481747e-03	24539371.000000	0.000000e+00
3.944415e+00	7.332908e+00	1.478894e-03	24585465.000000	0.000000e+00
3.946410e+00	7.330275e+00	1.478214e-03	24590401.000000	0.000000e+00
3.948405e+00	7.322490e+00	1.475825e-03	24617713.000000	0.000000e+00
3.950399e+00	7.317278e+00	1.474115e-03	24639759.000000	0.000000e+00
3.952394e+00	7.311763e+00	1.471850e-03	24678409.000000	0.000000e+00
3.954389e+00	7.306231e+00	1.470588e-03	24683385.000000	0.000000e+00
3.956383e+00	7.300706e+00	1.468218e-03	24725695.000000	0.000000e+00
3.958378e+00	7.296673e+00	1.466987e-03	24739873.000000	0.000000e+00
3.960372e+00	7.290824e+00	1.464783e-03	24774609.000000	0.000000e+00
3.962367e+00	7.286585e+00	1.463721e-03	24781705.000000	0.000000e+00
3.964362e+00	7.281281e+00	1.461240e-03	24829767.000000	0.000000e+00
3.966356e+00	7.277387e+00	1.460593e-03	24825169.000000	0.000000e+00
3.968350e+00	7.269473e+00	1.457480e-03	24877149.000000	0.000000e+00
3.970345e+00	7.263530e+00	1.455909e-03	24890107.000000	0.000000e+00
3.972339e+00	7.258828e+00	1.454175e-03	24917209.000000	0.000000e+00
3.974335e+00	7.255165e+00	1.452044e-03	24965205.000000	0.000000e+00
3.976330e+00	7.245361e+00	1.450213e-03	24960679.000000	0.000000e+00
3.978324e+00	7.243984e+00	1.448922e-03	24995673.000000	0.000000e+00
3.980319e+00	7.237222e+00	1.446872e-03	25019785.000000	0.000000e+00
3.982314e+00	7.234430e+00	1.445520e-03	25047261.000000	0.000000e+00
3.984308e+00	7.227567e+00	1.443715e-03	25062331.000000	0.000000e+00
3.986303e+00	7.222455e+00	1.441714e-03	25096405.000000	0.000000e+00
3.988297e+00	7.213719e+00	1.439362e-03	25117617.000000	0.000000e+00
3.990292e+00	7.211442e+00	1.437831e-03	25155235.000000	0.000000e+00
3.992287e+00	7.208408e+00	1.437046e-03	25161549.000000	0.000000e+00
3.994282e+00	7.202448e+00	1.434455e-03	25210777.000000	0.000000e+00
3.996277e+00	7.198698e+00	1.433678e-03	25211857.000000	0.000000e+00
3.998271e+00	7.192958e+00	1.431593e-03	25245027.000000	0.000000e+00
4.000266e+00	7.187325e+00	1.429836e-03	25267477.000000	0.000000e+00
4.002260e+00	7.182014e+00	1.428070e-03	25292613.000000	0.000000e+00
4.004253e+00	7.176894e+00	1.427230e-03	25286287.000000	0.000000e+00
4.006248e+00	7.172774e+00	1.424009e-03	25371669.000000	0.000000e+00
4.008243e+00	7.163899e+00	1.422214e-03	25372837.000000	0.000000e+00
4.010238e+00	7.160682e+00	1.420615e-03	25407151.000000	0.000000e+00
4.012233e+00	7.156350e+00	1.419859e-03	25403469.000000	0.000000e+00
4.014227e+00	7.149059e+00	1.416604e-03	25468357.000000	0.000000e+00
4.016223e+00	7.145838e+00	1.415979e-03	25467885.000000	0.000000e+00
4.018217e+00	7.140658e+00	1.414388e-03	25488199.000000	0.000000e+00
4.020211e+00	7.136069e+00	1.412289e-03	25531185.000000	0.000000e+00
4.022206e+00	7.128342e+00	1.410268e-03	25548985.000000	0.000000e+00
4.024201e+00	7.125445e+00	1.409001e-03	25574179.000000	0.000000e+00
4.026196e+00	7.118897e+00	1.406585e-03	25614957.000000	0.000000e+00
4.028191e+00	7.117266e+00	1.406404e-03	25609801.000000	0.000000e+00
4.030185e+00	7.106459e+00	1.403314e-03	25644633.000000	0.000000e+00
4.032179e+00	7.102577e+00	1.401808e-03	25671715.000000	0.000000e+00
4.034174e+00	7.098623e+00	1.399842e-03	25715229.000000	0.000000e+00
4.036169e+00	7.096469e+00	1.399653e-03	25706569.000000	0.000000e+00
4.038163e+00	7.089940e+00	1.396940e-03	25759027.000000	0.000000e+00
4.040158e+00	7.084066e+00	1.395216e-03	25779969.000000	0.000000e+00
4.042153e+00	7.079368e+00	1.393426e-03	25811977.000000	0.000000e+00
4.044147e+00	7.072403e+00	1.392045e-03	25812345.000000	0.000000e+00
4.046141e+00	7.070811e+00	1.390638e-03	25852951.000000	0.000000e+00
4.048136e+00	7.062810e+00	1.388141e-03	25887373.000000	0.000000e+00
4.050131e+00	7.060048e+00	1.387017e-03	25909077.000000	0.000000e+00
4.052126e+00	7.055157e+00	1.386000e-03	25911163.000000	0.000000e+00
4.054120e+00	7.050434e+00	1.383358e-03	25975425.000000	0.000000e+00
4.056116e+00	7.045867e+00	1.382406e-03	25977517.000000	0.000000e+00
4.058110e+00	7.039486e+00	1.380342e-03	26008095.000000	0.000000e+00
4.060105e+00	7.036529e+00	1.379089e-03	26033497.000000	0.000000e+00
4.062100e+00	7.028482e+00	1.376762e-03	26061841.000000	0.000000e+00
4.064094e+00	7.022834e+00	1.375205e-03	26078937.000000	0.000000e+00
4.066089e+00	7.019723e+00	1.373946e-03	26103607.000000	0.000000e+00
4.068083e+00	7.014694e+00	1.372202e-03	26132529.000000	0.000000e+00
4.070078e+00	7.008099e+00	1.370098e-03	26163589.000000	0.000000e+00
4.072073e+00	7.005682e+00	1.368911e-03	26190903.000000	0.000000e+00
4.074068e+00	7.000894e+00	1.367313e-03	26216293.000000	0.000000e+00
4.076062e+00	6.997255e+00	1.366173e-03	26232745.000000	0.000000e+00
4.078057e+00	6.990149e+00	1.364071e-03	26260245.000000	0.000000e+00
4.080051e+00	6.985555e+00	1.362256e-03	26295691.000000	0.000000e+00
4.082046e+00	6.980323e+00	1.361067e-03	26302197.000000	0.000000e+00
4.084040e+00	6.972363e+00	1.358526e-03	26340493.000000	0.000000e+00
4.086035e+00	6.968525e+00	1.357175e-03	26363919.000000	0.000000e+00
4.088030e+00	6.962509e+00	1.355078e-03	26399941.000000	0.000000e+00
4.090024e+00	6.958341e+00	1.353811e-03	26417737.000000	0.000000e+00
4.092019e+00	6.955870e+00	1.352870e-03	26435703.000000	0.000000e+00
4.094014e+00	6.949250e+00	1.350220e-03	26489077.000000	0.000000e+00
4.096009e+00	6.946301e+00	1.349527e-03	26493801.000000	0.000000e+00
4.098004e+00	6.939619e+00	1.347886e-03	26507281.000000	0.000000e+00
4.099998e+00	6.936727e+00	1.346381e-03	26544427.000000	0.000000e+00
4.101992e+00	6.929647e+00	1.344105e-03	26580069.000000	0.000000e+00
4.103987e+00	6.922003e+00	1.342544e-03	26583157.000000	0.000000e+00
4.105981e+00	6.917768e+00	1.340642e-03	26626047.000000	0.000000e+00
4.107975e+00	6.917810e+00	1.340437e-03	26634493.000000	0.000000e+00
4.109970e+00	6.910460e+00	1.337166e-03	26708097.000000	0.000000e+00
4.111966e+00	6.905680e+00	1.336822e-03	26684929.000000	0.000000e+00
4.113960e+00	6.901179e+00	1.334656e-03	26736703.000000	0.000000e+00
4.115955e+00	6.894775e+00	1.333292e-03	26741733.000000	0.000000e+00
4.117949e+00	6.889703e+00	1.331298e-03	26782477.000000	0.000000e+00
4.119944e+00	6.886753e+00	1.329839e-03	26818275.000000	0.000000e+00
4.121939e+00	6.881271e+00	1.328529e-03	26828425.000000	0.000000e+00
4.123934e+00	6.873301e+00	1.326340e-03	26854737.000000	0.000000e+00
4.125928e+00	6.869309e+00	1.325040e-03	26876227.000000	0.000000e+00
4.127923e+00	6.866621e+00	1.323465e-03	26919133.000000	0.000000e+00
4.129917e+00	6.862501e+00	1.322494e-03	26926329.000000	0.000000e+00
4.131911e+00	6.857318e+00	1.320972e-03	26947681.000000	0.000000e+00
4.133907e+00	6.851383e+00	1.317984e-03	27023151.000000	0.000000e+00
4.135902e+00	6.843640e+00	1.317317e-03	26989441.000000	0.000000e+00
4.137896e+00	6.842079e+00	1.315729e-03	27042297.000000	0.000000e+00
4.139890e+00	6.836142e+00	1.313949e-03	27068539.000000	0.000000e+00
4.141885e+00	6.830217e+00	1.312201e-03	27093709.000000	0.000000e+00
4.143880e+00	6.830966e+00	1.311776e-03	27117213.000000	0.000000e+00
4.145874e+00	6.821424e+00	1.309472e-03	27136741.000000	0.000000e+00
4.147868e+00	6.816925e+00	1.307980e-03	27162831.000000	0.000000e+00
4.149863e+00	6.814598e+00	1.306743e-03	27195709.000000	0.000000e+00
4.151858e+00	6.808425e+00	1.304602e-03	27235609.000000	0.000000e+00
4.153853e+00	6.804900e+00	1.303622e-03	27248355.000000	0.000000e+00
4.155848e+00	6.801037e+00	1.302437e-03	27266965.000000	0.000000e+00
4.157843e+00	6.792467e+00	1.299508e-03	27321021.000000	0.000000e+00
4.159838e+00	6.790178e+00	1.299244e-03	27313741.000000	0.000000e+00
4.161832e+00	6.786240e+00	1.297399e-03	27359715.000000	0.000000e+00
4.163826e+00	6.779093e+00	1.295989e-03	27361537.000000	0.000000e+00
4.165821e+00	6.774437e+00	1.293890e-03	27412681.000000	0.000000e+00
4.167815e+00	6.769330e+00	1.292485e-03	27430935.000000	0.000000e+00
4.169810e+00	6.766301e+00	1.291329e-03	27455473.000000	0.000000e+00
4.171805e+00	6.760440e+00	1.289396e-03	27490173.000000	0.000000e+00
4.173799e+00	6.755336e+00	1.288068e-03	27505303.000000	0.000000e+00
4.175794e+00	6.749683e+00	1.286129e-03	27542133.000000	0.000000e+00
4.177789e+00	6.747077e+00	1.285127e-03	27563809.000000	0.000000e+00
4.179783e+00	6.741178e+00	1.283602e-03	27581053.000000	0.000000e+00
4.181777e+00	6.736639e+00	1.282077e-03	27609483.000000	0.000000e+00
4.183772e+00	6.731507e+00	1.280237e-03	27646717.000000	0.000000e+00
4.185767e+00	6.726899e+00	1.278536e-03	27682413.000000	0.000000e+00
4.187762e+00	6.721007e+00	1.277038e-03	27698803.000000	0.000000e+00
4.189757e+00	6.719346e+00	1.276289e-03	27717601.000000	0.000000e+00
4.191752e+00	6.712550e+00	1.274230e-03	27751041.000000	0.000000e+00
4.193746e+00	6.705025e+00	1.272639e-03	27758137.000000	0.000000e+00
4.195740e+00	6.705842e+00	1.271557e-03	27812163.000000	0.000000e+00
4.197735e+00	6.700220e+00	1.270336e-03	27818965.000000	0.000000e+00
4.199730e+00	6.695338e+00	1.268267e-03	27869145.000000	0.000000e+00
4.201725e+00	6.689413e+00	1.266942e-03	27878047.000000	0.000000e+00
4.203719e+00	6.684318e+00	1.265504e-03	27898897.000000	0.000000e+00
4.205714e+00	6.680958e+00	1.264147e-03	27930753.000000	0.000000e+00
4.207708e+00	6.674622e+00	1.262367e-03	27956443.000000	0.000000e+00
4.209703e+00	6.670308e+00	1.260753e-03	27991869.000000	0.000000e+00
4.211698e+00	6.664722e+00	1.259145e-03	28016437.000000	0.000000e+00
4.213693e+00	6.659151e+00	1.257680e-03	28034805.000000	0.000000e+00
4.215687e+00	6.657353e+00	1.256683e-03	28064131.000000	0.000000e+00
4.217682e+00	6.657033e+00	1.255863e-03	28098073.000000	0.000000e+00
4.219677e+00	6.646741e+00	1.253549e-03	28114785.000000	0.000000e+00
4.221671e+00	6.644523e+00	1.252452e-03	28145263.000000	0.000000e+00
4.223666e+00	6.637117e+00	1.250434e-03	28173285.000000	0.000000e+00
4.225660e+00	6.632722e+00	1.249023e-03	28199569.000000	0.000000e+00
4.227655e+00	6.629067e+00	1.247948e-03	28217061.000000	0.000000e+00
4.229649e+00	6.623753e+00	1.246117e-03	28254715.000000	0.000000e+00
4.231644e+00	6.619545e+00	1.244926e-03	28272817.000000	0.000000e+00
4.233639e+00	6.615797e+00	1.243186e-03	28319949.000000	0.000000e+00
4.235634e+00	6.610747e+00	1.241901e-03	28335259.000000	0.000000e+00
4.237629e+00	6.604935e+00	1.240516e-03	28348629.000000	0.000000e+00
4.239623e+00	6.601381e+00	1.239062e-03	28384657.000000	0.000000e+00
4.241617e+00	6.596328e+00	1.237745e-03	28401565.000000	0.000000e+00
4.243612e+00	6.594948e+00	1.236283e-03	28456851.000000	0.000000e+00
4.245607e+00	6.588688e+00	1.235031e-03	28460485.000000	0.000000e+00
4.247601e+00	6.584658e+00	1.233650e-03	28489353.000000	0.000000e+00
4.249596e+00	6.578512e+00	1.231653e-03	28528459.000000	0.000000e+00
4.251591e+00	6.574786e+00	1.230820e-03	28534761.000000	0.000000e+00
4.253586e+00	6.571523e+00	1.229113e-03	28585681.000000	0.000000e+00
4.255580e+00	6.565918e+00	1.228049e-03	28586419.000000	0.000000e+00
4.257575e+00	6.561907e+00	1.226241e-03	28635729.000000	0.000000e+00
4.259570e+00	6.558566e+00	1.225242e-03	28653253.000000	0.000000e+00
4.261565e+00	6.550992e+00	1.223096e-03	28687521.000000	0.000000e+00
4.263559e+00	6.546469e+00	1.222023e-03	28698235.000000	0.000000e+00
4.265554e+00	6.541603e+00	1.220372e-03	28733193.000000	0.000000e+00
4.267548e+00	6.538419e+00	1.219171e-03	28761793.000000	0.000000e+00
4.269543e+00	6.534730e+00	1.218164e-03	28776907.000000	0.000000e+00
4.271537e+00	6.527956e+00	1.216393e-03	28800933.000000	0.000000e+00
4.273532e+00	6.523432e+00	1.214131e-03	28868281.000000	0.000000e+00
4.275527e+00	6.520627e+00	1.213951e-03	28852017.000000	0.000000e+00
4.277521e+00	6.513157e+00	1.211672e-03	28894351.000000	0.000000e+00
4.279515e+00	6.510719e+00	1.210732e-03	28917597.000000	0.000000e+00
4.281510e+00	6.507279e+00	1.209085e-03	28965769.000000	0.000000e+00
4.283505e+00	6.498406e+00	1.207533e-03	28961143.000000	0.000000e+00
4.285500e+00	6.496349e+00	1.206068e-03	29013141.000000	0.000000e+00
4.287494e+00	6.491817e+00	1.204926e-03	29027665.000000	0.000000e+00
4.289489e+00	6.490188e+00	1.204237e-03	29046267.000000	0.000000e+00
4.291483e+00	6.484447e+00	1.202241e-03	29091253.000000	0.000000e+00
4.293478e+00	6.481545e+00	1.201095e-03	29120749.000000	0.000000e+00
4.295473e+00	6.473780e+00	1.199536e-03	29126589.000000	0.000000e+00
4.297468e+00	6.471529e+00	1.197924e-03	29184715.000000	0.000000e+00
4.299463e+00	6.466456e+00	1.197069e-03	29180613.000000	0.000000e+00
4.301457e+00	6.463473e+00	1.195788e-03	29216173.000000	0.000000e+00
4.303452e+00	6.457560e+00	1.193885e-03	29255811.000000	0.000000e+00
4.305447e+00	6.452156e+00	1.192725e-03	29263669.000000	0.000000e+00
4.307441e+00	6.449029e+00	1.191369e-03	29301901.000000	0.000000e+00
4.309436e+00	6.444563e+00	1.190079e-03	29324817.000000	0.000000e+00
4.311431e+00	6.440434e+00	1.188442e-03	29367991.000000	0.000000e+00
4.313425e+00	6.433716e+00	1.187349e-03	29360745.000000	0.000000e+00
4.315419e+00	6.432538e+00	1.186018e-03	29415889.000000	0.000000e+00
4.317414e+00	6.425036e+00	1.184143e-03	29440347.000000	0.000000e+00
4.319409e+00	6.421383e+00	1.182992e-03	29464129.000000	0.000000e+00
4.321403e+00	6.417801e+00	1.181863e-03	29487505.000000	0.000000e+00
4.323398e+00	6.412572e+00	1.180223e-03	29521347.000000	0.000000e+00
4.325392e+00	6.408010e+00	1.179158e-03	29532625.000000	0.000000e+00
4.327387e+00	6.404867e+00	1.177576e-03	29583021.000000	0.000000e+00
4.329382e+00	6.398164e+00	1.176042e-03	29598193.000000	0.000000e+00
4.331376e+00	6.395572e+00	1.175011e-03	29626155.000000	0.000000e+00
4.333371e+00	6.388632e+00	1.173255e-03	29650429.000000	0.000000e+00
4.335366e+00	6.386075e+00	1.171703e-03	29705233.000000	0.000000e+00
4.337361e+00	6.380049e+00	1.170879e-03	29690931.000000	0.000000e+00
4.339355e+00	6.377124e+00	1.169349e-03	29741425.000000	0.000000e+00
4.341350e+00	6.372656e+00	1.167832e-03	29776977.000000	0.000000e+00
4.343345e+00	6.369111e+00	1.167101e-03	29781097.000000	0.000000e+00
4.345339e+00	6.365182e+00	1.165829e-03	29809303.000000	0.000000e+00
4.347334e+00	6.361318e+00	1.164267e-03	29853057.000000	0.000000e+00
4.349329e+00	6.352365e+00	1.162122e-03	29879089.000000	0.000000e+00
4.351324e+00	6.350767e+00	1.161227e-03	29910135.000000	0.000000e+00
4.353319e+00	6.347738e+00	1.160649e-03	29911345.000000	0.000000e+00
4.355313e+00	6.342695e+00	1.158622e-03	29968461.000000	0.000000e+00
4.357308e+00	6.341289e+00	1.158278e-03	29972941.000000	0.000000e+00
4.359302e+00	6.333060e+00	1.156242e-03	30000571.000000	0.000000e+00
4.361296e+00	6.329082e+00	1.154844e-03	30035481.000000	0.000000e+00
4.363291e+00	6.323312e+00	1.153036e-03	30074845.000000	0.000000e+00
4.365286e+00	6.323446e+00	1.152779e-03	30089547.000000	0.000000e+00
4.367280e+00	6.318575e+00	1.151212e-03	30125041.000000	0.000000e+00
4.369275e+00	6.311469e+00	1.149429e-03	30150669.000000	0.000000e+00
4.371269e+00	6.307305e+00	1.148531e-03	30157987.000000	0.000000e+00
4.373264e+00	6.305122e+00	1.147032e-03	30215917.000000	0.000000e+00
4.375259e+00	6.298692e+00	1.145806e-03	30218865.000000	0.000000e+00
4.377253e+00	6.295457e+00	1.144353e-03	30264553.000000	0.000000e+00
4.379248e+00	6.291383e+00	1.143185e-03	30287211.000000	0.000000e+00
4.381243e+00	6.287395e+00	1.141952e-03	30314149.000000	0.000000e+00
4.383238e+00	6.280985e+00	1.140219e-03	30344413.000000	0.000000e+00
4.385232e+00	6.277208e+00	1.139090e-03	30368079.000000	0.000000e+00
4.387227e+00	6.273127e+00	1.137597e-03	30408229.000000	0.000000e+00
4.389222e+00	6.267669e+00	1.136504e-03	30413769.000000	0.000000e+00
4.391216e+00	6.265028e+00	1.135428e-03	30445753.000000	0.000000e+00
4.393210e+00	6.261430e+00	1.134418e-03	30464967.000000	0.000000e+00
4.395205e+00	6.256222e+00	1.132413e-03	30522133.000000	0.000000e+00
4.397200e+00	6.252630e+00	1.131613e-03	30530221.000000	0.000000e+00
4.399195e+00	6.250363e+00	1.130481e-03	30569211.000000	0.000000e+00
4.401189e+00	6.242482e+00	1.128847e-03	30580465.000000	0.000000e+00
4.403184e+00	6.239619e+00	1.127667e-03	30616389.000000	0.000000e+00
4.405178e+00	6.234531e+00	1.126153e-03	30648727.000000	0.000000e+00
4.407173e+00	6.230697e+00	1.125044e-03	30671433.000000	0.000000e+00
4.409168e+00	6.228048e+00	1.123918e-03	30706837.000000	0.000000e+00
4.411162e+00	6.220594e+00	1.122242e-03	30724921.000000	0.000000e+00
4.413157e+00	6.217178e+00	1.121143e-03	30751371.000000	0.000000e+00
4.415151e+00	6.213196e+00	1.119774e-03	30787141.000000	0.000000e+00
4.417146e+00	6.208576e+00	1.118270e-03	30824121.000000	0.000000e+00
4.419141e+00	6.207948e+00	1.118140e-03	30825067.000000	0.000000e+00
4.421136e+00	6.201360e+00	1.115968e-03	30879525.000000	0.000000e+00
4.423130e+00	6.196530e+00	1.114879e-03	30891685.000000	0.000000e+00
4.425125e+00	6.192587e+00	1.113768e-03	30913969.000000	0.000000e+00
4.427119e+00	6.188114e+00	1.112028e-03	30966003.000000	0.000000e+00
4.429114e+00	6.185517e+00	1.111680e-03	30959365.000000	0.000000e+00
4.431109e+00	6.180761e+00	1.109541e-03	31031097.000000	0.000000e+00
4.433104e+00	6.176475e+00	1.108811e-03	31028923.000000	0.000000e+00
4.435098e+00	6.172006e+00	1.107395e-03	31063297.000000	0.000000e+00
4.437093e+00	6.167413e+00	1.106238e-03	31082025.000000	0.000000e+00
4.439087e+00	6.163849e+00	1.104764e-03	31129009.000000	0.000000e+00
4.441082e+00	6.159000e+00	1.103810e-03	31133763.000000	0.000000e+00
4.443076e+00	6.154869e+00	1.102373e-03	31173133.000000	0.000000e+00
4.445071e+00	6.151459e+00	1.101072e-03	31212249.000000	0.000000e+00
4.447066e+00	6.146588e+00	1.099590e-03	31246891.000000	0.000000e+00
4.449061e+00	6.141335e+00	1.098795e-03	31238653.000000	0.000000e+00
4.451055e+00	6.138371e+00	1.097160e-03	31301565.000000	0.000000e+00
4.453050e+00	6.133584e+00	1.096417e-03	31295143.000000	0.000000e+00
4.455044e+00	6.131931e+00	1.095024e-03	31357917.000000	0.000000e+00
4.457039e+00	6.125835e+00	1.093749e-03	31368625.000000	0.000000e+00
4.459034e+00	6.121678e+00	1.092434e-03	31401489.000000	0.000000e+00
4.461029e+00	6.117433e+00	1.091019e-03	31439371.000000	0.000000e+00
4.463024e+00	6.115714e+00	1.090562e-03	31448065.000000	0.000000e+00
4.465018e+00	6.112250e+00	1.089376e-03	31480869.000000	0.000000e+00
4.467013e+00	6.104424e+00	1.087300e-03	31520287.000000	0.000000e+00
4.469008e+00	6.100942e+00	1.086603e-03	31524765.000000	0.000000e+00
4.471002e+00	6.097877e+00	1.084991e-03	31586737.000000	0.000000e+00
4.472997e+00	6.091734e+00	1.084154e-03	31571841.000000	0.000000e+00
4.474991e+00	6.088485e+00	1.082583e-03	31629763.000000	0.000000e+00
4.476985e+00	6.085012e+00	1.081676e-03	31646713.000000	0.000000e+00
4.478981e+00	6.081808e+00	1.080223e-03	31698477.000000	0.000000e+00
4.480975e+00	6.076414e+00	1.079208e-03	31701811.000000	0.000000e+00
4.482970e+00	6.072361e+00	1.077663e-03	31750425.000000	0.000000e+00
4.484965e+00	6.069908e+00	1.077150e-03	31755001.000000	0.000000e+00
4.486959e+00	6.067760e+00	1.076257e-03	31785187.000000	0.000000e+00
4.488954e+00	6.061901e+00	1.074551e-03	31824621.000000	0.000000e+00
4.490948e+00	6.055684e+00	1.072960e-03	31853641.000000	0.000000e+00
4.492943e+00	6.051232e+00	1.071812e-03	31874997.000000	0.000000e+00
4.494937e+00	6.048387e+00	1.070983e-03	31894351.000000	0.000000e+00
4.496932e+00	6.045655e+00	1.069400e-03	31959957.000000	0.000000e+00
4.498927e+00	6.040977e+00	1.068658e-03	31954873.000000	0.000000e+00
4.500922e+00	6.035898e+00	1.067018e-03	31999303.000000	0.000000e+00
4.502916e+00	6.032770e+00	1.066320e-03	32008005.000000	0.000000e+00
4.504911e+00	6.028103e+00	1.064616e-03	32060881.000000	0.000000e+00
4.506906e+00	6.025529e+00	1.064024e-03	32069169.000000	0.000000e+00
4.508901e+00	6.019682e+00	1.062168e-03	32118883.000000	0.000000e+00
4.510896e+00	6.016187e+00	1.061337e-03	32131869.000000	0.000000e+00
4.512890e+00	6.009316e+00	1.059694e-03	32158033.000000	0.000000e+00
4.514884e+00	6.008588e+00	1.059125e-03	32184751.000000	0.000000e+00
4.516879e+00	6.002827e+00	1.057481e-03	32223045.000000	0.000000e+00
4.518874e+00	6.001266e+00	1.056925e-03	32240209.000000	0.000000e+00
4.520868e+00	5.996318e+00	1.055567e-03	32269911.000000	0.000000e+00
4.522862e+00	5.992994e+00	1.054317e-03	32310613.000000	0.000000e+00
4.524857e+00	5.987043e+00	1.052829e-03	32337705.000000	0.000000e+00
4.526852e+00	5.983962e+00	1.052093e-03	32349649.000000	0.000000e+00
4.528846e+00	5.980264e+00	1.050716e-03	32394403.000000	0.000000e+00
4.530841e+00	5.976793e+00	1.049611e-03	32424945.000000	0.000000e+00
4.532836e+00	5.970210e+00	1.047874e-03	32460913.000000	0.000000e+00
4.534831e+00	5.969430e+00	1.047624e-03	32467935.000000	0.000000e+00
4.536826e+00	5.964115e+00	1.046210e-03	32497837.000000	0.000000e+00
4.538820e+00	5.959204e+00	1.044708e-03	32537665.000000	0.000000e+00
4.540815e+00	5.957227e+00	1.043970e-03	32562117.000000	0.000000e+00
4.542809e+00	5.952438e+00	1.042818e-03	32581603.000000	0.000000e+00
4.544804e+00	5.948407e+00	1.041489e-03	32620569.000000	0.000000e+00
4.546798e+00	5.943726e+00	1.040270e-03	32645653.000000	0.000000e+00
4.548793e+00	5.940914e+00	1.039216e-03	32680947.000000	0.000000e+00
4.550788e+00	5.934547e+00	1.037820e-03	32698729.000000	0.000000e+00
4.552782e+00	5.931785e+00	1.036846e-03	32729737.000000	0.000000e+00
4.554777e+00	5.928818e+00	1.035781e-03	32764233.000000	0.000000e+00
4.556772e+00	5.924589e+00	1.034520e-03	32797339.000000	0.000000e+00
4.558767e+00	5.920802e+00	1.033438e-03	32824077.000000	0.000000e+00
4.560761e+00	5.915344e+00	1.032124e-03	32847061.000000	0.000000e+00
4.562756e+00	5.914839e+00	1.031546e-03	32878251.000000	0.000000e+00
4.564750e+00	5.907853e+00	1.029989e-03	32899885.000000	0.000000e+00
4.566745e+00	5.904307e+00	1.028690e-03	32943421.000000	0.000000e+00
4.568740e+00	5.901863e+00	1.028178e-03	32948931.000000	0.000000e+00
4.570734e+00	5.896835e+00	1.026553e-03	32997049.000000	0.000000e+00
4.572729e+00	5.890924e+00	1.025013e-03	33029949.000000	0.000000e+00
4.574724e+00	5.889611e+00	1.024432e-03	33052681.000000	0.000000e+00
4.576718e+00	5.885380e+00	1.023631e-03	33056935.000000	0.000000e+00
4.578712e+00	5.880298e+00	1.021953e-03	33108297.000000	0.000000e+00
4.580708e+00	5.877324e+00	1.020702e-03	33155917.000000	0.000000e+00
4.582703e+00	5.873087e+00	1.019786e-03	33167667.000000	0.000000e+00
4.584697e+00	5.870281e+00	1.019095e-03	33180949.000000	0.000000e+00
4.586691e+00	5.863970e+00	1.017422e-03	33218577.000000	0.000000e+00
4.588686e+00	5.861448e+00	1.016545e-03	33247345.000000	0.000000e+00
4.590681e+00	5.858617e+00	1.015153e-03	33306355.000000	0.000000e+00
4.592676e+00	5.853562e+00	1.014379e-03	33299697.000000	0.000000e+00
4.594671e+00	5.849723e+00	1.012952e-03	33349741.000000	0.000000e+00
4.596665e+00	5.845108e+00	1.012046e-03	33356799.000000	0.000000e+00
4.598660e+00	5.842066e+00	1.010889e-03	33398437.000000	0.000000e+00
4.600655e+00	5.838123e+00	1.009706e-03	33431529.000000	0.000000e+00
4.602649e+00	5.833544e+00	1.008754e-03	33442171.000000	0.000000e+00
4.604644e+00	5.830178e+00	1.007519e-03	33485521.000000	0.000000e+00
4.606638e+00	5.827240e+00	1.006762e-03	33502089.000000	0.000000e+00
4.608632e+00	5.822018e+00	1.005199e-03	33546193.000000	0.000000e+00
4.610627e+00	5.819297e+00	1.004285e-03	33575835.000000	0.000000e+00
4.612622e+00	5.814794e+00	1.003288e-03	33590593.000000	0.000000e+00
4.614616e+00	5.810327e+00	1.001824e-03	33637101.000000	0.000000e+00
4.616611e+00	5.806261e+00	1.000734e-03	33663235.000000	0.000000e+00
4.618606e+00	5.803946e+00	1.000176e-03	33673945.000000	0.000000e+00
4.620601e+00	5.798204e+00	9.983686e-04	33729129.000000	0.000000e+00
4.622596e+00	5.796808e+00	9.978884e-04	33745345.000000	0.000000e+00
4.624590e+00	5.790969e+00	9.966022e-04	33764379.000000	0.000000e+00
4.626585e+00	5.788773e+00	9.955198e-04	33812185.000000	0.000000e+00
4.628580e+00	5.785783e+00	9.946716e-04	33834901.000000	0.000000e+00
4.630574e+00	5.781570e+00	9.936431e-04	33855615.000000	0.000000e+00
4.632569e+00	5.774291e+00	9.919176e-04	33888013.000000	0.000000e+00
4.634563e+00	5.773205e+00	9.915446e-04	33900765.000000	0.000000e+00
4.636557e+00	5.768673e+00	9.900164e-04	33952141.000000	0.000000e+00
4.638552e+00	5.764829e+00	9.886816e-04	33998511.000000	0.000000e+00
4.640547e+00	5.762221e+00	9.880253e-04	34012897.000000	0.000000e+00
4.642542e+00	5.759366e+00	9.873331e-04	34026865.000000	0.000000e+00
4.644536e+00	5.754088e+00	9.859947e-04	34056807.000000	0.000000e+00
4.646530e+00	5.751354e+00	9.851299e-04	34084201.000000	0.000000e+00
4.648525e+00	5.747312e+00	9.835943e-04	34142673.000000	0.000000e+00
4.650520e+00	5.742319e+00	9.826208e-04	34150939.000000	0.000000e+00
4.652515e+00	5.738468e+00	9.813364e-04	34194489.000000	0.000000e+00
4.654510e+00	5.735296e+00	9.806562e-04	34204093.000000	0.000000e+00
4.656504e+00	5.729284e+00	9.788998e-04	34255021.000000	0.000000e+00
4.658499e+00	5.727732e+00	9.785903e-04	34258119.000000	0.000000e+00
4.660493e+00	5.723976e+00	9.774265e-04	34294729.000000	0.000000e+00
4.662488e+00	5.719147e+00	9.759472e-04	34340757.000000	0.000000e+00
4.664483e+00	5.716143e+00	9.752552e-04	34353391.000000	0.000000e+00
4.666477e+00	5.713022e+00	9.741986e-04	34390365.000000	0.000000e+00
4.668472e+00	5.707039e+00	9.729007e-04	34410001.000000	0.000000e+00
4.670466e+00	5.704991e+00	9.720042e-04	34448761.000000	0.000000e+00
4.672461e+00	5.702197e+00	9.712408e-04	34469151.000000	0.000000e+00
4.674456e+00	5.696294e+00	9.692803e-04	34537117.000000	0.000000e+00
4.676451e+00	5.694143e+00	9.692859e-04	34510641.000000	0.000000e+00
4.678445e+00	5.688680e+00	9.674012e-04	34578787.000000	0.000000e+00
4.680440e+00	5.685277e+00	9.667752e-04	34582165.000000	0.000000e+00
4.682434e+00	5.682606e+00	9.655811e-04	34635189.000000	0.000000e+00
4.684429e+00	5.679718e+00	9.648761e-04	34650571.000000	0.000000e+00
4.686424e+00	5.675772e+00	9.637647e-04	34682301.000000	0.000000e+00
4.688418e+00	5.670903e+00	9.625820e-04	34707949.000000	0.000000e+00
4.690413e+00	5.666966e+00	9.612253e-04	34757685.000000	0.000000e+00
4.692408e+00	5.665172e+00	9.609940e-04	34752403.000000	0.000000e+00
4.694402e+00	5.662469e+00	9.596688e-04	34815205.000000	0.000000e+00
4.696397e+00	5.655947e+00	9.584723e-04	34821825.000000	0.000000e+00
4.698392e+00	5.651965e+00	9.569447e-04	34883911.000000	0.000000e+00
4.700387e+00	5.648237e+00	9.564662e-04	34872777.000000	0.000000e+00
4.702381e+00	5.645278e+00	9.552756e-04	34923145.000000	0.000000e+00
4.704376e+00	5.640889e+00	9.541417e-04	34951785.000000	0.000000e+00
4.706370e+00	5.636652e+00	9.530753e-04	34977439.000000	0.000000e+00
4.708365e+00	5.634184e+00	9.524211e-04	34994845.000000	0.000000e+00
4.710360e+00	5.629642e+00	9.507535e-04	35061117.000000	0.000000e+00
4.712355e+00	5.627992e+00	9.504118e-04	35065759.000000	0.000000e+00
4.714349e+00	5.623257e+00	9.491291e-04	35101473.000000	0.000000e+00
4.716344e+00	5.620915e+00	9.486408e-04	35108353.000000	0.000000e+00
4.718338e+00	5.615898e+00	9.469707e-04	35169433.000000	0.000000e+00
4.720333e+00	5.611291e+00	9.459599e-04	35186823.000000	0.000000e+00
4.722328e+00	5.607436e+00	9.449226e-04	35215681.000000	0.000000e+00
4.724322e+00	5.606224e+00	9.442843e-04	35248065.000000	0.000000e+00
4.726317e+00	5.601527e+00	9.432253e-04	35268091.000000	0.000000e+00
4.728311e+00	5.597998e+00	9.419687e-04	35317713.000000	0.000000e+00
4.730307e+00	5.594786e+00	9.411683e-04	35337217.000000	0.000000e+00
4.732301e+00	5.591099e+00	9.403009e-04	35355799.000000	0.000000e+00
4.734295e+00	5.585403e+00	9.388099e-04	35395953.000000	0.000000e+00
4.736290e+00	5.581428e+00	9.375230e-04	35442697.000000	0.000000e+00
4.738285e+00	5.579783e+00	9.372900e-04	35439417.000000	0.000000e+00
4.740280e+00	5.577269e+00	9.361039e-04	35497279.000000	0.000000e+00
4.742274e+00	5.572298e+00	9.351593e-04	35505657.000000	0.000000e+00
4.744269e+00	5.568369e+00	9.339202e-04	35549737.000000	0.000000e+00
4.746264e+00	5.565148e+00	9.330245e-04	35576839.000000	0.000000e+00
4.748258e+00	5.559951e+00	9.320314e-04	35586141.000000	0.000000e+00
4.750252e+00	5.555973e+00	9.306680e-04	35639425.000000	0.000000e+00
4.752247e+00	5.552790e+00	9.298706e-04	35659677.000000	0.000000e+00
4.754242e+00	5.550202e+00	9.287644e-04	35711371.000000	0.000000e+00
4.756236e+00	5.547258e+00	9.283593e-04	35704629.000000	0.000000e+00
4.758231e+00	5.542964e+00	9.268679e-04	35764201.000000	0.000000e+00
4.760226e+00	5.538493e+00	9.257494e-04	35792851.000000	0.000000e+00
4.762220e+00	5.535586e+00	9.252062e-04	35797281.000000	0.000000e+00
4.764215e+00	5.532415e+00	9.239644e-04	35852473.000000	0.000000e+00
4.766209e+00	5.527573e+00	9.229772e-04	35866347.000000	0.000000e+00
4.768204e+00	5.524484e+00	9.218657e-04	35912701.000000	0.000000e+00
4.770199e+00	5.522484e+00	9.211942e-04	35939041.000000	0.000000e+00
4.772194e+00	5.517237e+00	9.200139e-04	35962881.000000	0.000000e+00
4.774189e+00	5.513550e+00	9.189296e-04	35999635.000000	0.000000e+00
4.776183e+00	5.510385e+00	9.181081e-04	36022701.000000	0.000000e+00
4.778178e+00	5.507732e+00	9.172984e-04	36051577.000000	0.000000e+00
4.780172e+00	5.504454e+00	9.164579e-04	36074751.000000	0.000000e+00
4.782167e+00	5.499658e+00	9.150688e-04	36121345.000000	0.000000e+00
4.784162e+00	5.495681e+00	9.140439e-04	36150049.000000	0.000000e+00
4.786157e+00	5.492968e+00	9.130148e-04	36195825.000000	0.000000e+00
4.788152e+00	5.487346e+00	9.121242e-04	36192343.000000	0.000000e+00
4.790146e+00	5.484922e+00	9.114297e-04	36215505.000000	0.000000e+00
4.792140e+00	5.481819e+00	9.101596e-04	36275569.000000	0.000000e+00
4.794135e+00	5.478868e+00	9.093327e-04	36302463.000000	0.000000e+00
4.796130e+00	5.476059e+00	9.086192e-04	36322225.000000	0.000000e+00
4.798124e+00	5.470087e+00	9.072084e-04	36355849.000000	0.000000e+00
4.800118e+00	5.467825e+00	9.066464e-04	36370839.000000	0.000000e+00
4.802113e+00	5.464513e+00	9.052355e-04	36440113.000000	0.000000e+00
4.804108e+00	5.460239e+00	9.044620e-04	36445401.000000	0.000000e+00
4.806103e+00	5.457253e+00	9.037537e-04	36462625.000000	0.000000e+00
4.808097e+00	5.455781e+00	9.028857e-04	36513063.000000	0.000000e+00
4.810092e+00	5.449548e+00	9.014614e-04	36544897.000000	0.000000e+00
4.812087e+00	5.446987e+00	9.007724e-04	36566425.000000	0.000000e+00
4.814081e+00	5.442471e+00	8.996106e-04	36600171.000000	0.000000e+00
4.816076e+00	5.438840e+00	8.985836e-04	36634945.000000	0.000000e+00
4.818071e+00	5.436680e+00	8.979730e-04	36655653.000000	0.000000e+00
4.820065e+00	5.434101e+00	8.971976e-04	36684217.000000	0.000000e+00
4.822060e+00	5.428379e+00	8.957564e-04	36724891.000000	0.000000e+00
4.824055e+00	5.426258e+00	8.951928e-04	36742413.000000	0.000000e+00
4.826049e+00	5.421930e+00	8.938462e-04	36794437.000000	0.000000e+00
4.828044e+00	5.420451e+00	8.934546e-04	36806619.000000	0.000000e+00
4.830039e+00	5.415272e+00	8.922337e-04	36836917.000000	0.000000e+00
4.832033e+00	5.409739e+00	8.908618e-04	36874989.000000	0.000000e+00
4.834028e+00	5.408542e+00	8.903866e-04	36898033.000000	0.000000e+00
4.836023e+00	5.405224e+00	8.893134e-04	36941767.000000	0.000000e+00
4.838017e+00	5.400591e+00	8.884907e-04	36946797.000000	0.000000e+00
4.840011e+00	5.397157e+00	8.873871e-04	36991669.000000	0.000000e+00
4.842006e+00	5.394417e+00	8.864893e-04	37029015.000000	0.000000e+00
4.844001e+00	5.390454e+00	8.854152e-04	37064377.000000	0.000000e+00
4.845996e+00	5.387695e+00	8.847131e-04	37085241.000000	0.000000e+00
4.847991e+00	5.383868e+00	8.836785e-04	37119343.000000	0.000000e+00
4.849985e+00	5.381269e+00	8.829793e-04	37142269.000000	0.000000e+00
4.851980e+00	5.376890e+00	8.818094e-04	37180293.000000	0.000000e+00
4.853975e+00	5.373678e+00	8.809590e-04	37207621.000000	0.000000e+00
4.855969e+00	5.368380e+00	8.797212e-04	37238859.000000	0.000000e+00
4.857964e+00	5.368241e+00	8.794967e-04	37255945.000000	0.000000e+00
4.859958e+00	5.363454e+00	8.780466e-04	37312461.000000	0.000000e+00
4.861953e+00	5.360031e+00	8.773646e-04	37322815.000000	0.000000e+00
4.863947e+00	5.355739e+00	8.762666e-04	37356505.000000	0.000000e+00
4.865942e+00	5.352829e+00	8.752701e-04	37400949.000000	0.000000e+00
4.867937e+00	5.349362e+00	8.745394e-04	37414945.000000	0.000000e+00
4.869931e+00	5.345946e+00	8.734769e-04	37458147.000000	0.000000e+00
4.871926e+00	5.343480e+00	8.728758e-04	37475161.000000	0.000000e+00
4.873921e+00	5.339119e+00	8.715952e-04	37524037.000000	0.000000e+00
4.875915e+00	5.335564e+00	8.708502e-04	37538223.000000	0.000000e+00
4.877910e+00	5.331862e+00	8.698880e-04	37569121.000000	0.000000e+00
4.879905e+00	5.329453e+00	8.688518e-04	37624761.000000	0.000000e+00
4.881900e+00	5.326408e+00	8.682871e-04	37630687.000000	0.000000e+00
4.883894e+00	5.322525e+00	8.672559e-04	37665261.000000	0.000000e+00
4.885889e+00	5.317372e+00	8.659181e-04	37708609.000000	0.000000e+00
4.887884e+00	5.315168e+00	8.654523e-04	37717921.000000	0.000000e+00
4.889878e+00	5.311065e+00	8.644154e-04	37750119.000000	0.000000e+00
4.891872e+00	5.310319e+00	8.639431e-04	37780777.000000	0.000000e+00
4.893866e+00	5.305851e+00	8.625843e-04	37836153.000000	0.000000e+00
4.895862e+00	5.301204e+00	8.614857e-04	37866307.000000	0.000000e+00
4.897857e+00	5.297664e+00	8.608293e-04	37873437.000000	0.000000e+00
4.899851e+00	5.295077e+00	8.599071e-04	37917661.000000	0.000000e+00
4.901846e+00	5.291135e+00	8.589204e-04	37948249.000000	0.000000e+00
4.903840e+00	5.288899e+00	8.582945e-04	37971507.000000	0.000000e+00
4.905835e+00	5.285047e+00	8.571447e-04	38018017.000000	0.000000e+00
4.907830e+00	5.280446e+00	8.564641e-04	38012181.000000	0.000000e+00
4.909825e+00	5.278357e+00	8.550338e-04	38109295.000000	0.000000e+00
4.911820e+00	5.274831e+00	8.547967e-04	38079517.000000	0.000000e+00
4.913814e+00	5.271918e+00	8.537712e-04	38128905.000000	0.000000e+00
4.915808e+00	5.267493e+00	8.527465e-04	38156461.000000	0.000000e+00
4.917803e+00	5.265229e+00	8.518200e-04	38206635.000000	0.000000e+00
4.919798e+00	5.261655e+00	8.511918e-04	38211133.000000	0.000000e+00
4.921793e+00	5.259823e+00	8.502223e-04	38271657.000000	0.000000e+00
4.923787e+00	5.254640e+00	8.493980e-04	38270431.000000	0.000000e+00
4.925781e+00	5.251999e+00	8.485760e-04	38306077.000000	0.000000e+00
4.927776e+00	5.248567e+00	8.473688e-04	38365113.000000	0.000000e+00
4.929771e+00	5.245833e+00	8.467991e-04	38376751.000000	0.000000e+00
4.931766e+00	5.240300e+00	8.455796e-04	38406381.000000	0.000000e+00
4.933760e+00	5.237464e+00	8.449435e-04	38422597.000000	0.000000e+00
4.935754e+00	5.234046e+00	8.436313e-04	38491929.000000	0.000000e+00
4.937750e+00	5.230976e+00	8.429882e-04	38505475.000000	0.000000e+00
4.939744e+00	5.228765e+00	8.424163e-04	38525185.000000	0.000000e+00
4.941739e+00	5.224586e+00	8.411508e-04	38579445.000000	0.000000e+00
4.943734e+00	5.221789e+00	8.405638e-04	38591995.000000	0.000000e+00
4.945728e+00	5.217967e+00	8.395766e-04	38626197.000000	0.000000e+00
4.947723e+00	5.214503e+00	8.385699e-04	38667613.000000	0.000000e+00
4.949718e+00	5.211604e+00	8.380297e-04	38674437.000000	0.000000e+00
4.951712e+00	5.208056e+00	8.368850e-04	38727523.000000	0.000000e+00
4.953707e+00	5.204926e+00	8.361424e-04	38749717.000000	0.000000e+00
4.955702e+00	5.200146e+00	8.349088e-04	38792973.000000	0.000000e+00
4.957696e+00	5.196937e+00	8.343291e-04	38798959.000000	0.000000e+00
4.959691e+00	5.194615e+00	8.332287e-04	38866761.000000	0.000000e+00
4.961686e+00	5.190105e+00	8.324477e-04	38872129.000000	0.000000e+00
4.963680e+00	5.188806e+00	8.319043e-04	38903455.000000	0.000000e+00
4.965675e+00	5.185829e+00	8.309588e-04	38947305.000000	0.000000e+00
4.967670e+00	5.181041e+00	8.299049e-04	38974213.000000	0.000000e+00
4.969665e+00	5.179362e+00	8.293619e-04	38999973.000000	0.000000e+00
4.971659e+00	5.173055e+00	8.280809e-04	39025519.000000	0.000000e+00
4.973653e+00	5.171470e+00	8.276459e-04	39042609.000000	0.000000e+00
4.975647e+00	5.168683e+00	8.264021e-04	39118033.000000	0.000000e+00
4.977642e+00	5.165051e+00	8.260244e-04	39098803.000000	0.000000e+00
4.979636e+00	5.162164e+00	8.246075e-04	39189441.000000	0.000000e+00
4.981632e+00	5.158083e+00	8.240557e-04	39179917.000000	0.000000e+00
4.983626e+00	5.156126e+00	8.232104e-04	39230637.000000	0.000000e+00
4.985621e+00	5.151954e+00	8.221347e-04	39269731.000000	0.000000e+00
4.987616e+00	5.150059e+00	8.218643e-04	39266685.000000	0.000000e+00
4.989610e+00	5.144741e+00	8.205134e-04	39314773.000000	0.000000e+00
4.991605e+00	5.141856e+00	8.196341e-04	39354979.000000	0.000000e+00
4.993600e+00	5.139441e+00	8.189949e-04	39379425.000000	0.000000e+00
4.995594e+00	5.136568e+00	8.183459e-04	39397825.000000	0.000000e+00
4.997589e+00	5.131170e+00	8.169932e-04	39445359.000000	0.000000e+00
4.999583e+00	5.129358e+00	8.164244e-04	39472441.000000	0.000000e+00
5.001578e+00	5.124971e+00	8.155567e-04	39488853.000000	0.000000e+00
5.003572e+00	5.123888e+00	8.146501e-04	39560077.000000	0.000000e+00
5.005567e+00	5.120021e+00	8.140673e-04	39556951.000000	0.000000e+00
5.007562e+00	5.117249e+00	8.131746e-04	39600945.000000	0.000000e+00
5.009557e+00	5.112812e+00	8.120641e-04	39640489.000000	0.000000e+00
5.011552e+00	5.109362e+00	8.112705e-04	39664503.000000	0.000000e+00
5.013546e+00	5.107464e+00	8.106756e-04	39693229.000000	0.000000e+00
5.015541e+00	5.102796e+00	8.096641e-04	39719761.000000	0.000000e+00
5.017536e+00	5.100444e+00	8.087196e-04	39775905.000000	0.000000e+00
5.019531e+00	5.096027e+00	8.079044e-04	39787207.000000	0.000000e+00
5.021525e+00	5.094030e+00	8.073991e-04	39805809.000000	0.000000e+00
5.023519e+00	5.090588e+00	8.064721e-04	39843469.000000	0.000000e+00
5.025514e+00	5.088060e+00	8.055343e-04	39896643.000000	0.000000e+00
5.027509e+00	5.084347e+00	8.047442e-04	39916705.000000	0.000000e+00
5.029504e+00	5.081719e+00	8.038212e-04	39967081.000000	0.000000e+00
5.031499e+00	5.079913e+00	8.036131e-04	39959361.000000	0.000000e+00
5.033493e+00	5.074292e+00	8.021727e-04	40014295.000000	0.000000e+00
5.035487e+00	5.072713e+00	8.016721e-04	40039341.000000	0.000000e+00
5.037482e+00	5.069485e+00	8.008522e-04	40070341.000000	0.000000e+00
5.039476e+00	5.065799e+00	7.999211e-04	40105287.000000	0.000000e+00
5.041471e+00	5.063278e+00	7.991582e-04	40141909.000000	0.000000e+00
5.043466e+00	5.059611e+00	7.982545e-04	40174597.000000	0.000000e+00
5.045460e+00	5.056030e+00	7.975826e-04	40185363.000000	0.000000e+00
5.047455e+00	5.052624e+00	7.963813e-04	40252405.000000	0.000000e+00
5.049450e+00	5.051400e+00	7.961901e-04	40252245.000000	0.000000e+00
5.051445e+00	5.046306e+00	7.948848e-04	40303129.000000	0.000000e+00
5.053439e+00	5.042172e+00	7.939958e-04	40327275.000000	0.000000e+00
5.055433e+00	5.039823e+00	7.934743e-04	40342693.000000	0.000000e+00
5.057428e+00	5.036416e+00	7.923395e-04	40403641.000000	0.000000e+00
5.059423e+00	5.033595e+00	7.916729e-04	40426395.000000	0.000000e+00
5.061417e+00	5.029947e+00	7.909034e-04	40446409.000000	0.000000e+00
5.063412e+00	5.026520e+00	7.898267e-04	40501509.000000	0.000000e+00
5.065407e+00	5.024151e+00	7.893901e-04	40508113.000000	0.000000e+00
5.067402e+00	5.021946e+00	7.884942e-04	40564579.000000	0.000000e+00
5.069396e+00	5.019268e+00	7.879331e-04	40579065.000000	0.000000e+00
5.071391e+00	5.015149e+00	7.868928e-04	40619677.000000	0.000000e+00
5.073386e+00	5.011304e+00	7.861107e-04	40638171.000000	0.000000e+00
5.075380e+00	5.008645e+00	7.852303e-04	40686121.000000	0.000000e+00
5.077375e+00	5.007335e+00	7.847515e-04	40714485.000000	0.000000e+00
5.079370e+00	5.002475e+00	7.837094e-04	40743631.000000	0.000000e+00
5.081364e+00	4.998965e+00	7.829378e-04	40766701.000000	0.000000e+00
5.083358e+00	4.997636e+00	7.824855e-04	40792161.000000	0.000000e+00
5.085353e+00	4.993274e+00	7.811355e-04	40861849.000000	0.000000e+00
5.087348e+00	4.991431e+00	7.808606e-04	40860459.000000	0.000000e+00
5.089342e+00	4.987902e+00	7.799598e-04	40896997.000000	0.000000e+00
5.091337e+00	4.983174e+00	7.786640e-04	40955469.000000	0.000000e+00
5.093332e+00	4.981384e+00	7.784148e-04	40952251.000000	0.000000e+00
5.095326e+00	4.978988e+00	7.776113e-04	40997473.000000	0.000000e+00
5.097321e+00	4.973718e+00	7.764797e-04	41030049.000000	0.000000e+00
5.099316e+00	4.970892e+00	7.755212e-04	41084809.000000	0.000000e+00
5.101311e+00	4.969148e+00	7.752923e-04	41080239.000000	0.000000e+00
5.103305e+00	4.967526e+00	7.745257e-04	41134729.000000	0.000000e+00
5.105300e+00	4.963195e+00	7.735683e-04	41164741.000000	0.000000e+00
5.107294e+00	4.958849e+00	7.727890e-04	41175591.000000	0.000000e+00
5.109289e+00	4.954789e+00	7.715250e-04	41243005.000000	0.000000e+00
5.111283e+00	4.951946e+00	7.711511e-04	41235645.000000	0.000000e+00
5.113278e+00	4.949918e+00	7.703101e-04	41291905.000000	0.000000e+00
5.115273e+00	4.947407e+00	7.694399e-04	41343363.000000	0.000000e+00
5.117267e+00	4.943726e+00	7.690019e-04	41328913.000000	0.000000e+00
5.119262e+00	4.940622e+00	7.679052e-04	41395009.000000	0.000000e+00
5.121257e+00	4.939137e+00	7.674483e-04	41419419.000000	0.000000e+00
5.123252e+00	4.934623e+00	7.663609e-04	41461141.000000	0.000000e+00
5.125246e+00	4.931758e+00	7.658394e-04	41469441.000000	0.000000e+00
5.127241e+00	4.928220e+00	7.647185e-04	41531443.000000	0.000000e+00
5.129236e+00	4.926098e+00	7.643560e-04	41535045.000000	0.000000e+00
5.131230e+00	4.922414e+00	7.633546e-04	41581837.000000	0.000000e+00
5.133225e+00	4.919220e+00	7.626708e-04	41602381.000000	0.000000e+00
5.135219e+00	4.915867e+00	7.616731e-04	41654607.000000	0.000000e+00
5.137214e+00	4.912390e+00	7.609688e-04	41672737.000000	0.000000e+00
5.139209e+00	4.910777e+00	7.603025e-04	41718393.000000	0.000000e+00
5.141203e+00	4.907331e+00	7.595972e-04	41737279.000000	0.000000e+00
5.143198e+00	4.905036e+00	7.589046e-04	41774373.000000	0.000000e+00
5.145193e+00	4.900628e+00	7.578263e-04	41818081.000000	0.000000e+00
5.147187e+00	4.898853e+00	7.575849e-04	41814433.000000	0.000000e+00
5.149182e+00	4.895541e+00	7.563914e-04	41889783.000000	0.000000e+00
5.151177e+00	4.891345e+00	7.555704e-04	41908945.000000	0.000000e+00
5.153172e+00	4.889138e+00	7.549863e-04	41935953.000000	0.000000e+00
5.155166e+00	4.885729e+00	7.541947e-04	41965447.000000	0.000000e+00
5.157161e+00	4.883608e+00	7.536986e-04	41984233.000000	0.000000e+00
5.159155e+00	4.879441e+00	7.524608e-04	42050613.000000	0.000000e+00
5.161150e+00	4.877692e+00	7.521581e-04	42054307.000000	0.000000e+00
5.163145e+00	4.871973e+00	7.507880e-04	42109017.000000	0.000000e+00
5.165139e+00	4.870874e+00	7.506709e-04	42103165.000000	0.000000e+00
5.167134e+00	4.868970e+00	7.496010e-04	42190413.000000	0.000000e+00
5.169129e+00	4.864467e+00	7.488879e-04	42192655.000000	0.000000e+00
5.171124e+00	4.861001e+00	7.479634e-04	42236773.000000	0.000000e+00
5.173118e+00	4.857894e+00	7.474511e-04	42240633.000000	0.000000e+00
5.175113e+00	4.854988e+00	7.462649e-04	42324355.000000	0.000000e+00
5.177108e+00	4.853183e+00	7.460561e-04	42316557.000000	0.000000e+00
5.179102e+00	4.850245e+00	7.452733e-04	42354169.000000	0.000000e+00
5.181097e+00	4.845651e+00	7.441600e-04	42400557.000000	0.000000e+00
5.183092e+00	4.844315e+00	7.437261e-04	42426643.000000	0.000000e+00
5.185086e+00	4.840312e+00	7.429803e-04	42441637.000000	0.000000e+00
5.187081e+00	4.838225e+00	7.421812e-04	42496401.000000	0.000000e+00
5.189075e+00	4.835418e+00	7.417104e-04	42501007.000000	0.000000e+00
5.191069e+00	4.832151e+00	7.405910e-04	42572013.000000	0.000000e+00
5.193065e+00	4.829040e+00	7.399153e-04	42594901.000000	0.000000e+00
5.195059e+00	4.825527e+00	7.392853e-04	42605475.000000	0.000000e+00
5.197053e+00	4.823162e+00	7.385767e-04	42645433.000000	0.000000e+00
5.199048e+00	4.819226e+00	7.374088e-04	42710833.000000	0.000000e+00
5.201043e+00	4.817335e+00	7.371706e-04	42704901.000000	0.000000e+00
5.203037e+00	4.814133e+00	7.362645e-04	42753175.000000	0.000000e+00
5.205032e+00	4.811333e+00	7.356824e-04	42771069.000000	0.000000e+00
5.207027e+00	4.807849e+00	7.345189e-04	42844561.000000	0.000000e+00
5.209022e+00	4.805670e+00	7.342346e-04	42838891.000000	0.000000e+00
5.211017e+00	4.802255e+00	7.332372e-04	42894477.000000	0.000000e+00
5.213011e+00	4.799067e+00	7.327637e-04	42892921.000000	0.000000e+00
5.215005e+00	4.796566e+00	7.318458e-04	42955785.000000	0.000000e+00
5.217000e+00	4.793772e+00	7.311864e-04	42983191.000000	0.000000e+00
5.218995e+00	4.790797e+00	7.304173e-04	43020297.000000	0.000000e+00
5.220989e+00	4.787410e+00	7.297771e-04	43034905.000000	0.000000e+00
5.222984e+00	4.785976e+00	7.291377e-04	43084579.000000	0.000000e+00
5.224979e+00	4.781510e+00	7.281263e-04	43123773.000000	0.000000e+00
5.226974e+00	4.778209e+00	7.274871e-04	43139953.000000	0.000000e+00
5.228968e+00	4.775424e+00	7.267859e-04	43172865.000000	0.000000e+00
5.230962e+00	4.773755e+00	7.262320e-04	43208539.000000	0.000000e+00
5.232958e+00	4.770365e+00	7.252120e-04	43268637.000000	0.000000e+00
5.234952e+00	4.767822e+00	7.250595e-04	43240717.000000	0.000000e+00
5.236946e+00	4.764711e+00	7.238118e-04	43333303.000000	0.000000e+00
5.238941e+00	4.761958e+00	7.233837e-04	43334493.000000	0.000000e+00
5.240936e+00	4.757015e+00	7.222985e-04	43374613.000000	0.000000e+00
5.242930e+00	4.755380e+00	7.216913e-04	43417767.000000	0.000000e+00
5.244925e+00	4.752197e+00	7.209920e-04	43443829.000000	0.000000e+00
5.246920e+00	4.749791e+00	7.204280e-04	43467813.000000	0.000000e+00
5.248914e+00	4.747839e+00	7.198688e-04	43499605.000000	0.000000e+00
5.250909e+00	4.743042e+00	7.185804e-04	43567555.000000	0.000000e+00
5.252904e+00	4.741296e+00	7.182852e-04	43571277.000000	0.000000e+00
5.254898e+00	4.738000e+00	7.175983e-04	43594069.000000	0.000000e+00
5.256893e+00	4.735714e+00	7.167707e-04	43652643.000000	0.000000e+00
5.258888e+00	4.734830e+00	7.164204e-04	43679029.000000	0.000000e+00
5.260883e+00	4.729252e+00	7.153453e-04	43707253.000000	0.000000e+00
5.262877e+00	4.727440e+00	7.148615e-04	43732893.000000	0.000000e+00
5.264872e+00	4.722921e+00	7.138039e-04	43778767.000000	0.000000e+00
5.266866e+00	4.720347e+00	7.132398e-04	43800261.000000	0.000000e+00
5.268861e+00	4.717706e+00	7.124543e-04	43847785.000000	0.000000e+00
5.270856e+00	4.714940e+00	7.118760e-04	43867575.000000	0.000000e+00
5.272850e+00	4.712350e+00	7.112509e-04	43896445.000000	0.000000e+00
5.274845e+00	4.709324e+00	7.103288e-04	43953985.000000	0.000000e+00
5.276840e+00	4.706509e+00	7.098021e-04	43966623.000000	0.000000e+00
5.278834e+00	4.703534e+00	7.090036e-04	44010025.000000	0.000000e+00
5.280829e+00	4.700596e+00	7.081983e-04	44055093.000000	0.000000e+00
5.282824e+00	4.697174e+00	7.077002e-04	44052913.000000	0.000000e+00
5.284818e+00	4.695592e+00	7.071048e-04	44097411.000000	0.000000e+00
5.286813e+00	4.691377e+00	7.059767e-04	44159077.000000	0.000000e+00
5.288808e+00	4.689643e+00	7.056197e-04	44171089.000000	0.000000e+00
5.290802e+00	4.686503e+00	7.049098e-04	44200851.000000	0.000000e+00
5.292797e+00	4.683376e+00	7.041474e-04	44237533.000000	0.000000e+00
5.294791e+00	4.681057e+00	7.035706e-04	44266233.000000	0.000000e+00
5.296786e+00	4.679249e+00	7.029235e-04	44313505.000000	0.000000e+00
5.298781e+00	4.676034e+00	7.023098e-04	44330011.000000	0.000000e+00
5.300775e+00	4.672521e+00	7.013937e-04	44379129.000000	0.000000e+00
5.302770e+00	4.670126e+00	7.007630e-04	44413489.000000	0.000000e+00
5.304765e+00	4.666099e+00	6.999172e-04	44444151.000000	0.000000e+00
5.306759e+00	4.664067e+00	6.994995e-04	44458501.000000	0.000000e+00
5.308754e+00	4.661803e+00	6.987612e-04	44509245.000000	0.000000e+00
5.310749e+00	4.657780e+00	6.978936e-04	44543005.000000	0.000000e+00
5.312743e+00	4.655920e+00	6.973780e-04	44573275.000000	0.000000e+00
5.314738e+00	4.651900e+00	6.965069e-04	44607705.000000	0.000000e+00
5.316733e+00	4.649400e+00	6.958563e-04	44643133.000000	0.000000e+00
5.318727e+00	4.647898e+00	6.955692e-04	44651139.000000	0.000000e+00
5.320721e+00	4.643742e+00	6.944342e-04	44717125.000000	0.000000e+00
5.322716e+00	4.640452e+00	6.937821e-04	44737773.000000	0.000000e+00
5.324711e+00	4.638750e+00	6.931721e-04	44783683.000000	0.000000e+00
5.326706e+00	4.634565e+00	6.922988e-04	44815777.000000	0.000000e+00
5.328700e+00	4.632940e+00	6.920429e-04	44817477.000000	0.000000e+00
5.330694e+00	4.629964e+00	6.911298e-04	44878261.000000	0.000000e+00
5.332690e+00	4.627500e+00	6.903598e-04	44930559.000000	0.000000e+00
5.334684e+00	4.624035e+00	6.900078e-04	44909089.000000	0.000000e+00
5.336679e+00	4.621445e+00	6.888365e-04	45011469.000000	0.000000e+00
5.338674e+00	4.618457e+00	6.885881e-04	44985727.000000	0.000000e+00
5.340668e+00	4.615927e+00	6.877491e-04	45046165.000000	0.000000e+00
5.342663e+00	4.612190e+00	6.868787e-04	45087309.000000	0.000000e+00
5.344658e+00	4.610327e+00	6.863354e-04	45122245.000000	0.000000e+00
5.346652e+00	4.607130e+00	6.858007e-04	45129975.000000	0.000000e+00
5.348647e+00	4.604532e+00	6.849599e-04	45189829.000000	0.000000e+00
5.350642e+00	4.601283e+00	6.843848e-04	45201949.000000	0.000000e+00
5.352637e+00	4.599793e+00	6.836117e-04	45274911.000000	0.000000e+00
5.354631e+00	4.596413e+00	6.833836e-04	45238585.000000	0.000000e+00
5.356626e+00	4.594030e+00	6.822313e-04	45344481.000000	0.000000e+00
5.358620e+00	4.591486e+00	6.820410e-04	45319543.000000	0.000000e+00
5.360615e+00	4.588338e+00	6.809751e-04	45399225.000000	0.000000e+00
5.362610e+00	4.585522e+00	6.805631e-04	45398425.000000	0.000000e+00
5.364604e+00	4.582281e+00	6.797246e-04	45446185.000000	0.000000e+00
5.366599e+00	4.580503e+00	6.791521e-04	45487515.000000	0.000000e+00
5.368593e+00	4.578120e+00	6.785829e-04	45516469.000000	0.000000e+00
5.370588e+00	4.575381e+00	6.779087e-04	45552501.000000	0.000000e+00
5.372583e+00	4.571446e+00	6.772040e-04	45568855.000000	0.000000e+00
5.374577e+00	4.568507e+00	6.762860e-04	45633921.000000	0.000000e+00
5.376573e+00	4.566519e+00	6.757660e-04	45664417.000000	0.000000e+00
5.378567e+00	4.563003e+00	6.752656e-04	45661717.000000	0.000000e+00
5.380561e+00	4.559824e+00	6.743357e-04	45723963.000000	0.000000e+00
5.382556e+00	4.557644e+00	6.737928e-04	45753889.000000	0.000000e+00
5.384550e+00	4.555899e+00	6.734015e-04	45772017.000000	0.000000e+00
5.386545e+00	4.550781e+00	6.721071e-04	45845311.000000	0.000000e+00
5.388540e+00	4.550604e+00	6.720344e-04	45851661.000000	0.000000e+00
5.390535e+00	4.548100e+00	6.714651e-04	45878905.000000	0.000000e+00
5.392529e+00	4.545724e+00	6.709270e-04	45904537.000000	0.000000e+00
5.394524e+00	4.541455e+00	6.697350e-04	45981603.000000	0.000000e+00
5.396519e+00	4.539186e+00	6.694631e-04	45972985.000000	0.000000e+00
5.398513e+00	4.536499e+00	6.687086e-04	46022253.000000	0.000000e+00
5.400507e+00	4.533225e+00	6.679327e-04	46062667.000000	0.000000e+00
5.402502e+00	4.530733e+00	6.674019e-04	46085257.000000	0.000000e+00
5.404497e+00	4.527557e+00	6.665628e-04	46136613.000000	0.000000e+00
5.406492e+00	4.524116e+00	6.659205e-04	46155415.000000	0.000000e+00
5.408486e+00	4.521853e+00	6.652052e-04	46208481.000000	0.000000e+00
5.410481e+00	4.519431e+00	6.646568e-04	46235173.000000	0.000000e+00
5.412476e+00	4.516640e+00	6.641638e-04	46246665.000000	0.000000e+00
5.414470e+00	4.513153e+00	6.632344e-04	46304803.000000	0.000000e+00
5.416465e+00	4.512446e+00	6.630813e-04	46311685.000000	0.000000e+00
5.418459e+00	4.509791e+00	6.623828e-04	46354797.000000	0.000000e+00
5.420453e+00	4.507233e+00	6.615977e-04	46412203.000000	0.000000e+00
5.422449e+00	4.503994e+00	6.609523e-04	46436061.000000	0.000000e+00
5.424443e+00	4.499314e+00	6.599583e-04	46479313.000000	0.000000e+00
5.426438e+00	4.498359e+00	6.596906e-04	46497285.000000	0.000000e+00
5.428433e+00	4.495618e+00	6.589650e-04	46542967.000000	0.000000e+00
5.430428e+00	4.492820e+00	6.584083e-04	46563697.000000	0.000000e+00
5.432422e+00	4.489613e+00	6.576772e-04	46600665.000000	0.000000e+00
5.434417e+00	4.486542e+00	6.569640e-04	46638043.000000	0.000000e+00
5.436411e+00	4.485115e+00	6.564667e-04	46679013.000000	0.000000e+00
5.438406e+00	4.480972e+00	6.556569e-04	46707997.000000	0.000000e+00
5.440401e+00	4.479459e+00	6.552222e-04	46738399.000000	0.000000e+00
5.442395e+00	4.476141e+00	6.545088e-04	46770981.000000	0.000000e+00
5.444390e+00	4.475065e+00	6.541211e-04	46803937.000000	0.000000e+00
5.446384e+00	4.471579e+00	6.532964e-04	46849089.000000	0.000000e+00
5.448379e+00	4.469531e+00	6.528368e-04	46872127.000000	0.000000e+00
5.450374e+00	4.466521e+00	6.520720e-04	46918881.000000	0.000000e+00
5.452369e+00	4.462608e+00	6.512701e-04	46952113.000000	0.000000e+00
5.454364e+00	4.461092e+00	6.507598e-04	46993843.000000	0.000000e+00
5.456358e+00	4.458540e+00	6.502592e-04	47012385.000000	0.000000e+00
5.458353e+00	4.455851e+00	6.496546e-04	47043133.000000	0.000000e+00
5.460347e+00	4.452821e+00	6.489269e-04	47084613.000000	0.000000e+00
5.462342e+00	4.450965e+00	6.483465e-04	47129623.000000	0.000000e+00
5.464337e+00	4.447600e+00	6.477340e-04	47147445.000000	0.000000e+00
5.466331e+00	4.446480e+00	6.474549e-04	47164333.000000	0.000000e+00
5.468326e+00	4.443012e+00	6.464363e-04	47239303.000000	0.000000e+00
5.470320e+00	4.438455e+00	6.457558e-04	47241849.000000	0.000000e+00
5.472315e+00	4.436787e+00	6.451759e-04	47291257.000000	0.000000e+00
5.474309e+00	4.434891e+00	6.446419e-04	47329179.000000	0.000000e+00
5.476304e+00	4.432782e+00	6.441102e-04	47362273.000000	0.000000e+00
5.478299e+00	4.429590e+00	6.434227e-04	47395197.000000	0.000000e+00
5.480293e+00	4.426333e+00	6.427152e-04	47429773.000000	0.000000e+00
5.482288e+00	4.423180e+00	6.419340e-04	47477575.000000	0.000000e+00
5.484283e+00	4.421358e+00	6.416812e-04	47475861.000000	0.000000e+00
5.486278e+00	4.418070e+00	6.405805e-04	47568325.000000	0.000000e+00
5.488272e+00	4.416053e+00	6.405049e-04	47536107.000000	0.000000e+00
5.490267e+00	4.413653e+00	6.396391e-04	47613073.000000	0.000000e+00
5.492262e+00	4.410662e+00	6.390631e-04	47634337.000000	0.000000e+00
5.494256e+00	4.407739e+00	6.384082e-04	47668881.000000	0.000000e+00
5.496250e+00	4.405791e+00	6.379307e-04	47698063.000000	0.000000e+00
5.498245e+00	4.402358e+00	6.370575e-04	47754405.000000	0.000000e+00
5.500240e+00	4.399571e+00	6.365361e-04	47772133.000000	0.000000e+00
5.502235e+00	4.398144e+00	6.360565e-04	47813175.000000	0.000000e+00
5.504229e+00	4.394407e+00	6.353783e-04	47833909.000000	0.000000e+00
5.506224e+00	4.392546e+00	6.347739e-04	47884453.000000	0.000000e+00
5.508219e+00	4.390048e+00	6.342303e-04	47912025.000000	0.000000e+00
5.510213e+00	4.387184e+00	6.335216e-04	47956639.000000	0.000000e+00
5.512208e+00	4.384572e+00	6.330469e-04	47971437.000000	0.000000e+00
5.514203e+00	4.382415e+00	6.323170e-04	48034945.000000	0.000000e+00
5.516197e+00	4.379299e+00	6.318740e-04	48033951.000000	0.000000e+00
5.518191e+00	4.377163e+00	6.312963e-04	48074965.000000	0.000000e+00
5.520186e+00	4.375280e+00	6.306101e-04	48138205.000000	0.000000e+00
5.522181e+00	4.371122e+00	6.299189e-04	48152247.000000	0.000000e+00
5.524176e+00	4.369867e+00	6.293707e-04	48208489.000000	0.000000e+00
5.526171e+00	4.367238e+00	6.289272e-04	48218421.000000	0.000000e+00
5.528165e+00	4.364111e+00	6.282096e-04	48259465.000000	0.000000e+00
5.530160e+00	4.360329e+00	6.274245e-04	48296487.000000	0.000000e+00
5.532154e+00	4.359047e+00	6.271207e-04	48314869.000000	0.000000e+00
5.534149e+00	4.356344e+00	6.263434e-04	48374809.000000	0.000000e+00
5.536144e+00	4.354437e+00	6.258060e-04	48415503.000000	0.000000e+00
5.538139e+00	4.351654e+00	6.252500e-04	48439681.000000	0.000000e+00
5.540133e+00	4.347790e+00	6.244809e-04	48472881.000000	0.000000e+00
5.542128e+00	4.346156e+00	6.242180e-04	48477253.000000	0.000000e+00
5.544122e+00	4.342820e+00	6.232193e-04	48558127.000000	0.000000e+00
5.546117e+00	4.341514e+00	6.229163e-04	48576153.000000	0.000000e+00
5.548112e+00	4.337983e+00	6.221124e-04	48622573.000000	0.000000e+00
5.550106e+00	4.334857e+00	6.216312e-04	48627735.000000	0.000000e+00
5.552101e+00	4.333174e+00	6.210008e-04	48688669.000000	0.000000e+00
5.554096e+00	4.330654e+00	6.204740e-04	48714681.000000	0.000000e+00
5.556090e+00	4.327727e+00	6.199493e-04	48731227.000000	0.000000e+00
5.558085e+00	4.326428e+00	6.193283e-04	48799681.000000	0.000000e+00
5.560079e+00	4.321789e+00	6.185549e-04	48816933.000000	0.000000e+00
5.562074e+00	4.321034e+00	6.181807e-04	48858985.000000	0.000000e+00
5.564069e+00	4.317942e+00	6.174427e-04	48905787.000000	0.000000e+00
5.566064e+00	4.315591e+00	6.170965e-04	48907381.000000	0.000000e+00
5.568058e+00	4.314215e+00	6.165607e-04	48961185.000000	0.000000e+00
5.570053e+00	4.309859e+00	6.156917e-04	49000399.000000	0.000000e+00
5.572047e+00	4.307426e+00	6.151693e-04	49028245.000000	0.000000e+00
5.574042e+00	4.305737e+00	6.145724e-04	49085025.000000	0.000000e+00
5.576037e+00	4.302776e+00	6.141751e-04	49080961.000000	0.000000e+00
5.578032e+00	4.299602e+00	6.132831e-04	49151235.000000	0.000000e+00
5.580026e+00	4.297864e+00	6.130549e-04	49148089.000000	0.000000e+00
5.582021e+00	4.294257e+00	6.120889e-04	49220613.000000	0.000000e+00
5.584015e+00	4.293250e+00	6.118721e-04	49232395.000000	0.000000e+00
5.586010e+00	4.289929e+00	6.110335e-04	49291297.000000	0.000000e+00
5.588005e+00	4.287977e+00	6.106020e-04	49316073.000000	0.000000e+00
5.589999e+00	4.285655e+00	6.102900e-04	49313053.000000	0.000000e+00
5.591994e+00	4.282614e+00	6.092950e-04	49404051.000000	0.000000e+00
5.593989e+00	4.281037e+00	6.090284e-04	49410913.000000	0.000000e+00
5.595983e+00	4.277168e+00	6.082561e-04	49446973.000000	0.000000e+00
5.597978e+00	4.275763e+00	6.076726e-04	49509435.000000	0.000000e+00
5.599973e+00	4.273008e+00	6.073004e-04	49506277.000000	0.000000e+00
5.601967e+00	4.269777e+00	6.064301e-04	49573425.000000	0.000000e+00
5.603962e+00	4.267478e+00	6.060824e-04	49576891.000000	0.000000e+00
5.605956e+00	4.264507e+00	6.052925e-04	49637181.000000	0.000000e+00
5.607951e+00	4.262561e+00	6.048080e-04	49671385.000000	0.000000e+00
5.609946e+00	4.260382e+00	6.043853e-04	49690021.000000	0.000000e+00
5.611940e+00	4.256657e+00	6.035610e-04	49738779.000000	0.000000e+00
5.613935e+00	4.256333e+00	6.033799e-04	49761049.000000	0.000000e+00
5.615930e+00	4.253275e+00	6.024716e-04	49839525.000000	0.000000e+00
5.617924e+00	4.250815e+00	6.023788e-04	49797223.000000	0.000000e+00
5.619919e+00	4.247553e+00	6.012913e-04	49900821.000000	0.000000e+00
5.621913e+00	4.245500e+00	6.010949e-04	49885177.000000	0.000000e+00
5.623908e+00	4.242655e+00	6.001717e-04	49971733.000000	0.000000e+00
5.625902e+00	4.240569e+00	5.999576e-04	49958247.000000	0.000000e+00
5.627897e+00	4.237389e+00	5.990188e-04	50039809.000000	0.000000e+00
5.629892e+00	4.235172e+00	5.985544e-04	50065065.000000	0.000000e+00
5.631887e+00	4.232879e+00	5.980525e-04	50094859.000000	0.000000e+00
5.633882e+00	4.230556e+00	5.976955e-04	50099677.000000	0.000000e+00
5.635876e+00	4.228506e+00	5.969745e-04	50172117.000000	0.000000e+00
5.637871e+00	4.225349e+00	5.964274e-04	50189167.000000	0.000000e+00
5.639866e+00	4.222921e+00	5.957609e-04	50243745.000000	0.000000e+00
5.641860e+00	4.219825e+00	5.953887e-04	50232829.000000	0.000000e+00
5.643854e+00	4.217757e+00	5.945384e-04	50327265.000000	0.000000e+00
5.645849e+00	4.215938e+00	5.942137e-04	50338831.000000	0.000000e+00
5.647844e+00	4.211940e+00	5.933649e-04	50387245.000000	0.000000e+00
5.649839e+00	4.211457e+00	5.932157e-04	50401053.000000	0.000000e+00
5.651833e+00	4.208001e+00	5.924957e-04	50440723.000000	0.000000e+00
5.653828e+00	4.205873e+00	5.919468e-04	50483217.000000	0.000000e+00
5.655823e+00	4.204169e+00	5.914860e-04	50520937.000000	0.000000e+00
5.657817e+00	4.202212e+00	5.911051e-04	50538981.000000	0.000000e+00
5.659812e+00	4.198306e+00	5.901248e-04	50612815.000000	0.000000e+00
5.661807e+00	4.195944e+00	5.899469e-04	50586361.000000	0.000000e+00
5.663801e+00	4.193956e+00	5.891673e-04	50672277.000000	0.000000e+00
5.665796e+00	4.190976e+00	5.885742e-04	50702347.000000	0.000000e+00
5.667791e+00	4.188383e+00	5.880887e-04	50723253.000000	0.000000e+00
5.669785e+00	4.185484e+00	5.874318e-04	50766409.000000	0.000000e+00
5.671779e+00	4.183415e+00	5.870616e-04	50780223.000000	0.000000e+00
5.673774e+00	4.180877e+00	5.862248e-04	50863525.000000	0.000000e+00
5.675769e+00	4.178690e+00	5.858674e-04	50872333.000000	0.000000e+00
5.677764e+00	4.175840e+00	5.852596e-04	50908545.000000	0.000000e+00
5.679758e+00	4.173984e+00	5.848452e-04	50935411.000000	0.000000e+00
5.681753e+00	4.171684e+00	5.842144e-04	50989221.000000	0.000000e+00
5.683748e+00	4.168970e+00	5.836399e-04	51023185.000000	0.000000e+00
5.685742e+00	4.167553e+00	5.834934e-04	51014107.000000	0.000000e+00
5.687736e+00	4.165188e+00	5.826357e-04	51106365.000000	0.000000e+00
5.689731e+00	4.162255e+00	5.820976e-04	51128809.000000	0.000000e+00
5.691726e+00	4.159273e+00	5.814240e-04	51173949.000000	0.000000e+00
5.693721e+00	4.158413e+00	5.812593e-04	51181795.000000	0.000000e+00
5.695715e+00	4.154962e+00	5.805108e-04	51228705.000000	0.000000e+00
5.697710e+00	4.153505e+00	5.800972e-04	51265813.000000	0.000000e+00
5.699705e+00	4.150098e+00	5.793786e-04	51308791.000000	0.000000e+00
5.701699e+00	4.147316e+00	5.788273e-04	51337677.000000	0.000000e+00
5.703694e+00	4.145980e+00	5.784146e-04	51377845.000000	0.000000e+00
5.705689e+00	4.142782e+00	5.778162e-04	51404925.000000	0.000000e+00
5.707683e+00	4.140469e+00	5.771933e-04	51458431.000000	0.000000e+00
5.709678e+00	4.138844e+00	5.768935e-04	51471513.000000	0.000000e+00
5.711672e+00	4.136633e+00	5.763432e-04	51514765.000000	0.000000e+00
5.713667e+00	4.133605e+00	5.756673e-04	51560215.000000	0.000000e+00
5.715662e+00	4.131035e+00	5.751292e-04	51592545.000000	0.000000e+00
5.717656e+00	4.128934e+00	5.747314e-04	51611449.000000	0.000000e+00
5.719650e+00	4.126149e+00	5.741311e-04	51649683.000000	0.000000e+00
5.721645e+00	4.124045e+00	5.735288e-04	51705457.000000	0.000000e+00
5.723640e+00	4.120547e+00	5.727242e-04	51762897.000000	0.000000e+00
5.725635e+00	4.118733e+00	5.724643e-04	51764317.000000	0.000000e+00
5.727630e+00	4.116005e+00	5.719086e-04	51796267.000000	0.000000e+00
5.729624e+00	4.114793e+00	5.715150e-04	51837093.000000	0.000000e+00
5.731619e+00	4.112803e+00	5.707897e-04	51918661.000000	0.000000e+00
5.733614e+00	4.109611e+00	5.704926e-04	51892107.000000	0.000000e+00
5.735609e+00	4.107701e+00	5.697763e-04	51974341.000000	0.000000e+00
5.737603e+00	4.104148e+00	5.693883e-04	51955177.000000	0.000000e+00
5.739598e+00	4.102754e+00	5.687702e-04	52032813.000000	0.000000e+00
5.741592e+00	4.100267e+00	5.682569e-04	52063675.000000	0.000000e+00
5.743587e+00	4.097096e+00	5.676170e-04	52100445.000000	0.000000e+00
5.745582e+00	4.095395e+00	5.673118e-04	52113229.000000	0.000000e+00
5.747576e+00	4.092854e+00	5.665193e-04	52194291.000000	0.000000e+00
5.749572e+00	4.091008e+00	5.662048e-04	52205161.000000	0.000000e+00
5.751566e+00	4.087984e+00	5.656067e-04	52238329.000000	0.000000e+00
5.753560e+00	4.086058e+00	5.652374e-04	52257327.000000	0.000000e+00
5.755555e+00	4.084290e+00	5.645109e-04	52346593.000000	0.000000e+00
5.757550e+00	4.081381e+00	5.642570e-04	52319097.000000	0.000000e+00
5.759544e+00	4.079742e+00	5.637128e-04	52378093.000000	0.000000e+00
5.761539e+00	4.076648e+00	5.629443e-04	52441551.000000	0.000000e+00
5.763533e+00	4.074867e+00	5.627304e-04	52435597.000000	0.000000e+00
5.765528e+00	4.072767e+00	5.620315e-04	52511905.000000	0.000000e+00
5.767522e+00	4.068960e+00	5.615147e-04	52510323.000000	0.000000e+00
5.769517e+00	4.067035e+00	5.607906e-04	52596217.000000	0.000000e+00
5.771512e+00	4.064958e+00	5.605229e-04	52592685.000000	0.000000e+00
5.773507e+00	4.062666e+00	5.598769e-04	52654693.000000	0.000000e+00
5.775502e+00	4.059210e+00	5.592994e-04	52673763.000000	0.000000e+00
5.777496e+00	4.057432e+00	5.588480e-04	52712689.000000	0.000000e+00
5.779491e+00	4.055687e+00	5.584078e-04	52750417.000000	0.000000e+00
5.781486e+00	4.053017e+00	5.578831e-04	52780143.000000	0.000000e+00
5.783480e+00	4.050258e+00	5.572491e-04	52828309.000000	0.000000e+00
5.785475e+00	4.049024e+00	5.569799e-04	52847157.000000	0.000000e+00
5.787469e+00	4.046959e+00	5.565037e-04	52883653.000000	0.000000e+00
5.789464e+00	4.043037e+00	5.556886e-04	52936159.000000	0.000000e+00
5.791459e+00	4.041952e+00	5.552945e-04	52982889.000000	0.000000e+00
5.793454e+00	4.040060e+00	5.548417e-04	53019709.000000	0.000000e+00
5.795448e+00	4.037381e+00	5.545072e-04	53013339.000000	0.000000e+00
5.797442e+00	4.034311e+00	5.537559e-04	53076457.000000	0.000000e+00
5.799437e+00	4.033480e+00	5.534052e-04	53121849.000000	0.000000e+00
5.801432e+00	4.030924e+00	5.528777e-04	53155843.000000	0.000000e+00
5.803426e+00	4.027809e+00	5.523595e-04	53173357.000000	0.000000e+00
5.805421e+00	4.025072e+00	5.516424e-04	53239257.000000	0.000000e+00
5.807416e+00	4.023167e+00	5.513105e-04	53252929.000000	0.000000e+00
5.809410e+00	4.021060e+00	5.508420e-04	53287707.000000	0.000000e+00
5.811405e+00	4.018283e+00	5.501922e-04	53339893.000000	0.000000e+00
5.813400e+00	4.017633e+00	5.499486e-04	53369877.000000	0.000000e+00
5.815394e+00	4.014057e+00	5.492389e-04	53412715.000000	0.000000e+00
5.817389e+00	4.011085e+00	5.486852e-04	53441317.000000	0.000000e+00
5.819384e+00	4.009440e+00	5.482668e-04	53479029.000000	0.000000e+00
5.821378e+00	4.007715e+00	5.478349e-04	53517289.000000	0.000000e+00
5.823373e+00	4.005210e+00	5.473104e-04	53552919.000000	0.000000e+00
5.825368e+00	4.003102e+00	5.468162e-04	53593297.000000	0.000000e+00
5.827363e+00	3.999887e+00	5.461351e-04	53640805.000000	0.000000e+00
5.829357e+00	3.998400e+00	5.458886e-04	53649351.000000	0.000000e+00
5.831352e+00	3.996488e+00	5.453944e-04	53695213.000000	0.000000e+00
5.833346e+00	3.992827e+00	5.446411e-04	53745261.000000	0.000000e+00
5.835341e+00	3.991558e+00	5.443584e-04	53766919.000000	0.000000e+00
5.837335e+00	3.989245e+00	5.438613e-04	53802849.000000	0.000000e+00
5.839330e+00	3.986463e+00	5.432691e-04	53845009.000000	0.000000e+00
5.841325e+00	3.985097e+00	5.428154e-04	53898097.000000	0.000000e+00
5.843320e+00	3.982803e+00	5.423853e-04	53921475.000000	0.000000e+00
5.845314e+00	3.981235e+00	5.419377e-04	53968057.000000	0.000000e+00
5.847309e+00	3.978161e+00	5.414346e-04	53984961.000000	0.000000e+00
5.849304e+00	3.975622e+00	5.408176e-04	54039139.000000	0.000000e+00
5.851298e+00	3.974420e+00	5.405195e-04	54066057.000000	0.000000e+00
5.853293e+00	3.971070e+00	5.399735e-04	54084181.000000	0.000000e+00
5.855287e+00	3.968982e+00	5.394141e-04	54139429.000000	0.000000e+00
5.857282e+00	3.967011e+00	5.388920e-04	54190527.000000	0.000000e+00
5.859277e+00	3.963705e+00	5.382406e-04	54231277.000000	0.000000e+00
5.861272e+00	3.961833e+00	5.379461e-04	54239397.000000	0.000000e+00
5.863266e+00	3.960524e+00	5.375868e-04	54276031.000000	0.000000e+00
5.865261e+00	3.956557e+00	5.366467e-04	54357309.000000	0.000000e+00
5.867256e+00	3.954613e+00	5.363698e-04	54359977.000000	0.000000e+00
5.869250e+00	3.953263e+00	5.360747e-04	54382705.000000	0.000000e+00
5.871244e+00	3.950298e+00	5.354045e-04	54437199.000000	0.000000e+00
5.873239e+00	3.948381e+00	5.348776e-04	54491569.000000	0.000000e+00
5.875234e+00	3.947108e+00	5.346809e-04	54496509.000000	0.000000e+00
5.877228e+00	3.943037e+00	5.338457e-04	54554431.000000	0.000000e+00
5.879223e+00	3.941777e+00	5.335139e-04	54587413.000000	0.000000e+00
5.881218e+00	3.940078e+00	5.332140e-04	54601737.000000	0.000000e+00
5.883212e+00	3.937927e+00	5.325524e-04	54677767.000000	0.000000e+00
5.885207e+00	3.934640e+00	5.319758e-04	54704889.000000	0.000000e+00
5.887202e+00	3.932651e+00	5.316942e-04	54707533.000000	0.000000e+00
5.889196e+00	3.931156e+00	5.310621e-04	54796137.000000	0.000000e+00
5.891191e+00	3.929558e+00	5.307803e-04	54809755.000000	0.000000e+00
5.893186e+00	3.925455e+00	5.301165e-04	54832405.000000	0.000000e+00
5.895180e+00	3.924001e+00	5.296880e-04	54880485.000000	0.000000e+00
5.897174e+00	3.922349e+00	5.294727e-04	54878887.000000	0.000000e+00
5.899169e+00	3.920264e+00	5.285916e-04	55003473.000000	0.000000e+00
5.901164e+00	3.917183e+00	5.283023e-04	54977197.000000	0.000000e+00
5.903159e+00	3.915229e+00	5.277037e-04	55047069.000000	0.000000e+00
5.905153e+00	3.913395e+00	5.274498e-04	55048447.000000	0.000000e+00
5.907148e+00	3.911368e+00	5.267660e-04	55134313.000000	0.000000e+00
5.909143e+00	3.908550e+00	5.264744e-04	55115877.000000	0.000000e+00
5.911137e+00	3.907993e+00	5.260201e-04	55195399.000000	0.000000e+00
5.913132e+00	3.903611e+00	5.253161e-04	55219389.000000	0.000000e+00
5.915127e+00	3.901976e+00	5.248496e-04	55271257.000000	0.000000e+00
5.917122e+00	3.899407e+00	5.245152e-04	55268931.000000	0.000000e+00
5.919116e+00	3.897136e+00	5.238223e-04	55350709.000000	0.000000e+00
5.921111e+00	3.895574e+00	5.236236e-04	55348309.000000	0.000000e+00
5.923105e+00	3.893714e+00	5.231551e-04	55394565.000000	0.000000e+00
5.925100e+00	3.890828e+00	5.225299e-04	55444927.000000	0.000000e+00
5.927095e+00	3.888853e+00	5.220911e-04	55481781.000000	0.000000e+00
5.929089e+00	3.886292e+00	5.215631e-04	55520989.000000	0.000000e+00
5.931084e+00	3.883783e+00	5.211173e-04	55544227.000000	0.000000e+00
5.933079e+00	3.881845e+00	5.206285e-04	55593045.000000	0.000000e+00
5.935073e+00	3.880227e+00	5.202120e-04	55635697.000000	0.000000e+00
5.937068e+00	3.878055e+00	5.198569e-04	55649385.000000	0.000000e+00
5.939063e+00	3.874592e+00	5.190356e-04	55725979.000000	0.000000e+00
5.941057e+00	3.873357e+00	5.188951e-04	55720617.000000	0.000000e+00
5.943052e+00	3.872159e+00	5.184376e-04	55784461.000000	0.000000e+00
5.945047e+00	3.869706e+00	5.179451e-04	55819807.000000	0.000000e+00
5.947041e+00	3.866942e+00	5.176023e-04	55813977.000000	0.000000e+00
5.949035e+00	3.864465e+00	5.167422e-04	55928209.000000	0.000000e+00
5.951031e+00	3.862481e+00	5.164896e-04	55925451.000000	0.000000e+00
5.953025e+00	3.861300e+00	5.161569e-04	55963333.000000	0.000000e+00
5.955020e+00	3.857913e+00	5.155571e-04	55995261.000000	0.000000e+00
5.957014e+00	3.855969e+00	5.150598e-04	56046925.000000	0.000000e+00
5.959009e+00	3.853593e+00	5.146924e-04	56057803.000000	0.000000e+00
5.961003e+00	3.852256e+00	5.141852e-04	56129493.000000	0.000000e+00
5.962998e+00	3.850690e+00	5.138545e-04	56156089.000000	0.000000e+00
5.964993e+00	3.847294e+00	5.132340e-04	56192691.000000	0.000000e+00
5.966987e+00	3.845459e+00	5.129593e-04	56199253.000000	0.000000e+00
5.968982e+00	3.843739e+00	5.123006e-04	56293485.000000	0.000000e+00
5.970977e+00	3.841262e+00	5.120494e-04	56276101.000000	0.000000e+00
5.972971e+00	3.839453e+00	5.114404e-04	56357095.000000	0.000000e+00
5.974966e+00	3.836461e+00	5.110058e-04	56365053.000000	0.000000e+00
5.976961e+00	3.834789e+00	5.104533e-04	56437909.000000	0.000000e+00
5.978956e+00	3.832371e+00	5.100954e-04	56445879.000000	0.000000e+00
5.980950e+00	3.830950e+00	5.097163e-04	56487961.000000	0.000000e+00
5.982945e+00	3.827929e+00	5.091444e-04	56525689.000000	0.000000e+00
5.984939e+00	3.827645e+00	5.088797e-04	56576109.000000	0.000000e+00
5.986934e+00	3.823930e+00	5.082666e-04	56602627.000000	0.000000e+00
5.988929e+00	3.822232e+00	5.078504e-04	56645121.000000	0.000000e+00
5.990923e+00	3.819836e+00	5.075101e-04	56650021.000000	0.000000e+00
5.992918e+00	3.818129e+00	5.068681e-04	56742855.000000	0.000000e+00
5.994913e+00	3.815345e+00	5.065102e-04	56740249.000000	0.000000e+00
5.996907e+00	3.813298e+00	5.059469e-04	56805649.000000	0.000000e+00
5.998902e+00	3.811520e+00	5.056111e-04	56828103.000000	0.000000e+00
6.000897e+00	3.809017e+00	5.050632e-04	56876689.000000	0.000000e+00
6.002891e+00	3.806476e+00	5.046734e-04	56888601.000000	0.000000e+00
6.004886e+00	3.805285e+00	5.042318e-04	56952649.000000	0.000000e+00
6.006880e+00	3.802784e+00	5.038826e-04	56956683.000000	0.000000e+00
6.008875e+00	3.800353e+00	5.031732e-04	57044377.000000	0.000000e+00
6.010870e+00	3.798284e+00	5.028188e-04	57062617.000000	0.000000e+00
6.012865e+00	3.796373e+00	5.024102e-04	57097995.000000	0.000000e+00
6.014859e+00	3.794739e+00	5.020630e-04	57127789.000000	0.000000e+00
6.016854e+00	3.791663e+00	5.014132e-04	57183153.000000	0.000000e+00
6.018849e+00	3.789593e+00	5.010201e-04	57210385.000000	0.000000e+00
6.020843e+00	3.787598e+00	5.006215e-04	57241207.000000	0.000000e+00
6.022838e+00	3.786304e+00	5.002505e-04	57286977.000000	0.000000e+00
6.024833e+00	3.784315e+00	4.998271e-04	57323797.000000	0.000000e+00
6.026827e+00	3.782126e+00	4.993793e-04	57360219.000000	0.000000e+00
6.028822e+00	3.779783e+00	4.989288e-04	57392701.000000	0.000000e+00
6.030816e+00	3.776954e+00	4.983696e-04	57435489.000000	0.000000e+00
6.032811e+00	3.774915e+00	4.978907e-04	57483931.000000	0.000000e+00
6.034806e+00	3.772547e+00	4.975286e-04	57495409.000000	0.000000e+00
6.036800e+00	3.771215e+00	4.970440e-04	57566901.000000	0.000000e+00
6.038795e+00	3.769223e+00	4.968404e-04	57553237.000000	0.000000e+00
6.040789e+00	3.766985e+00	4.961891e-04	57635931.000000	0.000000e+00
6.042784e+00	3.764571e+00	4.957145e-04	57672337.000000	0.000000e+00
6.044779e+00	3.762870e+00	4.952951e-04	57717885.000000	0.000000e+00
6.046774e+00	3.760598e+00	4.948897e-04	57742699.000000	0.000000e+00
6.048769e+00	3.758468e+00	4.943967e-04	57792385.000000	0.000000e+00
6.050763e+00	3.756029e+00	4.940414e-04	57800433.000000	0.000000e+00
6.052758e+00	3.753081e+00	4.934192e-04	57855409.000000	0.000000e+00
6.054752e+00	3.751198e+00	4.930301e-04	57888627.000000	0.000000e+00
6.056746e+00	3.750763e+00	4.928476e-04	57918049.000000	0.000000e+00
6.058741e+00	3.748630e+00	4.923372e-04	57972225.000000	0.000000e+00
6.060736e+00	3.746725e+00	4.919190e-04	58011823.000000	0.000000e+00
6.062730e+00	3.744109e+00	4.914370e-04	58044529.000000	0.000000e+00
6.064725e+00	3.742764e+00	4.909946e-04	58107381.000000	0.000000e+00
6.066720e+00	3.739256e+00	4.906014e-04	58091533.000000	0.000000e+00
6.068714e+00	3.737758e+00	4.900374e-04	58178703.000000	0.000000e+00
6.070709e+00	3.736598e+00	4.898069e-04	58197337.000000	0.000000e+00
6.072704e+00	3.732898e+00	4.890524e-04	58261489.000000	0.000000e+00
6.074699e+00	3.732072e+00	4.889370e-04	58263195.000000	0.000000e+00
6.076694e+00	3.730748e+00	4.885535e-04	58313305.000000	0.000000e+00
6.078688e+00	3.728282e+00	4.881294e-04	58337457.000000	0.000000e+00
6.080682e+00	3.725918e+00	4.876107e-04	58387519.000000	0.000000e+00
6.082677e+00	3.723354e+00	4.870576e-04	58439685.000000	0.000000e+00
6.084672e+00	3.720504e+00	4.866339e-04	58451917.000000	0.000000e+00
6.086666e+00	3.718361e+00	4.861019e-04	58512493.000000	0.000000e+00
6.088661e+00	3.717938e+00	4.858865e-04	58551027.000000	0.000000e+00
6.090656e+00	3.715644e+00	4.854818e-04	58576357.000000	0.000000e+00
6.092650e+00	3.713788e+00	4.850482e-04	58622529.000000	0.000000e+00
6.094645e+00	3.711434e+00	4.845839e-04	58660471.000000	0.000000e+00
6.096640e+00	3.709868e+00	4.842409e-04	58694049.000000	0.000000e+00
6.098635e+00	3.706765e+00	4.835583e-04	58761433.000000	0.000000e+00
6.100629e+00	3.704970e+00	4.834282e-04	58736125.000000	0.000000e+00
6.102623e+00	3.703196e+00	4.827705e-04	58839903.000000	0.000000e+00
6.104618e+00	3.700117e+00	4.824352e-04	58823773.000000	0.000000e+00
6.106613e+00	3.698957e+00	4.819288e-04	58910505.000000	0.000000e+00
6.108607e+00	3.696647e+00	4.816010e-04	58917091.000000	0.000000e+00
6.110602e+00	3.695193e+00	4.811275e-04	58986669.000000	0.000000e+00
6.112597e+00	3.692451e+00	4.807069e-04	59002261.000000	0.000000e+00
6.114592e+00	3.692188e+00	4.805568e-04	59030755.000000	0.000000e+00
6.116586e+00	3.688568e+00	4.798179e-04	59096613.000000	0.000000e+00
6.118581e+00	3.686789e+00	4.795277e-04	59111125.000000	0.000000e+00
6.120575e+00	3.685190e+00	4.791534e-04	59152161.000000	0.000000e+00
6.122570e+00	3.683453e+00	4.787175e-04	59204059.000000	0.000000e+00
6.124565e+00	3.681002e+00	4.782818e-04	59233093.000000	0.000000e+00
6.126559e+00	3.679271e+00	4.779398e-04	59262117.000000	0.000000e+00
6.128554e+00	3.676581e+00	4.772528e-04	59345971.000000	0.000000e+00
6.130549e+00	3.674693e+00	4.770561e-04	59333937.000000	0.000000e+00
6.132543e+00	3.671556e+00	4.763768e-04	59401741.000000	0.000000e+00
6.134538e+00	3.670549e+00	4.760871e-04	59441445.000000	0.000000e+00
6.136533e+00	3.668287e+00	4.756851e-04	59468587.000000	0.000000e+00
6.138528e+00	3.666784e+00	4.753760e-04	59497165.000000	0.000000e+00
6.140522e+00	3.663781e+00	4.748190e-04	59539161.000000	0.000000e+00
6.142517e+00	3.663289e+00	4.745337e-04	59594791.000000	0.000000e+00
6.144511e+00	3.661303e+00	4.742840e-04	59592873.000000	0.000000e+00
6.146506e+00	3.658513e+00	4.735997e-04	59674189.000000	0.000000e+00
6.148501e+00	3.656134e+00	4.731356e-04	59713575.000000	0.000000e+00
6.150495e+00	3.654311e+00	4.728583e-04	59724013.000000	0.000000e+00
6.152489e+00	3.652243e+00	4.724234e-04	59766325.000000	0.000000e+00
6.154484e+00	3.649933e+00	4.718700e-04	59830833.000000	0.000000e+00
6.156479e+00	3.649111e+00	4.716092e-04	59870023.000000	0.000000e+00
6.158474e+00	3.646296e+00	4.712483e-04	59869329.000000	0.000000e+00
6.160468e+00	3.644636e+00	4.707127e-04	59951005.000000	0.000000e+00
6.162463e+00	3.641692e+00	4.702673e-04	59967615.000000	0.000000e+00
6.164458e+00	3.641145e+00	4.699664e-04	60026425.000000	0.000000e+00
6.166452e+00	3.639171e+00	4.697477e-04	60017173.000000	0.000000e+00
6.168447e+00	3.636758e+00	4.691445e-04	60091845.000000	0.000000e+00
6.170441e+00	3.634271e+00	4.686577e-04	60134419.000000	0.000000e+00
6.172436e+00	3.633370e+00	4.685308e-04	60137157.000000	0.000000e+00
6.174430e+00	3.629825e+00	4.677146e-04	60229549.000000	0.000000e+00
6.176425e+00	3.628338e+00	4.675164e-04	60231235.000000	0.000000e+00
6.178420e+00	3.626600e+00	4.670293e-04	60299121.000000	0.000000e+00
6.180415e+00	3.624823e+00	4.666523e-04	60337417.000000	0.000000e+00
6.182410e+00	3.622351e+00	4.663028e-04	60345501.000000	0.000000e+00
6.184404e+00	3.620362e+00	4.657950e-04	60410767.000000	0.000000e+00
6.186399e+00	3.618590e+00	4.654778e-04	60433929.000000	0.000000e+00
6.188394e+00	3.616333e+00	4.650334e-04	60473965.000000	0.000000e+00
6.190388e+00	3.615354e+00	4.647506e-04	60514807.000000	0.000000e+00
6.192383e+00	3.613285e+00	4.643098e-04	60560409.000000	0.000000e+00
6.194378e+00	3.610739e+00	4.638214e-04	60602521.000000	0.000000e+00
6.196372e+00	3.608736e+00	4.634599e-04	60629775.000000	0.000000e+00
6.198366e+00	3.606942e+00	4.632005e-04	60637381.000000	0.000000e+00
6.200361e+00	3.604763e+00	4.625082e-04	60745557.000000	0.000000e+00
6.202356e+00	3.602947e+00	4.622273e-04	60758137.000000	0.000000e+00
6.204351e+00	3.600847e+00	4.618875e-04	60776671.000000	0.000000e+00
6.206345e+00	3.598693e+00	4.614328e-04	60823665.000000	0.000000e+00
6.208340e+00	3.596736e+00	4.610471e-04	60859237.000000	0.000000e+00
6.210335e+00	3.595190e+00	4.605682e-04	60933447.000000	0.000000e+00
6.212329e+00	3.592809e+00	4.602634e-04	60933397.000000	0.000000e+00
6.214324e+00	3.591043e+00	4.598623e-04	60979729.000000	0.000000e+00
6.216319e+00	3.589442e+00	4.594331e-04	61039269.000000	0.000000e+00
6.218314e+00	3.587681e+00	4.590692e-04	61076107.000000	0.000000e+00
6.220308e+00	3.585452e+00	4.588116e-04	61068753.000000	0.000000e+00
6.222302e+00	3.583680e+00	4.583736e-04	61125037.000000	0.000000e+00
6.224297e+00	3.581789e+00	4.578050e-04	61212327.000000	0.000000e+00
6.226292e+00	3.579164e+00	4.574093e-04	61228453.000000	0.000000e+00
6.228287e+00	3.577603e+00	4.570857e-04	61261717.000000	0.000000e+00
6.230281e+00	3.575762e+00	4.567349e-04	61292715.000000	0.000000e+00
6.232276e+00	3.573173e+00	4.562698e-04	61328809.000000	0.000000e+00
6.234270e+00	3.571719e+00	4.559216e-04	61372557.000000	0.000000e+00
6.236265e+00	3.569493e+00	4.554667e-04	61418581.000000	0.000000e+00
6.238259e+00	3.568033e+00	4.551944e-04	61441791.000000	0.000000e+00
6.240254e+00	3.565547e+00	4.545918e-04	61518973.000000	0.000000e+00
6.242249e+00	3.563949e+00	4.543451e-04	61530613.000000	0.000000e+00
6.244243e+00	3.562415e+00	4.540522e-04	61557003.000000	0.000000e+00
6.246238e+00	3.560218e+00	4.535549e-04	61615981.000000	0.000000e+00
6.248232e+00	3.558260e+00	4.531767e-04	61651005.000000	0.000000e+00
6.250227e+00	3.555814e+00	4.526541e-04	61708525.000000	0.000000e+00
6.252222e+00	3.553776e+00	4.523206e-04	61728735.000000	0.000000e+00
6.254217e+00	3.552381e+00	4.519640e-04	61777657.000000	0.000000e+00
6.256211e+00	3.550826e+00	4.517062e-04	61794061.000000	0.000000e+00
6.258206e+00	3.548813e+00	4.511853e-04	61866639.000000	0.000000e+00
6.260201e+00	3.546202e+00	4.508428e-04	61869517.000000	0.000000e+00
6.262195e+00	3.544884e+00	4.503658e-04	61954557.000000	0.000000e+00
6.264190e+00	3.543253e+00	4.501598e-04	61954213.000000	0.000000e+00
6.266185e+00	3.539890e+00	4.495322e-04	62009455.000000	0.000000e+00
6.268179e+00	3.539135e+00	4.493058e-04	62045493.000000	0.000000e+00
6.270174e+00	3.537578e+00	4.489251e-04	62096077.000000	0.000000e+00
6.272168e+00	3.535478e+00	4.486226e-04	62106051.000000	0.000000e+00
6.274163e+00	3.533718e+00	4.481386e-04	62178361.000000	0.000000e+00
6.276158e+00	3.531128e+00	4.477156e-04	62204589.000000	0.000000e+00
6.278153e+00	3.529263e+00	4.473241e-04	62247727.000000	0.000000e+00
6.280147e+00	3.527803e+00	4.470439e-04	62274217.000000	0.000000e+00
6.282142e+00	3.525836e+00	4.465785e-04	62334525.000000	0.000000e+00
6.284136e+00	3.523239e+00	4.462008e-04	62348125.000000	0.000000e+00
6.286131e+00	3.522012e+00	4.458126e-04	62413263.000000	0.000000e+00
6.288126e+00	3.519674e+00	4.453922e-04	62448157.000000	0.000000e+00
6.290121e+00	3.518415e+00	4.450929e-04	62487441.000000	0.000000e+00
6.292115e+00	3.516744e+00	4.447872e-04	62513947.000000	0.000000e+00
6.294110e+00	3.514249e+00	4.443521e-04	62547577.000000	0.000000e+00
6.296104e+00	3.512501e+00	4.438470e-04	62627673.000000	0.000000e+00
6.298099e+00	3.510737e+00	4.436824e-04	62611213.000000	0.000000e+00
6.300094e+00	3.508627e+00	4.430359e-04	62718627.000000	0.000000e+00
6.302089e+00	3.507021e+00	4.429384e-04	62688793.000000	0.000000e+00
6.304083e+00	3.505224e+00	4.424161e-04	62772549.000000	0.000000e+00
6.306077e+00	3.503053e+00	4.421061e-04	62782783.000000	0.000000e+00
6.308072e+00	3.500587e+00	4.415369e-04	62856145.000000	0.000000e+00
6.310067e+00	3.499159e+00	4.412603e-04	62883633.000000	0.000000e+00
6.312062e+00	3.497355e+00	4.409254e-04	62914291.000000	0.000000e+00
6.314056e+00	3.496023e+00	4.406440e-04	62946705.000000	0.000000e+00
6.316051e+00	3.493879e+00	4.401202e-04	63019249.000000	0.000000e+00
6.318046e+00	3.492143e+00	4.398608e-04	63030901.000000	0.000000e+00
6.320040e+00	3.490421e+00	4.394820e-04	63077343.000000	0.000000e+00
6.322035e+00	3.487996e+00	4.391240e-04	63092473.000000	0.000000e+00
6.324029e+00	3.486005e+00	4.385655e-04	63181077.000000	0.000000e+00
6.326024e+00	3.484186e+00	4.382739e-04	63199183.000000	0.000000e+00
6.328019e+00	3.481744e+00	4.378622e-04	63229353.000000	0.000000e+00
6.330013e+00	3.480483e+00	4.375293e-04	63279745.000000	0.000000e+00
6.332008e+00	3.478644e+00	4.371428e-04	63324733.000000	0.000000e+00
6.334003e+00	3.477594e+00	4.368931e-04	63358839.000000	0.000000e+00
6.335997e+00	3.475007e+00	4.364692e-04	63387565.000000	0.000000e+00
6.337992e+00	3.472366e+00	4.359492e-04	63442353.000000	0.000000e+00
6.339987e+00	3.471332e+00	4.356496e-04	63491791.000000	0.000000e+00
6.341982e+00	3.469649e+00	4.354277e-04	63494925.000000	0.000000e+00
6.343976e+00	3.466728e+00	4.348555e-04	63554989.000000	0.000000e+00
6.345970e+00	3.465326e+00	4.345844e-04	63582835.000000	0.000000e+00
6.347965e+00	3.463315e+00	4.340952e-04	63652293.000000	0.000000e+00
6.349960e+00	3.462054e+00	4.338468e-04	63678805.000000	0.000000e+00
6.351955e+00	3.459311e+00	4.333421e-04	63726141.000000	0.000000e+00
6.353949e+00	3.458013e+00	4.331500e-04	63734803.000000	0.000000e+00
6.355944e+00	3.456594e+00	4.327341e-04	63804973.000000	0.000000e+00
6.357939e+00	3.454756e+00	4.323375e-04	63854097.000000	0.000000e+00
6.359933e+00	3.453325e+00	4.320986e-04	63871795.000000	0.000000e+00
6.361928e+00	3.451128e+00	4.317087e-04	63905841.000000	0.000000e+00
6.363923e+00	3.448241e+00	4.311085e-04	63976717.000000	0.000000e+00
6.365918e+00	3.447865e+00	4.309986e-04	63995409.000000	0.000000e+00
6.367912e+00	3.445535e+00	4.306250e-04	64019887.000000	0.000000e+00
6.369906e+00	3.443507e+00	4.302127e-04	64067149.000000	0.000000e+00
6.371901e+00	3.441882e+00	4.297979e-04	64130313.000000	0.000000e+00
6.373896e+00	3.440455e+00	4.294825e-04	64171291.000000	0.000000e+00
6.375890e+00	3.436539e+00	4.289756e-04	64176705.000000	0.000000e+00
6.377885e+00	3.435862e+00	4.286012e-04	64263565.000000	0.000000e+00
6.379880e+00	3.435043e+00	4.285017e-04	64262733.000000	0.000000e+00
6.381874e+00	3.432066e+00	4.279493e-04	64317103.000000	0.000000e+00
6.383869e+00	3.430630e+00	4.276275e-04	64360081.000000	0.000000e+00
6.385864e+00	3.428764e+00	4.272816e-04	64394193.000000	0.000000e+00
6.387858e+00	3.427726e+00	4.269875e-04	64443895.000000	0.000000e+00
6.389853e+00	3.424900e+00	4.265290e-04	64476081.000000	0.000000e+00
6.391847e+00	3.424051e+00	4.262923e-04	64515697.000000	0.000000e+00
6.393842e+00	3.421952e+00	4.259040e-04	64554171.000000	0.000000e+00
6.395837e+00	3.420266e+00	4.254864e-04	64617241.000000	0.000000e+00
6.397832e+00	3.417618e+00	4.251059e-04	64632745.000000	0.000000e+00
6.399827e+00	3.416371e+00	4.246817e-04	64714713.000000	0.000000e+00
6.401821e+00	3.414352e+00	4.244861e-04	64697839.000000	0.000000e+00
6.403816e+00	3.412117e+00	4.240278e-04	64752885.000000	0.000000e+00
6.405810e+00	3.411306e+00	4.237808e-04	64797577.000000	0.000000e+00
6.407804e+00	3.408711e+00	4.234159e-04	64810591.000000	0.000000e+00
6.409799e+00	3.407142e+00	4.228568e-04	64922301.000000	0.000000e+00
6.411794e+00	3.405293e+00	4.226206e-04	64924381.000000	0.000000e+00
6.413789e+00	3.403491e+00	4.223181e-04	64948617.000000	0.000000e+00
6.415783e+00	3.401225e+00	4.218933e-04	64992835.000000	0.000000e+00
6.417778e+00	3.399159e+00	4.213671e-04	65076117.000000	0.000000e+00
6.419773e+00	3.397392e+00	4.211725e-04	65068585.000000	0.000000e+00
6.421767e+00	3.396279e+00	4.208559e-04	65123815.000000	0.000000e+00
6.423762e+00	3.394545e+00	4.205137e-04	65163285.000000	0.000000e+00
6.425757e+00	3.393166e+00	4.201405e-04	65226037.000000	0.000000e+00
6.427751e+00	3.391305e+00	4.199172e-04	65223831.000000	0.000000e+00
6.429746e+00	3.389160e+00	4.194650e-04	65281897.000000	0.000000e+00
6.431740e+00	3.386641e+00	4.189927e-04	65331921.000000	0.000000e+00
6.433735e+00	3.385780e+00	4.187752e-04	65366557.000000	0.000000e+00
6.435729e+00	3.383482e+00	4.183890e-04	65398411.000000	0.000000e+00
6.437724e+00	3.382016e+00	4.180216e-04	65456661.000000	0.000000e+00
6.439719e+00	3.380706e+00	4.177188e-04	65500849.000000	0.000000e+00
6.441714e+00	3.377950e+00	4.172325e-04	65546607.000000	0.000000e+00
6.443709e+00	3.376856e+00	4.170684e-04	65555701.000000	0.000000e+00
6.445703e+00	3.374443e+00	4.165774e-04	65616453.000000	0.000000e+00
6.447698e+00	3.372946e+00	4.163436e-04	65631913.000000	0.000000e+00
6.449692e+00	3.371200e+00	4.158808e-04	65709991.000000	0.000000e+00
6.451687e+00	3.369555e+00	4.156496e-04	65718885.000000	0.000000e+00
6.453681e+00	3.367698e+00	4.152161e-04	65783617.000000	0.000000e+00
6.455676e+00	3.365935e+00	4.149200e-04	65808603.000000	0.000000e+00
6.457671e+00	3.363591e+00	4.144629e-04	65862025.000000	0.000000e+00
6.459666e+00	3.361111e+00	4.140104e-04	65908777.000000	0.000000e+00
6.461660e+00	3.361289e+00	4.139813e-04	65925009.000000	0.000000e+00
6.463655e+00	3.358932e+00	4.135060e-04	65984023.000000	0.000000e+00
6.465650e+00	3.357034e+00	4.131927e-04	66009489.000000	0.000000e+00
6.467644e+00	3.355021e+00	4.128419e-04	66042397.000000	0.000000e+00
6.469639e+00	3.352953e+00	4.123311e-04	66124551.000000	0.000000e+00
6.471634e+00	3.351438e+00	4.120912e-04	66141757.000000	0.000000e+00
6.473628e+00	3.349539e+00	4.117602e-04	66173065.000000	0.000000e+00
6.475623e+00	3.347927e+00	4.113889e-04	66228771.000000	0.000000e+00
6.477618e+00	3.346720e+00	4.111222e-04	66266917.000000	0.000000e+00
6.479612e+00	3.345156e+00	4.108416e-04	66295485.000000	0.000000e+00
6.481607e+00	3.342961e+00	4.104567e-04	66332749.000000	0.000000e+00
6.483601e+00	3.341662e+00	4.100787e-04	66403431.000000	0.000000e+00
6.485596e+00	3.339217e+00	4.097878e-04	66400501.000000	0.000000e+00
6.487591e+00	3.337959e+00	4.093545e-04	66491005.000000	0.000000e+00
6.489585e+00	3.335559e+00	4.090870e-04	66482271.000000	0.000000e+00
6.491580e+00	3.334268e+00	4.086931e-04	66558937.000000	0.000000e+00
6.493575e+00	3.331739e+00	4.082721e-04	66595113.000000	0.000000e+00
6.495569e+00	3.330475e+00	4.079736e-04	66642049.000000	0.000000e+00
6.497564e+00	3.328074e+00	4.076813e-04	66641439.000000	0.000000e+00
6.499558e+00	3.327324e+00	4.073109e-04	66732625.000000	0.000000e+00
6.501553e+00	3.324954e+00	4.069979e-04	66740089.000000	0.000000e+00
6.503548e+00	3.323761e+00	4.066611e-04	66802755.000000	0.000000e+00
6.505542e+00	3.321371e+00	4.062891e-04	66828925.000000	0.000000e+00
6.507537e+00	3.320433e+00	4.059961e-04	66887589.000000	0.000000e+00
6.509532e+00	3.317751e+00	4.055930e-04	66912391.000000	0.000000e+00
6.511526e+00	3.316791e+00	4.053906e-04	66940489.000000	0.000000e+00
6.513520e+00	3.314459e+00	4.049319e-04	66997917.000000	0.000000e+00
6.515516e+00	3.312788e+00	4.045252e-04	67065013.000000	0.000000e+00
6.517510e+00	3.311603e+00	4.043365e-04	67079607.000000	0.000000e+00
6.519505e+00	3.309963e+00	4.040919e-04	67094353.000000	0.000000e+00
6.521499e+00	3.308029e+00	4.035758e-04	67187493.000000	0.000000e+00
6.523494e+00	3.305643e+00	4.032228e-04	67208107.000000	0.000000e+00
6.525489e+00	3.304918e+00	4.030301e-04	67242901.000000	0.000000e+00
6.527484e+00	3.302953e+00	4.026608e-04	67286241.000000	0.000000e+00
6.529478e+00	3.301030e+00	4.023031e-04	67327465.000000	0.000000e+00
6.531473e+00	3.298891e+00	4.019368e-04	67362819.000000	0.000000e+00
6.533467e+00	3.298104e+00	4.017031e-04	67409053.000000	0.000000e+00
6.535462e+00	3.296212e+00	4.013734e-04	67442421.000000	0.000000e+00
6.537457e+00	3.293283e+00	4.007900e-04	67518727.000000	0.000000e+00
6.539451e+00	3.292325e+00	4.006926e-04	67512277.000000	0.000000e+00
6.541446e+00	3.290061e+00	4.001899e-04	67588965.000000	0.000000e+00
6.543441e+00	3.289374e+00	4.000816e-04	67597333.000000	0.000000e+00
6.545435e+00	3.287177e+00	3.995609e-04	67683075.000000	0.000000e+00
6.547430e+00	3.285513e+00	3.993533e-04	67684885.000000	0.000000e+00
6.549425e+00	3.283717e+00	3.989782e-04	67738093.000000	0.000000e+00
6.551419e+00	3.281899e+00	3.985940e-04	67793607.000000	0.000000e+00
6.553414e+00	3.280458e+00	3.983766e-04	67808065.000000	0.000000e+00
6.555409e+00	3.278987e+00	3.980097e-04	67872225.000000	0.000000e+00
6.557403e+00	3.276108e+00	3.975855e-04	67897735.000000	0.000000e+00
6.559398e+00	3.275203e+00	3.973370e-04	67945161.000000	0.000000e+00
6.561392e+00	3.273190e+00	3.969776e-04	67984585.000000	0.000000e+00
6.563387e+00	3.272003e+00	3.967103e-04	68026861.000000	0.000000e+00
6.565382e+00	3.270890e+00	3.964311e-04	68076363.000000	0.000000e+00
6.567376e+00	3.268646e+00	3.960578e-04	68111197.000000	0.000000e+00
6.569371e+00	3.266568e+00	3.955981e-04	68182857.000000	0.000000e+00
6.571366e+00	3.265064e+00	3.954192e-04	68181739.000000	0.000000e+00
6.573360e+00	3.262775e+00	3.950506e-04	68213277.000000	0.000000e+00
6.575355e+00	3.261691e+00	3.946715e-04	68298937.000000	0.000000e+00
6.577350e+00	3.259607e+00	3.944232e-04	68297629.000000	0.000000e+00
6.579344e+00	3.258815e+00	3.941380e-04	68363271.000000	0.000000e+00
6.581339e+00	3.256170e+00	3.937167e-04	68398477.000000	0.000000e+00
6.583334e+00	3.254585e+00	3.932996e-04	68476941.000000	0.000000e+00
6.585329e+00	3.252995e+00	3.931582e-04	68459251.000000	0.000000e+00
6.587323e+00	3.252185e+00	3.928449e-04	68534337.000000	0.000000e+00
6.589318e+00	3.249578e+00	3.924652e-04	68556973.000000	0.000000e+00
6.591312e+00	3.248127e+00	3.920958e-04	68624875.000000	0.000000e+00
6.593307e+00	3.246819e+00	3.918637e-04	68650857.000000	0.000000e+00
6.595301e+00	3.245012e+00	3.916354e-04	68654449.000000	0.000000e+00
6.597296e+00	3.242781e+00	3.910673e-04	68759421.000000	0.000000e+00
6.599291e+00	3.241143e+00	3.908531e-04	68765287.000000	0.000000e+00
6.601285e+00	3.239304e+00	3.904555e-04	68827249.000000	0.000000e+00
6.603280e+00	3.238351e+00	3.902688e-04	68852577.000000	0.000000e+00
6.605275e+00	3.236056e+00	3.898158e-04	68914915.000000	0.000000e+00
6.607269e+00	3.234199e+00	3.895895e-04	68915805.000000	0.000000e+00
6.609264e+00	3.232514e+00	3.891909e-04	68985133.000000	0.000000e+00
6.611258e+00	3.230931e+00	3.888691e-04	69031713.000000	0.000000e+00
6.613253e+00	3.229294e+00	3.885429e-04	69077575.000000	0.000000e+00
6.615248e+00	3.227855e+00	3.883369e-04	69089281.000000	0.000000e+00
6.617242e+00	3.225959e+00	3.878733e-04	69173229.000000	0.000000e+00
6.619238e+00	3.224948e+00	3.876765e-04	69200071.000000	0.000000e+00
6.621232e+00	3.222123e+00	3.872487e-04	69231585.000000	0.000000e+00
6.623227e+00	3.221570e+00	3.871187e-04	69254305.000000	0.000000e+00
6.625221e+00	3.219400e+00	3.866511e-04	69328431.000000	0.000000e+00
6.627216e+00	3.217825e+00	3.863563e-04	69366361.000000	0.000000e+00
6.629211e+00	3.215738e+00	3.860304e-04	69393433.000000	0.000000e+00
6.631205e+00	3.214591e+00	3.857448e-04	69446673.000000	0.000000e+00
6.633200e+00	3.211955e+00	3.853617e-04	69470731.000000	0.000000e+00
6.635194e+00	3.211589e+00	3.851483e-04	69531897.000000	0.000000e+00
6.637189e+00	3.209199e+00	3.847687e-04	69565465.000000	0.000000e+00
6.639184e+00	3.207866e+00	3.844567e-04	69620583.000000	0.000000e+00
6.641179e+00	3.206358e+00	3.842272e-04	69638233.000000	0.000000e+00
6.643173e+00	3.204440e+00	3.838601e-04	69688069.000000	0.000000e+00
6.645168e+00	3.202961e+00	3.835165e-04	69748569.000000	0.000000e+00
6.647163e+00	3.201162e+00	3.831689e-04	69796687.000000	0.000000e+00
6.649157e+00	3.199308e+00	3.830070e-04	69774837.000000	0.000000e+00
6.651152e+00	3.197324e+00	3.824723e-04	69883273.000000	0.000000e+00
6.653147e+00	3.196115e+00	3.822372e-04	69916363.000000	0.000000e+00
6.655141e+00	3.194487e+00	3.820202e-04	69924549.000000	0.000000e+00
6.657135e+00	3.192655e+00	3.816505e-04	69979717.000000	0.000000e+00
6.659130e+00	3.191255e+00	3.813831e-04	70016457.000000	0.000000e+00
6.661125e+00	3.190593e+00	3.810596e-04	70106263.000000	0.000000e+00
6.663120e+00	3.189032e+00	3.809262e-04	70086741.000000	0.000000e+00
6.665114e+00	3.186535e+00	3.804472e-04	70153381.000000	0.000000e+00
6.667109e+00	3.184065e+00	3.799771e-04	70218067.000000	0.000000e+00
6.669103e+00	3.182647e+00	3.798218e-04	70212945.000000	0.000000e+00
6.671098e+00	3.181676e+00	3.794490e-04	70308061.000000	0.000000e+00
6.673093e+00	3.179484e+00	3.792191e-04	70296387.000000	0.000000e+00
6.675087e+00	3.178626e+00	3.789911e-04	70343017.000000	0.000000e+00
6.677082e+00	3.176504e+00	3.784998e-04	70431585.000000	0.000000e+00
6.679077e+00	3.175447e+00	3.783306e-04	70447681.000000	0.000000e+00
6.681071e+00	3.173472e+00	3.779288e-04	70509763.000000	0.000000e+00
6.683066e+00	3.171978e+00	3.777457e-04	70511697.000000	0.000000e+00
6.685061e+00	3.170284e+00	3.773263e-04	70593073.000000	0.000000e+00
6.687055e+00	3.167940e+00	3.770086e-04	70607571.000000	0.000000e+00
6.689050e+00	3.166854e+00	3.767325e-04	70662649.000000	0.000000e+00
6.691045e+00	3.164615e+00	3.763908e-04	70690953.000000	0.000000e+00
6.693039e+00	3.163337e+00	3.760451e-04	70763773.000000	0.000000e+00
6.695034e+00	3.161777e+00	3.758358e-04	70772755.000000	0.000000e+00
6.697028e+00	3.160612e+00	3.755869e-04	70814397.000000	0.000000e+00
6.699023e+00	3.158937e+00	3.752352e-04	70872001.000000	0.000000e+00
6.701018e+00	3.157659e+00	3.749503e-04	70922331.000000	0.000000e+00
6.703013e+00	3.155422e+00	3.746024e-04	70953493.000000	0.000000e+00
6.705007e+00	3.153021e+00	3.741723e-04	71008525.000000	0.000000e+00
6.707002e+00	3.152000e+00	3.740492e-04	71009271.000000	0.000000e+00
6.708996e+00	3.151380e+00	3.737311e-04	71102185.000000	0.000000e+00
6.710991e+00	3.148269e+00	3.732828e-04	71132433.000000	0.000000e+00
6.712986e+00	3.146780e+00	3.730143e-04	71167513.000000	0.000000e+00
6.714980e+00	3.146022e+00	3.728937e-04	71179227.000000	0.000000e+00
6.716975e+00	3.144362e+00	3.724564e-04	71271217.000000	0.000000e+00
6.718970e+00	3.142794e+00	3.721754e-04	71307709.000000	0.000000e+00
6.720965e+00	3.141170e+00	3.719116e-04	71335107.000000	0.000000e+00
6.722959e+00	3.139318e+00	3.716973e-04	71333209.000000	0.000000e+00
6.724953e+00	3.137327e+00	3.712354e-04	71420157.000000	0.000000e+00
6.726948e+00	3.135741e+00	3.709552e-04	71455789.000000	0.000000e+00
6.728943e+00	3.134903e+00	3.706445e-04	71537391.000000	0.000000e+00
6.730938e+00	3.132510e+00	3.703602e-04	71537917.000000	0.000000e+00
6.732933e+00	3.131411e+00	3.700295e-04	71615581.000000	0.000000e+00
6.734927e+00	3.130133e+00	3.699184e-04	71600091.000000	0.000000e+00
6.736921e+00	3.128093e+00	3.694761e-04	71678101.000000	0.000000e+00
6.738916e+00	3.127218e+00	3.693579e-04	71683905.000000	0.000000e+00
6.740910e+00	3.125222e+00	3.688810e-04	71777653.000000	0.000000e+00
6.742905e+00	3.123000e+00	3.685117e-04	71819335.000000	0.000000e+00
6.744900e+00	3.121732e+00	3.682831e-04	71850177.000000	0.000000e+00
6.746895e+00	3.119699e+00	3.679505e-04	71886373.000000	0.000000e+00
6.748890e+00	3.117390e+00	3.675932e-04	71919615.000000	0.000000e+00
6.750884e+00	3.116922e+00	3.674456e-04	71955817.000000	0.000000e+00
6.752878e+00	3.115847e+00	3.671567e-04	72019377.000000	0.000000e+00
6.754873e+00	3.112708e+00	3.666644e-04	72067459.000000	0.000000e+00
6.756868e+00	3.112704e+00	3.665535e-04	72110929.000000	0.000000e+00
6.758862e+00	3.109693e+00	3.662433e-04	72093417.000000	0.000000e+00
6.760857e+00	3.109211e+00	3.658897e-04	72210433.000000	0.000000e+00
6.762852e+00	3.106871e+00	3.655652e-04	72229863.000000	0.000000e+00
6.764847e+00	3.105850e+00	3.653003e-04	72287137.000000	0.000000e+00
6.766841e+00	3.104648e+00	3.651234e-04	72301185.000000	0.000000e+00
6.768836e+00	3.102240e+00	3.646993e-04	72357079.000000	0.000000e+00
6.770831e+00	3.101336e+00	3.645071e-04	72391201.000000	0.000000e+00
6.772825e+00	3.099333e+00	3.641734e-04	72430269.000000	0.000000e+00
6.774819e+00	3.097569e+00	3.638473e-04	72477553.000000	0.000000e+00
6.776815e+00	3.096412e+00	3.634888e-04	72566379.000000	0.000000e+00
6.778809e+00	3.094782e+00	3.633824e-04	72532477.000000	0.000000e+00
6.780804e+00	3.093258e+00	3.629221e-04	72644985.000000	0.000000e+00
6.782799e+00	3.091180e+00	3.627064e-04	72633703.000000	0.000000e+00
6.784793e+00	3.090732e+00	3.625256e-04	72685057.000000	0.000000e+00
6.786787e+00	3.088866e+00	3.621685e-04	72740601.000000	0.000000e+00
6.788782e+00	3.087428e+00	3.618721e-04	72791959.000000	0.000000e+00
6.790777e+00	3.085638e+00	3.615605e-04	72832977.000000	0.000000e+00
6.792772e+00	3.083850e+00	3.612994e-04	72853753.000000	0.000000e+00
6.794766e+00	3.081887e+00	3.609413e-04	72905473.000000	0.000000e+00
6.796761e+00	3.081104e+00	3.606997e-04	72966087.000000	0.000000e+00
6.798756e+00	3.079339e+00	3.604312e-04	72991153.000000	0.000000e+00
6.800750e+00	3.076929e+00	3.600663e-04	73024713.000000	0.000000e+00
6.802745e+00	3.076042e+00	3.597782e-04	73099567.000000	0.000000e+00
6.804740e+00	3.074360e+00	3.595294e-04	73120737.000000	0.000000e+00
6.806734e+00	3.073034e+00	3.592728e-04	73162081.000000	0.000000e+00
6.808729e+00	3.071339e+00	3.589563e-04	73210333.000000	0.000000e+00
6.810724e+00	3.070000e+00	3.586533e-04	73270167.000000	0.000000e+00
6.812718e+00	3.067611e+00	3.583612e-04	73275493.000000	0.000000e+00
6.814713e+00	3.066780e+00	3.581028e-04	73341501.000000	0.000000e+00
6.816707e+00	3.065282e+00	3.578744e-04	73363387.000000	0.000000e+00
6.818702e+00	3.062964e+00	3.573489e-04	73468149.000000	0.000000e+00
6.820697e+00	3.062312e+00	3.573456e-04	73438201.000000	0.000000e+00
6.822691e+00	3.061063e+00	3.570070e-04	73517587.000000	0.000000e+00
6.824686e+00	3.058266e+00	3.566211e-04	73542153.000000	0.000000e+00
6.826681e+00	3.057603e+00	3.563625e-04	73617013.000000	0.000000e+00
6.828675e+00	3.055606e+00	3.561206e-04	73620777.000000	0.000000e+00
6.830670e+00	3.054599e+00	3.558379e-04	73689235.000000	0.000000e+00
6.832665e+00	3.052703e+00	3.555389e-04	73721601.000000	0.000000e+00
6.834659e+00	3.051907e+00	3.553290e-04	73770253.000000	0.000000e+00
6.836654e+00	3.050206e+00	3.550306e-04	73811983.000000	0.000000e+00
6.838648e+00	3.047733e+00	3.546502e-04	73850505.000000	0.000000e+00
6.840643e+00	3.046539e+00	3.544253e-04	73886329.000000	0.000000e+00
6.842638e+00	3.044827e+00	3.540640e-04	73954017.000000	0.000000e+00
6.844633e+00	3.043625e+00	3.537744e-04	74016691.000000	0.000000e+00
6.846627e+00	3.042053e+00	3.536593e-04	73988353.000000	0.000000e+00
6.848622e+00	3.040826e+00	3.533123e-04	74073993.000000	0.000000e+00
6.850616e+00	3.039032e+00	3.530265e-04	74106439.000000	0.000000e+00
6.852611e+00	3.037143e+00	3.526805e-04	74159661.000000	0.000000e+00
6.854605e+00	3.036875e+00	3.525507e-04	74201185.000000	0.000000e+00
6.856600e+00	3.034542e+00	3.521413e-04	74259573.000000	0.000000e+00
6.858595e+00	3.033026e+00	3.518889e-04	74291827.000000	0.000000e+00
6.860590e+00	3.031926e+00	3.517152e-04	74311333.000000	0.000000e+00
6.862584e+00	3.029711e+00	3.513094e-04	74374317.000000	0.000000e+00
6.864579e+00	3.028278e+00	3.510079e-04	74431651.000000	0.000000e+00
6.866574e+00	3.027177e+00	3.508488e-04	74445033.000000	0.000000e+00
6.868568e+00	3.025820e+00	3.505491e-04	74505529.000000	0.000000e+00
6.870563e+00	3.023779e+00	3.502122e-04	74548239.000000	0.000000e+00
6.872558e+00	3.022421e+00	3.499750e-04	74582317.000000	0.000000e+00
6.874552e+00	3.020509e+00	3.496272e-04	74636257.000000	0.000000e+00
6.876547e+00	3.019200e+00	3.494041e-04	74666829.000000	0.000000e+00
6.878541e+00	3.017796e+00	3.490826e-04	74734903.000000	0.000000e+00
6.880536e+00	3.016165e+00	3.488659e-04	74746893.000000	0.000000e+00
6.882531e+00	3.014528e+00	3.484993e-04	74822917.000000	0.000000e+00
6.884525e+00	3.013765e+00	3.484037e-04	74826123.000000	0.000000e+00
6.886520e+00	3.011636e+00	3.479486e-04	74916049.000000	0.000000e+00
6.888515e+00	3.010468e+00	3.477606e-04	74938897.000000	0.000000e+00
6.890510e+00	3.008459e+00	3.474687e-04	74964717.000000	0.000000e+00
6.892504e+00	3.007066e+00	3.471411e-04	75036715.000000	0.000000e+00
6.894499e+00	3.006095e+00	3.469968e-04	75050637.000000	0.000000e+00
6.896493e+00	3.004276e+00	3.466419e-04	75113425.000000	0.000000e+00
6.898488e+00	3.002493e+00	3.463552e-04	75148519.000000	0.000000e+00
6.900482e+00	3.001281e+00	3.461170e-04	75191253.000000	0.000000e+00
6.902477e+00	2.999504e+00	3.457777e-04	75249757.000000	0.000000e+00
6.904472e+00	2.998316e+00	3.456049e-04	75265359.000000	0.000000e+00
6.906466e+00	2.996690e+00	3.452651e-04	75331813.000000	0.000000e+00
6.908461e+00	2.995204e+00	3.450258e-04	75361533.000000	0.000000e+00
6.910456e+00	2.993635e+00	3.446784e-04	75434401.000000	0.000000e+00
6.912451e+00	2.992108e+00	3.444323e-04	75465235.000000	0.000000e+00
6.914445e+00	2.991292e+00	3.443311e-04	75468393.000000	0.000000e+00
6.916439e+00	2.989112e+00	3.438660e-04	75562441.000000	0.000000e+00
6.918434e+00	2.986992e+00	3.435607e-04	75589431.000000	0.000000e+00
6.920429e+00	2.986738e+00	3.434146e-04	75640945.000000	0.000000e+00
6.922424e+00	2.983668e+00	3.430258e-04	75656697.000000	0.000000e+00
6.924418e+00	2.983169e+00	3.427993e-04	75731377.000000	0.000000e+00
6.926413e+00	2.981721e+00	3.425734e-04	75757699.000000	0.000000e+00
6.928407e+00	2.979535e+00	3.422369e-04	75795489.000000	0.000000e+00
6.930402e+00	2.978390e+00	3.419598e-04	75860065.000000	0.000000e+00
6.932397e+00	2.977126e+00	3.417114e-04	75905883.000000	0.000000e+00
6.934392e+00	2.975373e+00	3.414438e-04	75935401.000000	0.000000e+00
6.936386e+00	2.973696e+00	3.411459e-04	75982345.000000	0.000000e+00
6.938381e+00	2.972404e+00	3.409033e-04	76024437.000000	0.000000e+00
6.940376e+00	2.970706e+00	3.405831e-04	76080487.000000	0.000000e+00
6.942371e+00	2.970310e+00	3.404816e-04	76105545.000000	0.000000e+00
6.944365e+00	2.968923e+00	3.402347e-04	76144861.000000	0.000000e+00
6.946359e+00	2.966644e+00	3.398489e-04	76200771.000000	0.000000e+00
6.948354e+00	2.965060e+00	3.395840e-04	76238197.000000	0.000000e+00
6.950349e+00	2.963638e+00	3.392617e-04	76309885.000000	0.000000e+00
6.952343e+00	2.961698e+00	3.390646e-04	76298607.000000	0.000000e+00
6.954338e+00	2.961025e+00	3.387889e-04	76388113.000000	0.000000e+00
6.956333e+00	2.959426e+00	3.385163e-04	76428585.000000	0.000000e+00
6.958328e+00	2.958145e+00	3.382841e-04	76467313.000000	0.000000e+00
6.960322e+00	2.956763e+00	3.380668e-04	76494123.000000	0.000000e+00
6.962317e+00	2.955174e+00	3.377658e-04	76548181.000000	0.000000e+00
6.964311e+00	2.953698e+00	3.374927e-04	76595545.000000	0.000000e+00
6.966306e+00	2.951868e+00	3.371901e-04	76638015.000000	0.000000e+00
6.968301e+00	2.950657e+00	3.369205e-04	76697749.000000	0.000000e+00
6.970295e+00	2.949119e+00	3.367430e-04	76698621.000000	0.000000e+00
6.972290e+00	2.947390e+00	3.363658e-04	76780597.000000	0.000000e+00
6.974284e+00	2.946861e+00	3.362491e-04	76806315.000000	0.000000e+00
6.976279e+00	2.944826e+00	3.359112e-04	76854685.000000	0.000000e+00
6.978274e+00	2.943059e+00	3.355839e-04	76912249.000000	0.000000e+00
6.980268e+00	2.941433e+00	3.353680e-04	76926255.000000	0.000000e+00
6.982263e+00	2.940636e+00	3.350973e-04	77008861.000000	0.000000e+00
6.984258e+00	2.939048e+00	3.348796e-04	77025801.000000	0.000000e+00
6.986252e+00	2.937425e+00	3.345675e-04	77084311.000000	0.000000e+00
6.988247e+00	2.935483e+00	3.342532e-04	77127253.000000	0.000000e+00
6.990242e+00	2.935331e+00	3.341607e-04	77161977.000000	0.000000e+00
6.992236e+00	2.933368e+00	3.338735e-04	77191417.000000	0.000000e+00
6.994231e+00	2.931421e+00	3.334976e-04	77262891.000000	0.000000e+00
6.996225e+00	2.930516e+00	3.333546e-04	77281501.000000	0.000000e+00
6.998220e+00	2.928765e+00	3.329840e-04	77361045.000000	0.000000e+00
7.000215e+00	2.927449e+00	3.327952e-04	77379259.000000	0.000000e+00
7.002210e+00	2.926392e+00	3.325488e-04	77438029.000000	0.000000e+00
7.004204e+00	2.924195e+00	3.322096e-04	77479725.000000	0.000000e+00
7.006199e+00	2.922933e+00	3.320368e-04	77493505.000000	0.000000e+00
7.008193e+00	2.920632e+00	3.315949e-04	77577891.000000	0.000000e+00
7.010188e+00	2.920349e+00	3.315000e-04	77607253.000000	0.000000e+00
7.012183e+00	2.918274e+00	3.311730e-04	77650137.000000	0.000000e+00
7.014178e+00	2.917148e+00	3.309420e-04	77698603.000000	0.000000e+00
7.016172e+00	2.916593e+00	3.307916e-04	77739661.000000	0.000000e+00
7.018167e+00	2.914207e+00	3.304731e-04	77762205.000000	0.000000e+00
7.020161e+00	2.912765e+00	3.301667e-04	77829547.000000	0.000000e+00
7.022156e+00	2.911547e+00	3.298813e-04	77899053.000000	0.000000e+00
7.024151e+00	2.910134e+00	3.297133e-04	77902825.000000	0.000000e+00
7.026145e+00	2.909038e+00	3.294593e-04	77964165.000000	0.000000e+00
7.028140e+00	2.907305e+00	3.291607e-04	78012679.000000	0.000000e+00
7.030135e+00	2.905654e+00	3.289442e-04	78026737.000000	0.000000e+00
7.032129e+00	2.904333e+00	3.286665e-04	78087585.000000	0.000000e+00
7.034124e+00	2.902524e+00	3.282958e-04	78166591.000000	0.000000e+00
7.036119e+00	2.901816e+00	3.282323e-04	78158709.000000	0.000000e+00
7.038113e+00	2.899776e+00	3.278150e-04	78247645.000000	0.000000e+00
7.040108e+00	2.899200e+00	3.277293e-04	78257461.000000	0.000000e+00
7.042102e+00	2.897345e+00	3.274061e-04	78311775.000000	0.000000e+00
7.044097e+00	2.895412e+00	3.270797e-04	78363445.000000	0.000000e+00
7.046092e+00	2.893951e+00	3.268241e-04	78406845.000000	0.000000e+00
7.048087e+00	2.892821e+00	3.266054e-04	78450631.000000	0.000000e+00
7.050081e+00	2.891939e+00	3.264332e-04	78485505.000000	0.000000e+00
7.052076e+00	2.889806e+00	3.261238e-04	78518593.000000	0.000000e+00
7.054070e+00	2.888313e+00	3.258200e-04	78583777.000000	0.000000e+00
7.056065e+00	2.887170e+00	3.255739e-04	78640395.000000	0.000000e+00
7.058060e+00	2.885560e+00	3.253275e-04	78671749.000000	0.000000e+00
7.060055e+00	2.884152e+00	3.250478e-04	78730281.000000	0.000000e+00
7.062049e+00	2.883156e+00	3.249127e-04	78741355.000000	0.000000e+00
7.064044e+00	2.881626e+00	3.246351e-04	78792405.000000	0.000000e+00
7.066038e+00	2.880135e+00	3.242926e-04	78877237.000000	0.000000e+00
7.068033e+00	2.878268e+00	3.240963e-04	78870451.000000	0.000000e+00
7.070027e+00	2.877510e+00	3.238867e-04	78931005.000000	0.000000e+00
7.072022e+00	2.876198e+00	3.236073e-04	78995245.000000	0.000000e+00
7.074017e+00	2.874799e+00	3.234023e-04	79018521.000000	0.000000e+00
7.076012e+00	2.873395e+00	3.231160e-04	79081327.000000	0.000000e+00
7.078006e+00	2.872193e+00	3.229926e-04	79075549.000000	0.000000e+00
7.080000e+00	2.870100e+00	3.225489e-04	79177689.000000	0.000000e+00
7.081995e+00	2.868741e+00	3.223036e-04	79223227.000000	0.000000e+00
7.083990e+00	2.867692e+00	3.221640e-04	79233933.000000	0.000000e+00
7.085984e+00	2.866128e+00	3.218759e-04	79289221.000000	0.000000e+00
7.087979e+00	2.864594e+00	3.215428e-04	79368573.000000	0.000000e+00
7.089974e+00	2.863037e+00	3.213920e-04	79356751.000000	0.000000e+00
7.091969e+00	2.861324e+00	3.210300e-04	79440649.000000	0.000000e+00
7.093963e+00	2.860689e+00	3.209151e-04	79462233.000000	0.000000e+00
7.095958e+00	2.858649e+00	3.205338e-04	79537879.000000	0.000000e+00
7.097953e+00	2.857824e+00	3.204089e-04	79553961.000000	0.000000e+00
7.099947e+00	2.855564e+00	3.200505e-04	79606177.000000	0.000000e+00
7.101942e+00	2.854727e+00	3.198402e-04	79664175.000000	0.000000e+00
7.103937e+00	2.853533e+00	3.196762e-04	79679281.000000	0.000000e+00
7.105931e+00	2.852232e+00	3.193814e-04	79753645.000000	0.000000e+00
7.107926e+00	2.851185e+00	3.191961e-04	79787637.000000	0.000000e+00
7.109921e+00	2.848968e+00	3.188937e-04	79814731.000000	0.000000e+00
7.111915e+00	2.848112e+00	3.187192e-04	79854177.000000	0.000000e+00
7.113910e+00	2.846288e+00	3.183507e-04	79936705.000000	0.000000e+00
7.115904e+00	2.845087e+00	3.181678e-04	79961115.000000	0.000000e+00
7.117899e+00	2.843917e+00	3.178906e-04	80034721.000000	0.000000e+00
7.119894e+00	2.842524e+00	3.177360e-04	80034193.000000	0.000000e+00
7.121889e+00	2.840822e+00	3.173672e-04	80124249.000000	0.000000e+00
7.123884e+00	2.839683e+00	3.172021e-04	80143363.000000	0.000000e+00
7.125878e+00	2.837525e+00	3.168929e-04	80177877.000000	0.000000e+00
7.127872e+00	2.836764e+00	3.167385e-04	80213005.000000	0.000000e+00
7.129867e+00	2.836067e+00	3.165335e-04	80277451.000000	0.000000e+00
7.131861e+00	2.833830e+00	3.162069e-04	80316525.000000	0.000000e+00
7.133856e+00	2.832927e+00	3.159487e-04	80396617.000000	0.000000e+00
7.135851e+00	2.831360e+00	3.158211e-04	80372613.000000	0.000000e+00
7.137845e+00	2.829989e+00	3.154381e-04	80489887.000000	0.000000e+00
7.139840e+00	2.829441e+00	3.153216e-04	80518137.000000	0.000000e+00
7.141835e+00	2.827366e+00	3.150201e-04	80554045.000000	0.000000e+00
7.143830e+00	2.826047e+00	3.148424e-04	80569843.000000	0.000000e+00
7.145824e+00	2.824532e+00	3.145151e-04	80651013.000000	0.000000e+00
7.147819e+00	2.823246e+00	3.143369e-04	80669017.000000	0.000000e+00
7.149813e+00	2.821829e+00	3.140993e-04	80710035.000000	0.000000e+00
7.151808e+00	2.820182e+00	3.137885e-04	80775613.000000	0.000000e+00
7.153803e+00	2.819261e+00	3.135576e-04	80841801.000000	0.000000e+00
7.155797e+00	2.817211e+00	3.133002e-04	80856937.000000	0.000000e+00
7.157792e+00	2.815990e+00	3.130686e-04	80906467.000000	0.000000e+00
7.159787e+00	2.814817e+00	3.128178e-04	80968713.000000	0.000000e+00
7.161782e+00	2.813912e+00	3.126466e-04	81005317.000000	0.000000e+00
7.163776e+00	2.812526e+00	3.123969e-04	81054987.000000	0.000000e+00
7.165771e+00	2.810873e+00	3.122298e-04	81046417.000000	0.000000e+00
7.167765e+00	2.809055e+00	3.118192e-04	81154881.000000	0.000000e+00
7.169760e+00	2.807771e+00	3.116178e-04	81185569.000000	0.000000e+00
7.171755e+00	2.806676e+00	3.114108e-04	81230131.000000	0.000000e+00
7.173749e+00	2.805462e+00	3.112361e-04	81250977.000000	0.000000e+00
7.175744e+00	2.803817e+00	3.109064e-04	81328021.000000	0.000000e+00
7.177739e+00	2.802621e+00	3.106935e-04	81369999.000000	0.000000e+00
7.179733e+00	2.801222e+00	3.105104e-04	81384673.000000	0.000000e+00
7.181728e+00	2.800000e+00	3.102002e-04	81476461.000000	0.000000e+00
7.183723e+00	2.798514e+00	3.100282e-04	81480279.000000	0.000000e+00
7.185717e+00	2.796864e+00	3.097810e-04	81514177.000000	0.000000e+00
7.187711e+00	2.795747e+00	3.094807e-04	81607233.000000	0.000000e+00
7.189706e+00	2.794543e+00	3.093133e-04	81625225.000000	0.000000e+00
7.191701e+00	2.793056e+00	3.090146e-04	81696099.000000	0.000000e+00
7.193696e+00	2.791664e+00	3.088308e-04	81711829.000000	0.000000e+00
7.195691e+00	2.790911e+00	3.086202e-04	81779245.000000	0.000000e+00
7.197685e+00	2.789023e+00	3.083490e-04	81812379.000000	0.000000e+00
7.199680e+00	2.787390e+00	3.080687e-04	81865393.000000	0.000000e+00
7.201675e+00	2.786648e+00	3.079158e-04	81903081.000000	0.000000e+00
7.203669e+00	2.784535e+00	3.076331e-04	81929305.000000	0.000000e+00
7.205664e+00	2.784052e+00	3.074541e-04	81996279.000000	0.000000e+00
7.207658e+00	2.782230e+00	3.072108e-04	82018729.000000	0.000000e+00
7.209653e+00	2.780878e+00	3.069032e-04	82103389.000000	0.000000e+00
7.211647e+00	2.779252e+00	3.066684e-04	82133067.000000	0.000000e+00
7.213642e+00	2.777969e+00	3.064959e-04	82149565.000000	0.000000e+00
7.215636e+00	2.776632e+00	3.061598e-04	82250853.000000	0.000000e+00
7.217631e+00	2.775480e+00	3.060275e-04	82253665.000000	0.000000e+00
7.219626e+00	2.773744e+00	3.057200e-04	82316103.000000	0.000000e+00
7.221621e+00	2.772721e+00	3.054948e-04	82376749.000000	0.000000e+00
7.223615e+00	2.771533e+00	3.053750e-04	82370785.000000	0.000000e+00
7.225610e+00	2.770781e+00	3.051212e-04	82463079.000000	0.000000e+00
7.227604e+00	2.768404e+00	3.047959e-04	82497457.000000	0.000000e+00
7.229599e+00	2.767557e+00	3.046307e-04	82536477.000000	0.000000e+00
7.231594e+00	2.766410e+00	3.044251e-04	82579471.000000	0.000000e+00
7.233589e+00	2.764902e+00	3.041034e-04	82664053.000000	0.000000e+00
7.235583e+00	2.763568e+00	3.039483e-04	82668657.000000	0.000000e+00
7.237578e+00	2.762870e+00	3.037585e-04	82730233.000000	0.000000e+00
7.239573e+00	2.761564e+00	3.035501e-04	82765515.000000	0.000000e+00
7.241567e+00	2.759452e+00	3.032808e-04	82785781.000000	0.000000e+00
7.243562e+00	2.758861e+00	3.030277e-04	82888629.000000	0.000000e+00
7.245557e+00	2.757106e+00	3.028406e-04	82885495.000000	0.000000e+00
7.247551e+00	2.755860e+00	3.026073e-04	82938385.000000	0.000000e+00
7.249546e+00	2.754393e+00	3.023012e-04	83017989.000000	0.000000e+00
7.251541e+00	2.752767e+00	3.020452e-04	83060569.000000	0.000000e+00
7.253535e+00	2.751497e+00	3.018771e-04	83076447.000000	0.000000e+00
7.255530e+00	2.750087e+00	3.016397e-04	83121985.000000	0.000000e+00
7.257524e+00	2.748673e+00	3.013943e-04	83171817.000000	0.000000e+00
7.259519e+00	2.747659e+00	3.011807e-04	83228383.000000	0.000000e+00
7.261514e+00	2.746636e+00	3.009653e-04	83285497.000000	0.000000e+00
7.263509e+00	2.745237e+00	3.007527e-04	83318337.000000	0.000000e+00
7.265503e+00	2.744211e+00	3.005573e-04	83364343.000000	0.000000e+00
7.267498e+00	2.742435e+00	3.002872e-04	83406357.000000	0.000000e+00
7.269493e+00	2.741212e+00	3.000568e-04	83459977.000000	0.000000e+00
7.271487e+00	2.739698e+00	2.998793e-04	83466565.000000	0.000000e+00
7.273482e+00	2.738700e+00	2.995673e-04	83579535.000000	0.000000e+00
7.275476e+00	2.736995e+00	2.993925e-04	83573077.000000	0.000000e+00
7.277471e+00	2.736150e+00	2.991636e-04	83649297.000000	0.000000e+00
7.279465e+00	2.734977e+00	2.990289e-04	83652895.000000	0.000000e+00
7.281460e+00	2.732882e+00	2.986345e-04	83745585.000000	0.000000e+00
7.283455e+00	2.731898e+00	2.984719e-04	83776477.000000	0.000000e+00
7.285450e+00	2.730472e+00	2.982218e-04	83829445.000000	0.000000e+00
7.287444e+00	2.729380e+00	2.980405e-04	83864367.000000	0.000000e+00
7.289439e+00	2.728034e+00	2.977775e-04	83929765.000000	0.000000e+00
7.291433e+00	2.726451e+00	2.976326e-04	83914041.000000	0.000000e+00
7.293428e+00	2.725306e+00	2.973025e-04	84029827.000000	0.000000e+00
7.295423e+00	2.723481e+00	2.970905e-04	84037149.000000	0.000000e+00
7.297417e+00	2.722171e+00	2.967958e-04	84123145.000000	0.000000e+00
7.299412e+00	2.721397e+00	2.967162e-04	84120391.000000	0.000000e+00
7.301407e+00	2.720473e+00	2.964720e-04	84201801.000000	0.000000e+00
7.303401e+00	2.718934e+00	2.962824e-04	84214285.000000	0.000000e+00
7.305396e+00	2.717415e+00	2.959997e-04	84280989.000000	0.000000e+00
7.307391e+00	2.715871e+00	2.957135e-04	84348223.000000	0.000000e+00
7.309385e+00	2.715473e+00	2.956436e-04	84363417.000000	0.000000e+00
7.311380e+00	2.714294e+00	2.954009e-04	84428689.000000	0.000000e+00
7.313375e+00	2.712858e+00	2.952049e-04	84451435.000000	0.000000e+00
7.315369e+00	2.711192e+00	2.948912e-04	84527313.000000	0.000000e+00
7.317364e+00	2.710154e+00	2.947914e-04	84519793.000000	0.000000e+00
7.319358e+00	2.708607e+00	2.944564e-04	84615477.000000	0.000000e+00
7.321353e+00	2.707187e+00	2.942193e-04	84663055.000000	0.000000e+00
7.323348e+00	2.706049e+00	2.940452e-04	84692161.000000	0.000000e+00
7.325343e+00	2.705210e+00	2.938704e-04	84740385.000000	0.000000e+00
7.327337e+00	2.703686e+00	2.936143e-04	84792655.000000	0.000000e+00
7.329332e+00	2.701991e+00	2.933447e-04	84842025.000000	0.000000e+00
7.331327e+00	2.700860e+00	2.931744e-04	84869569.000000	0.000000e+00
7.333321e+00	2.699510e+00	2.929416e-04	84919581.000000	0.000000e+00
7.335316e+00	2.698079e+00	2.927008e-04	84969223.000000	0.000000e+00
7.337310e+00	2.697549e+00	2.925344e-04	85032445.000000	0.000000e+00
7.339305e+00	2.695360e+00	2.922517e-04	85058865.000000	0.000000e+00
7.341300e+00	2.694386e+00	2.920706e-04	85102795.000000	0.000000e+00
7.343294e+00	2.693169e+00	2.918871e-04	85132845.000000	0.000000e+00
7.345289e+00	2.691869e+00	2.915174e-04	85266613.000000	0.000000e+00
7.347284e+00	2.690649e+00	2.914612e-04	85222191.000000	0.000000e+00
7.349278e+00	2.689231e+00	2.911838e-04	85294645.000000	0.000000e+00
7.351273e+00	2.688371e+00	2.910367e-04	85326289.000000	0.000000e+00
7.353267e+00	2.686905e+00	2.907786e-04	85384593.000000	0.000000e+00
7.355262e+00	2.684876e+00	2.904554e-04	85445539.000000	0.000000e+00
7.357257e+00	2.683807e+00	2.902897e-04	85475049.000000	0.000000e+00
7.359251e+00	2.683197e+00	2.901361e-04	85526677.000000	0.000000e+00
7.361246e+00	2.681533e+00	2.898831e-04	85569783.000000	0.000000e+00
7.363241e+00	2.680326e+00	2.896406e-04	85636009.000000	0.000000e+00
7.365235e+00	2.679301e+00	2.894950e-04	85656613.000000	0.000000e+00
7.367230e+00	2.677646e+00	2.892243e-04	85711017.000000	0.000000e+00
7.369225e+00	2.676898e+00	2.890395e-04	85772731.000000	0.000000e+00
7.371219e+00	2.674699e+00	2.887564e-04	85799865.000000	0.000000e+00
7.373214e+00	2.673936e+00	2.885879e-04	85851121.000000	0.000000e+00
7.375209e+00	2.673185e+00	2.884396e-04	85891111.000000	0.000000e+00
7.377203e+00	2.671640e+00	2.881973e-04	85936197.000000	0.000000e+00
7.379198e+00	2.670385e+00	2.879585e-04	85997905.000000	0.000000e+00
7.381193e+00	2.668631e+00	2.876779e-04	86052651.000000	0.000000e+00
7.383187e+00	2.668169e+00	2.875877e-04	86076781.000000	0.000000e+00
7.385182e+00	2.666894e+00	2.873753e-04	86121729.000000	0.000000e+00
7.387176e+00	2.665565e+00	2.871288e-04	86183677.000000	0.000000e+00
7.389171e+00	2.663119e+00	2.868044e-04	86220343.000000	0.000000e+00
7.391166e+00	2.662670e+00	2.866347e-04	86293329.000000	0.000000e+00
7.393161e+00	2.661637e+00	2.865019e-04	86306317.000000	0.000000e+00
7.395155e+00	2.660101e+00	2.862307e-04	86370183.000000	0.000000e+00
7.397150e+00	2.658681e+00	2.860254e-04	86401909.000000	0.000000e+00
7.399145e+00	2.657873e+00	2.858192e-04	86474025.000000	0.000000e+00
7.401139e+00	2.656428e+00	2.856704e-04	86470033.000000	0.000000e+00
7.403134e+00	2.654903e+00	2.853013e-04	86594383.000000	0.000000e+00
7.405129e+00	2.653832e+00	2.852277e-04	86569209.000000	0.000000e+00
7.407123e+00	2.652627e+00	2.849503e-04	86659117.000000	0.000000e+00
7.409118e+00	2.651752e+00	2.848468e-04	86664903.000000	0.000000e+00
7.411112e+00	2.650243e+00	2.845482e-04	86748049.000000	0.000000e+00
7.413107e+00	2.649104e+00	2.843311e-04	86805933.000000	0.000000e+00
7.415102e+00	2.648074e+00	2.842216e-04	86805301.000000	0.000000e+00
7.417096e+00	2.646625e+00	2.839015e-04	86905903.000000	0.000000e+00
7.419091e+00	2.645335e+00	2.837676e-04	86903181.000000	0.000000e+00
7.421086e+00	2.644630e+00	2.835847e-04	86968933.000000	0.000000e+00
7.423081e+00	2.642639e+00	2.832451e-04	87046419.000000	0.000000e+00
7.425075e+00	2.641381e+00	2.831036e-04	87050533.000000	0.000000e+00
7.427069e+00	2.640483e+00	2.829615e-04	87078685.000000	0.000000e+00
7.429064e+00	2.638955e+00	2.826331e-04	87180171.000000	0.000000e+00
7.431059e+00	2.638418e+00	2.825345e-04	87205537.000000	0.000000e+00
7.433053e+00	2.636716e+00	2.822913e-04	87243225.000000	0.000000e+00
7.435048e+00	2.635260e+00	2.820787e-04	87278329.000000	0.000000e+00
7.437042e+00	2.634109e+00	2.818170e-04	87364107.000000	0.000000e+00
7.439037e+00	2.632841e+00	2.816390e-04	87390397.000000	0.000000e+00
7.441032e+00	2.631585e+00	2.814292e-04	87437269.000000	0.000000e+00
7.443027e+00	2.630127e+00	2.811748e-04	87498531.000000	0.000000e+00
7.445022e+00	2.628628e+00	2.809595e-04	87532741.000000	0.000000e+00
7.447016e+00	2.627858e+00	2.807853e-04	87590145.000000	0.000000e+00
7.449011e+00	2.626663e+00	2.806475e-04	87596437.000000	0.000000e+00
7.451005e+00	2.625719e+00	2.804149e-04	87678711.000000	0.000000e+00
7.453000e+00	2.624672e+00	2.802267e-04	87726577.000000	0.000000e+00
7.454995e+00	2.623176e+00	2.800052e-04	87765253.000000	0.000000e+00
7.456989e+00	2.621937e+00	2.797948e-04	87814323.000000	0.000000e+00
7.458984e+00	2.620608e+00	2.795908e-04	87853381.000000	0.000000e+00
7.460979e+00	2.619508e+00	2.793477e-04	87932409.000000	0.000000e+00
7.462973e+00	2.618043e+00	2.791667e-04	87948043.000000	0.000000e+00
7.464968e+00	2.617129e+00	2.789883e-04	87999121.000000	0.000000e+00
7.466962e+00	2.615377e+00	2.787288e-04	88045077.000000	0.000000e+00
7.468957e+00	2.614502e+00	2.785584e-04	88093789.000000	0.000000e+00
7.470952e+00	2.613530e+00	2.783544e-04	88157427.000000	0.000000e+00
7.472947e+00	2.612185e+00	2.781756e-04	88179901.000000	0.000000e+00
7.474941e+00	2.610930e+00	2.779541e-04	88235697.000000	0.000000e+00
7.476935e+00	2.609543e+00	2.777542e-04	88268911.000000	0.000000e+00
7.478931e+00	2.608026e+00	2.774140e-04	88382629.000000	0.000000e+00
7.480925e+00	2.606900e+00	2.773643e-04	88338033.000000	0.000000e+00
7.482919e+00	2.605916e+00	2.771382e-04	88415401.000000	0.000000e+00
7.484914e+00	2.604529e+00	2.768689e-04	88493247.000000	0.000000e+00
7.486909e+00	2.603553e+00	2.767280e-04	88517029.000000	0.000000e+00
7.488904e+00	2.602313e+00	2.765065e-04	88574481.000000	0.000000e+00
7.490898e+00	2.600986e+00	2.762990e-04	88617067.000000	0.000000e+00
7.492893e+00	2.599686e+00	2.760936e-04	88660273.000000	0.000000e+00
7.494888e+00	2.598875e+00	2.759346e-04	88707141.000000	0.000000e+00
7.496882e+00	2.597425e+00	2.757227e-04	88744423.000000	0.000000e+00
7.498877e+00	2.596064e+00	2.754981e-04	88796037.000000	0.000000e+00
7.500871e+00	2.595083e+00	2.752767e-04	88871761.000000	0.000000e+00
7.502866e+00	2.593569e+00	2.751322e-04	88861281.000000	0.000000e+00
7.504861e+00	2.592075e+00	2.747710e-04	88992487.000000	0.000000e+00
7.506856e+00	2.591720e+00	2.747522e-04	88980337.000000	0.000000e+00
7.508850e+00	2.590293e+00	2.744970e-04	89047665.000000	0.000000e+00
7.510845e+00	2.589472e+00	2.743709e-04	89073079.000000	0.000000e+00
7.512839e+00	2.588275e+00	2.741578e-04	89129073.000000	0.000000e+00
7.514834e+00	2.586433e+00	2.738877e-04	89177941.000000	0.000000e+00
7.516828e+00	2.585060e+00	2.736509e-04	89237533.000000	0.000000e+00
7.518823e+00	2.584121e+00	2.734815e-04	89283195.000000	0.000000e+00
7.520818e+00	2.583110e+00	2.733384e-04	89306761.000000	0.000000e+00
7.522812e+00	2.582052e+00	2.730943e-04	89393265.000000	0.000000e+00
7.524807e+00	2.580551e+00	2.729343e-04	89394019.000000	0.000000e+00
7.526802e+00	2.578536e+00	2.725745e-04	89490321.000000	0.000000e+00
7.528797e+00	2.577953e+00	2.724775e-04	89513509.000000	0.000000e+00
7.530791e+00	2.576689e+00	2.722937e-04	89546581.000000	0.000000e+00
7.532785e+00	2.575957e+00	2.721432e-04	89594667.000000	0.000000e+00
7.534780e+00	2.574729e+00	2.719233e-04	89654125.000000	0.000000e+00
7.536775e+00	2.573283e+00	2.716631e-04	89725053.000000	0.000000e+00
7.538770e+00	2.572647e+00	2.715358e-04	89764819.000000	0.000000e+00
7.540765e+00	2.571368e+00	2.713426e-04	89803329.000000	0.000000e+00
7.542759e+00	2.569723e+00	2.711023e-04	89847541.000000	0.000000e+00
7.544754e+00	2.568353e+00	2.709351e-04	89862619.000000	0.000000e+00
7.546748e+00	2.567537e+00	2.707175e-04	89949945.000000	0.000000e+00
7.548743e+00	2.565844e+00	2.704781e-04	89990461.000000	0.000000e+00
7.550738e+00	2.564963e+00	2.702724e-04	90065553.000000	0.000000e+00
7.552733e+00	2.564556e+00	2.702169e-04	90073939.000000	0.000000e+00
7.554727e+00	2.562616e+00	2.699718e-04	90101157.000000	0.000000e+00
7.556722e+00	2.561832e+00	2.697405e-04	90200485.000000	0.000000e+00
7.558716e+00	2.560384e+00	2.695712e-04	90211735.000000	0.000000e+00
7.560711e+00	2.559391e+00	2.693669e-04	90278553.000000	0.000000e+00
7.562706e+00	2.557948e+00	2.691347e-04	90332449.000000	0.000000e+00
7.564700e+00	2.556914e+00	2.689906e-04	90356217.000000	0.000000e+00
7.566695e+00	2.555550e+00	2.687191e-04	90442303.000000	0.000000e+00
7.568690e+00	2.554337e+00	2.685585e-04	90464605.000000	0.000000e+00
7.570684e+00	2.553175e+00	2.684305e-04	90468525.000000	0.000000e+00
7.572678e+00	2.552019e+00	2.681711e-04	90561523.000000	0.000000e+00
7.574673e+00	2.550847e+00	2.679748e-04	90611049.000000	0.000000e+00
7.576668e+00	2.550103e+00	2.677939e-04	90680521.000000	0.000000e+00
7.578663e+00	2.548905e+00	2.676744e-04	90676251.000000	0.000000e+00
7.580657e+00	2.547595e+00	2.673924e-04	90774265.000000	0.000000e+00
7.582652e+00	2.546389e+00	2.672034e-04	90816649.000000	0.000000e+00
7.584647e+00	2.545017e+00	2.670408e-04	90829305.000000	0.000000e+00
7.586641e+00	2.543548e+00	2.668087e-04	90882403.000000	0.000000e+00
7.588636e+00	2.542405e+00	2.665979e-04	90944409.000000	0.000000e+00
7.590631e+00	2.541388e+00	2.663900e-04	91013557.000000	0.000000e+00
7.592625e+00	2.540701e+00	2.663381e-04	90999795.000000	0.000000e+00
7.594620e+00	2.538832e+00	2.659804e-04	91110517.000000	0.000000e+00
7.596614e+00	2.538093e+00	2.659066e-04	91108057.000000	0.000000e+00
7.598609e+00	2.537106e+00	2.656587e-04	91207221.000000	0.000000e+00
7.600604e+00	2.535441e+00	2.654499e-04	91230871.000000	0.000000e+00
7.602599e+00	2.533977e+00	2.652030e-04	91295265.000000	0.000000e+00
7.604593e+00	2.533285e+00	2.651101e-04	91309405.000000	0.000000e+00
7.606588e+00	2.532513e+00	2.649479e-04	91365591.000000	0.000000e+00
7.608582e+00	2.531250e+00	2.647414e-04	91416925.000000	0.000000e+00
7.610577e+00	2.529693e+00	2.644909e-04	91477513.000000	0.000000e+00
7.612572e+00	2.529279e+00	2.644121e-04	91502073.000000	0.000000e+00
7.614567e+00	2.527635e+00	2.640935e-04	91603807.000000	0.000000e+00
7.616562e+00	2.527085e+00	2.640382e-04	91602261.000000	0.000000e+00
7.618556e+00	2.525180e+00	2.637595e-04	91657573.000000	0.000000e+00
7.620550e+00	2.524213e+00	2.636084e-04	91692403.000000	0.000000e+00
7.622545e+00	2.522935e+00	2.633441e-04	91783581.000000	0.000000e+00
7.624540e+00	2.521770e+00	2.632289e-04	91779097.000000	0.000000e+00
7.626534e+00	2.520599e+00	2.629947e-04	91857255.000000	0.000000e+00
7.628529e+00	2.519943e+00	2.628941e-04	91879789.000000	0.000000e+00
7.630523e+00	2.518162e+00	2.625686e-04	91977597.000000	0.000000e+00
7.632518e+00	2.517174e+00	2.624558e-04	91984405.000000	0.000000e+00
7.634513e+00	2.516216e+00	2.622672e-04	92046679.000000	0.000000e+00
7.636507e+00	2.515123e+00	2.621104e-04	92076741.000000	0.000000e+00
7.638502e+00	2.513833e+00	2.618858e-04	92140177.000000	0.000000e+00
7.640497e+00	2.512853e+00	2.616723e-04	92218647.000000	0.000000e+00
7.642491e+00	2.511007e+00	2.614864e-04	92214217.000000	0.000000e+00
7.644486e+00	2.510642e+00	2.613694e-04	92269869.000000	0.000000e+00
7.646480e+00	2.509265e+00	2.611080e-04	92353369.000000	0.000000e+00
7.648475e+00	2.507862e+00	2.609580e-04	92356207.000000	0.000000e+00
7.650470e+00	2.506577e+00	2.606754e-04	92461713.000000	0.000000e+00
7.652465e+00	2.505714e+00	2.605471e-04	92489101.000000	0.000000e+00
7.654459e+00	2.504163e+00	2.603745e-04	92497131.000000	0.000000e+00
7.656454e+00	2.503375e+00	2.601751e-04	92580625.000000	0.000000e+00
7.658448e+00	2.502214e+00	2.599889e-04	92627365.000000	0.000000e+00
7.660443e+00	2.501157e+00	2.598093e-04	92677167.000000	0.000000e+00
7.662438e+00	2.499669e+00	2.595841e-04	92727517.000000	0.000000e+00
7.664432e+00	2.499021e+00	2.594749e-04	92757537.000000	0.000000e+00
7.666427e+00	2.497607e+00	2.592392e-04	92821153.000000	0.000000e+00
7.668422e+00	2.496555e+00	2.590736e-04	92861583.000000	0.000000e+00
7.670416e+00	2.495847e+00	2.589418e-04	92903413.000000	0.000000e+00
7.672411e+00	2.494091e+00	2.586538e-04	92979409.000000	0.000000e+00
7.674406e+00	2.493223e+00	2.584966e-04	93027747.000000	0.000000e+00
7.676401e+00	2.492297e+00	2.583991e-04	93028849.000000	0.000000e+00
7.678395e+00	2.490784e+00	2.581206e-04	93116505.000000	0.000000e+00
7.680389e+00	2.489924e+00	2.580206e-04	93124429.000000	0.000000e+00
7.682384e+00	2.488112e+00	2.576649e-04	93245799.000000	0.000000e+00
7.684379e+00	2.487812e+00	2.576357e-04	93244453.000000	0.000000e+00
7.686374e+00	2.486155e+00	2.573675e-04	93314485.000000	0.000000e+00
7.688368e+00	2.484876e+00	2.572610e-04	93295671.000000	0.000000e+00
7.690363e+00	2.484510e+00	2.570516e-04	93420265.000000	0.000000e+00
7.692358e+00	2.482744e+00	2.568189e-04	93456597.000000	0.000000e+00
7.694352e+00	2.481818e+00	2.566849e-04	93484471.000000	0.000000e+00
7.696347e+00	2.480757e+00	2.564862e-04	93549333.000000	0.000000e+00
7.698341e+00	2.479542e+00	2.563305e-04	93571237.000000	0.000000e+00
7.700336e+00	2.478326e+00	2.560632e-04	93674809.000000	0.000000e+00
7.702331e+00	2.477113e+00	2.559666e-04	93653655.000000	0.000000e+00
7.704325e+00	2.476413e+00	2.557699e-04	93744817.000000	0.000000e+00
7.706320e+00	2.475353e+00	2.555823e-04	93802149.000000	0.000000e+00
7.708315e+00	2.472848e+00	2.552748e-04	93838003.000000	0.000000e+00
7.710310e+00	2.472873e+00	2.552399e-04	93865609.000000	0.000000e+00
7.712304e+00	2.471414e+00	2.549622e-04	93959277.000000	0.000000e+00
7.714299e+00	2.470413e+00	2.548772e-04	93945685.000000	0.000000e+00
7.716293e+00	2.469576e+00	2.546764e-04	94030263.000000	0.000000e+00
7.718288e+00	2.468625e+00	2.545156e-04	94076545.000000	0.000000e+00
7.720283e+00	2.467358e+00	2.543301e-04	94117161.000000	0.000000e+00
7.722277e+00	2.465956e+00	2.541099e-04	94173247.000000	0.000000e+00
7.724272e+00	2.464836e+00	2.538941e-04	94247749.000000	0.000000e+00
7.726267e+00	2.463781e+00	2.537491e-04	94274709.000000	0.000000e+00
7.728262e+00	2.462685e+00	2.535944e-04	94305853.000000	0.000000e+00
7.730256e+00	2.461080e+00	2.533369e-04	94374411.000000	0.000000e+00
7.732251e+00	2.460339e+00	2.532285e-04	94398433.000000	0.000000e+00
7.734245e+00	2.459763e+00	2.530675e-04	94474365.000000	0.000000e+00
7.736239e+00	2.458103e+00	2.528992e-04	94472491.000000	0.000000e+00
7.738234e+00	2.457230e+00	2.526309e-04	94606069.000000	0.000000e+00
7.740229e+00	2.456171e+00	2.525067e-04	94617477.000000	0.000000e+00
7.742224e+00	2.454418e+00	2.522996e-04	94637599.000000	0.000000e+00
7.744219e+00	2.453985e+00	2.521033e-04	94751697.000000	0.000000e+00
7.746213e+00	2.452606e+00	2.519745e-04	94741909.000000	0.000000e+00
7.748208e+00	2.451493e+00	2.518295e-04	94765005.000000	0.000000e+00
7.750202e+00	2.449919e+00	2.514949e-04	94895407.000000	0.000000e+00
7.752197e+00	2.449330e+00	2.514480e-04	94885213.000000	0.000000e+00
7.754192e+00	2.448662e+00	2.512738e-04	94964949.000000	0.000000e+00
7.756186e+00	2.447073e+00	2.511015e-04	94971919.000000	0.000000e+00
7.758181e+00	2.445758e+00	2.508191e-04	95083629.000000	0.000000e+00
7.760176e+00	2.445062e+00	2.507221e-04	95103121.000000	0.000000e+00
7.762170e+00	2.444027e+00	2.505904e-04	95122441.000000	0.000000e+00
7.764165e+00	2.442989e+00	2.503347e-04	95235891.000000	0.000000e+00
7.766159e+00	2.441644e+00	2.502371e-04	95205289.000000	0.000000e+00
7.768154e+00	2.440669e+00	2.500082e-04	95303577.000000	0.000000e+00
7.770149e+00	2.439778e+00	2.498305e-04	95369503.000000	0.000000e+00
7.772144e+00	2.438260e+00	2.496615e-04	95379885.000000	0.000000e+00
7.774138e+00	2.437576e+00	2.495059e-04	95445373.000000	0.000000e+00
7.776133e+00	2.436190e+00	2.492774e-04	95511679.000000	0.000000e+00
7.778128e+00	2.435016e+00	2.491311e-04	95531733.000000	0.000000e+00
7.780122e+00	2.434273e+00	2.489713e-04	95596045.000000	0.000000e+00
7.782117e+00	2.432876e+00	2.487639e-04	95645625.000000	0.000000e+00
7.784112e+00	2.431972e+00	2.486579e-04	95656123.000000	0.000000e+00
7.786105e+00	2.431034e+00	2.485173e-04	95690517.000000	0.000000e+00
7.788100e+00	2.429704e+00	2.482096e-04	95823013.000000	0.000000e+00
7.790095e+00	2.429503e+00	2.481577e-04	95847151.000000	0.000000e+00
7.792090e+00	2.427626e+00	2.479032e-04	95895729.000000	0.000000e+00
7.794085e+00	2.426047e+00	2.477049e-04	95924485.000000	0.000000e+00
7.796079e+00	2.425614e+00	2.475977e-04	95973249.000000	0.000000e+00
7.798074e+00	2.424278e+00	2.473533e-04	96057055.000000	0.000000e+00
7.800069e+00	2.422983e+00	2.472132e-04	96063301.000000	0.000000e+00
7.802063e+00	2.422425e+00	2.470641e-04	96134937.000000	0.000000e+00
7.804058e+00	2.420830e+00	2.468681e-04	96160939.000000	0.000000e+00
7.806052e+00	2.419716e+00	2.466409e-04	96249537.000000	0.000000e+00
7.808047e+00	2.418789e+00	2.465137e-04	96275041.000000	0.000000e+00
7.810042e+00	2.418045e+00	2.463613e-04	96334881.000000	0.000000e+00
7.812037e+00	2.416663e+00	2.461894e-04	96359215.000000	0.000000e+00
7.814031e+00	2.415367e+00	2.459779e-04	96421561.000000	0.000000e+00
7.816026e+00	2.414753e+00	2.458421e-04	96478989.000000	0.000000e+00
7.818020e+00	2.413166e+00	2.456379e-04	96512527.000000	0.000000e+00
7.820015e+00	2.412221e+00	2.454801e-04	96560937.000000	0.000000e+00
7.822009e+00	2.411707e+00	2.453190e-04	96646621.000000	0.000000e+00
7.824004e+00	2.409985e+00	2.451198e-04	96665583.000000	0.000000e+00
7.825999e+00	2.408923e+00	2.449113e-04	96744973.000000	0.000000e+00
7.827994e+00	2.408029e+00	2.447844e-04	96773449.000000	0.000000e+00
7.829989e+00	2.407415e+00	2.446910e-04	96797853.000000	0.000000e+00
7.831983e+00	2.405629e+00	2.444325e-04	96858871.000000	0.000000e+00
7.833978e+00	2.404956e+00	2.442818e-04	96924093.000000	0.000000e+00
7.835972e+00	2.403883e+00	2.441148e-04	96970237.000000	0.000000e+00
7.837967e+00	2.402861e+00	2.439689e-04	97003647.000000	0.000000e+00
7.839962e+00	2.401491e+00	2.437174e-04	97093237.000000	0.000000e+00
7.841956e+00	2.400379e+00	2.436004e-04	97096549.000000	0.000000e+00
7.843951e+00	2.399344e+00	2.433919e-04	97179105.000000	0.000000e+00
7.845946e+00	2.397952e+00	2.432112e-04	97210663.000000	0.000000e+00
7.847940e+00	2.397551e+00	2.431057e-04	97262481.000000	0.000000e+00
7.849935e+00	2.395784e+00	2.428721e-04	97306069.000000	0.000000e+00
7.851929e+00	2.394781e+00	2.426942e-04	97367275.000000	0.000000e+00
7.853924e+00	2.394094e+00	2.426033e-04	97384329.000000	0.000000e+00
7.855919e+00	2.393162e+00	2.423788e-04	97488853.000000	0.000000e+00
7.857913e+00	2.392071e+00	2.422748e-04	97483647.000000	0.000000e+00
7.859908e+00	2.390889e+00	2.420480e-04	97569877.000000	0.000000e+00
7.861902e+00	2.389883e+00	2.419170e-04	97593465.000000	0.000000e+00
7.863897e+00	2.389062e+00	2.417164e-04	97688257.000000	0.000000e+00
7.865892e+00	2.387379e+00	2.415527e-04	97683007.000000	0.000000e+00
7.867886e+00	2.385959e+00	2.412955e-04	97774893.000000	0.000000e+00
7.869881e+00	2.385597e+00	2.411884e-04	97832113.000000	0.000000e+00
7.871876e+00	2.385014e+00	2.411146e-04	97844151.000000	0.000000e+00
7.873871e+00	2.383650e+00	2.408955e-04	97910125.000000	0.000000e+00
7.875865e+00	2.382649e+00	2.407544e-04	97942569.000000	0.000000e+00
7.877860e+00	2.381166e+00	2.405153e-04	98015365.000000	0.000000e+00
7.879855e+00	2.380382e+00	2.403793e-04	98061643.000000	0.000000e+00
7.881849e+00	2.379149e+00	2.402158e-04	98093493.000000	0.000000e+00
7.883844e+00	2.378046e+00	2.400064e-04	98173573.000000	0.000000e+00
7.885839e+00	2.376968e+00	2.398628e-04	98202063.000000	0.000000e+00
7.887833e+00	2.375908e+00	2.396912e-04	98255077.000000	0.000000e+00
7.889828e+00	2.374643e+00	2.395046e-04	98303517.000000	0.000000e+00
7.891822e+00	2.374284e+00	2.394689e-04	98303065.000000	0.000000e+00
7.893817e+00	2.372721e+00	2.391133e-04	98465935.000000	0.000000e+00
7.895812e+00	2.371586e+00	2.390206e-04	98448105.000000	0.000000e+00
7.897806e+00	2.370648e+00	2.388770e-04	98488513.000000	0.000000e+00
7.899801e+00	2.369635e+00	2.386850e-04	98562783.000000	0.000000e+00
7.901796e+00	2.368381e+00	2.384970e-04	98613697.000000	0.000000e+00
7.903790e+00	2.367735e+00	2.384065e-04	98634757.000000	0.000000e+00
7.905785e+00	2.366311e+00	2.381879e-04	98697027.000000	0.000000e+00
7.907779e+00	2.365647e+00	2.380679e-04	98741137.000000	0.000000e+00
7.909774e+00	2.364560e+00	2.378502e-04	98831121.000000	0.000000e+00
7.911769e+00	2.363097e+00	2.377223e-04	98815045.000000	0.000000e+00
7.913763e+00	2.362192e+00	2.375078e-04	98917899.000000	0.000000e+00
7.915758e+00	2.361564e+00	2.373845e-04	98968033.000000	0.000000e+00
7.917753e+00	2.359852e+00	2.371850e-04	98990869.000000	0.000000e+00
7.919747e+00	2.359193e+00	2.370488e-04	99049299.000000	0.000000e+00
7.921742e+00	2.358432e+00	2.368924e-04	99116185.000000	0.000000e+00
7.923737e+00	2.356692e+00	2.367045e-04	99127209.000000	0.000000e+00
7.925731e+00	2.356063e+00	2.365736e-04	99183925.000000	0.000000e+00
7.927726e+00	2.355206e+00	2.363693e-04	99283155.000000	0.000000e+00
7.929721e+00	2.354296e+00	2.362686e-04	99291025.000000	0.000000e+00
7.931715e+00	2.353397e+00	2.360778e-04	99375685.000000	0.000000e+00
7.933710e+00	2.351720e+00	2.359120e-04	99373587.000000	0.000000e+00
7.935705e+00	2.351173e+00	2.357443e-04	99468793.000000	0.000000e+00
7.937699e+00	2.349918e+00	2.355877e-04	99494757.000000	0.000000e+00
7.939694e+00	2.348878e+00	2.354523e-04	99520999.000000	0.000000e+00
7.941688e+00	2.348006e+00	2.352361e-04	99630021.000000	0.000000e+00
7.943683e+00	2.346426e+00	2.350371e-04	99664585.000000	0.000000e+00
7.945678e+00	2.345892e+00	2.349628e-04	99682213.000000	0.000000e+00
7.947672e+00	2.344815e+00	2.347754e-04	99749763.000000	0.000000e+00
7.949667e+00	2.343875e+00	2.346100e-04	99810409.000000	0.000000e+00
7.951662e+00	2.342908e+00	2.344667e-04	99850077.000000	0.000000e+00
7.953656e+00	2.341328e+00	2.342479e-04	99901723.000000	0.000000e+00
7.955651e+00	2.340313e+00	2.340902e-04	99949681.000000	0.000000e+00
7.957646e+00	2.339801e+00	2.339925e-04	99989409.000000	0.000000e+00
7.959640e+00	2.338023e+00	2.337511e-04	100043833.000000	0.000000e+00
7.961635e+00	2.337417e+00	2.335881e-04	100131543.000000	0.000000e+00
7.963630e+00	2.335820e+00	2.334259e-04	100133761.000000	0.000000e+00
7.965624e+00	2.334857e+00	2.332356e-04	100214589.000000	0.000000e+00
7.967619e+00	2.334930e+00	2.331611e-04	100284895.000000	0.000000e+00
7.969614e+00	2.333422e+00	2.330197e-04	100277065.000000	0.000000e+00
7.971609e+00	2.332592e+00	2.328252e-04	100373097.000000	0.000000e+00
7.973603e+00	2.331276e+00	2.327222e-04	100348747.000000	0.000000e+00
7.975597e+00	2.330038e+00	2.324556e-04	100472205.000000	0.000000e+00
7.977592e+00	2.329582e+00	2.323869e-04	100492225.000000	0.000000e+00
7.979587e+00	2.328000e+00	2.321353e-04	100573557.000000	0.000000e+00
7.981582e+00	2.326937e+00	2.319915e-04	100606267.000000	0.000000e+00
7.983576e+00	2.326096e+00	2.318547e-04	100652233.000000	0.000000e+00
7.985571e+00	2.325154e+00	2.316617e-04	100738329.000000	0.000000e+00
7.987566e+00	2.324044e+00	2.315462e-04	100742587.000000	0.000000e+00
7.989560e+00	2.323251e+00	2.314286e-04	100776201.000000	0.000000e+00
7.991555e+00	2.322301e+00	2.312564e-04	100843885.000000	0.000000e+00
7.993549e+00	2.321460e+00	2.310948e-04	100911877.000000	0.000000e+00
7.995544e+00	2.320550e+00	2.309530e-04	100956531.000000	0.000000e+00
7.997539e+00	2.318892e+00	2.307188e-04	101017129.000000	0.000000e+00
7.999533e+00	2.317929e+00	2.305687e-04	101064741.000000	0.000000e+00
8.001528e+00	2.317594e+00	2.304898e-04	101104723.000000	0.000000e+00
8.003523e+00	2.316306e+00	2.302689e-04	101186181.000000	0.000000e+00
8.005517e+00	2.315272e+00	2.301901e-04	101165101.000000	0.000000e+00
8.007512e+00	2.314045e+00	2.299721e-04	101249617.000000	0.000000e+00
8.009506e+00	2.313035e+00	2.298159e-04	101298819.000000	0.000000e+00
8.011501e+00	2.312015e+00	2.296185e-04	101383537.000000	0.000000e+00
8.013496e+00	2.310987e+00	2.294747e-04	101420493.000000	0.000000e+00
8.015490e+00	2.310126e+00	2.293563e-04	101449519.000000	0.000000e+00
8.017485e+00	2.309018e+00	2.291713e-04	101515953.000000	0.000000e+00
8.019480e+00	2.308294e+00	2.290582e-04	101552509.000000	0.000000e+00
8.021474e+00	2.307002e+00	2.288714e-04	101604511.000000	0.000000e+00
8.023469e+00	2.305679e+00	2.286434e-04	101690469.000000	0.000000e+00
8.025464e+00	2.305122e+00	2.285785e-04	101699041.000000	0.000000e+00
8.027458e+00	2.304328e+00	2.284374e-04	101754681.000000	0.000000e+00
8.029453e+00	2.303331e+00	2.282307e-04	101850811.000000	0.000000e+00
8.031448e+00	2.301707e+00	2.280891e-04	101833533.000000	0.000000e+00
8.033442e+00	2.300903e+00	2.278897e-04	101940661.000000	0.000000e+00
8.035437e+00	2.299582e+00	2.277524e-04	101946415.000000	0.000000e+00
8.037432e+00	2.298935e+00	2.275883e-04	102036057.000000	0.000000e+00
8.039426e+00	2.297562e+00	2.274411e-04	102046117.000000	0.000000e+00
8.041421e+00	2.297207e+00	2.273443e-04	102101493.000000	0.000000e+00
8.043415e+00	2.295726e+00	2.271003e-04	102189151.000000	0.000000e+00
8.045410e+00	2.294787e+00	2.269809e-04	102212953.000000	0.000000e+00
8.047405e+00	2.294039e+00	2.268032e-04	102306525.000000	0.000000e+00
8.049400e+00	2.292942e+00	2.267196e-04	102284035.000000	0.000000e+00
8.051394e+00	2.292023e+00	2.265091e-04	102392193.000000	0.000000e+00
8.053389e+00	2.291065e+00	2.263998e-04	102405397.000000	0.000000e+00
8.055383e+00	2.289596e+00	2.261788e-04	102474063.000000	0.000000e+00
8.057378e+00	2.289350e+00	2.261027e-04	102520993.000000	0.000000e+00
8.059372e+00	2.287955e+00	2.259093e-04	102571501.000000	0.000000e+00
8.061367e+00	2.286973e+00	2.257551e-04	102623577.000000	0.000000e+00
8.063362e+00	2.286352e+00	2.256260e-04	102685183.000000	0.000000e+00
8.065356e+00	2.285239e+00	2.254775e-04	102720453.000000	0.000000e+00
8.067351e+00	2.284058e+00	2.252680e-04	102805165.000000	0.000000e+00
8.069346e+00	2.282828e+00	2.251305e-04	102820011.000000	0.000000e+00
8.071341e+00	2.282111e+00	2.249887e-04	102885013.000000	0.000000e+00
8.073335e+00	2.281032e+00	2.248473e-04	102917089.000000	0.000000e+00
8.075330e+00	2.280002e+00	2.247006e-04	102958413.000000	0.000000e+00
8.077324e+00	2.279209e+00	2.245095e-04	103062043.000000	0.000000e+00
8.079319e+00	2.278012e+00	2.243764e-04	103075989.000000	0.000000e+00
8.081314e+00	2.277495e+00	2.242345e-04	103159645.000000	0.000000e+00
8.083309e+00	2.276080e+00	2.241051e-04	103150515.000000	0.000000e+00
8.085303e+00	2.275198e+00	2.239011e-04	103258525.000000	0.000000e+00
8.087298e+00	2.274553e+00	2.238297e-04	103265785.000000	0.000000e+00
8.089292e+00	2.273526e+00	2.236534e-04	103335309.000000	0.000000e+00
8.091287e+00	2.272085e+00	2.234425e-04	103399291.000000	0.000000e+00
8.093282e+00	2.271220e+00	2.233251e-04	103429269.000000	0.000000e+00
8.095276e+00	2.270103e+00	2.231301e-04	103508173.000000	0.000000e+00
8.097271e+00	2.269515e+00	2.230176e-04	103559011.000000	0.000000e+00
8.099266e+00	2.268232e+00	2.228938e-04	103556901.000000	0.000000e+00
8.101260e+00	2.267296e+00	2.226731e-04	103676605.000000	0.000000e+00
8.103255e+00	2.266308e+00	2.225917e-04	103662123.000000	0.000000e+00
8.105249e+00	2.265422e+00	2.224084e-04	103751869.000000	0.000000e+00
8.107244e+00	2.264228e+00	2.222175e-04	103820673.000000	0.000000e+00
8.109239e+00	2.263336e+00	2.221145e-04	103835113.000000	0.000000e+00
8.111233e+00	2.262619e+00	2.219843e-04	103891075.000000	0.000000e+00
8.113228e+00	2.262025e+00	2.218451e-04	103966917.000000	0.000000e+00
8.115223e+00	2.260404e+00	2.216497e-04	104001097.000000	0.000000e+00
8.117218e+00	2.259466e+00	2.215191e-04	104037327.000000	0.000000e+00
8.119212e+00	2.258066e+00	2.212914e-04	104122369.000000	0.000000e+00
8.121207e+00	2.257775e+00	2.212444e-04	104139849.000000	0.000000e+00
8.123201e+00	2.256709e+00	2.210675e-04	104208097.000000	0.000000e+00
8.125196e+00	2.256022e+00	2.209715e-04	104235139.000000	0.000000e+00
8.127191e+00	2.254942e+00	2.207585e-04	104336421.000000	0.000000e+00
8.129185e+00	2.253952e+00	2.206666e-04	104331649.000000	0.000000e+00
8.131180e+00	2.253044e+00	2.204516e-04	104451063.000000	0.000000e+00
8.133175e+00	2.251990e+00	2.203720e-04	104428729.000000	0.000000e+00
8.135169e+00	2.250983e+00	2.201674e-04	104529405.000000	0.000000e+00
8.137164e+00	2.249599e+00	2.199974e-04	104562295.000000	0.000000e+00
8.139159e+00	2.248832e+00	2.198472e-04	104633845.000000	0.000000e+00
8.141153e+00	2.247869e+00	2.197492e-04	104637453.000000	0.000000e+00
8.143147e+00	2.246618e+00	2.195676e-04	104694109.000000	0.000000e+00
8.145142e+00	2.246127e+00	2.193996e-04	104808579.000000	0.000000e+00
8.147137e+00	2.245060e+00	2.192835e-04	104819965.000000	0.000000e+00
8.149132e+00	2.244038e+00	2.191154e-04	104885245.000000	0.000000e+00
8.151126e+00	2.243325e+00	2.190550e-04	104876463.000000	0.000000e+00
8.153121e+00	2.241888e+00	2.187835e-04	105002269.000000	0.000000e+00
8.155116e+00	2.241109e+00	2.186639e-04	105044193.000000	0.000000e+00
8.157111e+00	2.240404e+00	2.185513e-04	105086281.000000	0.000000e+00
8.159105e+00	2.239489e+00	2.184264e-04	105120483.000000	0.000000e+00
8.161100e+00	2.238409e+00	2.182757e-04	105164161.000000	0.000000e+00
8.163094e+00	2.237359e+00	2.181043e-04	105230773.000000	0.000000e+00
8.165089e+00	2.236467e+00	2.179420e-04	105303567.000000	0.000000e+00
8.167084e+00	2.235224e+00	2.178240e-04	105300601.000000	0.000000e+00
8.169078e+00	2.234464e+00	2.176520e-04	105395337.000000	0.000000e+00
8.171073e+00	2.233559e+00	2.175017e-04	105455599.000000	0.000000e+00
8.173068e+00	2.232539e+00	2.173657e-04	105491169.000000	0.000000e+00
8.175062e+00	2.231529e+00	2.172295e-04	105527977.000000	0.000000e+00
8.177057e+00	2.230975e+00	2.171076e-04	105594013.000000	0.000000e+00
8.179052e+00	2.229380e+00	2.169038e-04	105641355.000000	0.000000e+00
8.181046e+00	2.228462e+00	2.167473e-04	105706837.000000	0.000000e+00
8.183041e+00	2.227863e+00	2.166274e-04	105767025.000000	0.000000e+00
8.185036e+00	2.227027e+00	2.165219e-04	105790639.000000	0.000000e+00
8.187031e+00	2.225508e+00	2.163120e-04	105851521.000000	0.000000e+00
8.189025e+00	2.225152e+00	2.162203e-04	105907413.000000	0.000000e+00
8.191019e+00	2.223986e+00	2.161170e-04	105897589.000000	0.000000e+00
8.193014e+00	2.223067e+00	2.158499e-04	106072143.000000	0.000000e+00
8.195009e+00	2.222689e+00	2.158868e-04	105999853.000000	0.000000e+00
8.197003e+00	2.221163e+00	2.156170e-04	106119429.000000	0.000000e+00
8.198998e+00	2.220096e+00	2.154711e-04	106161067.000000	0.000000e+00
8.200993e+00	2.219269e+00	2.153274e-04	106223749.000000	0.000000e+00
8.202987e+00	2.217973e+00	2.151762e-04	106248849.000000	0.000000e+00
8.204982e+00	2.217369e+00	2.150497e-04	106315957.000000	0.000000e+00
8.206977e+00	2.216439e+00	2.148979e-04	106376907.000000	0.000000e+00
8.208971e+00	2.215419e+00	2.147725e-04	106403161.000000	0.000000e+00
8.210966e+00	2.214785e+00	2.146486e-04	106465017.000000	0.000000e+00
8.212961e+00	2.213592e+00	2.144466e-04	106550779.000000	0.000000e+00
8.214955e+00	2.212550e+00	2.143366e-04	106559833.000000	0.000000e+00
8.216950e+00	2.212051e+00	2.142379e-04	106609905.000000	0.000000e+00
8.218944e+00	2.210848e+00	2.140530e-04	106677991.000000	0.000000e+00
8.220939e+00	2.209960e+00	2.139080e-04	106736877.000000	0.000000e+00
8.222934e+00	2.208777e+00	2.137478e-04	106782601.000000	0.000000e+00
8.224928e+00	2.207860e+00	2.136194e-04	106822245.000000	0.000000e+00
8.226923e+00	2.207233e+00	2.135014e-04	106879663.000000	0.000000e+00
8.228918e+00	2.206492e+00	2.133554e-04	106954165.000000	0.000000e+00
8.230912e+00	2.205354e+00	2.132125e-04	106987077.000000	0.000000e+00
8.232907e+00	2.203905e+00	2.130049e-04	107054839.000000	0.000000e+00
8.234902e+00	2.203081e+00	2.128936e-04	107086701.000000	0.000000e+00
8.236897e+00	2.202396e+00	2.127718e-04	107142721.000000	0.000000e+00
8.238891e+00	2.201470e+00	2.126537e-04	107171593.000000	0.000000e+00
8.240886e+00	2.200237e+00	2.124419e-04	107265147.000000	0.000000e+00
8.242880e+00	2.199431e+00	2.123229e-04	107306773.000000	0.000000e+00
8.244875e+00	2.198976e+00	2.122551e-04	107330901.000000	0.000000e+00
8.246870e+00	2.197551e+00	2.120348e-04	107414683.000000	0.000000e+00
8.248864e+00	2.197265e+00	2.119854e-04	107436813.000000	0.000000e+00
8.250859e+00	2.196062e+00	2.117716e-04	107536021.000000	0.000000e+00
8.252854e+00	2.195241e+00	2.116992e-04	107529115.000000	0.000000e+00
8.254848e+00	2.193967e+00	2.114592e-04	107648241.000000	0.000000e+00
8.256843e+00	2.193041e+00	2.113520e-04	107666485.000000	0.000000e+00
8.258838e+00	2.192224e+00	2.112557e-04	107684421.000000	0.000000e+00
8.260832e+00	2.191365e+00	2.111060e-04	107752783.000000	0.000000e+00
8.262827e+00	2.190309e+00	2.109212e-04	107837613.000000	0.000000e+00
8.264821e+00	2.189627e+00	2.108409e-04	107852557.000000	0.000000e+00
8.266816e+00	2.188551e+00	2.106446e-04	107947567.000000	0.000000e+00
8.268811e+00	2.187544e+00	2.105406e-04	107954757.000000	0.000000e+00
8.270805e+00	2.186809e+00	2.103862e-04	108040633.000000	0.000000e+00
8.272800e+00	2.185747e+00	2.102271e-04	108099213.000000	0.000000e+00
8.274795e+00	2.184693e+00	2.101362e-04	108088363.000000	0.000000e+00
8.276789e+00	2.183841e+00	2.099422e-04	108203841.000000	0.000000e+00
8.278784e+00	2.183407e+00	2.098589e-04	108246733.000000	0.000000e+00
8.280779e+00	2.181751e+00	2.096767e-04	108270499.000000	0.000000e+00
8.282773e+00	2.180639e+00	2.094886e-04	108354477.000000	0.000000e+00
8.284768e+00	2.180388e+00	2.094343e-04	108385705.000000	0.000000e+00
8.286762e+00	2.178957e+00	2.092370e-04	108447693.000000	0.000000e+00
8.288757e+00	2.178248e+00	2.091572e-04	108459775.000000	0.000000e+00
8.290751e+00	2.177168e+00	2.089375e-04	108580273.000000	0.000000e+00
8.292746e+00	2.176337e+00	2.088297e-04	108609501.000000	0.000000e+00
8.294741e+00	2.175810e+00	2.087426e-04	108647503.000000	0.000000e+00
8.296735e+00	2.174610e+00	2.086158e-04	108659649.000000	0.000000e+00
8.298730e+00	2.173793e+00	2.083970e-04	108806149.000000	0.000000e+00
8.300725e+00	2.173033e+00	2.082969e-04	108834627.000000	0.000000e+00
8.302720e+00	2.171666e+00	2.081302e-04	108871933.000000	0.000000e+00
8.304715e+00	2.170996e+00	2.080519e-04	108886645.000000	0.000000e+00
8.306709e+00	2.170017e+00	2.078902e-04	108957729.000000	0.000000e+00
8.308704e+00	2.169176e+00	2.077449e-04	109025743.000000	0.000000e+00
8.310698e+00	2.168225e+00	2.076148e-04	109066677.000000	0.000000e+00
8.312693e+00	2.167659e+00	2.075022e-04	109128109.000000	0.000000e+00
8.314688e+00	2.166307e+00	2.073176e-04	109186119.000000	0.000000e+00
8.316683e+00	2.165323e+00	2.071671e-04	109245637.000000	0.000000e+00
8.318677e+00	2.164340e+00	2.070425e-04	109277845.000000	0.000000e+00
8.320672e+00	2.163753e+00	2.069619e-04	109303653.000000	0.000000e+00
8.322666e+00	2.163214e+00	2.068259e-04	109392979.000000	0.000000e+00
8.324661e+00	2.161903e+00	2.066623e-04	109433433.000000	0.000000e+00
8.326655e+00	2.161091e+00	2.065223e-04	109499485.000000	0.000000e+00
8.328650e+00	2.160212e+00	2.064331e-04	109504947.000000	0.000000e+00
8.330644e+00	2.159386e+00	2.062347e-04	109631929.000000	0.000000e+00
8.332639e+00	2.158625e+00	2.061519e-04	109642789.000000	0.000000e+00
8.334634e+00	2.157770e+00	2.060020e-04	109715355.000000	0.000000e+00
8.336629e+00	2.156194e+00	2.058432e-04	109724305.000000	0.000000e+00
8.338623e+00	2.155519e+00	2.056638e-04	109846905.000000	0.000000e+00
8.340618e+00	2.153950e+00	2.055273e-04	109832821.000000	0.000000e+00
8.342612e+00	2.153773e+00	2.054529e-04	109894315.000000	0.000000e+00
8.344607e+00	2.152507e+00	2.052689e-04	109961997.000000	0.000000e+00
8.346602e+00	2.151685e+00	2.051119e-04	110046289.000000	0.000000e+00
8.348597e+00	2.151168e+00	2.050361e-04	110074791.000000	0.000000e+00
8.350591e+00	2.149917e+00	2.048683e-04	110127037.000000	0.000000e+00
8.352586e+00	2.149193e+00	2.047592e-04	110170185.000000	0.000000e+00
8.354581e+00	2.148605e+00	2.046420e-04	110236093.000000	0.000000e+00
8.356575e+00	2.147667e+00	2.045349e-04	110255167.000000	0.000000e+00
8.358570e+00	2.146628e+00	2.043751e-04	110320833.000000	0.000000e+00
8.360564e+00	2.146192e+00	2.042773e-04	110381641.000000	0.000000e+00
8.362559e+00	2.145157e+00	2.041146e-04	110451123.000000	0.000000e+00
8.364554e+00	2.144137e+00	2.039761e-04	110496013.000000	0.000000e+00
8.366548e+00	2.143169e+00	2.038478e-04	110535273.000000	0.000000e+00
8.368543e+00	2.142714e+00	2.037624e-04	110580919.000000	0.000000e+00
8.370538e+00	2.141282e+00	2.035173e-04	110699341.000000	0.000000e+00
8.372532e+00	2.140068e+00	2.034376e-04	110660589.000000	0.000000e+00
8.374527e+00	2.139662e+00	2.032880e-04	110781421.000000	0.000000e+00
8.376522e+00	2.138610e+00	2.031615e-04	110810343.000000	0.000000e+00
8.378517e+00	2.138022e+00	2.030780e-04	110840473.000000	0.000000e+00
8.380511e+00	2.137166e+00	2.029208e-04	110923417.000000	0.000000e+00
8.382506e+00	2.136009e+00	2.027641e-04	110974779.000000	0.000000e+00
8.384500e+00	2.135238e+00	2.026684e-04	110999437.000000	0.000000e+00
8.386495e+00	2.134150e+00	2.024933e-04	111078117.000000	0.000000e+00
8.388489e+00	2.133405e+00	2.024081e-04	111094009.000000	0.000000e+00
8.390484e+00	2.132715e+00	2.022390e-04	111207951.000000	0.000000e+00
8.392479e+00	2.131400e+00	2.021225e-04	111198973.000000	0.000000e+00
8.394473e+00	2.130890e+00	2.019814e-04	111301141.000000	0.000000e+00
8.396468e+00	2.129828e+00	2.018639e-04	111319647.000000	0.000000e+00
8.398463e+00	2.128856e+00	2.016819e-04	111418861.000000	0.000000e+00
8.400458e+00	2.128257e+00	2.016145e-04	111430593.000000	0.000000e+00
8.402452e+00	2.127100e+00	2.014473e-04	111494377.000000	0.000000e+00
8.404447e+00	2.126008e+00	2.013037e-04	111538923.000000	0.000000e+00
8.406441e+00	2.125394e+00	2.012015e-04	111587689.000000	0.000000e+00
8.408436e+00	2.124580e+00	2.010652e-04	111653437.000000	0.000000e+00
8.410430e+00	2.123590e+00	2.009279e-04	111701967.000000	0.000000e+00
8.412425e+00	2.122964e+00	2.008115e-04	111765553.000000	0.000000e+00
8.414420e+00	2.121803e+00	2.006584e-04	111813753.000000	0.000000e+00
8.416415e+00	2.121117e+00	2.005343e-04	111879907.000000	0.000000e+00
8.418409e+00	2.120093e+00	2.004128e-04	111907401.000000	0.000000e+00
8.420404e+00	2.119102e+00	2.002463e-04	111988861.000000	0.000000e+00
8.422399e+00	2.118401e+00	2.001807e-04	111988153.000000	0.000000e+00
8.424393e+00	2.117155e+00	1.999663e-04	112096395.000000	0.000000e+00
8.426388e+00	2.116827e+00	1.999359e-04	112095793.000000	0.000000e+00
8.428382e+00	2.115865e+00	1.997160e-04	112240641.000000	0.000000e+00
8.430377e+00	2.114693e+00	1.996345e-04	112207879.000000	0.000000e+00
8.432372e+00	2.114149e+00	1.995100e-04	112290193.000000	0.000000e+00
8.434367e+00	2.112933e+00	1.993395e-04	112353105.000000	0.000000e+00
8.436361e+00	2.112256e+00	1.992504e-04	112381453.000000	0.000000e+00
8.438356e+00	2.111153e+00	1.990884e-04	112446927.000000	0.000000e+00
8.440350e+00	2.110431e+00	1.989649e-04	112509577.000000	0.000000e+00
8.442345e+00	2.109487e+00	1.988258e-04	112566273.000000	0.000000e+00
8.444340e+00	2.108767e+00	1.987455e-04	112580275.000000	0.000000e+00
8.446334e+00	2.107893e+00	1.985755e-04	112679641.000000	0.000000e+00
8.448329e+00	2.107272e+00	1.985071e-04	112690977.000000	0.000000e+00
8.450324e+00	2.105854e+00	1.982736e-04	112804555.000000	0.000000e+00
8.452318e+00	2.104959e+00	1.982103e-04	112780689.000000	0.000000e+00
8.454313e+00	2.104219e+00	1.980429e-04	112892101.000000	0.000000e+00
8.456307e+00	2.103421e+00	1.979515e-04	112910541.000000	0.000000e+00
8.458302e+00	2.102669e+00	1.978136e-04	112987327.000000	0.000000e+00
8.460297e+00	2.101818e+00	1.976982e-04	113027677.000000	0.000000e+00
8.462291e+00	2.100611e+00	1.975079e-04	113115597.000000	0.000000e+00
8.464286e+00	2.100068e+00	1.974434e-04	113130931.000000	0.000000e+00
8.466281e+00	2.099219e+00	1.973090e-04	113193525.000000	0.000000e+00
8.468275e+00	2.098031e+00	1.971569e-04	113240029.000000	0.000000e+00
8.470270e+00	2.097258e+00	1.970490e-04	113280597.000000	0.000000e+00
8.472264e+00	2.096651e+00	1.969051e-04	113380531.000000	0.000000e+00
8.474259e+00	2.095650e+00	1.967876e-04	113407489.000000	0.000000e+00
8.476254e+00	2.094700e+00	1.966416e-04	113473101.000000	0.000000e+00
8.478249e+00	2.094335e+00	1.965692e-04	113517127.000000	0.000000e+00
8.480243e+00	2.093029e+00	1.964340e-04	113531673.000000	0.000000e+00
8.482238e+00	2.092191e+00	1.962770e-04	113622409.000000	0.000000e+00
8.484232e+00	2.091320e+00	1.961434e-04	113682493.000000	0.000000e+00
8.486227e+00	2.090256e+00	1.959815e-04	113754519.000000	0.000000e+00
8.488222e+00	2.089531e+00	1.958825e-04	113790577.000000	0.000000e+00
8.490217e+00	2.088475e+00	1.957693e-04	113807121.000000	0.000000e+00
8.492211e+00	2.088056e+00	1.956455e-04	113905495.000000	0.000000e+00
8.494206e+00	2.087486e+00	1.955803e-04	113919177.000000	0.000000e+00
8.496201e+00	2.086259e+00	1.953656e-04	114035581.000000	0.000000e+00
8.498195e+00	2.084959e+00	1.952516e-04	114026551.000000	0.000000e+00
8.500190e+00	2.084756e+00	1.951696e-04	114100137.000000	0.000000e+00
8.502185e+00	2.083682e+00	1.950181e-04	114159793.000000	0.000000e+00
8.504179e+00	2.082893e+00	1.948997e-04	114211917.000000	0.000000e+00
8.506174e+00	2.081958e+00	1.947829e-04	114246391.000000	0.000000e+00
8.508168e+00	2.080966e+00	1.946477e-04	114296109.000000	0.000000e+00
8.510163e+00	2.080454e+00	1.945211e-04	114388537.000000	0.000000e+00
8.512158e+00	2.079969e+00	1.944191e-04	114455299.000000	0.000000e+00
8.514153e+00	2.078880e+00	1.943102e-04	114463653.000000	0.000000e+00
8.516147e+00	2.077917e+00	1.941749e-04	114517057.000000	0.000000e+00
8.518142e+00	2.076824e+00	1.940025e-04	114600009.000000	0.000000e+00
8.520136e+00	2.076058e+00	1.938886e-04	114650119.000000	0.000000e+00
8.522131e+00	2.075216e+00	1.938018e-04	114659685.000000	0.000000e+00
8.524125e+00	2.074219e+00	1.936315e-04	114751249.000000	0.000000e+00
8.526120e+00	2.073661e+00	1.935329e-04	114806323.000000	0.000000e+00
8.528115e+00	2.073029e+00	1.934344e-04	114853233.000000	0.000000e+00
8.530109e+00	2.071744e+00	1.932656e-04	114911341.000000	0.000000e+00
8.532104e+00	2.071208e+00	1.931719e-04	114963387.000000	0.000000e+00
8.534099e+00	2.070039e+00	1.930251e-04	115008469.000000	0.000000e+00
8.536093e+00	2.069304e+00	1.929041e-04	115070893.000000	0.000000e+00
8.538088e+00	2.068524e+00	1.927951e-04	115114245.000000	0.000000e+00
8.540083e+00	2.067458e+00	1.926415e-04	115179187.000000	0.000000e+00
8.542077e+00	2.066783e+00	1.925548e-04	115207665.000000	0.000000e+00
8.544072e+00	2.066234e+00	1.923962e-04	115336321.000000	0.000000e+00
8.546067e+00	2.064933e+00	1.922891e-04	115319403.000000	0.000000e+00
8.548062e+00	2.064128e+00	1.921388e-04	115409905.000000	0.000000e+00
8.550056e+00	2.063309e+00	1.920692e-04	115401961.000000	0.000000e+00
8.552050e+00	2.062137e+00	1.918659e-04	115515273.000000	0.000000e+00
8.554045e+00	2.062121e+00	1.918154e-04	115574323.000000	0.000000e+00
8.556040e+00	2.060566e+00	1.916387e-04	115612965.000000	0.000000e+00
8.558035e+00	2.060055e+00	1.915715e-04	115636813.000000	0.000000e+00
8.560029e+00	2.059118e+00	1.914343e-04	115697199.000000	0.000000e+00
8.562024e+00	2.058628e+00	1.913022e-04	115801945.000000	0.000000e+00
8.564019e+00	2.057689e+00	1.912160e-04	115800673.000000	0.000000e+00
8.566013e+00	2.056703e+00	1.910700e-04	115866513.000000	0.000000e+00
8.568008e+00	2.056272e+00	1.909619e-04	115949251.000000	0.000000e+00
8.570003e+00	2.055301e+00	1.908453e-04	115981341.000000	0.000000e+00
8.571997e+00	2.054219e+00	1.906926e-04	116044873.000000	0.000000e+00
8.573992e+00	2.053483e+00	1.905774e-04	116101951.000000	0.000000e+00
8.575987e+00	2.052297e+00	1.904489e-04	116124357.000000	0.000000e+00
8.577981e+00	2.051807e+00	1.903030e-04	116246917.000000	0.000000e+00
8.579976e+00	2.051091e+00	1.902916e-04	116179755.000000	0.000000e+00
8.581970e+00	2.049937e+00	1.900565e-04	116336365.000000	0.000000e+00
8.583965e+00	2.049300e+00	1.899683e-04	116372025.000000	0.000000e+00
8.585959e+00	2.048302e+00	1.898609e-04	116390305.000000	0.000000e+00
8.587954e+00	2.047645e+00	1.896996e-04	116513527.000000	0.000000e+00
8.589949e+00	2.046619e+00	1.896104e-04	116506365.000000	0.000000e+00
8.591943e+00	2.045721e+00	1.894857e-04	116557405.000000	0.000000e+00
8.593938e+00	2.045008e+00	1.893305e-04	116667159.000000	0.000000e+00
8.595933e+00	2.044413e+00	1.892692e-04	116674909.000000	0.000000e+00
8.597927e+00	2.043364e+00	1.891378e-04	116717229.000000	0.000000e+00
8.599922e+00	2.042728e+00	1.889963e-04	116819233.000000	0.000000e+00
8.601917e+00	2.041882e+00	1.889032e-04	116837515.000000	0.000000e+00
8.603911e+00	2.041183e+00	1.888012e-04	116883837.000000	0.000000e+00
8.605906e+00	2.040410e+00	1.886488e-04	116984089.000000	0.000000e+00
8.607901e+00	2.039389e+00	1.885113e-04	117037599.000000	0.000000e+00
8.609895e+00	2.038299e+00	1.884124e-04	117035233.000000	0.000000e+00
8.611890e+00	2.037698e+00	1.882472e-04	117171645.000000	0.000000e+00
8.613885e+00	2.037162e+00	1.882314e-04	117129715.000000	0.000000e+00
8.615879e+00	2.035992e+00	1.880233e-04	117254281.000000	0.000000e+00
8.617874e+00	2.035206e+00	1.879489e-04	117256569.000000	0.000000e+00
8.619869e+00	2.034285e+00	1.877825e-04	117358189.000000	0.000000e+00
8.621863e+00	2.033476e+00	1.876778e-04	117395739.000000	0.000000e+00
8.623858e+00	2.032904e+00	1.875890e-04	117440761.000000	0.000000e+00
8.625853e+00	2.031866e+00	1.874467e-04	117499141.000000	0.000000e+00
8.627847e+00	2.031161e+00	1.873480e-04	117541371.000000	0.000000e+00
8.629842e+00	2.030380e+00	1.872089e-04	117625561.000000	0.000000e+00
8.631837e+00	2.029400e+00	1.870711e-04	117685137.000000	0.000000e+00
8.633831e+00	2.028666e+00	1.869944e-04	117696649.000000	0.000000e+00
8.635826e+00	2.027902e+00	1.868501e-04	117789699.000000	0.000000e+00
8.637821e+00	2.027390e+00	1.867907e-04	117805093.000000	0.000000e+00
8.639815e+00	2.026169e+00	1.866024e-04	117900829.000000	0.000000e+00
8.641810e+00	2.025764e+00	1.865331e-04	117941367.000000	0.000000e+00
8.643804e+00	2.024778e+00	1.864504e-04	117931009.000000	0.000000e+00
8.645799e+00	2.024321e+00	1.862743e-04	118100805.000000	0.000000e+00
8.647794e+00	2.023106e+00	1.861874e-04	118069231.000000	0.000000e+00
8.649788e+00	2.022190e+00	1.860448e-04	118143261.000000	0.000000e+00
8.651783e+00	2.021390e+00	1.859280e-04	118198225.000000	0.000000e+00
8.653777e+00	2.020300e+00	1.857592e-04	118285417.000000	0.000000e+00
8.655772e+00	2.019806e+00	1.856934e-04	118311327.000000	0.000000e+00
8.657767e+00	2.019182e+00	1.855716e-04	118393477.000000	0.000000e+00
8.659762e+00	2.018115e+00	1.854556e-04	118416441.000000	0.000000e+00
8.661756e+00	2.017496e+00	1.853536e-04	118473991.000000	0.000000e+00
8.663751e+00	2.016754e+00	1.852288e-04	118546509.000000	0.000000e+00
8.665746e+00	2.015743e+00	1.850979e-04	118595305.000000	0.000000e+00
8.667740e+00	2.015003e+00	1.849922e-04	118643653.000000	0.000000e+00
8.669735e+00	2.014136e+00	1.848566e-04	118715511.000000	0.000000e+00
8.671730e+00	2.013230e+00	1.847509e-04	118744477.000000	0.000000e+00
8.673724e+00	2.012550e+00	1.846388e-04	118808481.000000	0.000000e+00
8.675719e+00	2.012076e+00	1.845670e-04	118844911.000000	0.000000e+00
8.677713e+00	2.010984e+00	1.844131e-04	118914217.000000	0.000000e+00
8.679708e+00	2.009919e+00	1.842407e-04	119010717.000000	0.000000e+00
8.681703e+00	2.009392e+00	1.841870e-04	119017741.000000	0.000000e+00
8.683697e+00	2.008432e+00	1.840546e-04	119075079.000000	0.000000e+00
8.685692e+00	2.007825e+00	1.839629e-04	119121793.000000	0.000000e+00
8.687687e+00	2.006801e+00	1.838059e-04	119203605.000000	0.000000e+00
8.689681e+00	2.006430e+00	1.837559e-04	119224483.000000	0.000000e+00
8.691676e+00	2.005455e+00	1.835988e-04	119312521.000000	0.000000e+00
8.693671e+00	2.004780e+00	1.834803e-04	119386353.000000	0.000000e+00
8.695665e+00	2.003844e+00	1.834054e-04	119372299.000000	0.000000e+00
8.697660e+00	2.003167e+00	1.832403e-04	119506713.000000	0.000000e+00
8.699655e+00	2.001986e+00	1.831257e-04	119515333.000000	0.000000e+00
8.701649e+00	2.001749e+00	1.830693e-04	119560653.000000	0.000000e+00
8.703644e+00	2.000508e+00	1.829115e-04	119618563.000000	0.000000e+00
8.705638e+00	1.999515e+00	1.827835e-04	119667229.000000	0.000000e+00
8.707633e+00	1.999218e+00	1.826584e-04	119795565.000000	0.000000e+00
8.709628e+00	1.998060e+00	1.825856e-04	119752267.000000	0.000000e+00
8.711622e+00	1.997307e+00	1.824418e-04	119850801.000000	0.000000e+00
8.713617e+00	1.996736e+00	1.823359e-04	119921485.000000	0.000000e+00
8.715612e+00	1.995917e+00	1.822435e-04	119944705.000000	0.000000e+00
8.717606e+00	1.994983e+00	1.820834e-04	120043239.000000	0.000000e+00
8.719601e+00	1.994041e+00	1.819941e-04	120047677.000000	0.000000e+00
8.721595e+00	1.993424e+00	1.819000e-04	120097437.000000	0.000000e+00
8.723590e+00	1.992683e+00	1.817634e-04	120188659.000000	0.000000e+00
8.725585e+00	1.992019e+00	1.816559e-04	120250773.000000	0.000000e+00
8.727579e+00	1.990984e+00	1.815448e-04	120272977.000000	0.000000e+00
8.729574e+00	1.990233e+00	1.814132e-04	120356719.000000	0.000000e+00
8.731569e+00	1.989578e+00	1.813106e-04	120413577.000000	0.000000e+00
8.733564e+00	1.988576e+00	1.811998e-04	120439513.000000	0.000000e+00
8.735558e+00	1.987875e+00	1.810770e-04	120517893.000000	0.000000e+00
8.737553e+00	1.986870e+00	1.809557e-04	120557503.000000	0.000000e+00
8.739547e+00	1.986386e+00	1.808640e-04	120620961.000000	0.000000e+00
8.741542e+00	1.985722e+00	1.807701e-04	120665701.000000	0.000000e+00
8.743537e+00	1.984413e+00	1.805926e-04	120743731.000000	0.000000e+00
8.745531e+00	1.984073e+00	1.805452e-04	120765621.000000	0.000000e+00
8.747526e+00	1.983039e+00	1.803602e-04	120887497.000000	0.000000e+00
8.749521e+00	1.982268e+00	1.802952e-04	120880581.000000	0.000000e+00
8.751515e+00	1.981636e+00	1.802088e-04	120919375.000000	0.000000e+00
8.753510e+00	1.981123e+00	1.800988e-04	121004433.000000	0.000000e+00
8.755505e+00	1.979931e+00	1.799377e-04	121075429.000000	0.000000e+00
8.757499e+00	1.979213e+00	1.798440e-04	121113619.000000	0.000000e+00
8.759494e+00	1.978356e+00	1.797112e-04	121187817.000000	0.000000e+00
8.761489e+00	1.977543e+00	1.796132e-04	121220257.000000	0.000000e+00
8.763483e+00	1.976714e+00	1.795158e-04	121250109.000000	0.000000e+00
8.765478e+00	1.976291e+00	1.793892e-04	121369423.000000	0.000000e+00
8.767473e+00	1.975547e+00	1.793363e-04	121349569.000000	0.000000e+00
8.769467e+00	1.974794e+00	1.791839e-04	121463541.000000	0.000000e+00
8.771462e+00	1.973753e+00	1.790766e-04	121480867.000000	0.000000e+00
8.773456e+00	1.972984e+00	1.789396e-04	121572213.000000	0.000000e+00
8.775451e+00	1.972420e+00	1.788407e-04	121637101.000000	0.000000e+00
8.777446e+00	1.971695e+00	1.787564e-04	121662375.000000	0.000000e+00
8.779441e+00	1.970866e+00	1.786368e-04	121722889.000000	0.000000e+00
8.781435e+00	1.969905e+00	1.785088e-04	121778593.000000	0.000000e+00
8.783430e+00	1.969366e+00	1.784293e-04	121820577.000000	0.000000e+00
8.785424e+00	1.968508e+00	1.783151e-04	121870411.000000	0.000000e+00
8.787419e+00	1.967662e+00	1.781710e-04	121962693.000000	0.000000e+00
8.789414e+00	1.966888e+00	1.780702e-04	122004745.000000	0.000000e+00
8.791408e+00	1.966483e+00	1.779887e-04	122066247.000000	0.000000e+00
8.793403e+00	1.965355e+00	1.778555e-04	122108965.000000	0.000000e+00
8.795398e+00	1.964722e+00	1.777731e-04	122143405.000000	0.000000e+00
8.797392e+00	1.963823e+00	1.776451e-04	122207541.000000	0.000000e+00
8.799387e+00	1.963314e+00	1.775339e-04	122297287.000000	0.000000e+00
8.801382e+00	1.962105e+00	1.773960e-04	122336697.000000	0.000000e+00
8.803376e+00	1.961513e+00	1.772953e-04	122401825.000000	0.000000e+00
8.805371e+00	1.961144e+00	1.772571e-04	122408511.000000	0.000000e+00
8.807365e+00	1.959629e+00	1.770550e-04	122498725.000000	0.000000e+00
8.809360e+00	1.959330e+00	1.769900e-04	122551309.000000	0.000000e+00
8.811355e+00	1.958555e+00	1.768630e-04	122630187.000000	0.000000e+00
8.813350e+00	1.957587e+00	1.767349e-04	122686645.000000	0.000000e+00
8.815344e+00	1.956966e+00	1.766770e-04	122689197.000000	0.000000e+00
8.817339e+00	1.956140e+00	1.765319e-04	122787253.000000	0.000000e+00
8.819333e+00	1.955651e+00	1.764640e-04	122820427.000000	0.000000e+00
8.821328e+00	1.954664e+00	1.763349e-04	122876205.000000	0.000000e+00
8.823323e+00	1.953818e+00	1.761863e-04	122976937.000000	0.000000e+00
8.825317e+00	1.952971e+00	1.761173e-04	122966751.000000	0.000000e+00
8.827312e+00	1.952375e+00	1.759744e-04	123091369.000000	0.000000e+00
8.829306e+00	1.951764e+00	1.759512e-04	123046821.000000	0.000000e+00
8.831301e+00	1.951166e+00	1.758060e-04	123174601.000000	0.000000e+00
8.833296e+00	1.950280e+00	1.756739e-04	123247819.000000	0.000000e+00
8.835290e+00	1.949531e+00	1.755868e-04	123275457.000000	0.000000e+00
8.837285e+00	1.948594e+00	1.754575e-04	123338545.000000	0.000000e+00
8.839280e+00	1.948028e+00	1.753657e-04	123395943.000000	0.000000e+00
8.841274e+00	1.947117e+00	1.752683e-04	123417781.000000	0.000000e+00
8.843269e+00	1.946582e+00	1.751584e-04	123504777.000000	0.000000e+00
8.845264e+00	1.945602e+00	1.750406e-04	123546511.000000	0.000000e+00
8.847258e+00	1.944737e+00	1.749202e-04	123606649.000000	0.000000e+00
8.849253e+00	1.943777e+00	1.747880e-04	123671565.000000	0.000000e+00
8.851248e+00	1.943269e+00	1.746881e-04	123748345.000000	0.000000e+00
8.853242e+00	1.942332e+00	1.745969e-04	123758175.000000	0.000000e+00
8.855237e+00	1.941857e+00	1.745000e-04	123835093.000000	0.000000e+00
8.857231e+00	1.940912e+00	1.743876e-04	123874113.000000	0.000000e+00
8.859226e+00	1.940216e+00	1.742426e-04	123991327.000000	0.000000e+00
8.861221e+00	1.939574e+00	1.742058e-04	123961693.000000	0.000000e+00
8.863216e+00	1.938823e+00	1.740564e-04	124078473.000000	0.000000e+00
8.865210e+00	1.937749e+00	1.739498e-04	124093021.000000	0.000000e+00
8.867205e+00	1.937281e+00	1.738423e-04	124186551.000000	0.000000e+00
8.869199e+00	1.936557e+00	1.737729e-04	124192837.000000	0.000000e+00
8.871194e+00	1.935762e+00	1.735978e-04	124341325.000000	0.000000e+00
8.873189e+00	1.935018e+00	1.735498e-04	124314483.000000	0.000000e+00
8.875183e+00	1.934530e+00	1.734800e-04	124351801.000000	0.000000e+00
8.877178e+00	1.933539e+00	1.732922e-04	124493901.000000	0.000000e+00
8.879173e+00	1.932700e+00	1.732093e-04	124504897.000000	0.000000e+00
8.881168e+00	1.932132e+00	1.731251e-04	124552767.000000	0.000000e+00
8.883162e+00	1.931374e+00	1.730213e-04	124604461.000000	0.000000e+00
8.885157e+00	1.930714e+00	1.729066e-04	124684645.000000	0.000000e+00
8.887151e+00	1.929778e+00	1.728139e-04	124697415.000000	0.000000e+00
8.889146e+00	1.929194e+00	1.726711e-04	124828261.000000	0.000000e+00
8.891141e+00	1.928307e+00	1.726079e-04	124804629.000000	0.000000e+00
8.893135e+00	1.927600e+00	1.724748e-04	124905715.000000	0.000000e+00
8.895130e+00	1.926925e+00	1.723908e-04	124940073.000000	0.000000e+00
8.897125e+00	1.925836e+00	1.722397e-04	125017837.000000	0.000000e+00
8.899119e+00	1.925255e+00	1.721572e-04	125062213.000000	0.000000e+00
8.901114e+00	1.924342e+00	1.720440e-04	125108043.000000	0.000000e+00
8.903108e+00	1.923537e+00	1.719133e-04	125193517.000000	0.000000e+00
8.905103e+00	1.923187e+00	1.718465e-04	125245461.000000	0.000000e+00
8.907098e+00	1.922355e+00	1.717672e-04	125252611.000000	0.000000e+00
8.909092e+00	1.921515e+00	1.716283e-04	125345761.000000	0.000000e+00
8.911087e+00	1.920949e+00	1.715042e-04	125453313.000000	0.000000e+00
8.913082e+00	1.920388e+00	1.714761e-04	125421157.000000	0.000000e+00
8.915076e+00	1.919198e+00	1.713163e-04	125499507.000000	0.000000e+00
8.917071e+00	1.918279e+00	1.711804e-04	125578453.000000	0.000000e+00
8.919066e+00	1.917610e+00	1.710736e-04	125647653.000000	0.000000e+00
8.921061e+00	1.917138e+00	1.710105e-04	125678479.000000	0.000000e+00
8.923055e+00	1.916588e+00	1.709424e-04	125706481.000000	0.000000e+00
8.925050e+00	1.915677e+00	1.707840e-04	125820057.000000	0.000000e+00
8.927044e+00	1.914782e+00	1.706854e-04	125847907.000000	0.000000e+00
8.929039e+00	1.914243e+00	1.705997e-04	125903481.000000	0.000000e+00
8.931034e+00	1.913255e+00	1.704756e-04	125956681.000000	0.000000e+00
8.933028e+00	1.912946e+00	1.703950e-04	126035205.000000	0.000000e+00
8.935023e+00	1.911973e+00	1.702569e-04	126111307.000000	0.000000e+00
8.937018e+00	1.910896e+00	1.701764e-04	126088525.000000	0.000000e+00
8.939012e+00	1.910755e+00	1.701182e-04	126156165.000000	0.000000e+00
8.941007e+00	1.909959e+00	1.699864e-04	126246643.000000	0.000000e+00
8.943001e+00	1.909551e+00	1.699007e-04	126320085.000000	0.000000e+00
8.944996e+00	1.908417e+00	1.697728e-04	126360205.000000	0.000000e+00
8.946991e+00	1.907451e+00	1.696555e-04	126407049.000000	0.000000e+00
8.948986e+00	1.907058e+00	1.695597e-04	126497659.000000	0.000000e+00
8.950980e+00	1.906261e+00	1.694745e-04	126519061.000000	0.000000e+00
8.952975e+00	1.905370e+00	1.693674e-04	126560793.000000	0.000000e+00
8.954969e+00	1.904738e+00	1.692694e-04	126623311.000000	0.000000e+00
8.956964e+00	1.904092e+00	1.691402e-04	126730785.000000	0.000000e+00
8.958959e+00	1.903039e+00	1.690537e-04	126720205.000000	0.000000e+00
8.960953e+00	1.902441e+00	1.689397e-04	126811669.000000	0.000000e+00
8.962948e+00	1.901884e+00	1.688436e-04	126881763.000000	0.000000e+00
8.964943e+00	1.901036e+00	1.687258e-04	126945577.000000	0.000000e+00
8.966937e+00	1.900036e+00	1.686445e-04	126934401.000000	0.000000e+00
8.968932e+00	1.899734e+00	1.685499e-04	127036471.000000	0.000000e+00
8.970927e+00	1.898966e+00	1.684359e-04	127105641.000000	0.000000e+00
8.972921e+00	1.898246e+00	1.683553e-04	127130965.000000	0.000000e+00
8.974916e+00	1.897430e+00	1.682280e-04	127214095.000000	0.000000e+00
8.976910e+00	1.896843e+00	1.681751e-04	127215237.000000	0.000000e+00
8.978905e+00	1.895966e+00	1.679868e-04	127382857.000000	0.000000e+00
8.980900e+00	1.895425e+00	1.679674e-04	127339593.000000	0.000000e+00
8.982894e+00	1.894603e+00	1.678233e-04	127447711.000000	0.000000e+00
8.984889e+00	1.893793e+00	1.677454e-04	127457121.000000	0.000000e+00
8.986883e+00	1.893449e+00	1.676583e-04	127543141.000000	0.000000e+00
8.988878e+00	1.892455e+00	1.675127e-04	127630855.000000	0.000000e+00
8.990873e+00	1.891515e+00	1.673993e-04	127676901.000000	0.000000e+00
8.992868e+00	1.891022e+00	1.673665e-04	127660357.000000	0.000000e+00
8.994862e+00	1.890219e+00	1.671938e-04	127815597.000000	0.000000e+00
8.996857e+00	1.889415e+00	1.671080e-04	127838047.000000	0.000000e+00
8.998852e+00	1.889036e+00	1.670847e-04	127822329.000000	0.000000e+00
9.000846e+00	1.888095e+00	1.669019e-04	127974937.000000	0.000000e+00
9.002841e+00	1.887370e+00	1.668176e-04	128005891.000000	0.000000e+00
9.004836e+00	1.886680e+00	1.667388e-04	128033349.000000	0.000000e+00
9.006830e+00	1.886232e+00	1.666386e-04	128126425.000000	0.000000e+00
9.008825e+00	1.885428e+00	1.665566e-04	128143335.000000	0.000000e+00
9.010819e+00	1.884399e+00	1.664210e-04	128212129.000000	0.000000e+00
9.012814e+00	1.884053e+00	1.663317e-04	128302837.000000	0.000000e+00
9.014809e+00	1.883173e+00	1.662445e-04	128317413.000000	0.000000e+00
9.016803e+00	1.882511e+00	1.661304e-04	128403391.000000	0.000000e+00
9.018798e+00	1.881766e+00	1.660191e-04	128473905.000000	0.000000e+00
9.020793e+00	1.881042e+00	1.659558e-04	128473129.000000	0.000000e+00
9.022787e+00	1.880329e+00	1.658132e-04	128596695.000000	0.000000e+00
9.024782e+00	1.879735e+00	1.657631e-04	128592961.000000	0.000000e+00
9.026777e+00	1.878947e+00	1.656316e-04	128689453.000000	0.000000e+00
9.028771e+00	1.878355e+00	1.655596e-04	128720133.000000	0.000000e+00
9.030766e+00	1.877213e+00	1.653995e-04	128812615.000000	0.000000e+00
9.032761e+00	1.876984e+00	1.653601e-04	128842545.000000	0.000000e+00
9.034755e+00	1.876112e+00	1.652365e-04	128915737.000000	0.000000e+00
9.036750e+00	1.875194e+00	1.651330e-04	128951019.000000	0.000000e+00
9.038744e+00	1.874615e+00	1.650647e-04	128978029.000000	0.000000e+00
9.040739e+00	1.873685e+00	1.648930e-04	129118621.000000	0.000000e+00
9.042734e+00	1.873511e+00	1.648697e-04	129131079.000000	0.000000e+00
9.044728e+00	1.872679e+00	1.647668e-04	129177529.000000	0.000000e+00
9.046723e+00	1.871759e+00	1.646298e-04	129265653.000000	0.000000e+00
9.048718e+00	1.870958e+00	1.645330e-04	129307069.000000	0.000000e+00
9.050713e+00	1.870293e+00	1.644418e-04	129358419.000000	0.000000e+00
9.052707e+00	1.869537e+00	1.643262e-04	129435697.000000	0.000000e+00
9.054702e+00	1.868845e+00	1.642522e-04	129456673.000000	0.000000e+00
9.056696e+00	1.868257e+00	1.641598e-04	129520851.000000	0.000000e+00
9.058691e+00	1.867564e+00	1.640510e-04	129596497.000000	0.000000e+00
9.060686e+00	1.867124e+00	1.639776e-04	129651381.000000	0.000000e+00
9.062680e+00	1.866518e+00	1.639114e-04	129671977.000000	0.000000e+00
9.064675e+00	1.865220e+00	1.637372e-04	129767419.000000	0.000000e+00
9.066670e+00	1.864823e+00	1.636555e-04	129841581.000000	0.000000e+00
9.068665e+00	1.864039e+00	1.635499e-04	129900049.000000	0.000000e+00
9.070659e+00	1.863380e+00	1.634952e-04	129895047.000000	0.000000e+00
9.072653e+00	1.862617e+00	1.633792e-04	129973189.000000	0.000000e+00
9.074648e+00	1.861896e+00	1.632680e-04	130049529.000000	0.000000e+00
9.076643e+00	1.861156e+00	1.631594e-04	130119085.000000	0.000000e+00
9.078637e+00	1.860512e+00	1.630889e-04	130141699.000000	0.000000e+00
9.080632e+00	1.860148e+00	1.629988e-04	130234557.000000	0.000000e+00
9.082627e+00	1.859227e+00	1.628875e-04	130283533.000000	0.000000e+00
9.084622e+00	1.858735e+00	1.628132e-04	130333299.000000	0.000000e+00
9.086616e+00	1.857702e+00	1.627061e-04	130360069.000000	0.000000e+00
9.088611e+00	1.856945e+00	1.625730e-04	130467093.000000	0.000000e+00
9.090605e+00	1.856222e+00	1.624992e-04	130484023.000000	0.000000e+00
9.092600e+00	1.855926e+00	1.624180e-04	130572781.000000	0.000000e+00
9.094595e+00	1.855161e+00	1.623153e-04	130630353.000000	0.000000e+00
9.096589e+00	1.854437e+00	1.622378e-04	130653121.000000	0.000000e+00
9.098584e+00	1.853478e+00	1.620811e-04	130770699.000000	0.000000e+00
9.100579e+00	1.852838e+00	1.620417e-04	130743829.000000	0.000000e+00
9.102573e+00	1.852046e+00	1.618876e-04	130880917.000000	0.000000e+00
9.104568e+00	1.851578e+00	1.618355e-04	130899099.000000	0.000000e+00
9.106563e+00	1.850858e+00	1.617163e-04	130990129.000000	0.000000e+00
9.108557e+00	1.850179e+00	1.616607e-04	130984053.000000	0.000000e+00
9.110552e+00	1.849617e+00	1.615596e-04	131068489.000000	0.000000e+00
9.112547e+00	1.848985e+00	1.614331e-04	131184231.000000	0.000000e+00
9.114541e+00	1.848337e+00	1.613881e-04	131165317.000000	0.000000e+00
9.116536e+00	1.847186e+00	1.612338e-04	131252905.000000	0.000000e+00
9.118531e+00	1.846784e+00	1.611629e-04	131311287.000000	0.000000e+00
9.120525e+00	1.845995e+00	1.610745e-04	131343205.000000	0.000000e+00
9.122520e+00	1.845331e+00	1.609513e-04	131449809.000000	0.000000e+00
9.124514e+00	1.844660e+00	1.608907e-04	131453047.000000	0.000000e+00
9.126509e+00	1.844245e+00	1.607971e-04	131546949.000000	0.000000e+00
9.128504e+00	1.843227e+00	1.606753e-04	131601169.000000	0.000000e+00
9.130498e+00	1.842663e+00	1.606072e-04	131632129.000000	0.000000e+00
9.132493e+00	1.841992e+00	1.604992e-04	131713311.000000	0.000000e+00
9.134488e+00	1.841436e+00	1.604196e-04	131764465.000000	0.000000e+00
9.136482e+00	1.840490e+00	1.602951e-04	131833761.000000	0.000000e+00
9.138477e+00	1.839920e+00	1.602140e-04	131885455.000000	0.000000e+00
9.140472e+00	1.839134e+00	1.601150e-04	131935785.000000	0.000000e+00
9.142466e+00	1.838438e+00	1.600105e-04	132008269.000000	0.000000e+00
9.144461e+00	1.837772e+00	1.599264e-04	132051397.000000	0.000000e+00
9.146456e+00	1.837375e+00	1.598555e-04	132111411.000000	0.000000e+00
9.148450e+00	1.836537e+00	1.597509e-04	132163909.000000	0.000000e+00
9.150445e+00	1.835544e+00	1.596207e-04	132236481.000000	0.000000e+00
9.152440e+00	1.834911e+00	1.595405e-04	132278287.000000	0.000000e+00
9.154434e+00	1.834331e+00	1.594654e-04	132319129.000000	0.000000e+00
9.156429e+00	1.833820e+00	1.593512e-04	132434949.000000	0.000000e+00
9.158424e+00	1.833184e+00	1.592731e-04	132472945.000000	0.000000e+00
9.160418e+00	1.832488e+00	1.591902e-04	132510207.000000	0.000000e+00
9.162413e+00	1.831655e+00	1.591066e-04	132529069.000000	0.000000e+00
9.164407e+00	1.830953e+00	1.589794e-04	132639453.000000	0.000000e+00
9.166402e+00	1.830302e+00	1.588880e-04	132697663.000000	0.000000e+00
9.168397e+00	1.829344e+00	1.587699e-04	132756157.000000	0.000000e+00
9.170391e+00	1.829243e+00	1.587219e-04	132821673.000000	0.000000e+00
9.172386e+00	1.828384e+00	1.586205e-04	132866731.000000	0.000000e+00
9.174381e+00	1.827693e+00	1.585257e-04	132925161.000000	0.000000e+00
9.176375e+00	1.827032e+00	1.584585e-04	132941581.000000	0.000000e+00
9.178370e+00	1.826234e+00	1.583505e-04	133006965.000000	0.000000e+00
9.180364e+00	1.825877e+00	1.582448e-04	133132435.000000	0.000000e+00
9.182359e+00	1.825132e+00	1.581577e-04	133170409.000000	0.000000e+00
9.184354e+00	1.824258e+00	1.580628e-04	133202709.000000	0.000000e+00
9.186348e+00	1.823741e+00	1.579924e-04	133245943.000000	0.000000e+00
9.188343e+00	1.822804e+00	1.578629e-04	133327641.000000	0.000000e+00
9.190338e+00	1.822194e+00	1.577683e-04	133398085.000000	0.000000e+00
9.192332e+00	1.821567e+00	1.577004e-04	133421181.000000	0.000000e+00
9.194327e+00	1.821138e+00	1.576012e-04	133526251.000000	0.000000e+00
9.196322e+00	1.820404e+00	1.575258e-04	133546273.000000	0.000000e+00
9.198316e+00	1.819981e+00	1.574583e-04	133598685.000000	0.000000e+00
9.200311e+00	1.819036e+00	1.573271e-04	133682827.000000	0.000000e+00
9.202306e+00	1.818167e+00	1.572213e-04	133734933.000000	0.000000e+00
9.204301e+00	1.817610e+00	1.571228e-04	133820521.000000	0.000000e+00
9.206295e+00	1.817087e+00	1.570996e-04	133783147.000000	0.000000e+00
9.208289e+00	1.816146e+00	1.569259e-04	133940625.000000	0.000000e+00
9.210284e+00	1.815533e+00	1.568745e-04	133937905.000000	0.000000e+00
9.212279e+00	1.814946e+00	1.567748e-04	134021769.000000	0.000000e+00
9.214273e+00	1.814454e+00	1.566905e-04	134093275.000000	0.000000e+00
9.216268e+00	1.813339e+00	1.565896e-04	134101113.000000	0.000000e+00
9.218263e+00	1.812796e+00	1.564500e-04	134260033.000000	0.000000e+00
9.220258e+00	1.812329e+00	1.564304e-04	134224567.000000	0.000000e+00
9.222252e+00	1.811804e+00	1.563211e-04	134334381.000000	0.000000e+00
9.224247e+00	1.810776e+00	1.562176e-04	134359801.000000	0.000000e+00
9.226241e+00	1.810088e+00	1.561359e-04	134398221.000000	0.000000e+00
9.228236e+00	1.809770e+00	1.560424e-04	134512123.000000	0.000000e+00
9.230231e+00	1.808985e+00	1.559552e-04	134545761.000000	0.000000e+00
9.232225e+00	1.808409e+00	1.558810e-04	134588113.000000	0.000000e+00
9.234220e+00	1.807268e+00	1.557367e-04	134667559.000000	0.000000e+00
9.236215e+00	1.806752e+00	1.556773e-04	134693589.000000	0.000000e+00
9.238209e+00	1.806256e+00	1.555700e-04	134805409.000000	0.000000e+00
9.240204e+00	1.805581e+00	1.554925e-04	134838945.000000	0.000000e+00
9.242199e+00	1.804849e+00	1.553981e-04	134893399.000000	0.000000e+00
9.244193e+00	1.804039e+00	1.552935e-04	134953761.000000	0.000000e+00
9.246188e+00	1.803495e+00	1.552086e-04	135020173.000000	0.000000e+00
9.248183e+00	1.803203e+00	1.551617e-04	135057943.000000	0.000000e+00
9.250177e+00	1.802255e+00	1.550784e-04	135061065.000000	0.000000e+00
9.252171e+00	1.801683e+00	1.549411e-04	135214633.000000	0.000000e+00
9.254166e+00	1.801115e+00	1.548718e-04	135250299.000000	0.000000e+00
9.256161e+00	1.800571e+00	1.548051e-04	135285061.000000	0.000000e+00
9.258155e+00	1.799539e+00	1.546706e-04	135365173.000000	0.000000e+00
9.260150e+00	1.799103e+00	1.545905e-04	135439713.000000	0.000000e+00
9.262145e+00	1.798335e+00	1.544974e-04	135487267.000000	0.000000e+00
9.264140e+00	1.797688e+00	1.544222e-04	135521805.000000	0.000000e+00
9.266134e+00	1.797229e+00	1.543594e-04	135562849.000000	0.000000e+00
9.268129e+00	1.796345e+00	1.542269e-04	135662379.000000	0.000000e+00
9.270124e+00	1.796176e+00	1.541713e-04	135734593.000000	0.000000e+00
9.272118e+00	1.795310e+00	1.540778e-04	135768469.000000	0.000000e+00
9.274113e+00	1.794617e+00	1.539909e-04	135816813.000000	0.000000e+00
9.276108e+00	1.793756e+00	1.538650e-04	135908635.000000	0.000000e+00
9.278103e+00	1.792941e+00	1.537850e-04	135926385.000000	0.000000e+00
9.280097e+00	1.792682e+00	1.537196e-04	136002841.000000	0.000000e+00
9.282092e+00	1.791809e+00	1.536284e-04	136031727.000000	0.000000e+00
9.284086e+00	1.791231e+00	1.535270e-04	136123645.000000	0.000000e+00
9.286081e+00	1.791042e+00	1.534811e-04	136176373.000000	0.000000e+00
9.288075e+00	1.790021e+00	1.533551e-04	136244823.000000	0.000000e+00
9.290070e+00	1.789733e+00	1.533004e-04	136298077.000000	0.000000e+00
9.292065e+00	1.788901e+00	1.531955e-04	136358025.000000	0.000000e+00
9.294059e+00	1.787916e+00	1.530928e-04	136390765.000000	0.000000e+00
9.296054e+00	1.787133e+00	1.529707e-04	136488943.000000	0.000000e+00
9.298049e+00	1.786549e+00	1.529195e-04	136491129.000000	0.000000e+00
9.300043e+00	1.786114e+00	1.527948e-04	136647325.000000	0.000000e+00
9.302038e+00	1.785465e+00	1.527681e-04	136595907.000000	0.000000e+00
9.304033e+00	1.784699e+00	1.526302e-04	136725313.000000	0.000000e+00
9.306028e+00	1.784260e+00	1.525584e-04	136786725.000000	0.000000e+00
9.308022e+00	1.783793e+00	1.524998e-04	136820185.000000	0.000000e+00
9.310017e+00	1.782882e+00	1.523991e-04	136861171.000000	0.000000e+00
9.312011e+00	1.782182e+00	1.523097e-04	136914345.000000	0.000000e+00
9.314006e+00	1.781560e+00	1.521948e-04	137025541.000000	0.000000e+00
9.316001e+00	1.780975e+00	1.521476e-04	137020491.000000	0.000000e+00
9.317995e+00	1.780353e+00	1.520384e-04	137121469.000000	0.000000e+00
9.319990e+00	1.779711e+00	1.519395e-04	137200989.000000	0.000000e+00
9.321984e+00	1.779012e+00	1.518828e-04	137195623.000000	0.000000e+00
9.323979e+00	1.778388e+00	1.517609e-04	137319781.000000	0.000000e+00
9.325974e+00	1.777467e+00	1.516753e-04	137332473.000000	0.000000e+00
9.327968e+00	1.777084e+00	1.516063e-04	137398369.000000	0.000000e+00
9.329963e+00	1.776535e+00	1.515204e-04	137469243.000000	0.000000e+00
9.331957e+00	1.776016e+00	1.514555e-04	137506597.000000	0.000000e+00
9.333952e+00	1.775171e+00	1.513194e-04	137622981.000000	0.000000e+00
9.335947e+00	1.774495e+00	1.512714e-04	137605591.000000	0.000000e+00
9.337941e+00	1.773869e+00	1.511510e-04	137727601.000000	0.000000e+00
9.339936e+00	1.773258e+00	1.510689e-04	137782305.000000	0.000000e+00
9.341931e+00	1.772659e+00	1.510149e-04	137787817.000000	0.000000e+00
9.343926e+00	1.772058e+00	1.508927e-04	137917659.000000	0.000000e+00
9.345920e+00	1.771401e+00	1.508445e-04	137903365.000000	0.000000e+00
9.347915e+00	1.770629e+00	1.507157e-04	138018829.000000	0.000000e+00
9.349910e+00	1.770543e+00	1.506752e-04	138079467.000000	0.000000e+00
9.351905e+00	1.769445e+00	1.505758e-04	138090469.000000	0.000000e+00
9.353899e+00	1.768897e+00	1.505054e-04	138134085.000000	0.000000e+00
9.355893e+00	1.768378e+00	1.503852e-04	138273709.000000	0.000000e+00
9.357888e+00	1.767773e+00	1.503119e-04	138314175.000000	0.000000e+00
9.359883e+00	1.766864e+00	1.502218e-04	138337609.000000	0.000000e+00
9.361878e+00	1.766384e+00	1.501590e-04	138378061.000000	0.000000e+00
9.363872e+00	1.765610e+00	1.500281e-04	138498171.000000	0.000000e+00
9.365867e+00	1.765213e+00	1.499923e-04	138502117.000000	0.000000e+00
9.367861e+00	1.764283e+00	1.498682e-04	138585393.000000	0.000000e+00
9.369856e+00	1.763813e+00	1.498137e-04	138612295.000000	0.000000e+00
9.371850e+00	1.763113e+00	1.496907e-04	138730197.000000	0.000000e+00
9.373845e+00	1.762471e+00	1.496211e-04	138758089.000000	0.000000e+00
9.375840e+00	1.761956e+00	1.495207e-04	138863365.000000	0.000000e+00
9.377835e+00	1.761032e+00	1.494577e-04	138834651.000000	0.000000e+00
9.379829e+00	1.760604e+00	1.493784e-04	138914509.000000	0.000000e+00
9.381824e+00	1.760070e+00	1.492584e-04	139053729.000000	0.000000e+00
9.383819e+00	1.759199e+00	1.491906e-04	139042423.000000	0.000000e+00
9.385813e+00	1.759013e+00	1.491268e-04	139131813.000000	0.000000e+00
9.387808e+00	1.758170e+00	1.490315e-04	139176289.000000	0.000000e+00
9.389803e+00	1.757506e+00	1.489318e-04	139257493.000000	0.000000e+00
9.391797e+00	1.757111e+00	1.488889e-04	139275267.000000	0.000000e+00
9.393792e+00	1.755990e+00	1.487644e-04	139330405.000000	0.000000e+00
9.395787e+00	1.755822e+00	1.486882e-04	139446609.000000	0.000000e+00
9.397781e+00	1.754937e+00	1.486011e-04	139469419.000000	0.000000e+00
9.399776e+00	1.754184e+00	1.485036e-04	139532821.000000	0.000000e+00
9.401771e+00	1.753695e+00	1.484239e-04	139604913.000000	0.000000e+00
9.403765e+00	1.753243e+00	1.483883e-04	139599703.000000	0.000000e+00
9.405760e+00	1.752385e+00	1.482442e-04	139734453.000000	0.000000e+00
9.407754e+00	1.752133e+00	1.482106e-04	139757653.000000	0.000000e+00
9.409749e+00	1.751188e+00	1.480881e-04	139838001.000000	0.000000e+00
9.411744e+00	1.750873e+00	1.480374e-04	139883515.000000	0.000000e+00
9.413738e+00	1.750126e+00	1.479448e-04	139939213.000000	0.000000e+00
9.415733e+00	1.749650e+00	1.478531e-04	140036565.000000	0.000000e+00
9.417728e+00	1.748895e+00	1.477975e-04	140020987.000000	0.000000e+00
9.419722e+00	1.748149e+00	1.476621e-04	140158245.000000	0.000000e+00
9.421717e+00	1.747685e+00	1.476130e-04	140177209.000000	0.000000e+00
9.423712e+00	1.747237e+00	1.475404e-04	140243265.000000	0.000000e+00
9.425706e+00	1.746155e+00	1.474162e-04	140305519.000000	0.000000e+00
9.427701e+00	1.745775e+00	1.473755e-04	140322073.000000	0.000000e+00
9.429695e+00	1.745167e+00	1.472594e-04	140445441.000000	0.000000e+00
9.431690e+00	1.744579e+00	1.471750e-04	140511943.000000	0.000000e+00
9.433685e+00	1.743844e+00	1.471143e-04	140509437.000000	0.000000e+00
9.435679e+00	1.743552e+00	1.470426e-04	140599417.000000	0.000000e+00
9.437674e+00	1.742585e+00	1.469396e-04	140640541.000000	0.000000e+00
9.439668e+00	1.741826e+00	1.468266e-04	140734323.000000	0.000000e+00
9.441663e+00	1.741526e+00	1.467666e-04	140801041.000000	0.000000e+00
9.443658e+00	1.740805e+00	1.466813e-04	140847993.000000	0.000000e+00
9.445653e+00	1.740360e+00	1.466349e-04	140865091.000000	0.000000e+00
9.447647e+00	1.739743e+00	1.465404e-04	140946813.000000	0.000000e+00
9.449642e+00	1.738789e+00	1.464061e-04	141050809.000000	0.000000e+00
9.451637e+00	1.738524e+00	1.463855e-04	141047419.000000	0.000000e+00
9.453631e+00	1.737847e+00	1.462647e-04	141170433.000000	0.000000e+00
9.455626e+00	1.737238e+00	1.462171e-04	141163405.000000	0.000000e+00
9.457621e+00	1.736435e+00	1.460890e-04	141280533.000000	0.000000e+00
9.459615e+00	1.736082e+00	1.460607e-04	141277831.000000	0.000000e+00
9.461610e+00	1.735311e+00	1.459352e-04	141395157.000000	0.000000e+00
9.463604e+00	1.734844e+00	1.458936e-04	141399661.000000	0.000000e+00
9.465599e+00	1.734258e+00	1.457612e-04	141560911.000000	0.000000e+00
9.467594e+00	1.733741e+00	1.457424e-04	141513081.000000	0.000000e+00
9.469588e+00	1.733027e+00	1.456251e-04	141624409.000000	0.000000e+00
9.471583e+00	1.732481e+00	1.455563e-04	141669045.000000	0.000000e+00
9.473578e+00	1.731853e+00	1.454714e-04	141731527.000000	0.000000e+00
9.475573e+00	1.731159e+00	1.453713e-04	141813201.000000	0.000000e+00
9.477567e+00	1.730275e+00	1.452874e-04	141832153.000000	0.000000e+00
9.479562e+00	1.730243e+00	1.452442e-04	141911095.000000	0.000000e+00
9.481557e+00	1.729426e+00	1.451412e-04	141978525.000000	0.000000e+00
9.483551e+00	1.728764e+00	1.450682e-04	142012693.000000	0.000000e+00
9.485545e+00	1.728244e+00	1.450023e-04	142056207.000000	0.000000e+00
9.487540e+00	1.727683e+00	1.448906e-04	142183033.000000	0.000000e+00
9.489535e+00	1.727064e+00	1.448204e-04	142218937.000000	0.000000e+00
9.491530e+00	1.726466e+00	1.447530e-04	142252809.000000	0.000000e+00
9.493524e+00	1.725783e+00	1.446490e-04	142344787.000000	0.000000e+00
9.495519e+00	1.725061e+00	1.445756e-04	142370133.000000	0.000000e+00
9.497514e+00	1.724723e+00	1.444974e-04	142468369.000000	0.000000e+00
9.499508e+00	1.723645e+00	1.444031e-04	142476327.000000	0.000000e+00
9.501503e+00	1.723421e+00	1.443296e-04	142584409.000000	0.000000e+00
9.503498e+00	1.722677e+00	1.442348e-04	142648717.000000	0.000000e+00
9.505492e+00	1.722165e+00	1.441907e-04	142651185.000000	0.000000e+00
9.507487e+00	1.721452e+00	1.440680e-04	142775815.000000	0.000000e+00
9.509482e+00	1.721010e+00	1.440125e-04	142812477.000000	0.000000e+00
9.511476e+00	1.720430e+00	1.439422e-04	142855885.000000	0.000000e+00
9.513471e+00	1.719733e+00	1.438486e-04	142925727.000000	0.000000e+00
9.515465e+00	1.719048e+00	1.437640e-04	142980133.000000	0.000000e+00
9.517460e+00	1.718747e+00	1.436876e-04	143081977.000000	0.000000e+00
9.519455e+00	1.718169e+00	1.436375e-04	143085723.000000	0.000000e+00
9.521449e+00	1.717340e+00	1.435221e-04	143177689.000000	0.000000e+00
9.523444e+00	1.716806e+00	1.434667e-04	143199129.000000	0.000000e+00
9.525438e+00	1.716558e+00	1.434130e-04	143265013.000000	0.000000e+00
9.527433e+00	1.715553e+00	1.432755e-04	143372079.000000	0.000000e+00
9.529428e+00	1.715023e+00	1.431985e-04	143437621.000000	0.000000e+00
9.531423e+00	1.714522e+00	1.431511e-04	143448757.000000	0.000000e+00
9.533417e+00	1.713898e+00	1.430731e-04	143500599.000000	0.000000e+00
9.535412e+00	1.713178e+00	1.429402e-04	143646865.000000	0.000000e+00
9.537407e+00	1.712631e+00	1.429158e-04	143604309.000000	0.000000e+00
9.539401e+00	1.712214e+00	1.428400e-04	143686597.000000	0.000000e+00
9.541395e+00	1.711358e+00	1.427248e-04	143774839.000000	0.000000e+00
9.543390e+00	1.711004e+00	1.426580e-04	143849841.000000	0.000000e+00
9.545385e+00	1.710297e+00	1.425736e-04	143901361.000000	0.000000e+00
9.547380e+00	1.709609e+00	1.425002e-04	143933871.000000	0.000000e+00
9.549374e+00	1.709141e+00	1.424447e-04	143967097.000000	0.000000e+00
9.551369e+00	1.708486e+00	1.423203e-04	144108237.000000	0.000000e+00
9.553363e+00	1.708233e+00	1.422982e-04	144110461.000000	0.000000e+00
9.555358e+00	1.707464e+00	1.421941e-04	144191647.000000	0.000000e+00
9.557353e+00	1.706696e+00	1.420932e-04	144266625.000000	0.000000e+00
9.559347e+00	1.706337e+00	1.420466e-04	144300433.000000	0.000000e+00
9.561342e+00	1.705657e+00	1.419388e-04	144404655.000000	0.000000e+00
9.563337e+00	1.705173e+00	1.419103e-04	144380629.000000	0.000000e+00
9.565331e+00	1.704513e+00	1.417956e-04	144502521.000000	0.000000e+00
9.567326e+00	1.703689e+00	1.416920e-04	144574015.000000	0.000000e+00
9.569321e+00	1.703319e+00	1.416456e-04	144605761.000000	0.000000e+00
9.571315e+00	1.702299e+00	1.415497e-04	144628401.000000	0.000000e+00
9.573310e+00	1.702024e+00	1.414496e-04	144786541.000000	0.000000e+00
9.575305e+00	1.701509e+00	1.414128e-04	144774303.000000	0.000000e+00
9.577299e+00	1.700900e+00	1.413232e-04	144854017.000000	0.000000e+00
9.579294e+00	1.700465e+00	1.412557e-04	144918381.000000	0.000000e+00
9.581289e+00	1.699945e+00	1.411764e-04	144992551.000000	0.000000e+00
9.583284e+00	1.698959e+00	1.410822e-04	145017853.000000	0.000000e+00
9.585278e+00	1.698592e+00	1.410127e-04	145098009.000000	0.000000e+00
9.587273e+00	1.697972e+00	1.409455e-04	145130449.000000	0.000000e+00
9.589267e+00	1.697464e+00	1.408629e-04	145213743.000000	0.000000e+00
9.591262e+00	1.696835e+00	1.407654e-04	145307281.000000	0.000000e+00
9.593257e+00	1.696209e+00	1.407215e-04	145290733.000000	0.000000e+00
9.595251e+00	1.695690e+00	1.406137e-04	145424475.000000	0.000000e+00
9.597246e+00	1.695080e+00	1.405578e-04	145435645.000000	0.000000e+00
9.599241e+00	1.694487e+00	1.404603e-04	145535493.000000	0.000000e+00
9.601235e+00	1.693581e+00	1.403805e-04	145545307.000000	0.000000e+00
9.603230e+00	1.693221e+00	1.402891e-04	145673097.000000	0.000000e+00
9.605225e+00	1.692784e+00	1.402423e-04	145695133.000000	0.000000e+00
9.607219e+00	1.692409e+00	1.401910e-04	145737133.000000	0.000000e+00
9.609214e+00	1.691712e+00	1.400974e-04	145811847.000000	0.000000e+00
9.611208e+00	1.691049e+00	1.400322e-04	145833229.000000	0.000000e+00
9.613203e+00	1.690310e+00	1.398964e-04	145988865.000000	0.000000e+00
9.615197e+00	1.690022e+00	1.398686e-04	145997083.000000	0.000000e+00
9.617192e+00	1.689233e+00	1.397704e-04	146065773.000000	0.000000e+00
9.619187e+00	1.688783e+00	1.396840e-04	146168833.000000	0.000000e+00
9.621182e+00	1.688262e+00	1.396538e-04	146141653.000000	0.000000e+00
9.623176e+00	1.687829e+00	1.395655e-04	146251563.000000	0.000000e+00
9.625171e+00	1.687169e+00	1.394837e-04	146308813.000000	0.000000e+00
9.627166e+00	1.686403e+00	1.394063e-04	146338257.000000	0.000000e+00
9.629160e+00	1.685894e+00	1.393092e-04	146454043.000000	0.000000e+00
9.631155e+00	1.685422e+00	1.392658e-04	146463037.000000	0.000000e+00
9.633150e+00	1.684694e+00	1.391515e-04	146577165.000000	0.000000e+00
9.635144e+00	1.684209e+00	1.391074e-04	146585533.000000	0.000000e+00
9.637139e+00	1.683464e+00	1.390041e-04	146673723.000000	0.000000e+00
9.639133e+00	1.683102e+00	1.389512e-04	146722417.000000	0.000000e+00
9.641128e+00	1.682430e+00	1.388649e-04	146787393.000000	0.000000e+00
9.643123e+00	1.682048e+00	1.387951e-04	146868475.000000	0.000000e+00
9.645118e+00	1.681161e+00	1.387035e-04	146907349.000000	0.000000e+00
9.647112e+00	1.680768e+00	1.386364e-04	146980905.000000	0.000000e+00
9.649107e+00	1.680318e+00	1.385878e-04	147005227.000000	0.000000e+00
9.651101e+00	1.679634e+00	1.384922e-04	147088641.000000	0.000000e+00
9.653096e+00	1.679002e+00	1.383981e-04	147177805.000000	0.000000e+00
9.655091e+00	1.678868e+00	1.383846e-04	147182949.000000	0.000000e+00
9.657085e+00	1.677857e+00	1.382599e-04	147271147.000000	0.000000e+00
9.659080e+00	1.677338e+00	1.381848e-04	147340141.000000	0.000000e+00
9.661075e+00	1.676786e+00	1.380886e-04	147448173.000000	0.000000e+00
9.663069e+00	1.676109e+00	1.380523e-04	147406759.000000	0.000000e+00
9.665064e+00	1.675625e+00	1.379414e-04	147558561.000000	0.000000e+00
9.667058e+00	1.675106e+00	1.379114e-04	147531301.000000	0.000000e+00
9.669053e+00	1.674641e+00	1.378272e-04	147629637.000000	0.000000e+00
9.671048e+00	1.674082e+00	1.377282e-04	147743359.000000	0.000000e+00
9.673042e+00	1.673524e+00	1.376744e-04	147760261.000000	0.000000e+00
9.675037e+00	1.672505e+00	1.375631e-04	147819201.000000	0.000000e+00
9.677032e+00	1.672557e+00	1.375295e-04	147900667.000000	0.000000e+00
9.679027e+00	1.671796e+00	1.374535e-04	147929385.000000	0.000000e+00
9.681021e+00	1.671164e+00	1.373635e-04	148011613.000000	0.000000e+00
9.683015e+00	1.670588e+00	1.373104e-04	148023871.000000	0.000000e+00
9.685010e+00	1.669892e+00	1.371764e-04	148189677.000000	0.000000e+00
9.687005e+00	1.669613e+00	1.371646e-04	148165549.000000	0.000000e+00
9.689000e+00	1.669137e+00	1.370853e-04	148252617.000000	0.000000e+00
9.690994e+00	1.668499e+00	1.370044e-04	148314187.000000	0.000000e+00
9.692989e+00	1.667722e+00	1.369112e-04	148377981.000000	0.000000e+00
9.694984e+00	1.667256e+00	1.368473e-04	148433713.000000	0.000000e+00
9.696978e+00	1.666613e+00	1.367725e-04	148481467.000000	0.000000e+00
9.698973e+00	1.666152e+00	1.366984e-04	148560285.000000	0.000000e+00
9.700968e+00	1.665568e+00	1.366148e-04	148637725.000000	0.000000e+00
9.702962e+00	1.664923e+00	1.365536e-04	148655925.000000	0.000000e+00
9.704957e+00	1.664523e+00	1.364808e-04	148743079.000000	0.000000e+00
9.706952e+00	1.663819e+00	1.363820e-04	148832649.000000	0.000000e+00
9.708946e+00	1.663587e+00	1.363754e-04	148805521.000000	0.000000e+00
9.710941e+00	1.662975e+00	1.362642e-04	148938799.000000	0.000000e+00
9.712935e+00	1.662304e+00	1.361902e-04	148980429.000000	0.000000e+00
9.714930e+00	1.661754e+00	1.360968e-04	149086309.000000	0.000000e+00
9.716925e+00	1.661198e+00	1.360597e-04	149067795.000000	0.000000e+00
9.718919e+00	1.660643e+00	1.359680e-04	149169193.000000	0.000000e+00
9.720914e+00	1.660328e+00	1.359168e-04	149224917.000000	0.000000e+00
9.722908e+00	1.659711e+00	1.358418e-04	149278753.000000	0.000000e+00
9.724903e+00	1.658971e+00	1.357414e-04	149366335.000000	0.000000e+00
9.726898e+00	1.658560e+00	1.356979e-04	149388069.000000	0.000000e+00
9.728892e+00	1.657745e+00	1.355772e-04	149507101.000000	0.000000e+00
9.730887e+00	1.657217e+00	1.355314e-04	149512899.000000	0.000000e+00
9.732882e+00	1.656665e+00	1.354397e-04	149615761.000000	0.000000e+00
9.734877e+00	1.656396e+00	1.353967e-04	149662165.000000	0.000000e+00
9.736871e+00	1.655591e+00	1.353051e-04	149719269.000000	0.000000e+00
9.738866e+00	1.654992e+00	1.352326e-04	149771335.000000	0.000000e+00
9.740860e+00	1.654471e+00	1.351664e-04	149823849.000000	0.000000e+00
9.742855e+00	1.654292e+00	1.350993e-04	149940325.000000	0.000000e+00
9.744850e+00	1.653329e+00	1.350073e-04	149969931.000000	0.000000e+00
9.746845e+00	1.653018e+00	1.349611e-04	150016093.000000	0.000000e+00
9.748839e+00	1.652347e+00	1.348735e-04	150089125.000000	0.000000e+00
9.750834e+00	1.651923e+00	1.348223e-04	150126081.000000	0.000000e+00
9.752828e+00	1.651491e+00	1.347444e-04	150221203.000000	0.000000e+00
9.754823e+00	1.651002e+00	1.346809e-04	150273789.000000	0.000000e+00
9.756818e+00	1.650319e+00	1.346005e-04	150328825.000000	0.000000e+00
9.758812e+00	1.649523e+00	1.345114e-04	150382971.000000	0.000000e+00
9.760807e+00	1.649044e+00	1.344337e-04	150469285.000000	0.000000e+00
9.762802e+00	1.648739e+00	1.343890e-04	150513817.000000	0.000000e+00
9.764796e+00	1.648093e+00	1.343167e-04	150557991.000000	0.000000e+00
9.766791e+00	1.647646e+00	1.342329e-04	150664189.000000	0.000000e+00
9.768786e+00	1.646964e+00	1.341544e-04	150715677.000000	0.000000e+00
9.770780e+00	1.646238e+00	1.340723e-04	150767341.000000	0.000000e+00
9.772775e+00	1.645860e+00	1.340414e-04	150767523.000000	0.000000e+00
9.774769e+00	1.645343e+00	1.339253e-04	150934201.000000	0.000000e+00
9.776764e+00	1.644708e+00	1.338603e-04	150964213.000000	0.000000e+00
9.778759e+00	1.644347e+00	1.338150e-04	151000155.000000	0.000000e+00
9.780753e+00	1.643671e+00	1.337399e-04	151045333.000000	0.000000e+00
9.782748e+00	1.643197e+00	1.336615e-04	151135557.000000	0.000000e+00
9.784743e+00	1.642579e+00	1.335910e-04	151181233.000000	0.000000e+00
9.786737e+00	1.642320e+00	1.335186e-04	151297699.000000	0.000000e+00
9.788732e+00	1.641692e+00	1.334657e-04	151301709.000000	0.000000e+00
9.790727e+00	1.640954e+00	1.333829e-04	151353481.000000	0.000000e+00
9.792721e+00	1.640481e+00	1.333054e-04	151442151.000000	0.000000e+00
9.794716e+00	1.639950e+00	1.332207e-04	151536805.000000	0.000000e+00
9.796711e+00	1.639417e+00	1.331563e-04	151584789.000000	0.000000e+00
9.798706e+00	1.638960e+00	1.331083e-04	151609567.000000	0.000000e+00
9.800700e+00	1.638290e+00	1.330229e-04	151680253.000000	0.000000e+00
9.802695e+00	1.638016e+00	1.329746e-04	151739661.000000	0.000000e+00
9.804689e+00	1.637334e+00	1.328757e-04	151839193.000000	0.000000e+00
9.806684e+00	1.636654e+00	1.328025e-04	151880127.000000	0.000000e+00
9.808678e+00	1.636307e+00	1.327772e-04	151873801.000000	0.000000e+00
9.810673e+00	1.635640e+00	1.326500e-04	152041053.000000	0.000000e+00
9.812668e+00	1.635421e+00	1.326386e-04	152026615.000000	0.000000e+00
9.814662e+00	1.634614e+00	1.325218e-04	152144413.000000	0.000000e+00
9.816657e+00	1.634037e+00	1.324620e-04	152174217.000000	0.000000e+00
9.818652e+00	1.633401e+00	1.323678e-04	152272321.000000	0.000000e+00
9.820646e+00	1.633012e+00	1.323370e-04	152270643.000000	0.000000e+00
9.822641e+00	1.632556e+00	1.322395e-04	152410081.000000	0.000000e+00
9.824636e+00	1.631687e+00	1.321898e-04	152362477.000000	0.000000e+00
9.826630e+00	1.631181e+00	1.320706e-04	152542995.000000	0.000000e+00
9.828625e+00	1.631110e+00	1.320650e-04	152542573.000000	0.000000e+00
9.830620e+00	1.630180e+00	1.319424e-04	152651985.000000	0.000000e+00
9.832614e+00	1.630137e+00	1.319508e-04	152624461.000000	0.000000e+00
9.834608e+00	1.629341e+00	1.318567e-04	152693223.000000	0.000000e+00
9.836603e+00	1.628711e+00	1.317360e-04	152854921.000000	0.000000e+00
9.838598e+00	1.628336e+00	1.317005e-04	152866753.000000	0.000000e+00
9.840593e+00	1.627716e+00	1.316270e-04	152921055.000000	0.000000e+00
9.842587e+00	1.627315e+00	1.315648e-04	152990293.000000	0.000000e+00
9.844582e+00	1.626667e+00	1.314670e-04	153095949.000000	0.000000e+00
9.846577e+00	1.626329e+00	1.314460e-04	153081307.000000	0.000000e+00
9.848572e+00	1.625506e+00	1.313344e-04	153186453.000000	0.000000e+00
9.850566e+00	1.625090e+00	1.313023e-04	153182929.000000	0.000000e+00
9.852561e+00	1.624736e+00	1.312085e-04	153335233.000000	0.000000e+00
9.854555e+00	1.624090e+00	1.311468e-04	153357423.000000	0.000000e+00
9.856550e+00	1.623686e+00	1.310873e-04	153420277.000000	0.000000e+00
9.858545e+00	1.622783e+00	1.309731e-04	153517113.000000	0.000000e+00
9.860540e+00	1.622550e+00	1.309490e-04	153529435.000000	0.000000e+00
9.862534e+00	1.622060e+00	1.308644e-04	153635073.000000	0.000000e+00
9.864529e+00	1.621466e+00	1.308093e-04	153652117.000000	0.000000e+00
9.866523e+00	1.620921e+00	1.307507e-04	153686497.000000	0.000000e+00
9.868518e+00	1.620310e+00	1.306495e-04	153808623.000000	0.000000e+00
9.870512e+00	1.620110e+00	1.306255e-04	153827233.000000	0.000000e+00
9.872507e+00	1.619441e+00	1.305133e-04	153964509.000000	0.000000e+00
9.874502e+00	1.618748e+00	1.304546e-04	153971179.000000	0.000000e+00
9.876496e+00	1.618479e+00	1.304079e-04	154030225.000000	0.000000e+00
9.878491e+00	1.617890e+00	1.303135e-04	154141437.000000	0.000000e+00
9.880486e+00	1.617453e+00	1.302779e-04	154142395.000000	0.000000e+00
9.882480e+00	1.616884e+00	1.301953e-04	154229397.000000	0.000000e+00
9.884475e+00	1.616164e+00	1.301089e-04	154296769.000000	0.000000e+00
9.886470e+00	1.615902e+00	1.300694e-04	154340553.000000	0.000000e+00
9.888464e+00	1.615065e+00	1.299598e-04	154440847.000000	0.000000e+00
9.890459e+00	1.614792e+00	1.299295e-04	154460617.000000	0.000000e+00
9.892454e+00	1.614057e+00	1.298280e-04	154561509.000000	0.000000e+00
9.894448e+00	1.613823e+00	1.298013e-04	154580095.000000	0.000000e+00
9.896443e+00	1.613057e+00	1.296941e-04	154688865.000000	0.000000e+00
9.898437e+00	1.612633e+00	1.296535e-04	154704349.000000	0.000000e+00
9.900432e+00	1.612380e+00	1.295743e-04	154844889.000000	0.000000e+00
9.902427e+00	1.611512e+00	1.295135e-04	154823419.000000	0.000000e+00
9.904422e+00	1.611064e+00	1.294415e-04	154909729.000000	0.000000e+00
9.906416e+00	1.610487e+00	1.293622e-04	154988541.000000	0.000000e+00
9.908411e+00	1.610047e+00	1.293170e-04	155012143.000000	0.000000e+00
9.910405e+00	1.609334e+00	1.292243e-04	155097141.000000	0.000000e+00
9.912400e+00	1.608999e+00	1.291601e-04	155186809.000000	0.000000e+00
9.914395e+00	1.608616e+00	1.291152e-04	155220837.000000	0.000000e+00
9.916389e+00	1.607946e+00	1.290201e-04	155320147.000000	0.000000e+00
9.918384e+00	1.607503e+00	1.289720e-04	155350609.000000	0.000000e+00
9.920379e+00	1.607020e+00	1.289069e-04	155414181.000000	0.000000e+00
9.922374e+00	1.606614e+00	1.288476e-04	155478451.000000	0.000000e+00
9.924368e+00	1.605895e+00	1.287595e-04	155552193.000000	0.000000e+00
9.926363e+00	1.605539e+00	1.287231e-04	155571061.000000	0.000000e+00
9.928357e+00	1.604903e+00	1.286445e-04	155637763.000000	0.000000e+00
9.930352e+00	1.604414e+00	1.285666e-04	155731365.000000	0.000000e+00
9.932346e+00	1.604096e+00	1.284960e-04	155840905.000000	0.000000e+00
9.934341e+00	1.603554e+00	1.284572e-04	155829777.000000	0.000000e+00
9.936336e+00	1.602867e+00	1.283756e-04	155894239.000000	0.000000e+00
9.938330e+00	1.602465e+00	1.282973e-04	156006297.000000	0.000000e+00
9.940325e+00	1.601908e+00	1.282309e-04	156059533.000000	0.000000e+00
9.942320e+00	1.601398e+00	1.281787e-04	156087055.000000	0.000000e+00
9.944314e+00	1.600969e+00	1.281182e-04	156150897.000000	0.000000e+00
9.946309e+00	1.600290e+00	1.280210e-04	156255493.000000	0.000000e+00
9.948304e+00	1.599769e+00	1.279654e-04	156289353.000000	0.000000e+00
9.950298e+00	1.599336e+00	1.279143e-04	156329515.000000	0.000000e+00
9.952293e+00	1.598842e+00	1.278369e-04	156422157.000000	0.000000e+00
9.954288e+00	1.598400e+00	1.277678e-04	156504949.000000	0.000000e+00
9.956282e+00	1.597756e+00	1.277073e-04	156526963.000000	0.000000e+00
9.958277e+00	1.597615e+00	1.276705e-04	156589857.000000	0.000000e+00
9.960272e+00	1.596908e+00	1.275703e-04	156696841.000000	0.000000e+00
9.962266e+00	1.596582e+00	1.275300e-04	156732003.000000	0.000000e+00
9.964261e+00	1.595806e+00	1.274404e-04	156800053.000000	0.000000e+00
9.966256e+00	1.595403e+00	1.274057e-04	156806205.000000	0.000000e+00
9.968250e+00	1.594954e+00	1.272994e-04	156979789.000000	0.000000e+00
9.970245e+00	1.594267e+00	1.272530e-04	156959083.000000	0.000000e+00
9.972240e+00	1.593959e+00	1.271999e-04	157029429.000000	0.000000e+00
9.974234e+00	1.593458e+00	1.271286e-04	157106845.000000	0.000000e+00
9.976229e+00	1.592919e+00	1.270505e-04	157193619.000000	0.000000e+00
9.978224e+00	1.592492e+00	1.270028e-04	157227373.000000	0.000000e+00
9.980218e+00	1.591785e+00	1.269198e-04	157293133.000000	0.000000e+00
9.982213e+00	1.591398e+00	1.268553e-04	157376709.000000	0.000000e+00
9.984208e+00	1.590845e+00	1.267968e-04	157412467.000000	0.000000e+00
9.986202e+00	1.590357e+00	1.267372e-04	157463997.000000	0.000000e+00
9.988197e+00	1.589761e+00	1.266492e-04	157564573.000000	0.000000e+00
9.990191e+00	1.589189e+00	1.265907e-04	157596879.000000	0.000000e+00
9.992186e+00	1.589101e+00	1.265401e-04	157705477.000000	0.000000e+00
9.994181e+00	1.588420e+00	1.264849e-04	157707721.000000	0.000000e+00
9.996175e+00	1.587870e+00	1.264093e-04	157787295.000000	0.000000e+00
9.998170e+00	1.587469e+00	1.263486e-04	157859041.000000	0.000000e+00
1.000016e+01	1.586915e+00	1.262638e-04	157961001.000000	0.000000e+00
1.000216e+01	1.586368e+00	1.262195e-04	157962985.000000	0.000000e+00
1.000415e+01	1.586004e+00	1.261591e-04	158041527.000000	0.000000e+00
1.000615e+01	1.585605e+00	1.261116e-04	158080933.000000	0.000000e+00
1.000814e+01	1.585033e+00	1.259963e-04	158256217.000000	0.000000e+00
1.001014e+01	1.584270e+00	1.259574e-04	158201655.000000	0.000000e+00
1.001213e+01	1.583958e+00	1.258926e-04	158302237.000000	0.000000e+00
1.001413e+01	1.583485e+00	1.258272e-04	158372241.000000	0.000000e+00
1.001612e+01	1.582922e+00	1.257531e-04	158446033.000000	0.000000e+00
1.001812e+01	1.582459e+00	1.256919e-04	158507707.000000	0.000000e+00
1.002011e+01	1.581954e+00	1.256432e-04	158529297.000000	0.000000e+00
1.002211e+01	1.581527e+00	1.255639e-04	158643949.000000	0.000000e+00
1.002410e+01	1.581058e+00	1.255114e-04	158682567.000000	0.000000e+00
1.002610e+01	1.580302e+00	1.254299e-04	158737021.000000	0.000000e+00
1.002809e+01	1.579966e+00	1.253830e-04	158788017.000000	0.000000e+00
1.003008e+01	1.579585e+00	1.253164e-04	158880373.000000	0.000000e+00
1.003208e+01	1.579240e+00	1.252635e-04	158944963.000000	0.000000e+00
1.003407e+01	1.578599e+00	1.251957e-04	158988105.000000	0.000000e+00
1.003607e+01	1.578046e+00	1.251122e-04	159088993.000000	0.000000e+00
1.003806e+01	1.577782e+00	1.250807e-04	159115983.000000	0.000000e+00
1.004006e+01	1.577062e+00	1.250132e-04	159142345.000000	0.000000e+00
1.004205e+01	1.576606e+00	1.249165e-04	159296757.000000	0.000000e+00
1.004405e+01	1.576246e+00	1.248996e-04	159267175.000000	0.000000e+00
1.004604e+01	1.575638e+00	1.248008e-04	159396145.000000	0.000000e+00
1.004804e+01	1.575066e+00	1.247367e-04	159444237.000000	0.000000e+00
1.005003e+01	1.574795e+00	1.246782e-04	159538873.000000	0.000000e+00
1.005203e+01	1.573994e+00	1.246075e-04	159557655.000000	0.000000e+00
1.005402e+01	1.573729e+00	1.245695e-04	159601417.000000	0.000000e+00
1.005601e+01	1.573128e+00	1.244875e-04	159689625.000000	0.000000e+00
1.005801e+01	1.572915e+00	1.244306e-04	159792403.000000	0.000000e+00
1.006000e+01	1.572402e+00	1.243771e-04	159825433.000000	0.000000e+00
1.006200e+01	1.571653e+00	1.243036e-04	159862281.000000	0.000000e+00
1.006399e+01	1.571261e+00	1.242370e-04	159953953.000000	0.000000e+00
1.006599e+01	1.570943e+00	1.241853e-04	160022259.000000	0.000000e+00
1.006798e+01	1.570295e+00	1.241116e-04	160080229.000000	0.000000e+00
1.006998e+01	1.569720e+00	1.240452e-04	160134409.000000	0.000000e+00
1.007197e+01	1.569439e+00	1.239879e-04	160225059.000000	0.000000e+00
1.007397e+01	1.568924e+00	1.239512e-04	160214773.000000	0.000000e+00
1.007596e+01	1.568375e+00	1.238615e-04	160334349.000000	0.000000e+00
1.007796e+01	1.567869e+00	1.237935e-04	160407043.000000	0.000000e+00
1.007995e+01	1.567578e+00	1.237617e-04	160430301.000000	0.000000e+00
1.008195e+01	1.567254e+00	1.236924e-04	160543549.000000	0.000000e+00
1.008394e+01	1.566559e+00	1.236303e-04	160562329.000000	0.000000e+00
1.008593e+01	1.566158e+00	1.235609e-04	160660491.000000	0.000000e+00
1.008793e+01	1.565280e+00	1.234662e-04	160726681.000000	0.000000e+00
1.008992e+01	1.565105e+00	1.234391e-04	160761249.000000	0.000000e+00
1.009192e+01	1.564619e+00	1.233896e-04	160790335.000000	0.000000e+00
1.009391e+01	1.564087e+00	1.232981e-04	160919625.000000	0.000000e+00
1.009591e+01	1.563654e+00	1.232380e-04	160987513.000000	0.000000e+00
1.009790e+01	1.563072e+00	1.231813e-04	161015797.000000	0.000000e+00
1.009990e+01	1.562582e+00	1.231141e-04	161090463.000000	0.000000e+00
1.010189e+01	1.561882e+00	1.230288e-04	161169601.000000	0.000000e+00
1.010389e+01	1.561819e+00	1.230049e-04	161219133.000000	0.000000e+00
1.010588e+01	1.561378e+00	1.229525e-04	161265583.000000	0.000000e+00
1.010788e+01	1.560717e+00	1.228682e-04	161350317.000000	0.000000e+00
1.010987e+01	1.560484e+00	1.228102e-04	161454301.000000	0.000000e+00
1.011187e+01	1.559834e+00	1.227660e-04	161436169.000000	0.000000e+00
1.011386e+01	1.559361e+00	1.226978e-04	161517459.000000	0.000000e+00
1.011585e+01	1.559003e+00	1.226250e-04	161635165.000000	0.000000e+00
1.011785e+01	1.558544e+00	1.225759e-04	161669481.000000	0.000000e+00
1.011984e+01	1.558038e+00	1.225293e-04	161687407.000000	0.000000e+00
1.012184e+01	1.557707e+00	1.224527e-04	161820949.000000	0.000000e+00
1.012383e+01	1.557035e+00	1.223808e-04	161871429.000000	0.000000e+00
1.012583e+01	1.556688e+00	1.223391e-04	161909623.000000	0.000000e+00
1.012782e+01	1.556266e+00	1.222764e-04	161987721.000000	0.000000e+00
1.012982e+01	1.555722e+00	1.222230e-04	162015889.000000	0.000000e+00
1.013181e+01	1.555315e+00	1.221516e-04	162120657.000000	0.000000e+00
1.013381e+01	1.554518e+00	1.220604e-04	162196459.000000	0.000000e+00
1.013580e+01	1.554178e+00	1.220326e-04	162199489.000000	0.000000e+00
1.013780e+01	1.553603e+00	1.219278e-04	162358329.000000	0.000000e+00
1.013979e+01	1.553366e+00	1.219221e-04	162323959.000000	0.000000e+00
1.014178e+01	1.552894e+00	1.218367e-04	162452937.000000	0.000000e+00
1.014378e+01	1.552370e+00	1.217907e-04	162465997.000000	0.000000e+00
1.014577e+01	1.551965e+00	1.217090e-04	162599253.000000	0.000000e+00
1.014777e+01	1.551237e+00	1.216655e-04	162562879.000000	0.000000e+00
1.014976e+01	1.551030e+00	1.215982e-04	162699337.000000	0.000000e+00
1.015176e+01	1.550421e+00	1.215315e-04	162750321.000000	0.000000e+00
1.015375e+01	1.549863e+00	1.214670e-04	162805999.000000	0.000000e+00
1.015575e+01	1.549620e+00	1.214140e-04	162896901.000000	0.000000e+00
1.015774e+01	1.549052e+00	1.213399e-04	162976489.000000	0.000000e+00
1.015974e+01	1.548511e+00	1.213011e-04	162966763.000000	0.000000e+00
1.016173e+01	1.548236e+00	1.212477e-04	163052217.000000	0.000000e+00
1.016373e+01	1.548016e+00	1.211914e-04	163157593.000000	0.000000e+00
1.016572e+01	1.547202e+00	1.211089e-04	163208169.000000	0.000000e+00
1.016772e+01	1.546713e+00	1.210530e-04	163255687.000000	0.000000e+00
1.016971e+01	1.546220e+00	1.209936e-04	163311933.000000	0.000000e+00
1.017170e+01	1.545718e+00	1.209229e-04	163396801.000000	0.000000e+00
1.017370e+01	1.545392e+00	1.208772e-04	163451323.000000	0.000000e+00
1.017569e+01	1.544859e+00	1.208031e-04	163539045.000000	0.000000e+00
1.017769e+01	1.544530e+00	1.207710e-04	163556509.000000	0.000000e+00
1.017968e+01	1.543995e+00	1.206950e-04	163649001.000000	0.000000e+00
1.018168e+01	1.543412e+00	1.206233e-04	163719859.000000	0.000000e+00
1.018367e+01	1.543190e+00	1.205659e-04	163828605.000000	0.000000e+00
1.018567e+01	1.542756e+00	1.205326e-04	163826989.000000	0.000000e+00
1.018766e+01	1.542228e+00	1.204751e-04	163871203.000000	0.000000e+00
1.018966e+01	1.541664e+00	1.204128e-04	163920813.000000	0.000000e+00
1.019165e+01	1.541229e+00	1.203305e-04	164052601.000000	0.000000e+00
1.019365e+01	1.540906e+00	1.202890e-04	164097015.000000	0.000000e+00
1.019564e+01	1.540344e+00	1.202162e-04	164175901.000000	0.000000e+00
1.019763e+01	1.540038e+00	1.201731e-04	164228481.000000	0.000000e+00
1.019963e+01	1.539411e+00	1.201069e-04	164275801.000000	0.000000e+00
1.020162e+01	1.538857e+00	1.200239e-04	164384455.000000	0.000000e+00
1.020362e+01	1.538515e+00	1.200066e-04	164358729.000000	0.000000e+00
1.020561e+01	1.538122e+00	1.199297e-04	164485621.000000	0.000000e+00
1.020761e+01	1.537637e+00	1.198608e-04	164570991.000000	0.000000e+00
1.020960e+01	1.537259e+00	1.198190e-04	164604781.000000	0.000000e+00
1.021160e+01	1.536769e+00	1.197563e-04	164672269.000000	0.000000e+00
1.021359e+01	1.536268e+00	1.197031e-04	164711193.000000	0.000000e+00
1.021559e+01	1.535891e+00	1.196373e-04	164811451.000000	0.000000e+00
1.021758e+01	1.535280e+00	1.195680e-04	164871441.000000	0.000000e+00
1.021958e+01	1.535019e+00	1.195174e-04	164954845.000000	0.000000e+00
1.022157e+01	1.534259e+00	1.194370e-04	165013455.000000	0.000000e+00
1.022357e+01	1.534228e+00	1.194279e-04	165032053.000000	0.000000e+00
1.022556e+01	1.533842e+00	1.193511e-04	165161425.000000	0.000000e+00
1.022755e+01	1.533156e+00	1.193051e-04	165140853.000000	0.000000e+00
1.022955e+01	1.532738e+00	1.192187e-04	165290083.000000	0.000000e+00
1.023154e+01	1.532323e+00	1.191726e-04	165328569.000000	0.000000e+00
1.023354e+01	1.531718e+00	1.191097e-04	165372421.000000	0.000000e+00
1.023553e+01	1.531309e+00	1.190560e-04	165433299.000000	0.000000e+00
1.023753e+01	1.530873e+00	1.189946e-04	165509833.000000	0.000000e+00
1.023952e+01	1.530613e+00	1.189537e-04	165567469.000000	0.000000e+00
1.024152e+01	1.529865e+00	1.188776e-04	165617307.000000	0.000000e+00
1.024351e+01	1.529674e+00	1.188212e-04	165733513.000000	0.000000e+00
1.024551e+01	1.529002e+00	1.187403e-04	165813549.000000	0.000000e+00
1.024750e+01	1.528567e+00	1.187165e-04	165785593.000000	0.000000e+00
1.024950e+01	1.528291e+00	1.186465e-04	165921171.000000	0.000000e+00
1.025149e+01	1.527948e+00	1.186175e-04	165927949.000000	0.000000e+00
1.025348e+01	1.527158e+00	1.185098e-04	166057969.000000	0.000000e+00
1.025548e+01	1.526854e+00	1.184810e-04	166072647.000000	0.000000e+00
1.025747e+01	1.526500e+00	1.184192e-04	166168837.000000	0.000000e+00
1.025947e+01	1.526074e+00	1.183622e-04	166235817.000000	0.000000e+00
1.026146e+01	1.525594e+00	1.183077e-04	166284529.000000	0.000000e+00
1.026346e+01	1.525368e+00	1.182731e-04	166332667.000000	0.000000e+00
1.026545e+01	1.524744e+00	1.181865e-04	166439997.000000	0.000000e+00
1.026745e+01	1.524151e+00	1.181363e-04	166452133.000000	0.000000e+00
1.026944e+01	1.523777e+00	1.180677e-04	166563879.000000	0.000000e+00
1.027144e+01	1.523535e+00	1.180369e-04	166597777.000000	0.000000e+00
1.027343e+01	1.522958e+00	1.179731e-04	166651557.000000	0.000000e+00
1.027543e+01	1.522481e+00	1.178956e-04	166766407.000000	0.000000e+00
1.027742e+01	1.521942e+00	1.178368e-04	166814773.000000	0.000000e+00
1.027942e+01	1.521654e+00	1.177947e-04	166870569.000000	0.000000e+00
1.028141e+01	1.521250e+00	1.177488e-04	166912201.000000	0.000000e+00
1.028340e+01	1.520930e+00	1.176875e-04	167015979.000000	0.000000e+00
1.028540e+01	1.520214e+00	1.176245e-04	167037421.000000	0.000000e+00
1.028739e+01	1.519861e+00	1.175575e-04	167150085.000000	0.000000e+00
1.028939e+01	1.519681e+00	1.175314e-04	167184871.000000	0.000000e+00
1.029138e+01	1.519006e+00	1.174404e-04	167295505.000000	0.000000e+00
1.029338e+01	1.518446e+00	1.173937e-04	167305161.000000	0.000000e+00
1.029537e+01	1.518106e+00	1.173332e-04	167402461.000000	0.000000e+00
1.029737e+01	1.517711e+00	1.172976e-04	167417163.000000	0.000000e+00
1.029936e+01	1.517222e+00	1.172384e-04	167478433.000000	0.000000e+00
1.030136e+01	1.516768e+00	1.171482e-04	167636121.000000	0.000000e+00
1.030335e+01	1.516195e+00	1.170940e-04	167664283.000000	0.000000e+00
1.030535e+01	1.515837e+00	1.170618e-04	167677429.000000	0.000000e+00
1.030734e+01	1.515916e+00	1.170423e-04	167750805.000000	0.000000e+00
1.030933e+01	1.515159e+00	1.169561e-04	167830525.000000	0.000000e+00
1.031133e+01	1.514567e+00	1.168679e-04	167952615.000000	0.000000e+00
1.031332e+01	1.514108e+00	1.168270e-04	167968357.000000	0.000000e+00
1.031532e+01	1.513693e+00	1.167729e-04	168031885.000000	0.000000e+00
1.031731e+01	1.513382e+00	1.167171e-04	168123471.000000	0.000000e+00
1.031931e+01	1.512838e+00	1.166564e-04	168177217.000000	0.000000e+00
1.032130e+01	1.512584e+00	1.166288e-04	168200409.000000	0.000000e+00
1.032330e+01	1.511790e+00	1.165323e-04	168302263.000000	0.000000e+00
1.032529e+01	1.511848e+00	1.165238e-04	168339981.000000	0.000000e+00
1.032729e+01	1.511207e+00	1.164351e-04	168453457.000000	0.000000e+00
1.032928e+01	1.510818e+00	1.164048e-04	168454453.000000	0.000000e+00
1.033128e+01	1.510368e+00	1.163379e-04	168547827.000000	0.000000e+00
1.033327e+01	1.509753e+00	1.162650e-04	168621805.000000	0.000000e+00
1.033527e+01	1.509544e+00	1.162066e-04	168744513.000000	0.000000e+00
1.033726e+01	1.509011e+00	1.161703e-04	168730999.000000	0.000000e+00
1.033925e+01	1.508485e+00	1.160986e-04	168821589.000000	0.000000e+00
1.034125e+01	1.508166e+00	1.160505e-04	168890137.000000	0.000000e+00
1.034324e+01	1.507745e+00	1.160011e-04	168939685.000000	0.000000e+00
1.034524e+01	1.507437e+00	1.159450e-04	169033887.000000	0.000000e+00
1.034723e+01	1.506760e+00	1.158921e-04	169036669.000000	0.000000e+00
1.034923e+01	1.506699e+00	1.158346e-04	169190709.000000	0.000000e+00
1.035122e+01	1.506128e+00	1.158026e-04	169155763.000000	0.000000e+00
1.035322e+01	1.505718e+00	1.157258e-04	169288261.000000	0.000000e+00
1.035521e+01	1.505283e+00	1.156671e-04	169362117.000000	0.000000e+00
1.035721e+01	1.505041e+00	1.156439e-04	169375699.000000	0.000000e+00
1.035920e+01	1.504431e+00	1.155661e-04	169466337.000000	0.000000e+00
1.036120e+01	1.503935e+00	1.155141e-04	169507165.000000	0.000000e+00
1.036319e+01	1.503414e+00	1.154255e-04	169649973.000000	0.000000e+00
1.036519e+01	1.503014e+00	1.153919e-04	169658263.000000	0.000000e+00
1.036718e+01	1.502665e+00	1.153489e-04	169706077.000000	0.000000e+00
1.036917e+01	1.502275e+00	1.152838e-04	169809717.000000	0.000000e+00
1.037117e+01	1.501855e+00	1.152474e-04	169821919.000000	0.000000e+00
1.037316e+01	1.501500e+00	1.151764e-04	169951077.000000	0.000000e+00
1.037516e+01	1.501085e+00	1.151353e-04	169978429.000000	0.000000e+00
1.037715e+01	1.500610e+00	1.150647e-04	170079093.000000	0.000000e+00
1.037915e+01	1.500061e+00	1.150113e-04	170112919.000000	0.000000e+00
1.038114e+01	1.499805e+00	1.149567e-04	170216185.000000	0.000000e+00
1.038314e+01	1.499434e+00	1.149193e-04	170242725.000000	0.000000e+00
1.038513e+01	1.498826e+00	1.148495e-04	170311807.000000	0.000000e+00
1.038713e+01	1.498465e+00	1.147886e-04	170410353.000000	0.000000e+00
1.038912e+01	1.497906e+00	1.147401e-04	170427193.000000	0.000000e+00
1.039112e+01	1.497825e+00	1.147106e-04	170496291.000000	0.000000e+00
1.039311e+01	1.497217e+00	1.146264e-04	170608357.000000	0.000000e+00
1.039510e+01	1.496906e+00	1.145849e-04	170660929.000000	0.000000e+00
1.039710e+01	1.496337e+00	1.145234e-04	170714337.000000	0.000000e+00
1.039909e+01	1.496073e+00	1.144889e-04	170756983.000000	0.000000e+00
1.040109e+01	1.495422e+00	1.144118e-04	170838597.000000	0.000000e+00
1.040308e+01	1.495191e+00	1.143789e-04	170884165.000000	0.000000e+00
1.040508e+01	1.494610e+00	1.142977e-04	170993959.000000	0.000000e+00
1.040707e+01	1.494321e+00	1.142544e-04	171057333.000000	0.000000e+00
1.040907e+01	1.494148e+00	1.142250e-04	171105925.000000	0.000000e+00
1.041106e+01	1.493615e+00	1.141880e-04	171094485.000000	0.000000e+00
1.041306e+01	1.493226e+00	1.140861e-04	171311167.000000	0.000000e+00
1.041505e+01	1.492613e+00	1.140519e-04	171273429.000000	0.000000e+00
1.041705e+01	1.492411e+00	1.139875e-04	171420373.000000	0.000000e+00
1.041904e+01	1.491732e+00	1.139561e-04	171358663.000000	0.000000e+00
1.042104e+01	1.491385e+00	1.138709e-04	171535497.000000	0.000000e+00
1.042303e+01	1.490992e+00	1.138279e-04	171574573.000000	0.000000e+00
1.042502e+01	1.490643e+00	1.137978e-04	171585129.000000	0.000000e+00
1.042702e+01	1.490234e+00	1.137302e-04	171695107.000000	0.000000e+00
1.042901e+01	1.489581e+00	1.136526e-04	171778701.000000	0.000000e+00
1.043101e+01	1.489380e+00	1.136088e-04	171864997.000000	0.000000e+00
1.043300e+01	1.488859e+00	1.135612e-04	171888703.000000	0.000000e+00
1.043500e+01	1.488638e+00	1.135282e-04	171937605.000000	0.000000e+00
1.043699e+01	1.488179e+00	1.134670e-04	172016989.000000	0.000000e+00
1.043899e+01	1.487898e+00	1.134118e-04	172119327.000000	0.000000e+00
1.044098e+01	1.487180e+00	1.133596e-04	172111669.000000	0.000000e+00
1.044298e+01	1.486850e+00	1.132888e-04	172250385.000000	0.000000e+00
1.044497e+01	1.486519e+00	1.132639e-04	172249537.000000	0.000000e+00
1.044697e+01	1.486067e+00	1.131839e-04	172388119.000000	0.000000e+00
1.044896e+01	1.485845e+00	1.131633e-04	172399401.000000	0.000000e+00
1.045095e+01	1.485014e+00	1.130744e-04	172477561.000000	0.000000e+00
1.045295e+01	1.484914e+00	1.130373e-04	172567431.000000	0.000000e+00
1.045494e+01	1.484501e+00	1.129968e-04	172595365.000000	0.000000e+00
1.045694e+01	1.484087e+00	1.129201e-04	172733209.000000	0.000000e+00
1.045893e+01	1.483908e+00	1.129095e-04	172724265.000000	0.000000e+00
1.046093e+01	1.483073e+00	1.128117e-04	172829251.000000	0.000000e+00
1.046292e+01	1.482982e+00	1.127991e-04	172846617.000000	0.000000e+00
1.046492e+01	1.482489e+00	1.127192e-04	172976437.000000	0.000000e+00
1.046691e+01	1.481993e+00	1.126712e-04	173008203.000000	0.000000e+00
1.046891e+01	1.481632e+00	1.126224e-04	173073733.000000	0.000000e+00
1.047090e+01	1.481162e+00	1.125754e-04	173108413.000000	0.000000e+00
1.047290e+01	1.480898e+00	1.125064e-04	173258979.000000	0.000000e+00
1.047489e+01	1.480386e+00	1.124740e-04	173238937.000000	0.000000e+00
1.047689e+01	1.480082e+00	1.124225e-04	173326545.000000	0.000000e+00
1.047888e+01	1.479798e+00	1.123631e-04	173443225.000000	0.000000e+00
1.048087e+01	1.479125e+00	1.123119e-04	173443551.000000	0.000000e+00
1.048287e+01	1.478835e+00	1.122491e-04	173569585.000000	0.000000e+00
1.048486e+01	1.478430e+00	1.122170e-04	173573665.000000	0.000000e+00
1.048686e+01	1.478158e+00	1.121638e-04	173674623.000000	0.000000e+00
1.048885e+01	1.477744e+00	1.121099e-04	173744221.000000	0.000000e+00
1.049085e+01	1.477316e+00	1.120572e-04	173806953.000000	0.000000e+00
1.049284e+01	1.477060e+00	1.120077e-04	173900245.000000	0.000000e+00
1.049484e+01	1.476547e+00	1.119649e-04	173912283.000000	0.000000e+00
1.049683e+01	1.476176e+00	1.119064e-04	174006961.000000	0.000000e+00
1.049883e+01	1.475617e+00	1.118385e-04	174086245.000000	0.000000e+00
1.050082e+01	1.475259e+00	1.117959e-04	174134559.000000	0.000000e+00
1.050282e+01	1.474703e+00	1.117327e-04	174200317.000000	0.000000e+00
1.050481e+01	1.474568e+00	1.117114e-04	174234669.000000	0.000000e+00
1.050680e+01	1.474092e+00	1.116458e-04	174326857.000000	0.000000e+00
1.050880e+01	1.473870e+00	1.115948e-04	174433543.000000	0.000000e+00
1.051079e+01	1.473485e+00	1.115586e-04	174455613.000000	0.000000e+00
1.051279e+01	1.473010e+00	1.114985e-04	174531337.000000	0.000000e+00
1.051478e+01	1.472669e+00	1.114579e-04	174577647.000000	0.000000e+00
1.051678e+01	1.472246e+00	1.114010e-04	174655669.000000	0.000000e+00
1.051877e+01	1.471907e+00	1.113444e-04	174752793.000000	0.000000e+00
1.052077e+01	1.471319e+00	1.112960e-04	174764923.000000	0.000000e+00
1.052276e+01	1.471015e+00	1.112308e-04	174897661.000000	0.000000e+00
1.052476e+01	1.470803e+00	1.112050e-04	174928545.000000	0.000000e+00
1.052675e+01	1.470074e+00	1.111333e-04	174980665.000000	0.000000e+00
1.052875e+01	1.469848e+00	1.110862e-04	175075203.000000	0.000000e+00
1.053074e+01	1.469604e+00	1.110538e-04	175119421.000000	0.000000e+00
1.053274e+01	1.469136e+00	1.109913e-04	175205025.000000	0.000000e+00
1.053473e+01	1.468625e+00	1.109341e-04	175263691.000000	0.000000e+00
1.053672e+01	1.468150e+00	1.108895e-04	175291021.000000	0.000000e+00
1.053872e+01	1.467819e+00	1.108263e-04	175412073.000000	0.000000e+00
1.054071e+01	1.467297e+00	1.107692e-04	175467913.000000	0.000000e+00
1.054271e+01	1.466947e+00	1.107138e-04	175560075.000000	0.000000e+00
1.054470e+01	1.466708e+00	1.107058e-04	175528093.000000	0.000000e+00
1.054670e+01	1.466380e+00	1.106316e-04	175684885.000000	0.000000e+00
1.054869e+01	1.465953e+00	1.105742e-04	175764819.000000	0.000000e+00
1.055069e+01	1.465669e+00	1.105498e-04	175774489.000000	0.000000e+00
1.055268e+01	1.465162e+00	1.104906e-04	175841145.000000	0.000000e+00
1.055468e+01	1.464749e+00	1.104295e-04	175936471.000000	0.000000e+00
1.055667e+01	1.464444e+00	1.103893e-04	175991361.000000	0.000000e+00
1.055867e+01	1.464173e+00	1.103601e-04	176019397.000000	0.000000e+00
1.056066e+01	1.463487e+00	1.102639e-04	176161429.000000	0.000000e+00
1.056266e+01	1.463417e+00	1.102482e-04	176194743.000000	0.000000e+00
1.056465e+01	1.462784e+00	1.101804e-04	176259277.000000	0.000000e+00
1.056664e+01	1.462418e+00	1.101338e-04	176319921.000000	0.000000e+00
1.056864e+01	1.461976e+00	1.100846e-04	176371027.000000	0.000000e+00
1.057063e+01	1.461695e+00	1.100420e-04	176439717.000000	0.000000e+00
1.057263e+01	1.461254e+00	1.099765e-04	176543461.000000	0.000000e+00
1.057462e+01	1.460893e+00	1.099339e-04	176593069.000000	0.000000e+00
1.057662e+01	1.460529e+00	1.098803e-04	176677323.000000	0.000000e+00
1.057861e+01	1.460058e+00	1.098499e-04	176661025.000000	0.000000e+00
1.058061e+01	1.459874e+00	1.097769e-04	176851473.000000	0.000000e+00
1.058260e+01	1.459350e+00	1.097568e-04	176789311.000000	0.000000e+00
1.058460e+01	1.459324e+00	1.096919e-04	176992341.000000	0.000000e+00
1.058659e+01	1.458749e+00	1.096474e-04	176996365.000000	0.000000e+00
1.058859e+01	1.458199e+00	1.095880e-04	177054769.000000	0.000000e+00
1.059058e+01	1.457926e+00	1.095460e-04	177124215.000000	0.000000e+00
1.059257e+01	1.457494e+00	1.094956e-04	177182173.000000	0.000000e+00
1.059457e+01	1.457178e+00	1.094464e-04	177264585.000000	0.000000e+00
1.059656e+01	1.456723e+00	1.093982e-04	177310171.000000	0.000000e+00
1.059856e+01	1.456266e+00	1.093349e-04	177404269.000000	0.000000e+00
1.060055e+01	1.455739e+00	1.092751e-04	177469881.000000	0.000000e+00
1.060255e+01	1.455563e+00	1.092504e-04	177507187.000000	0.000000e+00
1.060454e+01	1.455277e+00	1.091963e-04	177613161.000000	0.000000e+00
1.060654e+01	1.454874e+00	1.091552e-04	177648781.000000	0.000000e+00
1.060853e+01	1.454464e+00	1.091056e-04	177709989.000000	0.000000e+00
1.061053e+01	1.454082e+00	1.090507e-04	177795631.000000	0.000000e+00
1.061252e+01	1.453746e+00	1.090025e-04	177870625.000000	0.000000e+00
1.061452e+01	1.453255e+00	1.089552e-04	177904869.000000	0.000000e+00
1.061651e+01	1.452958e+00	1.088961e-04	178025227.000000	0.000000e+00
1.061851e+01	1.452761e+00	1.088853e-04	178012053.000000	0.000000e+00
1.062050e+01	1.452468e+00	1.088390e-04	178091605.000000	0.000000e+00
1.062249e+01	1.451932e+00	1.087532e-04	178241313.000000	0.000000e+00
1.062449e+01	1.451572e+00	1.087156e-04	178276267.000000	0.000000e+00
1.062648e+01	1.451214e+00	1.086794e-04	178306993.000000	0.000000e+00
1.062848e+01	1.450826e+00	1.086225e-04	178398321.000000	0.000000e+00
1.063047e+01	1.450508e+00	1.085793e-04	178462207.000000	0.000000e+00
1.063247e+01	1.450110e+00	1.085400e-04	178493265.000000	0.000000e+00
1.063446e+01	1.449561e+00	1.084509e-04	178651561.000000	0.000000e+00
1.063646e+01	1.449373e+00	1.084493e-04	178610343.000000	0.000000e+00
1.063845e+01	1.448949e+00	1.083701e-04	178767073.000000	0.000000e+00
1.064045e+01	1.448482e+00	1.083240e-04	178803973.000000	0.000000e+00
1.064244e+01	1.448320e+00	1.083014e-04	178838457.000000	0.000000e+00
1.064444e+01	1.447825e+00	1.082332e-04	178941583.000000	0.000000e+00
1.064643e+01	1.447486e+00	1.081934e-04	178989261.000000	0.000000e+00
1.064842e+01	1.447090e+00	1.081401e-04	179067973.000000	0.000000e+00
1.065042e+01	1.446482e+00	1.080705e-04	179147815.000000	0.000000e+00
1.065241e+01	1.446387e+00	1.080499e-04	179192745.000000	0.000000e+00
1.065441e+01	1.445898e+00	1.079893e-04	179272777.000000	0.000000e+00
1.065640e+01	1.445578e+00	1.079477e-04	179331357.000000	0.000000e+00
1.065840e+01	1.445205e+00	1.079059e-04	179377615.000000	0.000000e+00
1.066039e+01	1.444702e+00	1.078363e-04	179484357.000000	0.000000e+00
1.066239e+01	1.444657e+00	1.078269e-04	179504377.000000	0.000000e+00
1.066438e+01	1.444092e+00	1.077459e-04	179633971.000000	0.000000e+00
1.066638e+01	1.443808e+00	1.077127e-04	179673945.000000	0.000000e+00
1.066837e+01	1.443506e+00	1.076771e-04	179717617.000000	0.000000e+00
1.067037e+01	1.442997e+00	1.076233e-04	179770599.000000	0.000000e+00
1.067236e+01	1.442733e+00	1.075613e-04	179911981.000000	0.000000e+00
1.067436e+01	1.442416e+00	1.075354e-04	179919525.000000	0.000000e+00
1.067635e+01	1.441920e+00	1.074696e-04	180015733.000000	0.000000e+00
1.067834e+01	1.441610e+00	1.074329e-04	180061591.000000	0.000000e+00
1.068034e+01	1.441284e+00	1.073878e-04	180131277.000000	0.000000e+00
1.068233e+01	1.440875e+00	1.073299e-04	180223453.000000	0.000000e+00
1.068433e+01	1.440290e+00	1.072671e-04	180287823.000000	0.000000e+00
1.068632e+01	1.440191e+00	1.072439e-04	180341317.000000	0.000000e+00
1.068832e+01	1.439751e+00	1.072023e-04	180371073.000000	0.000000e+00
1.069031e+01	1.439644e+00	1.071487e-04	180524725.000000	0.000000e+00
1.069231e+01	1.439096e+00	1.071032e-04	180540643.000000	0.000000e+00
1.069430e+01	1.438756e+00	1.070673e-04	180576117.000000	0.000000e+00
1.069630e+01	1.438375e+00	1.070053e-04	180689785.000000	0.000000e+00
1.069829e+01	1.438065e+00	1.069718e-04	180725175.000000	0.000000e+00
1.070029e+01	1.437494e+00	1.068958e-04	180838333.000000	0.000000e+00
1.070228e+01	1.437337e+00	1.068683e-04	180892105.000000	0.000000e+00
1.070428e+01	1.436948e+00	1.068241e-04	180943677.000000	0.000000e+00
1.070627e+01	1.436781e+00	1.067945e-04	181001875.000000	0.000000e+00
1.070826e+01	1.436167e+00	1.067279e-04	181072905.000000	0.000000e+00
1.071026e+01	1.436019e+00	1.066925e-04	181156009.000000	0.000000e+00
1.071225e+01	1.435531e+00	1.066389e-04	181215159.000000	0.000000e+00
1.071425e+01	1.435126e+00	1.065870e-04	181289137.000000	0.000000e+00
1.071624e+01	1.434740e+00	1.065353e-04	181367389.000000	0.000000e+00
1.071824e+01	1.434620e+00	1.065111e-04	181419603.000000	0.000000e+00
1.072023e+01	1.434076e+00	1.064505e-04	181488541.000000	0.000000e+00
1.072223e+01	1.433751e+00	1.064062e-04	181557465.000000	0.000000e+00
1.072422e+01	1.433214e+00	1.063473e-04	181622257.000000	0.000000e+00
1.072622e+01	1.433204e+00	1.063261e-04	181692183.000000	0.000000e+00
1.072821e+01	1.432789e+00	1.062945e-04	181694749.000000	0.000000e+00
1.073021e+01	1.432382e+00	1.062167e-04	181858021.000000	0.000000e+00
1.073220e+01	1.432125e+00	1.061946e-04	181868439.000000	0.000000e+00
1.073419e+01	1.431625e+00	1.061117e-04	182025601.000000	0.000000e+00
1.073619e+01	1.431414e+00	1.060993e-04	182014353.000000	0.000000e+00
1.073818e+01	1.430884e+00	1.060481e-04	182055469.000000	0.000000e+00
1.074018e+01	1.430614e+00	1.059986e-04	182156383.000000	0.000000e+00
1.074217e+01	1.430257e+00	1.059385e-04	182272041.000000	0.000000e+00
1.074417e+01	1.429825e+00	1.059028e-04	182285197.000000	0.000000e+00
1.074616e+01	1.429569e+00	1.058609e-04	182364051.000000	0.000000e+00
1.074816e+01	1.429153e+00	1.058047e-04	182451589.000000	0.000000e+00
1.075015e+01	1.428796e+00	1.057662e-04	182493165.000000	0.000000e+00
1.075215e+01	1.428446e+00	1.057187e-04	182567671.000000	0.000000e+00
1.075414e+01	1.428252e+00	1.056797e-04	182652757.000000	0.000000e+00
1.075614e+01	1.427870e+00	1.056469e-04	182668401.000000	0.000000e+00
1.075813e+01	1.427491e+00	1.055721e-04	182830561.000000	0.000000e+00
1.076013e+01	1.427181e+00	1.055552e-04	182809407.000000	0.000000e+00
1.076212e+01	1.426582e+00	1.054830e-04	182906377.000000	0.000000e+00
1.076411e+01	1.426290e+00	1.054467e-04	182957277.000000	0.000000e+00
1.076611e+01	1.425911e+00	1.053902e-04	183056071.000000	0.000000e+00
1.076810e+01	1.425729e+00	1.053588e-04	183118441.000000	0.000000e+00
1.077010e+01	1.425575e+00	1.053365e-04	183156549.000000	0.000000e+00
1.077209e+01	1.425032e+00	1.052687e-04	183252877.000000	0.000000e+00
1.077409e+01	1.424625e+00	1.052226e-04	183308643.000000	0.000000e+00
1.077608e+01	1.424527e+00	1.051935e-04	183385009.000000	0.000000e+00
1.077808e+01	1.424066e+00	1.051347e-04	183471177.000000	0.000000e+00
1.078007e+01	1.423803e+00	1.050983e-04	183530515.000000	0.000000e+00
1.078207e+01	1.423278e+00	1.050518e-04	183557557.000000	0.000000e+00
1.078406e+01	1.422926e+00	1.049969e-04	183658785.000000	0.000000e+00
1.078606e+01	1.422603e+00	1.049536e-04	183726925.000000	0.000000e+00
1.078805e+01	1.422322e+00	1.049082e-04	183813339.000000	0.000000e+00
1.079005e+01	1.422056e+00	1.048730e-04	183867973.000000	0.000000e+00
1.079204e+01	1.421662e+00	1.048440e-04	183867985.000000	0.000000e+00
1.079403e+01	1.421397e+00	1.047778e-04	184031487.000000	0.000000e+00
1.079603e+01	1.420912e+00	1.047357e-04	184053853.000000	0.000000e+00
1.079802e+01	1.420708e+00	1.046896e-04	184163145.000000	0.000000e+00
1.080002e+01	1.420322e+00	1.046656e-04	184147639.000000	0.000000e+00
1.080201e+01	1.420050e+00	1.045977e-04	184316013.000000	0.000000e+00
1.080401e+01	1.419859e+00	1.045828e-04	184319029.000000	0.000000e+00
1.080600e+01	1.419162e+00	1.045058e-04	184409485.000000	0.000000e+00
1.080800e+01	1.418966e+00	1.044784e-04	184455171.000000	0.000000e+00
1.080999e+01	1.418654e+00	1.044297e-04	184545973.000000	0.000000e+00
1.081199e+01	1.418536e+00	1.044035e-04	184607865.000000	0.000000e+00
1.081398e+01	1.417806e+00	1.043353e-04	184659247.000000	0.000000e+00
1.081598e+01	1.417616e+00	1.042936e-04	184757373.000000	0.000000e+00
1.081797e+01	1.417256e+00	1.042540e-04	184803937.000000	0.000000e+00
1.081996e+01	1.417102e+00	1.042340e-04	184834705.000000	0.000000e+00
1.082196e+01	1.416678e+00	1.041587e-04	184991115.000000	0.000000e+00
1.082395e+01	1.416566e+00	1.041389e-04	185032177.000000	0.000000e+00
1.082595e+01	1.416116e+00	1.040950e-04	185070897.000000	0.000000e+00
1.082794e+01	1.415710e+00	1.040459e-04	185139367.000000	0.000000e+00
1.082994e+01	1.415341e+00	1.039826e-04	185268225.000000	0.000000e+00
1.083193e+01	1.415159e+00	1.039783e-04	185235769.000000	0.000000e+00
1.083393e+01	1.414488e+00	1.038904e-04	185373403.000000	0.000000e+00
1.083592e+01	1.414265e+00	1.038588e-04	185427789.000000	0.000000e+00
1.083792e+01	1.413946e+00	1.038189e-04	185486641.000000	0.000000e+00
1.083991e+01	1.413724e+00	1.037883e-04	185537601.000000	0.000000e+00
1.084191e+01	1.413406e+00	1.037307e-04	185660143.000000	0.000000e+00
1.084390e+01	1.413025e+00	1.036926e-04	185696485.000000	0.000000e+00
1.084590e+01	1.412716e+00	1.036477e-04	185776137.000000	0.000000e+00
1.084789e+01	1.412382e+00	1.036021e-04	185852119.000000	0.000000e+00
1.084988e+01	1.411998e+00	1.035587e-04	185906589.000000	0.000000e+00
1.085188e+01	1.411762e+00	1.035224e-04	185975125.000000	0.000000e+00
1.085387e+01	1.411337e+00	1.034832e-04	186003813.000000	0.000000e+00
1.085587e+01	1.411079e+00	1.034248e-04	186145795.000000	0.000000e+00
1.085786e+01	1.410821e+00	1.033991e-04	186170293.000000	0.000000e+00
1.085986e+01	1.410491e+00	1.033512e-04	186255585.000000	0.000000e+00
1.086185e+01	1.410011e+00	1.033017e-04	186307255.000000	0.000000e+00
1.086385e+01	1.409838e+00	1.032701e-04	186375537.000000	0.000000e+00
1.086584e+01	1.409307e+00	1.032041e-04	186473629.000000	0.000000e+00
1.086784e+01	1.409119e+00	1.031865e-04	186487491.000000	0.000000e+00
1.086983e+01	1.408888e+00	1.031446e-04	186577885.000000	0.000000e+00
1.087183e+01	1.408599e+00	1.031074e-04	186635641.000000	0.000000e+00
1.087382e+01	1.408137e+00	1.030404e-04	186755865.000000	0.000000e+00
1.087581e+01	1.407901e+00	1.030104e-04	186802183.000000	0.000000e+00
1.087781e+01	1.407530e+00	1.029743e-04	186834765.000000	0.000000e+00
1.087980e+01	1.407103e+00	1.029112e-04	186950641.000000	0.000000e+00
1.088180e+01	1.407030e+00	1.028887e-04	187013011.000000	0.000000e+00
1.088379e+01	1.406433e+00	1.028377e-04	187039365.000000	0.000000e+00
1.088579e+01	1.406205e+00	1.027998e-04	187116877.000000	0.000000e+00
1.088778e+01	1.405890e+00	1.027424e-04	187242069.000000	0.000000e+00
1.088978e+01	1.405429e+00	1.026939e-04	187296019.000000	0.000000e+00
1.089177e+01	1.405321e+00	1.026906e-04	187279329.000000	0.000000e+00
1.089377e+01	1.404822e+00	1.026079e-04	187448341.000000	0.000000e+00
1.089576e+01	1.404579e+00	1.025798e-04	187486003.000000	0.000000e+00
1.089776e+01	1.404497e+00	1.025639e-04	187521993.000000	0.000000e+00
1.089975e+01	1.403824e+00	1.024874e-04	187622317.000000	0.000000e+00
1.090175e+01	1.403577e+00	1.024486e-04	187698153.000000	0.000000e+00
1.090374e+01	1.403394e+00	1.024094e-04	187793239.000000	0.000000e+00
1.090573e+01	1.402945e+00	1.023742e-04	187801977.000000	0.000000e+00
1.090773e+01	1.402854e+00	1.023568e-04	187841665.000000	0.000000e+00
1.090972e+01	1.402443e+00	1.022781e-04	188020591.000000	0.000000e+00
1.091172e+01	1.402171e+00	1.022670e-04	187988253.000000	0.000000e+00
1.091371e+01	1.401595e+00	1.021820e-04	188146741.000000	0.000000e+00
1.091571e+01	1.401523e+00	1.021851e-04	188115663.000000	0.000000e+00
1.091770e+01	1.401141e+00	1.021204e-04	188251453.000000	0.000000e+00
1.091970e+01	1.400830e+00	1.020915e-04	188274609.000000	0.000000e+00
1.092169e+01	1.400309e+00	1.020263e-04	188374921.000000	0.000000e+00
1.092369e+01	1.400148e+00	1.019875e-04	188475199.000000	0.000000e+00
1.092568e+01	1.399816e+00	1.019602e-04	188486577.000000	0.000000e+00
1.092768e+01	1.399694e+00	1.019108e-04	188636377.000000	0.000000e+00
1.092967e+01	1.399178e+00	1.018797e-04	188612667.000000	0.000000e+00
1.093166e+01	1.398813e+00	1.018343e-04	188682325.000000	0.000000e+00
1.093366e+01	1.398531e+00	1.017849e-04	188789233.000000	0.000000e+00
1.093565e+01	1.398367e+00	1.017586e-04	188842641.000000	0.000000e+00
1.093765e+01	1.398157e+00	1.017133e-04	188954227.000000	0.000000e+00
1.093964e+01	1.397778e+00	1.016759e-04	188990733.000000	0.000000e+00
1.094164e+01	1.397348e+00	1.016206e-04	189080197.000000	0.000000e+00
1.094363e+01	1.396950e+00	1.015822e-04	189115335.000000	0.000000e+00
1.094563e+01	1.396813e+00	1.015424e-04	189226321.000000	0.000000e+00
1.094762e+01	1.396538e+00	1.015153e-04	189252889.000000	0.000000e+00
1.094962e+01	1.396077e+00	1.014647e-04	189316743.000000	0.000000e+00
1.095161e+01	1.395835e+00	1.014227e-04	189407725.000000	0.000000e+00
1.095361e+01	1.395545e+00	1.013750e-04	189507585.000000	0.000000e+00
1.095560e+01	1.395247e+00	1.013534e-04	189507073.000000	0.000000e+00
1.095760e+01	1.394936e+00	1.012973e-04	189632463.000000	0.000000e+00
1.095959e+01	1.394518e+00	1.012584e-04	189664609.000000	0.000000e+00
1.096158e+01	1.394381e+00	1.012250e-04	189752401.000000	0.000000e+00
1.096358e+01	1.393876e+00	1.011646e-04	189841503.000000	0.000000e+00
1.096557e+01	1.393688e+00	1.011404e-04	189881077.000000	0.000000e+00
1.096757e+01	1.393392e+00	1.010994e-04	189954465.000000	0.000000e+00
1.096956e+01	1.393115e+00	1.010658e-04	190005349.000000	0.000000e+00
1.097156e+01	1.392732e+00	1.010062e-04	190125003.000000	0.000000e+00
1.097355e+01	1.392445e+00	1.009815e-04	190139605.000000	0.000000e+00
1.097555e+01	1.392270e+00	1.009411e-04	190244161.000000	0.000000e+00
1.097754e+01	1.391860e+00	1.008945e-04	190307559.000000	0.000000e+00
1.097954e+01	1.391502e+00	1.008466e-04	190390441.000000	0.000000e+00
1.098153e+01	1.391188e+00	1.008188e-04	190409505.000000	0.000000e+00
1.098353e+01	1.391092e+00	1.007828e-04	190519273.000000	0.000000e+00
1.098552e+01	1.390459e+00	1.007193e-04	190585747.000000	0.000000e+00
1.098751e+01	1.390301e+00	1.006901e-04	190653129.000000	0.000000e+00
1.098951e+01	1.390007e+00	1.006450e-04	190743445.000000	0.000000e+00
1.099150e+01	1.389918e+00	1.006263e-04	190790055.000000	0.000000e+00
1.099350e+01	1.389515e+00	1.005899e-04	190817089.000000	0.000000e+00
1.099549e+01	1.389040e+00	1.005200e-04	190952073.000000	0.000000e+00
1.099749e+01	1.388696e+00	1.004764e-04	191023327.000000	0.000000e+00
1.099948e+01	1.388659e+00	1.004723e-04	191028397.000000	0.000000e+00
1.100148e+01	1.388185e+00	1.004105e-04	191133177.000000	0.000000e+00
1.100347e+01	1.387941e+00	1.003738e-04	191205781.000000	0.000000e+00
1.100547e+01	1.387704e+00	1.003279e-04	191315643.000000	0.000000e+00
1.100746e+01	1.387227e+00	1.002997e-04	191291389.000000	0.000000e+00
1.100946e+01	1.387160e+00	1.002600e-04	191424549.000000	0.000000e+00
1.101145e+01	1.386762e+00	1.002109e-04	191502139.000000	0.000000e+00
1.101345e+01	1.386496e+00	1.001849e-04	191528185.000000	0.000000e+00
1.101544e+01	1.385904e+00	1.001117e-04	191644521.000000	0.000000e+00
1.101743e+01	1.385838e+00	1.001023e-04	191662261.000000	0.000000e+00
1.101943e+01	1.385461e+00	1.000462e-04	191772855.000000	0.000000e+00
1.102142e+01	1.385163e+00	1.000076e-04	191838577.000000	0.000000e+00
1.102342e+01	1.384893e+00	9.998259e-05	191859717.000000	0.000000e+00
1.102541e+01	1.384612e+00	9.992673e-05	191996275.000000	0.000000e+00
1.102741e+01	1.384280e+00	9.989055e-05	192043153.000000	0.000000e+00
1.102940e+01	1.383926e+00	9.984488e-05	192120825.000000	0.000000e+00
1.103140e+01	1.383681e+00	9.982733e-05	192120331.000000	0.000000e+00
1.103339e+01	1.383493e+00	9.976870e-05	192293877.000000	0.000000e+00
1.103539e+01	1.383156e+00	9.974732e-05	192282433.000000	0.000000e+00
1.103738e+01	1.382941e+00	9.970559e-05	192383641.000000	0.000000e+00
1.103938e+01	1.382651e+00	9.966194e-05	192471603.000000	0.000000e+00
1.104137e+01	1.382316e+00	9.963662e-05	192475933.000000	0.000000e+00
1.104336e+01	1.382049e+00	9.957524e-05	192639009.000000	0.000000e+00
1.104536e+01	1.381870e+00	9.955308e-05	192674911.000000	0.000000e+00
1.104735e+01	1.381646e+00	9.952550e-05	192719073.000000	0.000000e+00
1.104935e+01	1.381270e+00	9.946907e-05	192832945.000000	0.000000e+00
1.105134e+01	1.380959e+00	9.944113e-05	192854497.000000	0.000000e+00
1.105334e+01	1.380723e+00	9.940799e-05	192917067.000000	0.000000e+00
1.105533e+01	1.380400e+00	9.935470e-05	193033801.000000	0.000000e+00
1.105733e+01	1.380246e+00	9.933547e-05	193065213.000000	0.000000e+00
1.105932e+01	1.379675e+00	9.926455e-05	193181287.000000	0.000000e+00
1.106132e+01	1.379560e+00	9.925447e-05	193188453.000000	0.000000e+00
1.106331e+01	1.379223e+00	9.919916e-05	193309357.000000	0.000000e+00
1.106531e+01	1.378879e+00	9.916013e-05	193365079.000000	0.000000e+00
1.106730e+01	1.378610e+00	9.913080e-05	193403937.000000	0.000000e+00
1.106930e+01	1.378507e+00	9.910942e-05	193458721.000000	0.000000e+00
1.107129e+01	1.378041e+00	9.902872e-05	193643061.000000	0.000000e+00
1.107329e+01	1.377595e+00	9.899873e-05	193634935.000000	0.000000e+00
1.107528e+01	1.377474e+00	9.897312e-05	193701085.000000	0.000000e+00
1.107727e+01	1.377352e+00	9.895739e-05	193728477.000000	0.000000e+00
1.107927e+01	1.377114e+00	9.889722e-05	193897231.000000	0.000000e+00
1.108126e+01	1.376799e+00	9.887145e-05	193909581.000000	0.000000e+00
1.108326e+01	1.376457e+00	9.883054e-05	193973725.000000	0.000000e+00
1.108525e+01	1.375964e+00	9.878250e-05	194023389.000000	0.000000e+00
1.108725e+01	1.375807e+00	9.873936e-05	194148727.000000	0.000000e+00
1.108924e+01	1.375491e+00	9.869636e-05	194228605.000000	0.000000e+00
1.109124e+01	1.375301e+00	9.867302e-05	194266881.000000	0.000000e+00
1.109323e+01	1.374864e+00	9.863350e-05	194298991.000000	0.000000e+00
1.109523e+01	1.374689e+00	9.858958e-05	194422677.000000	0.000000e+00
1.109722e+01	1.374569e+00	9.856078e-05	194502241.000000	0.000000e+00
1.109922e+01	1.374091e+00	9.852525e-05	194507421.000000	0.000000e+00
1.110121e+01	1.373787e+00	9.847099e-05	194635567.000000	0.000000e+00
1.110320e+01	1.373482e+00	9.843450e-05	194693425.000000	0.000000e+00
1.110520e+01	1.373378e+00	9.841818e-05	194728641.000000	0.000000e+00
1.110719e+01	1.372986e+00	9.836125e-05	194842603.000000	0.000000e+00
1.110919e+01	1.372879e+00	9.834423e-05	194879901.000000	0.000000e+00
1.111118e+01	1.372504e+00	9.828867e-05	194993677.000000	0.000000e+00
1.111318e+01	1.372124e+00	9.825444e-05	195021339.000000	0.000000e+00
1.111517e+01	1.371782e+00	9.819789e-05	195148705.000000	0.000000e+00
1.111717e+01	1.371865e+00	9.821341e-05	195110593.000000	0.000000e+00
1.111916e+01	1.371396e+00	9.813881e-05	195273921.000000	0.000000e+00
1.112116e+01	1.370981e+00	9.810213e-05	195301651.000000	0.000000e+00
1.112315e+01	1.370801e+00	9.806990e-05	195378705.000000	0.000000e+00
1.112515e+01	1.370512e+00	9.802527e-05	195474349.000000	0.000000e+00
1.112714e+01	1.370284e+00	9.800116e-05	195505363.000000	0.000000e+00
1.112913e+01	1.369801e+00	9.793966e-05	195612897.000000	0.000000e+00
1.113113e+01	1.369729e+00	9.792143e-05	195665293.000000	0.000000e+00
1.113312e+01	1.369516e+00	9.788122e-05	195765177.000000	0.000000e+00
1.113512e+01	1.369325e+00	9.785678e-05	195808423.000000	0.000000e+00
1.113711e+01	1.368939e+00	9.781969e-05	195846393.000000	0.000000e+00
1.113911e+01	1.368596e+00	9.777090e-05	195943837.000000	0.000000e+00
1.114110e+01	1.368424e+00	9.772634e-05	196072999.000000	0.000000e+00
1.114310e+01	1.368154e+00	9.771648e-05	196035393.000000	0.000000e+00
1.114509e+01	1.368003e+00	9.766711e-05	196190305.000000	0.000000e+00
1.114709e+01	1.367693e+00	9.764040e-05	196208499.000000	0.000000e+00
1.114908e+01	1.367190e+00	9.758665e-05	196280269.000000	0.000000e+00
1.115108e+01	1.366968e+00	9.754992e-05	196364337.000000	0.000000e+00
1.115307e+01	1.366972e+00	9.752375e-05	196470949.000000	0.000000e+00
1.115507e+01	1.366452e+00	9.748469e-05	196478839.000000	0.000000e+00
1.115706e+01	1.366098e+00	9.744421e-05	196540401.000000	0.000000e+00
1.115905e+01	1.365994e+00	9.738968e-05	196730509.000000	0.000000e+00
1.116105e+01	1.365662e+00	9.737307e-05	196702095.000000	0.000000e+00
1.116304e+01	1.365427e+00	9.733093e-05	196804465.000000	0.000000e+00
1.116504e+01	1.365124e+00	9.730123e-05	196837257.000000	0.000000e+00
1.116703e+01	1.365001e+00	9.726387e-05	196953001.000000	0.000000e+00
1.116903e+01	1.364705e+00	9.723480e-05	196985347.000000	0.000000e+00
1.117102e+01	1.364299e+00	9.718438e-05	197072565.000000	0.000000e+00
1.117302e+01	1.363977e+00	9.715202e-05	197110921.000000	0.000000e+00
1.117501e+01	1.363731e+00	9.710188e-05	197243283.000000	0.000000e+00
1.117701e+01	1.363636e+00	9.708335e-05	197291017.000000	0.000000e+00
1.117900e+01	1.363398e+00	9.705310e-05	197345185.000000	0.000000e+00
1.118100e+01	1.363051e+00	9.701851e-05	197385477.000000	0.000000e+00
1.118299e+01	1.362772e+00	9.696693e-05	197514619.000000	0.000000e+00
1.118499e+01	1.362644e+00	9.694291e-05	197575449.000000	0.000000e+00
1.118698e+01	1.362301e+00	9.691248e-05	197600005.000000	0.000000e+00
1.118897e+01	1.361927e+00	9.685373e-05	197731179.000000	0.000000e+00
1.119097e+01	1.361809e+00	9.683134e-05	197788369.000000	0.000000e+00
1.119296e+01	1.361290e+00	9.678296e-05	197835217.000000	0.000000e+00
1.119496e+01	1.361032e+00	9.674301e-05	197923515.000000	0.000000e+00
1.119695e+01	1.360886e+00	9.670748e-05	198026533.000000	0.000000e+00
1.119895e+01	1.360667e+00	9.669275e-05	198023145.000000	0.000000e+00
1.120094e+01	1.360492e+00	9.665398e-05	198131089.000000	0.000000e+00
1.120294e+01	1.360119e+00	9.661456e-05	198183975.000000	0.000000e+00
1.120493e+01	1.360044e+00	9.658646e-05	198277453.000000	0.000000e+00
1.120693e+01	1.359716e+00	9.654569e-05	198349321.000000	0.000000e+00
1.120892e+01	1.359453e+00	9.651704e-05	198390159.000000	0.000000e+00
1.121092e+01	1.359305e+00	9.647957e-05	198501169.000000	0.000000e+00
1.121291e+01	1.358966e+00	9.644688e-05	198536841.000000	0.000000e+00
1.121490e+01	1.358859e+00	9.641873e-05	198621277.000000	0.000000e+00
1.121690e+01	1.358518e+00	9.637866e-05	198686883.000000	0.000000e+00
1.121889e+01	1.358100e+00	9.632977e-05	198766273.000000	0.000000e+00
1.122089e+01	1.357848e+00	9.629166e-05	198849673.000000	0.000000e+00
1.122288e+01	1.357797e+00	9.627820e-05	198890379.000000	0.000000e+00
1.122488e+01	1.357334e+00	9.622314e-05	198982429.000000	0.000000e+00
1.122687e+01	1.357262e+00	9.620302e-05	199044345.000000	0.000000e+00
1.122887e+01	1.356946e+00	9.615658e-05	199143823.000000	0.000000e+00
1.123086e+01	1.356662e+00	9.613554e-05	199147837.000000	0.000000e+00
1.123286e+01	1.356393e+00	9.608301e-05	199286577.000000	0.000000e+00
1.123485e+01	1.356266e+00	9.606751e-05	199313509.000000	0.000000e+00
1.123685e+01	1.355863e+00	9.600854e-05	199439715.000000	0.000000e+00
1.123884e+01	1.355663e+00	9.599877e-05	199421497.000000	0.000000e+00
1.124084e+01	1.355338e+00	9.592904e-05	199615893.000000	0.000000e+00
1.124283e+01	1.355207e+00	9.593777e-05	199540795.000000	0.000000e+00
1.124482e+01	1.354932e+00	9.588416e-05	199682965.000000	0.000000e+00
1.124682e+01	1.354603e+00	9.583894e-05	199774377.000000	0.000000e+00
1.124881e+01	1.354302e+00	9.579726e-05	199859497.000000	0.000000e+00
1.125081e+01	1.354253e+00	9.578255e-05	199906431.000000	0.000000e+00
1.125280e+01	1.353889e+00	9.575639e-05	199908241.000000	0.000000e+00
1.125480e+01	1.353544e+00	9.569101e-05	200079441.000000	0.000000e+00
1.125679e+01	1.353456e+00	9.568387e-05	200083267.000000	0.000000e+00
1.125879e+01	1.353076e+00	9.562088e-05	200234341.000000	0.000000e+00
1.126078e+01	1.352850e+00	9.561500e-05	200192169.000000	0.000000e+00
1.126278e+01	1.352649e+00	9.558008e-05	200279029.000000	0.000000e+00
1.126477e+01	1.352528e+00	9.552775e-05	200462595.000000	0.000000e+00
1.126677e+01	1.352261e+00	9.550560e-05	200476429.000000	0.000000e+00
1.126876e+01	1.352063e+00	9.548250e-05	200514685.000000	0.000000e+00
1.127076e+01	1.351727e+00	9.543418e-05	200618199.000000	0.000000e+00
1.127275e+01	1.351477e+00	9.541188e-05	200637697.000000	0.000000e+00
1.127474e+01	1.351257e+00	9.536635e-05	200763813.000000	0.000000e+00
1.127674e+01	1.350931e+00	9.533761e-05	200788039.000000	0.000000e+00
1.127873e+01	1.350799e+00	9.529559e-05	200925945.000000	0.000000e+00
1.128073e+01	1.350471e+00	9.525937e-05	200981113.000000	0.000000e+00
1.128272e+01	1.350380e+00	9.525082e-05	200990125.000000	0.000000e+00
1.128472e+01	1.350104e+00	9.520666e-05	201094443.000000	0.000000e+00
1.128671e+01	1.349756e+00	9.515644e-05	201202945.000000	0.000000e+00
1.128871e+01	1.349520e+00	9.513272e-05	201232749.000000	0.000000e+00
1.129070e+01	1.349389e+00	9.509347e-05	201359815.000000	0.000000e+00
1.129270e+01	1.349076e+00	9.507287e-05	201353853.000000	0.000000e+00
1.129469e+01	1.348761e+00	9.502401e-05	201466813.000000	0.000000e+00
1.129669e+01	1.348612e+00	9.500400e-05	201506905.000000	0.000000e+00
1.129868e+01	1.348333e+00	9.495275e-05	201641319.000000	0.000000e+00
1.130067e+01	1.348092e+00	9.493301e-05	201652945.000000	0.000000e+00
1.130267e+01	1.347887e+00	9.489291e-05	201762177.000000	0.000000e+00
1.130466e+01	1.347543e+00	9.485726e-05	201810787.000000	0.000000e+00
1.130666e+01	1.347295e+00	9.483221e-05	201843057.000000	0.000000e+00
1.130865e+01	1.347132e+00	9.478019e-05	202015789.000000	0.000000e+00
1.131065e+01	1.346917e+00	9.476906e-05	201998683.000000	0.000000e+00
1.131264e+01	1.346600e+00	9.472904e-05	202074213.000000	0.000000e+00
1.131464e+01	1.346404e+00	9.468255e-05	202213909.000000	0.000000e+00
1.131663e+01	1.346210e+00	9.466275e-05	202240029.000000	0.000000e+00
1.131863e+01	1.346007e+00	9.463023e-05	202318087.000000	0.000000e+00
1.132062e+01	1.345927e+00	9.461744e-05	202348837.000000	0.000000e+00
1.132262e+01	1.345479e+00	9.455416e-05	202484745.000000	0.000000e+00
1.132461e+01	1.345334e+00	9.453963e-05	202503319.000000	0.000000e+00
1.132661e+01	1.345146e+00	9.450295e-05	202603965.000000	0.000000e+00
1.132860e+01	1.344947e+00	9.447181e-05	202677553.000000	0.000000e+00
1.133059e+01	1.344542e+00	9.444024e-05	202691181.000000	0.000000e+00
1.133259e+01	1.344270e+00	9.437586e-05	202885639.000000	0.000000e+00
1.133458e+01	1.344018e+00	9.435669e-05	202891789.000000	0.000000e+00
1.133658e+01	1.343738e+00	9.431972e-05	202966365.000000	0.000000e+00
1.133857e+01	1.343752e+00	9.431305e-05	202999267.000000	0.000000e+00
1.134057e+01	1.343466e+00	9.427222e-05	203088861.000000	0.000000e+00
1.134256e+01	1.343218e+00	9.423182e-05	203188009.000000	0.000000e+00
1.134456e+01	1.342880e+00	9.419137e-05	203260227.000000	0.000000e+00
1.134655e+01	1.342877e+00	9.418898e-05	203269573.000000	0.000000e+00
1.134855e+01	1.342480e+00	9.413039e-05	203402173.000000	0.000000e+00
1.135054e+01	1.342272e+00	9.410278e-05	203458533.000000	0.000000e+00
1.135254e+01	1.342023e+00	9.406657e-05	203539747.000000	0.000000e+00
1.135453e+01	1.341969e+00	9.404440e-05	203619417.000000	0.000000e+00
1.135653e+01	1.341603e+00	9.401562e-05	203632837.000000	0.000000e+00
1.135852e+01	1.341369e+00	9.397210e-05	203750499.000000	0.000000e+00
1.136051e+01	1.341167e+00	9.394427e-05	203809861.000000	0.000000e+00
1.136251e+01	1.341068e+00	9.391971e-05	203886409.000000	0.000000e+00
1.136450e+01	1.340792e+00	9.389501e-05	203909805.000000	0.000000e+00
1.136650e+01	1.340460e+00	9.382790e-05	204100351.000000	0.000000e+00
1.136849e+01	1.340329e+00	9.382847e-05	204057897.000000	0.000000e+00
1.137049e+01	1.339852e+00	9.376514e-05	204188245.000000	0.000000e+00
1.137248e+01	1.339913e+00	9.377091e-05	204181879.000000	0.000000e+00
1.137448e+01	1.339515e+00	9.370053e-05	204367173.000000	0.000000e+00
1.137647e+01	1.339389e+00	9.368517e-05	204395629.000000	0.000000e+00
1.137847e+01	1.339091e+00	9.365293e-05	204445353.000000	0.000000e+00
1.138046e+01	1.338945e+00	9.362160e-05	204537751.000000	0.000000e+00
1.138246e+01	1.338846e+00	9.360475e-05	204581121.000000	0.000000e+00
1.138445e+01	1.338257e+00	9.352896e-05	204732613.000000	0.000000e+00
1.138644e+01	1.338204e+00	9.352807e-05	204720175.000000	0.000000e+00
1.138844e+01	1.338051e+00	9.349102e-05	204835653.000000	0.000000e+00
1.139043e+01	1.337870e+00	9.348276e-05	204816589.000000	0.000000e+00
1.139243e+01	1.337573e+00	9.341927e-05	205003851.000000	0.000000e+00
1.139442e+01	1.337235e+00	9.339265e-05	205017097.000000	0.000000e+00
1.139642e+01	1.337018e+00	9.335058e-05	205135233.000000	0.000000e+00
1.139841e+01	1.336900e+00	9.334110e-05	205140817.000000	0.000000e+00
1.140041e+01	1.336692e+00	9.329313e-05	205287955.000000	0.000000e+00
1.140240e+01	1.336708e+00	9.329353e-05	205291101.000000	0.000000e+00
1.140440e+01	1.336300e+00	9.324613e-05	205374433.000000	0.000000e+00
1.140639e+01	1.336038e+00	9.320849e-05	205459767.000000	0.000000e+00
1.140839e+01	1.335962e+00	9.318813e-05	205526149.000000	0.000000e+00
1.141038e+01	1.335700e+00	9.314552e-05	205633545.000000	0.000000e+00
1.141237e+01	1.335587e+00	9.312641e-05	205683181.000000	0.000000e+00
1.141437e+01	1.335218e+00	9.308464e-05	205753999.000000	0.000000e+00
1.141636e+01	1.335205e+00	9.306375e-05	205842249.000000	0.000000e+00
1.141836e+01	1.334868e+00	9.303902e-05	205847941.000000	0.000000e+00
1.142035e+01	1.334755e+00	9.299444e-05	206010519.000000	0.000000e+00
1.142235e+01	1.334320e+00	9.296786e-05	205993885.000000	0.000000e+00
1.142434e+01	1.334127e+00	9.291842e-05	206153449.000000	0.000000e+00
1.142634e+01	1.333989e+00	9.291253e-05	206136879.000000	0.000000e+00
1.142833e+01	1.333773e+00	9.285837e-05	206310757.000000	0.000000e+00
1.143033e+01	1.333547e+00	9.284672e-05	206292621.000000	0.000000e+00
1.143232e+01	1.333370e+00	9.280946e-05	206403529.000000	0.000000e+00
1.143432e+01	1.333175e+00	9.277791e-05	206483343.000000	0.000000e+00
1.143631e+01	1.333003e+00	9.275031e-05	206552905.000000	0.000000e+00
1.143831e+01	1.332867e+00	9.272951e-05	206603593.000000	0.000000e+00
1.144030e+01	1.332460e+00	9.268679e-05	206667795.000000	0.000000e+00
1.144229e+01	1.332269e+00	9.264633e-05	206789125.000000	0.000000e+00
1.144429e+01	1.332295e+00	9.265283e-05	206767917.000000	0.000000e+00
1.144628e+01	1.331936e+00	9.257828e-05	206989489.000000	0.000000e+00
1.144828e+01	1.331907e+00	9.258185e-05	206964555.000000	0.000000e+00
1.145027e+01	1.331643e+00	9.255104e-05	207020329.000000	0.000000e+00
1.145227e+01	1.331173e+00	9.249248e-05	207136357.000000	0.000000e+00
1.145426e+01	1.331028e+00	9.247558e-05	207166947.000000	0.000000e+00
1.145626e+01	1.331079e+00	9.246727e-05	207220057.000000	0.000000e+00
1.145825e+01	1.330776e+00	9.239920e-05	207430809.000000	0.000000e+00
1.146025e+01	1.330606e+00	9.241049e-05	207327109.000000	0.000000e+00
1.146224e+01	1.330372e+00	9.234584e-05	207544747.000000	0.000000e+00
1.146424e+01	1.330018e+00	9.231438e-05	207575745.000000	0.000000e+00
1.146623e+01	1.329946e+00	9.231281e-05	207560245.000000	0.000000e+00
1.146823e+01	1.329726e+00	9.226246e-05	207718083.000000	0.000000e+00
1.147022e+01	1.329389e+00	9.222412e-05	207785545.000000	0.000000e+00
1.147221e+01	1.329131e+00	9.219331e-05	207843573.000000	0.000000e+00
1.147421e+01	1.328927e+00	9.216586e-05	207903691.000000	0.000000e+00
1.147620e+01	1.328804e+00	9.214066e-05	207978817.000000	0.000000e+00
1.147820e+01	1.328561e+00	9.210787e-05	208050789.000000	0.000000e+00
1.148019e+01	1.328296e+00	9.207072e-05	208135717.000000	0.000000e+00
1.148219e+01	1.328261e+00	9.205569e-05	208192851.000000	0.000000e+00
1.148418e+01	1.328066e+00	9.202708e-05	208261021.000000	0.000000e+00
1.148618e+01	1.327788e+00	9.198078e-05	208383633.000000	0.000000e+00
1.148817e+01	1.327755e+00	9.196654e-05	208437619.000000	0.000000e+00
1.149017e+01	1.327368e+00	9.192828e-05	208489705.000000	0.000000e+00
1.149216e+01	1.327333e+00	9.192234e-05	208505433.000000	0.000000e+00
1.149416e+01	1.327204e+00	9.188585e-05	208630561.000000	0.000000e+00
1.149615e+01	1.326819e+00	9.183250e-05	208751943.000000	0.000000e+00
1.149814e+01	1.326676e+00	9.181435e-05	208789549.000000	0.000000e+00
1.150014e+01	1.326578e+00	9.179073e-05	208866225.000000	0.000000e+00
1.150213e+01	1.326248e+00	9.176062e-05	208899139.000000	0.000000e+00
1.150413e+01	1.326170e+00	9.173290e-05	209000773.000000	0.000000e+00
1.150612e+01	1.325884e+00	9.169964e-05	209062329.000000	0.000000e+00
1.150812e+01	1.325808e+00	9.167413e-05	209154655.000000	0.000000e+00
1.151011e+01	1.325518e+00	9.163582e-05	209237973.000000	0.000000e+00
1.151211e+01	1.325301e+00	9.160775e-05	209297761.000000	0.000000e+00
1.151410e+01	1.325116e+00	9.159180e-05	209312125.000000	0.000000e+00
1.151610e+01	1.324849e+00	9.153976e-05	209465859.000000	0.000000e+00
1.151809e+01	1.324926e+00	9.153939e-05	209491789.000000	0.000000e+00
1.152009e+01	1.324292e+00	9.147316e-05	209594625.000000	0.000000e+00
1.152208e+01	1.324214e+00	9.145398e-05	209657875.000000	0.000000e+00
1.152408e+01	1.324058e+00	9.143013e-05	209717745.000000	0.000000e+00
1.152607e+01	1.324048e+00	9.140683e-05	209821585.000000	0.000000e+00
1.152806e+01	1.323883e+00	9.138599e-05	209865109.000000	0.000000e+00
1.153006e+01	1.323626e+00	9.135086e-05	209944863.000000	0.000000e+00
1.153205e+01	1.323612e+00	9.133725e-05	210002977.000000	0.000000e+00
1.153405e+01	1.323251e+00	9.129634e-05	210076701.000000	0.000000e+00
1.153604e+01	1.323143e+00	9.126096e-05	210205267.000000	0.000000e+00
1.153804e+01	1.322882e+00	9.124628e-05	210189897.000000	0.000000e+00
1.154003e+01	1.322566e+00	9.119556e-05	210323221.000000	0.000000e+00
1.154203e+01	1.322399e+00	9.117653e-05	210357787.000000	0.000000e+00
1.154402e+01	1.322192e+00	9.114068e-05	210457641.000000	0.000000e+00
1.154602e+01	1.322031e+00	9.111170e-05	210540133.000000	0.000000e+00
1.154801e+01	1.321912e+00	9.109756e-05	210567489.000000	0.000000e+00
1.155001e+01	1.321923e+00	9.107334e-05	210683119.000000	0.000000e+00
1.155200e+01	1.321353e+00	9.102236e-05	210737457.000000	0.000000e+00
1.155400e+01	1.321408e+00	9.100386e-05	210840625.000000	0.000000e+00
1.155599e+01	1.321176e+00	9.097763e-05	210888007.000000	0.000000e+00
1.155798e+01	1.321042e+00	9.095707e-05	210940569.000000	0.000000e+00
1.155998e+01	1.320780e+00	9.092067e-05	211025773.000000	0.000000e+00
1.156197e+01	1.320559e+00	9.088860e-05	211104249.000000	0.000000e+00
1.156397e+01	1.320395e+00	9.085940e-05	211187383.000000	0.000000e+00
1.156596e+01	1.320257e+00	9.083969e-05	211234885.000000	0.000000e+00
1.156796e+01	1.320158e+00	9.080606e-05	211359549.000000	0.000000e+00
1.156995e+01	1.319973e+00	9.078691e-05	211389775.000000	0.000000e+00
1.157195e+01	1.319715e+00	9.075410e-05	211459821.000000	0.000000e+00
1.157394e+01	1.319524e+00	9.072313e-05	211542961.000000	0.000000e+00
1.157594e+01	1.319288e+00	9.069732e-05	211587609.000000	0.000000e+00
1.157793e+01	1.319356e+00	9.066718e-05	211750291.000000	0.000000e+00
1.157993e+01	1.319193e+00	9.065598e-05	211750249.000000	0.000000e+00
1.158192e+01	1.318816e+00	9.060826e-05	211852065.000000	0.000000e+00
1.158391e+01	1.318726e+00	9.059574e-05	211881667.000000	0.000000e+00
1.158591e+01	1.318575e+00	9.056716e-05	211966833.000000	0.000000e+00
1.158790e+01	1.318426e+00	9.053464e-05	212071477.000000	0.000000e+00
1.158990e+01	1.318227e+00	9.050424e-05	212149767.000000	0.000000e+00
1.159189e+01	1.318097e+00	9.049291e-05	212160925.000000	0.000000e+00
1.159389e+01	1.317728e+00	9.044071e-05	212287225.000000	0.000000e+00
1.159588e+01	1.317668e+00	9.042418e-05	212345397.000000	0.000000e+00
1.159788e+01	1.317403e+00	9.038742e-05	212432803.000000	0.000000e+00
1.159987e+01	1.317374e+00	9.038150e-05	212451033.000000	0.000000e+00
1.160187e+01	1.317178e+00	9.033729e-05	212595769.000000	0.000000e+00
1.160386e+01	1.317020e+00	9.032118e-05	212620539.000000	0.000000e+00
1.160586e+01	1.316980e+00	9.028680e-05	212769781.000000	0.000000e+00
1.160785e+01	1.316727e+00	9.027780e-05	212730565.000000	0.000000e+00
1.160985e+01	1.316457e+00	9.022831e-05	212876349.000000	0.000000e+00
1.161184e+01	1.316227e+00	9.019574e-05	212955895.000000	0.000000e+00
1.161383e+01	1.316016e+00	9.018101e-05	212957193.000000	0.000000e+00
1.161583e+01	1.316053e+00	9.016386e-05	213050137.000000	0.000000e+00
1.161782e+01	1.315782e+00	9.011298e-05	213202939.000000	0.000000e+00
1.161982e+01	1.315707e+00	9.010301e-05	213225933.000000	0.000000e+00
1.162181e+01	1.315372e+00	9.005828e-05	213328993.000000	0.000000e+00
1.162381e+01	1.315364e+00	9.005434e-05	213344919.000000	0.000000e+00
1.162580e+01	1.315049e+00	9.001445e-05	213431797.000000	0.000000e+00
1.162780e+01	1.315015e+00	8.999242e-05	213525513.000000	0.000000e+00
1.162979e+01	1.314655e+00	8.995145e-05	213602905.000000	0.000000e+00
1.163179e+01	1.314500e+00	8.993117e-05	213649027.000000	0.000000e+00
1.163378e+01	1.314314e+00	8.990849e-05	213696213.000000	0.000000e+00
1.163578e+01	1.314184e+00	8.986465e-05	213862453.000000	0.000000e+00
1.163777e+01	1.313968e+00	8.984185e-05	213900627.000000	0.000000e+00
1.163976e+01	1.313841e+00	8.982685e-05	213930901.000000	0.000000e+00
1.164176e+01	1.313816e+00	8.980282e-05	214037109.000000	0.000000e+00
1.164375e+01	1.313418e+00	8.977289e-05	214050049.000000	0.000000e+00
1.164575e+01	1.313501e+00	8.973254e-05	214269811.000000	0.000000e+00
1.164774e+01	1.313367e+00	8.974283e-05	214176969.000000	0.000000e+00
1.164974e+01	1.312989e+00	8.967920e-05	214357501.000000	0.000000e+00
1.165173e+01	1.312966e+00	8.966946e-05	214396539.000000	0.000000e+00
1.165373e+01	1.312923e+00	8.965326e-05	214460053.000000	0.000000e+00
1.165572e+01	1.312446e+00	8.960266e-05	214546345.000000	0.000000e+00
1.165772e+01	1.312429e+00	8.959932e-05	214556709.000000	0.000000e+00
1.165971e+01	1.312191e+00	8.953765e-05	214774639.000000	0.000000e+00
1.166171e+01	1.312216e+00	8.954508e-05	214747137.000000	0.000000e+00
1.166370e+01	1.312100e+00	8.952499e-05	214805617.000000	0.000000e+00
1.166570e+01	1.311967e+00	8.949165e-05	214921827.000000	0.000000e+00
1.166769e+01	1.311699e+00	8.945793e-05	214996009.000000	0.000000e+00
1.166968e+01	1.311667e+00	8.944411e-05	215052049.000000	0.000000e+00
1.167168e+01	1.311217e+00	8.939385e-05	215146383.000000	0.000000e+00
1.167367e+01	1.311239e+00	8.938093e-05	215215741.000000	0.000000e+00
1.167567e+01	1.310988e+00	8.934442e-05	215309085.000000	0.000000e+00
1.167766e+01	1.311036e+00	8.935681e-05	215265193.000000	0.000000e+00
1.167966e+01	1.310876e+00	8.930853e-05	215445447.000000	0.000000e+00
1.168165e+01	1.310523e+00	8.926532e-05	215538049.000000	0.000000e+00
1.168365e+01	1.310478e+00	8.925259e-05	215584693.000000	0.000000e+00
1.168564e+01	1.310334e+00	8.923649e-05	215615007.000000	0.000000e+00
1.168764e+01	1.310072e+00	8.919684e-05	215720557.000000	0.000000e+00
1.168963e+01	1.310049e+00	8.917970e-05	215795697.000000	0.000000e+00
1.169163e+01	1.309975e+00	8.915524e-05	215889949.000000	0.000000e+00
1.169362e+01	1.309746e+00	8.913960e-05	215890311.000000	0.000000e+00
1.169561e+01	1.309527e+00	8.909473e-05	216035365.000000	0.000000e+00
1.169761e+01	1.309403e+00	8.906894e-05	216119533.000000	0.000000e+00
1.169960e+01	1.309308e+00	8.905523e-05	216154635.000000	0.000000e+00
1.170160e+01	1.308987e+00	8.902804e-05	216180817.000000	0.000000e+00
1.170359e+01	1.309010e+00	8.899173e-05	216364881.000000	0.000000e+00
1.170559e+01	1.308816e+00	8.898269e-05	216344539.000000	0.000000e+00
1.170758e+01	1.308548e+00	8.893783e-05	216474337.000000	0.000000e+00
1.170958e+01	1.308614e+00	8.892920e-05	216537945.000000	0.000000e+00
1.171157e+01	1.308307e+00	8.889420e-05	216606973.000000	0.000000e+00
1.171357e+01	1.308057e+00	8.886338e-05	216674295.000000	0.000000e+00
1.171556e+01	1.308261e+00	8.886289e-05	216744325.000000	0.000000e+00
1.171756e+01	1.307855e+00	8.881556e-05	216840993.000000	0.000000e+00
1.171955e+01	1.307704e+00	8.878475e-05	216941359.000000	0.000000e+00
1.172155e+01	1.307635e+00	8.878011e-05	216940993.000000	0.000000e+00
1.172354e+01	1.307384e+00	8.874737e-05	217017789.000000	0.000000e+00
1.172553e+01	1.307256e+00	8.871238e-05	217146421.000000	0.000000e+00
1.172753e+01	1.307276e+00	8.870466e-05	217190823.000000	0.000000e+00
1.172952e+01	1.307263e+00	8.868475e-05	217284109.000000	0.000000e+00
1.173152e+01	1.306882e+00	8.864932e-05	217331253.000000	0.000000e+00
1.173351e+01	1.306817e+00	8.862283e-05	217439371.000000	0.000000e+00
1.173551e+01	1.306465e+00	8.859575e-05	217455193.000000	0.000000e+00
1.173750e+01	1.306403e+00	8.856163e-05	217602153.000000	0.000000e+00
1.173950e+01	1.306318e+00	8.856068e-05	217578589.000000	0.000000e+00
1.174149e+01	1.305996e+00	8.849752e-05	217781655.000000	0.000000e+00
1.174349e+01	1.306181e+00	8.852209e-05	217722529.000000	0.000000e+00
1.174548e+01	1.305922e+00	8.847051e-05	217889949.000000	0.000000e+00
1.174748e+01	1.305844e+00	8.845058e-05	217962403.000000	0.000000e+00
1.174947e+01	1.305550e+00	8.842740e-05	217978177.000000	0.000000e+00
1.175147e+01	1.305561e+00	8.839999e-05	218117253.000000	0.000000e+00
1.175346e+01	1.305469e+00	8.839351e-05	218118367.000000	0.000000e+00
1.175545e+01	1.305097e+00	8.834511e-05	218232933.000000	0.000000e+00
1.175745e+01	1.305077e+00	8.832821e-05	218309965.000000	0.000000e+00
1.175944e+01	1.305069e+00	8.830913e-05	218401513.000000	0.000000e+00
1.176144e+01	1.304700e+00	8.828306e-05	218407131.000000	0.000000e+00
1.176343e+01	1.304691e+00	8.824913e-05	218572081.000000	0.000000e+00
1.176543e+01	1.304471e+00	8.823108e-05	218587833.000000	0.000000e+00
1.176742e+01	1.304477e+00	8.821682e-05	218660323.000000	0.000000e+00
1.176942e+01	1.304156e+00	8.817027e-05	218783781.000000	0.000000e+00
1.177141e+01	1.304081e+00	8.816153e-05	218801665.000000	0.000000e+00
1.177341e+01	1.304053e+00	8.813996e-05	218899369.000000	0.000000e+00
1.177540e+01	1.303723e+00	8.810850e-05	218944863.000000	0.000000e+00
1.177740e+01	1.303645e+00	8.807720e-05	219074269.000000	0.000000e+00
1.177939e+01	1.303516e+00	8.805458e-05	219143769.000000	0.000000e+00
1.178138e+01	1.303536e+00	8.805318e-05	219157279.000000	0.000000e+00
1.178338e+01	1.303268e+00	8.800138e-05	219325317.000000	0.000000e+00
1.178537e+01	1.303142e+00	8.799532e-05	219312997.000000	0.000000e+00
1.178737e+01	1.303078e+00	8.797602e-05	219387535.000000	0.000000e+00
1.178936e+01	1.303061e+00	8.794759e-05	219523701.000000	0.000000e+00
1.179136e+01	1.302881e+00	8.792943e-05	219553765.000000	0.000000e+00
1.179335e+01	1.302711e+00	8.790406e-05	219623229.000000	0.000000e+00
1.179535e+01	1.302459e+00	8.786750e-05	219720859.000000	0.000000e+00
1.179734e+01	1.302316e+00	8.784004e-05	219810145.000000	0.000000e+00
1.179934e+01	1.302459e+00	8.784255e-05	219845697.000000	0.000000e+00
1.180133e+01	1.302199e+00	8.780341e-05	219953947.000000	0.000000e+00
1.180333e+01	1.302066e+00	8.778350e-05	220008777.000000	0.000000e+00
1.180532e+01	1.301990e+00	8.776962e-05	220052677.000000	0.000000e+00
1.180732e+01	1.301815e+00	8.772684e-05	220208301.000000	0.000000e+00
1.180931e+01	1.301637e+00	8.770429e-05	220261219.000000	0.000000e+00
1.181130e+01	1.301548e+00	8.770059e-05	220249825.000000	0.000000e+00
1.181330e+01	1.301444e+00	8.766070e-05	220414929.000000	0.000000e+00
1.181529e+01	1.301283e+00	8.763315e-05	220499059.000000	0.000000e+00
1.181729e+01	1.301257e+00	8.762895e-05	220511181.000000	0.000000e+00
1.181928e+01	1.301118e+00	8.760981e-05	220560613.000000	0.000000e+00
1.182128e+01	1.300882e+00	8.757469e-05	220657623.000000	0.000000e+00
1.182327e+01	1.300801e+00	8.753612e-05	220824613.000000	0.000000e+00
1.182527e+01	1.300833e+00	8.753915e-05	220819957.000000	0.000000e+00
1.182726e+01	1.300405e+00	8.750201e-05	220862061.000000	0.000000e+00
1.182926e+01	1.300484e+00	8.748053e-05	220997431.000000	0.000000e+00
1.183125e+01	1.300185e+00	8.744712e-05	221064765.000000	0.000000e+00
1.183325e+01	1.300149e+00	8.742971e-05	221140321.000000	0.000000e+00
1.183524e+01	1.300148e+00	8.742183e-05	221179923.000000	0.000000e+00
1.183723e+01	1.300082e+00	8.739221e-05	221307637.000000	0.000000e+00
1.183923e+01	1.299742e+00	8.736197e-05	221344825.000000	0.000000e+00
1.184122e+01	1.299796e+00	8.734534e-05	221447673.000000	0.000000e+00
1.184322e+01	1.299638e+00	8.733188e-05	221461915.000000	0.000000e+00
1.184521e+01	1.299428e+00	8.729465e-05	221579373.000000	0.000000e+00
1.184721e+01	1.299372e+00	8.727545e-05	221657809.000000	0.000000e+00
1.184920e+01	1.299144e+00	8.725206e-05	221698711.000000	0.000000e+00
1.185120e+01	1.299312e+00	8.723571e-05	221839053.000000	0.000000e+00
1.185319e+01	1.299021e+00	8.720436e-05	221899357.000000	0.000000e+00
1.185519e+01	1.298934e+00	8.719575e-05	221913345.000000	0.000000e+00
1.185718e+01	1.298751e+00	8.715687e-05	222049003.000000	0.000000e+00
1.185918e+01	1.298904e+00	8.715838e-05	222093405.000000	0.000000e+00
1.186117e+01	1.298741e+00	8.713359e-05	222163957.000000	0.000000e+00
1.186317e+01	1.298533e+00	8.710957e-05	222215443.000000	0.000000e+00
1.186516e+01	1.298564e+00	8.708779e-05	222337245.000000	0.000000e+00
1.186715e+01	1.298427e+00	8.705784e-05	222443365.000000	0.000000e+00
1.186915e+01	1.298062e+00	8.702802e-05	222470439.000000	0.000000e+00
1.187114e+01	1.298064e+00	8.701338e-05	222546145.000000	0.000000e+00
1.187314e+01	1.297989e+00	8.700166e-05	222580509.000000	0.000000e+00
1.187513e+01	1.297968e+00	8.697389e-05	222715321.000000	0.000000e+00
1.187713e+01	1.297742e+00	8.694554e-05	222783055.000000	0.000000e+00
1.187912e+01	1.297644e+00	8.692971e-05	222830397.000000	0.000000e+00
1.188112e+01	1.297388e+00	8.689241e-05	222933985.000000	0.000000e+00
1.188311e+01	1.297389e+00	8.687966e-05	222999807.000000	0.000000e+00
1.188511e+01	1.297368e+00	8.686846e-05	223049881.000000	0.000000e+00
1.188710e+01	1.297238e+00	8.684624e-05	223119465.000000	0.000000e+00
1.188910e+01	1.297082e+00	8.681353e-05	223233793.000000	0.000000e+00
1.189109e+01	1.296912e+00	8.678434e-05	223325587.000000	0.000000e+00
1.189308e+01	1.296797e+00	8.677150e-05	223351929.000000	0.000000e+00
1.189508e+01	1.296593e+00	8.673969e-05	223445389.000000	0.000000e+00
1.189707e+01	1.296868e+00	8.674480e-05	223513923.000000	0.000000e+00
1.189907e+01	1.296417e+00	8.669295e-05	223625749.000000	0.000000e+00
1.190106e+01	1.296579e+00	8.669906e-05	223650313.000000	0.000000e+00
1.190306e+01	1.296519e+00	8.666954e-05	223781895.000000	0.000000e+00
1.190505e+01	1.296217e+00	8.664826e-05	223787437.000000	0.000000e+00
1.190705e+01	1.296112e+00	8.661299e-05	223933545.000000	0.000000e+00
1.190904e+01	1.296014e+00	8.660285e-05	223952161.000000	0.000000e+00
1.191104e+01	1.295872e+00	8.657310e-05	224056971.000000	0.000000e+00
1.191303e+01	1.295884e+00	8.656431e-05	224106397.000000	0.000000e+00
1.191503e+01	1.295695e+00	8.652982e-05	224219953.000000	0.000000e+00
1.191702e+01	1.295786e+00	8.652203e-05	224291511.000000	0.000000e+00
1.191902e+01	1.295597e+00	8.651258e-05	224275297.000000	0.000000e+00
1.192101e+01	1.295266e+00	8.645972e-05	224434893.000000	0.000000e+00
1.192300e+01	1.295481e+00	8.646250e-05	224495017.000000	0.000000e+00
1.192500e+01	1.295212e+00	8.642958e-05	224572767.000000	0.000000e+00
1.192699e+01	1.295103e+00	8.641119e-05	224630521.000000	0.000000e+00
1.192899e+01	1.294943e+00	8.637704e-05	224752597.000000	0.000000e+00
1.193098e+01	1.294993e+00	8.637997e-05	224754771.000000	0.000000e+00
1.193298e+01	1.294869e+00	8.635209e-05	224856649.000000	0.000000e+00
1.193497e+01	1.294788e+00	8.631936e-05	224999049.000000	0.000000e+00
1.193697e+01	1.294754e+00	8.631734e-05	224997745.000000	0.000000e+00
1.193896e+01	1.294750e+00	8.629020e-05	225137871.000000	0.000000e+00
1.194096e+01	1.294426e+00	8.626659e-05	225148429.000000	0.000000e+00
1.194295e+01	1.294462e+00	8.625176e-05	225238609.000000	0.000000e+00
1.194495e+01	1.294417e+00	8.622788e-05	225347583.000000	0.000000e+00
1.194694e+01	1.294213e+00	8.620108e-05	225416605.000000	0.000000e+00
1.194894e+01	1.294005e+00	8.618213e-05	225443529.000000	0.000000e+00
1.195093e+01	1.294016e+00	8.615786e-05	225574183.000000	0.000000e+00
1.195292e+01	1.294095e+00	8.616164e-05	225581905.000000	0.000000e+00
1.195492e+01	1.293863e+00	8.611963e-05	225721161.000000	0.000000e+00
1.195691e+01	1.293756e+00	8.610009e-05	225786241.000000	0.000000e+00
1.195891e+01	1.293681e+00	8.608325e-05	225848427.000000	0.000000e+00
1.196090e+01	1.293646e+00	8.606253e-05	225945097.000000	0.000000e+00
1.196290e+01	1.293576e+00	8.604584e-05	226008261.000000	0.000000e+00
1.196489e+01	1.293504e+00	8.604323e-05	225996799.000000	0.000000e+00
1.196689e+01	1.293345e+00	8.599398e-05	226199881.000000	0.000000e+00
1.196888e+01	1.293364e+00	8.599583e-05	226196901.000000	0.000000e+00
1.197088e+01	1.293235e+00	8.596517e-05	226313305.000000	0.000000e+00
1.197287e+01	1.293180e+00	8.594579e-05	226396107.000000	0.000000e+00
1.197487e+01	1.293218e+00	8.593691e-05	226456153.000000	0.000000e+00
1.197686e+01	1.292978e+00	8.590855e-05	226521477.000000	0.000000e+00
1.197885e+01	1.292720e+00	8.587518e-05	226606999.000000	0.000000e+00
1.198085e+01	1.292817e+00	8.587991e-05	226616137.000000	0.000000e+00
1.198284e+01	1.292646e+00	8.582572e-05	226842405.000000	0.000000e+00
1.198484e+01	1.292466e+00	8.581590e-05	226831147.000000	0.000000e+00
1.198683e+01	1.292586e+00	8.581027e-05	226903041.000000	0.000000e+00
1.198883e+01	1.292500e+00	8.579692e-05	226943365.000000	0.000000e+00
1.199082e+01	1.292168e+00	8.574429e-05	227105581.000000	0.000000e+00
1.199282e+01	1.292245e+00	8.574917e-05	227106687.000000	0.000000e+00
1.199481e+01	1.292142e+00	8.571825e-05	227234329.000000	0.000000e+00
1.199681e+01	1.292262e+00	8.571716e-05	227282241.000000	0.000000e+00
1.199880e+01	1.292145e+00	8.570005e-05	227331859.000000	0.000000e+00
1.200080e+01	1.291756e+00	8.565137e-05	227453385.000000	0.000000e+00
1.200279e+01	1.291990e+00	8.565469e-05	227518093.000000	0.000000e+00
1.200479e+01	1.291704e+00	8.562346e-05	227583517.000000	0.000000e+00
1.200678e+01	1.291700e+00	8.560547e-05	227677623.000000	0.000000e+00
1.200877e+01	1.291700e+00	8.559762e-05	227719357.000000	0.000000e+00
1.201077e+01	1.291402e+00	8.556488e-05	227788617.000000	0.000000e+00
1.201276e+01	1.291389e+00	8.554222e-05	227904631.000000	0.000000e+00
1.201476e+01	1.291448e+00	8.554384e-05	227916669.000000	0.000000e+00
1.201675e+01	1.291437e+00	8.551167e-05	228084469.000000	0.000000e+00
1.201875e+01	1.291414e+00	8.550926e-05	228089119.000000	0.000000e+00
1.202074e+01	1.291198e+00	8.546944e-05	228225501.000000	0.000000e+00
1.202274e+01	1.291220e+00	8.545918e-05	228288121.000000	0.000000e+00
1.202473e+01	1.290986e+00	8.544154e-05	228299349.000000	0.000000e+00
1.202673e+01	1.290943e+00	8.541095e-05	228447883.000000	0.000000e+00
1.202872e+01	1.290898e+00	8.540110e-05	228484509.000000	0.000000e+00
1.203072e+01	1.290883e+00	8.538004e-05	228592105.000000	0.000000e+00
1.203271e+01	1.290760e+00	8.536141e-05	228648211.000000	0.000000e+00
1.203471e+01	1.290723e+00	8.534781e-05	228708069.000000	0.000000e+00
1.203670e+01	1.290743e+00	8.532877e-05	228817249.000000	0.000000e+00
1.203869e+01	1.290467e+00	8.530776e-05	228832101.000000	0.000000e+00
1.204069e+01	1.290418e+00	8.527467e-05	228992359.000000	0.000000e+00
1.204268e+01	1.290530e+00	8.527985e-05	229004161.000000	0.000000e+00
1.204468e+01	1.290386e+00	8.525102e-05	229107825.000000	0.000000e+00
1.204667e+01	1.290341e+00	8.523645e-05	229170091.000000	0.000000e+00
1.204867e+01	1.290303e+00	8.521849e-05	229253253.000000	0.000000e+00
1.205066e+01	1.290074e+00	8.517995e-05	229379401.000000	0.000000e+00
1.205266e+01	1.290062e+00	8.518256e-05	229361025.000000	0.000000e+00
1.205465e+01	1.290046e+00	8.516008e-05	229476571.000000	0.000000e+00
1.205665e+01	1.290070e+00	8.515848e-05	229493797.000000	0.000000e+00
1.205864e+01	1.289954e+00	8.511353e-05	229694973.000000	0.000000e+00
1.206064e+01	1.289992e+00	8.510790e-05	229738903.000000	0.000000e+00
1.206263e+01	1.289815e+00	8.509028e-05	229770933.000000	0.000000e+00
1.206462e+01	1.289743e+00	8.507082e-05	229850185.000000	0.000000e+00
1.206662e+01	1.289510e+00	8.504406e-05	229911951.000000	0.000000e+00
1.206861e+01	1.289640e+00	8.503303e-05	230018029.000000	0.000000e+00
1.207061e+01	1.289495e+00	8.500951e-05	230093461.000000	0.000000e+00
1.207260e+01	1.289577e+00	8.500637e-05	230139897.000000	0.000000e+00
1.207460e+01	1.289510e+00	8.497624e-05	230279179.000000	0.000000e+00
1.207659e+01	1.289406e+00	8.496860e-05	230283489.000000	0.000000e+00
1.207859e+01	1.289395e+00	8.494145e-05	230426689.000000	0.000000e+00
1.208058e+01	1.289351e+00	8.492611e-05	230494239.000000	0.000000e+00
1.208258e+01	1.289268e+00	8.491669e-05	230515705.000000	0.000000e+00
1.208457e+01	1.288978e+00	8.487567e-05	230634565.000000	0.000000e+00
1.208657e+01	1.289142e+00	8.487117e-05	230717733.000000	0.000000e+00
1.208856e+01	1.288825e+00	8.484385e-05	230752987.000000	0.000000e+00
1.209056e+01	1.288991e+00	8.483510e-05	230860125.000000	0.000000e+00
1.209255e+01	1.288758e+00	8.481043e-05	230910781.000000	0.000000e+00
1.209454e+01	1.288801e+00	8.479794e-05	230994247.000000	0.000000e+00
1.209654e+01	1.288938e+00	8.478859e-05	231094245.000000	0.000000e+00
1.209853e+01	1.288899e+00	8.477332e-05	231163369.000000	0.000000e+00
1.210053e+01	1.288805e+00	8.476109e-05	231196527.000000	0.000000e+00
1.210252e+01	1.288586e+00	8.472933e-05	231291397.000000	0.000000e+00
1.210452e+01	1.288774e+00	8.471546e-05	231434433.000000	0.000000e+00
1.210651e+01	1.288751e+00	8.471303e-05	231439513.000000	0.000000e+00
1.210851e+01	1.288331e+00	8.466587e-05	231546511.000000	0.000000e+00
1.211050e+01	1.288569e+00	8.467204e-05	231598389.000000	0.000000e+00
1.211250e+01	1.288464e+00	8.464372e-05	231715357.000000	0.000000e+00
1.211449e+01	1.288318e+00	8.462915e-05	231742839.000000	0.000000e+00
1.211649e+01	1.288356e+00	8.461335e-05	231843001.000000	0.000000e+00
1.211848e+01	1.288281e+00	8.459451e-05	231919437.000000	0.000000e+00
1.212047e+01	1.288230e+00	8.457843e-05	231989149.000000	0.000000e+00
1.212247e+01	1.288155e+00	8.455565e-05	232087099.000000	0.000000e+00
1.212446e+01	1.288236e+00	8.455143e-05	232139493.000000	0.000000e+00
1.212646e+01	1.288189e+00	8.453254e-05	232226245.000000	0.000000e+00
1.212845e+01	1.287966e+00	8.450113e-05	232318443.000000	0.000000e+00
1.213045e+01	1.287973e+00	8.448885e-05	232388545.000000	0.000000e+00
1.213244e+01	1.288087e+00	8.449156e-05	232414785.000000	0.000000e+00
1.213444e+01	1.287803e+00	8.445844e-05	232494565.000000	0.000000e+00
1.213643e+01	1.287888e+00	8.443021e-05	232680871.000000	0.000000e+00
1.213843e+01	1.287801e+00	8.443240e-05	232637265.000000	0.000000e+00
1.214042e+01	1.287749e+00	8.440001e-05	232797157.000000	0.000000e+00
1.214242e+01	1.287687e+00	8.439341e-05	232811235.000000	0.000000e+00
1.214441e+01	1.287751e+00	8.438124e-05	232901425.000000	0.000000e+00
1.214641e+01	1.287619e+00	8.435349e-05	233006725.000000	0.000000e+00
1.214840e+01	1.287768e+00	8.435778e-05	233037195.000000	0.000000e+00
1.215039e+01	1.287606e+00	8.433076e-05	233127901.000000	0.000000e+00
1.215239e+01	1.287622e+00	8.430608e-05	233269929.000000	0.000000e+00
1.215438e+01	1.287530e+00	8.430122e-05	233263777.000000	0.000000e+00
1.215638e+01	1.287595e+00	8.428680e-05	233366883.000000	0.000000e+00
1.215837e+01	1.287477e+00	8.427301e-05	233400505.000000	0.000000e+00
1.216037e+01	1.287451e+00	8.423589e-05	233596729.000000	0.000000e+00
1.216236e+01	1.287412e+00	8.423280e-05	233599947.000000	0.000000e+00
1.216436e+01	1.287461e+00	8.421822e-05	233698693.000000	0.000000e+00
1.216635e+01	1.287346e+00	8.420244e-05	233744517.000000	0.000000e+00
1.216835e+01	1.287196e+00	8.418071e-05	233810509.000000	0.000000e+00
1.217034e+01	1.287463e+00	8.418721e-05	233871567.000000	0.000000e+00
1.217234e+01	1.287261e+00	8.414324e-05	234042661.000000	0.000000e+00
1.217433e+01	1.287265e+00	8.414634e-05	234026893.000000	0.000000e+00
1.217632e+01	1.287116e+00	8.412016e-05	234118383.000000	0.000000e+00
1.217832e+01	1.287077e+00	8.409845e-05	234224953.000000	0.000000e+00
1.218031e+01	1.286917e+00	8.407166e-05	234316077.000000	0.000000e+00
1.218231e+01	1.287130e+00	8.408512e-05	234318511.000000	0.000000e+00
1.218430e+01	1.287081e+00	8.405448e-05	234471397.000000	0.000000e+00
1.218630e+01	1.287059e+00	8.403949e-05	234546981.000000	0.000000e+00
1.218829e+01	1.286961e+00	8.401648e-05	234639877.000000	0.000000e+00
1.219029e+01	1.287069e+00	8.403183e-05	234593547.000000	0.000000e+00
1.219228e+01	1.286886e+00	8.399336e-05	234741685.000000	0.000000e+00
1.219428e+01	1.287075e+00	8.398625e-05	234850449.000000	0.000000e+00
1.219627e+01	1.286914e+00	8.396207e-05	234927067.000000	0.000000e+00
1.219827e+01	1.286948e+00	8.395763e-05	234964297.000000	0.000000e+00
1.220026e+01	1.286921e+00	8.394174e-05	235043205.000000	0.000000e+00
1.220226e+01	1.286696e+00	8.391242e-05	235125157.000000	0.000000e+00
1.220425e+01	1.286784e+00	8.389436e-05	235258719.000000	0.000000e+00
1.220624e+01	1.286715e+00	8.388390e-05	235292341.000000	0.000000e+00
1.220824e+01	1.286612e+00	8.386919e-05	235336965.000000	0.000000e+00
1.221023e+01	1.286858e+00	8.386687e-05	235440139.000000	0.000000e+00
1.221223e+01	1.286824e+00	8.385738e-05	235480933.000000	0.000000e+00
1.221422e+01	1.286786e+00	8.382655e-05	235640145.000000	0.000000e+00
1.221622e+01	1.286588e+00	8.381641e-05	235624627.000000	0.000000e+00
1.221821e+01	1.286627e+00	8.378167e-05	235834449.000000	0.000000e+00
1.222021e+01	1.286555e+00	8.378157e-05	235808713.000000	0.000000e+00
1.222220e+01	1.286576e+00	8.375962e-05	235939893.000000	0.000000e+00
1.222420e+01	1.286657e+00	8.375891e-05	235973467.000000	0.000000e+00
1.222619e+01	1.286625e+00	8.374801e-05	236023321.000000	0.000000e+00
1.222819e+01	1.286631e+00	8.373116e-05	236120649.000000	0.000000e+00
1.223018e+01	1.286521e+00	8.370739e-05	236214235.000000	0.000000e+00
1.223217e+01	1.286510e+00	8.369049e-05	236305497.000000	0.000000e+00
1.223417e+01	1.286528e+00	8.368926e-05	236319277.000000	0.000000e+00
1.223616e+01	1.286546e+00	8.365636e-05	236511733.000000	0.000000e+00
1.223816e+01	1.286485e+00	8.365128e-05	236518119.000000	0.000000e+00
1.224015e+01	1.286460e+00	8.364420e-05	236548933.000000	0.000000e+00
1.224215e+01	1.286418e+00	8.361150e-05	236718621.000000	0.000000e+00
1.224414e+01	1.286472e+00	8.360958e-05	236749111.000000	0.000000e+00
1.224614e+01	1.286272e+00	8.358328e-05	236824449.000000	0.000000e+00
1.224813e+01	1.286466e+00	8.358560e-05	236882989.000000	0.000000e+00
1.225013e+01	1.286446e+00	8.356077e-05	237016441.000000	0.000000e+00
1.225212e+01	1.286358e+00	8.354708e-05	237061659.000000	0.000000e+00
1.225412e+01	1.286405e+00	8.353847e-05	237127621.000000	0.000000e+00
1.225611e+01	1.286375e+00	8.352613e-05	237186693.000000	0.000000e+00
1.225811e+01	1.286379e+00	8.350292e-05	237320275.000000	0.000000e+00
1.226010e+01	1.286359e+00	8.349448e-05	237360549.000000	0.000000e+00
1.226209e+01	1.286342e+00	8.346587e-05	237517273.000000	0.000000e+00
1.226409e+01	1.286300e+00	8.347050e-05	237475471.000000	0.000000e+00
1.226608e+01	1.286425e+00	8.345400e-05	237615393.000000	0.000000e+00
1.226808e+01	1.286312e+00	8.344112e-05	237647077.000000	0.000000e+00
1.227007e+01	1.286440e+00	8.342441e-05	237789477.000000	0.000000e+00
1.227207e+01	1.286306e+00	8.340616e-05	237844279.000000	0.000000e+00
1.227406e+01	1.286289e+00	8.340558e-05	237841041.000000	0.000000e+00
1.227606e+01	1.286400e+00	8.337219e-05	238072729.000000	0.000000e+00
1.227805e+01	1.286326e+00	8.337988e-05	238001491.000000	0.000000e+00
1.228005e+01	1.286409e+00	8.336037e-05	238143585.000000	0.000000e+00
1.228204e+01	1.286311e+00	8.333982e-05	238224877.000000	0.000000e+00
1.228404e+01	1.286174e+00	8.331425e-05	238320045.000000	0.000000e+00
1.228603e+01	1.286363e+00	8.332128e-05	238350163.000000	0.000000e+00
1.228803e+01	1.286270e+00	8.329400e-05	238471621.000000	0.000000e+00
1.229002e+01	1.286243e+00	8.328161e-05	238532469.000000	0.000000e+00
1.229201e+01	1.286320e+00	8.327918e-05	238575163.000000	0.000000e+00
1.229401e+01	1.286286e+00	8.325433e-05	238705005.000000	0.000000e+00
1.229600e+01	1.286330e+00	8.324714e-05	238762381.000000	0.000000e+00
1.229800e+01	1.286367e+00	8.323402e-05	238851567.000000	0.000000e+00
1.229999e+01	1.286374e+00	8.322411e-05	238911109.000000	0.000000e+00
1.230199e+01	1.286216e+00	8.319760e-05	239004553.000000	0.000000e+00
1.230398e+01	1.286396e+00	8.320769e-05	239013393.000000	0.000000e+00
1.230598e+01	1.286287e+00	8.316163e-05	239237731.000000	0.000000e+00
1.230797e+01	1.286336e+00	8.316900e-05	239213493.000000	0.000000e+00
1.230997e+01	1.286474e+00	8.316451e-05	239290885.000000	0.000000e+00
1.231196e+01	1.286407e+00	8.313854e-05	239415459.000000	0.000000e+00
1.231396e+01	1.286376e+00	8.313332e-05	239433913.000000	0.000000e+00
1.231595e+01	1.286408e+00	8.312102e-05	239516545.000000	0.000000e+00
1.231794e+01	1.286437e+00	8.310730e-05	239606625.000000	0.000000e+00
1.231994e+01	1.286325e+00	8.307734e-05	239737615.000000	0.000000e+00
1.232193e+01	1.286357e+00	8.307488e-05	239763909.000000	0.000000e+00
1.232393e+01	1.286292e+00	8.305047e-05	239880601.000000	0.000000e+00
1.232592e+01	1.286477e+00	8.307867e-05	239786571.000000	0.000000e+00
1.232792e+01	1.286504e+00	8.302598e-05	240101089.000000	0.000000e+00
1.232991e+01	1.286369e+00	8.302145e-05	240076897.000000	0.000000e+00
1.233191e+01	1.286486e+00	8.301989e-05	240129585.000000	0.000000e+00
1.233390e+01	1.286636e+00	8.301125e-05	240235591.000000	0.000000e+00
1.233590e+01	1.286443e+00	8.299157e-05	240277569.000000	0.000000e+00
1.233789e+01	1.286264e+00	8.294887e-05	240457885.000000	0.000000e+00
1.233989e+01	1.286575e+00	8.296775e-05	240464719.000000	0.000000e+00
1.234188e+01	1.286303e+00	8.293911e-05	240529317.000000	0.000000e+00
1.234388e+01	1.286598e+00	8.293931e-05	240638317.000000	0.000000e+00
1.234587e+01	1.286463e+00	8.292440e-05	240674487.000000	0.000000e+00
1.234786e+01	1.286590e+00	8.290916e-05	240810277.000000	0.000000e+00
1.234986e+01	1.286512e+00	8.289890e-05	240840969.000000	0.000000e+00
1.235185e+01	1.286521e+00	8.288244e-05	240939709.000000	0.000000e+00
1.235385e+01	1.286667e+00	8.287476e-05	241039243.000000	0.000000e+00
1.235584e+01	1.286807e+00	8.288194e-05	241050021.000000	0.000000e+00
1.235784e+01	1.286591e+00	8.284364e-05	241191889.000000	0.000000e+00
1.235983e+01	1.286635e+00	8.283212e-05	241275471.000000	0.000000e+00
1.236183e+01	1.286664e+00	8.283284e-05	241282177.000000	0.000000e+00
1.236382e+01	1.286798e+00	8.281062e-05	241461969.000000	0.000000e+00
1.236582e+01	1.286926e+00	8.282156e-05	241446061.000000	0.000000e+00
1.236781e+01	1.286859e+00	8.279800e-05	241558507.000000	0.000000e+00
1.236981e+01	1.286921e+00	8.279103e-05	241622397.000000	0.000000e+00
1.237180e+01	1.286882e+00	8.277295e-05	241713409.000000	0.000000e+00
1.237379e+01	1.287055e+00	8.276563e-05	241820967.000000	0.000000e+00
1.237579e+01	1.286962e+00	8.275550e-05	241845349.000000	0.000000e+00
1.237778e+01	1.286858e+00	8.272971e-05	241956961.000000	0.000000e+00
1.237978e+01	1.286807e+00	8.271104e-05	242047083.000000	0.000000e+00
1.238177e+01	1.287048e+00	8.271729e-05	242101153.000000	0.000000e+00
1.238377e+01	1.286997e+00	8.270253e-05	242168385.000000	0.000000e+00
1.238576e+01	1.287031e+00	8.268372e-05	242291257.000000	0.000000e+00
1.238776e+01	1.287066e+00	8.267774e-05	242339499.000000	0.000000e+00
1.238975e+01	1.287108e+00	8.267535e-05	242369617.000000	0.000000e+00
1.239175e+01	1.287089e+00	8.264874e-05	242518489.000000	0.000000e+00
1.239374e+01	1.287131e+00	8.263886e-05	242592159.000000	0.000000e+00
1.239574e+01	1.287111e+00	8.262945e-05	242639905.000000	0.000000e+00
1.239773e+01	1.287255e+00	8.262999e-05	242690985.000000	0.000000e+00
1.239973e+01	1.287246e+00	8.260258e-05	242848885.000000	0.000000e+00
1.240172e+01	1.287312e+00	8.260433e-05	242863383.000000	0.000000e+00
1.240371e+01	1.287391e+00	8.259184e-05	242966473.000000	0.000000e+00
1.240571e+01	1.287164e+00	8.256159e-05	243059029.000000	0.000000e+00
1.240770e+01	1.287277e+00	8.255825e-05	243121287.000000	0.000000e+00
1.240970e+01	1.287558e+00	8.256396e-05	243193981.000000	0.000000e+00
1.241169e+01	1.287543e+00	8.255082e-05	243265617.000000	0.000000e+00
1.241369e+01	1.287538e+00	8.254404e-05	243303733.000000	0.000000e+00
1.241568e+01	1.287448e+00	8.250543e-05	243497571.000000	0.000000e+00
1.241768e+01	1.287588e+00	8.251143e-05	243514873.000000	0.000000e+00
1.241967e+01	1.287557e+00	8.249671e-05	243590113.000000	0.000000e+00
1.242167e+01	1.287777e+00	8.250396e-05	243630723.000000	0.000000e+00
1.242366e+01	1.287570e+00	8.246751e-05	243767605.000000	0.000000e+00
1.242566e+01	1.287710e+00	8.245916e-05	243870069.000000	0.000000e+00
1.242765e+01	1.287719e+00	8.246194e-05	243856867.000000	0.000000e+00
1.242965e+01	1.287783e+00	8.244559e-05	243977965.000000	0.000000e+00
1.243164e+01	1.287903e+00	8.243872e-05	244064205.000000	0.000000e+00
1.243363e+01	1.287882e+00	8.242078e-05	244162489.000000	0.000000e+00
1.243563e+01	1.287773e+00	8.240441e-05	244218183.000000	0.000000e+00
1.243762e+01	1.287766e+00	8.239453e-05	244274077.000000	0.000000e+00
1.243962e+01	1.287822e+00	8.238478e-05	244353177.000000	0.000000e+00
1.244161e+01	1.288023e+00	8.237632e-05	244479691.000000	0.000000e+00
1.244361e+01	1.288072e+00	8.236937e-05	244539253.000000	0.000000e+00
1.244560e+01	1.288110e+00	8.236760e-05	244564113.000000	0.000000e+00
1.244760e+01	1.288146e+00	8.234472e-05	244713853.000000	0.000000e+00
1.244959e+01	1.288119e+00	8.233228e-05	244777539.000000	0.000000e+00
1.245159e+01	1.288248e+00	8.234025e-05	244779409.000000	0.000000e+00
1.245358e+01	1.288202e+00	8.229648e-05	245022297.000000	0.000000e+00
1.245558e+01	1.288399e+00	8.232185e-05	244946023.000000	0.000000e+00
1.245757e+01	1.288457e+00	8.230006e-05	245097793.000000	0.000000e+00
1.245957e+01	1.288522e+00	8.229716e-05	245139777.000000	0.000000e+00
1.246156e+01	1.288618e+00	8.229302e-05	245201215.000000	0.000000e+00
1.246355e+01	1.288458e+00	8.225222e-05	245383389.000000	0.000000e+00
1.246555e+01	1.288494e+00	8.226418e-05	245325781.000000	0.000000e+00
1.246754e+01	1.288588e+00	8.224815e-05	245457081.000000	0.000000e+00
1.246954e+01	1.288780e+00	8.223849e-05	245588263.000000	0.000000e+00
1.247153e+01	1.288804e+00	8.223761e-05	245602537.000000	0.000000e+00
1.247353e+01	1.288825e+00	8.221780e-05	245728809.000000	0.000000e+00
1.247552e+01	1.288877e+00	8.221060e-05	245791939.000000	0.000000e+00
1.247752e+01	1.288920e+00	8.220368e-05	245849457.000000	0.000000e+00
1.247951e+01	1.289117e+00	8.219842e-05	245956033.000000	0.000000e+00
1.248151e+01	1.289234e+00	8.219067e-05	246047017.000000	0.000000e+00
1.248350e+01	1.289104e+00	8.217503e-05	246091107.000000	0.000000e+00
1.248550e+01	1.289111e+00	8.216026e-05	246182425.000000	0.000000e+00
1.248749e+01	1.289228e+00	8.215599e-05	246252729.000000	0.000000e+00
1.248948e+01	1.289298e+00	8.215315e-05	246296527.000000	0.000000e+00
1.249148e+01	1.289263e+00	8.213057e-05	246418533.000000	0.000000e+00
1.249347e+01	1.289406e+00	8.213491e-05	246447265.000000	0.000000e+00
1.249547e+01	1.289509e+00	8.211032e-05	246634027.000000	0.000000e+00
1.249746e+01	1.289590e+00	8.212422e-05	246581649.000000	0.000000e+00
1.249946e+01	1.289537e+00	8.208678e-05	246786397.000000	0.000000e+00
1.250145e+01	1.289575e+00	8.209000e-05	246781617.000000	0.000000e+00
1.250345e+01	1.289853e+00	8.208390e-05	246924667.000000	0.000000e+00
1.250544e+01	1.289880e+00	8.208547e-05	246925737.000000	0.000000e+00
1.250744e+01	1.289878e+00	8.205539e-05	247105777.000000	0.000000e+00
1.250943e+01	1.289937e+00	8.205902e-05	247106599.000000	0.000000e+00
1.251143e+01	1.289995e+00	8.205066e-05	247179321.000000	0.000000e+00
1.251342e+01	1.290193e+00	8.205434e-05	247232809.000000	0.000000e+00
1.251541e+01	1.289986e+00	8.201118e-05	247413597.000000	0.000000e+00
1.251741e+01	1.290215e+00	8.202174e-05	247438003.000000	0.000000e+00
1.251940e+01	1.290184e+00	8.200955e-05	247499713.000000	0.000000e+00
1.252140e+01	1.290353e+00	8.200011e-05	247621389.000000	0.000000e+00
1.252339e+01	1.290339e+00	8.198984e-05	247678039.000000	0.000000e+00
1.252539e+01	1.290565e+00	8.198589e-05	247788849.000000	0.000000e+00
1.252738e+01	1.290495e+00	8.198543e-05	247764757.000000	0.000000e+00
1.252938e+01	1.290634e+00	8.196340e-05	247951281.000000	0.000000e+00
1.253137e+01	1.290642e+00	8.196056e-05	247971427.000000	0.000000e+00
1.253337e+01	1.290783e+00	8.195598e-05	248053261.000000	0.000000e+00
1.253536e+01	1.290869e+00	8.193997e-05	248183397.000000	0.000000e+00
1.253736e+01	1.291037e+00	8.195254e-05	248171875.000000	0.000000e+00
1.253935e+01	1.290977e+00	8.191845e-05	248355489.000000	0.000000e+00
1.254135e+01	1.291138e+00	8.192810e-05	248358685.000000	0.000000e+00
1.254334e+01	1.291121e+00	8.190370e-05	248500095.000000	0.000000e+00
1.254533e+01	1.291386e+00	8.192331e-05	248483185.000000	0.000000e+00
1.254733e+01	1.291405e+00	8.189379e-05	248669905.000000	0.000000e+00
1.254932e+01	1.291362e+00	8.188344e-05	248716245.000000	0.000000e+00
1.255132e+01	1.291511e+00	8.187995e-05	248794507.000000	0.000000e+00
1.255331e+01	1.291527e+00	8.188005e-05	248800389.000000	0.000000e+00
1.255531e+01	1.291575e+00	8.185622e-05	248963437.000000	0.000000e+00
1.255730e+01	1.291669e+00	8.185116e-05	249030579.000000	0.000000e+00
1.255930e+01	1.291878e+00	8.185981e-05	249058525.000000	0.000000e+00
1.256129e+01	1.291839e+00	8.183272e-05	249208645.000000	0.000000e+00
1.256329e+01	1.291863e+00	8.183069e-05	249229977.000000	0.000000e+00
1.256528e+01	1.292057e+00	8.182096e-05	249364087.000000	0.000000e+00
1.256728e+01	1.292123e+00	8.182771e-05	249348619.500000	0.000000e+00
1.256927e+01	1.291708e+00	8.180783e-05	249309406.000000	0.000000e+00
1.257127e+01	1.291504e+00	8.179833e-05	249288616.000000	0.000000e+00
1.257326e+01	1.291059e+00	8.177649e-05	249249918.000000	0.000000e+00
1.257525e+01	1.290917e+00	8.177173e-05	249224152.000000	0.000000e+00
1.257725e+01	1.290700e+00	8.177416e-05	249125574.000000	0.000000e+00
1.257924e+01	1.290427e+00	8.175539e-05	249134812.000000	0.000000e+00
1.258124e+01	1.290309e+00	8.175390e-05	249098238.000000	0.000000e+00
1.258323e+01	1.289960e+00	8.174989e-05	248987710.000000	0.000000e+00
1.258523e+01	1.289560e+00	8.171704e-05	249033646.000000	0.000000e+00
1.258722e+01	1.289387e+00	8.171533e-05	248977272.000000	0.000000e+00
1.258922e+01	1.289152e+00	8.171603e-05	248881948.000000	0.000000e+00
1.259121e+01	1.288727e+00	8.167927e-05	248942070.000000	0.000000e+00
1.259321e+01	1.288617e+00	8.169463e-05	248805898.000000	0.000000e+00
1.259520e+01	1.288274e+00	8.167767e-05	248776674.000000	0.000000e+00
1.259720e+01	1.288107e+00	8.166647e-05	248780578.000000	0.000000e+00
1.259919e+01	1.287882e+00	8.166475e-05	248704204.000000	0.000000e+00
1.260118e+01	1.287510e+00	8.163289e-05	248754354.000000	0.000000e+00
1.260318e+01	1.287294e+00	8.163777e-05	248641396.000000	0.000000e+00
1.260517e+01	1.287068e+00	8.163259e-05	248585634.000000	0.000000e+00
1.260717e+01	1.286762e+00	8.162292e-05	248526058.000000	0.000000e+00
1.260916e+01	1.286533e+00	8.160259e-05	248561652.000000	0.000000e+00
1.261116e+01	1.285942e+00	8.158475e-05	248441782.000000	0.000000e+00
1.261315e+01	1.285749e+00	8.157085e-05	248452102.000000	0.000000e+00
1.261515e+01	1.285751e+00	8.157432e-05	248431758.000000	0.000000e+00
1.261714e+01	1.285471e+00	8.157034e-05	248347492.000000	0.000000e+00
1.261914e+01	1.285223e+00	8.155676e-05	248334390.000000	0.000000e+00
1.262113e+01	1.284973e+00	8.155252e-05	248263708.000000	0.000000e+00
1.262313e+01	1.284372e+00	8.151069e-05	248286364.000000	0.000000e+00
1.262512e+01	1.284350e+00	8.153086e-05	248154792.000000	0.000000e+00
1.262712e+01	1.284047e+00	8.151556e-05	248130946.000000	0.000000e+00
1.262911e+01	1.283949e+00	8.150750e-05	248142012.000000	0.000000e+00
1.263110e+01	1.283642e+00	8.149850e-05	248078056.000000	0.000000e+00
1.263310e+01	1.283357e+00	8.148711e-05	248037300.000000	0.000000e+00
1.263509e+01	1.283087e+00	8.147367e-05	248014906.000000	0.000000e+00
1.263709e+01	1.282769e+00	8.146178e-05	247964104.000000	0.000000e+00
1.263908e+01	1.282463e+00	8.144709e-05	247935456.000000	0.000000e+00
1.264108e+01	1.282216e+00	8.144725e-05	247838872.000000	0.000000e+00
1.264307e+01	1.281947e+00	8.142764e-05	247854186.000000	0.000000e+00
1.264507e+01	1.281844e+00	8.143650e-05	247760596.000000	0.000000e+00
1.264706e+01	1.281502e+00	8.140854e-05	247798614.000000	0.000000e+00
1.264906e+01	1.281224e+00	8.139969e-05	247744984.000000	0.000000e+00
1.265105e+01	1.280956e+00	8.140327e-05	247619284.000000	0.000000e+00
1.265305e+01	1.280657e+00	8.138040e-05	247642938.000000	0.000000e+00
1.265504e+01	1.280477e+00	8.138049e-05	247572862.000000	0.000000e+00
1.265703e+01	1.280247e+00	8.136475e-05	247579572.000000	0.000000e+00
1.265903e+01	1.279874e+00	8.135140e-05	247516786.000000	0.000000e+00
1.266102e+01	1.279808e+00	8.135668e-05	247458966.000000	0.000000e+00
1.266302e+01	1.279373e+00	8.133041e-05	247450486.000000	0.000000e+00
1.266501e+01	1.279287e+00	8.133200e-05	247407574.000000	0.000000e+00
1.266701e+01	1.279033e+00	8.132863e-05	247329978.000000	0.000000e+00
1.266900e+01	1.278644e+00	8.131186e-05	247281310.000000	0.000000e+00
1.267100e+01	1.278402e+00	8.129974e-05	247261680.000000	0.000000e+00
1.267299e+01	1.278145e+00	8.128659e-05	247242112.000000	0.000000e+00
1.267499e+01	1.277740e+00	8.127103e-05	247179994.000000	0.000000e+00
1.267698e+01	1.277717e+00	8.128039e-05	247114302.000000	0.000000e+00
1.267898e+01	1.277408e+00	8.124913e-05	247184932.000000	0.000000e+00
1.268097e+01	1.277012e+00	8.124841e-05	247035996.000000	0.000000e+00
1.268297e+01	1.276945e+00	8.125834e-05	246949630.000000	0.000000e+00
1.268496e+01	1.276608e+00	8.122354e-05	247031082.000000	0.000000e+00
1.268695e+01	1.276449e+00	8.122965e-05	246932068.000000	0.000000e+00
1.268895e+01	1.276107e+00	8.120685e-05	246938350.000000	0.000000e+00
1.269094e+01	1.275786e+00	8.120989e-05	246795822.000000	0.000000e+00
1.269294e+01	1.275623e+00	8.119271e-05	246837040.000000	0.000000e+00
1.269493e+01	1.275348e+00	8.118089e-05	246802482.000000	0.000000e+00
1.269693e+01	1.275287e+00	8.118647e-05	246745018.000000	0.000000e+00
1.269892e+01	1.274746e+00	8.116611e-05	246659286.000000	0.000000e+00
1.270092e+01	1.274565e+00	8.114996e-05	246687592.000000	0.000000e+00
1.270291e+01	1.274304e+00	8.114618e-05	246609472.000000	0.000000e+00
1.270491e+01	1.274015e+00	8.113820e-05	246546246.000000	0.000000e+00
1.270690e+01	1.273719e+00	8.112504e-05	246511564.000000	0.000000e+00
1.270890e+01	1.273670e+00	8.112485e-05	246493824.000000	0.000000e+00
1.271089e+01	1.273402e+00	8.110865e-05	246488356.000000	0.000000e+00
1.271289e+01	1.273093e+00	8.111545e-05	246327646.000000	0.000000e+00
1.271488e+01	1.272904e+00	8.109358e-05	246387198.000000	0.000000e+00
1.271687e+01	1.272585e+00	8.108210e-05	246333424.000000	0.000000e+00
1.271887e+01	1.272308e+00	8.107196e-05	246288000.000000	0.000000e+00
1.272086e+01	1.271992e+00	8.106370e-05	246215938.000000	0.000000e+00
1.272286e+01	1.271674e+00	8.104683e-05	246195288.000000	0.000000e+00
1.272485e+01	1.271564e+00	8.104386e-05	246170698.000000	0.000000e+00
1.272685e+01	1.271290e+00	8.104379e-05	246065002.000000	0.000000e+00
1.272884e+01	1.270874e+00	8.100884e-05	246116292.000000	0.000000e+00
1.273084e+01	1.270856e+00	8.102978e-05	245981944.000000	0.000000e+00
1.273283e+01	1.270572e+00	8.100743e-05	246007806.000000	0.000000e+00
1.273483e+01	1.270276e+00	8.100209e-05	245925736.000000	0.000000e+00
1.273682e+01	1.270065e+00	8.098697e-05	245935686.000000	0.000000e+00
1.273882e+01	1.269863e+00	8.098305e-05	245881282.000000	0.000000e+00
1.274081e+01	1.269482e+00	8.097196e-05	245800984.000000	0.000000e+00
1.274280e+01	1.269394e+00	8.097629e-05	245740656.000000	0.000000e+00
1.274480e+01	1.269017e+00	8.094892e-05	245760850.000000	0.000000e+00
1.274679e+01	1.268810e+00	8.094266e-05	245718630.000000	0.000000e+00
1.274879e+01	1.268628e+00	8.094020e-05	245663116.000000	0.000000e+00
1.275078e+01	1.268231e+00	8.093041e-05	245568696.000000	0.000000e+00
1.275278e+01	1.267973e+00	8.090860e-05	245601274.000000	0.000000e+00
1.275477e+01	1.267914e+00	8.092060e-05	245505538.000000	0.000000e+00
1.275677e+01	1.267566e+00	8.090601e-05	245459514.000000	0.000000e+00
1.275876e+01	1.267236e+00	8.088634e-05	245450746.000000	0.000000e+00
1.276076e+01	1.267094e+00	8.088854e-05	245382498.000000	0.000000e+00
1.276275e+01	1.266778e+00	8.086030e-05	245431366.000000	0.000000e+00
1.276475e+01	1.266457e+00	8.086761e-05	245262958.000000	0.000000e+00
1.276674e+01	1.266263e+00	8.085700e-05	245252166.000000	0.000000e+00
1.276873e+01	1.265970e+00	8.083853e-05	245250550.000000	0.000000e+00
1.277073e+01	1.265879e+00	8.085072e-05	245141562.000000	0.000000e+00
1.277272e+01	1.265451e+00	8.080624e-05	245245546.000000	0.000000e+00
1.277472e+01	1.265187e+00	8.081928e-05	245063934.000000	0.000000e+00
1.277671e+01	1.265044e+00	8.080724e-05	245081686.000000	0.000000e+00
1.277871e+01	1.264715e+00	8.079661e-05	245018620.000000	0.000000e+00
1.278070e+01	1.264655e+00	8.079413e-05	245010510.000000	0.000000e+00
1.278270e+01	1.264229e+00	8.078320e-05	244911622.000000	0.000000e+00
1.278469e+01	1.264025e+00	8.077157e-05	244903032.000000	0.000000e+00
1.278669e+01	1.263882e+00	8.076979e-05	244858588.000000	0.000000e+00
1.278868e+01	1.263666e+00	8.077070e-05	244769178.000000	0.000000e+00
1.279068e+01	1.263278e+00	8.074346e-05	244784062.000000	0.000000e+00
1.279267e+01	1.263088e+00	8.073712e-05	244748740.000000	0.000000e+00
1.279467e+01	1.262751e+00	8.073179e-05	244650414.000000	0.000000e+00
1.279666e+01	1.262624e+00	8.072138e-05	244664584.000000	0.000000e+00
1.279865e+01	1.262464e+00	8.072962e-05	244552392.000000	0.000000e+00
1.280065e+01	1.262095e+00	8.070150e-05	244580104.000000	0.000000e+00
1.280264e+01	1.261844e+00	8.069434e-05	244525986.000000	0.000000e+00
1.280464e+01	1.261781e+00	8.069564e-05	244493704.000000	0.000000e+00
1.280663e+01	1.261275e+00	8.067811e-05	244404100.000000	0.000000e+00
1.280863e+01	1.261089e+00	8.067523e-05	244349082.000000	0.000000e+00
1.281062e+01	1.260962e+00	8.067179e-05	244320778.000000	0.000000e+00
1.281262e+01	1.260782e+00	8.065411e-05	244358184.000000	0.000000e+00
1.281461e+01	1.260414e+00	8.065014e-05	244239706.000000	0.000000e+00
1.281661e+01	1.260100e+00	8.063650e-05	244200412.000000	0.000000e+00
1.281860e+01	1.260079e+00	8.064060e-05	244167594.000000	0.000000e+00
1.282060e+01	1.259595e+00	8.060811e-05	244176832.000000	0.000000e+00
1.282259e+01	1.259273e+00	8.060071e-05	244096704.000000	0.000000e+00
1.282459e+01	1.259155e+00	8.060104e-05	244048960.000000	0.000000e+00
1.282658e+01	1.258895e+00	8.059719e-05	243971628.000000	0.000000e+00
1.282857e+01	1.258663e+00	8.058900e-05	243931150.000000	0.000000e+00
1.283057e+01	1.258473e+00	8.057720e-05	243929014.000000	0.000000e+00
1.283256e+01	1.258145e+00	8.056903e-05	243851442.000000	0.000000e+00
1.283456e+01	1.258043e+00	8.056375e-05	243843940.000000	0.000000e+00
1.283655e+01	1.257780e+00	8.055054e-05	243821910.000000	0.000000e+00
1.283855e+01	1.257501e+00	8.054502e-05	243747118.000000	0.000000e+00
1.284054e+01	1.257169e+00	8.053864e-05	243656856.000000	0.000000e+00
1.284254e+01	1.257096e+00	8.053639e-05	243642358.000000	0.000000e+00
1.284453e+01	1.256709e+00	8.051083e-05	243647002.000000	0.000000e+00
1.284653e+01	1.256363e+00	8.050202e-05	243566106.000000	0.000000e+00
1.284852e+01	1.256274e+00	8.049839e-05	243553552.000000	0.000000e+00
1.285052e+01	1.256190e+00	8.050463e-05	243482994.000000	0.000000e+00
1.285251e+01	1.255945e+00	8.050288e-05	243398950.000000	0.000000e+00
1.285450e+01	1.255599e+00	8.048195e-05	243391260.000000	0.000000e+00
1.285650e+01	1.255269e+00	8.046378e-05	243373030.000000	0.000000e+00
1.285849e+01	1.255242e+00	8.047974e-05	243266254.000000	0.000000e+00
1.286049e+01	1.254905e+00	8.044924e-05	243320040.000000	0.000000e+00
1.286248e+01	1.254689e+00	8.045887e-05	243177814.000000	0.000000e+00
1.286448e+01	1.254321e+00	8.042425e-05	243244794.000000	0.000000e+00
1.286647e+01	1.254072e+00	8.043240e-05	243098980.000000	0.000000e+00
1.286847e+01	1.253851e+00	8.041739e-05	243103966.000000	0.000000e+00
1.287046e+01	1.253727e+00	8.042097e-05	243034014.000000	0.000000e+00
1.287246e+01	1.253561e+00	8.040881e-05	243043342.000000	0.000000e+00
1.287445e+01	1.253167e+00	8.039649e-05	242964990.000000	0.000000e+00
1.287645e+01	1.253091e+00	8.040924e-05	242858506.000000	0.000000e+00
1.287844e+01	1.252622e+00	8.036500e-05	242944056.000000	0.000000e+00
1.288044e+01	1.252438e+00	8.037492e-05	242812768.000000	0.000000e+00
1.288243e+01	1.252139e+00	8.035650e-05	242807974.000000	0.000000e+00
1.288442e+01	1.251876e+00	8.035803e-05	242696724.000000	0.000000e+00
1.288642e+01	1.251873e+00	8.035315e-05	242725126.000000	0.000000e+00
1.288841e+01	1.251621e+00	8.034870e-05	242654268.000000	0.000000e+00
1.289041e+01	1.251249e+00	8.033265e-05	242606848.000000	0.000000e+00
1.289240e+01	1.251088e+00	8.032150e-05	242611788.000000	0.000000e+00
1.289440e+01	1.250718e+00	8.032152e-05	242468164.000000	0.000000e+00
1.289639e+01	1.250587e+00	8.030700e-05	242505136.000000	0.000000e+00
1.289839e+01	1.250307e+00	8.029674e-05	242458626.000000	0.000000e+00
1.290038e+01	1.250027e+00	8.029084e-05	242385538.000000	0.000000e+00
1.290238e+01	1.249869e+00	8.028304e-05	242371476.000000	0.000000e+00
1.290437e+01	1.249684e+00	8.027952e-05	242320852.000000	0.000000e+00
1.290637e+01	1.249472e+00	8.027447e-05	242269360.000000	0.000000e+00
1.290836e+01	1.249244e+00	8.027067e-05	242203488.000000	0.000000e+00
1.291036e+01	1.248943e+00	8.025700e-05	242169526.000000	0.000000e+00
1.291235e+01	1.248794e+00	8.024811e-05	242165136.000000	0.000000e+00
1.291434e+01	1.248542e+00	8.025503e-05	242025904.000000	0.000000e+00
1.291634e+01	1.248339e+00	8.023658e-05	242058558.000000	0.000000e+00
1.291833e+01	1.248045e+00	8.022644e-05	242005438.000000	0.000000e+00
1.292033e+01	1.247992e+00	8.022506e-05	241993192.000000	0.000000e+00
1.292232e+01	1.247574e+00	8.021038e-05	241919658.000000	0.000000e+00
1.292432e+01	1.247141e+00	8.018674e-05	241894480.000000	0.000000e+00
1.292631e+01	1.246983e+00	8.019149e-05	241804494.000000	0.000000e+00
1.292831e+01	1.246897e+00	8.019503e-05	241749946.000000	0.000000e+00
1.293030e+01	1.246729e+00	8.018598e-05	241739280.000000	0.000000e+00
1.293230e+01	1.246309e+00	8.016706e-05	241690342.000000	0.000000e+00
1.293429e+01	1.245994e+00	8.015204e-05	241658884.000000	0.000000e+00
1.293629e+01	1.245965e+00	8.015710e-05	241617120.000000	0.000000e+00
1.293828e+01	1.245735e+00	8.015241e-05	241556056.000000	0.000000e+00
1.294027e+01	1.245406e+00	8.013937e-05	241507248.000000	0.000000e+00
1.294227e+01	1.245243e+00	8.013195e-05	241488784.000000	0.000000e+00
1.294426e+01	1.244875e+00	8.012249e-05	241403028.000000	0.000000e+00
1.294626e+01	1.244770e+00	8.011799e-05	241389262.000000	0.000000e+00
1.294825e+01	1.244415e+00	8.010532e-05	241327972.000000	0.000000e+00
1.295025e+01	1.244209e+00	8.008829e-05	241350732.000000	0.000000e+00
1.295224e+01	1.244192e+00	8.011893e-05	241159690.000000	0.000000e+00
1.295424e+01	1.243813e+00	8.007486e-05	241278216.000000	0.000000e+00
1.295623e+01	1.243599e+00	8.008523e-05	241132768.000000	0.000000e+00
1.295823e+01	1.243420e+00	8.007350e-05	241133992.000000	0.000000e+00
1.296022e+01	1.243183e+00	8.007004e-05	241062762.000000	0.000000e+00
1.296222e+01	1.242890e+00	8.005263e-05	241053940.000000	0.000000e+00
1.296421e+01	1.242601e+00	8.004714e-05	240975060.000000	0.000000e+00
1.296621e+01	1.242371e+00	8.003428e-05	240963178.000000	0.000000e+00
1.296820e+01	1.242181e+00	8.004629e-05	240817014.000000	0.000000e+00
1.297019e+01	1.241822e+00	8.001132e-05	240888316.000000	0.000000e+00
1.297219e+01	1.241813e+00	8.002963e-05	240774550.000000	0.000000e+00
1.297418e+01	1.241462e+00	8.000773e-05	240770490.000000	0.000000e+00
1.297618e+01	1.241423e+00	8.000831e-05	240751684.000000	0.000000e+00
1.297817e+01	1.241123e+00	8.001240e-05	240610632.000000	0.000000e+00
1.298017e+01	1.240849e+00	7.998803e-05	240651214.000000	0.000000e+00
1.298216e+01	1.240603e+00	7.998190e-05	240592536.000000	0.000000e+00
1.298416e+01	1.240430e+00	7.997711e-05	240554236.000000	0.000000e+00
1.298615e+01	1.240244e+00	7.997988e-05	240465382.000000	0.000000e+00
1.298815e+01	1.239913e+00	7.996534e-05	240424488.000000	0.000000e+00
1.299014e+01	1.239677e+00	7.995266e-05	240409192.000000	0.000000e+00
1.299214e+01	1.239380e+00	7.993423e-05	240404982.000000	0.000000e+00
1.299413e+01	1.239172e+00	7.994022e-05	240288274.000000	0.000000e+00
1.299612e+01	1.239093e+00	7.994484e-05	240229932.000000	0.000000e+00
1.299812e+01	1.238769e+00	7.991948e-05	240256732.000000	0.000000e+00
1.300011e+01	1.238677e+00	7.992509e-05	240187120.000000	0.000000e+00
1.300211e+01	1.238396e+00	7.991915e-05	240114072.000000	0.000000e+00
1.300410e+01	1.238108e+00	7.990680e-05	240076492.000000	0.000000e+00
1.300610e+01	1.237953e+00	7.990578e-05	240022560.000000	0.000000e+00
1.300809e+01	1.237826e+00	7.989524e-05	240036730.000000	0.000000e+00
1.301009e+01	1.237452e+00	7.989642e-05	239884552.000000	0.000000e+00
1.301208e+01	1.237245e+00	7.987527e-05	239931360.000000	0.000000e+00
1.301408e+01	1.237082e+00	7.986872e-05	239907358.000000	0.000000e+00
1.301607e+01	1.236784e+00	7.987567e-05	239750154.000000	0.000000e+00
1.301807e+01	1.236571e+00	7.985291e-05	239804032.000000	0.000000e+00
1.302006e+01	1.236281e+00	7.985111e-05	239702538.000000	0.000000e+00
1.302206e+01	1.235980e+00	7.983703e-05	239670412.000000	0.000000e+00
1.302405e+01	1.235814e+00	7.982564e-05	239674456.000000	0.000000e+00
1.302604e+01	1.235719e+00	7.982519e-05	239640252.000000	0.000000e+00
1.302804e+01	1.235357e+00	7.982523e-05	239499292.000000	0.000000e+00
1.303003e+01	1.235317e+00	7.983082e-05	239450400.000000	0.000000e+00
1.303203e+01	1.234944e+00	7.980004e-05	239490610.000000	0.000000e+00
1.303402e+01	1.234726e+00	7.980607e-05	239369700.000000	0.000000e+00
1.303602e+01	1.234352e+00	7.977099e-05	239435272.000000	0.000000e+00
1.303801e+01	1.234313e+00	7.979715e-05	239263204.000000	0.000000e+00
1.304001e+01	1.234085e+00	7.978993e-05	239217924.000000	0.000000e+00
1.304200e+01	1.233769e+00	7.974955e-05	239337718.000000	0.000000e+00
1.304400e+01	1.233542e+00	7.977002e-05	239127036.000000	0.000000e+00
1.304599e+01	1.233491e+00	7.976939e-05	239110780.000000	0.000000e+00
1.304799e+01	1.233288e+00	7.976089e-05	239083266.000000	0.000000e+00
1.304998e+01	1.232948e+00	7.973388e-05	239113204.000000	0.000000e+00
1.305198e+01	1.232497e+00	7.973159e-05	238952038.000000	0.000000e+00
1.305397e+01	1.232563e+00	7.974117e-05	238920432.000000	0.000000e+00
1.305596e+01	1.232278e+00	7.971668e-05	238956550.000000	0.000000e+00
1.305796e+01	1.231980e+00	7.971636e-05	238843128.000000	0.000000e+00
1.305995e+01	1.231790e+00	7.971174e-05	238796842.000000	0.000000e+00
1.306195e+01	1.231513e+00	7.970022e-05	238758724.000000	0.000000e+00
1.306394e+01	1.231251e+00	7.968390e-05	238754640.000000	0.000000e+00
1.306594e+01	1.231277e+00	7.969704e-05	238686328.000000	0.000000e+00
1.306793e+01	1.231051e+00	7.969359e-05	238618974.000000	0.000000e+00
1.306993e+01	1.230818e+00	7.968848e-05	238559374.000000	0.000000e+00
1.307192e+01	1.230427e+00	7.966480e-05	238549590.000000	0.000000e+00
1.307392e+01	1.230302e+00	7.966601e-05	238493776.000000	0.000000e+00
1.307591e+01	1.229886e+00	7.964115e-05	238481602.000000	0.000000e+00
1.307791e+01	1.229905e+00	7.967182e-05	238305384.000000	0.000000e+00
1.307990e+01	1.229604e+00	7.963556e-05	238405582.000000	0.000000e+00
1.308189e+01	1.229429e+00	7.963866e-05	238319184.000000	0.000000e+00
1.308389e+01	1.229121e+00	7.962952e-05	238254406.000000	0.000000e+00
1.308588e+01	1.229082e+00	7.963602e-05	238200618.000000	0.000000e+00
1.308788e+01	1.228891e+00	7.962979e-05	238163602.000000	0.000000e+00
1.308987e+01	1.228544e+00	7.960818e-05	238158310.000000	0.000000e+00
1.309187e+01	1.228411e+00	7.962035e-05	238034196.000000	0.000000e+00
1.309386e+01	1.228221e+00	7.959965e-05	238084264.000000	0.000000e+00
1.309586e+01	1.227862e+00	7.959772e-05	237956670.000000	0.000000e+00
1.309785e+01	1.227766e+00	7.959924e-05	237910336.000000	0.000000e+00
1.309985e+01	1.227405e+00	7.957504e-05	237914950.000000	0.000000e+00
1.310184e+01	1.227320e+00	7.957193e-05	237900624.000000	0.000000e+00
1.310384e+01	1.226897e+00	7.956870e-05	237755914.000000	0.000000e+00
1.310583e+01	1.226723e+00	7.955677e-05	237760110.000000	0.000000e+00
1.310783e+01	1.226522e+00	7.954937e-05	237726328.000000	0.000000e+00
1.310982e+01	1.226276e+00	7.955056e-05	237623886.000000	0.000000e+00
1.311181e+01	1.226228e+00	7.954555e-05	237635020.000000	0.000000e+00
1.311381e+01	1.225823e+00	7.953516e-05	237540292.000000	0.000000e+00
1.311580e+01	1.225743e+00	7.952866e-05	237548166.000000	0.000000e+00
1.311780e+01	1.225491e+00	7.952903e-05	237448300.000000	0.000000e+00
1.311979e+01	1.225216e+00	7.950383e-05	237492216.000000	0.000000e+00
1.312179e+01	1.225089e+00	7.952775e-05	237299920.000000	0.000000e+00
1.312378e+01	1.224973e+00	7.951359e-05	237339570.000000	0.000000e+00
1.312578e+01	1.224811e+00	7.950556e-05	237324892.000000	0.000000e+00
1.312777e+01	1.224330e+00	7.948937e-05	237234964.000000	0.000000e+00
1.312977e+01	1.224322e+00	7.949497e-05	237198618.000000	0.000000e+00
1.313176e+01	1.223935e+00	7.947360e-05	237176044.000000	0.000000e+00
1.313376e+01	1.223830e+00	7.948519e-05	237066246.000000	0.000000e+00
1.313575e+01	1.223709e+00	7.948713e-05	237007948.000000	0.000000e+00
1.313774e+01	1.223244e+00	7.945179e-05	237038670.000000	0.000000e+00
1.313974e+01	1.223131e+00	7.945777e-05	236959114.000000	0.000000e+00
1.314173e+01	1.222796e+00	7.944333e-05	236915356.000000	0.000000e+00
1.314373e+01	1.222671e+00	7.944389e-05	236863662.000000	0.000000e+00
1.314572e+01	1.222473e+00	7.943913e-05	236815072.000000	0.000000e+00
1.314772e+01	1.222328e+00	7.943730e-05	236769894.000000	0.000000e+00
1.314971e+01	1.222052e+00	7.942179e-05	236755516.000000	0.000000e+00
1.315171e+01	1.221769e+00	7.941495e-05	236686504.000000	0.000000e+00
1.315370e+01	1.221632e+00	7.941740e-05	236618916.000000	0.000000e+00
1.315570e+01	1.221469e+00	7.941289e-05	236582704.000000	0.000000e+00
1.315769e+01	1.221098e+00	7.938804e-05	236587014.000000	0.000000e+00
1.315969e+01	1.220903e+00	7.940066e-05	236436136.000000	0.000000e+00
1.316168e+01	1.220737e+00	7.938394e-05	236471664.000000	0.000000e+00
1.316368e+01	1.220588e+00	7.938714e-05	236394976.000000	0.000000e+00
1.316567e+01	1.220393e+00	7.938838e-05	236311774.000000	0.000000e+00
1.316766e+01	1.220148e+00	7.936880e-05	236333484.000000	0.000000e+00
1.316966e+01	1.220013e+00	7.936759e-05	236288590.000000	0.000000e+00
1.317165e+01	1.219695e+00	7.936724e-05	236167344.000000	0.000000e+00
1.317365e+01	1.219629e+00	7.935840e-05	236194264.000000	0.000000e+00
1.317564e+01	1.219346e+00	7.936144e-05	236066580.000000	0.000000e+00
1.317764e+01	1.219087e+00	7.934012e-05	236093278.000000	0.000000e+00
1.317963e+01	1.218944e+00	7.934842e-05	235988476.000000	0.000000e+00
1.318163e+01	1.218561e+00	7.931778e-05	236022528.000000	0.000000e+00
1.318362e+01	1.218457e+00	7.932972e-05	235911370.000000	0.000000e+00
1.318562e+01	1.218171e+00	7.931774e-05	235871688.000000	0.000000e+00
1.318761e+01	1.218069e+00	7.931870e-05	235826446.000000	0.000000e+00
1.318961e+01	1.217735e+00	7.930884e-05	235755606.000000	0.000000e+00
1.319160e+01	1.217796e+00	7.930948e-05	235775626.000000	0.000000e+00
1.319360e+01	1.217367e+00	7.929710e-05	235683202.000000	0.000000e+00
1.319559e+01	1.217231e+00	7.929324e-05	235653294.000000	0.000000e+00
1.319758e+01	1.217090e+00	7.930014e-05	235557706.000000	0.000000e+00
1.319958e+01	1.216912e+00	7.928452e-05	235581774.000000	0.000000e+00
1.320157e+01	1.216561e+00	7.928021e-05	235471276.000000	0.000000e+00
1.320357e+01	1.216275e+00	7.925797e-05	235492666.000000	0.000000e+00
1.320556e+01	1.216145e+00	7.926937e-05	235374906.000000	0.000000e+00
1.320756e+01	1.215918e+00	7.926316e-05	235323622.000000	0.000000e+00
1.320955e+01	1.215667e+00	7.924549e-05	235331400.000000	0.000000e+00
1.321155e+01	1.215493e+00	7.924644e-05	235258564.000000	0.000000e+00
1.321354e+01	1.215246e+00	7.923731e-05	235216998.000000	0.000000e+00
1.321554e+01	1.214991e+00	7.923649e-05	235123228.000000	0.000000e+00
1.321753e+01	1.214923e+00	7.922921e-05	235140250.000000	0.000000e+00
1.321953e+01	1.214662e+00	7.922224e-05	235080330.000000	0.000000e+00
1.322152e+01	1.214579e+00	7.922368e-05	235039942.000000	0.000000e+00
1.322351e+01	1.214362e+00	7.922839e-05	234927912.000000	0.000000e+00
1.322551e+01	1.214068e+00	7.920304e-05	234964402.000000	0.000000e+00
1.322750e+01	1.213931e+00	7.921071e-05	234866022.000000	0.000000e+00
1.322950e+01	1.213746e+00	7.920489e-05	234829030.000000	0.000000e+00
1.323149e+01	1.213609e+00	7.920949e-05	234748750.000000	0.000000e+00
1.323349e+01	1.213178e+00	7.918226e-05	234743376.000000	0.000000e+00
1.323548e+01	1.212880e+00	7.916355e-05	234738850.000000	0.000000e+00
1.323748e+01	1.212854e+00	7.918708e-05	234589488.000000	0.000000e+00
1.323947e+01	1.212590e+00	7.916610e-05	234611500.000000	0.000000e+00
1.324147e+01	1.212256e+00	7.915890e-05	234525124.000000	0.000000e+00
1.324346e+01	1.212327e+00	7.915861e-05	234554334.000000	0.000000e+00
1.324546e+01	1.212052e+00	7.916440e-05	234413674.000000	0.000000e+00
1.324745e+01	1.211786e+00	7.915880e-05	234343884.000000	0.000000e+00
1.324945e+01	1.211533e+00	7.913675e-05	234376468.000000	0.000000e+00
1.325144e+01	1.211377e+00	7.913449e-05	234329514.000000	0.000000e+00
1.325343e+01	1.211039e+00	7.912830e-05	234235408.000000	0.000000e+00
1.325543e+01	1.211031e+00	7.912632e-05	234244072.000000	0.000000e+00
1.325742e+01	1.210721e+00	7.913263e-05	234086652.000000	0.000000e+00
1.325942e+01	1.210464e+00	7.910923e-05	234125902.000000	0.000000e+00
1.326141e+01	1.210280e+00	7.911234e-05	234036390.000000	0.000000e+00
1.326341e+01	1.210153e+00	7.910767e-05	234014848.000000	0.000000e+00
1.326540e+01	1.210053e+00	7.910734e-05	233978142.000000	0.000000e+00
1.326740e+01	1.209604e+00	7.908780e-05	233920114.000000	0.000000e+00
1.326939e+01	1.209460e+00	7.909260e-05	233836084.000000	0.000000e+00
1.327139e+01	1.209469e+00	7.909019e-05	233853666.000000	0.000000e+00
1.327338e+01	1.209194e+00	7.908508e-05	233777494.000000	0.000000e+00
1.327538e+01	1.208809e+00	7.907264e-05	233702268.000000	0.000000e+00
1.327737e+01	1.208816e+00	7.908022e-05	233660116.000000	0.000000e+00
1.327936e+01	1.208605e+00	7.906719e-05	233655510.000000	0.000000e+00
1.328136e+01	1.208329e+00	7.906434e-05	233565766.000000	0.000000e+00
1.328335e+01	1.208080e+00	7.904822e-05	233564620.000000	0.000000e+00
1.328535e+01	1.207894e+00	7.906535e-05	233391456.000000	0.000000e+00
1.328734e+01	1.207727e+00	7.904878e-05	233424976.000000	0.000000e+00
1.328934e+01	1.207365e+00	7.902507e-05	233425080.000000	0.000000e+00
1.329133e+01	1.207272e+00	7.903561e-05	233326672.000000	0.000000e+00
1.329333e+01	1.206989e+00	7.902231e-05	233295892.000000	0.000000e+00
1.329532e+01	1.206929e+00	7.903183e-05	233216676.000000	0.000000e+00
1.329732e+01	1.206735e+00	7.901422e-05	233245408.000000	0.000000e+00
1.329931e+01	1.206500e+00	7.903296e-05	233044278.000000	0.000000e+00
1.330131e+01	1.206363e+00	7.900852e-05	233135236.000000	0.000000e+00
1.330330e+01	1.205940e+00	7.900376e-05	232999968.000000	0.000000e+00
1.330530e+01	1.205906e+00	7.899407e-05	233044174.000000	0.000000e+00
1.330729e+01	1.205770e+00	7.900543e-05	232924258.000000	0.000000e+00
1.330928e+01	1.205369e+00	7.898614e-05	232883400.000000	0.000000e+00
1.331128e+01	1.205348e+00	7.899508e-05	232822372.000000	0.000000e+00
1.331327e+01	1.205038e+00	7.897325e-05	232831290.000000	0.000000e+00
1.331527e+01	1.204756e+00	7.897595e-05	232706572.000000	0.000000e+00
1.331726e+01	1.204744e+00	7.897317e-05	232718352.000000	0.000000e+00
1.331926e+01	1.204610e+00	7.897468e-05	232657414.000000	0.000000e+00
1.332125e+01	1.204201e+00	7.896287e-05	232569034.000000	0.000000e+00
1.332325e+01	1.204187e+00	7.896702e-05	232539252.000000	0.000000e+00
1.332524e+01	1.203824e+00	7.894939e-05	232503088.000000	0.000000e+00
1.332724e+01	1.203735e+00	7.894361e-05	232502778.000000	0.000000e+00
1.332923e+01	1.203398e+00	7.894102e-05	232387624.000000	0.000000e+00
1.333123e+01	1.203340e+00	7.894657e-05	232332780.000000	0.000000e+00
1.333322e+01	1.203200e+00	7.894062e-05	232313494.000000	0.000000e+00
1.333522e+01	1.202952e+00	7.893727e-05	232237450.000000	0.000000e+00
1.333721e+01	1.202702e+00	7.892572e-05	232209000.000000	0.000000e+00
1.333920e+01	1.202410e+00	7.892622e-05	232093312.000000	0.000000e+00
1.334120e+01	1.202206e+00	7.890590e-05	232133922.000000	0.000000e+00
1.334319e+01	1.202225e+00	7.891758e-05	232072732.000000	0.000000e+00
1.334519e+01	1.202041e+00	7.890863e-05	232054288.000000	0.000000e+00
1.334718e+01	1.201725e+00	7.891750e-05	231880206.000000	0.000000e+00
1.334918e+01	1.201450e+00	7.889309e-05	231917632.000000	0.000000e+00
1.335117e+01	1.201448e+00	7.890131e-05	231868260.000000	0.000000e+00
1.335317e+01	1.201124e+00	7.889115e-05	231803212.000000	0.000000e+00
1.335516e+01	1.200946e+00	7.888227e-05	231786648.000000	0.000000e+00
1.335716e+01	1.200653e+00	7.887491e-05	231716800.000000	0.000000e+00
1.335915e+01	1.200595e+00	7.888070e-05	231660256.000000	0.000000e+00
1.336115e+01	1.200475e+00	7.888615e-05	231581766.000000	0.000000e+00
1.336314e+01	1.199957e+00	7.884695e-05	231612160.000000	0.000000e+00
1.336513e+01	1.199934e+00	7.886946e-05	231471204.000000	0.000000e+00
1.336713e+01	1.199773e+00	7.886000e-05	231464650.000000	0.000000e+00
1.336912e+01	1.199641e+00	7.885840e-05	231423156.000000	0.000000e+00
1.337112e+01	1.199324e+00	7.884367e-05	231387370.000000	0.000000e+00
1.337311e+01	1.199078e+00	7.884744e-05	231270352.000000	0.000000e+00
1.337511e+01	1.198958e+00	7.884246e-05	231253146.000000	0.000000e+00
1.337710e+01	1.198909e+00	7.883784e-05	231261340.000000	0.000000e+00
1.337910e+01	1.198635e+00	7.884101e-05	231136908.000000	0.000000e+00
1.338109e+01	1.198384e+00	7.882882e-05	231111658.000000	0.000000e+00
1.338309e+01	1.198237e+00	7.883535e-05	231016614.000000	0.000000e+00
1.338508e+01	1.198104e+00	7.881687e-05	231073828.000000	0.000000e+00
1.338708e+01	1.197818e+00	7.881968e-05	230947168.000000	0.000000e+00
1.338907e+01	1.197696e+00	7.881993e-05	230898534.000000	0.000000e+00
1.339107e+01	1.197417e+00	7.880629e-05	230870728.000000	0.000000e+00
1.339306e+01	1.197103e+00	7.879582e-05	230811042.000000	0.000000e+00
1.339505e+01	1.197040e+00	7.879283e-05	230804446.000000	0.000000e+00
1.339705e+01	1.196963e+00	7.880858e-05	230682520.000000	0.000000e+00
1.339904e+01	1.196542e+00	7.878403e-05	230663820.000000	0.000000e+00
1.340104e+01	1.196431e+00	7.878609e-05	230608948.000000	0.000000e+00
1.340303e+01	1.196415e+00	7.879326e-05	230560782.000000	0.000000e+00
1.340503e+01	1.196026e+00	7.877266e-05	230531536.000000	0.000000e+00
1.340702e+01	1.195862e+00	7.877267e-05	230468364.000000	0.000000e+00
1.340902e+01	1.195628e+00	7.876930e-05	230397580.000000	0.000000e+00
1.341101e+01	1.195502e+00	7.877378e-05	230322880.000000	0.000000e+00
1.341301e+01	1.195321e+00	7.876095e-05	230328180.000000	0.000000e+00
1.341500e+01	1.195201e+00	7.876024e-05	230286310.000000	0.000000e+00
1.341700e+01	1.194931e+00	7.875548e-05	230209908.000000	0.000000e+00
1.341899e+01	1.194756e+00	7.875287e-05	230157616.000000	0.000000e+00
1.342098e+01	1.194633e+00	7.875083e-05	230122320.000000	0.000000e+00
1.342298e+01	1.194544e+00	7.875561e-05	230059996.000000	0.000000e+00
1.342497e+01	1.194311e+00	7.875045e-05	230000716.000000	0.000000e+00
1.342697e+01	1.194036e+00	7.874007e-05	229955268.000000	0.000000e+00
1.342896e+01	1.193780e+00	7.872556e-05	229941190.000000	0.000000e+00
1.343096e+01	1.193588e+00	7.873238e-05	229827552.000000	0.000000e+00
1.343295e+01	1.193570e+00	7.873522e-05	229803868.000000	0.000000e+00
1.343495e+01	1.193144e+00	7.871400e-05	229763962.000000	0.000000e+00
1.343694e+01	1.193087e+00	7.871832e-05	229716738.000000	0.000000e+00
1.343894e+01	1.192870e+00	7.871273e-05	229665880.000000	0.000000e+00
1.344093e+01	1.192610e+00	7.870517e-05	229609728.000000	0.000000e+00
1.344293e+01	1.192468e+00	7.870301e-05	229567858.000000	0.000000e+00
1.344492e+01	1.192239e+00	7.870355e-05	229476228.000000	0.000000e+00
1.344692e+01	1.192026e+00	7.868693e-05	229491274.000000	0.000000e+00
1.344891e+01	1.191906e+00	7.870390e-05	229345978.000000	0.000000e+00
1.345090e+01	1.191705e+00	7.868323e-05	229389348.000000	0.000000e+00
1.345290e+01	1.191530e+00	7.868098e-05	229335160.000000	0.000000e+00
1.345489e+01	1.191454e+00	7.869829e-05	229205148.000000	0.000000e+00
1.345689e+01	1.191247e+00	7.867425e-05	229265236.000000	0.000000e+00
1.345888e+01	1.190905e+00	7.868235e-05	229086648.000000	0.000000e+00
1.346088e+01	1.190899e+00	7.867709e-05	229114792.000000	0.000000e+00
1.346287e+01	1.190620e+00	7.867765e-05	229004230.000000	0.000000e+00
1.346487e+01	1.190470e+00	7.866040e-05	229046886.000000	0.000000e+00
1.346686e+01	1.190248e+00	7.866308e-05	228946156.000000	0.000000e+00
1.346886e+01	1.189935e+00	7.865589e-05	228867564.000000	0.000000e+00
1.347085e+01	1.189838e+00	7.865070e-05	228860194.000000	0.000000e+00
1.347285e+01	1.189654e+00	7.864343e-05	228831648.000000	0.000000e+00
1.347484e+01	1.189604e+00	7.865835e-05	228725770.000000	0.000000e+00
1.347684e+01	1.189379e+00	7.865283e-05	228671494.000000	0.000000e+00
1.347883e+01	1.189263e+00	7.865554e-05	228611100.000000	0.000000e+00
1.348082e+01	1.189108e+00	7.864542e-05	228610252.000000	0.000000e+00
1.348282e+01	1.188766e+00	7.863291e-05	228551370.000000	0.000000e+00
1.348481e+01	1.188562e+00	7.863363e-05	228468934.000000	0.000000e+00
1.348681e+01	1.188367e+00	7.862083e-05	228468214.000000	0.000000e+00
1.348880e+01	1.188325e+00	7.863459e-05	228372132.000000	0.000000e+00
1.349080e+01	1.188050e+00	7.861950e-05	228354172.000000	0.000000e+00
1.349279e+01	1.187818e+00	7.862443e-05	228236328.000000	0.000000e+00
1.349479e+01	1.187762e+00	7.862302e-05	228223192.000000	0.000000e+00
1.349678e+01	1.187556e+00	7.861462e-05	228192654.000000	0.000000e+00
1.349878e+01	1.187321e+00	7.861039e-05	228126790.000000	0.000000e+00
1.350077e+01	1.187142e+00	7.860794e-05	228072280.000000	0.000000e+00
1.350277e+01	1.186993e+00	7.860875e-05	228010440.000000	0.000000e+00
1.350476e+01	1.186795e+00	7.859773e-05	227998174.000000	0.000000e+00
1.350675e+01	1.186563e+00	7.859743e-05	227910894.000000	0.000000e+00
1.350875e+01	1.186323e+00	7.858235e-05	227906068.000000	0.000000e+00
1.351074e+01	1.186308e+00	7.860361e-05	227776878.000000	0.000000e+00
1.351274e+01	1.186115e+00	7.858496e-05	227811178.000000	0.000000e+00
1.351473e+01	1.185815e+00	7.858161e-05	227715208.000000	0.000000e+00
1.351673e+01	1.185665e+00	7.858482e-05	227639082.000000	0.000000e+00
1.351872e+01	1.185507e+00	7.857865e-05	227613910.000000	0.000000e+00
1.352072e+01	1.185390e+00	7.858141e-05	227553306.000000	0.000000e+00
1.352271e+01	1.185007e+00	7.855520e-05	227557900.000000	0.000000e+00
1.352471e+01	1.185174e+00	7.858902e-05	227426202.000000	0.000000e+00
1.352670e+01	1.184761e+00	7.855565e-05	227460814.000000	0.000000e+00
1.352870e+01	1.184535e+00	7.855836e-05	227358460.000000	0.000000e+00
1.353069e+01	1.184482e+00	7.857368e-05	227249526.000000	0.000000e+00
1.353269e+01	1.184296e+00	7.855314e-05	227296984.000000	0.000000e+00
1.353468e+01	1.184157e+00	7.856732e-05	227161470.000000	0.000000e+00
1.353667e+01	1.183756e+00	7.853948e-05	227168656.000000	0.000000e+00
1.353867e+01	1.183695e+00	7.855295e-05	227067280.000000	0.000000e+00
1.354066e+01	1.183579e+00	7.855228e-05	227026710.000000	0.000000e+00
1.354266e+01	1.183315e+00	7.854042e-05	226994152.000000	0.000000e+00
1.354465e+01	1.183122e+00	7.853573e-05	226946970.000000	0.000000e+00
1.354665e+01	1.182895e+00	7.852668e-05	226912426.000000	0.000000e+00
1.354864e+01	1.182862e+00	7.853366e-05	226859304.000000	0.000000e+00
1.355064e+01	1.182479e+00	7.852613e-05	226755940.000000	0.000000e+00
1.355263e+01	1.182371e+00	7.851854e-05	226758160.000000	0.000000e+00
1.355463e+01	1.182281e+00	7.853037e-05	226655448.000000	0.000000e+00
1.355662e+01	1.182128e+00	7.851660e-05	226676338.000000	0.000000e+00
1.355862e+01	1.181919e+00	7.852942e-05	226522176.000000	0.000000e+00
1.356061e+01	1.181722e+00	7.851444e-05	226533100.000000	0.000000e+00
1.356260e+01	1.181585e+00	7.851170e-05	226496208.000000	0.000000e+00
1.356460e+01	1.181399e+00	7.852346e-05	226357288.000000	0.000000e+00
1.356659e+01	1.181133e+00	7.849573e-05	226415200.000000	0.000000e+00
1.356859e+01	1.180824e+00	7.849134e-05	226321932.000000	0.000000e+00
1.357058e+01	1.180878e+00	7.850926e-05	226239334.000000	0.000000e+00
1.357258e+01	1.180675e+00	7.849442e-05	226247316.000000	0.000000e+00
1.357457e+01	1.180335e+00	7.848882e-05	226149256.000000	0.000000e+00
1.357657e+01	1.180247e+00	7.849038e-05	226106406.000000	0.000000e+00
1.357856e+01	1.180078e+00	7.849113e-05	226037554.000000	0.000000e+00
1.358056e+01	1.179912e+00	7.847689e-05	226055614.000000	0.000000e+00
1.358255e+01	1.179862e+00	7.850015e-05	225902640.000000	0.000000e+00
1.358455e+01	1.179595e+00	7.848190e-05	225905668.000000	0.000000e+00
1.358654e+01	1.179465e+00	7.848187e-05	225855912.000000	0.000000e+00
1.358854e+01	1.179297e+00	7.849079e-05	225740230.000000	0.000000e+00
1.359053e+01	1.179105e+00	7.846525e-05	225813580.000000	0.000000e+00
1.359252e+01	1.178864e+00	7.847819e-05	225646944.000000	0.000000e+00
1.359452e+01	1.178672e+00	7.846398e-05	225655048.000000	0.000000e+00
1.359651e+01	1.178425e+00	7.846252e-05	225569046.000000	0.000000e+00
1.359851e+01	1.178368e+00	7.845663e-05	225581188.000000	0.000000e+00
1.360050e+01	1.178139e+00	7.847040e-05	225414342.000000	0.000000e+00
1.360250e+01	1.177953e+00	7.845383e-05	225438340.000000	0.000000e+00
1.360449e+01	1.177935e+00	7.846445e-05	225370264.000000	0.000000e+00
1.360649e+01	1.177610e+00	7.844526e-05	225356346.000000	0.000000e+00
1.360848e+01	1.177393e+00	7.844913e-05	225250834.000000	0.000000e+00
1.361048e+01	1.177285e+00	7.845231e-05	225191196.000000	0.000000e+00
1.361247e+01	1.177069e+00	7.843998e-05	225179452.000000	0.000000e+00
1.361447e+01	1.177007e+00	7.844819e-05	225108582.000000	0.000000e+00
1.361646e+01	1.176882e+00	7.844638e-05	225071092.000000	0.000000e+00
1.361846e+01	1.176478e+00	7.843292e-05	224993998.000000	0.000000e+00
1.362045e+01	1.176417e+00	7.844485e-05	224902062.000000	0.000000e+00
1.362244e+01	1.176202e+00	7.842606e-05	224927638.000000	0.000000e+00
1.362444e+01	1.176089e+00	7.842528e-05	224889072.000000	0.000000e+00
1.362643e+01	1.175856e+00	7.843510e-05	224743528.000000	0.000000e+00
1.362843e+01	1.175766e+00	7.842852e-05	224746834.000000	0.000000e+00
1.363042e+01	1.175516e+00	7.842584e-05	224666592.000000	0.000000e+00
1.363242e+01	1.175633e+00	7.843631e-05	224651290.000000	0.000000e+00
1.363441e+01	1.175232e+00	7.842376e-05	224570046.000000	0.000000e+00
1.363641e+01	1.174830e+00	7.840284e-05	224536186.000000	0.000000e+00
1.363840e+01	1.174907e+00	7.841602e-05	224490342.000000	0.000000e+00
1.364040e+01	1.174854e+00	7.843246e-05	224375674.000000	0.000000e+00
1.364239e+01	1.174624e+00	7.841178e-05	224406442.000000	0.000000e+00
1.364439e+01	1.174339e+00	7.841043e-05	224305152.000000	0.000000e+00
1.364638e+01	1.174043e+00	7.839921e-05	224256136.000000	0.000000e+00
1.364837e+01	1.174073e+00	7.840480e-05	224235942.000000	0.000000e+00
1.365037e+01	1.173891e+00	7.841121e-05	224129746.000000	0.000000e+00
1.365236e+01	1.173670e+00	7.839404e-05	224143248.000000	0.000000e+00
1.365436e+01	1.173336e+00	7.839265e-05	224023876.000000	0.000000e+00
1.365635e+01	1.173321e+00	7.840146e-05	223967656.000000	0.000000e+00
1.365835e+01	1.173170e+00	7.839740e-05	223933362.000000	0.000000e+00
1.366034e+01	1.173064e+00	7.839810e-05	223888600.000000	0.000000e+00
1.366234e+01	1.172914e+00	7.839312e-05	223860084.000000	0.000000e+00
1.366433e+01	1.172666e+00	7.839454e-05	223757230.000000	0.000000e+00
1.366633e+01	1.172545e+00	7.838267e-05	223778988.000000	0.000000e+00
1.366832e+01	1.172371e+00	7.838670e-05	223689190.000000	0.000000e+00
1.367032e+01	1.172201e+00	7.839417e-05	223581916.000000	0.000000e+00
1.367231e+01	1.171991e+00	7.838727e-05	223541286.000000	0.000000e+00
1.367430e+01	1.171800e+00	7.837553e-05	223535326.000000	0.000000e+00
1.367630e+01	1.171712e+00	7.837777e-05	223488990.000000	0.000000e+00
1.367829e+01	1.171352e+00	7.836533e-05	223422358.000000	0.000000e+00
1.368029e+01	1.171293e+00	7.838567e-05	223283968.000000	0.000000e+00
1.368228e+01	1.171280e+00	7.837490e-05	223340532.000000	0.000000e+00
1.368428e+01	1.171053e+00	7.837780e-05	223237528.000000	0.000000e+00
1.368627e+01	1.170803e+00	7.836289e-05	223226922.000000	0.000000e+00
1.368827e+01	1.170836e+00	7.839143e-05	223077232.000000	0.000000e+00
1.369026e+01	1.170468e+00	7.836045e-05	223113114.000000	0.000000e+00
1.369226e+01	1.170292e+00	7.835651e-05	223068712.000000	0.000000e+00
1.369425e+01	1.170254e+00	7.837851e-05	222928732.000000	0.000000e+00
1.369625e+01	1.169915e+00	7.835379e-05	222940218.000000	0.000000e+00
1.369824e+01	1.169740e+00	7.835219e-05	222882790.000000	0.000000e+00
1.370024e+01	1.169724e+00	7.836926e-05	222779424.000000	0.000000e+00
1.370223e+01	1.169519e+00	7.836111e-05	222747820.000000	0.000000e+00
1.370422e+01	1.169291e+00	7.835054e-05	222720936.000000	0.000000e+00
1.370622e+01	1.169277e+00	7.836213e-05	222650020.000000	0.000000e+00
1.370821e+01	1.168929e+00	7.834929e-05	222590086.000000	0.000000e+00
1.371021e+01	1.168954e+00	7.835604e-05	222561450.000000	0.000000e+00
1.371220e+01	1.168558e+00	7.833793e-05	222513460.000000	0.000000e+00
1.371420e+01	1.168396e+00	7.834050e-05	222437340.000000	0.000000e+00
1.371619e+01	1.168481e+00	7.835805e-05	222369862.000000	0.000000e+00
1.371819e+01	1.168101e+00	7.833410e-05	222361218.000000	0.000000e+00
1.372018e+01	1.168003e+00	7.834559e-05	222258712.000000	0.000000e+00
1.372218e+01	1.167726e+00	7.833398e-05	222219286.000000	0.000000e+00
1.372417e+01	1.167827e+00	7.834899e-05	222172632.000000	0.000000e+00
1.372617e+01	1.167482e+00	7.833810e-05	222103114.000000	0.000000e+00
1.372816e+01	1.167384e+00	7.834315e-05	222037086.000000	0.000000e+00
1.373016e+01	1.167187e+00	7.832823e-05	222046684.000000	0.000000e+00
1.373215e+01	1.167102e+00	7.834663e-05	221910244.000000	0.000000e+00
1.373414e+01	1.166858e+00	7.832883e-05	221917962.000000	0.000000e+00
1.373614e+01	1.166551e+00	7.831646e-05	221871634.000000	0.000000e+00
1.373813e+01	1.166581e+00	7.834180e-05	221739192.000000	0.000000e+00
1.374013e+01	1.166385e+00	7.833183e-05	221721076.000000	0.000000e+00
1.374212e+01	1.166231e+00	7.832636e-05	221693676.000000	0.000000e+00
1.374412e+01	1.166102e+00	7.832463e-05	221654242.000000	0.000000e+00
1.374611e+01	1.165802e+00	7.832458e-05	221540818.000000	0.000000e+00
1.374811e+01	1.165764e+00	7.832472e-05	221525550.000000	0.000000e+00
1.375010e+01	1.165531e+00	7.831842e-05	221472586.000000	0.000000e+00
1.375210e+01	1.165388e+00	7.832568e-05	221377218.000000	0.000000e+00
1.375409e+01	1.165154e+00	7.831193e-05	221366002.000000	0.000000e+00
1.375609e+01	1.164956e+00	7.831393e-05	221279400.000000	0.000000e+00
1.375808e+01	1.164932e+00	7.830975e-05	221293876.000000	0.000000e+00
1.376007e+01	1.164805e+00	7.832711e-05	221147470.000000	0.000000e+00
1.376207e+01	1.164682e+00	7.831842e-05	221149998.000000	0.000000e+00
1.376406e+01	1.164389e+00	7.831590e-05	221053084.000000	0.000000e+00
1.376606e+01	1.164268e+00	7.830524e-05	221067048.000000	0.000000e+00
1.376805e+01	1.164117e+00	7.831107e-05	220976866.000000	0.000000e+00
1.377005e+01	1.163975e+00	7.831590e-05	220895862.000000	0.000000e+00
1.377204e+01	1.163722e+00	7.830461e-05	220863640.000000	0.000000e+00
1.377404e+01	1.163612e+00	7.830792e-05	220803166.000000	0.000000e+00
1.377603e+01	1.163626e+00	7.831773e-05	220752900.000000	0.000000e+00
1.377803e+01	1.163191e+00	7.830447e-05	220662754.000000	0.000000e+00
1.378002e+01	1.163182e+00	7.830353e-05	220664712.000000	0.000000e+00
1.378202e+01	1.162995e+00	7.830805e-05	220568218.000000	0.000000e+00
1.378401e+01	1.162817e+00	7.830128e-05	220538746.000000	0.000000e+00
1.378601e+01	1.162693e+00	7.830217e-05	220486656.000000	0.000000e+00
1.378800e+01	1.162564e+00	7.830428e-05	220426006.000000	0.000000e+00
1.378999e+01	1.162275e+00	7.829838e-05	220349526.000000	0.000000e+00
1.379199e+01	1.162204e+00	7.830036e-05	220311364.000000	0.000000e+00
1.379398e+01	1.162067e+00	7.829398e-05	220295412.000000	0.000000e+00
1.379598e+01	1.161948e+00	7.831294e-05	220143898.000000	0.000000e+00
1.379797e+01	1.161649e+00	7.828790e-05	220171234.000000	0.000000e+00
1.379997e+01	1.161628e+00	7.830200e-05	220083876.000000	0.000000e+00
1.380196e+01	1.161389e+00	7.829078e-05	220056634.000000	0.000000e+00
1.380396e+01	1.161300e+00	7.829962e-05	219972918.000000	0.000000e+00
1.380595e+01	1.161307e+00	7.830315e-05	219955708.000000	0.000000e+00
1.380795e+01	1.160876e+00	7.828974e-05	219868104.000000	0.000000e+00
1.380994e+01	1.160851e+00	7.830635e-05	219765376.000000	0.000000e+00
1.381194e+01	1.160613e+00	7.828594e-05	219789724.000000	0.000000e+00
1.381393e+01	1.160518e+00	7.829372e-05	219710100.000000	0.000000e+00
1.381593e+01	1.160233e+00	7.828480e-05	219652006.000000	0.000000e+00
1.381792e+01	1.160209e+00	7.829958e-05	219560244.000000	0.000000e+00
1.381991e+01	1.159997e+00	7.828761e-05	219546958.000000	0.000000e+00
1.382191e+01	1.159889e+00	7.829739e-05	219451210.000000	0.000000e+00
1.382390e+01	1.159685e+00	7.828561e-05	219440274.000000	0.000000e+00
1.382590e+01	1.159523e+00	7.828456e-05	219384964.000000	0.000000e+00
1.382789e+01	1.159333e+00	7.828182e-05	219328332.000000	0.000000e+00
1.382989e+01	1.159312e+00	7.828968e-05	219276334.000000	0.000000e+00
1.383188e+01	1.158967e+00	7.828340e-05	219181026.000000	0.000000e+00
1.383388e+01	1.158886e+00	7.828252e-05	219155104.000000	0.000000e+00
1.383587e+01	1.158799e+00	7.828579e-05	219104206.000000	0.000000e+00
1.383787e+01	1.158588e+00	7.828264e-05	219041844.000000	0.000000e+00
1.383986e+01	1.158425e+00	7.828510e-05	218966578.000000	0.000000e+00
1.384186e+01	1.158256e+00	7.827424e-05	218963226.000000	0.000000e+00
1.384385e+01	1.158187e+00	7.829115e-05	218842720.000000	0.000000e+00
1.384584e+01	1.157992e+00	7.827981e-05	218832258.000000	0.000000e+00
1.384784e+01	1.157966e+00	7.829315e-05	218748082.000000	0.000000e+00
1.384983e+01	1.157675e+00	7.828346e-05	218692066.000000	0.000000e+00
1.385183e+01	1.157546e+00	7.827888e-05	218668908.000000	0.000000e+00
1.385382e+01	1.157461e+00	7.828860e-05	218582584.000000	0.000000e+00
1.385582e+01	1.157435e+00	7.829062e-05	218561730.000000	0.000000e+00
1.385781e+01	1.157191e+00	7.830000e-05	218416882.000000	0.000000e+00
1.385981e+01	1.157004e+00	7.827791e-05	218469684.000000	0.000000e+00
1.386180e+01	1.156713e+00	7.827612e-05	218369902.000000	0.000000e+00
1.386380e+01	1.156594e+00	7.827623e-05	218324344.000000	0.000000e+00
1.386579e+01	1.156534e+00	7.828734e-05	218239722.000000	0.000000e+00
1.386779e+01	1.156296e+00	7.827416e-05	218223442.000000	0.000000e+00
1.386978e+01	1.156128e+00	7.828172e-05	218117742.000000	0.000000e+00
1.387178e+01	1.156009e+00	7.827463e-05	218112400.000000	0.000000e+00
1.387377e+01	1.155965e+00	7.829140e-05	218002198.000000	0.000000e+00
1.387576e+01	1.155595e+00	7.826592e-05	218004846.000000	0.000000e+00
1.387776e+01	1.155599e+00	7.827903e-05	217933378.000000	0.000000e+00
1.387975e+01	1.155362e+00	7.827952e-05	217841268.000000	0.000000e+00
1.388175e+01	1.155274e+00	7.828000e-05	217805446.000000	0.000000e+00
1.388374e+01	1.155155e+00	7.827596e-05	217782942.000000	0.000000e+00
1.388574e+01	1.154872e+00	7.826642e-05	217729372.000000	0.000000e+00
1.388773e+01	1.154805e+00	7.828461e-05	217602682.000000	0.000000e+00
1.388973e+01	1.154723e+00	7.828597e-05	217564290.000000	0.000000e+00
1.389172e+01	1.154612e+00	7.828086e-05	217551100.000000	0.000000e+00
1.389372e+01	1.154440e+00	7.828731e-05	217450470.000000	0.000000e+00
1.389571e+01	1.154322e+00	7.828116e-05	217440178.000000	0.000000e+00
1.389771e+01	1.154124e+00	7.828922e-05	217320546.000000	0.000000e+00
1.389970e+01	1.154095e+00	7.828401e-05	217338568.000000	0.000000e+00
1.390169e+01	1.153762e+00	7.827857e-05	217243522.000000	0.000000e+00
1.390369e+01	1.153481e+00	7.827109e-05	217179000.000000	0.000000e+00
1.390568e+01	1.153371e+00	7.827365e-05	217123594.000000	0.000000e+00
1.390768e+01	1.153314e+00	7.827609e-05	217088682.000000	0.000000e+00
1.390967e+01	1.153138e+00	7.826967e-05	217057816.000000	0.000000e+00
1.391167e+01	1.153084e+00	7.829219e-05	216912708.000000	0.000000e+00
1.391366e+01	1.152793e+00	7.826602e-05	216948400.000000	0.000000e+00
1.391566e+01	1.152772e+00	7.828638e-05	216827584.000000	0.000000e+00
1.391765e+01	1.152627e+00	7.827952e-05	216811056.000000	0.000000e+00
1.391965e+01	1.152513e+00	7.829094e-05	216704728.000000	0.000000e+00
1.392164e+01	1.152495e+00	7.829083e-05	216698532.000000	0.000000e+00
1.392364e+01	1.152079e+00	7.827370e-05	216637048.000000	0.000000e+00
1.392563e+01	1.152099e+00	7.829253e-05	216540304.000000	0.000000e+00
1.392763e+01	1.151963e+00	7.828298e-05	216542172.000000	0.000000e+00
1.392962e+01	1.151772e+00	7.828731e-05	216446188.000000	0.000000e+00
1.393161e+01	1.151510e+00	7.827208e-05	216432114.000000	0.000000e+00
1.393361e+01	1.151492e+00	7.829895e-05	216276610.000000	0.000000e+00
1.393560e+01	1.151425e+00	7.828530e-05	216326928.000000	0.000000e+00
1.393760e+01	1.151152e+00	7.828680e-05	216216304.000000	0.000000e+00
1.393959e+01	1.150991e+00	7.828532e-05	216164032.000000	0.000000e+00
1.394159e+01	1.150782e+00	7.828553e-05	216084312.000000	0.000000e+00
1.394358e+01	1.150797e+00	7.829081e-05	216060904.000000	0.000000e+00
1.394558e+01	1.150557e+00	7.828167e-05	216021042.000000	0.000000e+00
1.394757e+01	1.150464e+00	7.828797e-05	215951254.000000	0.000000e+00
1.394957e+01	1.150287e+00	7.829227e-05	215861340.000000	0.000000e+00
1.395156e+01	1.150169e+00	7.828685e-05	215846914.000000	0.000000e+00
1.395356e+01	1.149956e+00	7.828162e-05	215795782.000000	0.000000e+00
1.395555e+01	1.149792e+00	7.829000e-05	215687976.000000	0.000000e+00
1.395755e+01	1.149651e+00	7.828046e-05	215687830.000000	0.000000e+00
1.395954e+01	1.149541e+00	7.829668e-05	215556996.000000	0.000000e+00
1.396153e+01	1.149331e+00	7.827745e-05	215584306.000000	0.000000e+00
1.396353e+01	1.149370e+00	7.830476e-05	215448498.000000	0.000000e+00
1.396552e+01	1.148966e+00	7.828043e-05	215430868.000000	0.000000e+00
1.396752e+01	1.148963e+00	7.828601e-05	215399008.000000	0.000000e+00
1.396951e+01	1.148962e+00	7.830705e-05	215283018.000000	0.000000e+00
1.397151e+01	1.148627e+00	7.827727e-05	215321170.000000	0.000000e+00
1.397350e+01	1.148488e+00	7.829774e-05	215156688.000000	0.000000e+00
1.397550e+01	1.148439e+00	7.830020e-05	215124514.000000	0.000000e+00
1.397749e+01	1.148287e+00	7.829914e-05	215073502.000000	0.000000e+00
1.397949e+01	1.148173e+00	7.829798e-05	215037030.000000	0.000000e+00
1.398148e+01	1.147862e+00	7.828788e-05	214976002.000000	0.000000e+00
1.398348e+01	1.147755e+00	7.829151e-05	214916076.000000	0.000000e+00
1.398547e+01	1.147771e+00	7.830585e-05	214843492.000000	0.000000e+00
1.398746e+01	1.147638e+00	7.830839e-05	214779864.000000	0.000000e+00
1.398946e+01	1.147352e+00	7.828639e-05	214793332.000000	0.000000e+00
1.399145e+01	1.147257e+00	7.830259e-05	214668892.000000	0.000000e+00
1.399345e+01	1.147151e+00	7.829881e-05	214650090.000000	0.000000e+00
1.399544e+01	1.147016e+00	7.831249e-05	214524322.000000	0.000000e+00
1.399744e+01	1.146860e+00	7.830244e-05	214521192.000000	0.000000e+00
1.399943e+01	1.146773e+00	7.831227e-05	214434922.000000	0.000000e+00
1.400143e+01	1.146607e+00	7.830417e-05	214417230.000000	0.000000e+00
1.400342e+01	1.146508e+00	7.831364e-05	214328422.000000	0.000000e+00
1.400542e+01	1.146193e+00	7.830406e-05	214262770.000000	0.000000e+00
1.400741e+01	1.146210e+00	7.831022e-05	214235640.000000	0.000000e+00
1.400941e+01	1.145994e+00	7.830441e-05	214186522.000000	0.000000e+00
1.401140e+01	1.145754e+00	7.829779e-05	214132878.000000	0.000000e+00
1.401340e+01	1.145577e+00	7.830917e-05	214004590.000000	0.000000e+00
1.401539e+01	1.145588e+00	7.830894e-05	214010146.000000	0.000000e+00
1.401738e+01	1.145477e+00	7.832371e-05	213887946.000000	0.000000e+00
1.401938e+01	1.145360e+00	7.831214e-05	213907540.000000	0.000000e+00
1.402137e+01	1.145276e+00	7.832321e-05	213815730.000000	0.000000e+00
1.402337e+01	1.145026e+00	7.832114e-05	213733402.000000	0.000000e+00
1.402536e+01	1.144902e+00	7.831366e-05	213728124.000000	0.000000e+00
1.402736e+01	1.144928e+00	7.833282e-05	213633148.000000	0.000000e+00
1.402935e+01	1.144685e+00	7.831783e-05	213624496.000000	0.000000e+00
1.403135e+01	1.144472e+00	7.832954e-05	213481032.000000	0.000000e+00
1.403334e+01	1.144592e+00	7.833667e-05	213486922.000000	0.000000e+00
1.403534e+01	1.144247e+00	7.832728e-05	213409200.000000	0.000000e+00
1.403733e+01	1.144066e+00	7.832419e-05	213358798.000000	0.000000e+00
1.403933e+01	1.143860e+00	7.831911e-05	213309576.000000	0.000000e+00
1.404132e+01	1.143980e+00	7.834567e-05	213209536.000000	0.000000e+00
1.404331e+01	1.143615e+00	7.832618e-05	213179536.000000	0.000000e+00
1.404531e+01	1.143738e+00	7.834154e-05	213142092.000000	0.000000e+00
1.404730e+01	1.143268e+00	7.832482e-05	213057898.000000	0.000000e+00
1.404930e+01	1.143267e+00	7.833757e-05	212987970.000000	0.000000e+00
1.405129e+01	1.143227e+00	7.834868e-05	212912842.000000	0.000000e+00
1.405329e+01	1.143001e+00	7.832836e-05	212938944.000000	0.000000e+00
1.405528e+01	1.142760e+00	7.833818e-05	212795986.000000	0.000000e+00
1.405728e+01	1.142813e+00	7.834175e-05	212796082.000000	0.000000e+00
1.405927e+01	1.142669e+00	7.834778e-05	212709984.000000	0.000000e+00
1.406127e+01	1.142585e+00	7.835485e-05	212640052.000000	0.000000e+00
1.406326e+01	1.142332e+00	7.834781e-05	212584158.000000	0.000000e+00
1.406526e+01	1.142210e+00	7.835031e-05	212525050.000000	0.000000e+00
1.406725e+01	1.142114e+00	7.835066e-05	212487634.000000	0.000000e+00
1.406925e+01	1.142037e+00	7.834981e-05	212463420.000000	0.000000e+00
1.407124e+01	1.141902e+00	7.836072e-05	212354062.000000	0.000000e+00
1.407323e+01	1.141824e+00	7.836389e-05	212307828.000000	0.000000e+00
1.407523e+01	1.141505e+00	7.836308e-05	212193898.000000	0.000000e+00
1.407722e+01	1.141402e+00	7.834388e-05	212259486.000000	0.000000e+00
1.407922e+01	1.141261e+00	7.837197e-05	212055004.000000	0.000000e+00
1.408121e+01	1.141171e+00	7.835944e-05	212089342.000000	0.000000e+00
1.408321e+01	1.140959e+00	7.835528e-05	212033082.000000	0.000000e+00
1.408520e+01	1.140931e+00	7.837546e-05	211913290.000000	0.000000e+00
1.408720e+01	1.140567e+00	7.834829e-05	211925196.000000	0.000000e+00
1.408919e+01	1.140717e+00	7.838168e-05	211800394.000000	0.000000e+00
1.409119e+01	1.140479e+00	7.836678e-05	211792584.000000	0.000000e+00
1.409318e+01	1.140405e+00	7.837531e-05	211718794.000000	0.000000e+00
1.409518e+01	1.140352e+00	7.838402e-05	211652230.000000	0.000000e+00
1.409717e+01	1.140120e+00	7.837509e-05	211614516.000000	0.000000e+00
1.409916e+01	1.140013e+00	7.838979e-05	211495138.000000	0.000000e+00
1.410116e+01	1.139724e+00	7.836736e-05	211508952.000000	0.000000e+00
1.410315e+01	1.139629e+00	7.837815e-05	211415380.000000	0.000000e+00
1.410515e+01	1.139575e+00	7.838350e-05	211366716.000000	0.000000e+00
1.410714e+01	1.139563e+00	7.839510e-05	211299640.000000	0.000000e+00
1.410914e+01	1.139271e+00	7.838700e-05	211235008.000000	0.000000e+00
1.411113e+01	1.139108e+00	7.838005e-05	211212180.000000	0.000000e+00
1.411313e+01	1.138975e+00	7.839539e-05	211080070.000000	0.000000e+00
1.411512e+01	1.138978e+00	7.838900e-05	211115676.000000	0.000000e+00
1.411712e+01	1.138865e+00	7.839901e-05	211019926.000000	0.000000e+00
1.411911e+01	1.138674e+00	7.840350e-05	210925012.000000	0.000000e+00
1.412111e+01	1.138627e+00	7.840701e-05	210888558.000000	0.000000e+00
1.412310e+01	1.138563e+00	7.841191e-05	210838378.000000	0.000000e+00
1.412510e+01	1.138186e+00	7.839831e-05	210772242.000000	0.000000e+00
1.412709e+01	1.138121e+00	7.840573e-05	210708052.000000	0.000000e+00
1.412908e+01	1.137958e+00	7.840502e-05	210651420.000000	0.000000e+00
1.413108e+01	1.137850e+00	7.841291e-05	210569050.000000	0.000000e+00
1.413307e+01	1.137799e+00	7.841413e-05	210543754.000000	0.000000e+00
1.413507e+01	1.137448e+00	7.840311e-05	210473046.000000	0.000000e+00
1.413706e+01	1.137562e+00	7.842726e-05	210385570.000000	0.000000e+00
1.413906e+01	1.137503e+00	7.842217e-05	210391068.000000	0.000000e+00
1.414105e+01	1.137378e+00	7.843198e-05	210292204.000000	0.000000e+00
1.414305e+01	1.137193e+00	7.842769e-05	210246762.000000	0.000000e+00
1.414504e+01	1.137000e+00	7.842009e-05	210216262.000000	0.000000e+00
1.414704e+01	1.136905e+00	7.843500e-05	210101290.000000	0.000000e+00
1.414903e+01	1.136735e+00	7.843463e-05	210040524.000000	0.000000e+00
1.415103e+01	1.136709e+00	7.844320e-05	209985022.000000	0.000000e+00
1.415302e+01	1.136562e+00	7.843678e-05	209964756.000000	0.000000e+00
1.415502e+01	1.136444e+00	7.843997e-05	209904226.000000	0.000000e+00
1.415701e+01	1.136391e+00	7.845975e-05	209778838.000000	0.000000e+00
1.415900e+01	1.136297e+00	7.845286e-05	209781066.000000	0.000000e+00
1.416100e+01	1.136012e+00	7.845069e-05	209687272.000000	0.000000e+00
1.416299e+01	1.135718e+00	7.843546e-05	209660328.000000	0.000000e+00
1.416499e+01	1.135693e+00	7.844969e-05	209575096.000000	0.000000e+00
1.416698e+01	1.135569e+00	7.844967e-05	209529264.000000	0.000000e+00
1.416898e+01	1.135561e+00	7.846696e-05	209434234.000000	0.000000e+00
1.417097e+01	1.135180e+00	7.844417e-05	209415094.000000	0.000000e+00
1.417297e+01	1.135272e+00	7.846635e-05	209330520.000000	0.000000e+00
1.417496e+01	1.135179e+00	7.846348e-05	209311552.000000	0.000000e+00
1.417696e+01	1.135112e+00	7.848079e-05	209194710.000000	0.000000e+00
1.417895e+01	1.135029e+00	7.848230e-05	209155942.000000	0.000000e+00
1.418095e+01	1.134815e+00	7.847790e-05	209100798.000000	0.000000e+00
1.418294e+01	1.134653e+00	7.847218e-05	209071384.000000	0.000000e+00
1.418493e+01	1.134543e+00	7.848049e-05	208986712.000000	0.000000e+00
1.418693e+01	1.134358e+00	7.848186e-05	208911366.000000	0.000000e+00
1.418892e+01	1.134201e+00	7.847489e-05	208890442.000000	0.000000e+00
1.419092e+01	1.134195e+00	7.850214e-05	208743240.000000	0.000000e+00
1.419291e+01	1.133859e+00	7.846877e-05	208797136.000000	0.000000e+00
1.419491e+01	1.133915e+00	7.850132e-05	208644726.000000	0.000000e+00
1.419690e+01	1.133769e+00	7.848862e-05	208658428.000000	0.000000e+00
1.419890e+01	1.133616e+00	7.849665e-05	208559338.000000	0.000000e+00
1.420089e+01	1.133428e+00	7.849318e-05	208508664.000000	0.000000e+00
1.420289e+01	1.133518e+00	7.851514e-05	208425142.000000	0.000000e+00
1.420488e+01	1.133355e+00	7.851117e-05	208386438.000000	0.000000e+00
1.420688e+01	1.133208e+00	7.852034e-05	208283518.000000	0.000000e+00
1.420887e+01	1.132982e+00	7.850345e-05	208289956.000000	0.000000e+00
1.421087e+01	1.132918e+00	7.851596e-05	208200126.000000	0.000000e+00
1.421286e+01	1.132914e+00	7.852674e-05	208141672.000000	0.000000e+00
1.421485e+01	1.132642e+00	7.851568e-05	208100154.000000	0.000000e+00
1.421685e+01	1.132573e+00	7.852716e-05	208013872.000000	0.000000e+00
1.421884e+01	1.132528e+00	7.853788e-05	207940572.000000	0.000000e+00
1.422084e+01	1.132393e+00	7.852960e-05	207934828.000000	0.000000e+00
1.422283e+01	1.132287e+00	7.854761e-05	207800806.000000	0.000000e+00
1.422483e+01	1.132229e+00	7.854595e-05	207788040.000000	0.000000e+00
1.422682e+01	1.132017e+00	7.854722e-05	207703792.000000	0.000000e+00
1.422882e+01	1.131911e+00	7.854022e-05	207701802.000000	0.000000e+00
1.423081e+01	1.131726e+00	7.855130e-05	207575242.000000	0.000000e+00
1.423281e+01	1.131743e+00	7.855125e-05	207582066.000000	0.000000e+00
1.423480e+01	1.131665e+00	7.857739e-05	207415258.000000	0.000000e+00
1.423680e+01	1.131197e+00	7.853949e-05	207443680.000000	0.000000e+00
1.423879e+01	1.131358e+00	7.857126e-05	207334944.000000	0.000000e+00
1.424078e+01	1.131184e+00	7.856354e-05	207312028.000000	0.000000e+00
1.424278e+01	1.131053e+00	7.856769e-05	207242004.000000	0.000000e+00
1.424477e+01	1.130978e+00	7.858325e-05	207132400.000000	0.000000e+00
1.424677e+01	1.130835e+00	7.857295e-05	207134292.000000	0.000000e+00
1.424876e+01	1.130885e+00	7.859436e-05	207040036.000000	0.000000e+00
1.425076e+01	1.130567e+00	7.857630e-05	207018634.000000	0.000000e+00
1.425275e+01	1.130518e+00	7.859258e-05	206914926.000000	0.000000e+00
1.425475e+01	1.130148e+00	7.857428e-05	206875822.000000	0.000000e+00
1.425674e+01	1.130328e+00	7.860744e-05	206767296.000000	0.000000e+00
1.425874e+01	1.129954e+00	7.858259e-05	206761006.000000	0.000000e+00
1.426073e+01	1.130094e+00	7.860382e-05	206700604.000000	0.000000e+00
1.426273e+01	1.130029e+00	7.860883e-05	206650518.000000	0.000000e+00
1.426472e+01	1.129830e+00	7.860983e-05	206572396.000000	0.000000e+00
1.426672e+01	1.129621e+00	7.861855e-05	206450280.000000	0.000000e+00
1.426871e+01	1.129688e+00	7.861883e-05	206473108.000000	0.000000e+00
1.427070e+01	1.129299e+00	7.860955e-05	206379750.000000	0.000000e+00
1.427270e+01	1.129224e+00	7.862095e-05	206292508.000000	0.000000e+00
1.427469e+01	1.129111e+00	7.861114e-05	206302828.000000	0.000000e+00
1.427669e+01	1.129053e+00	7.863467e-05	206158176.000000	0.000000e+00
1.427868e+01	1.128967e+00	7.862650e-05	206169544.000000	0.000000e+00
1.428068e+01	1.128806e+00	7.863336e-05	206074866.000000	0.000000e+00
1.428267e+01	1.128800e+00	7.864886e-05	205991302.000000	0.000000e+00
1.428467e+01	1.128594e+00	7.863884e-05	205968588.000000	0.000000e+00
1.428666e+01	1.128614e+00	7.865338e-05	205899796.000000	0.000000e+00
1.428866e+01	1.128204e+00	7.864546e-05	205791700.000000	0.000000e+00
1.429065e+01	1.128281e+00	7.865057e-05	205792938.000000	0.000000e+00
1.429265e+01	1.128136e+00	7.865723e-05	205705396.000000	0.000000e+00
1.429464e+01	1.127905e+00	7.865554e-05	205629792.000000	0.000000e+00
1.429663e+01	1.127952e+00	7.866669e-05	205588816.000000	0.000000e+00
1.429863e+01	1.127905e+00	7.867484e-05	205528920.000000	0.000000e+00
1.430062e+01	1.127669e+00	7.867368e-05	205449106.000000	0.000000e+00
1.430262e+01	1.127758e+00	7.868658e-05	205414318.000000	0.000000e+00
1.430461e+01	1.127582e+00	7.868804e-05	205342668.000000	0.000000e+00
1.430661e+01	1.127382e+00	7.869036e-05	205257580.000000	0.000000e+00
1.430860e+01	1.127228e+00	7.868148e-05	205247664.000000	0.000000e+00
1.431060e+01	1.127015e+00	7.868470e-05	205153348.000000	0.000000e+00
1.431259e+01	1.127112e+00	7.870263e-05	205095346.000000	0.000000e+00
1.431459e+01	1.126900e+00	7.870030e-05	205030350.000000	0.000000e+00
1.431658e+01	1.126889e+00	7.870961e-05	204977578.000000	0.000000e+00
1.431858e+01	1.126639e+00	7.870394e-05	204916272.000000	0.000000e+00
1.432057e+01	1.126600e+00	7.873023e-05	204765466.000000	0.000000e+00
1.432257e+01	1.126401e+00	7.869780e-05	204861696.000000	0.000000e+00
1.432456e+01	1.126418e+00	7.873468e-05	204675898.000000	0.000000e+00
1.432655e+01	1.126223e+00	7.871790e-05	204692404.000000	0.000000e+00
1.432855e+01	1.126175e+00	7.873806e-05	204570204.000000	0.000000e+00
1.433054e+01	1.125952e+00	7.872160e-05	204574516.000000	0.000000e+00
1.433254e+01	1.126078e+00	7.875483e-05	204447810.000000	0.000000e+00
1.433453e+01	1.125721e+00	7.873278e-05	204432622.000000	0.000000e+00
1.433653e+01	1.125788e+00	7.874806e-05	204377622.000000	0.000000e+00
1.433852e+01	1.125669e+00	7.875480e-05	204299428.000000	0.000000e+00
1.434052e+01	1.125450e+00	7.875792e-05	204203890.000000	0.000000e+00
1.434251e+01	1.125324e+00	7.875848e-05	204155310.000000	0.000000e+00
1.434451e+01	1.125234e+00	7.876156e-05	204106558.000000	0.000000e+00
1.434650e+01	1.125225e+00	7.876955e-05	204062046.000000	0.000000e+00
1.434850e+01	1.125187e+00	7.877890e-05	203999818.000000	0.000000e+00
1.435049e+01	1.125115e+00	7.879761e-05	203876854.000000	0.000000e+00
1.435249e+01	1.124927e+00	7.878893e-05	203853456.000000	0.000000e+00
1.435448e+01	1.124816e+00	7.878645e-05	203826202.000000	0.000000e+00
1.435647e+01	1.124791e+00	7.880327e-05	203729958.000000	0.000000e+00
1.435847e+01	1.124640e+00	7.880728e-05	203654518.000000	0.000000e+00
1.436046e+01	1.124475e+00	7.880369e-05	203613564.000000	0.000000e+00
1.436246e+01	1.124404e+00	7.880931e-05	203558872.000000	0.000000e+00
1.436445e+01	1.124294e+00	7.882399e-05	203443240.000000	0.000000e+00
1.436645e+01	1.124044e+00	7.880591e-05	203445966.000000	0.000000e+00
1.436844e+01	1.124060e+00	7.882785e-05	203338342.000000	0.000000e+00
1.437044e+01	1.123841e+00	7.881419e-05	203329752.000000	0.000000e+00
1.437243e+01	1.123637e+00	7.882412e-05	203204638.000000	0.000000e+00
1.437443e+01	1.123759e+00	7.884152e-05	203159226.000000	0.000000e+00
1.437642e+01	1.123514e+00	7.883079e-05	203125828.000000	0.000000e+00
1.437842e+01	1.123423e+00	7.884154e-05	203037628.000000	0.000000e+00
1.438041e+01	1.123391e+00	7.884458e-05	203010378.000000	0.000000e+00
1.438240e+01	1.123246e+00	7.885285e-05	202915294.000000	0.000000e+00
1.438440e+01	1.123200e+00	7.885501e-05	202887822.000000	0.000000e+00
1.438639e+01	1.123081e+00	7.887181e-05	202758088.000000	0.000000e+00
1.438839e+01	1.122923e+00	7.886328e-05	202745046.000000	0.000000e+00
1.439038e+01	1.122826e+00	7.886566e-05	202697914.000000	0.000000e+00
1.439238e+01	1.122672e+00	7.887136e-05	202612876.000000	0.000000e+00
1.439437e+01	1.122597e+00	7.888207e-05	202530990.000000	0.000000e+00
1.439637e+01	1.122551e+00	7.889073e-05	202469626.000000	0.000000e+00
1.439836e+01	1.122581e+00	7.889793e-05	202443678.000000	0.000000e+00
1.440036e+01	1.122360e+00	7.889653e-05	202371136.000000	0.000000e+00
1.440235e+01	1.122126e+00	7.890218e-05	202257820.000000	0.000000e+00
1.440435e+01	1.122203e+00	7.891569e-05	202216452.000000	0.000000e+00
1.440634e+01	1.122227e+00	7.892454e-05	202179442.000000	0.000000e+00
1.440834e+01	1.122054e+00	7.892066e-05	202137084.000000	0.000000e+00
1.441033e+01	1.121913e+00	7.893149e-05	202030978.000000	0.000000e+00
1.441232e+01	1.121776e+00	7.893102e-05	201984006.000000	0.000000e+00
1.441432e+01	1.121464e+00	7.891927e-05	201931690.000000	0.000000e+00
1.441631e+01	1.121620e+00	7.894873e-05	201837160.000000	0.000000e+00
1.441831e+01	1.121376e+00	7.893684e-05	201810252.000000	0.000000e+00
1.442030e+01	1.121326e+00	7.894679e-05	201741454.000000	0.000000e+00
1.442230e+01	1.121206e+00	7.895648e-05	201648492.000000	0.000000e+00
1.442429e+01	1.121039e+00	7.895300e-05	201606484.000000	0.000000e+00
1.442629e+01	1.121182e+00	7.898045e-05	201517608.000000	0.000000e+00
1.442828e+01	1.120866e+00	7.896178e-05	201499132.000000	0.000000e+00
1.443028e+01	1.120577e+00	7.895507e-05	201429568.000000	0.000000e+00
1.443227e+01	1.120815e+00	7.898512e-05	201361848.000000	0.000000e+00
1.443427e+01	1.120703e+00	7.899664e-05	201262870.000000	0.000000e+00
1.443626e+01	1.120552e+00	7.899422e-05	201221220.000000	0.000000e+00
1.443826e+01	1.120317e+00	7.897932e-05	201212512.000000	0.000000e+00
1.444025e+01	1.120152e+00	7.900014e-05	201047124.000000	0.000000e+00
1.444224e+01	1.120238e+00	7.900291e-05	201063898.000000	0.000000e+00
1.444424e+01	1.120258e+00	7.902038e-05	200982334.000000	0.000000e+00
1.444623e+01	1.120113e+00	7.902777e-05	200892732.000000	0.000000e+00
1.444823e+01	1.120001e+00	7.902985e-05	200841910.000000	0.000000e+00
1.445022e+01	1.119865e+00	7.903190e-05	200782782.000000	0.000000e+00
1.445222e+01	1.119774e+00	7.903152e-05	200752102.000000	0.000000e+00
1.445421e+01	1.119660e+00	7.904819e-05	200626648.000000	0.000000e+00
1.445621e+01	1.119395e+00	7.903588e-05	200593950.000000	0.000000e+00
1.445820e+01	1.119412e+00	7.904283e-05	200564830.000000	0.000000e+00
1.446020e+01	1.119509e+00	7.907685e-05	200427108.000000	0.000000e+00
1.446219e+01	1.119132e+00	7.904963e-05	200430226.000000	0.000000e+00
1.446419e+01	1.119105e+00	7.907214e-05	200306334.000000	0.000000e+00
1.446618e+01	1.118946e+00	7.906088e-05	200306350.000000	0.000000e+00
1.446817e+01	1.119096e+00	7.908924e-05	200216404.000000	0.000000e+00
1.447017e+01	1.118789e+00	7.908114e-05	200147694.000000	0.000000e+00
1.447216e+01	1.118883e+00	7.909882e-05	200091718.000000	0.000000e+00
1.447416e+01	1.118790e+00	7.910696e-05	200017452.000000	0.000000e+00
1.447615e+01	1.118794e+00	7.912048e-05	199950334.000000	0.000000e+00
1.447815e+01	1.118547e+00	7.910609e-05	199934766.000000	0.000000e+00
1.448014e+01	1.118307e+00	7.911286e-05	199814878.000000	0.000000e+00
1.448214e+01	1.118195e+00	7.911622e-05	199758076.000000	0.000000e+00
1.448413e+01	1.118093e+00	7.912440e-05	199680024.000000	0.000000e+00
1.448613e+01	1.118256e+00	7.913848e-05	199667260.000000	0.000000e+00
1.448812e+01	1.118092e+00	7.914745e-05	199563552.000000	0.000000e+00
1.449012e+01	1.118115e+00	7.915719e-05	199522654.000000	0.000000e+00
1.449211e+01	1.117863e+00	7.915331e-05	199452150.000000	0.000000e+00
1.449411e+01	1.117662e+00	7.915915e-05	199351246.000000	0.000000e+00
1.449610e+01	1.117658e+00	7.915915e-05	199349872.000000	0.000000e+00
1.449809e+01	1.117620e+00	7.917352e-05	199263810.000000	0.000000e+00
1.450009e+01	1.117414e+00	7.917374e-05	199189330.000000	0.000000e+00
1.450208e+01	1.117442e+00	7.918376e-05	199148880.000000	0.000000e+00
1.450408e+01	1.117284e+00	7.919283e-05	199047058.000000	0.000000e+00
1.450607e+01	1.117188e+00	7.919475e-05	199002910.000000	0.000000e+00
1.450807e+01	1.117198e+00	7.920822e-05	198939042.000000	0.000000e+00
1.451006e+01	1.116894e+00	7.920481e-05	198847912.000000	0.000000e+00
1.451206e+01	1.116899e+00	7.921625e-05	198792114.000000	0.000000e+00
1.451405e+01	1.116858e+00	7.921579e-05	198779710.000000	0.000000e+00
1.451605e+01	1.116788e+00	7.923268e-05	198670236.000000	0.000000e+00
1.451804e+01	1.116615e+00	7.922765e-05	198633916.000000	0.000000e+00
1.452004e+01	1.116529e+00	7.924506e-05	198516184.000000	0.000000e+00
1.452203e+01	1.116411e+00	7.924108e-05	198493980.000000	0.000000e+00
1.452402e+01	1.116307e+00	7.924149e-05	198454954.000000	0.000000e+00
1.452602e+01	1.116293e+00	7.926298e-05	198342354.000000	0.000000e+00
1.452801e+01	1.116341e+00	7.927928e-05	198277846.000000	0.000000e+00
1.453001e+01	1.116034e+00	7.926277e-05	198251388.000000	0.000000e+00
1.453200e+01	1.116016e+00	7.927422e-05	198187642.000000	0.000000e+00
1.453400e+01	1.115820e+00	7.927753e-05	198101566.000000	0.000000e+00
1.453599e+01	1.115785e+00	7.928726e-05	198040584.000000	0.000000e+00
1.453799e+01	1.115593e+00	7.928968e-05	197960206.000000	0.000000e+00
1.453998e+01	1.115568e+00	7.929865e-05	197906694.000000	0.000000e+00
1.454198e+01	1.115589e+00	7.931359e-05	197839552.000000	0.000000e+00
1.454397e+01	1.115568e+00	7.932456e-05	197777518.000000	0.000000e+00
1.454597e+01	1.115341e+00	7.932030e-05	197718354.000000	0.000000e+00
1.454796e+01	1.115201e+00	7.932052e-05	197667586.000000	0.000000e+00
1.454996e+01	1.115313e+00	7.934939e-05	197563464.000000	0.000000e+00
1.455195e+01	1.115217e+00	7.935006e-05	197526010.000000	0.000000e+00
1.455394e+01	1.115068e+00	7.934601e-05	197493522.000000	0.000000e+00
1.455594e+01	1.114943e+00	7.936458e-05	197356840.000000	0.000000e+00
1.455793e+01	1.114817e+00	7.936196e-05	197325010.000000	0.000000e+00
1.455993e+01	1.114821e+00	7.937819e-05	197245890.000000	0.000000e+00
1.456192e+01	1.114747e+00	7.937815e-05	197219950.000000	0.000000e+00
1.456392e+01	1.114655e+00	7.938612e-05	197147820.000000	0.000000e+00
1.456591e+01	1.114579e+00	7.940038e-05	197049874.000000	0.000000e+00
1.456791e+01	1.114328e+00	7.939032e-05	197011326.000000	0.000000e+00
1.456990e+01	1.114169e+00	7.939205e-05	196946584.000000	0.000000e+00
1.457190e+01	1.114263e+00	7.940983e-05	196891516.000000	0.000000e+00
1.457389e+01	1.114186e+00	7.942281e-05	196799976.000000	0.000000e+00
1.457589e+01	1.113998e+00	7.942918e-05	196701964.000000	0.000000e+00
1.457788e+01	1.113856e+00	7.941951e-05	196699578.000000	0.000000e+00
1.457988e+01	1.113699e+00	7.941737e-05	196654834.000000	0.000000e+00
1.458187e+01	1.113775e+00	7.944826e-05	196528656.000000	0.000000e+00
1.458386e+01	1.113820e+00	7.946268e-05	196473370.000000	0.000000e+00
1.458586e+01	1.113679e+00	7.946213e-05	196426444.000000	0.000000e+00
1.458785e+01	1.113620e+00	7.946732e-05	196379928.000000	0.000000e+00
1.458985e+01	1.113531e+00	7.948313e-05	196270336.000000	0.000000e+00
1.459184e+01	1.113329e+00	7.948079e-05	196210776.000000	0.000000e+00
1.459384e+01	1.113300e+00	7.948660e-05	196171804.000000	0.000000e+00
1.459583e+01	1.113206e+00	7.949353e-05	196104364.000000	0.000000e+00
1.459783e+01	1.113126e+00	7.950748e-05	196007346.000000	0.000000e+00
1.459982e+01	1.112999e+00	7.950587e-05	195970810.000000	0.000000e+00
1.460182e+01	1.112984e+00	7.951566e-05	195917268.000000	0.000000e+00
1.460381e+01	1.112880e+00	7.952993e-05	195810274.000000	0.000000e+00
1.460581e+01	1.113008e+00	7.954785e-05	195767172.000000	0.000000e+00
1.460780e+01	1.112599e+00	7.952558e-05	195732706.000000	0.000000e+00
1.460979e+01	1.112634e+00	7.955248e-05	195612868.000000	0.000000e+00
1.461179e+01	1.112485e+00	7.954734e-05	195585660.000000	0.000000e+00
1.461378e+01	1.112435e+00	7.955719e-05	195519616.000000	0.000000e+00
1.461578e+01	1.112372e+00	7.957147e-05	195427248.000000	0.000000e+00
1.461777e+01	1.112356e+00	7.958131e-05	195373492.000000	0.000000e+00
1.461977e+01	1.112249e+00	7.958155e-05	195334494.000000	0.000000e+00
1.462176e+01	1.112109e+00	7.959168e-05	195235834.000000	0.000000e+00
1.462376e+01	1.112136e+00	7.960689e-05	195170650.000000	0.000000e+00
1.462575e+01	1.111866e+00	7.959953e-05	195112080.000000	0.000000e+00
1.462775e+01	1.111977e+00	7.962140e-05	195043870.000000	0.000000e+00
1.462974e+01	1.111959e+00	7.962731e-05	195008586.000000	0.000000e+00
1.463174e+01	1.111794e+00	7.963616e-05	194907184.000000	0.000000e+00
1.463373e+01	1.111870e+00	7.966174e-05	194808894.000000	0.000000e+00
1.463572e+01	1.111523e+00	7.963787e-05	194803786.000000	0.000000e+00
1.463772e+01	1.111589e+00	7.965480e-05	194744056.000000	0.000000e+00
1.463971e+01	1.111501e+00	7.966427e-05	194667198.000000	0.000000e+00
1.464171e+01	1.111360e+00	7.966714e-05	194603578.000000	0.000000e+00
1.464370e+01	1.111185e+00	7.967643e-05	194497056.000000	0.000000e+00
1.464570e+01	1.111196e+00	7.967967e-05	194485138.000000	0.000000e+00
1.464769e+01	1.111118e+00	7.969962e-05	194360506.000000	0.000000e+00
1.464969e+01	1.111002e+00	7.969826e-05	194326326.000000	0.000000e+00
1.465168e+01	1.110858e+00	7.970206e-05	194257594.000000	0.000000e+00
1.465368e+01	1.110862e+00	7.971682e-05	194187036.000000	0.000000e+00
1.465567e+01	1.110704e+00	7.971652e-05	194133196.000000	0.000000e+00
1.465767e+01	1.110542e+00	7.971901e-05	194064456.000000	0.000000e+00
1.465966e+01	1.110566e+00	7.973076e-05	194015776.000000	0.000000e+00
1.466166e+01	1.110606e+00	7.975871e-05	193893892.000000	0.000000e+00
1.466365e+01	1.110607e+00	7.976394e-05	193868856.000000	0.000000e+00
1.466564e+01	1.110373e+00	7.975767e-05	193817506.000000	0.000000e+00
1.466764e+01	1.110535e+00	7.978891e-05	193722360.000000	0.000000e+00
1.466963e+01	1.110265e+00	7.978349e-05	193654426.000000	0.000000e+00
1.467163e+01	1.110254e+00	7.978771e-05	193630146.000000	0.000000e+00
1.467362e+01	1.110120e+00	7.979290e-05	193558264.000000	0.000000e+00
1.467562e+01	1.110159e+00	7.981308e-05	193473886.000000	0.000000e+00
1.467761e+01	1.109807e+00	7.981022e-05	193364898.000000	0.000000e+00
1.467961e+01	1.109930e+00	7.981523e-05	193383568.000000	0.000000e+00
1.468160e+01	1.109865e+00	7.984438e-05	193219698.000000	0.000000e+00
1.468360e+01	1.109820e+00	7.984697e-05	193191496.000000	0.000000e+00
1.468559e+01	1.109660e+00	7.984253e-05	193157532.000000	0.000000e+00
1.468759e+01	1.109563e+00	7.985762e-05	193050550.000000	0.000000e+00
1.468958e+01	1.109580e+00	7.985542e-05	193067230.000000	0.000000e+00
1.469158e+01	1.109533e+00	7.989034e-05	192882036.000000	0.000000e+00
1.469357e+01	1.109330e+00	7.987227e-05	192898930.000000	0.000000e+00
1.469556e+01	1.109210e+00	7.988638e-05	192788886.000000	0.000000e+00
1.469756e+01	1.109214e+00	7.989366e-05	192755248.000000	0.000000e+00
1.469955e+01	1.109258e+00	7.992204e-05	192633466.000000	0.000000e+00
1.470155e+01	1.109071e+00	7.990989e-05	192627324.000000	0.000000e+00
1.470354e+01	1.109036e+00	7.991963e-05	192567970.000000	0.000000e+00
1.470554e+01	1.108978e+00	7.994293e-05	192435870.000000	0.000000e+00
1.470753e+01	1.108863e+00	7.994056e-05	192407104.000000	0.000000e+00
1.470953e+01	1.108881e+00	7.994851e-05	192375324.000000	0.000000e+00
1.471152e+01	1.108652e+00	7.995390e-05	192270022.000000	0.000000e+00
1.471352e+01	1.108766e+00	7.998093e-05	192179416.000000	0.000000e+00
1.471551e+01	1.108513e+00	7.996913e-05	192148440.000000	0.000000e+00
1.471751e+01	1.108447e+00	7.997508e-05	192097024.000000	0.000000e+00
1.471950e+01	1.108524e+00	8.000134e-05	191997432.000000	0.000000e+00
1.472150e+01	1.108386e+00	8.000344e-05	191939482.000000	0.000000e+00
1.472349e+01	1.108379e+00	8.002112e-05	191852502.000000	0.000000e+00
1.472548e+01	1.108259e+00	8.001691e-05	191831032.000000	0.000000e+00
1.472748e+01	1.108052e+00	8.001859e-05	191751262.000000	0.000000e+00
1.472947e+01	1.107891e+00	8.002971e-05	191642430.000000	0.000000e+00
1.473147e+01	1.108032e+00	8.004173e-05	191633638.000000	0.000000e+00
1.473346e+01	1.108024e+00	8.006583e-05	191515440.000000	0.000000e+00
1.473546e+01	1.107772e+00	8.005718e-05	191469670.000000	0.000000e+00
1.473745e+01	1.107840e+00	8.007536e-05	191406148.000000	0.000000e+00
1.473945e+01	1.107790e+00	8.008003e-05	191366736.000000	0.000000e+00
1.474144e+01	1.107507e+00	8.008806e-05	191230780.000000	0.000000e+00
1.474344e+01	1.107596e+00	8.009731e-05	191217000.000000	0.000000e+00
1.474543e+01	1.107472e+00	8.010675e-05	191129164.000000	0.000000e+00
1.474743e+01	1.107543e+00	8.011928e-05	191093928.000000	0.000000e+00
1.474942e+01	1.107415e+00	8.013367e-05	190981270.000000	0.000000e+00
1.475141e+01	1.107273e+00	8.012931e-05	190952902.000000	0.000000e+00
1.475341e+01	1.107287e+00	8.014636e-05	190876788.000000	0.000000e+00
1.475540e+01	1.107171e+00	8.015696e-05	190786030.000000	0.000000e+00
1.475740e+01	1.107134e+00	8.015760e-05	190770372.000000	0.000000e+00
1.475939e+01	1.106930e+00	8.017026e-05	190639960.000000	0.000000e+00
1.476139e+01	1.107058e+00	8.018446e-05	190616298.000000	0.000000e+00
1.476338e+01	1.106963e+00	8.020271e-05	190496842.000000	0.000000e+00
1.476538e+01	1.106771e+00	8.018281e-05	190525540.000000	0.000000e+00
1.476737e+01	1.106679e+00	8.021702e-05	190331238.000000	0.000000e+00
1.476937e+01	1.106802e+00	8.022507e-05	190335460.000000	0.000000e+00
1.477136e+01	1.106705e+00	8.023210e-05	190268652.000000	0.000000e+00
1.477336e+01	1.106775e+00	8.025326e-05	190192348.000000	0.000000e+00
1.477535e+01	1.106483e+00	8.024372e-05	190137336.000000	0.000000e+00
1.477734e+01	1.106342e+00	8.024547e-05	190080604.000000	0.000000e+00
1.477934e+01	1.106490e+00	8.027927e-05	189971206.000000	0.000000e+00
1.478133e+01	1.106464e+00	8.028455e-05	189937620.000000	0.000000e+00
1.478333e+01	1.106187e+00	8.027954e-05	189866218.000000	0.000000e+00
1.478532e+01	1.106097e+00	8.028735e-05	189798246.000000	0.000000e+00
1.478732e+01	1.106170e+00	8.030771e-05	189726904.000000	0.000000e+00
1.478931e+01	1.106004e+00	8.031476e-05	189636898.000000	0.000000e+00
1.479131e+01	1.105944e+00	8.031962e-05	189593358.000000	0.000000e+00
1.479330e+01	1.105991e+00	8.033371e-05	189542860.000000	0.000000e+00
1.479530e+01	1.105793e+00	8.033802e-05	189454650.000000	0.000000e+00
1.479729e+01	1.105824e+00	8.036100e-05	189357022.000000	0.000000e+00
1.479929e+01	1.105858e+00	8.037362e-05	189309246.000000	0.000000e+00
1.480128e+01	1.105798e+00	8.037733e-05	189271054.000000	0.000000e+00
1.480328e+01	1.105524e+00	8.037742e-05	189177040.000000	0.000000e+00
1.480527e+01	1.105526e+00	8.038877e-05	189124086.000000	0.000000e+00
1.480726e+01	1.105464e+00	8.040362e-05	189033022.000000	0.000000e+00
1.480926e+01	1.105527e+00	8.041642e-05	188994348.000000	0.000000e+00
1.481125e+01	1.105390e+00	8.042157e-05	188923474.000000	0.000000e+00
1.481325e+01	1.105397e+00	8.044490e-05	188816430.000000	0.000000e+00
1.481524e+01	1.105300e+00	8.044274e-05	188793472.000000	0.000000e+00
1.481724e+01	1.105150e+00	8.045317e-05	188693278.000000	0.000000e+00
1.481923e+01	1.105002e+00	8.044321e-05	188689200.000000	0.000000e+00
1.482123e+01	1.105128e+00	8.048956e-05	188514988.000000	0.000000e+00
1.482322e+01	1.104982e+00	8.047246e-05	188545224.000000	0.000000e+00
1.482522e+01	1.104997e+00	8.050485e-05	188398900.000000	0.000000e+00
1.482721e+01	1.104902e+00	8.049742e-05	188401332.000000	0.000000e+00
1.482921e+01	1.104647e+00	8.050186e-05	188293312.000000	0.000000e+00
1.483120e+01	1.104730e+00	8.052096e-05	188232370.000000	0.000000e+00
1.483320e+01	1.104733e+00	8.053464e-05	188169360.000000	0.000000e+00
1.483519e+01	1.104584e+00	8.054089e-05	188089372.000000	0.000000e+00
1.483718e+01	1.104590e+00	8.055312e-05	188034366.000000	0.000000e+00
1.483918e+01	1.104520e+00	8.056205e-05	187969006.000000	0.000000e+00
1.484117e+01	1.104532e+00	8.058330e-05	187873900.000000	0.000000e+00
1.484317e+01	1.104376e+00	8.058536e-05	187811394.000000	0.000000e+00
1.484516e+01	1.104416e+00	8.060133e-05	187750366.000000	0.000000e+00
1.484716e+01	1.104289e+00	8.060368e-05	187696212.000000	0.000000e+00
1.484915e+01	1.104195e+00	8.061732e-05	187600810.000000	0.000000e+00
1.485115e+01	1.104057e+00	8.062040e-05	187539690.000000	0.000000e+00
1.485314e+01	1.104063e+00	8.063106e-05	187492078.000000	0.000000e+00
1.485514e+01	1.104171e+00	8.065215e-05	187430662.000000	0.000000e+00
1.485713e+01	1.104047e+00	8.066438e-05	187331616.000000	0.000000e+00
1.485913e+01	1.103966e+00	8.067136e-05	187271758.000000	0.000000e+00
1.486112e+01	1.103889e+00	8.068086e-05	187201770.000000	0.000000e+00
1.486311e+01	1.103856e+00	8.068486e-05	187171768.000000	0.000000e+00
1.486511e+01	1.103772e+00	8.070768e-05	187037472.000000	0.000000e+00
1.486710e+01	1.103765e+00	8.070882e-05	187030054.000000	0.000000e+00
1.486910e+01	1.103862e+00	8.073777e-05	186928636.000000	0.000000e+00
1.487109e+01	1.103448e+00	8.072235e-05	186860040.000000	0.000000e+00
1.487309e+01	1.103673e+00	8.075221e-05	186797842.000000	0.000000e+00
1.487508e+01	1.103387e+00	8.075119e-05	186705906.000000	0.000000e+00
1.487708e+01	1.103434e+00	8.076038e-05	186679108.000000	0.000000e+00
1.487907e+01	1.103511e+00	8.079503e-05	186545110.000000	0.000000e+00
1.488107e+01	1.103320e+00	8.077102e-05	186591348.000000	0.000000e+00
1.488306e+01	1.103331e+00	8.081415e-05	186396196.000000	0.000000e+00
1.488506e+01	1.103305e+00	8.081873e-05	186366204.000000	0.000000e+00
1.488705e+01	1.103326e+00	8.082740e-05	186333280.000000	0.000000e+00
1.488904e+01	1.103258e+00	8.084824e-05	186214212.000000	0.000000e+00
1.489104e+01	1.103242e+00	8.084706e-05	186214420.000000	0.000000e+00
1.489303e+01	1.103011e+00	8.085564e-05	186096976.000000	0.000000e+00
1.489503e+01	1.102872e+00	8.085450e-05	186055164.000000	0.000000e+00
1.489702e+01	1.102773e+00	8.086426e-05	185977030.000000	0.000000e+00
1.489902e+01	1.102806e+00	8.088902e-05	185874042.000000	0.000000e+00
1.490101e+01	1.102773e+00	8.088998e-05	185858542.000000	0.000000e+00
1.490301e+01	1.102681e+00	8.089916e-05	185785488.000000	0.000000e+00
1.490500e+01	1.102630e+00	8.091743e-05	185684518.000000	0.000000e+00
1.490700e+01	1.102627e+00	8.093752e-05	185591086.000000	0.000000e+00
1.490899e+01	1.102466e+00	8.092934e-05	185574540.000000	0.000000e+00
1.491099e+01	1.102598e+00	8.095597e-05	185496880.000000	0.000000e+00
1.491298e+01	1.102424e+00	8.096299e-05	185406246.000000	0.000000e+00
1.491498e+01	1.102521e+00	8.098722e-05	185328004.000000	0.000000e+00
1.491697e+01	1.102376e+00	8.097872e-05	185318124.000000	0.000000e+00
1.491897e+01	1.102484e+00	8.101690e-05	185179702.000000	0.000000e+00
1.492096e+01	1.102282e+00	8.100110e-05	185184106.000000	0.000000e+00
1.492295e+01	1.102243e+00	8.103398e-05	185020644.000000	0.000000e+00
1.492495e+01	1.102237e+00	8.103408e-05	185018176.000000	0.000000e+00
1.492694e+01	1.102213e+00	8.104806e-05	184946466.000000	0.000000e+00
1.492894e+01	1.102335e+00	8.108145e-05	184835128.000000	0.000000e+00
1.493093e+01	1.101865e+00	8.105525e-05	184796638.000000	0.000000e+00
1.493293e+01	1.101915e+00	8.106950e-05	184748688.000000	0.000000e+00
1.493492e+01	1.101968e+00	8.109697e-05	184641310.000000	0.000000e+00
1.493692e+01	1.101862e+00	8.110340e-05	184576464.000000	0.000000e+00
1.493891e+01	1.101935e+00	8.111577e-05	184544608.000000	0.000000e+00
1.494091e+01	1.101755e+00	8.113176e-05	184411554.000000	0.000000e+00
1.494290e+01	1.101843e+00	8.113618e-05	184421020.000000	0.000000e+00
1.494490e+01	1.101773e+00	8.115904e-05	184293562.000000	0.000000e+00
1.494689e+01	1.101788e+00	8.117522e-05	184225296.000000	0.000000e+00
1.494888e+01	1.101492e+00	8.115641e-05	184211626.000000	0.000000e+00
1.495088e+01	1.101524e+00	8.119337e-05	184054752.000000	0.000000e+00
1.495287e+01	1.101543e+00	8.120511e-05	184007764.000000	0.000000e+00
1.495487e+01	1.101513e+00	8.120590e-05	183994098.000000	0.000000e+00
1.495686e+01	1.101438e+00	8.122071e-05	183901990.000000	0.000000e+00
1.495886e+01	1.101257e+00	8.122348e-05	183828988.000000	0.000000e+00
1.496085e+01	1.101477e+00	8.126537e-05	183712986.000000	0.000000e+00
1.496285e+01	1.101470e+00	8.126898e-05	183694456.000000	0.000000e+00
1.496484e+01	1.101140e+00	8.126216e-05	183615060.000000	0.000000e+00
1.496684e+01	1.101217e+00	8.128447e-05	183540052.000000	0.000000e+00
1.496883e+01	1.101289e+00	8.131080e-05	183445266.000000	0.000000e+00
1.497083e+01	1.101084e+00	8.129982e-05	183426250.000000	0.000000e+00
1.497282e+01	1.101153e+00	8.132112e-05	183353380.000000	0.000000e+00
1.497482e+01	1.101060e+00	8.133452e-05	183261966.000000	0.000000e+00
1.497681e+01	1.100951e+00	8.134751e-05	183167164.000000	0.000000e+00
1.497880e+01	1.100948e+00	8.135980e-05	183110808.000000	0.000000e+00
1.498080e+01	1.100831e+00	8.135639e-05	183087280.000000	0.000000e+00
1.498279e+01	1.100918e+00	8.139046e-05	182962876.000000	0.000000e+00
1.498479e+01	1.100856e+00	8.139459e-05	182923560.000000	0.000000e+00
1.498678e+01	1.100793e+00	8.140230e-05	182868076.000000	0.000000e+00
1.498878e+01	1.100747e+00	8.143116e-05	182723112.000000	0.000000e+00
1.499077e+01	1.100751e+00	8.143978e-05	182685850.000000	0.000000e+00
1.499277e+01	1.100718e+00	8.144709e-05	182642160.000000	0.000000e+00
1.499476e+01	1.100633e+00	8.145745e-05	182567602.000000	0.000000e+00
1.499676e+01	1.100460e+00	8.146075e-05	182495254.000000	0.000000e+00
1.499875e+01	1.100494e+00	8.148263e-05	182408520.000000	0.000000e+00
1.500075e+01	1.100344e+00	8.147697e-05	182384170.000000	0.000000e+00
1.500274e+01	1.100493e+00	8.150948e-05	182288070.000000	0.000000e+00
1.500473e+01	1.100315e+00	8.152137e-05	182176162.000000	0.000000e+00
1.500673e+01	1.100123e+00	8.151585e-05	182137092.000000	0.000000e+00
1.500872e+01	1.100388e+00	8.154967e-05	182073730.000000	0.000000e+00
1.501072e+01	1.100256e+00	8.154601e-05	182046310.000000	0.000000e+00
1.501271e+01	1.100193e+00	8.157718e-05	181886610.000000	0.000000e+00
1.501471e+01	1.100255e+00	8.159088e-05	181845748.000000	0.000000e+00
1.501670e+01	1.100177e+00	8.159072e-05	181820796.000000	0.000000e+00
1.501870e+01	1.100067e+00	8.160931e-05	181701508.000000	0.000000e+00
1.502069e+01	1.099953e+00	8.161648e-05	181631988.000000	0.000000e+00
1.502269e+01	1.100142e+00	8.164464e-05	181569064.000000	0.000000e+00
1.502468e+01	1.100032e+00	8.164550e-05	181528942.000000	0.000000e+00
1.502668e+01	1.099885e+00	8.166037e-05	181414548.000000	0.000000e+00
1.502867e+01	1.099942e+00	8.167706e-05	181359016.000000	0.000000e+00
1.503067e+01	1.099898e+00	8.167601e-05	181349256.000000	0.000000e+00
1.503266e+01	1.099853e+00	8.170680e-05	181197808.000000	0.000000e+00
1.503465e+01	1.099862e+00	8.171688e-05	181156210.000000	0.000000e+00
1.503665e+01	1.099781e+00	8.172978e-05	181072074.000000	0.000000e+00
1.503864e+01	1.099650e+00	8.173635e-05	181000030.000000	0.000000e+00
1.504064e+01	1.099797e+00	8.175599e-05	180961308.000000	0.000000e+00
1.504263e+01	1.099716e+00	8.177305e-05	180859258.000000	0.000000e+00
1.504463e+01	1.099623e+00	8.178007e-05	180797514.000000	0.000000e+00
1.504662e+01	1.099573e+00	8.178885e-05	180742378.000000	0.000000e+00
1.504862e+01	1.099566e+00	8.181391e-05	180629200.000000	0.000000e+00
1.505061e+01	1.099527e+00	8.181574e-05	180608370.000000	0.000000e+00
1.505261e+01	1.099319e+00	8.182292e-05	180508414.000000	0.000000e+00
1.505460e+01	1.099378e+00	8.183745e-05	180463860.000000	0.000000e+00
1.505660e+01	1.099309e+00	8.185717e-05	180354088.000000	0.000000e+00
1.505859e+01	1.099329e+00	8.186656e-05	180319326.000000	0.000000e+00
1.506058e+01	1.099297e+00	8.188948e-05	180208084.000000	0.000000e+00
1.506258e+01	1.099367e+00	8.190536e-05	180161032.000000	0.000000e+00
1.506457e+01	1.099426e+00	8.192345e-05	180100770.000000	0.000000e+00
1.506657e+01	1.099300e+00	8.193625e-05	180003268.000000	0.000000e+00
1.506856e+01	1.099261e+00	8.194581e-05	179948436.000000	0.000000e+00
1.507056e+01	1.099282e+00	8.196277e-05	179880826.000000	0.000000e+00
1.507255e+01	1.099042e+00	8.196230e-05	179804386.000000	0.000000e+00
1.507455e+01	1.098984e+00	8.197218e-05	179741940.000000	0.000000e+00
1.507654e+01	1.098921e+00	8.198750e-05	179654434.000000	0.000000e+00
1.507854e+01	1.099049e+00	8.201282e-05	179585370.000000	0.000000e+00
1.508053e+01	1.099163e+00	8.203218e-05	179537662.000000	0.000000e+00
1.508253e+01	1.098994e+00	8.203934e-05	179451216.000000	0.000000e+00
1.508452e+01	1.098932e+00	8.204548e-05	179404222.000000	0.000000e+00
1.508652e+01	1.098878e+00	8.207049e-05	179277250.000000	0.000000e+00
1.508851e+01	1.098779e+00	8.206957e-05	179248914.000000	0.000000e+00
1.509050e+01	1.098930e+00	8.210724e-05	179133742.000000	0.000000e+00
1.509250e+01	1.098919e+00	8.211331e-05	179103576.000000	0.000000e+00
1.509449e+01	1.098767e+00	8.211687e-05	179038414.000000	0.000000e+00
1.509649e+01	1.098868e+00	8.215092e-05	178922880.000000	0.000000e+00
1.509848e+01	1.098734e+00	8.214758e-05	178894048.000000	0.000000e+00
1.510048e+01	1.098768e+00	8.218327e-05	178749568.000000	0.000000e+00
1.510247e+01	1.098716e+00	8.217071e-05	178787442.000000	0.000000e+00
1.510447e+01	1.098547e+00	8.218614e-05	178665334.000000	0.000000e+00
1.510646e+01	1.098606e+00	8.220851e-05	178587324.000000	0.000000e+00
1.510846e+01	1.098618e+00	8.222322e-05	178527316.000000	0.000000e+00
1.511045e+01	1.098530e+00	8.224159e-05	178418976.000000	0.000000e+00
1.511245e+01	1.098587e+00	8.225000e-05	178401034.000000	0.000000e+00
1.511444e+01	1.098453e+00	8.225994e-05	178314244.000000	0.000000e+00
1.511644e+01	1.098621e+00	8.228922e-05	178242090.000000	0.000000e+00
1.511843e+01	1.098416e+00	8.229304e-05	178158880.000000	0.000000e+00
1.512042e+01	1.098362e+00	8.230734e-05	178079472.000000	0.000000e+00
1.512242e+01	1.098316e+00	8.231663e-05	178024408.000000	0.000000e+00
1.512441e+01	1.098389e+00	8.234234e-05	177936964.000000	0.000000e+00
1.512641e+01	1.098285e+00	8.234461e-05	177893496.000000	0.000000e+00
1.512840e+01	1.098265e+00	8.236576e-05	177795418.000000	0.000000e+00
1.513040e+01	1.098343e+00	8.239167e-05	177708894.000000	0.000000e+00
1.513239e+01	1.098069e+00	8.238758e-05	177638026.000000	0.000000e+00
1.513439e+01	1.098284e+00	8.240764e-05	177620940.000000	0.000000e+00
1.513638e+01	1.098073e+00	8.242143e-05	177493288.000000	0.000000e+00
1.513838e+01	1.098267e+00	8.244239e-05	177465922.000000	0.000000e+00
1.514037e+01	1.098256e+00	8.246300e-05	177373656.000000	0.000000e+00
1.514237e+01	1.097996e+00	8.246358e-05	177287116.000000	0.000000e+00
1.514436e+01	1.098015e+00	8.248328e-05	177208440.000000	0.000000e+00
1.514635e+01	1.098168e+00	8.250115e-05	177181180.000000	0.000000e+00
1.514835e+01	1.097966e+00	8.250714e-05	177090234.000000	0.000000e+00
1.515034e+01	1.097987e+00	8.252729e-05	177010492.000000	0.000000e+00
1.515234e+01	1.097911e+00	8.253900e-05	176935966.000000	0.000000e+00
1.515433e+01	1.097993e+00	8.256476e-05	176852010.000000	0.000000e+00
1.515633e+01	1.098042e+00	8.257551e-05	176821510.000000	0.000000e+00
1.515832e+01	1.097923e+00	8.259434e-05	176702826.000000	0.000000e+00
1.516032e+01	1.097868e+00	8.259600e-05	176677786.000000	0.000000e+00
1.516231e+01	1.097789e+00	8.261771e-05	176559624.000000	0.000000e+00
1.516431e+01	1.097991e+00	8.263959e-05	176531212.000000	0.000000e+00
1.516630e+01	1.097863e+00	8.266211e-05	176393788.000000	0.000000e+00
1.516830e+01	1.097747e+00	8.266861e-05	176328714.000000	0.000000e+00
1.517029e+01	1.097851e+00	8.267758e-05	176323912.000000	0.000000e+00
1.517229e+01	1.097778e+00	8.269687e-05	176218314.000000	0.000000e+00
1.517428e+01	1.097897e+00	8.272218e-05	176148580.000000	0.000000e+00
1.517627e+01	1.097765e+00	8.273395e-05	176056324.000000	0.000000e+00
1.517827e+01	1.097757e+00	8.274341e-05	176013480.000000	0.000000e+00
1.518026e+01	1.097775e+00	8.276347e-05	175933678.000000	0.000000e+00
1.518226e+01	1.097736e+00	8.278276e-05	175839192.000000	0.000000e+00
1.518425e+01	1.097525e+00	8.278068e-05	175780420.000000	0.000000e+00
1.518625e+01	1.097587e+00	8.280433e-05	175700154.000000	0.000000e+00
1.518824e+01	1.097718e+00	8.282528e-05	175652980.000000	0.000000e+00
1.519024e+01	1.097597e+00	8.283719e-05	175564000.000000	0.000000e+00
1.519223e+01	1.097610e+00	8.286260e-05	175460244.000000	0.000000e+00
1.519423e+01	1.097488e+00	8.286118e-05	175427218.000000	0.000000e+00
1.519622e+01	1.097557e+00	8.288016e-05	175369008.000000	0.000000e+00
1.519822e+01	1.097517e+00	8.290522e-05	175250296.000000	0.000000e+00
1.520021e+01	1.097489e+00	8.291214e-05	175212036.000000	0.000000e+00
1.520220e+01	1.097487e+00	8.293389e-05	175119622.000000	0.000000e+00
1.520420e+01	1.097418e+00	8.294702e-05	175042024.000000	0.000000e+00
1.520619e+01	1.097432e+00	8.296776e-05	174959118.000000	0.000000e+00
1.520819e+01	1.097308e+00	8.295996e-05	174952462.000000	0.000000e+00
1.521018e+01	1.097411e+00	8.299757e-05	174826728.000000	0.000000e+00
1.521218e+01	1.097381e+00	8.300926e-05	174768118.000000	0.000000e+00
1.521417e+01	1.097310e+00	8.302030e-05	174699000.000000	0.000000e+00
1.521617e+01	1.097349e+00	8.305276e-05	174574852.000000	0.000000e+00
1.521816e+01	1.097400e+00	8.305622e-05	174576568.000000	0.000000e+00
1.522016e+01	1.097253e+00	8.307188e-05	174463932.000000	0.000000e+00
1.522215e+01	1.097355e+00	8.309767e-05	174387898.000000	0.000000e+00
1.522415e+01	1.097292e+00	8.310559e-05	174334656.000000	0.000000e+00
1.522614e+01	1.097183e+00	8.311939e-05	174242104.000000	0.000000e+00
1.522814e+01	1.097249e+00	8.313375e-05	174202858.000000	0.000000e+00
1.523013e+01	1.097281e+00	8.315810e-05	174111240.000000	0.000000e+00
1.523212e+01	1.097302e+00	8.318881e-05	173989180.000000	0.000000e+00
1.523412e+01	1.097147e+00	8.317199e-05	174010350.000000	0.000000e+00
1.523611e+01	1.097163e+00	8.321042e-05	173855032.000000	0.000000e+00
1.523811e+01	1.097314e+00	8.323271e-05	173809632.000000	0.000000e+00
1.524010e+01	1.097205e+00	8.324213e-05	173735770.000000	0.000000e+00
1.524210e+01	1.097208e+00	8.325378e-05	173688016.000000	0.000000e+00
1.524409e+01	1.097281e+00	8.328537e-05	173579352.000000	0.000000e+00
1.524609e+01	1.097002e+00	8.328027e-05	173512288.000000	0.000000e+00
1.524808e+01	1.097115e+00	8.330198e-05	173457618.000000	0.000000e+00
1.525008e+01	1.097185e+00	8.332757e-05	173373412.000000	0.000000e+00
1.525207e+01	1.097270e+00	8.335680e-05	173278572.000000	0.000000e+00
1.525407e+01	1.097101e+00	8.335835e-05	173218948.000000	0.000000e+00
1.525606e+01	1.097024e+00	8.336699e-05	173158414.000000	0.000000e+00
1.525806e+01	1.097174e+00	8.339211e-05	173101656.000000	0.000000e+00
1.526005e+01	1.096970e+00	8.340789e-05	172971640.000000	0.000000e+00
1.526204e+01	1.097155e+00	8.342242e-05	172969860.000000	0.000000e+00
1.526404e+01	1.096922e+00	8.343428e-05	172847158.000000	0.000000e+00
1.526603e+01	1.096956e+00	8.345729e-05	172762780.000000	0.000000e+00
1.526803e+01	1.096868e+00	8.345765e-05	172733550.000000	0.000000e+00
1.527002e+01	1.097085e+00	8.349853e-05	172632484.000000	0.000000e+00
1.527202e+01	1.096892e+00	8.349388e-05	172591140.000000	0.000000e+00
1.527401e+01	1.096730e+00	8.351729e-05	172443466.000000	0.000000e+00
1.527601e+01	1.097071e+00	8.354370e-05	172441596.000000	0.000000e+00
1.527800e+01	1.097123e+00	8.357887e-05	172312828.000000	0.000000e+00
1.528000e+01	1.097049e+00	8.357286e-05	172314268.000000	0.000000e+00
1.528199e+01	1.096913e+00	8.359859e-05	172165530.000000	0.000000e+00
1.528399e+01	1.097055e+00	8.362534e-05	172100116.000000	0.000000e+00
1.528598e+01	1.096889e+00	8.361459e-05	172092144.000000	0.000000e+00
1.528797e+01	1.097017e+00	8.366231e-05	171936094.000000	0.000000e+00
1.528997e+01	1.096921e+00	8.366135e-05	171909984.000000	0.000000e+00
1.529196e+01	1.096872e+00	8.367717e-05	171829732.000000	0.000000e+00
1.529396e+01	1.097017e+00	8.371371e-05	171724972.000000	0.000000e+00
1.529595e+01	1.096888e+00	8.370968e-05	171701286.000000	0.000000e+00
1.529795e+01	1.096788e+00	8.372966e-05	171587872.000000	0.000000e+00
1.529994e+01	1.096844e+00	8.374323e-05	171549744.000000	0.000000e+00
1.530194e+01	1.096831e+00	8.377018e-05	171435334.000000	0.000000e+00
1.530393e+01	1.096795e+00	8.377192e-05	171417096.000000	0.000000e+00
1.530593e+01	1.096771e+00	8.379922e-05	171297820.000000	0.000000e+00
1.530792e+01	1.096832e+00	8.382084e-05	171228580.000000	0.000000e+00
1.530992e+01	1.096788e+00	8.383794e-05	171144918.000000	0.000000e+00
1.531191e+01	1.096860e+00	8.385394e-05	171102004.000000	0.000000e+00
1.531391e+01	1.096692e+00	8.386999e-05	170984196.000000	0.000000e+00
1.531590e+01	1.096742e+00	8.388231e-05	170949742.000000	0.000000e+00
1.531789e+01	1.096798e+00	8.390942e-05	170856592.000000	0.000000e+00
1.531989e+01	1.096777e+00	8.392286e-05	170795298.000000	0.000000e+00
1.532188e+01	1.096747e+00	8.393809e-05	170724088.000000	0.000000e+00
1.532388e+01	1.096755e+00	8.396440e-05	170619624.000000	0.000000e+00
1.532587e+01	1.096777e+00	8.397781e-05	170572084.000000	0.000000e+00
1.532787e+01	1.096742e+00	8.399118e-05	170506734.000000	0.000000e+00
1.532986e+01	1.096835e+00	8.402752e-05	170388148.000000	0.000000e+00
1.533186e+01	1.096727e+00	8.403256e-05	170334292.000000	0.000000e+00
1.533385e+01	1.096872e+00	8.405114e-05	170303952.000000	0.000000e+00
1.533585e+01	1.096674e+00	8.406544e-05	170184640.000000	0.000000e+00
1.533784e+01	1.096763e+00	8.409403e-05	170096442.000000	0.000000e+00
1.533984e+01	1.096842e+00	8.411010e-05	170055868.000000	0.000000e+00
1.534183e+01	1.096806e+00	8.412712e-05	169976160.000000	0.000000e+00
1.534383e+01	1.096918e+00	8.415007e-05	169918072.000000	0.000000e+00
1.534582e+01	1.096750e+00	8.417340e-05	169771750.000000	0.000000e+00
1.534781e+01	1.096734e+00	8.417167e-05	169773864.000000	0.000000e+00
1.534981e+01	1.096731e+00	8.419971e-05	169659706.000000	0.000000e+00
1.535180e+01	1.096834e+00	8.421401e-05	169633950.000000	0.000000e+00
1.535380e+01	1.096780e+00	8.424916e-05	169475884.000000	0.000000e+00
1.535579e+01	1.096799e+00	8.425392e-05	169462644.000000	0.000000e+00
1.535779e+01	1.096772e+00	8.427481e-05	169370116.000000	0.000000e+00
1.535978e+01	1.096723e+00	8.428316e-05	169321450.000000	0.000000e+00
1.536178e+01	1.096620e+00	8.431254e-05	169171812.000000	0.000000e+00
1.536377e+01	1.096733e+00	8.432232e-05	169167508.000000	0.000000e+00
1.536577e+01	1.096767e+00	8.434233e-05	169097520.000000	0.000000e+00
1.536776e+01	1.096987e+00	8.438099e-05	169010638.000000	0.000000e+00
1.536976e+01	1.096742e+00	8.439321e-05	168886222.000000	0.000000e+00
1.537175e+01	1.096651e+00	8.439216e-05	168862218.000000	0.000000e+00
1.537374e+01	1.096560e+00	8.440577e-05	168779926.000000	0.000000e+00
1.537574e+01	1.096910e+00	8.445729e-05	168681528.000000	0.000000e+00
1.537773e+01	1.096825e+00	8.445901e-05	168648742.000000	0.000000e+00
1.537973e+01	1.096915e+00	8.449268e-05	168541860.000000	0.000000e+00
1.538172e+01	1.096717e+00	8.449589e-05	168468352.000000	0.000000e+00
1.538372e+01	1.096719e+00	8.451557e-05	168390250.000000	0.000000e+00
1.538571e+01	1.096776e+00	8.454117e-05	168305916.000000	0.000000e+00
1.538771e+01	1.096877e+00	8.455141e-05	168296248.000000	0.000000e+00
1.538970e+01	1.096797e+00	8.458827e-05	168125082.000000	0.000000e+00
1.539170e+01	1.096859e+00	8.459726e-05	168108280.000000	0.000000e+00
1.539369e+01	1.096759e+00	8.460825e-05	168034056.000000	0.000000e+00
1.539569e+01	1.096728e+00	8.463274e-05	167927080.000000	0.000000e+00
1.539768e+01	1.096891e+00	8.465451e-05	167890792.000000	0.000000e+00
1.539967e+01	1.096917e+00	8.468305e-05	167785518.000000	0.000000e+00
1.540167e+01	1.096838e+00	8.469142e-05	167728108.000000	0.000000e+00
1.540366e+01	1.096916e+00	8.471532e-05	167657520.000000	0.000000e+00
1.540566e+01	1.096776e+00	8.472415e-05	167579572.000000	0.000000e+00
1.540765e+01	1.096781e+00	8.475146e-05	167473158.000000	0.000000e+00
1.540965e+01	1.096915e+00	8.477214e-05	167432332.000000	0.000000e+00
1.541164e+01	1.096820e+00	8.478586e-05	167349244.000000	0.000000e+00
1.541364e+01	1.096792e+00	8.480620e-05	167260608.000000	0.000000e+00
1.541563e+01	1.096773e+00	8.482132e-05	167194912.000000	0.000000e+00
1.541763e+01	1.096915e+00	8.485598e-05	167101896.000000	0.000000e+00
1.541962e+01	1.096919e+00	8.486759e-05	167057266.000000	0.000000e+00
1.542162e+01	1.096907e+00	8.489304e-05	166953592.000000	0.000000e+00
1.542361e+01	1.096997e+00	8.491596e-05	166890612.000000	0.000000e+00
1.542561e+01	1.096966e+00	8.493279e-05	166815058.000000	0.000000e+00
1.542760e+01	1.096792e+00	8.493743e-05	166743948.000000	0.000000e+00
1.542959e+01	1.096972e+00	8.496818e-05	166678192.000000	0.000000e+00
1.543159e+01	1.097010e+00	8.499322e-05	166591350.000000	0.000000e+00
1.543358e+01	1.097027e+00	8.501380e-05	166515814.000000	0.000000e+00
1.543558e+01	1.097059e+00	8.503433e-05	166445134.000000	0.000000e+00
1.543757e+01	1.096824e+00	8.504161e-05	166345338.000000	0.000000e+00
1.543957e+01	1.096917e+00	8.506188e-05	166294300.000000	0.000000e+00
1.544156e+01	1.096907e+00	8.507707e-05	166231938.000000	0.000000e+00
1.544356e+01	1.096973e+00	8.511671e-05	166097062.000000	0.000000e+00
1.544555e+01	1.096968e+00	8.512613e-05	166058910.000000	0.000000e+00
1.544755e+01	1.097036e+00	8.515466e-05	165968242.000000	0.000000e+00
1.544954e+01	1.097300e+00	8.518439e-05	165932176.000000	0.000000e+00
1.545154e+01	1.097118e+00	8.519457e-05	165837570.000000	0.000000e+00
1.545353e+01	1.097151e+00	8.522603e-05	165725038.000000	0.000000e+00
1.545553e+01	1.096852e+00	8.520883e-05	165701718.000000	0.000000e+00
1.545752e+01	1.097112e+00	8.525762e-05	165590512.000000	0.000000e+00
1.545951e+01	1.097084e+00	8.527141e-05	165528646.000000	0.000000e+00
1.546151e+01	1.097122e+00	8.529280e-05	165456966.000000	0.000000e+00
1.546350e+01	1.097001e+00	8.530562e-05	165370654.000000	0.000000e+00
1.546550e+01	1.097207e+00	8.533541e-05	165317478.000000	0.000000e+00
1.546749e+01	1.097183e+00	8.536460e-05	165197248.000000	0.000000e+00
1.546949e+01	1.097098e+00	8.536259e-05	165179226.000000	0.000000e+00
1.547148e+01	1.097027e+00	8.538730e-05	165062404.000000	0.000000e+00
1.547348e+01	1.097327e+00	8.543352e-05	164973940.000000	0.000000e+00
1.547547e+01	1.097206e+00	8.544090e-05	164909046.000000	0.000000e+00
1.547747e+01	1.097228e+00	8.545006e-05	164880424.000000	0.000000e+00
1.547946e+01	1.097296e+00	8.548736e-05	164757102.000000	0.000000e+00
1.548146e+01	1.097201e+00	8.549839e-05	164685814.000000	0.000000e+00
1.548345e+01	1.097157e+00	8.551135e-05	164622798.000000	0.000000e+00
1.548544e+01	1.097107e+00	8.553678e-05	164509798.000000	0.000000e+00
1.548744e+01	1.097109e+00	8.554542e-05	164477356.000000	0.000000e+00
1.548943e+01	1.097461e+00	8.560218e-05	164364606.000000	0.000000e+00
1.549143e+01	1.097348e+00	8.560669e-05	164313682.000000	0.000000e+00
1.549342e+01	1.097319e+00	8.562360e-05	164239962.000000	0.000000e+00
1.549542e+01	1.097449e+00	8.565811e-05	164146600.000000	0.000000e+00
1.549741e+01	1.097368e+00	8.567150e-05	164070990.000000	0.000000e+00
1.549941e+01	1.097272e+00	8.568351e-05	163996390.000000	0.000000e+00
1.550140e+01	1.097517e+00	8.571473e-05	163950190.000000	0.000000e+00
1.550340e+01	1.097650e+00	8.575250e-05	163845438.000000	0.000000e+00
1.550539e+01	1.097556e+00	8.577003e-05	163750348.000000	0.000000e+00
1.550739e+01	1.097599e+00	8.578411e-05	163709418.000000	0.000000e+00
1.550938e+01	1.097472e+00	8.580021e-05	163610170.000000	0.000000e+00
1.551138e+01	1.097574e+00	8.582662e-05	163539838.000000	0.000000e+00
1.551337e+01	1.097590e+00	8.584600e-05	163470726.000000	0.000000e+00
1.551536e+01	1.097510e+00	8.585931e-05	163396216.000000	0.000000e+00
1.551736e+01	1.097472e+00	8.587365e-05	163330338.000000	0.000000e+00
1.551935e+01	1.097497e+00	8.591114e-05	163195312.000000	0.000000e+00
1.552135e+01	1.097631e+00	8.593161e-05	163157424.000000	0.000000e+00
1.552334e+01	1.097558e+00	8.594856e-05	163071478.000000	0.000000e+00
1.552534e+01	1.097719e+00	8.598011e-05	162999568.000000	0.000000e+00
1.552733e+01	1.097801e+00	8.599281e-05	162975822.000000	0.000000e+00
1.552933e+01	1.097723e+00	8.602576e-05	162827722.000000	0.000000e+00
1.553132e+01	1.097768e+00	8.605160e-05	162743262.000000	0.000000e+00
1.553332e+01	1.097815e+00	8.606072e-05	162722698.000000	0.000000e+00
1.553531e+01	1.097819e+00	8.609219e-05	162604944.000000	0.000000e+00
1.553731e+01	1.097623e+00	8.608703e-05	162566590.000000	0.000000e+00
1.553930e+01	1.097818e+00	8.613365e-05	162448294.000000	0.000000e+00
1.554129e+01	1.097822e+00	8.614645e-05	162401130.000000	0.000000e+00
1.554329e+01	1.098051e+00	8.619002e-05	162304714.000000	0.000000e+00
1.554528e+01	1.097774e+00	8.617709e-05	162271524.000000	0.000000e+00
1.554728e+01	1.097730e+00	8.621336e-05	162121894.000000	0.000000e+00
1.554927e+01	1.097950e+00	8.623991e-05	162087186.000000	0.000000e+00
1.555127e+01	1.097966e+00	8.626260e-05	162006622.000000	0.000000e+00
1.555326e+01	1.097822e+00	8.627789e-05	161906722.000000	0.000000e+00
1.555526e+01	1.097997e+00	8.630317e-05	161863356.000000	0.000000e+00
1.555725e+01	1.098101e+00	8.634021e-05	161755198.000000	0.000000e+00
1.555925e+01	1.098171e+00	8.635427e-05	161723106.000000	0.000000e+00
1.556124e+01	1.098095e+00	8.638053e-05	161602414.000000	0.000000e+00
1.556324e+01	1.098055e+00	8.639479e-05	161537494.000000	0.000000e+00
1.556523e+01	1.098053e+00	8.641123e-05	161475216.000000	0.000000e+00
1.556723e+01	1.098235e+00	8.645391e-05	161369326.000000	0.000000e+00
1.556922e+01	1.098252e+00	8.647352e-05	161301336.000000	0.000000e+00
1.557121e+01	1.098281e+00	8.649153e-05	161242732.000000	0.000000e+00
1.557321e+01	1.098157e+00	8.650653e-05	161150400.000000	0.000000e+00
1.557520e+01	1.098337e+00	8.653787e-05	161086510.000000	0.000000e+00
1.557720e+01	1.097980e+00	8.654366e-05	160960150.000000	0.000000e+00
1.557919e+01	1.098372e+00	8.658239e-05	160931082.000000	0.000000e+00
1.558119e+01	1.098309e+00	8.659210e-05	160876438.000000	0.000000e+00
1.558318e+01	1.098209e+00	8.662435e-05	160727430.000000	0.000000e+00
1.558518e+01	1.098314e+00	8.663732e-05	160710112.000000	0.000000e+00
1.558717e+01	1.098580e+00	8.669057e-05	160590498.000000	0.000000e+00
1.558917e+01	1.098398e+00	8.668915e-05	160542424.000000	0.000000e+00
1.559116e+01	1.098499e+00	8.672008e-05	160457596.000000	0.000000e+00
1.559316e+01	1.098441e+00	8.674588e-05	160345056.000000	0.000000e+00
1.559515e+01	1.098522e+00	8.675843e-05	160322536.000000	0.000000e+00
1.559715e+01	1.098490e+00	8.678384e-05	160219224.000000	0.000000e+00
1.559914e+01	1.098602e+00	8.680617e-05	160169536.000000	0.000000e+00
1.560113e+01	1.098629e+00	8.684882e-05	160020028.000000	0.000000e+00
1.560313e+01	1.098699e+00	8.686385e-05	159985038.000000	0.000000e+00
1.560512e+01	1.098702e+00	8.687427e-05	159947656.000000	0.000000e+00
1.560712e+01	1.098753e+00	8.691363e-05	159817620.000000	0.000000e+00
1.560911e+01	1.098823e+00	8.694032e-05	159739612.000000	0.000000e+00
1.561111e+01	1.098894e+00	8.696467e-05	159671022.000000	0.000000e+00
1.561310e+01	1.098951e+00	8.698041e-05	159629692.000000	0.000000e+00
1.561510e+01	1.098812e+00	8.700470e-05	159500320.000000	0.000000e+00
1.561709e+01	1.098868e+00	8.703369e-05	159410112.000000	0.000000e+00
1.561909e+01	1.098987e+00	8.704129e-05	159417076.000000	0.000000e+00
1.562108e+01	1.099055e+00	8.709353e-05	159245436.000000	0.000000e+00
1.562308e+01	1.099002e+00	8.708867e-05	159247858.000000	0.000000e+00
1.562507e+01	1.099090e+00	8.713337e-05	159110040.000000	0.000000e+00
1.562706e+01	1.099181e+00	8.715056e-05	159073690.000000	0.000000e+00
1.562906e+01	1.099155e+00	8.718205e-05	158951218.000000	0.000000e+00
1.563105e+01	1.099095e+00	8.719637e-05	158881506.000000	0.000000e+00
1.563305e+01	1.099242e+00	8.722273e-05	158827966.000000	0.000000e+00
1.563504e+01	1.099190e+00	8.725205e-05	158706186.000000	0.000000e+00
1.563704e+01	1.099300e+00	8.725780e-05	158717092.000000	0.000000e+00
1.563903e+01	1.099272e+00	8.730095e-05	158552172.000000	0.000000e+00
1.564103e+01	1.099435e+00	8.732790e-05	158501494.000000	0.000000e+00
1.564302e+01	1.099277e+00	8.732921e-05	158451052.000000	0.000000e+00
1.564502e+01	1.099311e+00	8.736514e-05	158330424.000000	0.000000e+00
1.564701e+01	1.099180e+00	8.737516e-05	158256610.000000	0.000000e+00
1.564901e+01	1.099580e+00	8.742056e-05	158207418.000000	0.000000e+00
1.565100e+01	1.099587e+00	8.744821e-05	158109196.000000	0.000000e+00
1.565300e+01	1.099657e+00	8.747480e-05	158033164.000000	0.000000e+00
1.565499e+01	1.099500e+00	8.749127e-05	157928664.000000	0.000000e+00
1.565698e+01	1.099603e+00	8.751087e-05	157887502.000000	0.000000e+00
1.565898e+01	1.099545e+00	8.752871e-05	157806450.000000	0.000000e+00
1.566097e+01	1.099745e+00	8.757003e-05	157714864.000000	0.000000e+00
1.566297e+01	1.099575e+00	8.757068e-05	157663836.000000	0.000000e+00
1.566496e+01	1.099848e+00	8.762604e-05	157543054.000000	0.000000e+00
1.566696e+01	1.099795e+00	8.763287e-05	157503136.000000	0.000000e+00
1.566895e+01	1.099824e+00	8.767188e-05	157371354.000000	0.000000e+00
1.567095e+01	1.099966e+00	8.769278e-05	157337038.000000	0.000000e+00
1.567294e+01	1.099881e+00	8.770817e-05	157257516.000000	0.000000e+00
1.567494e+01	1.100009e+00	8.774218e-05	157172266.000000	0.000000e+00
1.567693e+01	1.100000e+00	8.776669e-05	157081920.000000	0.000000e+00
1.567893e+01	1.099968e+00	8.778549e-05	157005484.000000	0.000000e+00
1.568092e+01	1.100229e+00	8.782851e-05	156926044.000000	0.000000e+00
1.568291e+01	1.100242e+00	8.784518e-05	156870132.000000	0.000000e+00
1.568491e+01	1.100264e+00	8.787409e-05	156773434.000000	0.000000e+00
1.568690e+01	1.100260e+00	8.789635e-05	156692640.000000	0.000000e+00
1.568890e+01	1.100117e+00	8.790413e-05	156624418.000000	0.000000e+00
1.569089e+01	1.100316e+00	8.794738e-05	156527034.000000	0.000000e+00
1.569289e+01	1.100382e+00	8.796878e-05	156469444.000000	0.000000e+00
1.569488e+01	1.100391e+00	8.798808e-05	156403390.000000	0.000000e+00
1.569688e+01	1.100451e+00	8.803488e-05	156254340.000000	0.000000e+00
1.569887e+01	1.100473e+00	8.804696e-05	156217624.000000	0.000000e+00
1.570087e+01	1.100499e+00	8.806779e-05	156151002.000000	0.000000e+00
1.570286e+01	1.100638e+00	8.810211e-05	156068836.000000	0.000000e+00
1.570486e+01	1.100672e+00	8.812442e-05	155999602.000000	0.000000e+00
1.570685e+01	1.100485e+00	8.813858e-05	155896368.000000	0.000000e+00
1.570885e+01	1.100639e+00	8.816534e-05	155845528.000000	0.000000e+00
1.571084e+01	1.100826e+00	8.821569e-05	155720466.000000	0.000000e+00
1.571283e+01	1.100784e+00	8.822898e-05	155661562.000000	0.000000e+00
1.571483e+01	1.100805e+00	8.824365e-05	155615760.000000	0.000000e+00
1.571682e+01	1.100875e+00	8.828203e-05	155500390.000000	0.000000e+00
1.571882e+01	1.101054e+00	8.831557e-05	155432776.000000	0.000000e+00
1.572081e+01	1.100968e+00	8.833364e-05	155344848.000000	0.000000e+00
1.572281e+01	1.100907e+00	8.835283e-05	155260324.000000	0.000000e+00
1.572480e+01	1.101160e+00	8.839062e-05	155198844.000000	0.000000e+00
1.572680e+01	1.101287e+00	8.842737e-05	155105572.000000	0.000000e+00
1.572879e+01	1.101193e+00	8.843662e-05	155046768.000000	0.000000e+00
1.573079e+01	1.101110e+00	8.846323e-05	154930246.000000	0.000000e+00
1.573278e+01	1.101336e+00	8.849323e-05	154888696.000000	0.000000e+00
1.573478e+01	1.101126e+00	8.850668e-05	154782576.000000	0.000000e+00
1.573677e+01	1.101349e+00	8.854420e-05	154713982.000000	0.000000e+00
1.573876e+01	1.101414e+00	8.857057e-05	154640082.000000	0.000000e+00
1.574076e+01	1.101330e+00	8.858817e-05	154555054.000000	0.000000e+00
1.574275e+01	1.101635e+00	8.863045e-05	154493130.000000	0.000000e+00
1.574475e+01	1.101643e+00	8.866533e-05	154373878.000000	0.000000e+00
1.574674e+01	1.101508e+00	8.866848e-05	154325092.000000	0.000000e+00
1.574874e+01	1.101536e+00	8.869334e-05	154246374.000000	0.000000e+00
1.575073e+01	1.101543e+00	8.872729e-05	154130314.000000	0.000000e+00
1.575273e+01	1.101930e+00	8.876128e-05	154120650.000000	0.000000e+00
1.575472e+01	1.101786e+00	8.879026e-05	153979810.000000	0.000000e+00
1.575672e+01	1.101777e+00	8.880920e-05	153911764.000000	0.000000e+00
1.575871e+01	1.101946e+00	8.883632e-05	153864930.000000	0.000000e+00
1.576071e+01	1.101789e+00	8.885624e-05	153751990.000000	0.000000e+00
1.576270e+01	1.102018e+00	8.889501e-05	153681936.000000	0.000000e+00
1.576470e+01	1.102104e+00	8.893222e-05	153577144.000000	0.000000e+00
1.576669e+01	1.102166e+00	8.894581e-05	153547710.000000	0.000000e+00
1.576868e+01	1.102050e+00	8.897220e-05	153424312.000000	0.000000e+00
1.577068e+01	1.102200e+00	8.900401e-05	153356356.000000	0.000000e+00
1.577267e+01	1.102206e+00	8.902659e-05	153280212.000000	0.000000e+00
1.577467e+01	1.102262e+00	8.906225e-05	153173140.000000	0.000000e+00
1.577666e+01	1.102449e+00	8.908555e-05	153144990.000000	0.000000e+00
1.577866e+01	1.102476e+00	8.912152e-05	153028912.000000	0.000000e+00
1.578065e+01	1.102662e+00	8.914958e-05	152984016.000000	0.000000e+00
1.578265e+01	1.102348e+00	8.915533e-05	152877226.000000	0.000000e+00
1.578464e+01	1.102474e+00	8.919706e-05	152769208.000000	0.000000e+00
1.578664e+01	1.102659e+00	8.922029e-05	152740830.000000	0.000000e+00
1.578863e+01	1.102723e+00	8.925430e-05	152642236.000000	0.000000e+00
1.579063e+01	1.102831e+00	8.928512e-05	152566620.000000	0.000000e+00
1.579262e+01	1.102933e+00	8.931997e-05	152475970.000000	0.000000e+00
1.579462e+01	1.102860e+00	8.934591e-05	152367178.000000	0.000000e+00
1.579661e+01	1.103098e+00	8.937024e-05	152349984.000000	0.000000e+00
1.579860e+01	1.103042e+00	8.939415e-05	152253034.000000	0.000000e+00
1.580060e+01	1.103091e+00	8.943970e-05	152111412.000000	0.000000e+00
1.580259e+01	1.103079e+00	8.944786e-05	152080564.000000	0.000000e+00
1.580459e+01	1.103119e+00	8.946823e-05	152022216.000000	0.000000e+00
1.580658e+01	1.103087e+00	8.949722e-05	151914880.000000	0.000000e+00
1.580858e+01	1.103437e+00	8.955510e-05	151815052.000000	0.000000e+00
1.581057e+01	1.103348e+00	8.956332e-05	151762536.000000	0.000000e+00
1.581257e+01	1.103252e+00	8.958133e-05	151675270.000000	0.000000e+00
1.581456e+01	1.103512e+00	8.963460e-05	151566276.000000	0.000000e+00
1.581656e+01	1.103426e+00	8.963571e-05	151539004.000000	0.000000e+00
1.581855e+01	1.103592e+00	8.968307e-05	151424574.000000	0.000000e+00
1.582055e+01	1.103784e+00	8.971908e-05	151355698.000000	0.000000e+00
1.582254e+01	1.103731e+00	8.973466e-05	151288534.000000	0.000000e+00
1.582454e+01	1.103744e+00	8.975676e-05	151217538.000000	0.000000e+00
1.582653e+01	1.103823e+00	8.980126e-05	151089526.000000	0.000000e+00
1.582852e+01	1.103844e+00	8.982772e-05	151006242.000000	0.000000e+00
1.583052e+01	1.104019e+00	8.985059e-05	150977116.000000	0.000000e+00
1.583251e+01	1.104059e+00	8.989482e-05	150839466.000000	0.000000e+00
1.583451e+01	1.103920e+00	8.989372e-05	150805318.000000	0.000000e+00
1.583650e+01	1.103998e+00	8.992960e-05	150706270.000000	0.000000e+00
1.583850e+01	1.104267e+00	8.997466e-05	150628728.000000	0.000000e+00
1.584049e+01	1.104243e+00	9.000566e-05	150518512.000000	0.000000e+00
1.584249e+01	1.104307e+00	9.002676e-05	150465192.000000	0.000000e+00
1.584448e+01	1.104352e+00	9.004423e-05	150419284.000000	0.000000e+00
1.584648e+01	1.104425e+00	9.009099e-05	150283060.000000	0.000000e+00
1.584847e+01	1.104604e+00	9.011989e-05	150235314.000000	0.000000e+00
1.585047e+01	1.104471e+00	9.013377e-05	150152782.000000	0.000000e+00
1.585246e+01	1.104665e+00	9.018610e-05	150031476.000000	0.000000e+00
1.585445e+01	1.104711e+00	9.020106e-05	149994034.000000	0.000000e+00
1.585645e+01	1.104754e+00	9.023263e-05	149900886.000000	0.000000e+00
1.585844e+01	1.104706e+00	9.025372e-05	149817700.000000	0.000000e+00
1.586044e+01	1.104985e+00	9.030683e-05	149717218.000000	0.000000e+00
1.586243e+01	1.105029e+00	9.032881e-05	149656248.000000	0.000000e+00
1.586443e+01	1.105153e+00	9.035202e-05	149612896.000000	0.000000e+00
1.586642e+01	1.105270e+00	9.041471e-05	149437230.000000	0.000000e+00
1.586842e+01	1.105262e+00	9.042169e-05	149411770.000000	0.000000e+00
1.587041e+01	1.105090e+00	9.042782e-05	149345172.000000	0.000000e+00
1.587241e+01	1.105252e+00	9.046720e-05	149258890.000000	0.000000e+00
1.587440e+01	1.105463e+00	9.050728e-05	149183740.000000	0.000000e+00
1.587640e+01	1.105356e+00	9.053692e-05	149057232.000000	0.000000e+00
1.587839e+01	1.105595e+00	9.057334e-05	149001838.000000	0.000000e+00
1.588038e+01	1.105579e+00	9.059073e-05	148940142.000000	0.000000e+00
1.588238e+01	1.105505e+00	9.061121e-05	148853008.000000	0.000000e+00
1.588437e+01	1.105609e+00	9.065036e-05	148752330.000000	0.000000e+00
1.588637e+01	1.105629e+00	9.067134e-05	148688914.000000	0.000000e+00
1.588836e+01	1.105768e+00	9.071024e-05	148598914.000000	0.000000e+00
1.589036e+01	1.105830e+00	9.074529e-05	148500786.000000	0.000000e+00
1.589235e+01	1.106147e+00	9.078338e-05	148461124.000000	0.000000e+00
1.589435e+01	1.106132e+00	9.082683e-05	148315224.000000	0.000000e+00
1.589634e+01	1.106079e+00	9.083341e-05	148279552.000000	0.000000e+00
1.589834e+01	1.106166e+00	9.086051e-05	148214476.000000	0.000000e+00
1.590033e+01	1.106244e+00	9.090459e-05	148091544.000000	0.000000e+00
1.590233e+01	1.106409e+00	9.093156e-05	148047778.000000	0.000000e+00
1.590432e+01	1.106327e+00	9.096744e-05	147909120.000000	0.000000e+00
1.590632e+01	1.106542e+00	9.098766e-05	147900922.000000	0.000000e+00
1.590831e+01	1.106542e+00	9.102762e-05	147771114.000000	0.000000e+00
1.591030e+01	1.106672e+00	9.106018e-05	147699988.000000	0.000000e+00
1.591230e+01	1.106676e+00	9.108214e-05	147629908.000000	0.000000e+00
1.591429e+01	1.106877e+00	9.113515e-05	147511914.000000	0.000000e+00
1.591629e+01	1.106775e+00	9.113870e-05	147473290.000000	0.000000e+00
1.591828e+01	1.106915e+00	9.118497e-05	147360852.000000	0.000000e+00
1.592028e+01	1.106972e+00	9.121041e-05	147293848.000000	0.000000e+00
1.592227e+01	1.107187e+00	9.124858e-05	147227676.000000	0.000000e+00
1.592427e+01	1.107138e+00	9.128177e-05	147107824.000000	0.000000e+00
1.592626e+01	1.107125e+00	9.128419e-05	147096406.000000	0.000000e+00
1.592826e+01	1.107296e+00	9.135524e-05	146913156.000000	0.000000e+00
1.593025e+01	1.107363e+00	9.137291e-05	146873980.000000	0.000000e+00
1.593225e+01	1.107473e+00	9.139613e-05	146828574.000000	0.000000e+00
1.593424e+01	1.107679e+00	9.144941e-05	146712028.000000	0.000000e+00
1.593623e+01	1.107602e+00	9.147625e-05	146605614.000000	0.000000e+00
1.593823e+01	1.107577e+00	9.148683e-05	146565094.000000	0.000000e+00
1.594022e+01	1.107662e+00	9.151702e-05	146490922.000000	0.000000e+00
1.594222e+01	1.107680e+00	9.155329e-05	146379582.000000	0.000000e+00
1.594421e+01	1.107791e+00	9.158139e-05	146319190.000000	0.000000e+00
1.594621e+01	1.108023e+00	9.163056e-05	146223360.000000	0.000000e+00
1.594820e+01	1.108016e+00	9.165408e-05	146146456.000000	0.000000e+00
1.595020e+01	1.108181e+00	9.169897e-05	146047012.000000	0.000000e+00
1.595219e+01	1.108093e+00	9.170677e-05	145999014.000000	0.000000e+00
1.595419e+01	1.108171e+00	9.174294e-05	145904302.000000	0.000000e+00
1.595618e+01	1.108543e+00	9.180703e-05	145798590.000000	0.000000e+00
1.595818e+01	1.108365e+00	9.181836e-05	145715752.000000	0.000000e+00
1.596017e+01	1.108610e+00	9.184730e-05	145688358.000000	0.000000e+00
1.596217e+01	1.108476e+00	9.188100e-05	145546186.000000	0.000000e+00
1.596416e+01	1.108749e+00	9.191719e-05	145503274.000000	0.000000e+00
1.596615e+01	1.108870e+00	9.196296e-05	145390290.000000	0.000000e+00
1.596815e+01	1.109062e+00	9.200112e-05	145320052.000000	0.000000e+00
1.597014e+01	1.108859e+00	9.200272e-05	145261896.000000	0.000000e+00
1.597214e+01	1.108935e+00	9.205960e-05	145102276.000000	0.000000e+00
1.597413e+01	1.109172e+00	9.207494e-05	145115856.000000	0.000000e+00
1.597613e+01	1.109044e+00	9.210838e-05	144977164.000000	0.000000e+00
1.597812e+01	1.109336e+00	9.215129e-05	144918472.000000	0.000000e+00
1.598012e+01	1.109404e+00	9.219373e-05	144802788.000000	0.000000e+00
1.598211e+01	1.109463e+00	9.222180e-05	144729928.000000	0.000000e+00
1.598411e+01	1.109398e+00	9.222430e-05	144705114.000000	0.000000e+00
1.598610e+01	1.109480e+00	9.227571e-05	144565390.000000	0.000000e+00
1.598810e+01	1.109570e+00	9.231062e-05	144479308.000000	0.000000e+00
1.599009e+01	1.109760e+00	9.233902e-05	144439992.000000	0.000000e+00
1.599209e+01	1.109743e+00	9.238354e-05	144296380.000000	0.000000e+00
1.599408e+01	1.109920e+00	9.240832e-05	144265158.000000	0.000000e+00
1.599607e+01	1.110103e+00	9.246412e-05	144138652.000000	0.000000e+00
1.599807e+01	1.110058e+00	9.247515e-05	144092544.000000	0.000000e+00
1.600006e+01	1.110275e+00	9.251505e-05	144024544.000000	0.000000e+00
1.600206e+01	1.110234e+00	9.254937e-05	143907166.000000	0.000000e+00
1.600405e+01	1.110120e+00	9.256606e-05	143825706.000000	0.000000e+00
1.600605e+01	1.110554e+00	9.263832e-05	143713558.000000	0.000000e+00
1.600804e+01	1.110485e+00	9.263435e-05	143708022.000000	0.000000e+00
1.601004e+01	1.110595e+00	9.268320e-05	143585170.000000	0.000000e+00
1.601203e+01	1.110640e+00	9.272546e-05	143465958.000000	0.000000e+00
1.601403e+01	1.110832e+00	9.274811e-05	143445316.000000	0.000000e+00
1.601602e+01	1.110700e+00	9.277142e-05	143339218.000000	0.000000e+00
1.601802e+01	1.110975e+00	9.283242e-05	143221722.000000	0.000000e+00
1.602001e+01	1.110996e+00	9.284988e-05	143173384.000000	0.000000e+00
1.602200e+01	1.111198e+00	9.288616e-05	143113680.000000	0.000000e+00
1.602400e+01	1.111236e+00	9.292935e-05	142990246.000000	0.000000e+00
1.602599e+01	1.111430e+00	9.297204e-05	142909056.000000	0.000000e+00
1.602799e+01	1.111177e+00	9.296535e-05	142864486.000000	0.000000e+00
1.602998e+01	1.111513e+00	9.304274e-05	142713310.000000	0.000000e+00
1.603198e+01	1.111482e+00	9.304968e-05	142683858.000000	0.000000e+00
1.603397e+01	1.111555e+00	9.309081e-05	142576624.000000	0.000000e+00
1.603597e+01	1.111792e+00	9.312852e-05	142521846.000000	0.000000e+00
1.603796e+01	1.111948e+00	9.316620e-05	142446688.000000	0.000000e+00
1.603996e+01	1.111996e+00	9.322520e-05	142278772.000000	0.000000e+00
1.604195e+01	1.111872e+00	9.321363e-05	142282230.000000	0.000000e+00
1.604395e+01	1.112137e+00	9.327643e-05	142158478.000000	0.000000e+00
1.604594e+01	1.112057e+00	9.329239e-05	142089432.000000	0.000000e+00
1.604794e+01	1.112299e+00	9.333782e-05	142013002.000000	0.000000e+00
1.604993e+01	1.112211e+00	9.336047e-05	141921630.000000	0.000000e+00
1.605192e+01	1.112561e+00	9.341206e-05	141854188.000000	0.000000e+00
1.605392e+01	1.112517e+00	9.345288e-05	141719056.000000	0.000000e+00
1.605591e+01	1.112572e+00	9.347020e-05	141680364.000000	0.000000e+00
1.605791e+01	1.112952e+00	9.352997e-05	141596032.000000	0.000000e+00
1.605990e+01	1.112806e+00	9.354748e-05	141506088.000000	0.000000e+00
1.606190e+01	1.112872e+00	9.358646e-05	141404842.000000	0.000000e+00
1.606389e+01	1.113068e+00	9.362758e-05	141330570.000000	0.000000e+00
1.606589e+01	1.113193e+00	9.366714e-05	141242746.000000	0.000000e+00
1.606788e+01	1.113365e+00	9.370478e-05	141173122.000000	0.000000e+00
1.606988e+01	1.113372e+00	9.373319e-05	141089172.000000	0.000000e+00
1.607187e+01	1.113494e+00	9.376862e-05	141013588.000000	0.000000e+00
1.607387e+01	1.113537e+00	9.381764e-05	140877036.000000	0.000000e+00
1.607586e+01	1.113576e+00	9.382838e-05	140854600.000000	0.000000e+00
1.607786e+01	1.113827e+00	9.388607e-05	140745012.000000	0.000000e+00
1.607985e+01	1.113753e+00	9.390355e-05	140673934.000000	0.000000e+00
1.608184e+01	1.113804e+00	9.394279e-05	140569414.000000	0.000000e+00
1.608384e+01	1.114077e+00	9.399162e-05	140492148.000000	0.000000e+00
1.608583e+01	1.114090e+00	9.401763e-05	140417614.000000	0.000000e+00
1.608783e+01	1.114057e+00	9.404846e-05	140317350.000000	0.000000e+00
1.608982e+01	1.114335e+00	9.409271e-05	140255416.000000	0.000000e+00
1.609182e+01	1.114430e+00	9.413677e-05	140148118.000000	0.000000e+00
1.609381e+01	1.114431e+00	9.415528e-05	140093250.000000	0.000000e+00
1.609581e+01	1.114444e+00	9.418373e-05	140011750.000000	0.000000e+00
1.609780e+01	1.114515e+00	9.423227e-05	139885530.000000	0.000000e+00
1.609980e+01	1.114772e+00	9.427403e-05	139826014.000000	0.000000e+00
1.610179e+01	1.114651e+00	9.429066e-05	139746276.000000	0.000000e+00
1.610379e+01	1.114844e+00	9.433210e-05	139671886.000000	0.000000e+00
1.610578e+01	1.115112e+00	9.439320e-05	139558198.000000	0.000000e+00
1.610777e+01	1.115120e+00	9.442762e-05	139458534.000000	0.000000e+00
1.610977e+01	1.115255e+00	9.444596e-05	139438150.000000	0.000000e+00
1.611176e+01	1.115129e+00	9.448427e-05	139293552.000000	0.000000e+00
1.611376e+01	1.115367e+00	9.451632e-05	139258660.000000	0.000000e+00
1.611575e+01	1.115559e+00	9.457612e-05	139130448.000000	0.000000e+00
1.611775e+01	1.115675e+00	9.461175e-05	139054534.000000	0.000000e+00
1.611974e+01	1.115944e+00	9.464862e-05	139013326.000000	0.000000e+00
1.612174e+01	1.115733e+00	9.467910e-05	138871122.000000	0.000000e+00
1.612373e+01	1.115952e+00	9.471409e-05	138823132.000000	0.000000e+00
1.612573e+01	1.115980e+00	9.474059e-05	138752436.000000	0.000000e+00
1.612772e+01	1.116106e+00	9.479189e-05	138633550.000000	0.000000e+00
1.612972e+01	1.116228e+00	9.483221e-05	138545952.000000	0.000000e+00
1.613171e+01	1.116411e+00	9.487203e-05	138475150.000000	0.000000e+00
1.613371e+01	1.116564e+00	9.490866e-05	138406210.000000	0.000000e+00
1.613570e+01	1.116664e+00	9.495771e-05	138287940.000000	0.000000e+00
1.613769e+01	1.116861e+00	9.499195e-05	138236998.000000	0.000000e+00
1.613969e+01	1.116646e+00	9.500936e-05	138133230.000000	0.000000e+00
1.614168e+01	1.116879e+00	9.506220e-05	138037276.000000	0.000000e+00
1.614368e+01	1.117104e+00	9.509722e-05	137991292.000000	0.000000e+00
1.614567e+01	1.117229e+00	9.515844e-05	137844558.000000	0.000000e+00
1.614767e+01	1.117083e+00	9.515085e-05	137830654.000000	0.000000e+00
1.614966e+01	1.117099e+00	9.519654e-05	137702280.000000	0.000000e+00
1.615166e+01	1.117318e+00	9.524229e-05	137623834.000000	0.000000e+00
1.615365e+01	1.117587e+00	9.528733e-05	137560086.000000	0.000000e+00
1.615565e+01	1.117597e+00	9.532969e-05	137440372.000000	0.000000e+00
1.615764e+01	1.117849e+00	9.536664e-05	137395816.000000	0.000000e+00
1.615964e+01	1.117999e+00	9.542042e-05	137277858.000000	0.000000e+00
1.616163e+01	1.117976e+00	9.544320e-05	137206558.000000	0.000000e+00
1.616363e+01	1.118214e+00	9.548073e-05	137157192.000000	0.000000e+00
1.616562e+01	1.118189e+00	9.552979e-05	137010088.000000	0.000000e+00
1.616761e+01	1.118227e+00	9.555265e-05	136953984.000000	0.000000e+00
1.616961e+01	1.118348e+00	9.559369e-05	136866004.000000	0.000000e+00
1.617160e+01	1.118633e+00	9.564858e-05	136778626.000000	0.000000e+00
1.617360e+01	1.118642e+00	9.568526e-05	136675980.000000	0.000000e+00
1.617559e+01	1.118785e+00	9.571585e-05	136623586.000000	0.000000e+00
1.617759e+01	1.118917e+00	9.575554e-05	136542444.000000	0.000000e+00
1.617958e+01	1.118849e+00	9.579907e-05	136401820.000000	0.000000e+00
1.618158e+01	1.119160e+00	9.583308e-05	136380988.000000	0.000000e+00
1.618357e+01	1.119078e+00	9.587187e-05	136250580.000000	0.000000e+00
1.618557e+01	1.119369e+00	9.591511e-05	136198534.000000	0.000000e+00
1.618756e+01	1.119464e+00	9.595296e-05	136114242.000000	0.000000e+00
1.618956e+01	1.119539e+00	9.600426e-05	135986974.000000	0.000000e+00
1.619155e+01	1.119553e+00	9.601765e-05	135952602.000000	0.000000e+00
1.619354e+01	1.119585e+00	9.606054e-05	135838990.000000	0.000000e+00
1.619554e+01	1.119787e+00	9.610283e-05	135768286.000000	0.000000e+00
1.619753e+01	1.119795e+00	9.613808e-05	135670620.000000	0.000000e+00
1.619953e+01	1.120128e+00	9.619722e-05	135584488.000000	0.000000e+00
1.620152e+01	1.120192e+00	9.623346e-05	135497880.000000	0.000000e+00
1.620352e+01	1.120190e+00	9.627005e-05	135394516.000000	0.000000e+00
1.620551e+01	1.120330e+00	9.629811e-05	135349410.000000	0.000000e+00
1.620751e+01	1.120294e+00	9.633280e-05	135243376.000000	0.000000e+00
1.620950e+01	1.120824e+00	9.640967e-05	135155518.000000	0.000000e+00
1.621150e+01	1.120841e+00	9.643539e-05	135087504.000000	0.000000e+00
1.621349e+01	1.120927e+00	9.647648e-05	134993056.000000	0.000000e+00
1.621549e+01	1.121136e+00	9.652705e-05	134901996.000000	0.000000e+00
1.621748e+01	1.121029e+00	9.655346e-05	134802460.000000	0.000000e+00
1.621947e+01	1.121215e+00	9.659278e-05	134737554.000000	0.000000e+00
1.622147e+01	1.121252e+00	9.663005e-05	134642542.000000	0.000000e+00
1.622346e+01	1.121435e+00	9.666931e-05	134576968.000000	0.000000e+00
1.622546e+01	1.121533e+00	9.671157e-05	134482884.000000	0.000000e+00
1.622745e+01	1.121804e+00	9.677009e-05	134385358.000000	0.000000e+00
1.622945e+01	1.121914e+00	9.680450e-05	134315994.000000	0.000000e+00
1.623144e+01	1.121892e+00	9.683844e-05	134216680.000000	0.000000e+00
1.623344e+01	1.122054e+00	9.688638e-05	134122714.000000	0.000000e+00
1.623543e+01	1.122145e+00	9.692043e-05	134050074.000000	0.000000e+00
1.623743e+01	1.122073e+00	9.694596e-05	133962292.000000	0.000000e+00
1.623942e+01	1.122364e+00	9.700018e-05	133882122.000000	0.000000e+00
1.624142e+01	1.122563e+00	9.705887e-05	133767544.000000	0.000000e+00
1.624341e+01	1.122609e+00	9.707957e-05	133721466.000000	0.000000e+00
1.624541e+01	1.122937e+00	9.714367e-05	133623160.000000	0.000000e+00
1.624740e+01	1.122994e+00	9.718598e-05	133520482.000000	0.000000e+00
1.624939e+01	1.122921e+00	9.720812e-05	133442154.000000	0.000000e+00
1.625139e+01	1.122959e+00	9.724511e-05	133349728.000000	0.000000e+00
1.625338e+01	1.123325e+00	9.729757e-05	133292766.000000	0.000000e+00
1.625538e+01	1.123433e+00	9.734221e-05	133196206.000000	0.000000e+00
1.625737e+01	1.123271e+00	9.736961e-05	133082964.000000	0.000000e+00
1.625937e+01	1.123523e+00	9.741487e-05	133018900.000000	0.000000e+00
1.626136e+01	1.123607e+00	9.745665e-05	132924724.000000	0.000000e+00
1.626336e+01	1.123740e+00	9.749395e-05	132854400.000000	0.000000e+00
1.626535e+01	1.123950e+00	9.755716e-05	132731932.000000	0.000000e+00
1.626735e+01	1.123974e+00	9.758208e-05	132669846.000000	0.000000e+00
1.626934e+01	1.124236e+00	9.762517e-05	132614602.000000	0.000000e+00
1.627134e+01	1.124407e+00	9.768976e-05	132479706.000000	0.000000e+00
1.627333e+01	1.124407e+00	9.770480e-05	132438856.000000	0.000000e+00
1.627533e+01	1.124512e+00	9.776225e-05	132307960.000000	0.000000e+00
1.627732e+01	1.124769e+00	9.781120e-05	132235998.000000	0.000000e+00
1.627931e+01	1.124640e+00	9.782751e-05	132161464.000000	0.000000e+00
1.628131e+01	1.124951e+00	9.788736e-05	132072978.000000	0.000000e+00
1.628330e+01	1.125042e+00	9.793299e-05	131971330.000000	0.000000e+00
1.628530e+01	1.125195e+00	9.799011e-05	131853442.000000	0.000000e+00
1.628729e+01	1.125144e+00	9.798949e-05	131842980.000000	0.000000e+00
1.628929e+01	1.125478e+00	9.806181e-05	131726818.000000	0.000000e+00
1.629128e+01	1.125368e+00	9.808724e-05	131632902.000000	0.000000e+00
1.629328e+01	1.125627e+00	9.814256e-05	131544898.000000	0.000000e+00
1.629527e+01	1.125903e+00	9.820242e-05	131449194.000000	0.000000e+00
1.629727e+01	1.125997e+00	9.822917e-05	131399386.000000	0.000000e+00
1.629926e+01	1.126041e+00	9.828355e-05	131264230.000000	0.000000e+00
1.630126e+01	1.126141e+00	9.830786e-05	131222652.000000	0.000000e+00
1.630325e+01	1.126330e+00	9.837302e-05	131092906.000000	0.000000e+00
1.630524e+01	1.126225e+00	9.837952e-05	131051274.000000	0.000000e+00
1.630724e+01	1.126785e+00	9.846860e-05	130944208.000000	0.000000e+00
1.630923e+01	1.126740e+00	9.849933e-05	130852152.000000	0.000000e+00
1.631123e+01	1.126890e+00	9.854142e-05	130775182.000000	0.000000e+00
1.631322e+01	1.126825e+00	9.857224e-05	130678378.000000	0.000000e+00
1.631522e+01	1.126977e+00	9.861869e-05	130590504.000000	0.000000e+00
1.631721e+01	1.127158e+00	9.867011e-05	130496332.000000	0.000000e+00
1.631921e+01	1.127377e+00	9.871990e-05	130415460.000000	0.000000e+00
1.632120e+01	1.127306e+00	9.873804e-05	130351036.000000	0.000000e+00
1.632320e+01	1.127482e+00	9.878869e-05	130258144.000000	0.000000e+00
1.632519e+01	1.127698e+00	9.884855e-05	130150320.000000	0.000000e+00
1.632719e+01	1.127945e+00	9.889399e-05	130087738.000000	0.000000e+00
1.632918e+01	1.128035e+00	9.895054e-05	129959718.000000	0.000000e+00
1.633118e+01	1.128141e+00	9.897315e-05	129924832.000000	0.000000e+00
1.633317e+01	1.128108e+00	9.902658e-05	129777072.000000	0.000000e+00
1.633516e+01	1.128356e+00	9.906008e-05	129746332.000000	0.000000e+00
1.633716e+01	1.128516e+00	9.911435e-05	129640996.000000	0.000000e+00
1.633915e+01	1.128601e+00	9.915943e-05	129542688.000000	0.000000e+00
1.634115e+01	1.128762e+00	9.920037e-05	129472654.000000	0.000000e+00
1.634314e+01	1.128800e+00	9.924589e-05	129362742.000000	0.000000e+00
1.634514e+01	1.129207e+00	9.931258e-05	129282250.000000	0.000000e+00
1.634713e+01	1.129094e+00	9.933046e-05	129209844.000000	0.000000e+00
1.634913e+01	1.129460e+00	9.940654e-05	129095818.000000	0.000000e+00
1.635112e+01	1.129549e+00	9.943353e-05	129045940.000000	0.000000e+00
1.635312e+01	1.129388e+00	9.946004e-05	128940468.000000	0.000000e+00
1.635511e+01	1.129554e+00	9.950211e-05	128869234.000000	0.000000e+00
1.635711e+01	1.129858e+00	9.957608e-05	128747226.000000	0.000000e+00
1.635910e+01	1.130031e+00	9.961046e-05	128697778.000000	0.000000e+00
1.636110e+01	1.130157e+00	9.966664e-05	128581416.000000	0.000000e+00
1.636309e+01	1.130328e+00	9.970733e-05	128515354.000000	0.000000e+00
1.636508e+01	1.130270e+00	9.973990e-05	128418214.000000	0.000000e+00
1.636708e+01	1.130649e+00	9.982193e-05	128293182.000000	0.000000e+00
1.636907e+01	1.130757e+00	9.984397e-05	128261182.000000	0.000000e+00
1.637107e+01	1.130849e+00	9.988755e-05	128170098.000000	0.000000e+00
1.637306e+01	1.131076e+00	9.995119e-05	128058334.000000	0.000000e+00
1.637506e+01	1.130976e+00	9.997983e-05	127962244.000000	0.000000e+00
1.637705e+01	1.131231e+00	1.000281e-04	127896534.000000	0.000000e+00
1.637905e+01	1.131272e+00	1.000554e-04	127835854.000000	0.000000e+00
1.638104e+01	1.131590e+00	1.001350e-04	127704600.000000	0.000000e+00
1.638304e+01	1.131690e+00	1.001857e-04	127597774.000000	0.000000e+00
1.638503e+01	1.131844e+00	1.002113e-04	127567470.000000	0.000000e+00
1.638703e+01	1.131824e+00	1.002582e-04	127443604.000000	0.000000e+00
1.638902e+01	1.132011e+00	1.003054e-04	127365580.000000	0.000000e+00
1.639101e+01	1.132231e+00	1.003613e-04	127273296.000000	0.000000e+00
1.639301e+01	1.132360e+00	1.003992e-04	127206328.000000	0.000000e+00
1.639500e+01	1.132383e+00	1.004460e-04	127092978.000000	0.000000e+00
1.639700e+01	1.132703e+00	1.005027e-04	127021192.000000	0.000000e+00
1.639899e+01	1.132670e+00	1.005387e-04	126923058.000000	0.000000e+00
1.640099e+01	1.132860e+00	1.006085e-04	126789334.000000	0.000000e+00
1.640298e+01	1.133017e+00	1.006219e-04	126790888.000000	0.000000e+00
1.640498e+01	1.133391e+00	1.007015e-04	126673848.000000	0.000000e+00
1.640697e+01	1.133275e+00	1.007427e-04	126544426.000000	0.000000e+00
1.640897e+01	1.133488e+00	1.007704e-04	126522570.000000	0.000000e+00
1.641096e+01	1.133469e+00	1.008262e-04	126378412.000000	0.000000e+00
1.641296e+01	1.133820e+00	1.008867e-04	126304908.000000	0.000000e+00
1.641495e+01	1.133929e+00	1.009312e-04	126217912.000000	0.000000e+00
1.641695e+01	1.134069e+00	1.009759e-04	126137428.000000	0.000000e+00
1.641894e+01	1.134160e+00	1.010191e-04	126049728.000000	0.000000e+00
1.642093e+01	1.134409e+00	1.010816e-04	125949100.000000	0.000000e+00
1.642293e+01	1.134328e+00	1.011056e-04	125871402.000000	0.000000e+00
1.642492e+01	1.134806e+00	1.011809e-04	125790106.000000	0.000000e+00
1.642692e+01	1.134666e+00	1.012039e-04	125701828.000000	0.000000e+00
1.642891e+01	1.134930e+00	1.012656e-04	125607192.000000	0.000000e+00
1.643091e+01	1.135081e+00	1.013152e-04	125517598.000000	0.000000e+00
1.643290e+01	1.135063e+00	1.013465e-04	125435934.000000	0.000000e+00
1.643490e+01	1.135331e+00	1.014219e-04	125308906.000000	0.000000e+00
1.643689e+01	1.135386e+00	1.014386e-04	125279724.000000	0.000000e+00
1.643889e+01	1.135572e+00	1.015050e-04	125156878.000000	0.000000e+00
1.644088e+01	1.135729e+00	1.015504e-04	125079658.000000	0.000000e+00
1.644288e+01	1.135786e+00	1.015974e-04	124976544.000000	0.000000e+00
1.644487e+01	1.136165e+00	1.016581e-04	124910446.000000	0.000000e+00
1.644686e+01	1.136076e+00	1.016961e-04	124797648.000000	0.000000e+00
1.644886e+01	1.136444e+00	1.017651e-04	124709110.000000	0.000000e+00
1.645085e+01	1.136532e+00	1.017988e-04	124645896.000000	0.000000e+00
1.645285e+01	1.136577e+00	1.018380e-04	124559680.000000	0.000000e+00
1.645484e+01	1.136673e+00	1.018999e-04	124429576.000000	0.000000e+00
1.645684e+01	1.137223e+00	1.019745e-04	124367880.000000	0.000000e+00
1.645883e+01	1.137022e+00	1.019908e-04	124284094.000000	0.000000e+00
1.646083e+01	1.137319e+00	1.020450e-04	124216986.000000	0.000000e+00
1.646282e+01	1.137299e+00	1.021030e-04	124071562.000000	0.000000e+00
1.646482e+01	1.137626e+00	1.021556e-04	124015200.000000	0.000000e+00
1.646681e+01	1.137649e+00	1.021926e-04	123930532.000000	0.000000e+00
1.646881e+01	1.137715e+00	1.022412e-04	123826822.000000	0.000000e+00
1.647080e+01	1.138132e+00	1.023090e-04	123753462.000000	0.000000e+00
1.647280e+01	1.138100e+00	1.023531e-04	123639850.000000	0.000000e+00
1.647479e+01	1.138357e+00	1.023977e-04	123588258.000000	0.000000e+00
1.647678e+01	1.138301e+00	1.024392e-04	123475780.000000	0.000000e+00
1.647878e+01	1.138716e+00	1.025178e-04	123376396.000000	0.000000e+00
1.648077e+01	1.138596e+00	1.025352e-04	123308664.000000	0.000000e+00
1.648277e+01	1.138665e+00	1.025822e-04	123210460.000000	0.000000e+00
1.648476e+01	1.139123e+00	1.026593e-04	123124578.000000	0.000000e+00
1.648676e+01	1.139248e+00	1.026991e-04	123056170.000000	0.000000e+00
1.648875e+01	1.139262e+00	1.027508e-04	122935362.000000	0.000000e+00
1.649075e+01	1.139550e+00	1.028053e-04	122867050.000000	0.000000e+00
1.649274e+01	1.139709e+00	1.028733e-04	122739010.000000	0.000000e+00
1.649474e+01	1.139808e+00	1.028957e-04	122706846.000000	0.000000e+00
1.649673e+01	1.139867e+00	1.029514e-04	122586790.000000	0.000000e+00
1.649873e+01	1.140078e+00	1.030037e-04	122507556.000000	0.000000e+00
1.650072e+01	1.140123e+00	1.030423e-04	122425726.000000	0.000000e+00
1.650272e+01	1.140288e+00	1.031051e-04	122311962.000000	0.000000e+00
1.650471e+01	1.140454e+00	1.031504e-04	122240056.000000	0.000000e+00
1.650670e+01	1.140723e+00	1.032237e-04	122124196.000000	0.000000e+00
1.650870e+01	1.140944e+00	1.032688e-04	122064588.000000	0.000000e+00
1.651069e+01	1.140922e+00	1.033157e-04	121949422.000000	0.000000e+00
1.651269e+01	1.141301e+00	1.033751e-04	121890150.000000	0.000000e+00
1.651468e+01	1.141342e+00	1.034225e-04	121787116.000000	0.000000e+00
1.651668e+01	1.141488e+00	1.034886e-04	121662616.000000	0.000000e+00
1.651867e+01	1.141578e+00	1.035068e-04	121639206.000000	0.000000e+00
1.652067e+01	1.141783e+00	1.035759e-04	121520710.000000	0.000000e+00
1.652266e+01	1.142001e+00	1.036296e-04	121440840.000000	0.000000e+00
1.652466e+01	1.142066e+00	1.036846e-04	121325842.000000	0.000000e+00
1.652665e+01	1.142228e+00	1.037261e-04	121263432.000000	0.000000e+00
1.652865e+01	1.142465e+00	1.037943e-04	121154176.000000	0.000000e+00
1.653064e+01	1.142637e+00	1.038564e-04	121045936.000000	0.000000e+00
1.653263e+01	1.142664e+00	1.038749e-04	121008678.000000	0.000000e+00
1.653463e+01	1.142879e+00	1.039411e-04	120899872.000000	0.000000e+00
1.653662e+01	1.142996e+00	1.039983e-04	120791634.000000	0.000000e+00
1.653862e+01	1.143190e+00	1.040497e-04	120713260.000000	0.000000e+00
1.654061e+01	1.143294e+00	1.041138e-04	120586668.000000	0.000000e+00
1.654261e+01	1.143616e+00	1.041506e-04	120569440.000000	0.000000e+00
1.654460e+01	1.143683e+00	1.042074e-04	120452050.000000	0.000000e+00
1.654660e+01	1.144031e+00	1.042922e-04	120329484.000000	0.000000e+00
1.654859e+01	1.144007e+00	1.043167e-04	120268000.000000	0.000000e+00
1.655059e+01	1.143954e+00	1.043499e-04	120180264.000000	0.000000e+00
1.655258e+01	1.144533e+00	1.044416e-04	120090724.000000	0.000000e+00
1.655458e+01	1.144479e+00	1.044741e-04	120004692.000000	0.000000e+00
1.655657e+01	1.144794e+00	1.045508e-04	119894734.000000	0.000000e+00
1.655857e+01	1.144963e+00	1.045927e-04	119833990.000000	0.000000e+00
1.656056e+01	1.145161e+00	1.046667e-04	119705904.000000	0.000000e+00
1.656255e+01	1.144957e+00	1.046721e-04	119650936.000000	0.000000e+00
1.656455e+01	1.145159e+00	1.047405e-04	119536956.000000	0.000000e+00
1.656654e+01	1.145535e+00	1.048109e-04	119454682.000000	0.000000e+00
1.656854e+01	1.145617e+00	1.048547e-04	119372230.000000	0.000000e+00
1.657053e+01	1.145544e+00	1.048876e-04	119281998.000000	0.000000e+00
1.657253e+01	1.146009e+00	1.049785e-04	119172124.000000	0.000000e+00
1.657452e+01	1.146157e+00	1.050316e-04	119082438.000000	0.000000e+00
1.657652e+01	1.146294e+00	1.050660e-04	119033086.000000	0.000000e+00
1.657851e+01	1.146575e+00	1.051542e-04	118891740.000000	0.000000e+00
1.658051e+01	1.146470e+00	1.051662e-04	118842748.000000	0.000000e+00
1.658250e+01	1.146877e+00	1.052526e-04	118731910.000000	0.000000e+00
1.658450e+01	1.146909e+00	1.052941e-04	118645026.000000	0.000000e+00
1.658649e+01	1.147130e+00	1.053517e-04	118561156.000000	0.000000e+00
1.658848e+01	1.147190e+00	1.054057e-04	118451964.000000	0.000000e+00
1.659048e+01	1.147251e+00	1.054380e-04	118392136.000000	0.000000e+00
1.659247e+01	1.147772e+00	1.055389e-04	118273134.000000	0.000000e+00
1.659447e+01	1.147734e+00	1.055696e-04	118196500.000000	0.000000e+00
1.659646e+01	1.148022e+00	1.056321e-04	118115860.000000	0.000000e+00
1.659846e+01	1.147921e+00	1.056782e-04	117992088.000000	0.000000e+00
1.660045e+01	1.148377e+00	1.057388e-04	117950578.000000	0.000000e+00
1.660245e+01	1.148463e+00	1.058047e-04	117821334.000000	0.000000e+00
1.660444e+01	1.148486e+00	1.058510e-04	117723040.000000	0.000000e+00
1.660644e+01	1.148627e+00	1.058971e-04	117649356.000000	0.000000e+00
1.660843e+01	1.148689e+00	1.059440e-04	117558034.000000	0.000000e+00
1.661043e+01	1.149104e+00	1.060156e-04	117484006.000000	0.000000e+00
1.661242e+01	1.149323e+00	1.060914e-04	117360840.000000	0.000000e+00
1.661442e+01	1.149441e+00	1.061265e-04	117307462.000000	0.000000e+00
1.661641e+01	1.149597e+00	1.061875e-04	117204594.000000	0.000000e+00
1.661840e+01	1.149700e+00	1.062481e-04	117091894.000000	0.000000e+00
1.662040e+01	1.149967e+00	1.063020e-04	117027484.000000	0.000000e+00
1.662239e+01	1.149878e+00	1.063419e-04	116921532.000000	0.000000e+00
1.662439e+01	1.150332e+00	1.064154e-04	116852404.000000	0.000000e+00
1.662638e+01	1.150475e+00	1.064819e-04	116735406.000000	0.000000e+00
1.662838e+01	1.150462e+00	1.065212e-04	116646748.000000	0.000000e+00
1.663037e+01	1.150754e+00	1.065830e-04	116570622.000000	0.000000e+00
1.663237e+01	1.150880e+00	1.066428e-04	116465596.000000	0.000000e+00
1.663436e+01	1.150976e+00	1.066838e-04	116395210.000000	0.000000e+00
1.663636e+01	1.151207e+00	1.067598e-04	116276370.000000	0.000000e+00
1.663835e+01	1.151516e+00	1.068162e-04	116215942.000000	0.000000e+00
1.664035e+01	1.151508e+00	1.068599e-04	116119416.000000	0.000000e+00
1.664234e+01	1.151825e+00	1.069481e-04	115991662.000000	0.000000e+00
1.664433e+01	1.151804e+00	1.069705e-04	115938870.000000	0.000000e+00
1.664633e+01	1.152077e+00	1.070494e-04	115822804.000000	0.000000e+00
1.664832e+01	1.152290e+00	1.070960e-04	115764862.000000	0.000000e+00
1.665032e+01	1.152401e+00	1.071704e-04	115626510.000000	0.000000e+00
1.665231e+01	1.152443e+00	1.071961e-04	115579594.000000	0.000000e+00
1.665431e+01	1.152822e+00	1.072750e-04	115485498.000000	0.000000e+00
1.665630e+01	1.152878e+00	1.073364e-04	115364734.000000	0.000000e+00
1.665830e+01	1.153208e+00	1.073981e-04	115298130.000000	0.000000e+00
1.666029e+01	1.153228e+00	1.074467e-04	115197814.000000	0.000000e+00
1.666229e+01	1.153540e+00	1.075114e-04	115121524.000000	0.000000e+00
1.666428e+01	1.153600e+00	1.075697e-04	115008600.000000	0.000000e+00
1.666628e+01	1.154065e+00	1.076645e-04	114898852.000000	0.000000e+00
1.666827e+01	1.154142e+00	1.076798e-04	114881370.000000	0.000000e+00
1.667027e+01	1.154216e+00	1.077661e-04	114712390.000000	0.000000e+00
1.667226e+01	1.154461e+00	1.078113e-04	114664798.000000	0.000000e+00
1.667425e+01	1.154460e+00	1.078599e-04	114561228.000000	0.000000e+00
1.667625e+01	1.154761e+00	1.079396e-04	114451834.000000	0.000000e+00
1.667824e+01	1.154991e+00	1.079910e-04	114388614.000000	0.000000e+00
1.668024e+01	1.154961e+00	1.080438e-04	114270760.000000	0.000000e+00
1.668223e+01	1.155455e+00	1.081123e-04	114223560.000000	0.000000e+00
1.668423e+01	1.155405e+00	1.081729e-04	114085972.000000	0.000000e+00
1.668622e+01	1.155598e+00	1.082265e-04	114010948.000000	0.000000e+00
1.668822e+01	1.155910e+00	1.082959e-04	113926314.000000	0.000000e+00
1.669021e+01	1.155874e+00	1.083519e-04	113801404.000000	0.000000e+00
1.669221e+01	1.156173e+00	1.083921e-04	113775870.000000	0.000000e+00
1.669420e+01	1.156136e+00	1.084569e-04	113632714.000000	0.000000e+00
1.669620e+01	1.156506e+00	1.085259e-04	113561028.000000	0.000000e+00
1.669819e+01	1.156459e+00	1.085676e-04	113464516.000000	0.000000e+00
1.670019e+01	1.156978e+00	1.086636e-04	113365804.000000	0.000000e+00
1.670218e+01	1.156915e+00	1.087076e-04	113261562.000000	0.000000e+00
1.670417e+01	1.157120e+00	1.087678e-04	113176450.000000	0.000000e+00
1.670617e+01	1.157287e+00	1.088093e-04	113122722.000000	0.000000e+00
1.670816e+01	1.157435e+00	1.088782e-04	113008678.000000	0.000000e+00
1.671016e+01	1.157528e+00	1.089503e-04	112877062.000000	0.000000e+00
1.671215e+01	1.157892e+00	1.090045e-04	112836054.000000	0.000000e+00
1.671415e+01	1.157931e+00	1.090514e-04	112746262.000000	0.000000e+00
1.671614e+01	1.158339e+00	1.091476e-04	112627128.000000	0.000000e+00
1.671814e+01	1.158277e+00	1.091807e-04	112546672.000000	0.000000e+00
1.672013e+01	1.158680e+00	1.092579e-04	112466100.000000	0.000000e+00
1.672213e+01	1.158570e+00	1.093009e-04	112356082.000000	0.000000e+00
1.672412e+01	1.159010e+00	1.093925e-04	112253224.000000	0.000000e+00
1.672612e+01	1.158950e+00	1.094164e-04	112192668.000000	0.000000e+00
1.672811e+01	1.159093e+00	1.094928e-04	112063816.000000	0.000000e+00
1.673010e+01	1.159464e+00	1.095580e-04	112002318.000000	0.000000e+00
1.673210e+01	1.159488e+00	1.096042e-04	111912382.000000	0.000000e+00
1.673409e+01	1.159669e+00	1.096759e-04	111800862.000000	0.000000e+00
1.673609e+01	1.159896e+00	1.097414e-04	111711310.000000	0.000000e+00
1.673808e+01	1.160158e+00	1.098243e-04	111593224.000000	0.000000e+00
1.674008e+01	1.160193e+00	1.098442e-04	111559428.000000	0.000000e+00
1.674207e+01	1.160494e+00	1.099354e-04	111432250.000000	0.000000e+00
1.674407e+01	1.160821e+00	1.100040e-04	111356004.000000	0.000000e+00
1.674606e+01	1.161078e+00	1.100739e-04	111263848.000000	0.000000e+00
1.674806e+01	1.160900e+00	1.101121e-04	111152676.000000	0.000000e+00
1.675005e+01	1.161287e+00	1.101734e-04	111102970.000000	0.000000e+00
1.675205e+01	1.161413e+00	1.102604e-04	110951926.000000	0.000000e+00
1.675404e+01	1.161651e+00	1.103091e-04	110899158.000000	0.000000e+00
1.675604e+01	1.161719e+00	1.103716e-04	110786596.000000	0.000000e+00
1.675803e+01	1.161904e+00	1.104266e-04	110711580.000000	0.000000e+00
1.676002e+01	1.162201e+00	1.105038e-04	110613400.000000	0.000000e+00
1.676202e+01	1.162398e+00	1.105873e-04	110483944.000000	0.000000e+00
1.676401e+01	1.162525e+00	1.106147e-04	110453280.000000	0.000000e+00
1.676601e+01	1.162739e+00	1.106978e-04	110328046.000000	0.000000e+00
1.676800e+01	1.162799e+00	1.107574e-04	110220810.000000	0.000000e+00
1.677000e+01	1.163067e+00	1.108136e-04	110159860.000000	0.000000e+00
1.677199e+01	1.163215e+00	1.108913e-04	110033430.000000	0.000000e+00
1.677399e+01	1.163565e+00	1.109542e-04	109974934.000000	0.000000e+00
1.677598e+01	1.163544e+00	1.110035e-04	109873246.000000	0.000000e+00
1.677798e+01	1.163847e+00	1.110838e-04	109771812.000000	0.000000e+00
1.677997e+01	1.163892e+00	1.111228e-04	109703164.000000	0.000000e+00
1.678197e+01	1.164134e+00	1.112127e-04	109571220.000000	0.000000e+00
1.678396e+01	1.164094e+00	1.112400e-04	109510126.000000	0.000000e+00
1.678595e+01	1.164652e+00	1.113520e-04	109394682.000000	0.000000e+00
1.678795e+01	1.164593e+00	1.113728e-04	109342846.000000	0.000000e+00
1.678994e+01	1.164886e+00	1.114782e-04	109191076.000000	0.000000e+00
1.679194e+01	1.165222e+00	1.115413e-04	109130574.000000	0.000000e+00
1.679393e+01	1.165172e+00	1.115827e-04	109040176.000000	0.000000e+00
1.679593e+01	1.165199e+00	1.116430e-04	108927342.000000	0.000000e+00
1.679792e+01	1.165605e+00	1.117123e-04	108868168.000000	0.000000e+00
1.679992e+01	1.165667e+00	1.117852e-04	108737628.000000	0.000000e+00
1.680191e+01	1.165950e+00	1.118455e-04	108673396.000000	0.000000e+00
1.680391e+01	1.166125e+00	1.119166e-04	108567814.000000	0.000000e+00
1.680590e+01	1.166298e+00	1.119849e-04	108467700.000000	0.000000e+00
1.680790e+01	1.166858e+00	1.120799e-04	108387748.000000	0.000000e+00
1.680989e+01	1.166681e+00	1.121136e-04	108289992.000000	0.000000e+00
1.681189e+01	1.166816e+00	1.121669e-04	108211882.000000	0.000000e+00
1.681388e+01	1.167318e+00	1.122665e-04	108113170.000000	0.000000e+00
1.681587e+01	1.167320e+00	1.123396e-04	107972574.000000	0.000000e+00
1.681787e+01	1.167499e+00	1.123666e-04	107953936.000000	0.000000e+00
1.681986e+01	1.167633e+00	1.124643e-04	107791332.000000	0.000000e+00
1.682186e+01	1.167931e+00	1.125121e-04	107754748.000000	0.000000e+00
1.682385e+01	1.167978e+00	1.125770e-04	107638926.000000	0.000000e+00
1.682585e+01	1.168270e+00	1.126583e-04	107537566.000000	0.000000e+00
1.682784e+01	1.168425e+00	1.127083e-04	107470744.000000	0.000000e+00
1.682984e+01	1.168298e+00	1.127662e-04	107337096.000000	0.000000e+00
1.683183e+01	1.168653e+00	1.128303e-04	107280286.000000	0.000000e+00
1.683383e+01	1.168901e+00	1.129149e-04	107164998.000000	0.000000e+00
1.683582e+01	1.169220e+00	1.129887e-04	107083450.000000	0.000000e+00
1.683782e+01	1.169091e+00	1.130350e-04	106972224.000000	0.000000e+00
1.683981e+01	1.169352e+00	1.130954e-04	106905670.000000	0.000000e+00
1.684181e+01	1.169867e+00	1.132002e-04	106801834.000000	0.000000e+00
1.684380e+01	1.170224e+00	1.133006e-04	106677738.000000	0.000000e+00
1.684579e+01	1.169921e+00	1.132962e-04	106630744.000000	0.000000e+00
1.684779e+01	1.170356e+00	1.133972e-04	106519944.000000	0.000000e+00
1.684978e+01	1.170490e+00	1.134567e-04	106432660.000000	0.000000e+00
1.685178e+01	1.170584e+00	1.135275e-04	106317006.000000	0.000000e+00
1.685377e+01	1.170606e+00	1.135739e-04	106234180.000000	0.000000e+00
1.685577e+01	1.170952e+00	1.136454e-04	106163440.000000	0.000000e+00
1.685776e+01	1.170824e+00	1.136993e-04	106039410.000000	0.000000e+00
1.685976e+01	1.171341e+00	1.137969e-04	105951190.000000	0.000000e+00
1.686175e+01	1.171596e+00	1.138552e-04	105888822.000000	0.000000e+00
1.686375e+01	1.171758e+00	1.139438e-04	105753466.000000	0.000000e+00
1.686574e+01	1.172072e+00	1.140133e-04	105681208.000000	0.000000e+00
1.686774e+01	1.172003e+00	1.140701e-04	105563544.000000	0.000000e+00
1.686973e+01	1.172370e+00	1.141363e-04	105507076.000000	0.000000e+00
1.687172e+01	1.172536e+00	1.142219e-04	105378822.000000	0.000000e+00
1.687372e+01	1.172537e+00	1.142703e-04	105289696.000000	0.000000e+00
1.687571e+01	1.172821e+00	1.143274e-04	105235512.000000	0.000000e+00
1.687771e+01	1.172946e+00	1.144156e-04	105095872.000000	0.000000e+00
1.687970e+01	1.173443e+00	1.145045e-04	105021610.000000	0.000000e+00
1.688170e+01	1.173493e+00	1.145594e-04	104930022.000000	0.000000e+00
1.688369e+01	1.173866e+00	1.146569e-04	104818162.000000	0.000000e+00
1.688569e+01	1.173751e+00	1.146783e-04	104758632.000000	0.000000e+00
1.688768e+01	1.174226e+00	1.148060e-04	104610250.000000	0.000000e+00
1.688968e+01	1.174539e+00	1.148463e-04	104592618.000000	0.000000e+00
1.689167e+01	1.174343e+00	1.149132e-04	104435932.000000	0.000000e+00
1.689367e+01	1.174620e+00	1.149794e-04	104365084.000000	0.000000e+00
1.689566e+01	1.174566e+00	1.150286e-04	104266092.000000	0.000000e+00
1.689766e+01	1.175178e+00	1.151478e-04	104158924.000000	0.000000e+00
1.689965e+01	1.175283e+00	1.151892e-04	104102502.000000	0.000000e+00
1.690164e+01	1.175289e+00	1.152743e-04	103949878.000000	0.000000e+00
1.690364e+01	1.175626e+00	1.153394e-04	103892110.000000	0.000000e+00
1.690563e+01	1.175755e+00	1.154007e-04	103804716.000000	0.000000e+00
1.690763e+01	1.176009e+00	1.154805e-04	103706026.000000	0.000000e+00
1.690962e+01	1.176135e+00	1.155448e-04	103612806.000000	0.000000e+00
1.691162e+01	1.175991e+00	1.156019e-04	103485130.000000	0.000000e+00
1.691361e+01	1.176598e+00	1.156834e-04	103446192.000000	0.000000e+00
1.691561e+01	1.176625e+00	1.157585e-04	103316752.000000	0.000000e+00
1.691760e+01	1.176838e+00	1.158303e-04	103225864.000000	0.000000e+00
1.691960e+01	1.176956e+00	1.158863e-04	103146966.000000	0.000000e+00
1.692159e+01	1.177092e+00	1.159700e-04	103021840.000000	0.000000e+00
1.692359e+01	1.177427e+00	1.160329e-04	102968928.000000	0.000000e+00
1.692558e+01	1.177644e+00	1.161310e-04	102832750.000000	0.000000e+00
1.692757e+01	1.177802e+00	1.161864e-04	102762378.000000	0.000000e+00
1.692957e+01	1.177753e+00	1.162410e-04	102657358.000000	0.000000e+00
1.693156e+01	1.178402e+00	1.163572e-04	102565354.000000	0.000000e+00
1.693356e+01	1.178168e+00	1.163878e-04	102470628.000000	0.000000e+00
1.693555e+01	1.178656e+00	1.164982e-04	102361372.000000	0.000000e+00
1.693755e+01	1.178881e+00	1.165430e-04	102321564.000000	0.000000e+00
1.693954e+01	1.179019e+00	1.166402e-04	102175126.000000	0.000000e+00
1.694154e+01	1.179128e+00	1.167006e-04	102088176.000000	0.000000e+00
1.694353e+01	1.179317e+00	1.167593e-04	102018328.000000	0.000000e+00
1.694553e+01	1.179405e+00	1.168349e-04	101901628.000000	0.000000e+00
1.694752e+01	1.179785e+00	1.169245e-04	101810982.000000	0.000000e+00
1.694952e+01	1.180029e+00	1.170097e-04	101704798.000000	0.000000e+00
1.695151e+01	1.180220e+00	1.170728e-04	101628030.000000	0.000000e+00
1.695351e+01	1.180065e+00	1.171120e-04	101533360.000000	0.000000e+00
1.695550e+01	1.180446e+00	1.172117e-04	101426278.000000	0.000000e+00
1.695749e+01	1.180725e+00	1.172838e-04	101349618.000000	0.000000e+00
1.695949e+01	1.180833e+00	1.173661e-04	101225938.000000	0.000000e+00
1.696148e+01	1.180876e+00	1.174197e-04	101140848.000000	0.000000e+00
1.696348e+01	1.181091e+00	1.174877e-04	101060518.000000	0.000000e+00
1.696547e+01	1.181532e+00	1.175972e-04	100947966.000000	0.000000e+00
1.696747e+01	1.181650e+00	1.176595e-04	100861096.000000	0.000000e+00
1.696946e+01	1.181909e+00	1.177431e-04	100762198.000000	0.000000e+00
1.697146e+01	1.182017e+00	1.178047e-04	100675194.000000	0.000000e+00
1.697345e+01	1.182217e+00	1.178877e-04	100567462.000000	0.000000e+00
1.697545e+01	1.182472e+00	1.179546e-04	100496748.000000	0.000000e+00
1.697744e+01	1.182777e+00	1.180487e-04	100388332.000000	0.000000e+00
1.697944e+01	1.182756e+00	1.181060e-04	100287396.000000	0.000000e+00
1.698143e+01	1.183112e+00	1.181848e-04	100214014.000000	0.000000e+00
1.698343e+01	1.183153e+00	1.182720e-04	100073254.000000	0.000000e+00
1.698542e+01	1.183356e+00	1.183284e-04	100012182.000000	0.000000e+00
1.698741e+01	1.183480e+00	1.184042e-04	99905164.000000	0.000000e+00
1.698941e+01	1.183848e+00	1.184871e-04	99827418.000000	0.000000e+00
1.699140e+01	1.183943e+00	1.185614e-04	99718354.000000	0.000000e+00
1.699340e+01	1.184160e+00	1.186550e-04	99597534.000000	0.000000e+00
1.699539e+01	1.184237e+00	1.186912e-04	99549784.000000	0.000000e+00
1.699739e+01	1.184363e+00	1.187733e-04	99433372.000000	0.000000e+00
1.699938e+01	1.184557e+00	1.188545e-04	99330048.000000	0.000000e+00
1.700138e+01	1.184786e+00	1.189263e-04	99248536.000000	0.000000e+00
1.700337e+01	1.184802e+00	1.189928e-04	99140364.000000	0.000000e+00
1.700537e+01	1.185461e+00	1.190995e-04	99072784.000000	0.000000e+00
1.700736e+01	1.185186e+00	1.191552e-04	98934280.000000	0.000000e+00
1.700936e+01	1.185477e+00	1.192188e-04	98877234.000000	0.000000e+00
1.701135e+01	1.185571e+00	1.193017e-04	98755726.000000	0.000000e+00
1.701334e+01	1.185789e+00	1.193696e-04	98679630.000000	0.000000e+00
1.701534e+01	1.186091e+00	1.194665e-04	98569816.000000	0.000000e+00
1.701733e+01	1.186357e+00	1.195690e-04	98444940.000000	0.000000e+00
1.701933e+01	1.186567e+00	1.196166e-04	98401480.000000	0.000000e+00
1.702132e+01	1.186685e+00	1.196992e-04	98285350.000000	0.000000e+00
1.702332e+01	1.187180e+00	1.198032e-04	98196588.000000	0.000000e+00
1.702531e+01	1.187085e+00	1.198564e-04	98093728.000000	0.000000e+00
1.702731e+01	1.187530e+00	1.199648e-04	97990008.000000	0.000000e+00
1.702930e+01	1.187515e+00	1.200093e-04	97914730.000000	0.000000e+00
1.703130e+01	1.187426e+00	1.200719e-04	97797948.000000	0.000000e+00
1.703329e+01	1.188018e+00	1.201817e-04	97716880.000000	0.000000e+00
1.703529e+01	1.188110e+00	1.202431e-04	97632106.000000	0.000000e+00
1.703728e+01	1.188575e+00	1.203698e-04	97502988.000000	0.000000e+00
1.703928e+01	1.188399e+00	1.203956e-04	97432324.000000	0.000000e+00
1.704127e+01	1.188516e+00	1.204859e-04	97305648.000000	0.000000e+00
1.704326e+01	1.188954e+00	1.205572e-04	97262044.000000	0.000000e+00
1.704526e+01	1.189111e+00	1.206691e-04	97107462.000000	0.000000e+00
1.704725e+01	1.189197e+00	1.207149e-04	97047838.000000	0.000000e+00
1.704925e+01	1.189519e+00	1.208102e-04	96947284.000000	0.000000e+00
1.705124e+01	1.189584e+00	1.208888e-04	96831870.000000	0.000000e+00
1.705324e+01	1.189936e+00	1.209588e-04	96776998.000000	0.000000e+00
1.705523e+01	1.189782e+00	1.210262e-04	96644286.000000	0.000000e+00
1.705723e+01	1.190111e+00	1.211123e-04	96560380.000000	0.000000e+00
1.705922e+01	1.190355e+00	1.211993e-04	96461188.000000	0.000000e+00
1.706122e+01	1.190444e+00	1.212672e-04	96367740.000000	0.000000e+00
1.706321e+01	1.190940e+00	1.213719e-04	96281710.000000	0.000000e+00
1.706521e+01	1.190958e+00	1.214575e-04	96148914.000000	0.000000e+00
1.706720e+01	1.191287e+00	1.215232e-04	96097978.000000	0.000000e+00
1.706919e+01	1.191417e+00	1.216077e-04	95985492.000000	0.000000e+00
1.707119e+01	1.191421e+00	1.216792e-04	95873362.000000	0.000000e+00
1.707318e+01	1.191799e+00	1.217620e-04	95803714.000000	0.000000e+00
1.707518e+01	1.191874e+00	1.218530e-04	95672766.000000	0.000000e+00
1.707717e+01	1.192092e+00	1.219084e-04	95620774.000000	0.000000e+00
1.707917e+01	1.192220e+00	1.220052e-04	95489634.000000	0.000000e+00
1.708116e+01	1.192507e+00	1.220946e-04	95395870.000000	0.000000e+00
1.708316e+01	1.192717e+00	1.221653e-04	95318940.000000	0.000000e+00
1.708515e+01	1.192786e+00	1.222556e-04	95189278.000000	0.000000e+00
1.708715e+01	1.192995e+00	1.223067e-04	95142976.000000	0.000000e+00
1.708914e+01	1.192973e+00	1.223993e-04	94995570.000000	0.000000e+00
1.709114e+01	1.193153e+00	1.224626e-04	94926112.000000	0.000000e+00
1.709313e+01	1.193553e+00	1.225656e-04	94830156.000000	0.000000e+00
1.709513e+01	1.193386e+00	1.226172e-04	94723708.000000	0.000000e+00
1.709712e+01	1.193966e+00	1.227391e-04	94627738.000000	0.000000e+00
1.709911e+01	1.194064e+00	1.228153e-04	94525770.000000	0.000000e+00
1.710111e+01	1.194454e+00	1.229050e-04	94449490.000000	0.000000e+00
1.710310e+01	1.194330e+00	1.229596e-04	94345992.000000	0.000000e+00
1.710510e+01	1.194462e+00	1.230486e-04	94230406.000000	0.000000e+00
1.710709e+01	1.194701e+00	1.231202e-04	94158654.000000	0.000000e+00
1.710909e+01	1.194800e+00	1.232094e-04	94037878.000000	0.000000e+00
1.711108e+01	1.195338e+00	1.233162e-04	93959560.000000	0.000000e+00
1.711308e+01	1.195400e+00	1.233984e-04	93844080.000000	0.000000e+00
1.711507e+01	1.195633e+00	1.234645e-04	93780424.000000	0.000000e+00
1.711707e+01	1.195868e+00	1.235670e-04	93661482.000000	0.000000e+00
1.711906e+01	1.195861e+00	1.236302e-04	93564790.000000	0.000000e+00
1.712106e+01	1.196033e+00	1.237124e-04	93467370.000000	0.000000e+00
1.712305e+01	1.196183e+00	1.238001e-04	93358246.000000	0.000000e+00
1.712504e+01	1.196555e+00	1.238810e-04	93294496.000000	0.000000e+00
1.712704e+01	1.196652e+00	1.239824e-04	93156996.000000	0.000000e+00
1.712903e+01	1.196653e+00	1.240312e-04	93083764.000000	0.000000e+00
1.713103e+01	1.197037e+00	1.241308e-04	92994174.000000	0.000000e+00
1.713302e+01	1.197151e+00	1.242221e-04	92875360.000000	0.000000e+00
1.713502e+01	1.197476e+00	1.243057e-04	92800794.000000	0.000000e+00
1.713701e+01	1.197380e+00	1.243670e-04	92694364.000000	0.000000e+00
1.713901e+01	1.197672e+00	1.244582e-04	92603782.000000	0.000000e+00
1.714100e+01	1.197993e+00	1.245655e-04	92493906.000000	0.000000e+00
1.714300e+01	1.198072e+00	1.246395e-04	92396302.000000	0.000000e+00
1.714499e+01	1.198469e+00	1.247361e-04	92314416.000000	0.000000e+00
1.714699e+01	1.198178e+00	1.247900e-04	92189932.000000	0.000000e+00
1.714898e+01	1.198812e+00	1.249028e-04	92120848.000000	0.000000e+00
1.715098e+01	1.198713e+00	1.249678e-04	92009874.000000	0.000000e+00
1.715297e+01	1.198913e+00	1.250466e-04	91924570.000000	0.000000e+00
1.715496e+01	1.199190e+00	1.251554e-04	91807290.000000	0.000000e+00
1.715696e+01	1.199506e+00	1.252640e-04	91696354.000000	0.000000e+00
1.715895e+01	1.199469e+00	1.252863e-04	91658064.000000	0.000000e+00
1.716095e+01	1.200108e+00	1.254634e-04	91496908.000000	0.000000e+00
1.716294e+01	1.199986e+00	1.255014e-04	91422892.000000	0.000000e+00
1.716494e+01	1.200231e+00	1.255800e-04	91345782.000000	0.000000e+00
1.716693e+01	1.200198e+00	1.256698e-04	91210360.000000	0.000000e+00
1.716893e+01	1.200618e+00	1.257473e-04	91161624.000000	0.000000e+00
1.717092e+01	1.200686e+00	1.258436e-04	91032556.000000	0.000000e+00
1.717292e+01	1.200774e+00	1.259169e-04	90939906.000000	0.000000e+00
1.717491e+01	1.200940e+00	1.259953e-04	90851902.000000	0.000000e+00
1.717691e+01	1.200885e+00	1.260722e-04	90732826.000000	0.000000e+00
1.717890e+01	1.201459e+00	1.261917e-04	90647712.000000	0.000000e+00
1.718089e+01	1.201379e+00	1.262594e-04	90538384.000000	0.000000e+00
1.718289e+01	1.201502e+00	1.263233e-04	90465294.000000	0.000000e+00
1.718488e+01	1.201814e+00	1.264464e-04	90336268.000000	0.000000e+00
1.718688e+01	1.201872e+00	1.265060e-04	90259740.000000	0.000000e+00
1.718887e+01	1.202322e+00	1.266110e-04	90177646.000000	0.000000e+00
1.719087e+01	1.202262e+00	1.267097e-04	90028126.000000	0.000000e+00
1.719286e+01	1.202973e+00	1.268157e-04	89984088.000000	0.000000e+00
1.719486e+01	1.202589e+00	1.268737e-04	89844340.000000	0.000000e+00
1.719685e+01	1.202806e+00	1.269381e-04	89785764.000000	0.000000e+00
1.719885e+01	1.203170e+00	1.270658e-04	89659450.000000	0.000000e+00
1.720084e+01	1.203243e+00	1.271408e-04	89564716.000000	0.000000e+00
1.720284e+01	1.203613e+00	1.272332e-04	89489676.000000	0.000000e+00
1.720483e+01	1.203481e+00	1.273017e-04	89373700.000000	0.000000e+00
1.720683e+01	1.203953e+00	1.274290e-04	89265258.000000	0.000000e+00
1.720882e+01	1.204098e+00	1.275023e-04	89184190.000000	0.000000e+00
1.721081e+01	1.203924e+00	1.275574e-04	89081358.000000	0.000000e+00
1.721281e+01	1.204558e+00	1.276995e-04	88976950.000000	0.000000e+00
1.721480e+01	1.204402e+00	1.277618e-04	88866994.000000	0.000000e+00
1.721680e+01	1.205033e+00	1.278767e-04	88800306.000000	0.000000e+00
1.721879e+01	1.204556e+00	1.279090e-04	88685272.000000	0.000000e+00
1.722079e+01	1.205034e+00	1.280203e-04	88601562.000000	0.000000e+00
1.722278e+01	1.204920e+00	1.280973e-04	88478230.000000	0.000000e+00
1.722478e+01	1.205233e+00	1.282048e-04	88375782.000000	0.000000e+00
1.722677e+01	1.205579e+00	1.282798e-04	88323184.000000	0.000000e+00
1.722877e+01	1.205356e+00	1.283576e-04	88183432.000000	0.000000e+00
1.723076e+01	1.205888e+00	1.284753e-04	88099680.000000	0.000000e+00
1.723276e+01	1.205850e+00	1.285400e-04	88005478.000000	0.000000e+00
1.723475e+01	1.206044e+00	1.286386e-04	87898896.000000	0.000000e+00
1.723675e+01	1.206450e+00	1.287406e-04	87818764.000000	0.000000e+00
1.723874e+01	1.206252e+00	1.288286e-04	87670066.000000	0.000000e+00
1.724073e+01	1.206909e+00	1.289365e-04	87618780.000000	0.000000e+00
1.724273e+01	1.206746e+00	1.290047e-04	87502672.000000	0.000000e+00
1.724472e+01	1.206919e+00	1.290958e-04	87404130.000000	0.000000e+00
1.724672e+01	1.207024e+00	1.291740e-04	87313534.000000	0.000000e+00
1.724871e+01	1.207114e+00	1.292614e-04	87208560.000000	0.000000e+00
1.725071e+01	1.207491e+00	1.293518e-04	87140944.000000	0.000000e+00
1.725270e+01	1.207669e+00	1.294843e-04	86988424.000000	0.000000e+00
1.725470e+01	1.207766e+00	1.295485e-04	86916210.000000	0.000000e+00
1.725669e+01	1.208157e+00	1.296554e-04	86829118.000000	0.000000e+00
1.725869e+01	1.207972e+00	1.297344e-04	86696970.000000	0.000000e+00
1.726068e+01	1.208032e+00	1.297787e-04	86646316.000000	0.000000e+00
1.726268e+01	1.208194e+00	1.299044e-04	86501820.000000	0.000000e+00
1.726467e+01	1.209034e+00	1.300418e-04	86439310.000000	0.000000e+00
1.726667e+01	1.208913e+00	1.301181e-04	86320600.000000	0.000000e+00
1.726866e+01	1.208938e+00	1.302028e-04	86211870.000000	0.000000e+00
1.727065e+01	1.208884e+00	1.302506e-04	86141050.000000	0.000000e+00
1.727265e+01	1.208777e+00	1.303425e-04	86004294.000000	0.000000e+00
1.727464e+01	1.209541e+00	1.304639e-04	85952872.000000	0.000000e+00
1.727664e+01	1.209604e+00	1.305749e-04	85815684.000000	0.000000e+00
1.727863e+01	1.209729e+00	1.306511e-04	85733344.000000	0.000000e+00
1.728063e+01	1.209702e+00	1.307231e-04	85635130.000000	0.000000e+00
1.728262e+01	1.209903e+00	1.308330e-04	85519752.000000	0.000000e+00
1.728462e+01	1.210187e+00	1.309193e-04	85447192.000000	0.000000e+00
1.728661e+01	1.210175e+00	1.310122e-04	85324374.000000	0.000000e+00
1.728861e+01	1.210681e+00	1.311326e-04	85239004.000000	0.000000e+00
1.729060e+01	1.210934e+00	1.312461e-04	85127200.000000	0.000000e+00
1.729260e+01	1.210513e+00	1.312725e-04	85033716.000000	0.000000e+00
1.729459e+01	1.210934e+00	1.313821e-04	84950986.000000	0.000000e+00
1.729658e+01	1.211032e+00	1.314880e-04	84827862.000000	0.000000e+00
1.729858e+01	1.211269e+00	1.315761e-04	84747514.000000	0.000000e+00
1.730057e+01	1.211194e+00	1.316461e-04	84646980.000000	0.000000e+00
1.730257e+01	1.211618e+00	1.317851e-04	84527614.000000	0.000000e+00
1.730456e+01	1.211432e+00	1.318365e-04	84435946.000000	0.000000e+00
1.730656e+01	1.211910e+00	1.319635e-04	84339966.000000	0.000000e+00
1.730855e+01	1.212133e+00	1.320435e-04	84268738.000000	0.000000e+00
1.731055e+01	1.212010e+00	1.321438e-04	84123864.000000	0.000000e+00
1.731254e+01	1.212361e+00	1.322561e-04	84029758.000000	0.000000e+00
1.731454e+01	1.212425e+00	1.323216e-04	83955432.000000	0.000000e+00
1.731653e+01	1.212431e+00	1.324037e-04	83852086.000000	0.000000e+00
1.731853e+01	1.212591e+00	1.325049e-04	83746078.000000	0.000000e+00
1.732052e+01	1.212888e+00	1.326286e-04	83631030.000000	0.000000e+00
1.732251e+01	1.212846e+00	1.326747e-04	83567116.000000	0.000000e+00
1.732451e+01	1.213182e+00	1.328147e-04	83437260.000000	0.000000e+00
1.732650e+01	1.213485e+00	1.329258e-04	83339440.000000	0.000000e+00
1.732850e+01	1.213423e+00	1.329860e-04	83255466.000000	0.000000e+00
1.733049e+01	1.213315e+00	1.330696e-04	83136010.000000	0.000000e+00
1.733249e+01	1.214063e+00	1.332085e-04	83065090.000000	0.000000e+00
1.733448e+01	1.213811e+00	1.332747e-04	82948146.000000	0.000000e+00
1.733648e+01	1.214169e+00	1.333915e-04	82851868.000000	0.000000e+00
1.733847e+01	1.214156e+00	1.334622e-04	82762320.000000	0.000000e+00
1.734047e+01	1.214287e+00	1.335895e-04	82622440.000000	0.000000e+00
1.734246e+01	1.214794e+00	1.336835e-04	82575286.000000	0.000000e+00
1.734446e+01	1.214514e+00	1.337626e-04	82439562.000000	0.000000e+00
1.734645e+01	1.214785e+00	1.338548e-04	82362790.000000	0.000000e+00
1.734845e+01	1.214947e+00	1.339737e-04	82238652.000000	0.000000e+00
1.735044e+01	1.214929e+00	1.340463e-04	82147114.000000	0.000000e+00
1.735243e+01	1.215067e+00	1.341266e-04	82067472.000000	0.000000e+00
1.735443e+01	1.214842e+00	1.342096e-04	81935500.000000	0.000000e+00
1.735642e+01	1.215583e+00	1.343515e-04	81862318.000000	0.000000e+00
1.735842e+01	1.215225e+00	1.344171e-04	81734370.000000	0.000000e+00
1.736041e+01	1.215582e+00	1.345122e-04	81666706.000000	0.000000e+00
1.736241e+01	1.215677e+00	1.346134e-04	81556632.000000	0.000000e+00
1.736440e+01	1.215435e+00	1.346903e-04	81431110.000000	0.000000e+00
1.736640e+01	1.215933e+00	1.347887e-04	81379062.000000	0.000000e+00
1.736839e+01	1.215829e+00	1.349002e-04	81230686.000000	0.000000e+00
1.737039e+01	1.216054e+00	1.349790e-04	81165850.000000	0.000000e+00
1.737238e+01	1.216031e+00	1.350826e-04	81038286.000000	0.000000e+00
1.737438e+01	1.216493e+00	1.352029e-04	80955562.000000	0.000000e+00
1.737637e+01	1.216582e+00	1.352875e-04	80866308.000000	0.000000e+00
1.737837e+01	1.216521e+00	1.353992e-04	80724784.000000	0.000000e+00
1.738036e+01	1.217014e+00	1.355124e-04	80655312.000000	0.000000e+00
1.738235e+01	1.216773e+00	1.355731e-04	80551270.000000	0.000000e+00
1.738435e+01	1.217057e+00	1.356842e-04	80456956.000000	0.000000e+00
1.738634e+01	1.217197e+00	1.357975e-04	80341140.000000	0.000000e+00
1.738834e+01	1.217391e+00	1.359024e-04	80242744.000000	0.000000e+00
1.739033e+01	1.217392e+00	1.359767e-04	80155296.000000	0.000000e+00
1.739233e+01	1.217363e+00	1.360594e-04	80053972.000000	0.000000e+00
1.739432e+01	1.217789e+00	1.362041e-04	79939960.000000	0.000000e+00
1.739632e+01	1.217550e+00	1.362407e-04	79865622.000000	0.000000e+00
1.739831e+01	1.217878e+00	1.363936e-04	79729636.000000	0.000000e+00
1.740031e+01	1.218036e+00	1.364652e-04	79666668.000000	0.000000e+00
1.740230e+01	1.217806e+00	1.365635e-04	79521976.000000	0.000000e+00
1.740430e+01	1.218310e+00	1.366745e-04	79458462.000000	0.000000e+00
1.740629e+01	1.218040e+00	1.367335e-04	79354732.000000	0.000000e+00
1.740828e+01	1.218172e+00	1.368565e-04	79229428.000000	0.000000e+00
1.741028e+01	1.218392e+00	1.369530e-04	79146318.000000	0.000000e+00
1.741227e+01	1.218430e+00	1.370679e-04	79018690.000000	0.000000e+00
1.741427e+01	1.218616e+00	1.371253e-04	78976674.000000	0.000000e+00
1.741626e+01	1.218986e+00	1.372892e-04	78835972.000000	0.000000e+00
1.741826e+01	1.219089e+00	1.373988e-04	78723630.000000	0.000000e+00
1.742025e+01	1.219373e+00	1.374764e-04	78671398.000000	0.000000e+00
1.742225e+01	1.218907e+00	1.375569e-04	78519250.000000	0.000000e+00
1.742424e+01	1.219493e+00	1.376913e-04	78441474.000000	0.000000e+00
1.742624e+01	1.219294e+00	1.377627e-04	78334630.000000	0.000000e+00
1.742823e+01	1.219604e+00	1.378726e-04	78249510.000000	0.000000e+00
1.743023e+01	1.219538e+00	1.379625e-04	78139120.000000	0.000000e+00
1.743222e+01	1.219649e+00	1.380833e-04	78016714.000000	0.000000e+00
1.743422e+01	1.219759e+00	1.381470e-04	77958762.000000	0.000000e+00
1.743621e+01	1.219780e+00	1.382788e-04	77812918.000000	0.000000e+00
1.743820e+01	1.220369e+00	1.384072e-04	77743656.000000	0.000000e+00
1.744020e+01	1.219806e+00	1.384601e-04	77612680.000000	0.000000e+00
1.744219e+01	1.220094e+00	1.385552e-04	77542710.000000	0.000000e+00
1.744419e+01	1.220229e+00	1.386557e-04	77447512.000000	0.000000e+00
1.744618e+01	1.220081e+00	1.387772e-04	77293222.000000	0.000000e+00
1.744818e+01	1.220536e+00	1.388646e-04	77253426.000000	0.000000e+00
1.745017e+01	1.220371e+00	1.389708e-04	77114650.000000	0.000000e+00
1.745217e+01	1.220762e+00	1.390792e-04	77043720.000000	0.000000e+00
1.745416e+01	1.220882e+00	1.392118e-04	76912240.000000	0.000000e+00
1.745616e+01	1.220574e+00	1.392568e-04	76823772.000000	0.000000e+00
1.745815e+01	1.220563e+00	1.393329e-04	76738426.000000	0.000000e+00
1.746015e+01	1.220513e+00	1.394494e-04	76604032.000000	0.000000e+00
1.746214e+01	1.220931e+00	1.395723e-04	76521540.000000	0.000000e+00
1.746413e+01	1.220928e+00	1.396700e-04	76414102.000000	0.000000e+00
1.746613e+01	1.221019e+00	1.397632e-04	76323684.000000	0.000000e+00
1.746812e+01	1.221065e+00	1.398754e-04	76206988.000000	0.000000e+00
1.747012e+01	1.221211e+00	1.399844e-04	76106616.000000	0.000000e+00
1.747211e+01	1.221247e+00	1.400549e-04	76034482.000000	0.000000e+00
1.747411e+01	1.221107e+00	1.401691e-04	75893206.000000	0.000000e+00
1.747610e+01	1.221411e+00	1.402727e-04	75818826.000000	0.000000e+00
1.747810e+01	1.221670e+00	1.404003e-04	75713302.000000	0.000000e+00
1.748009e+01	1.221377e+00	1.404671e-04	75604956.000000	0.000000e+00
1.748209e+01	1.221799e+00	1.406024e-04	75511672.000000	0.000000e+00
1.748408e+01	1.221867e+00	1.407222e-04	75391504.000000	0.000000e+00
1.748608e+01	1.221834e+00	1.407935e-04	75311070.000000	0.000000e+00
1.748807e+01	1.221590e+00	1.408562e-04	75214036.000000	0.000000e+00
1.749007e+01	1.221918e+00	1.410207e-04	75078930.000000	0.000000e+00
1.749206e+01	1.221997e+00	1.411050e-04	74999002.000000	0.000000e+00
1.749405e+01	1.221641e+00	1.411735e-04	74882502.000000	0.000000e+00
1.749605e+01	1.222306e+00	1.413215e-04	74807206.000000	0.000000e+00
1.749804e+01	1.222095e+00	1.414110e-04	74686804.000000	0.000000e+00
1.750004e+01	1.222094e+00	1.414958e-04	74597070.000000	0.000000e+00
1.750203e+01	1.222121e+00	1.415889e-04	74502346.000000	0.000000e+00
1.750403e+01	1.221845e+00	1.416879e-04	74364618.000000	0.000000e+00
1.750602e+01	1.222095e+00	1.417717e-04	74307148.000000	0.000000e+00
1.750802e+01	1.222249e+00	1.419211e-04	74169564.000000	0.000000e+00
1.751001e+01	1.222307e+00	1.419999e-04	74094262.000000	0.000000e+00
1.751201e+01	1.222361e+00	1.421158e-04	73980004.000000	0.000000e+00
1.751400e+01	1.222406e+00	1.422304e-04	73866222.000000	0.000000e+00
1.751600e+01	1.222891e+00	1.423647e-04	73785466.000000	0.000000e+00
1.751799e+01	1.222373e+00	1.424313e-04	73653978.000000	0.000000e+00
1.751999e+01	1.222640e+00	1.425185e-04	73596064.000000	0.000000e+00
1.752198e+01	1.222506e+00	1.426404e-04	73454244.000000	0.000000e+00
1.752397e+01	1.222645e+00	1.427443e-04	73364014.000000	0.000000e+00
1.752597e+01	1.222738e+00	1.428211e-04	73296328.000000	0.000000e+00
1.752796e+01	1.222660e+00	1.429834e-04	73120578.000000	0.000000e+00
1.752996e+01	1.222808e+00	1.430315e-04	73089250.000000	0.000000e+00
1.753195e+01	1.222792e+00	1.431575e-04	72958686.000000	0.000000e+00
1.753395e+01	1.222818e+00	1.432561e-04	72861412.000000	0.000000e+00
1.753594e+01	1.222653e+00	1.433461e-04	72750220.000000	0.000000e+00
1.753794e+01	1.222730e+00	1.434550e-04	72649014.000000	0.000000e+00
1.753993e+01	1.222972e+00	1.435658e-04	72565564.000000	0.000000e+00
1.754193e+01	1.222628e+00	1.436650e-04	72424704.000000	0.000000e+00
1.754392e+01	1.222958e+00	1.437710e-04	72357016.000000	0.000000e+00
1.754592e+01	1.222755e+00	1.438552e-04	72248238.000000	0.000000e+00
1.754791e+01	1.223141e+00	1.440120e-04	72136636.000000	0.000000e+00
1.754990e+01	1.222821e+00	1.440661e-04	72044680.000000	0.000000e+00
1.755190e+01	1.222958e+00	1.442150e-04	71912160.000000	0.000000e+00
1.755389e+01	1.222952e+00	1.442646e-04	71861986.000000	0.000000e+00
1.755589e+01	1.222766e+00	1.443782e-04	71727144.000000	0.000000e+00
1.755788e+01	1.222892e+00	1.444863e-04	71634640.000000	0.000000e+00
1.755988e+01	1.223115e+00	1.446200e-04	71528334.000000	0.000000e+00
1.756187e+01	1.222944e+00	1.447176e-04	71411968.000000	0.000000e+00
1.756387e+01	1.223273e+00	1.448275e-04	71341864.000000	0.000000e+00
1.756586e+01	1.222907e+00	1.449317e-04	71196708.000000	0.000000e+00
1.756786e+01	1.222862e+00	1.450086e-04	71116066.000000	0.000000e+00
1.756985e+01	1.223188e+00	1.451324e-04	71032656.000000	0.000000e+00
1.757185e+01	1.222920e+00	1.452310e-04	70905088.000000	0.000000e+00
1.757384e+01	1.222836e+00	1.453357e-04	70793226.000000	0.000000e+00
1.757583e+01	1.222717e+00	1.453964e-04	70720294.000000	0.000000e+00
1.757783e+01	1.223266e+00	1.455797e-04	70605754.000000	0.000000e+00
1.757982e+01	1.223027e+00	1.456694e-04	70491348.000000	0.000000e+00
1.758182e+01	1.222834e+00	1.457457e-04	70395262.000000	0.000000e+00
1.758381e+01	1.223101e+00	1.458587e-04	70316952.000000	0.000000e+00
1.758581e+01	1.222481e+00	1.459378e-04	70169584.000000	0.000000e+00
1.758780e+01	1.223107e+00	1.460789e-04	70105762.000000	0.000000e+00
1.758980e+01	1.222648e+00	1.461653e-04	69970422.000000	0.000000e+00
1.759179e+01	1.222796e+00	1.462674e-04	69889630.000000	0.000000e+00
1.759379e+01	1.222890e+00	1.463761e-04	69796692.000000	0.000000e+00
1.759578e+01	1.222778e+00	1.465209e-04	69645970.000000	0.000000e+00
1.759778e+01	1.222964e+00	1.465807e-04	69610356.000000	0.000000e+00
1.759977e+01	1.222440e+00	1.466856e-04	69451300.000000	0.000000e+00
1.760177e+01	1.222513e+00	1.467815e-04	69368758.000000	0.000000e+00
1.760376e+01	1.222596e+00	1.468903e-04	69275502.000000	0.000000e+00
1.760575e+01	1.222526e+00	1.470118e-04	69153154.000000	0.000000e+00
1.760775e+01	1.222621e+00	1.471104e-04	69071136.000000	0.000000e+00
1.760974e+01	1.222158e+00	1.472047e-04	68930458.000000	0.000000e+00
1.761174e+01	1.222434e+00	1.472910e-04	68880756.000000	0.000000e+00
1.761373e+01	1.222117e+00	1.474036e-04	68739904.000000	0.000000e+00
1.761573e+01	1.222542e+00	1.475452e-04	68655754.000000	0.000000e+00
1.761772e+01	1.222126e+00	1.476131e-04	68545962.000000	0.000000e+00
1.761972e+01	1.221743e+00	1.477033e-04	68419366.000000	0.000000e+00
1.762171e+01	1.222242e+00	1.478149e-04	68371968.000000	0.000000e+00
1.762371e+01	1.221854e+00	1.479463e-04	68207200.000000	0.000000e+00
1.762570e+01	1.222175e+00	1.480553e-04	68142682.000000	0.000000e+00
1.762770e+01	1.221891e+00	1.481415e-04	68031744.000000	0.000000e+00
1.762969e+01	1.221769e+00	1.482633e-04	67906438.000000	0.000000e+00
1.763169e+01	1.222245e+00	1.483978e-04	67836282.000000	0.000000e+00
1.763368e+01	1.221585e+00	1.484722e-04	67695046.000000	0.000000e+00
1.763567e+01	1.221947e+00	1.485873e-04	67630296.000000	0.000000e+00
1.763767e+01	1.221596e+00	1.486839e-04	67503652.000000	0.000000e+00
1.763966e+01	1.221562e+00	1.487719e-04	67420090.000000	0.000000e+00
1.764166e+01	1.221447e+00	1.488818e-04	67307868.000000	0.000000e+00
1.764365e+01	1.221074e+00	1.489863e-04	67172446.000000	0.000000e+00
1.764565e+01	1.221314e+00	1.490686e-04	67124706.000000	0.000000e+00
1.764764e+01	1.220872e+00	1.491817e-04	66974518.000000	0.000000e+00
1.764964e+01	1.221174e+00	1.492850e-04	66914910.000000	0.000000e+00
1.765163e+01	1.220789e+00	1.494053e-04	66764998.000000	0.000000e+00
1.765363e+01	1.220894e+00	1.495088e-04	66684154.000000	0.000000e+00
1.765562e+01	1.220829e+00	1.496092e-04	66587544.000000	0.000000e+00
1.765762e+01	1.220304e+00	1.497023e-04	66447568.000000	0.000000e+00
1.765961e+01	1.220374e+00	1.497824e-04	66384204.000000	0.000000e+00
1.766160e+01	1.220430e+00	1.499223e-04	66266374.000000	0.000000e+00
1.766360e+01	1.220122e+00	1.500089e-04	66156450.000000	0.000000e+00
1.766559e+01	1.220166e+00	1.501044e-04	66077080.000000	0.000000e+00
1.766759e+01	1.219764e+00	1.502199e-04	65932078.000000	0.000000e+00
1.766958e+01	1.220324e+00	1.503492e-04	65879232.000000	0.000000e+00
1.767158e+01	1.219628e+00	1.504263e-04	65736652.000000	0.000000e+00
1.767357e+01	1.219890e+00	1.505405e-04	65665104.000000	0.000000e+00
1.767557e+01	1.219281e+00	1.506358e-04	65516590.000000	0.000000e+00
1.767756e+01	1.219200e+00	1.507326e-04	65423686.000000	0.000000e+00
1.767956e+01	1.219767e+00	1.508841e-04	65353158.000000	0.000000e+00
1.768155e+01	1.219287e+00	1.509946e-04	65206222.000000	0.000000e+00
1.768355e+01	1.219203e+00	1.510657e-04	65135856.000000	0.000000e+00
1.768554e+01	1.218839e+00	1.511578e-04	65017684.000000	0.000000e+00
1.768754e+01	1.218647e+00	1.512424e-04	64924488.000000	0.000000e+00
1.768953e+01	1.218471e+00	1.513577e-04	64806862.000000	0.000000e+00
1.769152e+01	1.218221e+00	1.514679e-04	64686100.000000	0.000000e+00
1.769352e+01	1.218598e+00	1.515946e-04	64618032.000000	0.000000e+00
1.769551e+01	1.217939e+00	1.516531e-04	64498354.000000	0.000000e+00
1.769751e+01	1.217950e+00	1.517564e-04	64411692.000000	0.000000e+00
1.769950e+01	1.217802e+00	1.519014e-04	64273192.000000	0.000000e+00
1.770150e+01	1.217421e+00	1.519629e-04	64180986.000000	0.000000e+00
1.770349e+01	1.217645e+00	1.520839e-04	64102540.000000	0.000000e+00
1.770549e+01	1.217165e+00	1.521943e-04	63958996.000000	0.000000e+00
1.770748e+01	1.217293e+00	1.523067e-04	63878148.000000	0.000000e+00
1.770948e+01	1.216949e+00	1.523821e-04	63778846.000000	0.000000e+00
1.771147e+01	1.216885e+00	1.525065e-04	63668208.000000	0.000000e+00
1.771347e+01	1.216629e+00	1.526109e-04	63554308.000000	0.000000e+00
1.771546e+01	1.215972e+00	1.526695e-04	63436926.000000	0.000000e+00
1.771745e+01	1.216417e+00	1.528070e-04	63369220.000000	0.000000e+00
1.771945e+01	1.215895e+00	1.528930e-04	63243628.000000	0.000000e+00
1.772144e+01	1.215866e+00	1.530108e-04	63143268.000000	0.000000e+00
1.772344e+01	1.215690e+00	1.531244e-04	63031450.000000	0.000000e+00
1.772543e+01	1.215222e+00	1.531796e-04	62937462.000000	0.000000e+00
1.772743e+01	1.215426e+00	1.533227e-04	62841106.000000	0.000000e+00
1.772942e+01	1.214778e+00	1.534143e-04	62699230.000000	0.000000e+00
1.773142e+01	1.215103e+00	1.535241e-04	62643072.000000	0.000000e+00
1.773341e+01	1.214365e+00	1.536004e-04	62504836.000000	0.000000e+00
1.773541e+01	1.214393e+00	1.537141e-04	62415324.000000	0.000000e+00
1.773740e+01	1.214087e+00	1.538162e-04	62301118.000000	0.000000e+00
1.773940e+01	1.213655e+00	1.538975e-04	62190960.000000	0.000000e+00
1.774139e+01	1.214004e+00	1.540425e-04	62109712.000000	0.000000e+00
1.774339e+01	1.213282e+00	1.541036e-04	61986622.000000	0.000000e+00
1.774538e+01	1.213020e+00	1.542120e-04	61872792.000000	0.000000e+00
1.774737e+01	1.212712e+00	1.542903e-04	61778668.000000	0.000000e+00
1.774937e+01	1.212345e+00	1.543550e-04	61689474.000000	0.000000e+00
1.775136e+01	1.212671e+00	1.545555e-04	61562560.000000	0.000000e+00
1.775336e+01	1.212318e+00	1.546369e-04	61461996.000000	0.000000e+00
1.775535e+01	1.211887e+00	1.546843e-04	61380700.000000	0.000000e+00
1.775735e+01	1.211348e+00	1.547837e-04	61247350.000000	0.000000e+00
1.775934e+01	1.211328e+00	1.548944e-04	61157904.000000	0.000000e+00
1.776134e+01	1.211019e+00	1.550097e-04	61035784.000000	0.000000e+00
1.776333e+01	1.210801e+00	1.550943e-04	60947274.000000	0.000000e+00
1.776533e+01	1.210627e+00	1.552101e-04	60838816.000000	0.000000e+00
1.776732e+01	1.210368e+00	1.553293e-04	60719460.000000	0.000000e+00
1.776932e+01	1.209853e+00	1.553766e-04	60630928.000000	0.000000e+00
1.777131e+01	1.209956e+00	1.555077e-04	60539024.500000	0.000000e+00
1.777331e+01	1.209037e+00	1.555659e-04	60401880.000000	0.000000e+00
1.777530e+01	1.209296e+00	1.557256e-04	60303889.000000	0.000000e+00
1.777729e+01	1.208713e+00	1.557426e-04	60232623.000000	0.000000e+00
1.777929e+01	1.208721e+00	1.559019e-04	60110368.000000	0.000000e+00
1.778128e+01	1.208302e+00	1.559638e-04	60020980.000000	0.000000e+00
1.778328e+01	1.208358e+00	1.560989e-04	59922726.000000	0.000000e+00
1.778527e+01	1.208417e+00	1.562415e-04	59819161.000000	0.000000e+00
1.778727e+01	1.207988e+00	1.562972e-04	59734134.000000	0.000000e+00
1.778926e+01	1.207691e+00	1.564031e-04	59623951.000000	0.000000e+00
1.779126e+01	1.207656e+00	1.565200e-04	59531517.000000	0.000000e+00
1.779325e+01	1.207500e+00	1.566132e-04	59445286.000000	0.000000e+00
1.779525e+01	1.207664e+00	1.567749e-04	59338894.000000	0.000000e+00
1.779724e+01	1.207000e+00	1.568207e-04	59239044.000000	0.000000e+00
1.779924e+01	1.206871e+00	1.569073e-04	59160940.000000	0.000000e+00
1.780123e+01	1.206559e+00	1.569784e-04	59076873.000000	0.000000e+00
1.780322e+01	1.206874e+00	1.571731e-04	58961377.000000	0.000000e+00
1.780522e+01	1.206691e+00	1.572588e-04	58879254.000000	0.000000e+00
1.780721e+01	1.206223e+00	1.573217e-04	58786558.000000	0.000000e+00
1.780921e+01	1.206212e+00	1.574374e-04	58699138.000000	0.000000e+00
1.781120e+01	1.206140e+00	1.575657e-04	58596543.000000	0.000000e+00
1.781320e+01	1.205730e+00	1.576372e-04	58503628.000000	0.000000e+00
1.781519e+01	1.205854e+00	1.577504e-04	58431759.000000	0.000000e+00
1.781719e+01	1.205655e+00	1.578738e-04	58321144.000000	0.000000e+00
1.781918e+01	1.205722e+00	1.580046e-04	58231117.000000	0.000000e+00
1.782118e+01	1.205354e+00	1.580466e-04	58164636.000000	0.000000e+00
1.782317e+01	1.205597e+00	1.582192e-04	58061221.000000	0.000000e+00
1.782517e+01	1.204944e+00	1.582691e-04	57961725.000000	0.000000e+00
1.782716e+01	1.205174e+00	1.584125e-04	57878902.000000	0.000000e+00
1.782916e+01	1.204983e+00	1.584915e-04	57802941.000000	0.000000e+00
1.783115e+01	1.205215e+00	1.586690e-04	57695938.000000	0.000000e+00
1.783314e+01	1.204900e+00	1.587288e-04	57622282.000000	0.000000e+00
1.783514e+01	1.204687e+00	1.588416e-04	57520134.000000	0.000000e+00
1.783713e+01	1.204596e+00	1.589333e-04	57445042.000000	0.000000e+00
1.783913e+01	1.204881e+00	1.590964e-04	57354519.000000	0.000000e+00
1.784112e+01	1.204776e+00	1.592076e-04	57264463.000000	0.000000e+00
1.784312e+01	1.204523e+00	1.592971e-04	57176082.000000	0.000000e+00
1.784511e+01	1.204652e+00	1.594310e-04	57092311.000000	0.000000e+00
1.784711e+01	1.204095e+00	1.594762e-04	57007156.000000	0.000000e+00
1.784910e+01	1.204440e+00	1.596578e-04	56910207.000000	0.000000e+00
1.785110e+01	1.203959e+00	1.596942e-04	56838871.000000	0.000000e+00
1.785309e+01	1.204159e+00	1.598480e-04	56748324.000000	0.000000e+00
1.785509e+01	1.203679e+00	1.598978e-04	56667859.000000	0.000000e+00
1.785708e+01	1.204090e+00	1.601078e-04	56557872.000000	0.000000e+00
1.785907e+01	1.203764e+00	1.601419e-04	56503144.000000	0.000000e+00
1.786107e+01	1.203715e+00	1.602762e-04	56403916.000000	0.000000e+00
1.786306e+01	1.203674e+00	1.603958e-04	56316000.000000	0.000000e+00
1.786506e+01	1.203909e+00	1.605396e-04	56237140.000000	0.000000e+00
1.786705e+01	1.203310e+00	1.605733e-04	56157609.000000	0.000000e+00
1.786905e+01	1.203567e+00	1.607398e-04	56065300.000000	0.000000e+00
1.787104e+01	1.203452e+00	1.608412e-04	55983925.000000	0.000000e+00
1.787304e+01	1.203216e+00	1.609285e-04	55901268.000000	0.000000e+00
1.787503e+01	1.203240e+00	1.610408e-04	55825501.000000	0.000000e+00
1.787703e+01	1.203189e+00	1.611749e-04	55727913.000000	0.000000e+00
1.787902e+01	1.202952e+00	1.612580e-04	55648591.000000	0.000000e+00
1.788102e+01	1.203066e+00	1.613906e-04	55567668.000000	0.000000e+00
1.788301e+01	1.203225e+00	1.615295e-04	55486834.000000	0.000000e+00
1.788501e+01	1.202722e+00	1.615779e-04	55407253.000000	0.000000e+00
1.788700e+01	1.202856e+00	1.617172e-04	55324161.000000	0.000000e+00
1.788899e+01	1.202849e+00	1.618517e-04	55231585.000000	0.000000e+00
1.789099e+01	1.202998e+00	1.619739e-04	55161945.000000	0.000000e+00
1.789298e+01	1.202763e+00	1.620827e-04	55066366.000000	0.000000e+00
1.789498e+01	1.202790e+00	1.621876e-04	54997701.000000	0.000000e+00
1.789697e+01	1.202564e+00	1.622689e-04	54921910.000000	0.000000e+00
1.789897e+01	1.202791e+00	1.624467e-04	54822457.000000	0.000000e+00
1.790096e+01	1.202664e+00	1.625513e-04	54740370.000000	0.000000e+00
1.790296e+01	1.202241e+00	1.625984e-04	54670162.000000	0.000000e+00
1.790495e+01	1.202725e+00	1.627763e-04	54594726.000000	0.000000e+00
1.790695e+01	1.202425e+00	1.628782e-04	54499165.000000	0.000000e+00
1.790894e+01	1.202463e+00	1.629957e-04	54424110.000000	0.000000e+00
1.791094e+01	1.202331e+00	1.630806e-04	54355510.000000	0.000000e+00
1.791293e+01	1.202329e+00	1.632082e-04	54270334.000000	0.000000e+00
1.791493e+01	1.202414e+00	1.633509e-04	54183222.000000	0.000000e+00
1.791692e+01	1.202549e+00	1.634843e-04	54106951.000000	0.000000e+00
1.791891e+01	1.202105e+00	1.635405e-04	54029862.000000	0.000000e+00
1.792091e+01	1.202403e+00	1.637040e-04	53948734.000000	0.000000e+00
1.792290e+01	1.202071e+00	1.637801e-04	53868910.000000	0.000000e+00
1.792490e+01	1.202198e+00	1.639145e-04	53791911.000000	0.000000e+00
1.792689e+01	1.202499e+00	1.640833e-04	53708182.000000	0.000000e+00
1.792889e+01	1.201986e+00	1.641164e-04	53640690.000000	0.000000e+00
1.793088e+01	1.202097e+00	1.642767e-04	53546059.000000	0.000000e+00
1.793288e+01	1.202048e+00	1.643743e-04	53478030.000000	0.000000e+00
1.793487e+01	1.201883e+00	1.644679e-04	53402623.000000	0.000000e+00
1.793687e+01	1.202127e+00	1.646408e-04	53312083.000000	0.000000e+00
1.793886e+01	1.202123e+00	1.647461e-04	53243646.000000	0.000000e+00
1.794086e+01	1.201961e+00	1.648590e-04	53156395.000000	0.000000e+00
1.794285e+01	1.201922e+00	1.649303e-04	53106975.000000	0.000000e+00
1.794485e+01	1.201852e+00	1.650871e-04	53000011.000000	0.000000e+00
1.794684e+01	1.201981e+00	1.652239e-04	52923678.000000	0.000000e+00
1.794883e+01	1.202287e+00	1.653478e-04	52871239.000000	0.000000e+00
1.795083e+01	1.201967e+00	1.654666e-04	52767283.000000	0.000000e+00
1.795282e+01	1.202037e+00	1.655894e-04	52695135.000000	0.000000e+00
1.795482e+01	1.201807e+00	1.656662e-04	52626115.000000	0.000000e+00
1.795681e+01	1.201894e+00	1.657901e-04	52555167.000000	0.000000e+00
1.795881e+01	1.202028e+00	1.659369e-04	52473931.000000	0.000000e+00
1.796080e+01	1.201916e+00	1.660707e-04	52379611.000000	0.000000e+00
1.796280e+01	1.201355e+00	1.660827e-04	52323123.000000	0.000000e+00
1.796479e+01	1.202073e+00	1.663059e-04	52245160.000000	0.000000e+00
1.796679e+01	1.201842e+00	1.664052e-04	52162827.000000	0.000000e+00
1.796878e+01	1.201741e+00	1.665181e-04	52083367.000000	0.000000e+00
1.797078e+01	1.201702e+00	1.665993e-04	52029243.000000	0.000000e+00
1.797277e+01	1.201947e+00	1.667870e-04	51933364.000000	0.000000e+00
1.797476e+01	1.201666e+00	1.668734e-04	51855307.000000	0.000000e+00
1.797676e+01	1.202037e+00	1.670160e-04	51798783.000000	0.000000e+00
1.797875e+01	1.201689e+00	1.671161e-04	51706756.000000	0.000000e+00
1.798075e+01	1.201855e+00	1.672372e-04	51646155.000000	0.000000e+00
1.798274e+01	1.201805e+00	1.673704e-04	51559744.000000	0.000000e+00
1.798474e+01	1.202015e+00	1.675066e-04	51493863.000000	0.000000e+00
1.798673e+01	1.201737e+00	1.676155e-04	51403204.000000	0.000000e+00
1.798873e+01	1.201684e+00	1.676977e-04	51348343.000000	0.000000e+00
1.799072e+01	1.201560e+00	1.678349e-04	51253848.000000	0.000000e+00
1.799272e+01	1.202062e+00	1.679846e-04	51205339.000000	0.000000e+00
1.799471e+01	1.201569e+00	1.680495e-04	51123804.000000	0.000000e+00
1.799671e+01	1.201745e+00	1.682278e-04	51030352.000000	0.000000e+00
1.799870e+01	1.202186e+00	1.683893e-04	50969967.000000	0.000000e+00
1.800070e+01	1.201772e+00	1.684431e-04	50902360.000000	0.000000e+00
1.800269e+01	1.201690e+00	1.685727e-04	50817160.000000	0.000000e+00
1.800468e+01	1.202135e+00	1.687451e-04	50750943.000000	0.000000e+00
1.800668e+01	1.201761e+00	1.688090e-04	50680948.000000	0.000000e+00
1.800867e+01	1.201780e+00	1.689415e-04	50603100.000000	0.000000e+00
1.801067e+01	1.201605e+00	1.690529e-04	50521684.000000	0.000000e+00
1.801266e+01	1.201832e+00	1.692009e-04	50452456.000000	0.000000e+00
1.801466e+01	1.201763e+00	1.692839e-04	50397156.000000	0.000000e+00
1.801665e+01	1.201993e+00	1.694692e-04	50306260.000000	0.000000e+00
1.801865e+01	1.201905e+00	1.695853e-04	50230080.000000	0.000000e+00
1.802064e+01	1.201833e+00	1.696691e-04	50174479.000000	0.000000e+00
1.802264e+01	1.201914e+00	1.698230e-04	50090316.000000	0.000000e+00
1.802463e+01	1.202080e+00	1.699658e-04	50020024.000000	0.000000e+00
1.802663e+01	1.202107e+00	1.700863e-04	49951369.000000	0.000000e+00
1.802862e+01	1.202051e+00	1.701923e-04	49884552.000000	0.000000e+00
1.803061e+01	1.201898e+00	1.703161e-04	49799344.000000	0.000000e+00
1.803261e+01	1.202197e+00	1.704612e-04	49739364.000000	0.000000e+00
1.803460e+01	1.202045e+00	1.705787e-04	49658296.000000	0.000000e+00
1.803660e+01	1.202187e+00	1.707072e-04	49595220.000000	0.000000e+00
1.803859e+01	1.202238e+00	1.708351e-04	49525252.000000	0.000000e+00
1.804059e+01	1.202181e+00	1.709733e-04	49440520.000000	0.000000e+00
1.804258e+01	1.202257e+00	1.710935e-04	49377309.000000	0.000000e+00
1.804458e+01	1.202096e+00	1.711885e-04	49309348.000000	0.000000e+00
1.804657e+01	1.202248e+00	1.713381e-04	49235700.000000	0.000000e+00
1.804857e+01	1.201905e+00	1.714424e-04	49147756.000000	0.000000e+00
1.805056e+01	1.202359e+00	1.715947e-04	49097577.000000	0.000000e+00
1.805256e+01	1.202548e+00	1.717228e-04	49039816.000000	0.000000e+00
1.805455e+01	1.202337e+00	1.718498e-04	48950188.000000	0.000000e+00
1.805655e+01	1.202466e+00	1.720116e-04	48868593.000000	0.000000e+00
1.805854e+01	1.202153e+00	1.720367e-04	48828904.000000	0.000000e+00
1.806053e+01	1.202501e+00	1.722411e-04	48741288.000000	0.000000e+00
1.806253e+01	1.202310e+00	1.723465e-04	48666247.000000	0.000000e+00
1.806452e+01	1.202819e+00	1.725362e-04	48600412.000000	0.000000e+00
1.806652e+01	1.202387e+00	1.726032e-04	48527841.000000	0.000000e+00
1.806851e+01	1.202304e+00	1.727004e-04	48466588.000000	0.000000e+00
1.807051e+01	1.202688e+00	1.728814e-04	48395997.000000	0.000000e+00
1.807250e+01	1.203184e+00	1.730979e-04	48314812.000000	0.000000e+00
1.807450e+01	1.202701e+00	1.731354e-04	48255177.000000	0.000000e+00
1.807649e+01	1.202842e+00	1.732672e-04	48193072.000000	0.000000e+00
1.807849e+01	1.202604e+00	1.733720e-04	48115765.000000	0.000000e+00
1.808048e+01	1.202749e+00	1.735291e-04	48040236.000000	0.000000e+00
1.808248e+01	1.202869e+00	1.736373e-04	47990005.000000	0.000000e+00
1.808447e+01	1.202714e+00	1.737732e-04	47902596.000000	0.000000e+00
1.808646e+01	1.202555e+00	1.738562e-04	47844193.000000	0.000000e+00
1.808846e+01	1.202924e+00	1.740472e-04	47768541.000000	0.000000e+00
1.809045e+01	1.202902e+00	1.741594e-04	47705320.000000	0.000000e+00
1.809245e+01	1.203284e+00	1.743355e-04	47639197.000000	0.000000e+00
1.809444e+01	1.203097e+00	1.744571e-04	47558061.000000	0.000000e+00
1.809644e+01	1.202686e+00	1.745128e-04	47495248.000000	0.000000e+00
1.809843e+01	1.203118e+00	1.746682e-04	47444769.000000	0.000000e+00
1.810043e+01	1.202905e+00	1.748061e-04	47353189.000000	0.000000e+00
1.810242e+01	1.203345e+00	1.749987e-04	47283633.000000	0.000000e+00
1.810442e+01	1.203424e+00	1.750908e-04	47240116.000000	0.000000e+00
1.810641e+01	1.203114e+00	1.752128e-04	47150017.000000	0.000000e+00
1.810841e+01	1.203301e+00	1.753479e-04	47092077.000000	0.000000e+00
1.811040e+01	1.203724e+00	1.755471e-04	47018245.000000	0.000000e+00
1.811240e+01	1.203100e+00	1.755656e-04	46959573.000000	0.000000e+00
1.811439e+01	1.203818e+00	1.757956e-04	46892788.000000	0.000000e+00
1.811638e+01	1.203747e+00	1.759265e-04	46817461.000000	0.000000e+00
1.811838e+01	1.203606e+00	1.760338e-04	46749465.000000	0.000000e+00
1.812037e+01	1.203919e+00	1.761780e-04	46697233.000000	0.000000e+00
1.812237e+01	1.203738e+00	1.762911e-04	46623297.000000	0.000000e+00
1.812436e+01	1.203699e+00	1.764484e-04	46537261.000000	0.000000e+00
1.812636e+01	1.204170e+00	1.765795e-04	46504497.000000	0.000000e+00
1.812835e+01	1.204080e+00	1.767364e-04	46415065.000000	0.000000e+00
1.813035e+01	1.203925e+00	1.768473e-04	46344877.000000	0.000000e+00
1.813234e+01	1.203838e+00	1.769388e-04	46290333.000000	0.000000e+00
1.813434e+01	1.203742e+00	1.770485e-04	46225573.000000	0.000000e+00
1.813633e+01	1.203940e+00	1.772125e-04	46155261.000000	0.000000e+00
1.813833e+01	1.204219e+00	1.773918e-04	46083373.000000	0.000000e+00
1.814032e+01	1.204220e+00	1.775161e-04	46018917.000000	0.000000e+00
1.814231e+01	1.204166e+00	1.776201e-04	45960865.000000	0.000000e+00
1.814431e+01	1.204262e+00	1.777546e-04	45898669.000000	0.000000e+00
1.814630e+01	1.204750e+00	1.780078e-04	45805245.000000	0.000000e+00
1.814830e+01	1.204621e+00	1.780517e-04	45772909.000000	0.000000e+00
1.815029e+01	1.204781e+00	1.782208e-04	45698229.000000	0.000000e+00
1.815229e+01	1.204907e+00	1.783856e-04	45623425.000000	0.000000e+00
1.815428e+01	1.204737e+00	1.784974e-04	45553393.000000	0.000000e+00
1.815628e+01	1.204657e+00	1.785703e-04	45510141.000000	0.000000e+00
1.815827e+01	1.204921e+00	1.787718e-04	45427549.000000	0.000000e+00
1.816027e+01	1.205056e+00	1.789017e-04	45371793.000000	0.000000e+00
1.816226e+01	1.204796e+00	1.790190e-04	45292738.000000	0.000000e+00
1.816426e+01	1.204923e+00	1.791359e-04	45243189.000000	0.000000e+00
1.816625e+01	1.205228e+00	1.793221e-04	45172105.000000	0.000000e+00
1.816825e+01	1.204901e+00	1.794076e-04	45104677.000000	0.000000e+00
1.817024e+01	1.205154e+00	1.795745e-04	45039753.000000	0.000000e+00
1.817223e+01	1.205305e+00	1.797120e-04	44982151.000000	0.000000e+00
1.817423e+01	1.205193e+00	1.798342e-04	44912622.000000	0.000000e+00
1.817622e+01	1.205350e+00	1.799911e-04	44846077.000000	0.000000e+00
1.817822e+01	1.205352e+00	1.801031e-04	44790453.000000	0.000000e+00
1.818021e+01	1.205428e+00	1.802589e-04	44718709.000000	0.000000e+00
1.818221e+01	1.205641e+00	1.804065e-04	44661358.000000	0.000000e+00
1.818420e+01	1.205549e+00	1.805556e-04	44580813.000000	0.000000e+00
1.818620e+01	1.205654e+00	1.806595e-04	44537317.000000	0.000000e+00
1.818819e+01	1.205553e+00	1.807760e-04	44472438.000000	0.000000e+00
1.819019e+01	1.205926e+00	1.810054e-04	44387233.000000	0.000000e+00
1.819218e+01	1.206105e+00	1.811327e-04	44338077.000000	0.000000e+00
1.819418e+01	1.205665e+00	1.811889e-04	44278234.000000	0.000000e+00
1.819617e+01	1.205911e+00	1.813633e-04	44211097.000000	0.000000e+00
1.819817e+01	1.205967e+00	1.815130e-04	44142333.000000	0.000000e+00
1.820016e+01	1.206084e+00	1.816606e-04	44079226.000000	0.000000e+00
1.820215e+01	1.206226e+00	1.817811e-04	44031141.000000	0.000000e+00
1.820415e+01	1.206482e+00	1.819919e-04	43947853.000000	0.000000e+00
1.820614e+01	1.206476e+00	1.820971e-04	43896622.000000	0.000000e+00
1.820814e+01	1.206536e+00	1.822502e-04	43827261.000000	0.000000e+00
1.821013e+01	1.206394e+00	1.823431e-04	43772326.000000	0.000000e+00
1.821213e+01	1.207151e+00	1.826160e-04	43696377.000000	0.000000e+00
1.821412e+01	1.206908e+00	1.826803e-04	43648057.000000	0.000000e+00
1.821612e+01	1.206652e+00	1.827718e-04	43585842.000000	0.000000e+00
1.821811e+01	1.206306e+00	1.828645e-04	43516717.000000	0.000000e+00
1.822011e+01	1.207098e+00	1.831180e-04	43453354.000000	0.000000e+00
1.822210e+01	1.207078e+00	1.832392e-04	43394373.000000	0.000000e+00
1.822410e+01	1.207199e+00	1.834041e-04	43325086.000000	0.000000e+00
1.822609e+01	1.207101e+00	1.834985e-04	43273509.000000	0.000000e+00
1.822808e+01	1.207342e+00	1.837042e-04	43193938.000000	0.000000e+00
1.823008e+01	1.207450e+00	1.838134e-04	43150341.000000	0.000000e+00
1.823207e+01	1.207769e+00	1.839850e-04	43092598.000000	0.000000e+00
1.823407e+01	1.207540e+00	1.841121e-04	43016821.000000	0.000000e+00
1.823606e+01	1.207673e+00	1.842997e-04	42938730.000000	0.000000e+00
1.823806e+01	1.207899e+00	1.844010e-04	42907657.000000	0.000000e+00
1.824005e+01	1.207815e+00	1.845355e-04	42839130.000000	0.000000e+00
1.824205e+01	1.207699e+00	1.846659e-04	42770506.000000	0.000000e+00
1.824404e+01	1.207643e+00	1.848091e-04	42700257.000000	0.000000e+00
1.824604e+01	1.208038e+00	1.849488e-04	42663670.000000	0.000000e+00
1.824803e+01	1.208164e+00	1.851332e-04	42587593.000000	0.000000e+00
1.825003e+01	1.208117e+00	1.852754e-04	42518958.000000	0.000000e+00
1.825202e+01	1.208258e+00	1.854066e-04	42468742.000000	0.000000e+00
1.825402e+01	1.208166e+00	1.855091e-04	42415353.000000	0.000000e+00
1.825601e+01	1.208421e+00	1.857156e-04	42338902.000000	0.000000e+00
1.825800e+01	1.208784e+00	1.859194e-04	42271507.000000	0.000000e+00
1.826000e+01	1.208404e+00	1.859459e-04	42232902.000000	0.000000e+00
1.826199e+01	1.209077e+00	1.862033e-04	42163174.000000	0.000000e+00
1.826399e+01	1.208815e+00	1.863121e-04	42095673.000000	0.000000e+00
1.826598e+01	1.209266e+00	1.865041e-04	42040450.000000	0.000000e+00
1.826798e+01	1.209267e+00	1.866313e-04	41983158.000000	0.000000e+00
1.826997e+01	1.208542e+00	1.866584e-04	41920657.000000	0.000000e+00
1.827197e+01	1.209335e+00	1.869304e-04	41853658.000000	0.000000e+00
1.827396e+01	1.209264e+00	1.870413e-04	41799162.000000	0.000000e+00
1.827596e+01	1.209107e+00	1.871402e-04	41744110.000000	0.000000e+00
1.827795e+01	1.209398e+00	1.873327e-04	41678385.000000	0.000000e+00
1.827995e+01	1.209627e+00	1.875163e-04	41612626.000000	0.000000e+00
1.828194e+01	1.210027e+00	1.876993e-04	41559030.000000	0.000000e+00
1.828394e+01	1.210080e+00	1.878323e-04	41503789.000000	0.000000e+00
1.828593e+01	1.209760e+00	1.879270e-04	41440054.000000	0.000000e+00
1.828792e+01	1.210013e+00	1.881295e-04	41368194.000000	0.000000e+00
1.828992e+01	1.210063e+00	1.882280e-04	41328310.000000	0.000000e+00
1.829191e+01	1.210339e+00	1.884313e-04	41257998.000000	0.000000e+00
1.829391e+01	1.210686e+00	1.886270e-04	41196013.000000	0.000000e+00
1.829590e+01	1.210654e+00	1.887615e-04	41135130.000000	0.000000e+00
1.829790e+01	1.210536e+00	1.888603e-04	41084098.000000	0.000000e+00
1.829989e+01	1.210494e+00	1.889797e-04	41029378.000000	0.000000e+00
1.830189e+01	1.210951e+00	1.892221e-04	40955262.000000	0.000000e+00
1.830388e+01	1.210618e+00	1.892954e-04	40901005.000000	0.000000e+00
1.830588e+01	1.210752e+00	1.894224e-04	40855254.000000	0.000000e+00
1.830787e+01	1.210694e+00	1.895976e-04	40775878.000000	0.000000e+00
1.830987e+01	1.211109e+00	1.897708e-04	40729354.000000	0.000000e+00
1.831186e+01	1.211094e+00	1.898929e-04	40675998.000000	0.000000e+00
1.831385e+01	1.211272e+00	1.900934e-04	40602154.000000	0.000000e+00
1.831585e+01	1.211726e+00	1.902866e-04	40550109.000000	0.000000e+00
1.831784e+01	1.211446e+00	1.903916e-04	40486714.000000	0.000000e+00
1.831984e+01	1.211683e+00	1.905419e-04	40438698.000000	0.000000e+00
1.832183e+01	1.212184e+00	1.907696e-04	40375534.000000	0.000000e+00
1.832383e+01	1.211874e+00	1.908755e-04	40310146.000000	0.000000e+00
1.832582e+01	1.212207e+00	1.910535e-04	40257186.000000	0.000000e+00
1.832782e+01	1.212072e+00	1.911519e-04	40206850.000000	0.000000e+00
1.832981e+01	1.212031e+00	1.913013e-04	40141350.000000	0.000000e+00
1.833181e+01	1.212402e+00	1.915021e-04	40081672.000000	0.000000e+00
1.833380e+01	1.212523e+00	1.916636e-04	40022166.000000	0.000000e+00
1.833580e+01	1.212526e+00	1.917713e-04	39977422.000000	0.000000e+00
1.833779e+01	1.212681e+00	1.919749e-04	39902833.000000	0.000000e+00
1.833978e+01	1.212232e+00	1.920494e-04	39842394.000000	0.000000e+00
1.834178e+01	1.213042e+00	1.922755e-04	39801862.000000	0.000000e+00
1.834377e+01	1.213548e+00	1.924980e-04	39743106.000000	0.000000e+00
1.834577e+01	1.213135e+00	1.925982e-04	39674722.000000	0.000000e+00
1.834776e+01	1.213330e+00	1.927768e-04	39613942.000000	0.000000e+00
1.834976e+01	1.213229e+00	1.928614e-04	39572634.000000	0.000000e+00
1.835175e+01	1.213439e+00	1.930534e-04	39507622.000000	0.000000e+00
1.835375e+01	1.213750e+00	1.932707e-04	39439050.000000	0.000000e+00
1.835574e+01	1.213764e+00	1.933880e-04	39392134.000000	0.000000e+00
1.835774e+01	1.213961e+00	1.935458e-04	39340734.000000	0.000000e+00
1.835973e+01	1.213926e+00	1.936975e-04	39276850.000000	0.000000e+00
1.836173e+01	1.214151e+00	1.938790e-04	39217858.000000	0.000000e+00
1.836372e+01	1.214069e+00	1.939930e-04	39166494.000000	0.000000e+00
1.836572e+01	1.213991e+00	1.941183e-04	39110878.000000	0.000000e+00
1.836771e+01	1.214308e+00	1.943211e-04	39049722.000000	0.000000e+00
1.836970e+01	1.214913e+00	1.945682e-04	38989363.000000	0.000000e+00
1.837170e+01	1.214896e+00	1.947068e-04	38932830.000000	0.000000e+00
1.837369e+01	1.215002e+00	1.948257e-04	38892130.000000	0.000000e+00
1.837569e+01	1.214985e+00	1.950155e-04	38815390.000000	0.000000e+00
1.837768e+01	1.214932e+00	1.951387e-04	38762970.000000	0.000000e+00
1.837968e+01	1.215401e+00	1.953290e-04	38717350.000000	0.000000e+00
1.838167e+01	1.215327e+00	1.954760e-04	38654406.000000	0.000000e+00
1.838367e+01	1.215221e+00	1.956183e-04	38591458.000000	0.000000e+00
1.838566e+01	1.215951e+00	1.958602e-04	38542506.000000	0.000000e+00
1.838766e+01	1.215632e+00	1.959529e-04	38485870.000000	0.000000e+00
1.838965e+01	1.215877e+00	1.961103e-04	38439562.000000	0.000000e+00
1.839165e+01	1.216031e+00	1.963247e-04	38365338.000000	0.000000e+00
1.839364e+01	1.215821e+00	1.964165e-04	38316307.000000	0.000000e+00
1.839564e+01	1.216073e+00	1.965830e-04	38267262.000000	0.000000e+00
1.839763e+01	1.216130e+00	1.967510e-04	38205508.000000	0.000000e+00
1.839962e+01	1.216277e+00	1.969280e-04	38146078.000000	0.000000e+00
1.840162e+01	1.216558e+00	1.970871e-04	38102154.000000	0.000000e+00
1.840361e+01	1.216926e+00	1.973147e-04	38037310.000000	0.000000e+00
1.840561e+01	1.217210e+00	1.975016e-04	37983018.000000	0.000000e+00
1.840760e+01	1.217080e+00	1.976451e-04	37919827.000000	0.000000e+00
1.840960e+01	1.217008e+00	1.977348e-04	37880958.000000	0.000000e+00
1.841159e+01	1.217151e+00	1.979386e-04	37811818.000000	0.000000e+00
1.841359e+01	1.217475e+00	1.980987e-04	37770898.000000	0.000000e+00
1.841558e+01	1.217488e+00	1.982963e-04	37696410.000000	0.000000e+00
1.841758e+01	1.217355e+00	1.983610e-04	37663618.000000	0.000000e+00
1.841957e+01	1.217771e+00	1.986135e-04	37593567.000000	0.000000e+00
1.842157e+01	1.218256e+00	1.988279e-04	37542442.000000	0.000000e+00
1.842356e+01	1.217986e+00	1.989299e-04	37487334.000000	0.000000e+00
1.842556e+01	1.218442e+00	1.991397e-04	37436434.000000	0.000000e+00
1.842755e+01	1.218443e+00	1.992926e-04	37379023.000000	0.000000e+00
1.842954e+01	1.218502e+00	1.994695e-04	37316382.000000	0.000000e+00
1.843154e+01	1.218562e+00	1.995945e-04	37273306.000000	0.000000e+00
1.843353e+01	1.218827e+00	1.998071e-04	37210242.000000	0.000000e+00
1.843553e+01	1.219058e+00	1.999809e-04	37159642.000000	0.000000e+00
1.843752e+01	1.219077e+00	2.001537e-04	37096707.000000	0.000000e+00
1.843952e+01	1.219154e+00	2.002573e-04	37062982.000000	0.000000e+00
1.844151e+01	1.218842e+00	2.003836e-04	36997318.000000	0.000000e+00
1.844351e+01	1.219319e+00	2.006288e-04	36935874.000000	0.000000e+00
1.844550e+01	1.219633e+00	2.008021e-04	36891127.000000	0.000000e+00
1.844750e+01	1.219669e+00	2.009493e-04	36839238.000000	0.000000e+00
1.844949e+01	1.219622e+00	2.011220e-04	36773146.000000	0.000000e+00
1.845149e+01	1.220839e+00	2.014548e-04	36724975.000000	0.000000e+00
1.845348e+01	1.220074e+00	2.014577e-04	36677886.000000	0.000000e+00
1.845547e+01	1.220528e+00	2.016992e-04	36617374.000000	0.000000e+00
1.845747e+01	1.220268e+00	2.018103e-04	36561492.000000	0.000000e+00
1.845946e+01	1.220623e+00	2.020078e-04	36511243.000000	0.000000e+00
1.846146e+01	1.221002e+00	2.022227e-04	36456318.000000	0.000000e+00
1.846345e+01	1.220837e+00	2.023377e-04	36405058.000000	0.000000e+00
1.846545e+01	1.220954e+00	2.025090e-04	36350467.000000	0.000000e+00
1.846744e+01	1.221456e+00	2.027651e-04	36288546.000000	0.000000e+00
1.846944e+01	1.221677e+00	2.029260e-04	36244114.000000	0.000000e+00
1.847143e+01	1.221720e+00	2.030817e-04	36191091.000000	0.000000e+00
1.847343e+01	1.221289e+00	2.031587e-04	36138166.000000	0.000000e+00
1.847542e+01	1.221677e+00	2.033805e-04	36082326.000000	0.000000e+00
1.847742e+01	1.222020e+00	2.035648e-04	36037195.000000	0.000000e+00
1.847941e+01	1.222038e+00	2.037430e-04	35975266.000000	0.000000e+00
1.848140e+01	1.222220e+00	2.039537e-04	35911674.000000	0.000000e+00
1.848340e+01	1.222205e+00	2.040400e-04	35880391.000000	0.000000e+00
1.848539e+01	1.222284e+00	2.042231e-04	35820714.000000	0.000000e+00
1.848739e+01	1.222646e+00	2.044488e-04	35762875.000000	0.000000e+00
1.848938e+01	1.222494e+00	2.045906e-04	35704422.000000	0.000000e+00
1.849138e+01	1.222609e+00	2.047109e-04	35669170.000000	0.000000e+00
1.849337e+01	1.223107e+00	2.049900e-04	35601103.000000	0.000000e+00
1.849537e+01	1.223288e+00	2.051497e-04	35556234.000000	0.000000e+00
1.849736e+01	1.223469e+00	2.053305e-04	35504158.000000	0.000000e+00
1.849936e+01	1.223666e+00	2.055056e-04	35455071.000000	0.000000e+00
1.850135e+01	1.223944e+00	2.057456e-04	35388514.000000	0.000000e+00
1.850335e+01	1.224323e+00	2.059286e-04	35347531.000000	0.000000e+00
1.850534e+01	1.224010e+00	2.060366e-04	35292402.000000	0.000000e+00
1.850734e+01	1.224049e+00	2.062012e-04	35238346.000000	0.000000e+00
1.850933e+01	1.224499e+00	2.064150e-04	35191215.000000	0.000000e+00
1.851132e+01	1.224565e+00	2.065916e-04	35134906.000000	0.000000e+00
1.851332e+01	1.224629e+00	2.067429e-04	35087121.000000	0.000000e+00
1.851531e+01	1.224864e+00	2.069380e-04	35034454.000000	0.000000e+00
1.851731e+01	1.224967e+00	2.071312e-04	34975003.000000	0.000000e+00
1.851930e+01	1.225273e+00	2.073341e-04	34924038.000000	0.000000e+00
1.852130e+01	1.225424e+00	2.074760e-04	34884859.000000	0.000000e+00
1.852329e+01	1.225563e+00	2.076638e-04	34829718.000000	0.000000e+00
1.852529e+01	1.225868e+00	2.079106e-04	34764322.000000	0.000000e+00
1.852728e+01	1.225512e+00	2.079843e-04	34719555.000000	0.000000e+00
1.852928e+01	1.226216e+00	2.082334e-04	34676314.000000	0.000000e+00
1.853127e+01	1.226093e+00	2.083970e-04	34614979.000000	0.000000e+00
1.853327e+01	1.226590e+00	2.086375e-04	34563246.000000	0.000000e+00
1.853526e+01	1.226647e+00	2.087697e-04	34522687.000000	0.000000e+00
1.853726e+01	1.227091e+00	2.090029e-04	34470630.000000	0.000000e+00
1.853925e+01	1.226507e+00	2.090901e-04	34409059.000000	0.000000e+00
1.854124e+01	1.227363e+00	2.093967e-04	34356298.000000	0.000000e+00
1.854324e+01	1.226929e+00	2.094342e-04	34319715.000000	0.000000e+00
1.854523e+01	1.227606e+00	2.097425e-04	34256662.000000	0.000000e+00
1.854723e+01	1.227774e+00	2.099202e-04	34208055.000000	0.000000e+00
1.854922e+01	1.227885e+00	2.100990e-04	34156054.000000	0.000000e+00
1.855122e+01	1.227602e+00	2.101984e-04	34108035.000000	0.000000e+00
1.855321e+01	1.227971e+00	2.104166e-04	34057750.000000	0.000000e+00
1.855521e+01	1.227931e+00	2.105820e-04	34002091.000000	0.000000e+00
1.855720e+01	1.228440e+00	2.108124e-04	33955914.000000	0.000000e+00
1.855920e+01	1.228856e+00	2.110281e-04	33909523.000000	0.000000e+00
1.856119e+01	1.228583e+00	2.111394e-04	33858726.000000	0.000000e+00
1.856319e+01	1.229048e+00	2.114203e-04	33794335.000000	0.000000e+00
1.856518e+01	1.229048e+00	2.115452e-04	33754461.000000	0.000000e+00
1.856717e+01	1.228898e+00	2.116706e-04	33706258.000000	0.000000e+00
1.856917e+01	1.229476e+00	2.119156e-04	33659995.000000	0.000000e+00
1.857116e+01	1.229998e+00	2.122504e-04	33582366.000000	0.000000e+00
1.857316e+01	1.229702e+00	2.122669e-04	33561007.000000	0.000000e+00
1.857515e+01	1.230104e+00	2.125240e-04	33501726.000000	0.000000e+00
1.857715e+01	1.230274e+00	2.127166e-04	33450355.000000	0.000000e+00
1.857914e+01	1.230177e+00	2.128661e-04	33398142.000000	0.000000e+00
1.858114e+01	1.230450e+00	2.130628e-04	33351307.000000	0.000000e+00
1.858313e+01	1.230409e+00	2.132073e-04	33303907.000000	0.000000e+00
1.858513e+01	1.230830e+00	2.134682e-04	33245262.000000	0.000000e+00
1.858712e+01	1.231208e+00	2.136652e-04	33204379.000000	0.000000e+00
1.858912e+01	1.231152e+00	2.137989e-04	33159834.000000	0.000000e+00
1.859111e+01	1.231325e+00	2.140326e-04	33096763.000000	0.000000e+00
1.859311e+01	1.231370e+00	2.142017e-04	33046939.000000	0.000000e+00
1.859510e+01	1.231642e+00	2.143718e-04	33009114.000000	0.000000e+00
1.859709e+01	1.231739e+00	2.145595e-04	32956555.000000	0.000000e+00
1.859909e+01	1.231863e+00	2.147688e-04	32898954.000000	0.000000e+00
1.860108e+01	1.232375e+00	2.150112e-04	32852155.000000	0.000000e+00
1.860308e+01	1.232094e+00	2.150869e-04	32814051.000000	0.000000e+00
1.860507e+01	1.232830e+00	2.154345e-04	32747302.000000	0.000000e+00
1.860707e+01	1.232337e+00	2.154706e-04	32710147.000000	0.000000e+00
1.860906e+01	1.233256e+00	2.158146e-04	32654622.000000	0.000000e+00
1.861106e+01	1.233130e+00	2.159390e-04	32610343.000000	0.000000e+00
1.861305e+01	1.233517e+00	2.161653e-04	32562519.000000	0.000000e+00
1.861505e+01	1.233627e+00	2.163818e-04	32503228.000000	0.000000e+00
1.861704e+01	1.233688e+00	2.165488e-04	32456307.000000	0.000000e+00
1.861904e+01	1.233978e+00	2.167074e-04	32424079.000000	0.000000e+00
1.862103e+01	1.233951e+00	2.169124e-04	32361394.000000	0.000000e+00
1.862303e+01	1.234336e+00	2.171548e-04	32309331.000000	0.000000e+00
1.862502e+01	1.234287e+00	2.173060e-04	32261815.000000	0.000000e+00
1.862701e+01	1.234851e+00	2.175202e-04	32227770.000000	0.000000e+00
1.862901e+01	1.234898e+00	2.177574e-04	32160031.000000	0.000000e+00
1.863100e+01	1.235279e+00	2.179798e-04	32114223.000000	0.000000e+00
1.863300e+01	1.235342e+00	2.181050e-04	32080630.000000	0.000000e+00
1.863499e+01	1.235404e+00	2.183127e-04	32022847.000000	0.000000e+00
1.863699e+01	1.235699e+00	2.185574e-04	31966479.000000	0.000000e+00
1.863898e+01	1.235839e+00	2.187163e-04	31927246.000000	0.000000e+00
1.864098e+01	1.236300e+00	2.189360e-04	31886991.000000	0.000000e+00
1.864297e+01	1.235671e+00	2.190379e-04	31824943.000000	0.000000e+00
1.864497e+01	1.236399e+00	2.193471e-04	31772638.000000	0.000000e+00
1.864696e+01	1.236508e+00	2.194718e-04	31742163.000000	0.000000e+00
1.864896e+01	1.236937e+00	2.197529e-04	31682995.000000	0.000000e+00
1.865095e+01	1.237125e+00	2.199656e-04	31631343.000000	0.000000e+00
1.865294e+01	1.237253e+00	2.201153e-04	31594870.000000	0.000000e+00
1.865494e+01	1.236949e+00	2.202485e-04	31541187.000000	0.000000e+00
1.865693e+01	1.237824e+00	2.205465e-04	31500487.000000	0.000000e+00
1.865893e+01	1.237825e+00	2.207433e-04	31444414.000000	0.000000e+00
1.866092e+01	1.237992e+00	2.209764e-04	31386561.000000	0.000000e+00
1.866292e+01	1.238407e+00	2.211564e-04	31356511.000000	0.000000e+00
1.866491e+01	1.238344e+00	2.213272e-04	31304931.000000	0.000000e+00
1.866691e+01	1.238523e+00	2.215321e-04	31256098.000000	0.000000e+00
1.866890e+01	1.238990e+00	2.218285e-04	31196151.000000	0.000000e+00
1.867090e+01	1.239004e+00	2.219052e-04	31175299.000000	0.000000e+00
1.867289e+01	1.239600e+00	2.222671e-04	31103782.000000	0.000000e+00
1.867489e+01	1.239363e+00	2.223796e-04	31060407.000000	0.000000e+00
1.867688e+01	1.239752e+00	2.225835e-04	31023007.000000	0.000000e+00
1.867888e+01	1.239744e+00	2.227538e-04	30975171.000000	0.000000e+00
1.868087e+01	1.239574e+00	2.229375e-04	30915646.000000	0.000000e+00
1.868286e+01	1.240535e+00	2.232900e-04	30865915.000000	0.000000e+00
1.868486e+01	1.239962e+00	2.232690e-04	30843207.000000	0.000000e+00
1.868685e+01	1.240689e+00	2.236210e-04	30782251.000000	0.000000e+00
1.868885e+01	1.240909e+00	2.238406e-04	30732819.000000	0.000000e+00
1.869084e+01	1.241103e+00	2.240453e-04	30686242.000000	0.000000e+00
1.869284e+01	1.241074e+00	2.241941e-04	30644127.000000	0.000000e+00
1.869483e+01	1.241419e+00	2.244553e-04	30589795.000000	0.000000e+00
1.869683e+01	1.242022e+00	2.247052e-04	30551479.000000	0.000000e+00
1.869882e+01	1.241631e+00	2.248431e-04	30494814.000000	0.000000e+00
1.870082e+01	1.242043e+00	2.250581e-04	30456775.000000	0.000000e+00
1.870281e+01	1.242676e+00	2.253402e-04	30411567.000000	0.000000e+00
1.870481e+01	1.242959e+00	2.256065e-04	30353635.000000	0.000000e+00
1.870680e+01	1.242681e+00	2.256974e-04	30315621.000000	0.000000e+00
1.870879e+01	1.243274e+00	2.259643e-04	30272902.000000	0.000000e+00
1.871079e+01	1.242534e+00	2.260303e-04	30219223.000000	0.000000e+00
1.871278e+01	1.243515e+00	2.264059e-04	30166635.000000	0.000000e+00
1.871478e+01	1.243537e+00	2.265311e-04	30134359.000000	0.000000e+00
1.871677e+01	1.243866e+00	2.267759e-04	30085227.000000	0.000000e+00
1.871877e+01	1.244480e+00	2.270897e-04	30031786.000000	0.000000e+00
1.872076e+01	1.244292e+00	2.272264e-04	29986599.000000	0.000000e+00
1.872276e+01	1.244386e+00	2.273734e-04	29952331.000000	0.000000e+00
1.872475e+01	1.244185e+00	2.275421e-04	29898319.000000	0.000000e+00
1.872675e+01	1.245005e+00	2.278998e-04	29843823.000000	0.000000e+00
1.872874e+01	1.245567e+00	2.281303e-04	29810407.000000	0.000000e+00
1.873074e+01	1.245415e+00	2.282862e-04	29762490.000000	0.000000e+00
1.873273e+01	1.245545e+00	2.284917e-04	29715151.000000	0.000000e+00
1.873473e+01	1.245622e+00	2.287118e-04	29661643.000000	0.000000e+00
1.873672e+01	1.245485e+00	2.288166e-04	29627979.000000	0.000000e+00
1.873871e+01	1.245527e+00	2.290491e-04	29569879.000000	0.000000e+00
1.874071e+01	1.246175e+00	2.293253e-04	29529351.000000	0.000000e+00
1.874270e+01	1.246733e+00	2.295927e-04	29487034.000000	0.000000e+00
1.874470e+01	1.246622e+00	2.297514e-04	29441031.000000	0.000000e+00
1.874669e+01	1.246423e+00	2.298721e-04	29400727.000000	0.000000e+00
1.874869e+01	1.247363e+00	2.302836e-04	29339989.000000	0.000000e+00
1.875068e+01	1.247785e+00	2.305015e-04	29304339.000000	0.000000e+00
1.875268e+01	1.247632e+00	2.306418e-04	29261551.000000	0.000000e+00
1.875467e+01	1.247465e+00	2.307713e-04	29220891.000000	0.000000e+00
1.875667e+01	1.248121e+00	2.311593e-04	29153515.000000	0.000000e+00
1.875866e+01	1.248133e+00	2.312662e-04	29127102.000000	0.000000e+00
1.876066e+01	1.248206e+00	2.314625e-04	29081107.000000	0.000000e+00
1.876265e+01	1.248981e+00	2.317991e-04	29032759.000000	0.000000e+00
1.876464e+01	1.249416e+00	2.320918e-04	28979727.000000	0.000000e+00
1.876664e+01	1.249618e+00	2.322478e-04	28950187.000000	0.000000e+00
1.876863e+01	1.249533e+00	2.324366e-04	28899255.000000	0.000000e+00
1.877063e+01	1.249865e+00	2.327186e-04	28844563.000000	0.000000e+00
1.877262e+01	1.249810e+00	2.328570e-04	28807731.000000	0.000000e+00
1.877462e+01	1.249939e+00	2.330337e-04	28770031.000000	0.000000e+00
1.877661e+01	1.250452e+00	2.333375e-04	28718698.000000	0.000000e+00
1.877861e+01	1.250944e+00	2.336510e-04	28664247.000000	0.000000e+00
1.878060e+01	1.250674e+00	2.337227e-04	28634287.000000	0.000000e+00
1.878260e+01	1.250725e+00	2.339064e-04	28591695.000000	0.000000e+00
1.878459e+01	1.251255e+00	2.342525e-04	28531399.000000	0.000000e+00
1.878659e+01	1.252042e+00	2.345441e-04	28496323.000000	0.000000e+00
1.878858e+01	1.252274e+00	2.347788e-04	28449891.000000	0.000000e+00
1.879058e+01	1.251658e+00	2.348137e-04	28413493.000000	0.000000e+00
1.879257e+01	1.252146e+00	2.351299e-04	28359231.000000	0.000000e+00
1.879456e+01	1.252853e+00	2.354553e-04	28312807.000000	0.000000e+00
1.879656e+01	1.252614e+00	2.355397e-04	28281771.000000	0.000000e+00
1.879855e+01	1.252805e+00	2.358057e-04	28226575.000000	0.000000e+00
1.880055e+01	1.253127e+00	2.360321e-04	28186954.000000	0.000000e+00
1.880254e+01	1.253181e+00	2.362525e-04	28136799.000000	0.000000e+00
1.880454e+01	1.253632e+00	2.364862e-04	28101415.000000	0.000000e+00
1.880653e+01	1.254056e+00	2.367629e-04	28054767.000000	0.000000e+00
1.880853e+01	1.253852e+00	2.369526e-04	28000747.000000	0.000000e+00
1.881052e+01	1.254135e+00	2.371335e-04	27970659.000000	0.000000e+00
1.881252e+01	1.254664e+00	2.374075e-04	27929683.000000	0.000000e+00
1.881451e+01	1.254734e+00	2.376513e-04	27875515.000000	0.000000e+00
1.881651e+01	1.255246e+00	2.379683e-04	27823983.000000	0.000000e+00
1.881850e+01	1.255808e+00	2.382100e-04	27792427.000000	0.000000e+00
1.882050e+01	1.255602e+00	2.383342e-04	27754359.000000	0.000000e+00
1.882249e+01	1.255960e+00	2.386392e-04	27699271.000000	0.000000e+00
1.882448e+01	1.256252e+00	2.388820e-04	27655851.000000	0.000000e+00
1.882648e+01	1.255776e+00	2.389325e-04	27623203.000000	0.000000e+00
1.882847e+01	1.256716e+00	2.393370e-04	27571159.000000	0.000000e+00
1.883047e+01	1.256554e+00	2.394999e-04	27526557.000000	0.000000e+00
1.883246e+01	1.257089e+00	2.397695e-04	27488071.000000	0.000000e+00
1.883446e+01	1.257268e+00	2.399802e-04	27447639.000000	0.000000e+00
1.883645e+01	1.257462e+00	2.402526e-04	27393859.000000	0.000000e+00
1.883845e+01	1.257714e+00	2.404612e-04	27357331.000000	0.000000e+00
1.884044e+01	1.258450e+00	2.407776e-04	27317451.000000	0.000000e+00
1.884244e+01	1.257906e+00	2.408968e-04	27266815.000000	0.000000e+00
1.884443e+01	1.258645e+00	2.411890e-04	27232755.000000	0.000000e+00
1.884643e+01	1.258993e+00	2.415091e-04	27175639.000000	0.000000e+00
1.884842e+01	1.258905e+00	2.416419e-04	27141963.000000	0.000000e+00
1.885041e+01	1.259306e+00	2.418864e-04	27104407.000000	0.000000e+00
1.885241e+01	1.259161e+00	2.420893e-04	27052759.000000	0.000000e+00
1.885440e+01	1.260140e+00	2.424920e-04	27004899.000000	0.000000e+00
1.885640e+01	1.260012e+00	2.425841e-04	26978935.000000	0.000000e+00
1.885839e+01	1.260153e+00	2.428634e-04	26922915.000000	0.000000e+00
1.886039e+01	1.260349e+00	2.430718e-04	26885143.000000	0.000000e+00
1.886238e+01	1.261156e+00	2.434425e-04	26837667.000000	0.000000e+00
1.886438e+01	1.261631e+00	2.436732e-04	26807071.000000	0.000000e+00
1.886637e+01	1.261386e+00	2.438572e-04	26756239.000000	0.000000e+00
1.886837e+01	1.261804e+00	2.441920e-04	26700591.000000	0.000000e+00
1.887036e+01	1.261556e+00	2.442334e-04	26681029.000000	0.000000e+00
1.887236e+01	1.261682e+00	2.444844e-04	26631639.000000	0.000000e+00
1.887435e+01	1.262215e+00	2.447974e-04	26586007.000000	0.000000e+00
1.887634e+01	1.262551e+00	2.450915e-04	26536351.000000	0.000000e+00
1.887834e+01	1.262892e+00	2.452781e-04	26510295.000000	0.000000e+00
1.888033e+01	1.263098e+00	2.455262e-04	26465407.000000	0.000000e+00
1.888233e+01	1.263671e+00	2.458694e-04	26415543.000000	0.000000e+00
1.888432e+01	1.263488e+00	2.460437e-04	26370487.000000	0.000000e+00
1.888632e+01	1.264175e+00	2.463222e-04	26339499.000000	0.000000e+00
1.888831e+01	1.264379e+00	2.465967e-04	26289367.000000	0.000000e+00
1.889031e+01	1.264222e+00	2.467580e-04	26248471.000000	0.000000e+00
1.889230e+01	1.264140e+00	2.469266e-04	26209239.000000	0.000000e+00
1.889430e+01	1.264575e+00	2.472237e-04	26164303.000000	0.000000e+00
1.889629e+01	1.265239e+00	2.475013e-04	26133063.000000	0.000000e+00
1.889829e+01	1.265928e+00	2.479150e-04	26074315.000000	0.000000e+00
1.890028e+01	1.265424e+00	2.479898e-04	26037804.000000	0.000000e+00
1.890228e+01	1.265980e+00	2.482461e-04	26006923.000000	0.000000e+00
1.890427e+01	1.265897e+00	2.484777e-04	25955059.000000	0.000000e+00
1.890626e+01	1.266460e+00	2.488315e-04	25904325.000000	0.000000e+00
1.890826e+01	1.266854e+00	2.490128e-04	25882723.000000	0.000000e+00
1.891025e+01	1.266938e+00	2.492344e-04	25840155.000000	0.000000e+00
1.891225e+01	1.267507e+00	2.496317e-04	25781083.000000	0.000000e+00
1.891424e+01	1.267209e+00	2.497381e-04	25746999.000000	0.000000e+00
1.891624e+01	1.267892e+00	2.499991e-04	25720999.000000	0.000000e+00
1.891823e+01	1.268227e+00	2.503322e-04	25666135.000000	0.000000e+00
1.892023e+01	1.268776e+00	2.506714e-04	25618875.000000	0.000000e+00
1.892222e+01	1.268667e+00	2.508078e-04	25586623.000000	0.000000e+00
1.892422e+01	1.268883e+00	2.510235e-04	25551363.000000	0.000000e+00
1.892621e+01	1.268930e+00	2.513081e-04	25495444.000000	0.000000e+00
1.892821e+01	1.269703e+00	2.516542e-04	25456327.000000	0.000000e+00
1.893020e+01	1.269704e+00	2.518019e-04	25426515.000000	0.000000e+00
1.893220e+01	1.270290e+00	2.521576e-04	25378243.000000	0.000000e+00
1.893419e+01	1.270367e+00	2.523609e-04	25340439.000000	0.000000e+00
1.893618e+01	1.270817e+00	2.526816e-04	25294075.000000	0.000000e+00
1.893818e+01	1.270703e+00	2.528306e-04	25259751.000000	0.000000e+00
1.894017e+01	1.270760e+00	2.530445e-04	25219291.000000	0.000000e+00
1.894217e+01	1.271568e+00	2.534501e-04	25170655.000000	0.000000e+00
1.894416e+01	1.271762e+00	2.536929e-04	25130145.000000	0.000000e+00
1.894616e+01	1.272408e+00	2.539909e-04	25096684.000000	0.000000e+00
1.894815e+01	1.272459e+00	2.541762e-04	25062123.000000	0.000000e+00
1.895015e+01	1.271754e+00	2.543505e-04	25000063.000000	0.000000e+00
1.895214e+01	1.272785e+00	2.547176e-04	24968487.000000	0.000000e+00
1.895414e+01	1.273406e+00	2.549545e-04	24946423.000000	0.000000e+00
1.895613e+01	1.273390e+00	2.552640e-04	24885343.000000	0.000000e+00
1.895813e+01	1.273691e+00	2.555501e-04	24841407.000000	0.000000e+00
1.896012e+01	1.274399e+00	2.557803e-04	24824287.000000	0.000000e+00
1.896212e+01	1.274548e+00	2.561089e-04	24766428.000000	0.000000e+00
1.896411e+01	1.274371e+00	2.562852e-04	24725503.000000	0.000000e+00
1.896610e+01	1.275163e+00	2.566654e-04	24682935.000000	0.000000e+00
1.896810e+01	1.274727e+00	2.567004e-04	24659323.000000	0.000000e+00
1.897009e+01	1.275914e+00	2.571932e-04	24610699.000000	0.000000e+00
1.897209e+01	1.275599e+00	2.574022e-04	24558627.000000	0.000000e+00
1.897408e+01	1.275799e+00	2.575664e-04	24534979.000000	0.000000e+00
1.897608e+01	1.276458e+00	2.579195e-04	24493152.000000	0.000000e+00
1.897807e+01	1.276309e+00	2.581343e-04	24446707.000000	0.000000e+00
1.898007e+01	1.276928e+00	2.584806e-04	24404869.000000	0.000000e+00
1.898206e+01	1.277137e+00	2.586950e-04	24372435.000000	0.000000e+00
1.898406e+01	1.277232e+00	2.589452e-04	24328999.000000	0.000000e+00
1.898605e+01	1.278117e+00	2.593345e-04	24289611.000000	0.000000e+00
1.898805e+01	1.278008e+00	2.595781e-04	24239920.000000	0.000000e+00
1.899004e+01	1.277723e+00	2.596287e-04	24219663.000000	0.000000e+00
1.899203e+01	1.279077e+00	2.601605e-04	24171883.000000	0.000000e+00
1.899403e+01	1.279149e+00	2.604210e-04	24126283.000000	0.000000e+00
1.899602e+01	1.279447e+00	2.606964e-04	24086559.000000	0.000000e+00
1.899802e+01	1.279235e+00	2.607952e-04	24060331.000000	0.000000e+00
1.900001e+01	1.279482e+00	2.611084e-04	24011916.000000	0.000000e+00
1.900201e+01	1.280146e+00	2.614814e-04	23968327.000000	0.000000e+00
1.900400e+01	1.280305e+00	2.617018e-04	23933919.000000	0.000000e+00
1.900600e+01	1.280905e+00	2.619957e-04	23902627.000000	0.000000e+00
1.900799e+01	1.281070e+00	2.623041e-04	23852575.000000	0.000000e+00
1.900999e+01	1.281079e+00	2.625421e-04	23809683.000000	0.000000e+00
1.901198e+01	1.281393e+00	2.627574e-04	23782336.000000	0.000000e+00
1.901398e+01	1.282418e+00	2.632048e-04	23739501.000000	0.000000e+00
1.901597e+01	1.282047e+00	2.633952e-04	23691463.000000	0.000000e+00
1.901796e+01	1.282560e+00	2.637174e-04	23652555.000000	0.000000e+00
1.901996e+01	1.282940e+00	2.639158e-04	23630983.000000	0.000000e+00
1.902195e+01	1.283689e+00	2.643468e-04	23581492.000000	0.000000e+00
1.902395e+01	1.283275e+00	2.645115e-04	23536947.000000	0.000000e+00
1.902594e+01	1.283882e+00	2.648492e-04	23499175.000000	0.000000e+00
1.902794e+01	1.284339e+00	2.650488e-04	23480499.000000	0.000000e+00
1.902993e+01	1.283862e+00	2.653197e-04	23415175.000000	0.000000e+00
1.903193e+01	1.284755e+00	2.656838e-04	23383564.000000	0.000000e+00
1.903392e+01	1.284834e+00	2.658764e-04	23352567.000000	0.000000e+00
1.903592e+01	1.285072e+00	2.661910e-04	23306011.000000	0.000000e+00
1.903791e+01	1.285477e+00	2.664543e-04	23274651.000000	0.000000e+00
1.903991e+01	1.285990e+00	2.668204e-04	23229343.000000	0.000000e+00
1.904190e+01	1.286064e+00	2.670374e-04	23194296.000000	0.000000e+00
1.904390e+01	1.287006e+00	2.674536e-04	23156023.000000	0.000000e+00
1.904589e+01	1.286718e+00	2.676391e-04	23113603.000000	0.000000e+00
1.904788e+01	1.287770e+00	2.681072e-04	23070633.000000	0.000000e+00
1.904988e+01	1.287324e+00	2.681574e-04	23046040.000000	0.000000e+00
1.905187e+01	1.287604e+00	2.684465e-04	23006415.000000	0.000000e+00
1.905387e+01	1.288189e+00	2.688482e-04	22958563.000000	0.000000e+00
1.905586e+01	1.288142e+00	2.690571e-04	22921251.000000	0.000000e+00
1.905786e+01	1.288907e+00	2.693594e-04	22897003.000000	0.000000e+00
1.905985e+01	1.288793e+00	2.696343e-04	22846300.000000	0.000000e+00
1.906185e+01	1.289126e+00	2.699721e-04	22800939.000000	0.000000e+00
1.906384e+01	1.290088e+00	2.702986e-04	22779871.000000	0.000000e+00
1.906584e+01	1.289851e+00	2.704868e-04	22739823.000000	0.000000e+00
1.906783e+01	1.290238e+00	2.708696e-04	22689208.000000	0.000000e+00
1.906983e+01	1.290685e+00	2.711823e-04	22652587.000000	0.000000e+00
1.907182e+01	1.290968e+00	2.713984e-04	22626447.000000	0.000000e+00
1.907382e+01	1.291104e+00	2.716812e-04	22584139.000000	0.000000e+00
1.907581e+01	1.291347e+00	2.719911e-04	22541172.000000	0.000000e+00
1.907780e+01	1.292193e+00	2.723810e-04	22506127.000000	0.000000e+00
1.907980e+01	1.292762e+00	2.727103e-04	22471623.000000	0.000000e+00
1.908179e+01	1.292469e+00	2.729054e-04	22429321.000000	0.000000e+00
1.908379e+01	1.292759e+00	2.731832e-04	22393768.000000	0.000000e+00
1.908578e+01	1.292694e+00	2.734160e-04	22353387.000000	0.000000e+00
1.908778e+01	1.293049e+00	2.736869e-04	22321435.000000	0.000000e+00
1.908977e+01	1.293734e+00	2.740613e-04	22284051.000000	0.000000e+00
1.909177e+01	1.294598e+00	2.745187e-04	22239532.000000	0.000000e+00
1.909376e+01	1.294451e+00	2.746937e-04	22206195.000000	0.000000e+00
1.909576e+01	1.294650e+00	2.749628e-04	22169551.000000	0.000000e+00
1.909775e+01	1.294697e+00	2.752159e-04	22130395.000000	0.000000e+00
1.909975e+01	1.295607e+00	2.757213e-04	22080336.000000	0.000000e+00
1.910174e+01	1.295891e+00	2.758464e-04	22070011.000000	0.000000e+00
1.910374e+01	1.296248e+00	2.762079e-04	22024383.000000	0.000000e+00
1.910573e+01	1.296601e+00	2.765896e-04	21975604.000000	0.000000e+00
1.910772e+01	1.296526e+00	2.768006e-04	21939579.000000	0.000000e+00
1.910972e+01	1.297438e+00	2.771330e-04	21917779.000000	0.000000e+00
1.911171e+01	1.297715e+00	2.774959e-04	21869839.000000	0.000000e+00
1.911371e+01	1.297874e+00	2.778032e-04	21826812.000000	0.000000e+00
1.911570e+01	1.298517e+00	2.781019e-04	21801553.000000	0.000000e+00
1.911770e+01	1.298393e+00	2.783370e-04	21760563.000000	0.000000e+00
1.911969e+01	1.298840e+00	2.786830e-04	21721540.000000	0.000000e+00
1.912169e+01	1.299683e+00	2.791176e-04	21682063.000000	0.000000e+00
1.912368e+01	1.299724e+00	2.793015e-04	21654867.000000	0.000000e+00
1.912568e+01	1.299318e+00	2.794995e-04	21610699.000000	0.000000e+00
1.912767e+01	1.299817e+00	2.798362e-04	21575280.000000	0.000000e+00
1.912967e+01	1.300190e+00	2.801972e-04	21532087.000000	0.000000e+00
1.913166e+01	1.300459e+00	2.804131e-04	21507843.000000	0.000000e+00
1.913365e+01	1.301218e+00	2.808263e-04	21469624.000000	0.000000e+00
1.913565e+01	1.301388e+00	2.811383e-04	21427591.000000	0.000000e+00
1.913764e+01	1.301578e+00	2.814365e-04	21388443.000000	0.000000e+00
1.913964e+01	1.302380e+00	2.818256e-04	21355756.000000	0.000000e+00
1.914163e+01	1.302903e+00	2.821427e-04	21324879.000000	0.000000e+00
1.914363e+01	1.302856e+00	2.824679e-04	21274267.000000	0.000000e+00
1.914562e+01	1.303195e+00	2.827053e-04	21249603.000000	0.000000e+00
1.914762e+01	1.303702e+00	2.830023e-04	21221530.000000	0.000000e+00
1.914961e+01	1.303319e+00	2.832859e-04	21166615.000000	0.000000e+00
1.915161e+01	1.304242e+00	2.837263e-04	21130863.000000	0.000000e+00
1.915360e+01	1.303987e+00	2.838125e-04	21109780.000000	0.000000e+00
1.915560e+01	1.304724e+00	2.842515e-04	21068415.000000	0.000000e+00
1.915759e+01	1.305139e+00	2.846589e-04	21021499.000000	0.000000e+00
1.915958e+01	1.305871e+00	2.850511e-04	20987232.000000	0.000000e+00
1.916158e+01	1.306054e+00	2.852273e-04	20967163.000000	0.000000e+00
1.916357e+01	1.306133e+00	2.855882e-04	20916751.000000	0.000000e+00
1.916557e+01	1.306862e+00	2.859700e-04	20884236.000000	0.000000e+00
1.916756e+01	1.306929e+00	2.862077e-04	20851687.000000	0.000000e+00
1.916956e+01	1.307583e+00	2.865901e-04	20816895.000000	0.000000e+00
1.917155e+01	1.307392e+00	2.868356e-04	20775208.000000	0.000000e+00
1.917355e+01	1.308266e+00	2.872923e-04	20736919.000000	0.000000e+00
1.917554e+01	1.308934e+00	2.876325e-04	20709027.000000	0.000000e+00
1.917754e+01	1.308892e+00	2.878980e-04	20669530.000000	0.000000e+00
1.917953e+01	1.309350e+00	2.882435e-04	20634423.000000	0.000000e+00
1.918153e+01	1.309555e+00	2.885584e-04	20595883.000000	0.000000e+00
1.918352e+01	1.309916e+00	2.888516e-04	20565408.000000	0.000000e+00
1.918552e+01	1.310046e+00	2.891378e-04	20528779.000000	0.000000e+00
1.918751e+01	1.310488e+00	2.894980e-04	20491567.000000	0.000000e+00
1.918950e+01	1.310843e+00	2.898726e-04	20449692.000000	0.000000e+00
1.919150e+01	1.311205e+00	2.901043e-04	20428315.000000	0.000000e+00
1.919349e+01	1.311650e+00	2.905044e-04	20385939.000000	0.000000e+00
1.919549e+01	1.311533e+00	2.907767e-04	20344132.000000	0.000000e+00
1.919748e+01	1.312762e+00	2.912451e-04	20316771.000000	0.000000e+00
1.919948e+01	1.312696e+00	2.914463e-04	20286700.000000	0.000000e+00
1.920147e+01	1.312877e+00	2.917857e-04	20245099.000000	0.000000e+00
1.920347e+01	1.313852e+00	2.923548e-04	20196327.000000	0.000000e+00
1.920546e+01	1.313987e+00	2.924937e-04	20181292.000000	0.000000e+00
1.920746e+01	1.314642e+00	2.929100e-04	20144043.000000	0.000000e+00
1.920945e+01	1.315211e+00	2.933631e-04	20099245.000000	0.000000e+00
1.921145e+01	1.315241e+00	2.936100e-04	20066388.000000	0.000000e+00
1.921344e+01	1.315333e+00	2.938233e-04	20040067.000000	0.000000e+00
1.921544e+01	1.315753e+00	2.942237e-04	19998307.000000	0.000000e+00
1.921743e+01	1.315854e+00	2.945292e-04	19959912.000000	0.000000e+00
1.921942e+01	1.316507e+00	2.949432e-04	19923667.000000	0.000000e+00
1.922142e+01	1.316862e+00	2.951901e-04	19901088.000000	0.000000e+00
1.922341e+01	1.317051e+00	2.955600e-04	19857019.000000	0.000000e+00
1.922541e+01	1.317053e+00	2.958210e-04	19822051.000000	0.000000e+00
1.922740e+01	1.318035e+00	2.962642e-04	19792272.000000	0.000000e+00
1.922940e+01	1.318279e+00	2.965900e-04	19756123.000000	0.000000e+00
1.923139e+01	1.318464e+00	2.968954e-04	19721043.000000	0.000000e+00
1.923339e+01	1.319201e+00	2.973846e-04	19678180.000000	0.000000e+00
1.923538e+01	1.319264e+00	2.975456e-04	19658775.000000	0.000000e+00
1.923738e+01	1.319533e+00	2.979030e-04	19619632.000000	0.000000e+00
1.923937e+01	1.320878e+00	2.985007e-04	19580989.000000	0.000000e+00
1.924137e+01	1.320352e+00	2.987325e-04	19535067.000000	0.000000e+00
1.924336e+01	1.320156e+00	2.987937e-04	19521256.000000	0.000000e+00
1.924536e+01	1.321260e+00	2.993227e-04	19484847.000000	0.000000e+00
1.924735e+01	1.321722e+00	2.997956e-04	19437016.000000	0.000000e+00
1.924934e+01	1.321992e+00	3.000859e-04	19407363.000000	0.000000e+00
1.925134e+01	1.322949e+00	3.004633e-04	19386679.000000	0.000000e+00
1.925333e+01	1.322749e+00	3.008220e-04	19334620.000000	0.000000e+00
1.925533e+01	1.323211e+00	3.011701e-04	19303443.000000	0.000000e+00
1.925732e+01	1.323660e+00	3.014941e-04	19275028.000000	0.000000e+00
1.925932e+01	1.324183e+00	3.018548e-04	19244199.000000	0.000000e+00
1.926131e+01	1.324326e+00	3.022161e-04	19202347.000000	0.000000e+00
1.926331e+01	1.324931e+00	3.026605e-04	19163512.000000	0.000000e+00
1.926530e+01	1.325189e+00	3.028415e-04	19148079.000000	0.000000e+00
1.926730e+01	1.325436e+00	3.032782e-04	19100080.000000	0.000000e+00
1.926929e+01	1.326197e+00	3.037203e-04	19066389.000000	0.000000e+00
1.927128e+01	1.326942e+00	3.041561e-04	19033147.000000	0.000000e+00
1.927328e+01	1.326507e+00	3.042715e-04	19006260.000000	0.000000e+00
1.927527e+01	1.327648e+00	3.048326e-04	18968935.000000	0.000000e+00
1.927727e+01	1.327751e+00	3.051505e-04	18932368.000000	0.000000e+00
1.927926e+01	1.328094e+00	3.055041e-04	18898323.000000	0.000000e+00
1.928126e+01	1.327816e+00	3.056644e-04	18870616.000000	0.000000e+00
1.928325e+01	1.329123e+00	3.062686e-04	18833259.000000	0.000000e+00
1.928525e+01	1.329307e+00	3.066400e-04	18792883.000000	0.000000e+00
1.928724e+01	1.328833e+00	3.067353e-04	18767808.000000	0.000000e+00
1.928924e+01	1.330280e+00	3.073307e-04	18735883.000000	0.000000e+00
1.929123e+01	1.330266e+00	3.076343e-04	18698536.000000	0.000000e+00
1.929323e+01	1.330515e+00	3.080866e-04	18650655.000000	0.000000e+00
1.929522e+01	1.331089e+00	3.082967e-04	18641308.000000	0.000000e+00
1.929722e+01	1.331236e+00	3.086148e-04	18606999.000000	0.000000e+00
1.929921e+01	1.331849e+00	3.091846e-04	18555565.000000	0.000000e+00
1.930120e+01	1.332082e+00	3.094765e-04	18527052.000000	0.000000e+00
1.930320e+01	1.332611e+00	3.097788e-04	18505603.000000	0.000000e+00
1.930519e+01	1.333171e+00	3.102265e-04	18467740.000000	0.000000e+00
1.930719e+01	1.333209e+00	3.105922e-04	18425319.000000	0.000000e+00
1.930918e+01	1.333876e+00	3.109718e-04	18398788.000000	0.000000e+00
1.931118e+01	1.334308e+00	3.112848e-04	18373695.000000	0.000000e+00
1.931317e+01	1.334446e+00	3.117268e-04	18325420.000000	0.000000e+00
1.931517e+01	1.334730e+00	3.120071e-04	18300295.000000	0.000000e+00
1.931716e+01	1.334846e+00	3.123020e-04	18268923.000000	0.000000e+00
1.931916e+01	1.336263e+00	3.129412e-04	18232996.000000	0.000000e+00
1.932115e+01	1.336103e+00	3.131657e-04	18202515.000000	0.000000e+00
1.932315e+01	1.337042e+00	3.137708e-04	18157876.000000	0.000000e+00
1.932514e+01	1.336693e+00	3.138177e-04	18142983.000000	0.000000e+00
1.932714e+01	1.337314e+00	3.143150e-04	18102418.000000	0.000000e+00
1.932913e+01	1.338050e+00	3.147760e-04	18069307.000000	0.000000e+00
1.933112e+01	1.338483e+00	3.151843e-04	18034200.000000	0.000000e+00
1.933312e+01	1.339175e+00	3.156274e-04	18002191.000000	0.000000e+00
1.933511e+01	1.339890e+00	3.159977e-04	17979204.000000	0.000000e+00
1.933711e+01	1.339741e+00	3.164170e-04	17927611.000000	0.000000e+00
1.933910e+01	1.340097e+00	3.166793e-04	17907411.000000	0.000000e+00
1.934110e+01	1.340419e+00	3.169924e-04	17880652.000000	0.000000e+00
1.934309e+01	1.341268e+00	3.175507e-04	17840407.000000	0.000000e+00
1.934509e+01	1.341138e+00	3.178999e-04	17797788.000000	0.000000e+00
1.934708e+01	1.341671e+00	3.181392e-04	17785147.000000	0.000000e+00
1.934908e+01	1.342140e+00	3.186011e-04	17746020.000000	0.000000e+00
1.935107e+01	1.342370e+00	3.190412e-04	17703151.000000	0.000000e+00
1.935307e+01	1.342893e+00	3.194126e-04	17675772.000000	0.000000e+00
1.935506e+01	1.343642e+00	3.197839e-04	17654431.000000	0.000000e+00
1.935706e+01	1.343959e+00	3.202368e-04	17612842.000000	0.000000e+00
1.935905e+01	1.343793e+00	3.205224e-04	17577123.000000	0.000000e+00
1.936104e+01	1.344424e+00	3.208922e-04	17553112.000000	0.000000e+00
1.936304e+01	1.345379e+00	3.214137e-04	17521083.000000	0.000000e+00
1.936503e+01	1.345499e+00	3.217817e-04	17484124.000000	0.000000e+00
1.936703e+01	1.346298e+00	3.223060e-04	17447995.000000	0.000000e+00
1.936902e+01	1.345684e+00	3.223639e-04	17425824.000000	0.000000e+00
1.937102e+01	1.346345e+00	3.228565e-04	17389759.000000	0.000000e+00
1.937301e+01	1.347123e+00	3.233268e-04	17359272.000000	0.000000e+00
1.937501e+01	1.347390e+00	3.237701e-04	17318611.000000	0.000000e+00
1.937700e+01	1.347431e+00	3.239988e-04	17295216.000000	0.000000e+00
1.937900e+01	1.348445e+00	3.245049e-04	17267287.000000	0.000000e+00
1.938099e+01	1.348967e+00	3.249821e-04	17229952.000000	0.000000e+00
1.938299e+01	1.349224e+00	3.254442e-04	17187603.000000	0.000000e+00
1.938498e+01	1.349499e+00	3.256313e-04	17174854.000000	0.000000e+00
1.938698e+01	1.350113e+00	3.261588e-04	17134911.000000	0.000000e+00
1.938897e+01	1.350807e+00	3.266433e-04	17101684.000000	0.000000e+00
1.939096e+01	1.351258e+00	3.270568e-04	17069883.000000	0.000000e+00
1.939296e+01	1.351125e+00	3.272717e-04	17044096.000000	0.000000e+00
1.939495e+01	1.351471e+00	3.276610e-04	17012335.000000	0.000000e+00
1.939695e+01	1.352709e+00	3.284374e-04	16963044.000000	0.000000e+00
1.939894e+01	1.353203e+00	3.286548e-04	16952983.000000	0.000000e+00
1.940094e+01	1.353089e+00	3.289651e-04	16918164.000000	0.000000e+00
1.940293e+01	1.354318e+00	3.297066e-04	16872739.000000	0.000000e+00
1.940493e+01	1.354283e+00	3.299166e-04	16850400.000000	0.000000e+00
1.940692e+01	1.353959e+00	3.300766e-04	16826035.000000	0.000000e+00
1.940892e+01	1.354946e+00	3.306587e-04	16791292.000000	0.000000e+00
1.941091e+01	1.355314e+00	3.311321e-04	16752399.000000	0.000000e+00
1.941291e+01	1.355931e+00	3.315740e-04	16723006.000000	0.000000e+00
1.941490e+01	1.356018e+00	3.318100e-04	16701375.000000	0.000000e+00
1.941689e+01	1.356322e+00	3.323088e-04	16658728.000000	0.000000e+00
1.941889e+01	1.357054e+00	3.327487e-04	16632643.000000	0.000000e+00
1.942088e+01	1.357952e+00	3.333087e-04	16598748.000000	0.000000e+00
1.942288e+01	1.358002e+00	3.335611e-04	16574863.000000	0.000000e+00
1.942487e+01	1.358973e+00	3.341288e-04	16542228.000000	0.000000e+00
1.942687e+01	1.359340e+00	3.346667e-04	16497991.000000	0.000000e+00
1.942886e+01	1.359190e+00	3.347776e-04	16483440.000000	0.000000e+00
1.943086e+01	1.359694e+00	3.352384e-04	16450327.000000	0.000000e+00
1.943285e+01	1.360192e+00	3.357499e-04	16412260.000000	0.000000e+00
1.943485e+01	1.361107e+00	3.363320e-04	16377531.000000	0.000000e+00
1.943684e+01	1.361378e+00	3.365414e-04	16363660.000000	0.000000e+00
1.943884e+01	1.361099e+00	3.368886e-04	16323249.000000	0.000000e+00
1.944083e+01	1.362225e+00	3.375479e-04	16286452.000000	0.000000e+00
1.944282e+01	1.363133e+00	3.380583e-04	16258971.000000	0.000000e+00
1.944482e+01	1.362345e+00	3.380793e-04	16238176.000000	0.000000e+00
1.944681e+01	1.362928e+00	3.386431e-04	16197988.000000	0.000000e+00
1.944881e+01	1.363682e+00	3.391856e-04	16164099.000000	0.000000e+00
1.945080e+01	1.364205e+00	3.395165e-04	16144984.000000	0.000000e+00
1.945280e+01	1.364864e+00	3.400220e-04	16112571.000000	0.000000e+00
1.945479e+01	1.365249e+00	3.405359e-04	16073032.000000	0.000000e+00
1.945679e+01	1.365689e+00	3.409338e-04	16045879.000000	0.000000e+00
1.945878e+01	1.366370e+00	3.413379e-04	16023876.000000	0.000000e+00
1.946078e+01	1.365947e+00	3.416088e-04	15988579.000000	0.000000e+00
1.946277e+01	1.367785e+00	3.424585e-04	15952176.000000	0.000000e+00
1.946477e+01	1.367472e+00	3.426610e-04	15926035.000000	0.000000e+00
1.946676e+01	1.367811e+00	3.430715e-04	15895818.000000	0.000000e+00
1.946876e+01	1.368746e+00	3.435958e-04	15869008.000000	0.000000e+00
1.947075e+01	1.368861e+00	3.440294e-04	15831691.000000	0.000000e+00
1.947274e+01	1.368632e+00	3.442548e-04	15805680.000000	0.000000e+00
1.947474e+01	1.369894e+00	3.448593e-04	15779383.000000	0.000000e+00
1.947673e+01	1.370452e+00	3.453425e-04	15748068.000000	0.000000e+00
1.947873e+01	1.371094e+00	3.459484e-04	15707671.000000	0.000000e+00
1.948072e+01	1.371264e+00	3.462369e-04	15685392.000000	0.000000e+00
1.948272e+01	1.371731e+00	3.466311e-04	15660403.000000	0.000000e+00
1.948471e+01	1.372657e+00	3.472558e-04	15625180.000000	0.000000e+00
1.948671e+01	1.372642e+00	3.476899e-04	15585852.000000	0.000000e+00
1.948870e+01	1.373177e+00	3.479480e-04	15574879.000000	0.000000e+00
1.949070e+01	1.374474e+00	3.487073e-04	15536424.000000	0.000000e+00
1.949269e+01	1.374658e+00	3.491335e-04	15502657.000000	0.000000e+00
1.949469e+01	1.374652e+00	3.494998e-04	15470052.000000	0.000000e+00
1.949668e+01	1.375041e+00	3.497765e-04	15454315.000000	0.000000e+00
1.949868e+01	1.375312e+00	3.502390e-04	15419608.000000	0.000000e+00
1.950067e+01	1.375752e+00	3.507979e-04	15380352.000000	0.000000e+00
1.950266e+01	1.376758e+00	3.512936e-04	15359407.000000	0.000000e+00
1.950466e+01	1.376106e+00	3.514186e-04	15333948.000000	0.000000e+00
1.950665e+01	1.377793e+00	3.523153e-04	15293443.000000	0.000000e+00
1.950865e+01	1.378698e+00	3.528792e-04	15264640.000000	0.000000e+00
1.951064e+01	1.378826e+00	3.531535e-04	15243759.000000	0.000000e+00
1.951264e+01	1.378880e+00	3.535562e-04	15210244.000000	0.000000e+00
1.951463e+01	1.379845e+00	3.541303e-04	15182196.000000	0.000000e+00
1.951663e+01	1.379711e+00	3.545820e-04	15140599.000000	0.000000e+00
1.951862e+01	1.380442e+00	3.548866e-04	15130644.000000	0.000000e+00
1.952062e+01	1.380992e+00	3.554555e-04	15094261.000000	0.000000e+00
1.952261e+01	1.382051e+00	3.561405e-04	15059320.000000	0.000000e+00
1.952461e+01	1.382078e+00	3.565136e-04	15028407.000000	0.000000e+00
1.952660e+01	1.382629e+00	3.568643e-04	15010840.000000	0.000000e+00
1.952860e+01	1.382851e+00	3.572931e-04	14979636.000000	0.000000e+00
1.953059e+01	1.383815e+00	3.580716e-04	14935387.000000	0.000000e+00
1.953258e+01	1.384471e+00	3.584233e-04	14920212.000000	0.000000e+00
1.953458e+01	1.384352e+00	3.586907e-04	14895427.000000	0.000000e+00
1.953657e+01	1.384511e+00	3.592258e-04	14854492.000000	0.000000e+00
1.953857e+01	1.385647e+00	3.599044e-04	14822820.000000	0.000000e+00
1.954056e+01	1.385823e+00	3.600926e-04	14811103.000000	0.000000e+00
1.954256e+01	1.386299e+00	3.606655e-04	14774232.000000	0.000000e+00
1.954455e+01	1.387326e+00	3.613813e-04	14737567.000000	0.000000e+00
1.954655e+01	1.387949e+00	3.618899e-04	14709366.000000	0.000000e+00
1.954854e+01	1.388167e+00	3.621060e-04	14696428.000000	0.000000e+00
1.955054e+01	1.387601e+00	3.624812e-04	14654071.000000	0.000000e+00
1.955253e+01	1.388887e+00	3.631969e-04	14623452.000000	0.000000e+00
1.955453e+01	1.389797e+00	3.636997e-04	14602159.000000	0.000000e+00
1.955652e+01	1.389950e+00	3.641105e-04	14572428.000000	0.000000e+00
1.955851e+01	1.390267e+00	3.646054e-04	14539516.000000	0.000000e+00
1.956051e+01	1.392144e+00	3.654894e-04	14508367.000000	0.000000e+00
1.956250e+01	1.391573e+00	3.655988e-04	14487804.000000	0.000000e+00
1.956450e+01	1.391759e+00	3.660374e-04	14456971.000000	0.000000e+00
1.956649e+01	1.392370e+00	3.665244e-04	14431236.000000	0.000000e+00
1.956849e+01	1.393465e+00	3.672961e-04	14393272.000000	0.000000e+00
1.957048e+01	1.393112e+00	3.675149e-04	14368863.000000	0.000000e+00
1.957248e+01	1.394769e+00	3.681670e-04	14352082.000000	0.000000e+00
1.957447e+01	1.394243e+00	3.685522e-04	14311288.000000	0.000000e+00
1.957647e+01	1.395168e+00	3.692503e-04	14276151.000000	0.000000e+00
1.957846e+01	1.395737e+00	3.695438e-04	14265124.000000	0.000000e+00
1.958046e+01	1.395961e+00	3.700648e-04	14229543.000000	0.000000e+00
1.958245e+01	1.397095e+00	3.707773e-04	14197960.000000	0.000000e+00
1.958444e+01	1.396447e+00	3.709700e-04	14170044.000000	0.000000e+00
1.958644e+01	1.397587e+00	3.715102e-04	14151943.000000	0.000000e+00
1.958843e+01	1.397615e+00	3.719878e-04	14116192.000000	0.000000e+00
1.959043e+01	1.399086e+00	3.729038e-04	14076507.000000	0.000000e+00
1.959242e+01	1.399788e+00	3.731815e-04	14069692.000000	0.000000e+00
1.959442e+01	1.399518e+00	3.735952e-04	14033124.000000	0.000000e+00
1.959641e+01	1.400352e+00	3.742840e-04	13998199.000000	0.000000e+00
1.959841e+01	1.400614e+00	3.746943e-04	13972774.000000	0.000000e+00
1.960040e+01	1.401089e+00	3.750852e-04	13953132.000000	0.000000e+00
1.960240e+01	1.401904e+00	3.757272e-04	13921663.000000	0.000000e+00
1.960439e+01	1.402766e+00	3.763811e-04	13890408.000000	0.000000e+00
1.960639e+01	1.402996e+00	3.768525e-04	13860223.000000	0.000000e+00
1.960838e+01	1.403124e+00	3.770931e-04	13845072.000000	0.000000e+00
1.961038e+01	1.404569e+00	3.780517e-04	13803328.000000	0.000000e+00
1.961237e+01	1.405011e+00	3.785245e-04	13777543.000000	0.000000e+00
1.961436e+01	1.404920e+00	3.787899e-04	13756452.000000	0.000000e+00
1.961636e+01	1.405140e+00	3.792602e-04	13726648.000000	0.000000e+00
1.961835e+01	1.405809e+00	3.797816e-04	13702023.000000	0.000000e+00
1.962035e+01	1.406562e+00	3.805541e-04	13661068.000000	0.000000e+00
1.962234e+01	1.406607e+00	3.807471e-04	13648098.000000	0.000000e+00
1.962434e+01	1.407618e+00	3.814509e-04	13617331.000000	0.000000e+00
1.962633e+01	1.409028e+00	3.822805e-04	13585468.000000	0.000000e+00
1.962833e+01	1.409370e+00	3.828248e-04	13553460.000000	0.000000e+00
1.963032e+01	1.409441e+00	3.830334e-04	13540063.000000	0.000000e+00
1.963232e+01	1.409655e+00	3.835206e-04	13509780.000000	0.000000e+00
1.963431e+01	1.409644e+00	3.840577e-04	13471819.000000	0.000000e+00
1.963631e+01	1.411394e+00	3.848279e-04	13451268.000000	0.000000e+00
1.963830e+01	1.411606e+00	3.852434e-04	13426312.000000	0.000000e+00
1.964030e+01	1.412745e+00	3.860129e-04	13394419.000000	0.000000e+00
1.964229e+01	1.412688e+00	3.864070e-04	13366032.000000	0.000000e+00
1.964428e+01	1.412631e+00	3.867552e-04	13340896.000000	0.000000e+00
1.964628e+01	1.413552e+00	3.873262e-04	13318935.000000	0.000000e+00
1.964827e+01	1.414267e+00	3.880102e-04	13285450.000000	0.000000e+00
1.965027e+01	1.414031e+00	3.884246e-04	13252708.000000	0.000000e+00
1.965226e+01	1.415406e+00	3.889557e-04	13242255.000000	0.000000e+00
1.965426e+01	1.415905e+00	3.896357e-04	13205380.000000	0.000000e+00
1.965625e+01	1.415682e+00	3.899825e-04	13177740.000000	0.000000e+00
1.965825e+01	1.416622e+00	3.906976e-04	13146991.000000	0.000000e+00
1.966024e+01	1.418065e+00	3.913382e-04	13130700.000000	0.000000e+00
1.966224e+01	1.417847e+00	3.917100e-04	13101760.000000	0.000000e+00
1.966423e+01	1.419164e+00	3.926042e-04	13066375.000000	0.000000e+00
1.966623e+01	1.419146e+00	3.929687e-04	13041816.000000	0.000000e+00
1.966822e+01	1.419834e+00	3.934331e-04	13023664.000000	0.000000e+00
1.967022e+01	1.420797e+00	3.942057e-04	12990279.000000	0.000000e+00
1.967221e+01	1.420706e+00	3.946523e-04	12959230.000000	0.000000e+00
1.967420e+01	1.422050e+00	3.953287e-04	12939372.000000	0.000000e+00
1.967620e+01	1.422339e+00	3.957856e-04	12914755.000000	0.000000e+00
1.967819e+01	1.422781e+00	3.963687e-04	12884800.000000	0.000000e+00
1.968019e+01	1.423167e+00	3.970417e-04	12848112.000000	0.000000e+00
1.968218e+01	1.423702e+00	3.973441e-04	12838207.000000	0.000000e+00
1.968418e+01	1.423576e+00	3.977887e-04	12807264.000000	0.000000e+00
1.968617e+01	1.424373e+00	3.985313e-04	12773872.000000	0.000000e+00
1.968817e+01	1.424814e+00	3.990981e-04	12745503.000000	0.000000e+00
1.969016e+01	1.426002e+00	3.996566e-04	12731104.000000	0.000000e+00
1.969216e+01	1.425847e+00	4.000851e-04	12701092.000000	0.000000e+00
1.969415e+01	1.427191e+00	4.010618e-04	12663147.000000	0.000000e+00
1.969614e+01	1.428084e+00	4.015140e-04	12650458.000000	0.000000e+00
1.969814e+01	1.428960e+00	4.021760e-04	12624312.000000	0.000000e+00
1.970014e+01	1.428678e+00	4.026209e-04	12591463.000000	0.000000e+00
1.970213e+01	1.429490e+00	4.032959e-04	12563608.000000	0.000000e+00
1.970412e+01	1.429407e+00	4.036417e-04	12540648.000000	0.000000e+00
1.970612e+01	1.430529e+00	4.043353e-04	12517279.000000	0.000000e+00
1.970811e+01	1.430531e+00	4.048238e-04	12487116.000000	0.000000e+00
1.971011e+01	1.431746e+00	4.057127e-04	12453604.000000	0.000000e+00
1.971210e+01	1.432122e+00	4.059611e-04	12444888.000000	0.000000e+00
1.971410e+01	1.432726e+00	4.066854e-04	12411067.000000	0.000000e+00
1.971609e+01	1.433299e+00	4.073069e-04	12383116.000000	0.000000e+00
1.971809e+01	1.434558e+00	4.081738e-04	12352248.000000	0.000000e+00
1.972008e+01	1.434232e+00	4.082968e-04	12339187.000000	0.000000e+00
1.972208e+01	1.435166e+00	4.091223e-04	12305454.000000	0.000000e+00
1.972407e+01	1.435532e+00	4.097434e-04	12274444.000000	0.000000e+00
1.972606e+01	1.436909e+00	4.104029e-04	12258507.000000	0.000000e+00
1.972806e+01	1.436557e+00	4.107488e-04	12231880.000000	0.000000e+00
1.973005e+01	1.437511e+00	4.115270e-04	12201844.000000	0.000000e+00
1.973205e+01	1.437904e+00	4.121573e-04	12171219.000000	0.000000e+00
1.973404e+01	1.438342e+00	4.125695e-04	12154300.000000	0.000000e+00
1.973604e+01	1.438661e+00	4.130580e-04	12130956.000000	0.000000e+00
1.973803e+01	1.440290e+00	4.141371e-04	12095152.000000	0.000000e+00
1.974003e+01	1.440013e+00	4.145230e-04	12068007.000000	0.000000e+00
1.974202e+01	1.440354e+00	4.148403e-04	12055264.000000	0.000000e+00
1.974402e+01	1.441527e+00	4.157276e-04	12023416.000000	0.000000e+00
1.974601e+01	1.441943e+00	4.163518e-04	11994309.000000	0.000000e+00
1.974801e+01	1.442789e+00	4.170007e-04	11971048.000000	0.000000e+00
1.975000e+01	1.443133e+00	4.174599e-04	11950428.000000	0.000000e+00
1.975200e+01	1.443382e+00	4.180030e-04	11923504.000000	0.000000e+00
1.975399e+01	1.444522e+00	4.189593e-04	11887879.000000	0.000000e+00
1.975598e+01	1.445288e+00	4.194706e-04	11871504.000000	0.000000e+00
1.975798e+01	1.445835e+00	4.200562e-04	11847388.000000	0.000000e+00
1.975997e+01	1.446954e+00	4.208522e-04	11820891.000000	0.000000e+00
1.976197e+01	1.447523e+00	4.215697e-04	11789956.000000	0.000000e+00
1.976396e+01	1.448163e+00	4.220851e-04	11771592.000000	0.000000e+00
1.976596e+01	1.449140e+00	4.228027e-04	11747488.000000	0.000000e+00
1.976795e+01	1.448513e+00	4.232122e-04	11714635.000000	0.000000e+00
1.976995e+01	1.449580e+00	4.239831e-04	11689266.000000	0.000000e+00
1.977194e+01	1.449722e+00	4.243371e-04	11672056.000000	0.000000e+00
1.977394e+01	1.450533e+00	4.250699e-04	11644875.000000	0.000000e+00
1.977593e+01	1.451720e+00	4.259190e-04	11617480.000000	0.000000e+00
1.977793e+01	1.451553e+00	4.263925e-04	11589024.000000	0.000000e+00
1.977992e+01	1.452789e+00	4.270098e-04	11575216.000000	0.000000e+00
1.978192e+01	1.454284e+00	4.280264e-04	11544031.000000	0.000000e+00
1.978391e+01	1.453973e+00	4.286364e-04	11506272.000000	0.000000e+00
1.978590e+01	1.453937e+00	4.287751e-04	11498260.000000	0.000000e+00
1.978790e+01	1.454880e+00	4.295573e-04	11471295.000000	0.000000e+00
1.978989e+01	1.455794e+00	4.302937e-04	11446420.000000	0.000000e+00
1.979189e+01	1.456678e+00	4.312514e-04	11409484.000000	0.000000e+00
1.979388e+01	1.456941e+00	4.314479e-04	11403210.000000	0.000000e+00
1.979588e+01	1.458596e+00	4.325606e-04	11370403.000000	0.000000e+00
1.979787e+01	1.459016e+00	4.333013e-04	11338092.000000	0.000000e+00
1.979987e+01	1.458507e+00	4.335321e-04	11318128.000000	0.000000e+00
1.980186e+01	1.459339e+00	4.341177e-04	11300496.000000	0.000000e+00
1.980386e+01	1.459680e+00	4.347680e-04	11271979.000000	0.000000e+00
1.980585e+01	1.459973e+00	4.354495e-04	11241232.000000	0.000000e+00
1.980784e+01	1.460255e+00	4.359617e-04	11219172.000000	0.000000e+00
1.980984e+01	1.462249e+00	4.367951e-04	11206948.000000	0.000000e+00
1.981184e+01	1.461883e+00	4.374989e-04	11165319.000000	0.000000e+00
1.981383e+01	1.463177e+00	4.382596e-04	11146300.000000	0.000000e+00
1.981582e+01	1.463616e+00	4.387711e-04	11127006.000000	0.000000e+00
1.981782e+01	1.464230e+00	4.394940e-04	11099743.000000	0.000000e+00
1.981981e+01	1.464434e+00	4.400631e-04	11074132.000000	0.000000e+00
1.982181e+01	1.465743e+00	4.411123e-04	11041224.000000	0.000000e+00
1.982380e+01	1.465784e+00	4.412480e-04	11035060.000000	0.000000e+00
1.982580e+01	1.467805e+00	4.424572e-04	11005107.000000	0.000000e+00
1.982779e+01	1.468147e+00	4.432390e-04	10971424.000000	0.000000e+00
1.982979e+01	1.468417e+00	4.437022e-04	10952556.000000	0.000000e+00
1.983178e+01	1.469263e+00	4.443561e-04	10932940.000000	0.000000e+00
1.983378e+01	1.468810e+00	4.447466e-04	10907023.000000	0.000000e+00
1.983577e+01	1.470216e+00	4.458350e-04	10874616.000000	0.000000e+00
1.983776e+01	1.470359e+00	4.462647e-04	10855792.000000	0.000000e+00
1.983976e+01	1.472093e+00	4.471652e-04	10837638.000000	0.000000e+00
1.984175e+01	1.472996e+00	4.480039e-04	10810351.000000	0.000000e+00
1.984375e+01	1.472936e+00	4.487049e-04	10775716.000000	0.000000e+00
1.984574e+01	1.473379e+00	4.490183e-04	10767144.000000	0.000000e+00
1.984774e+01	1.474699e+00	4.499982e-04	10739536.000000	0.000000e+00
1.984973e+01	1.474908e+00	4.506506e-04	10711491.000000	0.000000e+00
1.985173e+01	1.476200e+00	4.516737e-04	10681708.000000	0.000000e+00
1.985372e+01	1.476104e+00	4.518498e-04	10671996.000000	0.000000e+00
1.985572e+01	1.476264e+00	4.524792e-04	10644628.000000	0.000000e+00
1.985771e+01	1.476657e+00	4.533017e-04	10611691.000000	0.000000e+00
1.985971e+01	1.478422e+00	4.542212e-04	10594044.000000	0.000000e+00
1.986170e+01	1.477941e+00	4.544995e-04	10574194.000000	0.000000e+00
1.986370e+01	1.479012e+00	4.554580e-04	10545000.000000	0.000000e+00
1.986569e+01	1.479766e+00	4.562577e-04	10518784.000000	0.000000e+00
1.986768e+01	1.480489e+00	4.569291e-04	10498155.000000	0.000000e+00
1.986968e+01	1.481453e+00	4.575251e-04	10484452.000000	0.000000e+00
1.987167e+01	1.482502e+00	4.586452e-04	10448092.000000	0.000000e+00
1.987367e+01	1.481666e+00	4.589852e-04	10420848.000000	0.000000e+00
1.987566e+01	1.482883e+00	4.595502e-04	10412335.000000	0.000000e+00
1.987766e+01	1.483441e+00	4.603761e-04	10382820.000000	0.000000e+00
1.987965e+01	1.485197e+00	4.615170e-04	10356016.000000	0.000000e+00
1.988165e+01	1.484674e+00	4.620043e-04	10326900.000000	0.000000e+00
1.988364e+01	1.485970e+00	4.625874e-04	10318879.000000	0.000000e+00
1.988564e+01	1.486013e+00	4.632116e-04	10291678.000000	0.000000e+00
1.988763e+01	1.486583e+00	4.642023e-04	10255668.000000	0.000000e+00
1.988963e+01	1.487984e+00	4.649300e-04	10242868.000000	0.000000e+00
1.989162e+01	1.488737e+00	4.656293e-04	10222464.000000	0.000000e+00
1.989362e+01	1.489776e+00	4.665169e-04	10197823.000000	0.000000e+00
1.989561e+01	1.490415e+00	4.675132e-04	10163116.000000	0.000000e+00
1.989760e+01	1.490391e+00	4.677984e-04	10150392.000000	0.000000e+00
1.989960e+01	1.490730e+00	4.683338e-04	10131808.000000	0.000000e+00
1.990159e+01	1.491498e+00	4.694098e-04	10095807.000000	0.000000e+00
1.990359e+01	1.492614e+00	4.702782e-04	10073620.000000	0.000000e+00
1.990558e+01	1.494498e+00	4.710380e-04	10066512.000000	0.000000e+00
1.990758e+01	1.493840e+00	4.715878e-04	10034206.000000	0.000000e+00
1.990957e+01	1.494931e+00	4.725847e-04	10006516.000000	0.000000e+00
1.991157e+01	1.495987e+00	4.734932e-04	9982251.000000	0.000000e+00
1.991356e+01	1.497619e+00	4.742871e-04	9970576.000000	0.000000e+00
1.991556e+01	1.496020e+00	4.744912e-04	9940728.000000	0.000000e+00
1.991755e+01	1.496890e+00	4.754228e-04	9913336.000000	0.000000e+00
1.991955e+01	1.497986e+00	4.761590e-04	9897183.000000	0.000000e+00
1.992154e+01	1.499601e+00	4.771382e-04	9877864.000000	0.000000e+00
1.992354e+01	1.500215e+00	4.780171e-04	9849628.000000	0.000000e+00
1.992553e+01	1.500522e+00	4.788368e-04	9819960.000000	0.000000e+00
1.992752e+01	1.500691e+00	4.791190e-04	9810604.000000	0.000000e+00
1.992952e+01	1.502146e+00	4.802156e-04	9784791.000000	0.000000e+00
1.993151e+01	1.503538e+00	4.813842e-04	9755398.000000	0.000000e+00
1.993351e+01	1.503376e+00	4.819748e-04	9729408.000000	0.000000e+00
1.993550e+01	1.503535e+00	4.822171e-04	9721696.000000	0.000000e+00
1.993750e+01	1.503637e+00	4.829038e-04	9695380.000000	0.000000e+00
1.993949e+01	1.505178e+00	4.841645e-04	9664731.000000	0.000000e+00
1.994149e+01	1.506108e+00	4.850150e-04	9642772.000000	0.000000e+00
1.994348e+01	1.505521e+00	4.851344e-04	9630516.000000	0.000000e+00
1.994548e+01	1.507776e+00	4.865910e-04	9601636.000000	0.000000e+00
1.994747e+01	1.508445e+00	4.875502e-04	9572392.000000	0.000000e+00
1.994946e+01	1.508521e+00	4.879311e-04	9558411.000000	0.000000e+00
1.995146e+01	1.509582e+00	4.887534e-04	9539680.000000	0.000000e+00
1.995346e+01	1.511630e+00	4.901084e-04	9512766.000000	0.000000e+00
1.995545e+01	1.510978e+00	4.907000e-04	9481648.000000	0.000000e+00
1.995744e+01	1.511108e+00	4.910399e-04	9470160.000000	0.000000e+00
1.995944e+01	1.512023e+00	4.917948e-04	9452551.000000	0.000000e+00
1.996143e+01	1.512739e+00	4.929447e-04	9417412.000000	0.000000e+00
1.996343e+01	1.514990e+00	4.941875e-04	9398016.000000	0.000000e+00
1.996542e+01	1.513362e+00	4.940138e-04	9384424.000000	0.000000e+00
1.996742e+01	1.515382e+00	4.953300e-04	9359544.000000	0.000000e+00
1.996941e+01	1.515525e+00	4.961477e-04	9330487.000000	0.000000e+00
1.997141e+01	1.516430e+00	4.970540e-04	9307596.000000	0.000000e+00
1.997340e+01	1.517100e+00	4.974822e-04	9299788.000000	0.000000e+00
1.997540e+01	1.516794e+00	4.982505e-04	9267394.000000	0.000000e+00
1.997739e+01	1.518332e+00	4.994701e-04	9240900.000000	0.000000e+00
1.997938e+01	1.518904e+00	5.000152e-04	9227719.000000	0.000000e+00
1.998138e+01	1.520489e+00	5.011933e-04	9203568.000000	0.000000e+00
1.998337e+01	1.520873e+00	5.019216e-04	9181516.000000	0.000000e+00
1.998537e+01	1.522609e+00	5.032724e-04	9153148.000000	0.000000e+00
1.998736e+01	1.522693e+00	5.035465e-04	9144192.000000	0.000000e+00
1.998936e+01	1.522358e+00	5.041815e-04	9117163.000000	0.000000e+00
1.999135e+01	1.523314e+00	5.052515e-04	9090000.000000	0.000000e+00
1.999335e+01	1.526586e+00	5.069644e-04	9067504.000000	0.000000e+00
1.999534e+01	1.525261e+00	5.068251e-04	9056748.000000	0.000000e+00
1.999734e+01	1.525704e+00	5.077690e-04	9028342.000000	0.000000e+00
1.999933e+01	1.526656e+00	5.087894e-04	9003388.000000	0.000000e+00
2.000133e+01	1.527316e+00	5.095126e-04	8985615.000000	0.000000e+00
2.000332e+01	1.528186e+00	5.102094e-04	8971300.000000	0.000000e+00
2.000532e+01	1.529553e+00	5.115485e-04	8940372.000000	0.000000e+00
2.000731e+01	1.529910e+00	5.124181e-04	8914204.000000	0.000000e+00
2.000930e+01	1.530650e+00	5.129978e-04	8902680.000000	0.000000e+00
2.001130e+01	1.530913e+00	5.136643e-04	8882644.000000	0.000000e+00
2.001329e+01	1.533459e+00	5.153606e-04	8853643.000000	0.000000e+00
2.001529e+01	1.533444e+00	5.161275e-04	8827176.000000	0.000000e+00
2.001728e+01	1.532727e+00	5.160054e-04	8823100.000000	0.000000e+00
2.001928e+01	1.534454e+00	5.174524e-04	8793606.000000	0.000000e+00
2.002127e+01	1.535028e+00	5.184531e-04	8766244.000000	0.000000e+00
2.002327e+01	1.536527e+00	5.195163e-04	8747463.000000	0.000000e+00
2.002526e+01	1.536018e+00	5.197699e-04	8733136.000000	0.000000e+00
2.002726e+01	1.537707e+00	5.210276e-04	8710156.000000	0.000000e+00
2.002925e+01	1.538549e+00	5.221744e-04	8681436.000000	0.000000e+00
2.003125e+01	1.538339e+00	5.226401e-04	8663608.000000	0.000000e+00
2.003324e+01	1.540245e+00	5.236459e-04	8651760.000000	0.000000e+00
2.003524e+01	1.540202e+00	5.245991e-04	8619859.000000	0.000000e+00
2.003723e+01	1.542905e+00	5.262177e-04	8597008.000000	0.000000e+00
2.003922e+01	1.543309e+00	5.266834e-04	8586312.000000	0.000000e+00
2.004122e+01	1.543192e+00	5.274376e-04	8560474.000000	0.000000e+00
2.004321e+01	1.543776e+00	5.283550e-04	8537232.000000	0.000000e+00
2.004521e+01	1.544448e+00	5.294619e-04	8508976.000000	0.000000e+00
2.004720e+01	1.546138e+00	5.300865e-04	8507523.000000	0.000000e+00
2.004920e+01	1.546339e+00	5.311671e-04	8475148.000000	0.000000e+00
2.005119e+01	1.546513e+00	5.319858e-04	8450980.000000	0.000000e+00
2.005319e+01	1.547080e+00	5.327152e-04	8434032.000000	0.000000e+00
2.005518e+01	1.548188e+00	5.336307e-04	8417164.000000	0.000000e+00
2.005718e+01	1.549593e+00	5.348051e-04	8395452.000000	0.000000e+00
2.005917e+01	1.549959e+00	5.358729e-04	8365984.000000	0.000000e+00
2.006116e+01	1.551273e+00	5.368328e-04	8350227.000000	0.000000e+00
2.006316e+01	1.551033e+00	5.371653e-04	8337310.000000	0.000000e+00
2.006516e+01	1.551608e+00	5.383859e-04	8305708.000000	0.000000e+00
2.006715e+01	1.553015e+00	5.395639e-04	8284488.000000	0.000000e+00
2.006914e+01	1.553664e+00	5.400693e-04	8275900.000000	0.000000e+00
2.007114e+01	1.553643e+00	5.409067e-04	8250072.000000	0.000000e+00
2.007313e+01	1.555939e+00	5.425775e-04	8223595.000000	0.000000e+00
2.007513e+01	1.556563e+00	5.436396e-04	8198064.000000	0.000000e+00
2.007712e+01	1.556834e+00	5.437631e-04	8197192.000000	0.000000e+00
2.007912e+01	1.558194e+00	5.452799e-04	8165896.000000	0.000000e+00
2.008111e+01	1.558949e+00	5.462862e-04	8143728.000000	0.000000e+00
2.008311e+01	1.559627e+00	5.471713e-04	8124466.000000	0.000000e+00
2.008510e+01	1.560033e+00	5.478141e-04	8109636.000000	0.000000e+00
2.008710e+01	1.561847e+00	5.493255e-04	8083831.000000	0.000000e+00
2.008909e+01	1.561146e+00	5.499972e-04	8056864.000000	0.000000e+00
2.009108e+01	1.561817e+00	5.505142e-04	8048652.000000	0.000000e+00
2.009308e+01	1.563925e+00	5.519950e-04	8027152.000000	0.000000e+00
2.009508e+01	1.564547e+00	5.531101e-04	8001180.000000	0.000000e+00
2.009707e+01	1.564883e+00	5.540977e-04	7976104.000000	0.000000e+00
2.009906e+01	1.565041e+00	5.543166e-04	7971420.000000	0.000000e+00
2.010106e+01	1.567141e+00	5.559693e-04	7945375.000000	0.000000e+00
2.010305e+01	1.567789e+00	5.571505e-04	7918264.000000	0.000000e+00
2.010505e+01	1.569683e+00	5.585104e-04	7898802.000000	0.000000e+00
2.010704e+01	1.568626e+00	5.585317e-04	7887568.000000	0.000000e+00
2.010904e+01	1.569786e+00	5.596986e-04	7866336.000000	0.000000e+00
2.011103e+01	1.570791e+00	5.610973e-04	7837192.000000	0.000000e+00
2.011303e+01	1.571268e+00	5.618369e-04	7821324.000000	0.000000e+00
2.011502e+01	1.573264e+00	5.630548e-04	7807315.000000	0.000000e+00
2.011702e+01	1.572841e+00	5.637950e-04	7782640.000000	0.000000e+00
2.011901e+01	1.574058e+00	5.651198e-04	7758192.000000	0.000000e+00
2.012100e+01	1.574725e+00	5.657728e-04	7746856.000000	0.000000e+00
2.012300e+01	1.575343e+00	5.667208e-04	7727016.000000	0.000000e+00
2.012499e+01	1.576582e+00	5.682103e-04	7698658.000000	0.000000e+00
2.012699e+01	1.578165e+00	5.695926e-04	7676724.000000	0.000000e+00
2.012898e+01	1.577466e+00	5.694689e-04	7673260.000000	0.000000e+00
2.013098e+01	1.578376e+00	5.708109e-04	7646035.000000	0.000000e+00
2.013297e+01	1.581245e+00	5.727650e-04	7621584.000000	0.000000e+00
2.013497e+01	1.580069e+00	5.731485e-04	7600072.000000	0.000000e+00
2.013696e+01	1.580485e+00	5.735338e-04	7593864.000000	0.000000e+00
2.013896e+01	1.582670e+00	5.754151e-04	7565164.000000	0.000000e+00
2.014095e+01	1.582965e+00	5.765350e-04	7538608.000000	0.000000e+00
2.014295e+01	1.583995e+00	5.772404e-04	7529988.000000	0.000000e+00
2.014494e+01	1.585226e+00	5.783755e-04	7512124.000000	0.000000e+00
2.014694e+01	1.586562e+00	5.798156e-04	7487457.000000	0.000000e+00
2.014893e+01	1.586892e+00	5.809396e-04	7461616.000000	0.000000e+00
2.015092e+01	1.586095e+00	5.809939e-04	7452732.000000	0.000000e+00
2.015292e+01	1.588039e+00	5.825002e-04	7432420.000000	0.000000e+00
2.015491e+01	1.589812e+00	5.840892e-04	7408552.000000	0.000000e+00
2.015691e+01	1.590134e+00	5.852326e-04	7382616.000000	0.000000e+00
2.015890e+01	1.590913e+00	5.856865e-04	7378408.000000	0.000000e+00
2.016090e+01	1.591681e+00	5.869045e-04	7354908.000000	0.000000e+00
2.016289e+01	1.591662e+00	5.878635e-04	7330759.000000	0.000000e+00
2.016489e+01	1.592811e+00	5.891086e-04	7310340.000000	0.000000e+00
2.016688e+01	1.594191e+00	5.900687e-04	7299202.000000	0.000000e+00
2.016888e+01	1.595142e+00	5.914005e-04	7275040.000000	0.000000e+00
2.017087e+01	1.595907e+00	5.926730e-04	7250784.000000	0.000000e+00
2.017286e+01	1.596081e+00	5.932571e-04	7238092.000000	0.000000e+00
2.017486e+01	1.598329e+00	5.946708e-04	7224024.000000	0.000000e+00
2.017686e+01	1.598189e+00	5.957062e-04	7197676.000000	0.000000e+00
2.017885e+01	1.598977e+00	5.971451e-04	7170088.000000	0.000000e+00
2.018084e+01	1.601257e+00	5.980169e-04	7169607.000000	0.000000e+00
2.018284e+01	1.600332e+00	5.987622e-04	7143508.000000	0.000000e+00
2.018483e+01	1.602529e+00	6.005579e-04	7120356.000000	0.000000e+00
2.018683e+01	1.602143e+00	6.012818e-04	7099804.000000	0.000000e+00
2.018882e+01	1.603616e+00	6.022218e-04	7090674.000000	0.000000e+00
2.019082e+01	1.604828e+00	6.036682e-04	7067416.000000	0.000000e+00
2.019281e+01	1.605175e+00	6.049232e-04	7041160.000000	0.000000e+00
2.019481e+01	1.606278e+00	6.058612e-04	7029024.000000	0.000000e+00
2.019680e+01	1.607178e+00	6.067342e-04	7016668.000000	0.000000e+00
2.019880e+01	1.608501e+00	6.084127e-04	6989499.000000	0.000000e+00
2.020079e+01	1.608111e+00	6.092536e-04	6966844.000000	0.000000e+00
2.020278e+01	1.609614e+00	6.102861e-04	6956268.000000	0.000000e+00
2.020478e+01	1.610197e+00	6.112218e-04	6940012.000000	0.000000e+00
2.020678e+01	1.611478e+00	6.129304e-04	6912364.000000	0.000000e+00
2.020877e+01	1.612906e+00	6.144187e-04	6891114.000000	0.000000e+00
2.021076e+01	1.612497e+00	6.143951e-04	6888148.000000	0.000000e+00
2.021276e+01	1.613942e+00	6.161379e-04	6861516.000000	0.000000e+00
2.021475e+01	1.614238e+00	6.172242e-04	6839896.000000	0.000000e+00
2.021675e+01	1.614685e+00	6.183547e-04	6818676.000000	0.000000e+00
2.021874e+01	1.617472e+00	6.197501e-04	6811459.000000	0.000000e+00
2.022074e+01	1.616890e+00	6.206923e-04	6785908.000000	0.000000e+00
2.022273e+01	1.617690e+00	6.219126e-04	6765996.000000	0.000000e+00
2.022473e+01	1.618262e+00	6.229124e-04	6749068.000000	0.000000e+00
2.022672e+01	1.619928e+00	6.239826e-04	6739788.000000	0.000000e+00
2.022872e+01	1.621799e+00	6.260587e-04	6710638.000000	0.000000e+00
2.023071e+01	1.622142e+00	6.272113e-04	6688828.000000	0.000000e+00
2.023270e+01	1.621706e+00	6.274602e-04	6679932.000000	0.000000e+00
2.023470e+01	1.624306e+00	6.293115e-04	6661996.000000	0.000000e+00
2.023670e+01	1.624587e+00	6.305598e-04	6637944.000000	0.000000e+00
2.023869e+01	1.626123e+00	6.323329e-04	6613252.000000	0.000000e+00
2.024068e+01	1.627468e+00	6.328269e-04	6613863.000000	0.000000e+00
2.024268e+01	1.626544e+00	6.336885e-04	6588400.000000	0.000000e+00
2.024467e+01	1.629305e+00	6.360390e-04	6562012.000000	0.000000e+00
2.024667e+01	1.629210e+00	6.367485e-04	6546636.000000	0.000000e+00
2.024866e+01	1.630527e+00	6.376226e-04	6539260.000000	0.000000e+00
2.025066e+01	1.631282e+00	6.391782e-04	6513498.000000	0.000000e+00
2.025265e+01	1.632616e+00	6.409378e-04	6488380.000000	0.000000e+00
2.025465e+01	1.631459e+00	6.408888e-04	6480180.000000	0.000000e+00
2.025664e+01	1.634301e+00	6.428049e-04	6464068.000000	0.000000e+00
2.025864e+01	1.635400e+00	6.444631e-04	6439492.000000	0.000000e+00
2.026063e+01	1.636505e+00	6.459701e-04	6418152.000000	0.000000e+00
2.026262e+01	1.637405e+00	6.466630e-04	6411448.000000	0.000000e+00
2.026462e+01	1.637767e+00	6.478101e-04	6391587.000000	0.000000e+00
2.026662e+01	1.637863e+00	6.490970e-04	6367012.000000	0.000000e+00
2.026861e+01	1.640198e+00	6.510980e-04	6345996.000000	0.000000e+00
2.027060e+01	1.641393e+00	6.518019e-04	6341530.000000	0.000000e+00
2.027260e+01	1.640678e+00	6.526789e-04	6318988.000000	0.000000e+00
2.027459e+01	1.640310e+00	6.537063e-04	6296316.000000	0.000000e+00
2.027659e+01	1.643041e+00	6.556448e-04	6280000.000000	0.000000e+00
2.027858e+01	1.644202e+00	6.566418e-04	6269796.000000	0.000000e+00
2.028058e+01	1.645495e+00	6.582790e-04	6248464.000000	0.000000e+00
2.028257e+01	1.645574e+00	6.597859e-04	6220552.000000	0.000000e+00
2.028456e+01	1.646943e+00	6.607690e-04	6212376.000000	0.000000e+00
2.028656e+01	1.647536e+00	6.617524e-04	6198388.000000	0.000000e+00
2.028856e+01	1.647594e+00	6.629422e-04	6176592.000000	0.000000e+00
2.029055e+01	1.649808e+00	6.652258e-04	6150757.000000	0.000000e+00
2.029254e+01	1.651328e+00	6.659493e-04	6148716.000000	0.000000e+00
2.029454e+01	1.651396e+00	6.671376e-04	6127336.000000	0.000000e+00
2.029653e+01	1.652812e+00	6.690033e-04	6103660.000000	0.000000e+00
2.029853e+01	1.652148e+00	6.698459e-04	6083424.000000	0.000000e+00
2.030052e+01	1.654084e+00	6.709774e-04	6077140.000000	0.000000e+00
2.030252e+01	1.656013e+00	6.729177e-04	6056244.000000	0.000000e+00
2.030451e+01	1.656935e+00	6.745893e-04	6032980.000000	0.000000e+00
2.030651e+01	1.657433e+00	6.755246e-04	6019908.000000	0.000000e+00
2.030850e+01	1.658042e+00	6.763740e-04	6009208.000000	0.000000e+00
2.031050e+01	1.659125e+00	6.782263e-04	5984242.000000	0.000000e+00
2.031249e+01	1.660140e+00	6.799012e-04	5962080.000000	0.000000e+00
2.031448e+01	1.661570e+00	6.809487e-04	5953996.000000	0.000000e+00
2.031648e+01	1.662373e+00	6.821169e-04	5939352.000000	0.000000e+00
2.031848e+01	1.663561e+00	6.840181e-04	5914828.000000	0.000000e+00
2.032047e+01	1.663940e+00	6.855423e-04	5891239.000000	0.000000e+00
2.032246e+01	1.664012e+00	6.854888e-04	5892672.000000	0.000000e+00
2.032446e+01	1.665770e+00	6.876663e-04	5867788.000000	0.000000e+00
2.032645e+01	1.665794e+00	6.889599e-04	5845944.000000	0.000000e+00
2.032845e+01	1.667723e+00	6.907436e-04	5829268.000000	0.000000e+00
2.033044e+01	1.668151e+00	6.914150e-04	5820942.000000	0.000000e+00
2.033244e+01	1.670096e+00	6.935623e-04	5798452.000000	0.000000e+00
2.033443e+01	1.671355e+00	6.954276e-04	5776084.000000	0.000000e+00
2.033643e+01	1.670663e+00	6.958146e-04	5764884.000000	0.000000e+00
2.033842e+01	1.672590e+00	6.972828e-04	5753884.000000	0.000000e+00
2.034042e+01	1.674500e+00	6.995363e-04	5729940.000000	0.000000e+00
2.034241e+01	1.674602e+00	7.010114e-04	5706544.000000	0.000000e+00
2.034440e+01	1.676035e+00	7.018329e-04	5702940.000000	0.000000e+00
2.034640e+01	1.676580e+00	7.032448e-04	5683756.000000	0.000000e+00
2.034840e+01	1.678480e+00	7.053900e-04	5662048.000000	0.000000e+00
2.035039e+01	1.679029e+00	7.070719e-04	5638830.000000	0.000000e+00
2.035238e+01	1.679793e+00	7.074588e-04	5637796.000000	0.000000e+00
2.035438e+01	1.678813e+00	7.082071e-04	5619324.000000	0.000000e+00
2.035637e+01	1.681400e+00	7.109120e-04	5593843.000000	0.000000e+00
2.035837e+01	1.683059e+00	7.126021e-04	5578332.000000	0.000000e+00
2.036036e+01	1.684211e+00	7.136303e-04	5569888.000000	0.000000e+00
2.036236e+01	1.684232e+00	7.151065e-04	5547052.000000	0.000000e+00
2.036435e+01	1.686969e+00	7.176078e-04	5526372.000000	0.000000e+00
2.036635e+01	1.686782e+00	7.182119e-04	5515852.000000	0.000000e+00
2.036834e+01	1.687888e+00	7.193847e-04	5505096.000000	0.000000e+00
2.037034e+01	1.689275e+00	7.215732e-04	5480746.000000	0.000000e+00
2.037233e+01	1.689241e+00	7.229478e-04	5459704.000000	0.000000e+00
2.037432e+01	1.690966e+00	7.239970e-04	5455020.000000	0.000000e+00
2.037632e+01	1.690217e+00	7.249081e-04	5436496.000000	0.000000e+00
2.037832e+01	1.692699e+00	7.274338e-04	5414676.000000	0.000000e+00
2.038031e+01	1.693621e+00	7.292712e-04	5393296.000000	0.000000e+00
2.038230e+01	1.695191e+00	7.300530e-04	5391732.000000	0.000000e+00
2.038430e+01	1.696292e+00	7.319409e-04	5370928.000000	0.000000e+00
2.038629e+01	1.695835e+00	7.332424e-04	5348992.000000	0.000000e+00
2.038829e+01	1.698232e+00	7.352100e-04	5335452.000000	0.000000e+00
2.039028e+01	1.698874e+00	7.362485e-04	5324434.000000	0.000000e+00
2.039228e+01	1.701286e+00	7.388215e-04	5302440.000000	0.000000e+00
2.039427e+01	1.701317e+00	7.402962e-04	5281528.000000	0.000000e+00
2.039627e+01	1.702091e+00	7.409456e-04	5277072.000000	0.000000e+00
2.039826e+01	1.702437e+00	7.423747e-04	5258908.000000	0.000000e+00
2.040026e+01	1.704300e+00	7.446815e-04	5237824.000000	0.000000e+00
2.040225e+01	1.705954e+00	7.470124e-04	5215299.000000	0.000000e+00
2.040424e+01	1.706374e+00	7.472375e-04	5214724.000000	0.000000e+00
2.040624e+01	1.708212e+00	7.494149e-04	5195640.000000	0.000000e+00
2.040823e+01	1.708817e+00	7.513540e-04	5172514.000000	0.000000e+00
2.041023e+01	1.710173e+00	7.531781e-04	5155668.000000	0.000000e+00
2.041222e+01	1.710269e+00	7.535674e-04	5150920.000000	0.000000e+00
2.041422e+01	1.711091e+00	7.554329e-04	5130436.000000	0.000000e+00
2.041621e+01	1.712086e+00	7.575899e-04	5107200.000000	0.000000e+00
2.041821e+01	1.712759e+00	7.587204e-04	5095996.000000	0.000000e+00
2.042020e+01	1.715398e+00	7.604809e-04	5088072.000000	0.000000e+00
2.042220e+01	1.716038e+00	7.625025e-04	5064904.000000	0.000000e+00
2.042419e+01	1.717141e+00	7.645456e-04	5044348.000000	0.000000e+00
2.042619e+01	1.717967e+00	7.653716e-04	5038308.000000	0.000000e+00
2.042818e+01	1.719099e+00	7.672043e-04	5020882.000000	0.000000e+00
2.043018e+01	1.720707e+00	7.694616e-04	5000808.000000	0.000000e+00
2.043217e+01	1.721657e+00	7.715316e-04	4979500.000000	0.000000e+00
2.043416e+01	1.721833e+00	7.713756e-04	4982532.000000	0.000000e+00
2.043616e+01	1.723813e+00	7.741206e-04	4958644.000000	0.000000e+00
2.043815e+01	1.723574e+00	7.757132e-04	4936936.000000	0.000000e+00
2.044015e+01	1.725695e+00	7.777408e-04	4923324.000000	0.000000e+00
2.044214e+01	1.725786e+00	7.784782e-04	4914520.000000	0.000000e+00
2.044414e+01	1.728832e+00	7.812728e-04	4896660.000000	0.000000e+00
2.044613e+01	1.728935e+00	7.831302e-04	4874044.000000	0.000000e+00
2.044813e+01	1.729632e+00	7.841828e-04	4864890.000000	0.000000e+00
2.045012e+01	1.729469e+00	7.849527e-04	4854436.000000	0.000000e+00
2.045212e+01	1.731250e+00	7.875236e-04	4832728.000000	0.000000e+00
2.045411e+01	1.732932e+00	7.900488e-04	4811220.000000	0.000000e+00
2.045610e+01	1.733540e+00	7.905879e-04	4808032.000000	0.000000e+00
2.045810e+01	1.734424e+00	7.923740e-04	4791264.000000	0.000000e+00
2.046010e+01	1.735641e+00	7.947430e-04	4769428.000000	0.000000e+00
2.046209e+01	1.735621e+00	7.962574e-04	4751196.000000	0.000000e+00
2.046408e+01	1.736995e+00	7.969640e-04	4750288.000000	0.000000e+00
2.046608e+01	1.739250e+00	7.997848e-04	4729090.000000	0.000000e+00
2.046807e+01	1.740123e+00	8.020352e-04	4707312.000000	0.000000e+00
2.047007e+01	1.741422e+00	8.037090e-04	4694728.000000	0.000000e+00
2.047206e+01	1.743164e+00	8.049992e-04	4689060.000000	0.000000e+00
2.047406e+01	1.743959e+00	8.073041e-04	4666576.000000	0.000000e+00
2.047605e+01	1.746325e+00	8.101397e-04	4646548.000000	0.000000e+00
2.047805e+01	1.745944e+00	8.106427e-04	4638756.000000	0.000000e+00
2.048004e+01	1.748405e+00	8.129015e-04	4626028.000000	0.000000e+00
2.048204e+01	1.748515e+00	8.146581e-04	4606680.000000	0.000000e+00
2.048403e+01	1.749770e+00	8.172790e-04	4583752.000000	0.000000e+00
2.048602e+01	1.750209e+00	8.173576e-04	4585170.000000	0.000000e+00
2.048802e+01	1.751332e+00	8.196894e-04	4564972.000000	0.000000e+00
2.049002e+01	1.752963e+00	8.222968e-04	4544524.000000	0.000000e+00
2.049201e+01	1.753192e+00	8.238705e-04	4528359.000000	0.000000e+00
2.049400e+01	1.753938e+00	8.245304e-04	4524964.000000	0.000000e+00
2.049600e+01	1.755487e+00	8.271190e-04	4504632.000000	0.000000e+00
2.049799e+01	1.757259e+00	8.298511e-04	4484056.000000	0.000000e+00
2.049999e+01	1.758062e+00	8.312148e-04	4473444.000000	0.000000e+00
2.050198e+01	1.759224e+00	8.323151e-04	4467520.000000	0.000000e+00
2.050398e+01	1.761608e+00	8.356385e-04	4444078.000000	0.000000e+00
2.050597e+01	1.762074e+00	8.377391e-04	4424160.000000	0.000000e+00
2.050797e+01	1.764538e+00	8.394327e-04	4418656.000000	0.000000e+00
2.050996e+01	1.764519e+00	8.406130e-04	4406160.000000	0.000000e+00
2.051196e+01	1.765471e+00	8.431668e-04	4384240.000000	0.000000e+00
2.051395e+01	1.766281e+00	8.454172e-04	4364932.000000	0.000000e+00
2.051594e+01	1.767339e+00	8.457637e-04	4366584.000000	0.000000e+00
2.051794e+01	1.767337e+00	8.477941e-04	4345684.000000	0.000000e+00
2.051994e+01	1.771371e+00	8.517654e-04	4324932.000000	0.000000e+00
2.052193e+01	1.772020e+00	8.535098e-04	4310428.000000	0.000000e+00
2.052392e+01	1.773966e+00	8.547563e-04	4307310.000000	0.000000e+00
2.052592e+01	1.773153e+00	8.564092e-04	4286764.000000	0.000000e+00
2.052791e+01	1.774434e+00	8.590688e-04	4266424.000000	0.000000e+00
2.052991e+01	1.776679e+00	8.609931e-04	4258128.000000	0.000000e+00
2.053190e+01	1.777620e+00	8.625028e-04	4247728.000000	0.000000e+00
2.053390e+01	1.778285e+00	8.649101e-04	4227276.000000	0.000000e+00
2.053589e+01	1.781820e+00	8.685867e-04	4208248.000000	0.000000e+00
2.053788e+01	1.780116e+00	8.680199e-04	4205688.000000	0.000000e+00
2.053988e+01	1.781388e+00	8.701832e-04	4190788.000000	0.000000e+00
2.054188e+01	1.783060e+00	8.732012e-04	4169686.000000	0.000000e+00
2.054387e+01	1.782495e+00	8.749217e-04	4150668.000000	0.000000e+00
2.054586e+01	1.784640e+00	8.759111e-04	4151272.000000	0.000000e+00
2.054786e+01	1.785258e+00	8.780835e-04	4133616.000000	0.000000e+00
2.054986e+01	1.786715e+00	8.811016e-04	4112053.000000	0.000000e+00
2.055185e+01	1.789817e+00	8.842017e-04	4097460.000000	0.000000e+00
2.055384e+01	1.790493e+00	8.847798e-04	4095196.000000	0.000000e+00
2.055584e+01	1.790110e+00	8.867642e-04	4075144.000000	0.000000e+00
2.055783e+01	1.790845e+00	8.892500e-04	4055724.000000	0.000000e+00
2.055983e+01	1.795942e+00	8.927422e-04	4046992.000000	0.000000e+00
2.056182e+01	1.793903e+00	8.928785e-04	4036578.000000	0.000000e+00
2.056382e+01	1.795941e+00	8.962150e-04	4015684.000000	0.000000e+00
2.056581e+01	1.797141e+00	8.985882e-04	3999844.000000	0.000000e+00
2.056780e+01	1.797916e+00	8.992121e-04	3997740.000000	0.000000e+00
2.056980e+01	1.798151e+00	9.012384e-04	3980824.000000	0.000000e+00
2.057180e+01	1.798985e+00	9.040664e-04	3959628.000000	0.000000e+00
2.057379e+01	1.801776e+00	9.073307e-04	3943396.000000	0.000000e+00
2.057578e+01	1.803245e+00	9.080210e-04	3943824.000000	0.000000e+00
2.057778e+01	1.805185e+00	9.113440e-04	3923548.000000	0.000000e+00
2.057977e+01	1.806406e+00	9.140881e-04	3905302.000000	0.000000e+00
2.058177e+01	1.807902e+00	9.162834e-04	3893052.000000	0.000000e+00
2.058376e+01	1.807001e+00	9.162784e-04	3889216.000000	0.000000e+00
2.058576e+01	1.810259e+00	9.204078e-04	3868308.000000	0.000000e+00
2.058775e+01	1.810305e+00	9.228802e-04	3847804.000000	0.000000e+00
2.058975e+01	1.810207e+00	9.234661e-04	3842508.000000	0.000000e+00
2.059174e+01	1.811435e+00	9.253061e-04	3832432.000000	0.000000e+00
2.059374e+01	1.814454e+00	9.292065e-04	3813004.000000	0.000000e+00
2.059573e+01	1.816432e+00	9.326035e-04	3793536.000000	0.000000e+00
2.059772e+01	1.814454e+00	9.314775e-04	3794434.000000	0.000000e+00
2.059972e+01	1.817868e+00	9.353953e-04	3776892.000000	0.000000e+00
2.060172e+01	1.817652e+00	9.377733e-04	3756868.000000	0.000000e+00
2.060371e+01	1.820321e+00	9.410567e-04	3741660.000000	0.000000e+00
2.060570e+01	1.821338e+00	9.416377e-04	3741220.000000	0.000000e+00
2.060770e+01	1.824632e+00	9.457146e-04	3722464.000000	0.000000e+00
2.060969e+01	1.822913e+00	9.473822e-04	3702384.000000	0.000000e+00
2.061169e+01	1.826981e+00	9.507833e-04	3692368.000000	0.000000e+00
2.061368e+01	1.824906e+00	9.502818e-04	3687876.000000	0.000000e+00
2.061568e+01	1.826735e+00	9.539145e-04	3667180.000000	0.000000e+00
2.061767e+01	1.828874e+00	9.575671e-04	3647782.000000	0.000000e+00
2.061966e+01	1.830622e+00	9.588548e-04	3644952.000000	0.000000e+00
2.062166e+01	1.831700e+00	9.609304e-04	3633496.000000	0.000000e+00
2.062366e+01	1.832522e+00	9.639426e-04	3614064.000000	0.000000e+00
2.062565e+01	1.834035e+00	9.674900e-04	3593536.000000	0.000000e+00
2.062764e+01	1.833432e+00	9.666562e-04	3597372.000000	0.000000e+00
2.062964e+01	1.835567e+00	9.703990e-04	3577996.000000	0.000000e+00
2.063164e+01	1.838794e+00	9.744166e-04	3561040.000000	0.000000e+00
2.063363e+01	1.838822e+00	9.764461e-04	3546360.000000	0.000000e+00
2.063562e+01	1.839394e+00	9.769934e-04	3544594.000000	0.000000e+00
2.063762e+01	1.841234e+00	9.807865e-04	3524268.000000	0.000000e+00
2.063961e+01	1.842779e+00	9.840125e-04	3507076.000000	0.000000e+00
2.064161e+01	1.845384e+00	9.863714e-04	3500196.000000	0.000000e+00
2.064360e+01	1.845390e+00	9.876895e-04	3490885.000000	0.000000e+00
2.064560e+01	1.844294e+00	9.898606e-04	3471460.000000	0.000000e+00
2.064759e+01	1.846807e+00	9.936347e-04	3454536.000000	0.000000e+00
2.064958e+01	1.849377e+00	9.954020e-04	3451864.000000	0.000000e+00
2.065158e+01	1.851211e+00	9.981490e-04	3439704.000000	0.000000e+00
2.065358e+01	1.851915e+00	1.001526e-03	3419146.000000	0.000000e+00
2.065557e+01	1.851469e+00	1.003724e-03	3402552.000000	0.000000e+00
2.065756e+01	1.855501e+00	1.005671e-03	3404164.000000	0.000000e+00
2.065956e+01	1.854260e+00	1.007506e-03	3387244.000000	0.000000e+00
2.066156e+01	1.857892e+00	1.012259e-03	3368664.000000	0.000000e+00
2.066355e+01	1.857746e+00	1.014464e-03	3353512.000000	0.000000e+00
2.066554e+01	1.859308e+00	1.015141e-03	3354672.000000	0.000000e+00
2.066754e+01	1.858647e+00	1.017822e-03	3334648.000000	0.000000e+00
2.066953e+01	1.860532e+00	1.021599e-03	3316756.000000	0.000000e+00
2.067153e+01	1.862277e+00	1.023719e-03	3309234.000000	0.000000e+00
2.067352e+01	1.865640e+00	1.026618e-03	3302464.000000	0.000000e+00
2.067552e+01	1.865048e+00	1.029345e-03	3282900.000000	0.000000e+00
2.067751e+01	1.867331e+00	1.033639e-03	3263656.000000	0.000000e+00
2.067950e+01	1.868587e+00	1.033701e-03	3267660.000000	0.000000e+00
2.068150e+01	1.869918e+00	1.037328e-03	3249472.000000	0.000000e+00
2.068350e+01	1.870416e+00	1.040303e-03	3232636.000000	0.000000e+00
2.068549e+01	1.872636e+00	1.044257e-03	3215820.000000	0.000000e+00
2.068748e+01	1.874120e+00	1.044525e-03	3219268.000000	0.000000e+00
2.068948e+01	1.874385e+00	1.047876e-03	3199614.000000	0.000000e+00
2.069148e+01	1.876637e+00	1.052248e-03	3180709.000000	0.000000e+00
2.069347e+01	1.878522e+00	1.054767e-03	3171900.000000	0.000000e+00
2.069546e+01	1.880492e+00	1.056698e-03	3166948.000000	0.000000e+00
2.069746e+01	1.880114e+00	1.059245e-03	3150472.000000	0.000000e+00
2.069945e+01	1.881787e+00	1.063446e-03	3131196.000000	0.000000e+00
2.070145e+01	1.882461e+00	1.064465e-03	3127444.000000	0.000000e+00
2.070344e+01	1.885707e+00	1.067986e-03	3117576.000000	0.000000e+00
2.070544e+01	1.885266e+00	1.070799e-03	3099772.000000	0.000000e+00
2.070743e+01	1.887105e+00	1.075020e-03	3081478.000000	0.000000e+00
2.070942e+01	1.888115e+00	1.075350e-03	3082884.000000	0.000000e+00
2.071142e+01	1.888772e+00	1.078190e-03	3068800.000000	0.000000e+00
2.071342e+01	1.890041e+00	1.082355e-03	3049320.000000	0.000000e+00
2.071541e+01	1.893417e+00	1.086419e-03	3037372.000000	0.000000e+00
2.071740e+01	1.893663e+00	1.086748e-03	3036324.000000	0.000000e+00
2.071940e+01	1.893807e+00	1.090113e-03	3018064.000000	0.000000e+00
2.072139e+01	1.896954e+00	1.094987e-03	3001204.000000	0.000000e+00
2.072339e+01	1.898915e+00	1.097734e-03	2992380.000000	0.000000e+00
2.072538e+01	1.900757e+00	1.099444e-03	2988868.000000	0.000000e+00
2.072738e+01	1.901673e+00	1.103678e-03	2968842.000000	0.000000e+00
2.072937e+01	1.904326e+00	1.108614e-03	2950681.000000	0.000000e+00
2.073136e+01	1.902660e+00	1.107295e-03	2952540.000000	0.000000e+00
2.073336e+01	1.905131e+00	1.111217e-03	2939356.000000	0.000000e+00
2.073536e+01	1.905910e+00	1.115260e-03	2920468.000000	0.000000e+00
2.073735e+01	1.907779e+00	1.119827e-03	2902380.000000	0.000000e+00
2.073934e+01	1.906568e+00	1.117726e-03	2909608.000000	0.000000e+00
2.074134e+01	1.911013e+00	1.123783e-03	2891760.000000	0.000000e+00
2.074334e+01	1.909951e+00	1.127103e-03	2871556.000000	0.000000e+00
2.074533e+01	1.915387e+00	1.132003e-03	2862978.000000	0.000000e+00
2.074732e+01	1.915795e+00	1.132962e-03	2859352.000000	0.000000e+00
2.074932e+01	1.915544e+00	1.135906e-03	2843800.000000	0.000000e+00
2.075131e+01	1.918966e+00	1.141434e-03	2826396.000000	0.000000e+00
2.075331e+01	1.919924e+00	1.143397e-03	2819512.000000	0.000000e+00
2.075530e+01	1.920052e+00	1.144873e-03	2812620.000000	0.000000e+00
2.075730e+01	1.921798e+00	1.149164e-03	2796736.000000	0.000000e+00
2.075929e+01	1.923558e+00	1.153851e-03	2779144.000000	0.000000e+00
2.076129e+01	1.923805e+00	1.154069e-03	2778807.000000	0.000000e+00
2.076328e+01	1.924762e+00	1.157503e-03	2765092.000000	0.000000e+00
2.076528e+01	1.928601e+00	1.163086e-03	2749548.000000	0.000000e+00
2.076727e+01	1.927362e+00	1.165849e-03	2733016.000000	0.000000e+00
2.076926e+01	1.929387e+00	1.166166e-03	2737272.000000	0.000000e+00
2.077126e+01	1.927580e+00	1.169013e-03	2718856.000000	0.000000e+00
2.077326e+01	1.932492e+00	1.175630e-03	2702056.000000	0.000000e+00
2.077525e+01	1.932673e+00	1.177958e-03	2691888.000000	0.000000e+00
2.077724e+01	1.935408e+00	1.179729e-03	2691412.000000	0.000000e+00
2.077924e+01	1.937791e+00	1.185191e-03	2673234.000000	0.000000e+00
2.078123e+01	1.937031e+00	1.188701e-03	2655388.000000	0.000000e+00
2.078323e+01	1.940262e+00	1.191439e-03	2652024.000000	0.000000e+00
2.078522e+01	1.943045e+00	1.194583e-03	2645656.000000	0.000000e+00
2.078722e+01	1.944559e+00	1.199724e-03	2627116.000000	0.000000e+00
2.078921e+01	1.944491e+00	1.203906e-03	2608716.000000	0.000000e+00
2.079120e+01	1.946161e+00	1.203974e-03	2612905.000000	0.000000e+00
2.079320e+01	1.947101e+00	1.207721e-03	2599224.000000	0.000000e+00
2.079520e+01	1.947812e+00	1.212113e-03	2582308.000000	0.000000e+00
2.079719e+01	1.950469e+00	1.217142e-03	2568006.000000	0.000000e+00
2.079918e+01	1.952329e+00	1.217748e-03	2570344.000000	0.000000e+00
2.080118e+01	1.951733e+00	1.221389e-03	2553484.000000	0.000000e+00
2.080318e+01	1.954299e+00	1.226946e-03	2537064.000000	0.000000e+00
2.080517e+01	1.956470e+00	1.230104e-03	2529664.000000	0.000000e+00
2.080716e+01	1.957093e+00	1.231633e-03	2524992.000000	0.000000e+00
2.080916e+01	1.958761e+00	1.236880e-03	2507884.000000	0.000000e+00
2.081115e+01	1.961488e+00	1.242389e-03	2492620.000000	0.000000e+00
2.081315e+01	1.959840e+00	1.241690e-03	2491236.000000	0.000000e+00
2.081514e+01	1.963055e+00	1.246670e-03	2479486.000000	0.000000e+00
2.081714e+01	1.965550e+00	1.252051e-03	2464473.000000	0.000000e+00
2.081913e+01	1.966643e+00	1.256844e-03	2448436.000000	0.000000e+00
2.082112e+01	1.965949e+00	1.255312e-03	2452680.000000	0.000000e+00
2.082312e+01	1.968444e+00	1.261076e-03	2436484.000000	0.000000e+00
2.082512e+01	1.967969e+00	1.265100e-03	2419840.000000	0.000000e+00
2.082711e+01	1.972095e+00	1.270668e-03	2408748.000000	0.000000e+00
2.082910e+01	1.974982e+00	1.272229e-03	2409880.000000	0.000000e+00
2.083110e+01	1.973968e+00	1.275895e-03	2393592.000000	0.000000e+00
2.083309e+01	1.978297e+00	1.283319e-03	2376370.000000	0.000000e+00
2.083509e+01	1.979373e+00	1.285923e-03	2369328.000000	0.000000e+00
2.083708e+01	1.979176e+00	1.286358e-03	2367256.000000	0.000000e+00
2.083908e+01	1.981257e+00	1.292314e-03	2350420.000000	0.000000e+00
2.084107e+01	1.980436e+00	1.296625e-03	2332881.000000	0.000000e+00
2.084306e+01	1.982925e+00	1.298096e-03	2333452.000000	0.000000e+00
2.084506e+01	1.985927e+00	1.302725e-03	2323920.000000	0.000000e+00
2.084706e+01	1.989710e+00	1.310075e-03	2306680.000000	0.000000e+00
2.084905e+01	1.987825e+00	1.313480e-03	2290392.000000	0.000000e+00
2.085104e+01	1.989771e+00	1.312917e-03	2296846.000000	0.000000e+00
2.085304e+01	1.990556e+00	1.318332e-03	2279812.000000	0.000000e+00
2.085504e+01	1.993371e+00	1.324815e-03	2263944.000000	0.000000e+00
2.085703e+01	1.997025e+00	1.329588e-03	2255968.000000	0.000000e+00
2.085902e+01	1.995596e+00	1.329006e-03	2254716.000000	0.000000e+00
2.086102e+01	1.995997e+00	1.334430e-03	2237320.000000	0.000000e+00
2.086301e+01	1.998534e+00	1.340759e-03	2221885.000000	0.000000e+00
2.086501e+01	2.000493e+00	1.342817e-03	2219424.000000	0.000000e+00
2.086700e+01	2.002375e+00	1.346174e-03	2212528.000000	0.000000e+00
2.086900e+01	2.003319e+00	1.351946e-03	2195742.000000	0.000000e+00
2.087099e+01	2.005782e+00	1.358443e-03	2180140.000000	0.000000e+00
2.087298e+01	2.007011e+00	1.358634e-03	2182200.000000	0.000000e+00
2.087498e+01	2.008243e+00	1.362667e-03	2171968.000000	0.000000e+00
2.087698e+01	2.010666e+00	1.369835e-03	2154484.000000	0.000000e+00
2.087897e+01	2.012807e+00	1.375916e-03	2140032.000000	0.000000e+00
2.088096e+01	2.011668e+00	1.373163e-03	2146192.000000	0.000000e+00
2.088296e+01	2.012962e+00	1.379363e-03	2129676.000000	0.000000e+00
2.088496e+01	2.015740e+00	1.386391e-03	2113963.000000	0.000000e+00
2.088695e+01	2.017396e+00	1.390484e-03	2104992.000000	0.000000e+00
2.088894e+01	2.018813e+00	1.391551e-03	2104720.000000	0.000000e+00
2.089094e+01	2.022104e+00	1.399081e-03	2088916.000000	0.000000e+00
2.089293e+01	2.022507e+00	1.404644e-03	2073228.000000	0.000000e+00
2.089493e+01	2.023474e+00	1.406329e-03	2070244.000000	0.000000e+00
2.089692e+01	2.025491e+00	1.409768e-03	2064264.000000	0.000000e+00
2.089892e+01	2.028227e+00	1.417206e-03	2048176.000000	0.000000e+00
2.090091e+01	2.031298e+00	1.424780e-03	2032600.000000	0.000000e+00
2.090290e+01	2.032101e+00	1.423717e-03	2037246.000000	0.000000e+00
2.090490e+01	2.030544e+00	1.427581e-03	2023129.000000	0.000000e+00
2.090690e+01	2.033675e+00	1.435129e-03	2008080.000000	0.000000e+00
2.090889e+01	2.035015e+00	1.440284e-03	1996360.000000	0.000000e+00
2.091088e+01	2.036600e+00	1.439876e-03	2000604.000000	0.000000e+00
2.091288e+01	2.038764e+00	1.447907e-03	1982680.000000	0.000000e+00
2.091487e+01	2.038679e+00	1.453191e-03	1968124.000000	0.000000e+00
2.091687e+01	2.041461e+00	1.456881e-03	1963512.000000	0.000000e+00
2.091886e+01	2.043286e+00	1.459298e-03	1960516.000000	0.000000e+00
2.092086e+01	2.043046e+00	1.465540e-03	1943394.000000	0.000000e+00
2.092285e+01	2.045417e+00	1.472782e-03	1928800.000000	0.000000e+00
2.092484e+01	2.044835e+00	1.471994e-03	1929765.000000	0.000000e+00
2.092684e+01	2.049215e+00	1.478130e-03	1921984.000000	0.000000e+00
2.092884e+01	2.051302e+00	1.486225e-03	1904980.000000	0.000000e+00
2.093083e+01	2.052496e+00	1.493123e-03	1889616.000000	0.000000e+00
2.093282e+01	2.054138e+00	1.491359e-03	1897120.000000	0.000000e+00
2.093482e+01	2.056912e+00	1.498803e-03	1883400.000000	0.000000e+00
2.093682e+01	2.058431e+00	1.506640e-03	1866610.000000	0.000000e+00
2.093881e+01	2.056841e+00	1.509835e-03	1855848.000000	0.000000e+00
2.094080e+01	2.062855e+00	1.512918e-03	1859116.000000	0.000000e+00
2.094280e+01	2.061339e+00	1.517761e-03	1844557.000000	0.000000e+00
2.094480e+01	2.062183e+00	1.525070e-03	1828416.000000	0.000000e+00
2.094679e+01	2.066477e+00	1.529917e-03	1824424.000000	0.000000e+00
2.094878e+01	2.066640e+00	1.531883e-03	1820028.000000	0.000000e+00
2.095078e+01	2.072563e+00	1.541920e-03	1806724.000000	0.000000e+00
2.095277e+01	2.071490e+00	1.547995e-03	1790716.000000	0.000000e+00
2.095476e+01	2.071328e+00	1.547205e-03	1792266.000000	0.000000e+00
2.095676e+01	2.074188e+00	1.553304e-03	1783132.000000	0.000000e+00
2.095876e+01	2.075913e+00	1.560881e-03	1768800.000000	0.000000e+00
2.096075e+01	2.078758e+00	1.569528e-03	1754161.000000	0.000000e+00
2.096274e+01	2.080589e+00	1.567927e-03	1760844.000000	0.000000e+00
2.096474e+01	2.083434e+00	1.577060e-03	1745272.000000	0.000000e+00
2.096674e+01	2.083532e+00	1.583577e-03	1731100.000000	0.000000e+00
2.096873e+01	2.081617e+00	1.585578e-03	1723560.000000	0.000000e+00
2.097072e+01	2.085191e+00	1.588185e-03	1723810.000000	0.000000e+00
2.097272e+01	2.091453e+00	1.600324e-03	1707972.000000	0.000000e+00
2.097471e+01	2.087378e+00	1.603689e-03	1694188.000000	0.000000e+00
2.097670e+01	2.092553e+00	1.608187e-03	1693089.000000	0.000000e+00
2.097870e+01	2.092323e+00	1.610532e-03	1687792.000000	0.000000e+00
2.098070e+01	2.094089e+00	1.619962e-03	1671016.000000	0.000000e+00
2.098269e+01	2.096461e+00	1.628555e-03	1657176.000000	0.000000e+00
2.098468e+01	2.097185e+00	1.626116e-03	1663300.000000	0.000000e+00
2.098669e+01	2.101634e+00	1.635275e-03	1651704.000000	0.000000e+00
2.098868e+01	2.102968e+00	1.644731e-03	1634842.000000	0.000000e+00
2.099067e+01	2.100895e+00	1.649056e-03	1623072.000000	0.000000e+00
2.099266e+01	2.104468e+00	1.648067e-03	1630552.000000	0.000000e+00
2.099466e+01	2.106608e+00	1.657158e-03	1615993.000000	0.000000e+00
2.099666e+01	2.107245e+00	1.665888e-03	1600068.000000	0.000000e+00
2.099865e+01	2.110166e+00	1.671817e-03	1593148.000000	0.000000e+00
2.100064e+01	2.114103e+00	1.674534e-03	1593912.000000	0.000000e+00
2.100264e+01	2.112760e+00	1.680703e-03	1580224.000000	0.000000e+00
2.100463e+01	2.114044e+00	1.689873e-03	1565020.000000	0.000000e+00
2.100662e+01	2.115407e+00	1.691655e-03	1563738.000000	0.000000e+00
2.100862e+01	2.120959e+00	1.698843e-03	1558684.000000	0.000000e+00
2.101062e+01	2.122970e+00	1.707963e-03	1545009.000000	0.000000e+00
2.101261e+01	2.122158e+00	1.715358e-03	1530544.000000	0.000000e+00
2.101460e+01	2.124408e+00	1.714345e-03	1535604.000000	0.000000e+00
2.101660e+01	2.126998e+00	1.723417e-03	1523188.000000	0.000000e+00
2.101860e+01	2.127054e+00	1.730745e-03	1510396.000000	0.000000e+00
2.102059e+01	2.126303e+00	1.736411e-03	1499496.000000	0.000000e+00
2.102258e+01	2.131542e+00	1.738438e-03	1503382.000000	0.000000e+00
2.102458e+01	2.133432e+00	1.748858e-03	1488156.000000	0.000000e+00
2.102658e+01	2.135634e+00	1.758079e-03	1475629.000000	0.000000e+00
2.102857e+01	2.134218e+00	1.759154e-03	1471872.000000	0.000000e+00
2.103057e+01	2.139329e+00	1.764774e-03	1469524.000000	0.000000e+00
2.103256e+01	2.138227e+00	1.773376e-03	1453804.000000	0.000000e+00
2.103455e+01	2.142551e+00	1.785035e-03	1440684.000000	0.000000e+00
2.103654e+01	2.143542e+00	1.783557e-03	1444408.000000	0.000000e+00
2.103855e+01	2.145962e+00	1.790609e-03	1436292.000000	0.000000e+00
2.104054e+01	2.146891e+00	1.801660e-03	1419955.000000	0.000000e+00
2.104253e+01	2.150367e+00	1.813250e-03	1406404.000000	0.000000e+00
2.104452e+01	2.148606e+00	1.805110e-03	1416792.000000	0.000000e+00
2.104653e+01	2.149482e+00	1.814944e-03	1402624.000000	0.000000e+00
2.104852e+01	2.154691e+00	1.829492e-03	1387104.000000	0.000000e+00
2.105050e+01	2.154519e+00	1.834780e-03	1378900.000000	0.000000e+00
2.105250e+01	2.156693e+00	1.833167e-03	1384116.000000	0.000000e+00
2.105450e+01	2.161639e+00	1.847131e-03	1369528.000000	0.000000e+00
2.105650e+01	2.162398e+00	1.858121e-03	1354327.000000	0.000000e+00
2.105848e+01	2.163299e+00	1.860540e-03	1351932.000000	0.000000e+00
2.106048e+01	2.165027e+00	1.862892e-03	1350676.000000	0.000000e+00
2.106248e+01	2.165461e+00	1.872734e-03	1337052.000000	0.000000e+00
2.106447e+01	2.170016e+00	1.887476e-03	1321792.000000	0.000000e+00
2.106646e+01	2.169557e+00	1.884123e-03	1325940.000000	0.000000e+00
2.106846e+01	2.173086e+00	1.892846e-03	1318024.000000	0.000000e+00
2.107046e+01	2.172902e+00	1.902604e-03	1304317.000000	0.000000e+00
2.107245e+01	2.174848e+00	1.914015e-03	1291122.000000	0.000000e+00
2.107444e+01	2.177937e+00	1.911280e-03	1298500.000000	0.000000e+00
2.107644e+01	2.176402e+00	1.919234e-03	1285944.000000	0.000000e+00
2.107844e+01	2.178356e+00	1.931564e-03	1271860.000000	0.000000e+00
2.108043e+01	2.183180e+00	1.940262e-03	1266072.000000	0.000000e+00
2.108242e+01	2.186118e+00	1.942557e-03	1266484.000000	0.000000e+00
2.108442e+01	2.183329e+00	1.949898e-03	1253761.000000	0.000000e+00
2.108641e+01	2.189107e+00	1.965660e-03	1240272.000000	0.000000e+00
2.108840e+01	2.189774e+00	1.965866e-03	1240768.000000	0.000000e+00
2.109041e+01	2.189579e+00	1.970278e-03	1234998.000000	0.000000e+00
2.109240e+01	2.194122e+00	1.984634e-03	1222252.000000	0.000000e+00
2.109439e+01	2.197618e+00	1.998568e-03	1209112.000000	0.000000e+00
2.109638e+01	2.197194e+00	1.992479e-03	1216044.000000	0.000000e+00
2.109839e+01	2.195967e+00	2.001224e-03	1204093.000000	0.000000e+00
2.110038e+01	2.201611e+00	2.017437e-03	1190916.000000	0.000000e+00
2.110236e+01	2.205249e+00	2.029188e-03	1181056.000000	0.000000e+00
2.110436e+01	2.207462e+00	2.024718e-03	1188660.000000	0.000000e+00
2.110637e+01	2.207342e+00	2.037620e-03	1173526.000000	0.000000e+00
2.110836e+01	2.209692e+00	2.051789e-03	1159840.000000	0.000000e+00
2.111034e+01	2.213752e+00	2.057832e-03	1157280.000000	0.000000e+00
2.111234e+01	2.215886e+00	2.059334e-03	1157821.000000	0.000000e+00
2.111435e+01	2.213826e+00	2.070585e-03	1143144.000000	0.000000e+00
2.111633e+01	2.217572e+00	2.086641e-03	1129432.000000	0.000000e+00
2.111832e+01	2.216947e+00	2.082134e-03	1133688.000000	0.000000e+00
2.112033e+01	2.225035e+00	2.095100e-03	1127884.000000	0.000000e+00
2.112232e+01	2.221379e+00	2.105405e-03	1113202.000000	0.000000e+00
2.112431e+01	2.227429e+00	2.124091e-03	1099668.000000	0.000000e+00
2.112630e+01	2.228638e+00	2.116198e-03	1109089.000000	0.000000e+00
2.112831e+01	2.228945e+00	2.126894e-03	1098264.000000	0.000000e+00
2.113030e+01	2.229321e+00	2.140765e-03	1084444.000000	0.000000e+00
2.113229e+01	2.233206e+00	2.154885e-03	1074012.000000	0.000000e+00
2.113428e+01	2.232477e+00	2.146874e-03	1081336.000000	0.000000e+00
2.113629e+01	2.236100e+00	2.163034e-03	1068700.000000	0.000000e+00
2.113828e+01	2.238218e+00	2.178425e-03	1055649.000000	0.000000e+00
2.114026e+01	2.240662e+00	2.185429e-03	1051186.000000	0.000000e+00
2.114226e+01	2.243245e+00	2.187022e-03	1052076.000000	0.000000e+00
2.114426e+01	2.245978e+00	2.202557e-03	1039816.000000	0.000000e+00
2.114625e+01	2.245230e+00	2.216193e-03	1026376.000000	0.000000e+00
2.114824e+01	2.246640e+00	2.214795e-03	1028964.000000	0.000000e+00
2.115024e+01	2.248831e+00	2.223377e-03	1023028.000000	0.000000e+00
2.115224e+01	2.253079e+00	2.240592e-03	1011177.000000	0.000000e+00
2.115423e+01	2.253070e+00	2.255263e-03	998056.000000	0.000000e+00
2.115622e+01	2.252650e+00	2.244408e-03	1007358.000000	0.000000e+00
2.115823e+01	2.257611e+00	2.264100e-03	994276.000000	0.000000e+00
2.116022e+01	2.263158e+00	2.283164e-03	982552.000000	0.000000e+00
2.116221e+01	2.261429e+00	2.287846e-03	977040.000000	0.000000e+00
2.116420e+01	2.264366e+00	2.288681e-03	978865.000000	0.000000e+00
2.116621e+01	2.269745e+00	2.309659e-03	965736.000000	0.000000e+00
2.116819e+01	2.271394e+00	2.324731e-03	954640.000000	0.000000e+00
2.117018e+01	2.269253e+00	2.322048e-03	955044.000000	0.000000e+00
2.117219e+01	2.269294e+00	2.326056e-03	951790.000000	0.000000e+00
2.117418e+01	2.277257e+00	2.350612e-03	938560.000000	0.000000e+00
2.117617e+01	2.274947e+00	2.362690e-03	927105.000000	0.000000e+00
2.117816e+01	2.275852e+00	2.355737e-03	933328.000000	0.000000e+00
2.118017e+01	2.280125e+00	2.370951e-03	924852.000000	0.000000e+00
2.118216e+01	2.280316e+00	2.389648e-03	910588.000000	0.000000e+00
2.118414e+01	2.282520e+00	2.404273e-03	901284.000000	0.000000e+00
2.118614e+01	2.287875e+00	2.396055e-03	911740.000000	0.000000e+00
2.118815e+01	2.286381e+00	2.413135e-03	897706.000000	0.000000e+00
2.119014e+01	2.291244e+00	2.437222e-03	883797.000000	0.000000e+00
2.119212e+01	2.290290e+00	2.439944e-03	881092.000000	0.000000e+00
2.119412e+01	2.293122e+00	2.438140e-03	884580.000000	0.000000e+00
2.119613e+01	2.298754e+00	2.462837e-03	871192.000000	0.000000e+00
2.119811e+01	2.298168e+00	2.482414e-03	857068.000000	0.000000e+00
2.120010e+01	2.298362e+00	2.477034e-03	860940.000000	0.000000e+00
2.120211e+01	2.303829e+00	2.487331e-03	857893.000000	0.000000e+00
2.120411e+01	2.302456e+00	2.503687e-03	845712.000000	0.000000e+00
2.120609e+01	2.310553e+00	2.535206e-03	830626.000000	0.000000e+00
2.120808e+01	2.308281e+00	2.517247e-03	840864.000000	0.000000e+00
2.121009e+01	2.310258e+00	2.532477e-03	832204.000000	0.000000e+00
2.121208e+01	2.315753e+00	2.558146e-03	819472.000000	0.000000e+00
2.121406e+01	2.316062e+00	2.575010e-03	808989.000000	0.000000e+00
2.121606e+01	2.317018e+00	2.562866e-03	817348.000000	0.000000e+00
2.121807e+01	2.322363e+00	2.586156e-03	806400.000000	0.000000e+00
2.122006e+01	2.321870e+00	2.604880e-03	794512.000000	0.000000e+00
2.122204e+01	2.321660e+00	2.613260e-03	789282.000000	0.000000e+00
2.122404e+01	2.323108e+00	2.610274e-03	792076.000000	0.000000e+00
2.122605e+01	2.329123e+00	2.634982e-03	781321.000000	0.000000e+00
2.122803e+01	2.329554e+00	2.656298e-03	769116.000000	0.000000e+00
2.123002e+01	2.334815e+00	2.659201e-03	770908.000000	0.000000e+00
2.123203e+01	2.335587e+00	2.666821e-03	767016.000000	0.000000e+00
2.123402e+01	2.338558e+00	2.689227e-03	756208.000000	0.000000e+00
2.123601e+01	2.333601e+00	2.706238e-03	743569.000000	0.000000e+00
2.123800e+01	2.339118e+00	2.695455e-03	753078.000000	0.000000e+00
2.124001e+01	2.339423e+00	2.714847e-03	742552.000000	0.000000e+00
2.124200e+01	2.349247e+00	2.747742e-03	730980.000000	0.000000e+00
2.124398e+01	2.348675e+00	2.757382e-03	725524.000000	0.000000e+00
2.124598e+01	2.349601e+00	2.750958e-03	729492.000000	0.000000e+00
2.124799e+01	2.347829e+00	2.771472e-03	717649.000000	0.000000e+00
2.124997e+01	2.356754e+00	2.802698e-03	707092.000000	0.000000e+00
2.125196e+01	2.351847e+00	2.796610e-03	707220.000000	0.000000e+00
2.125397e+01	2.353244e+00	2.801152e-03	705766.000000	0.000000e+00
2.125597e+01	2.359895e+00	2.833352e-03	693720.000000	0.000000e+00
2.125795e+01	2.360065e+00	2.854738e-03	683464.000000	0.000000e+00
2.125994e+01	2.369736e+00	2.853057e-03	689889.000000	0.000000e+00
2.126195e+01	2.363176e+00	2.861240e-03	682156.000000	0.000000e+00
2.126394e+01	2.358732e+00	2.881701e-03	669976.000000	0.000000e+00
2.126592e+01	2.367900e+00	2.913783e-03	660408.000000	0.000000e+00
2.126792e+01	2.370633e+00	2.890990e-03	672412.000000	0.000000e+00
2.126993e+01	2.377926e+00	2.930109e-03	658611.000000	0.000000e+00
2.127192e+01	2.376306e+00	2.954087e-03	647080.000000	0.000000e+00
2.127390e+01	2.375319e+00	2.960815e-03	643608.000000	0.000000e+00
2.127590e+01	2.380508e+00	2.954221e-03	649312.000000	0.000000e+00
2.127791e+01	2.385180e+00	2.991221e-03	635836.000000	0.000000e+00
2.127989e+01	2.383908e+00	3.018544e-03	623712.000000	0.000000e+00
2.128188e+01	2.382133e+00	3.007252e-03	627469.000000	0.000000e+00
2.128389e+01	2.385200e+00	3.013346e-03	626544.000000	0.000000e+00
2.128589e+01	2.388522e+00	3.048922e-03	613714.000000	0.000000e+00
2.128787e+01	2.395641e+00	3.090556e-03	600856.000000	0.000000e+00
2.128985e+01	2.390198e+00	3.057219e-03	611244.000000	0.000000e+00
2.129187e+01	2.393815e+00	3.079456e-03	604273.000000	0.000000e+00
2.129387e+01	2.394124e+00	3.112919e-03	591504.000000	0.000000e+00
2.129584e+01	2.403347e+00	3.151807e-03	581452.000000	0.000000e+00
2.129784e+01	2.405164e+00	3.124201e-03	592668.000000	0.000000e+00
2.129985e+01	2.398812e+00	3.143331e-03	582388.000000	0.000000e+00
2.130184e+01	2.410694e+00	3.194191e-03	569590.000000	0.000000e+00
2.130382e+01	2.411012e+00	3.205337e-03	565785.000000	0.000000e+00
2.130582e+01	2.410567e+00	3.189272e-03	571288.000000	0.000000e+00
2.130783e+01	2.418549e+00	3.229523e-03	560832.000000	0.000000e+00
2.130982e+01	2.421711e+00	3.271185e-03	548068.000000	0.000000e+00
2.131180e+01	2.424593e+00	3.267550e-03	550596.000000	0.000000e+00
2.131381e+01	2.424554e+00	3.268600e-03	550225.000000	0.000000e+00
2.131581e+01	2.428443e+00	3.306664e-03	539356.000000	0.000000e+00
2.131779e+01	2.427981e+00	3.345107e-03	526830.000000	0.000000e+00
2.131977e+01	2.427506e+00	3.315806e-03	535972.000000	0.000000e+00
2.132179e+01	2.434683e+00	3.347998e-03	528828.000000	0.000000e+00
2.132379e+01	2.434639e+00	3.380188e-03	518785.000000	0.000000e+00
2.132576e+01	2.435472e+00	3.408819e-03	510456.000000	0.000000e+00
2.132776e+01	2.431122e+00	3.379676e-03	517444.000000	0.000000e+00
2.132977e+01	2.445051e+00	3.430975e-03	507856.000000	0.000000e+00
2.133176e+01	2.448754e+00	3.468964e-03	498300.000000	0.000000e+00
2.133374e+01	2.448000e+00	3.475360e-03	496162.000000	0.000000e+00
2.133574e+01	2.449254e+00	3.473952e-03	497073.000000	0.000000e+00
2.133775e+01	2.443908e+00	3.497814e-03	488176.000000	0.000000e+00
2.133973e+01	2.452513e+00	3.548544e-03	477664.000000	0.000000e+00
2.134172e+01	2.456564e+00	3.536386e-03	482544.000000	0.000000e+00
2.134373e+01	2.458852e+00	3.559504e-03	477184.000000	0.000000e+00
2.134573e+01	2.459184e+00	3.595494e-03	467805.000000	0.000000e+00
2.134770e+01	2.462189e+00	3.638567e-03	457912.000000	0.000000e+00
2.134970e+01	2.464577e+00	3.596937e-03	469482.000000	0.000000e+00
2.135171e+01	2.470415e+00	3.654364e-03	457000.000000	0.000000e+00
2.135370e+01	2.473685e+00	3.692560e-03	448780.000000	0.000000e+00
2.135568e+01	2.472619e+00	3.708843e-03	444465.000000	0.000000e+00
2.135768e+01	2.475616e+00	3.690218e-03	450052.000000	0.000000e+00
2.135969e+01	2.473925e+00	3.739163e-03	437748.000000	0.000000e+00
2.136167e+01	2.480336e+00	3.784642e-03	429508.000000	0.000000e+00
2.136366e+01	2.477325e+00	3.770387e-03	431712.000000	0.000000e+00
2.136567e+01	2.481538e+00	3.778029e-03	431431.000000	0.000000e+00
2.136767e+01	2.487233e+00	3.843636e-03	418744.000000	0.000000e+00
2.136964e+01	2.490571e+00	3.887950e-03	410352.000000	0.000000e+00
2.137163e+01	2.489777e+00	3.843438e-03	419644.000000	0.000000e+00
2.137366e+01	2.496635e+00	3.888273e-03	412284.000000	0.000000e+00
2.137565e+01	2.493176e+00	3.940063e-03	400405.000000	0.000000e+00
2.137761e+01	2.504872e+00	3.994752e-03	393180.000000	0.000000e+00
2.137961e+01	2.502434e+00	3.926016e-03	406276.000000	0.000000e+00
2.138164e+01	2.503950e+00	3.991647e-03	393502.000000	0.000000e+00
2.138362e+01	2.503118e+00	4.048636e-03	382248.000000	0.000000e+00
2.138559e+01	2.505683e+00	4.056921e-03	381469.000000	0.000000e+00
2.138760e+01	2.504847e+00	4.018949e-03	388452.000000	0.000000e+00
2.138962e+01	2.504816e+00	4.087123e-03	375592.000000	0.000000e+00
2.139159e+01	2.517306e+00	4.171569e-03	364144.000000	0.000000e+00
2.139357e+01	2.512668e+00	4.130020e-03	370140.000000	0.000000e+00
2.139559e+01	2.521583e+00	4.141781e-03	370657.000000	0.000000e+00
2.139760e+01	2.522715e+00	4.217585e-03	357774.000000	0.000000e+00
2.139956e+01	2.523365e+00	4.285022e-03	346780.000000	0.000000e+00
2.140154e+01	2.527731e+00	4.217456e-03	359220.000000	0.000000e+00
2.140358e+01	2.527095e+00	4.252609e-03	353128.000000	0.000000e+00
2.140558e+01	2.526620e+00	4.330157e-03	340465.000000	0.000000e+00
2.140753e+01	2.533309e+00	4.393262e-03	332508.000000	0.000000e+00
2.140953e+01	2.531137e+00	4.306499e-03	345448.000000	0.000000e+00
2.141156e+01	2.535657e+00	4.372707e-03	336264.000000	0.000000e+00
2.141355e+01	2.539791e+00	4.468618e-03	323035.000000	0.000000e+00
2.141551e+01	2.541464e+00	4.474936e-03	322548.000000	0.000000e+00
2.141752e+01	2.547828e+00	4.443258e-03	328804.000000	0.000000e+00
2.141954e+01	2.545542e+00	4.502064e-03	319696.000000	0.000000e+00
2.142152e+01	2.551603e+00	4.611765e-03	306120.000000	0.000000e+00
2.142348e+01	2.548122e+00	4.558095e-03	312517.000000	0.000000e+00
2.142551e+01	2.557167e+00	4.574809e-03	312444.000000	0.000000e+00
2.142752e+01	2.550093e+00	4.630841e-03	303244.000000	0.000000e+00
2.142948e+01	2.554436e+00	4.747088e-03	289558.000000	0.000000e+00
2.143146e+01	2.560672e+00	4.651925e-03	303000.000000	0.000000e+00
2.143349e+01	2.572934e+00	4.725181e-03	296497.000000	0.000000e+00
2.143550e+01	2.575057e+00	4.803542e-03	287376.000000	0.000000e+00
2.143745e+01	2.578461e+00	4.887518e-03	278320.000000	0.000000e+00
2.143945e+01	2.565860e+00	4.775034e-03	288744.000000	0.000000e+00
2.144148e+01	2.572331e+00	4.852729e-03	280984.000000	0.000000e+00
2.144347e+01	2.580907e+00	4.951022e-03	271741.000000	0.000000e+00
2.144543e+01	2.575405e+00	4.966145e-03	268938.000000	0.000000e+00
2.144744e+01	2.582748e+00	4.938956e-03	273460.000000	0.000000e+00
2.144946e+01	2.584801e+00	5.013826e-03	265776.000000	0.000000e+00
2.145143e+01	2.583880e+00	5.104719e-03	256213.000000	0.000000e+00
2.145341e+01	2.584705e+00	5.068985e-03	260004.000000	0.000000e+00
2.145543e+01	2.589311e+00	5.092336e-03	258544.000000	0.000000e+00
2.145744e+01	2.598165e+00	5.187499e-03	250852.000000	0.000000e+00
2.145939e+01	2.597268e+00	5.289104e-03	241140.000000	0.000000e+00
2.146138e+01	2.596787e+00	5.180380e-03	251275.000000	0.000000e+00
2.146342e+01	2.606522e+00	5.275884e-03	244080.000000	0.000000e+00
2.146541e+01	2.607527e+00	5.363329e-03	236368.000000	0.000000e+00
2.146737e+01	2.612437e+00	5.415985e-03	232668.000000	0.000000e+00
2.146938e+01	2.609090e+00	5.361919e-03	236776.000000	0.000000e+00
2.147140e+01	2.606722e+00	5.437745e-03	229801.000000	0.000000e+00
2.147338e+01	2.604622e+00	5.525614e-03	222192.000000	0.000000e+00
2.147536e+01	2.620872e+00	5.528922e-03	224704.000000	0.000000e+00
2.147737e+01	2.614560e+00	5.543928e-03	222414.000000	0.000000e+00
2.147938e+01	2.632730e+00	5.666608e-03	215857.000000	0.000000e+00
2.148134e+01	2.630915e+00	5.763345e-03	208384.000000	0.000000e+00
2.148333e+01	2.638710e+00	5.668003e-03	216732.000000	0.000000e+00
2.148536e+01	2.628677e+00	5.752813e-03	208792.000000	0.000000e+00
2.148735e+01	2.633643e+00	5.853928e-03	202404.000000	0.000000e+00
2.148930e+01	2.638402e+00	5.948671e-03	196717.000000	0.000000e+00
2.149131e+01	2.632366e+00	5.786357e-03	206958.000000	0.000000e+00
2.149335e+01	2.654659e+00	6.001962e-03	195628.000000	0.000000e+00
2.149532e+01	2.639943e+00	6.069299e-03	189196.000000	0.000000e+00
2.149728e+01	2.641536e+00	6.057534e-03	190161.000000	0.000000e+00
2.149931e+01	2.647668e+00	6.024713e-03	193132.000000	0.000000e+00
2.150133e+01	2.651812e+00	6.200360e-03	182916.000000	0.000000e+00
2.150328e+01	2.659733e+00	6.333704e-03	176344.000000	0.000000e+00
2.150526e+01	2.658822e+00	6.204551e-03	183636.000000	0.000000e+00
2.150731e+01	2.657546e+00	6.269418e-03	179683.000000	0.000000e+00
2.150931e+01	2.653180e+00	6.428633e-03	170332.000000	0.000000e+00
2.151123e+01	2.673135e+00	6.600515e-03	164016.000000	0.000000e+00
2.151324e+01	2.671699e+00	6.342375e-03	177448.000000	0.000000e+00
2.151530e+01	2.662184e+00	6.522668e-03	166581.000000	0.000000e+00
2.151727e+01	2.673585e+00	6.720352e-03	158272.000000	0.000000e+00
2.151920e+01	2.681717e+00	6.794669e-03	155772.000000	0.000000e+00
2.152124e+01	2.676253e+00	6.530712e-03	167932.000000	0.000000e+00
2.152330e+01	2.691532e+00	6.867091e-03	153622.000000	0.000000e+00
2.152523e+01	2.681130e+00	7.001294e-03	146649.000000	0.000000e+00
2.152718e+01	2.689726e+00	6.933942e-03	150472.000000	0.000000e+00
2.152925e+01	2.682667e+00	6.795244e-03	155856.000000	0.000000e+00
2.153128e+01	2.698062e+00	7.179964e-03	141208.000000	0.000000e+00
2.153318e+01	2.682996e+00	7.292123e-03	135373.000000	0.000000e+00
2.153516e+01	2.704095e+00	7.087919e-03	145548.000000	0.000000e+00
2.153725e+01	2.713608e+00	7.151779e-03	143968.000000	0.000000e+00
2.153925e+01	2.701955e+00	7.513261e-03	129330.000000	0.000000e+00
2.154111e+01	2.709040e+00	7.681737e-03	124369.000000	0.000000e+00
2.154313e+01	2.705204e+00	7.199685e-03	141180.000000	0.000000e+00
2.154525e+01	2.706816e+00	7.457954e-03	131728.000000	0.000000e+00
2.154721e+01	2.705481e+00	7.862379e-03	118408.000000	0.000000e+00
2.154909e+01	2.720017e+00	7.882419e-03	119076.000000	0.000000e+00
2.155115e+01	2.713878e+00	7.481929e-03	131569.000000	0.000000e+00
2.155325e+01	2.719570e+00	7.858782e-03	119754.000000	0.000000e+00
2.155516e+01	2.719981e+00	8.273270e-03	108088.000000	0.000000e+00
2.155707e+01	2.739377e+00	8.069705e-03	115236.000000	0.000000e+00
2.155916e+01	2.729502e+00	7.840647e-03	121189.000000	0.000000e+00
2.156123e+01	2.739738e+00	8.334751e-03	108052.000000	0.000000e+00
2.156309e+01	2.730245e+00	8.718069e-03	98076.000000	0.000000e+00
2.156504e+01	2.753535e+00	8.234379e-03	111820.000000	0.000000e+00
2.156718e+01	2.753947e+00	8.266535e-03	110985.000000	0.000000e+00
2.156921e+01	2.739911e+00	8.803589e-03	96862.000000	0.000000e+00
2.157101e+01	2.743469e+00	9.184785e-03	89220.000000	0.000000e+00
2.157302e+01	2.749884e+00	8.368405e-03	107980.000000	0.000000e+00
2.157519e+01	2.764327e+00	8.697453e-03	101017.000000	0.000000e+00
2.157717e+01	2.760689e+00	9.412341e-03	86028.000000	0.000000e+00
2.157898e+01	2.770393e+00	9.417658e-03	86536.000000	0.000000e+00
2.158104e+01	2.758873e+00	8.781589e-03	98700.000000	0.000000e+00
2.158319e+01	2.757805e+00	9.131805e-03	91204.000000	0.000000e+00
2.158511e+01	2.782667e+00	1.011759e-02	75643.000000	0.000000e+00
2.158695e+01	2.776144e+00	9.562909e-03	84276.000000	0.000000e+00
2.158907e+01	2.785327e+00	9.291652e-03	89860.000000	0.000000e+00
2.159119e+01	2.774189e+00	9.735975e-03	81192.000000	0.000000e+00
2.159301e+01	2.761568e+00	1.074150e-02	66097.000000	0.000000e+00
2.159492e+01	2.791923e+00	9.728015e-03	82368.000000	0.000000e+00
2.159709e+01	2.794297e+00	9.801958e-03	81268.000000	0.000000e+00
2.159917e+01	2.773784e+00	1.044416e-02	70534.000000	0.000000e+00
2.160091e+01	2.797286e+00	1.138718e-02	60345.000000	0.000000e+00
2.160291e+01	2.789217e+00	9.959966e-03	78424.000000	0.000000e+00
2.160512e+01	2.790905e+00	1.033073e-02	72984.000000	0.000000e+00
2.160712e+01	2.805592e+00	1.144539e-02	60088.000000	0.000000e+00
2.160887e+01	2.772818e+00	1.140035e-02	59157.000000	0.000000e+00
2.161094e+01	2.794297e+00	1.050488e-02	70756.000000	0.000000e+00
2.161314e+01	2.787920e+00	1.093950e-02	64948.000000	0.000000e+00
2.161505e+01	2.816380e+00	1.258191e-02	50106.000000	0.000000e+00
2.161683e+01	2.810995e+00	1.164825e-02	58237.000000	0.000000e+00
2.161898e+01	2.808927e+00	1.115286e-02	63432.000000	0.000000e+00
2.162115e+01	2.839232e+00	1.188057e-02	57112.000000	0.000000e+00
2.162292e+01	2.828178e+00	1.403394e-02	40612.000000	0.000000e+00
2.162478e+01	2.828583e+00	1.177748e-02	57681.000000	0.000000e+00
2.162701e+01	2.824425e+00	1.188623e-02	56464.000000	0.000000e+00
2.162916e+01	2.846242e+00	1.283029e-02	49212.000000	0.000000e+00
2.163084e+01	2.842052e+00	1.498434e-02	35974.000000	0.000000e+00
2.163278e+01	2.834842e+00	1.227342e-02	53349.000000	0.000000e+00
2.163504e+01	2.825512e+00	1.264873e-02	49900.000000	0.000000e+00
2.163712e+01	2.831614e+00	1.409688e-02	40348.000000	0.000000e+00
2.163878e+01	2.829777e+00	1.507591e-02	35232.000000	0.000000e+00
2.164082e+01	2.850639e+00	1.313659e-02	47089.000000	0.000000e+00
2.164308e+01	2.847325e+00	1.363872e-02	43584.000000	0.000000e+00
2.164503e+01	2.830438e+00	1.609607e-02	30922.000000	0.000000e+00
2.164669e+01	2.850589e+00	1.507172e-02	35772.000000	0.000000e+00
2.164886e+01	2.868540e+00	1.413074e-02	41209.000000	0.000000e+00
2.165111e+01	2.867653e+00	1.480534e-02	37516.000000	0.000000e+00
2.165282e+01	2.899998e+00	1.962327e-02	21840.000000	0.000000e+00
2.165461e+01	2.872310e+00	1.499089e-02	36712.000000	0.000000e+00
2.165689e+01	2.876803e+00	1.522054e-02	35724.000000	0.000000e+00
2.165913e+01	2.874600e+00	1.616859e-02	31609.000000	0.000000e+00
2.166079e+01	2.923620e+00	2.110931e-02	19182.000000	0.000000e+00
2.166264e+01	2.887755e+00	1.613195e-02	32044.000000	0.000000e+00
2.166494e+01	2.930770e+00	1.674726e-02	30625.000000	0.000000e+00
2.166713e+01	2.908350e+00	1.820423e-02	25524.000000	0.000000e+00
2.166875e+01	2.893218e+00	2.166369e-02	17836.000000	0.000000e+00
2.167068e+01	2.889566e+00	1.751156e-02	27228.000000	0.000000e+00
2.167298e+01	2.905318e+00	1.804963e-02	25909.000000	0.000000e+00
2.167504e+01	2.920799e+00	2.187389e-02	17830.000000	0.000000e+00
2.167660e+01	2.923314e+00	2.137967e-02	18696.000000	0.000000e+00
2.167872e+01	2.904979e+00	1.923700e-02	22804.000000	0.000000e+00
2.168102e+01	2.924475e+00	1.991098e-02	21573.000000	0.000000e+00
2.168275e+01	2.934438e+00	2.876347e-02	10408.000000	0.000000e+00
2.168447e+01	2.889271e+00	2.048973e-02	19884.000000	0.000000e+00
2.168677e+01	2.923816e+00	2.134002e-02	18772.000000	0.000000e+00
2.168906e+01	2.906406e+00	2.193467e-02	17557.000000	0.000000e+00
2.169079e+01	2.972831e+00	3.208299e-02	8586.000000	0.000000e+00
2.169252e+01	2.910118e+00	2.291218e-02	16132.000000	0.000000e+00
2.169482e+01	2.931178e+00	2.382835e-02	15132.000000	0.000000e+00
2.169709e+01	2.933799e+00	2.509354e-02	13669.000000	0.000000e+00
2.169878e+01	2.901871e+00	3.414202e-02	7224.000000	0.000000e+00
2.170056e+01	2.961565e+00	2.620546e-02	12772.000000	0.000000e+00
2.170286e+01	2.954157e+00	2.709893e-02	11884.000000	0.000000e+00
2.170503e+01	2.971207e+00	3.111766e-02	9117.000000	0.000000e+00
2.170660e+01	2.958720e+00	3.507898e-02	7114.000000	0.000000e+00
2.170861e+01	2.977787e+00	3.007405e-02	9804.000000	0.000000e+00
2.171091e+01	3.006174e+00	3.163868e-02	9028.000000	0.000000e+00
2.171265e+01	2.956137e+00	4.543603e-02	4233.000000	0.000000e+00
2.171436e+01	2.972333e+00	3.339068e-02	7924.000000	0.000000e+00
2.171666e+01	2.910449e+00	3.423347e-02	7228.000000	0.000000e+00
2.171896e+01	2.939494e+00	3.628176e-02	6564.000000	0.000000e+00
2.172070e+01	3.050449e+00	5.529842e-02	3043.000000	0.000000e+00
2.172241e+01	2.976812e+00	3.968024e-02	5628.000000	0.000000e+00
2.172471e+01	2.894155e+00	4.075063e-02	5044.000000	0.000000e+00
2.172701e+01	2.998767e+00	4.474277e-02	4492.000000	0.000000e+00
2.172876e+01	3.012407e+00	6.654918e-02	2049.000000	0.000000e+00
2.173046e+01	3.023955e+00	4.955307e-02	3724.000000	0.000000e+00
2.173276e+01	3.054532e+00	5.356356e-02	3252.000000	0.000000e+00
2.173504e+01	3.018703e+00	5.821367e-02	2689.000000	0.000000e+00
2.173671e+01	3.245036e+00	8.754395e-02	1374.000000	0.000000e+00
2.173851e+01	2.952178e+00	6.276969e-02	2212.000000	0.000000e+00
2.174081e+01	3.002968e+00	6.977987e-02	1852.000000	0.000000e+00
2.174257e+01	2.849355e+00	1.006770e-01	801.000000	0.000000e+00
2.174426e+01	2.896952e+00	7.821035e-02	1372.000000	0.000000e+00
2.174656e+01	3.046893e+00	9.220317e-02	1092.000000	0.000000e+00
2.174886e+01	3.186597e+00	1.096872e-01	844.000000	0.000000e+00
2.175062e+01	2.900926e+00	1.575567e-01	339.000000	0.000000e+00
2.175230e+01	3.298301e+00	1.429995e-01	532.000000	0.000000e+00
2.175459e+01	2.997558e+00	1.571147e-01	364.000000	0.000000e+00
2.175688e+01	2.603657e+00	1.724314e-01	228.000000	0.000000e+00
2.175868e+01	3.122419e+00	3.654515e-01	73.000000	0.000000e+00
2.176029e+01	3.399081e+00	3.708702e-01	84.000000	0.000000e+00
2.176251e+01	2.779509e+00	5.252779e-01	28.000000	0.000000e+00
2.176444e+01	1.862307e+00	1.075204e+00	3.000000	0.000000e+00
