# [<k> (h/Mpc)]	[<P_0(k)> (Mpc/h)^3]	[ErrorBar (Mpc/h)^3]	nModes	[<P_2(k)> (Mpc/h)^3]
2.825283e-03	6.815351e+03	1.890238e+03	13.000000	0.000000e+00
4.787023e-03	1.157214e+04	2.014451e+03	33.000000	0.000000e+00
6.808858e-03	1.394891e+04	1.569375e+03	79.000000	0.000000e+00
8.837018e-03	1.987194e+04	1.837162e+03	117.000000	0.000000e+00
1.090508e-02	1.592567e+04	1.112297e+03	205.000000	0.000000e+00
1.285043e-02	1.968780e+04	1.284290e+03	235.000000	0.000000e+00
1.484672e-02	1.935919e+04	1.007799e+03	369.000000	0.000000e+00
1.685151e-02	1.872141e+04	8.996933e+02	433.000000	0.000000e+00
1.887417e-02	1.817997e+04	7.516494e+02	585.000000	0.000000e+00
2.087690e-02	1.756276e+04	6.739968e+02	679.000000	0.000000e+00
2.284645e-02	1.690977e+04	5.930517e+02	813.000000	0.000000e+00
2.485035e-02	1.625366e+04	5.178846e+02	985.000000	0.000000e+00
2.689016e-02	1.653958e+04	4.808749e+02	1183.000000	0.000000e+00
2.887890e-02	1.581098e+04	4.438417e+02	1269.000000	0.000000e+00
3.085965e-02	1.425176e+04	3.635227e+02	1537.000000	0.000000e+00
3.284962e-02	1.323797e+04	3.256004e+02	1653.000000	0.000000e+00
3.484370e-02	1.272405e+04	2.871874e+02	1963.000000	0.000000e+00
3.684264e-02	1.258919e+04	2.733552e+02	2121.000000	0.000000e+00
3.884666e-02	1.153493e+04	2.348206e+02	2413.000000	0.000000e+00
4.085134e-02	1.102741e+04	2.148242e+02	2635.000000	0.000000e+00
4.284129e-02	1.048766e+04	1.955279e+02	2877.000000	0.000000e+00
4.482380e-02	1.022641e+04	1.816612e+02	3169.000000	0.000000e+00
4.682964e-02	9.860266e+03	1.665025e+02	3507.000000	0.000000e+00
4.882111e-02	9.568940e+03	1.576322e+02	3685.000000	0.000000e+00
5.081452e-02	8.874529e+03	1.375111e+02	4165.000000	0.000000e+00
5.282512e-02	8.869977e+03	1.340708e+02	4377.000000	0.000000e+00
5.483161e-02	8.594942e+03	1.233526e+02	4855.000000	0.000000e+00
5.681794e-02	8.437501e+03	1.201806e+02	4929.000000	0.000000e+00
5.880488e-02	7.911947e+03	1.059077e+02	5581.000000	0.000000e+00
6.078752e-02	8.241036e+03	1.093568e+02	5679.000000	0.000000e+00
6.279015e-02	7.938618e+03	9.934922e+01	6385.000000	0.000000e+00
6.479167e-02	7.654546e+03	9.455824e+01	6553.000000	0.000000e+00
6.679172e-02	7.454207e+03	8.830983e+01	7125.000000	0.000000e+00
6.879078e-02	7.196584e+03	8.339417e+01	7447.000000	0.000000e+00
7.078414e-02	7.094683e+03	7.967532e+01	7929.000000	0.000000e+00
7.278159e-02	6.811324e+03	7.452642e+01	8353.000000	0.000000e+00
7.476640e-02	6.727062e+03	7.181280e+01	8775.000000	0.000000e+00
7.675907e-02	6.485539e+03	6.720495e+01	9313.000000	0.000000e+00
7.875735e-02	6.138427e+03	6.187817e+01	9841.000000	0.000000e+00
8.074579e-02	6.053256e+03	5.996263e+01	10191.000000	0.000000e+00
8.274077e-02	5.781701e+03	5.538627e+01	10897.000000	0.000000e+00
8.473833e-02	5.594029e+03	5.262187e+01	11301.000000	0.000000e+00
8.674360e-02	5.323560e+03	4.854669e+01	12025.000000	0.000000e+00
8.874697e-02	5.185864e+03	4.652731e+01	12423.000000	0.000000e+00
9.074179e-02	4.968615e+03	4.354248e+01	13021.000000	0.000000e+00
9.272623e-02	4.797264e+03	4.143432e+01	13405.000000	0.000000e+00
9.471269e-02	4.594210e+03	3.849011e+01	14247.000000	0.000000e+00
9.671056e-02	4.438705e+03	3.659364e+01	14713.000000	0.000000e+00
9.870727e-02	4.272840e+03	3.433247e+01	15489.000000	0.000000e+00
1.007038e-01	4.154458e+03	3.293354e+01	15913.000000	0.000000e+00
1.027044e-01	4.050366e+03	3.117604e+01	16879.000000	0.000000e+00
1.047038e-01	3.875226e+03	2.955433e+01	17193.000000	0.000000e+00
1.067040e-01	3.828316e+03	2.841095e+01	18157.000000	0.000000e+00
1.086889e-01	3.773072e+03	2.786168e+01	18339.000000	0.000000e+00
1.106818e-01	3.684394e+03	2.633524e+01	19573.000000	0.000000e+00
1.126797e-01	3.625645e+03	2.567508e+01	19941.000000	0.000000e+00
1.146640e-01	3.571246e+03	2.486455e+01	20629.000000	0.000000e+00
1.166593e-01	3.479230e+03	2.364308e+01	21655.000000	0.000000e+00
1.186555e-01	3.388821e+03	2.278897e+01	22113.000000	0.000000e+00
1.206557e-01	3.353080e+03	2.202117e+01	23185.000000	0.000000e+00
1.226521e-01	3.315997e+03	2.155472e+01	23667.000000	0.000000e+00
1.246394e-01	3.272867e+03	2.095883e+01	24385.000000	0.000000e+00
1.266433e-01	3.207084e+03	1.998620e+01	25749.000000	0.000000e+00
1.286372e-01	3.173549e+03	1.980569e+01	25675.000000	0.000000e+00
1.306323e-01	3.071729e+03	1.855395e+01	27409.000000	0.000000e+00
1.326290e-01	3.046064e+03	1.840027e+01	27405.000000	0.000000e+00
1.346159e-01	3.008322e+03	1.775231e+01	28717.000000	0.000000e+00
1.366167e-01	2.920916e+03	1.697892e+01	29595.000000	0.000000e+00
1.386146e-01	2.870509e+03	1.649037e+01	30301.000000	0.000000e+00
1.406031e-01	2.798827e+03	1.587044e+01	31101.000000	0.000000e+00
1.425916e-01	2.771629e+03	1.548831e+01	32023.000000	0.000000e+00
1.445846e-01	2.670698e+03	1.470683e+01	32977.000000	0.000000e+00
1.465916e-01	2.600864e+03	1.401294e+01	34449.000000	0.000000e+00
1.485919e-01	2.532820e+03	1.362657e+01	34549.000000	0.000000e+00
1.505868e-01	2.485444e+03	1.307929e+01	36111.000000	0.000000e+00
1.525827e-01	2.445234e+03	1.279176e+01	36541.000000	0.000000e+00
1.545720e-01	2.380043e+03	1.225508e+01	37717.000000	0.000000e+00
1.565618e-01	2.307518e+03	1.174207e+01	38619.000000	0.000000e+00
1.585558e-01	2.266006e+03	1.137835e+01	39661.000000	0.000000e+00
1.605447e-01	2.233025e+03	1.108983e+01	40545.000000	0.000000e+00
1.625373e-01	2.177149e+03	1.064688e+01	41815.000000	0.000000e+00
1.645437e-01	2.149504e+03	1.035080e+01	43125.000000	0.000000e+00
1.665425e-01	2.095339e+03	1.002555e+01	43681.000000	0.000000e+00
1.685320e-01	2.075663e+03	9.825357e+00	44629.000000	0.000000e+00
1.705261e-01	2.038367e+03	9.480573e+00	46227.000000	0.000000e+00
1.725263e-01	2.000412e+03	9.236159e+00	46909.000000	0.000000e+00
1.745216e-01	1.981805e+03	9.023412e+00	48237.000000	0.000000e+00
1.765059e-01	1.960306e+03	8.893683e+00	48583.000000	0.000000e+00
1.785033e-01	1.930654e+03	8.549333e+00	50997.000000	0.000000e+00
1.805083e-01	1.901833e+03	8.388869e+00	51397.000000	0.000000e+00
1.825017e-01	1.870226e+03	8.163193e+00	52489.000000	0.000000e+00
1.844937e-01	1.859432e+03	8.017549e+00	53787.000000	0.000000e+00
1.864887e-01	1.846515e+03	7.879801e+00	54913.000000	0.000000e+00
1.884818e-01	1.823096e+03	7.705567e+00	55977.000000	0.000000e+00
1.904753e-01	1.786427e+03	7.455428e+00	57415.000000	0.000000e+00
1.924660e-01	1.757867e+03	7.292549e+00	58105.000000	0.000000e+00
1.944594e-01	1.749517e+03	7.140411e+00	60033.000000	0.000000e+00
1.964596e-01	1.720815e+03	6.970290e+00	60949.000000	0.000000e+00
1.984543e-01	1.690717e+03	6.777250e+00	62235.000000	0.000000e+00
2.004453e-01	1.670270e+03	6.642454e+00	63229.000000	0.000000e+00
2.024446e-01	1.650510e+03	6.467220e+00	65133.000000	0.000000e+00
2.044399e-01	1.629183e+03	6.355709e+00	65707.000000	0.000000e+00
2.064345e-01	1.591833e+03	6.124203e+00	67561.000000	0.000000e+00
2.084313e-01	1.585844e+03	6.058978e+00	68505.000000	0.000000e+00
2.104244e-01	1.549504e+03	5.858962e+00	69943.000000	0.000000e+00
2.124186e-01	1.524796e+03	5.718552e+00	71097.000000	0.000000e+00
2.144149e-01	1.503121e+03	5.562499e+00	73021.000000	0.000000e+00
2.164075e-01	1.488483e+03	5.497199e+00	73317.000000	0.000000e+00
2.183998e-01	1.464666e+03	5.319941e+00	75799.000000	0.000000e+00
2.203919e-01	1.439361e+03	5.220390e+00	76021.000000	0.000000e+00
2.223865e-01	1.429917e+03	5.095388e+00	78753.000000	0.000000e+00
2.243849e-01	1.415567e+03	5.027111e+00	79291.000000	0.000000e+00
2.263816e-01	1.387707e+03	4.872029e+00	81129.000000	0.000000e+00
2.283784e-01	1.366921e+03	4.760711e+00	82441.000000	0.000000e+00
2.303757e-01	1.355379e+03	4.677922e+00	83949.000000	0.000000e+00
2.323699e-01	1.333748e+03	4.571411e+00	85123.000000	0.000000e+00
2.343653e-01	1.324636e+03	4.492770e+00	86929.000000	0.000000e+00
2.363576e-01	1.306126e+03	4.408238e+00	87789.000000	0.000000e+00
2.383451e-01	1.298006e+03	4.335777e+00	89623.000000	0.000000e+00
2.403415e-01	1.277857e+03	4.228140e+00	91341.000000	0.000000e+00
2.423378e-01	1.268291e+03	4.162362e+00	92845.000000	0.000000e+00
2.443322e-01	1.250085e+03	4.075441e+00	94087.000000	0.000000e+00
2.463300e-01	1.238444e+03	3.990145e+00	96333.000000	0.000000e+00
2.483279e-01	1.229837e+03	3.943711e+00	97249.000000	0.000000e+00
2.503275e-01	1.213195e+03	3.846066e+00	99501.000000	0.000000e+00
2.523142e-01	1.200388e+03	3.809641e+00	99283.000000	0.000000e+00
2.543013e-01	1.191619e+03	3.721321e+00	102537.000000	0.000000e+00
2.562973e-01	1.172079e+03	3.643635e+00	103477.000000	0.000000e+00
2.582930e-01	1.168856e+03	3.594336e+00	105751.000000	0.000000e+00
2.602906e-01	1.155475e+03	3.534556e+00	106869.000000	0.000000e+00
2.622842e-01	1.148388e+03	3.483212e+00	108697.000000	0.000000e+00
2.642824e-01	1.132415e+03	3.405441e+00	110577.000000	0.000000e+00
2.662844e-01	1.115489e+03	3.324934e+00	112555.000000	0.000000e+00
2.682741e-01	1.102015e+03	3.284218e+00	112593.000000	0.000000e+00
2.702629e-01	1.096968e+03	3.226754e+00	115573.000000	0.000000e+00
2.722603e-01	1.082955e+03	3.162226e+00	117283.000000	0.000000e+00
2.742558e-01	1.077984e+03	3.130437e+00	118581.000000	0.000000e+00
2.762488e-01	1.062235e+03	3.058455e+00	120625.000000	0.000000e+00
2.782426e-01	1.051237e+03	3.010484e+00	121935.000000	0.000000e+00
2.802382e-01	1.038385e+03	2.943585e+00	124441.000000	0.000000e+00
2.822328e-01	1.032445e+03	2.914175e+00	125517.000000	0.000000e+00
2.842249e-01	1.024841e+03	2.871741e+00	127357.000000	0.000000e+00
2.862208e-01	1.014163e+03	2.813918e+00	129895.000000	0.000000e+00
2.882169e-01	1.000780e+03	2.768210e+00	130701.000000	0.000000e+00
2.902141e-01	9.958131e+02	2.721156e+00	133921.000000	0.000000e+00
2.922105e-01	9.862964e+02	2.692478e+00	134187.000000	0.000000e+00
2.942043e-01	9.781139e+02	2.641381e+00	137125.000000	0.000000e+00
2.962008e-01	9.679809e+02	2.601413e+00	138457.000000	0.000000e+00
2.981989e-01	9.568602e+02	2.548801e+00	140937.000000	0.000000e+00
3.001897e-01	9.478356e+02	2.520920e+00	141367.000000	0.000000e+00
3.021797e-01	9.430715e+02	2.481930e+00	144381.000000	0.000000e+00
3.041718e-01	9.304829e+02	2.438955e+00	145549.000000	0.000000e+00
3.061699e-01	9.241466e+02	2.393014e+00	149139.000000	0.000000e+00
3.081700e-01	9.187559e+02	2.375061e+00	149641.000000	0.000000e+00
3.101613e-01	9.148649e+02	2.347931e+00	151825.000000	0.000000e+00
3.121531e-01	9.038006e+02	2.307198e+00	153453.000000	0.000000e+00
3.141451e-01	8.969252e+02	2.271701e+00	155887.000000	0.000000e+00
3.161415e-01	8.900417e+02	2.238286e+00	158121.000000	0.000000e+00
3.181385e-01	8.820629e+02	2.206254e+00	159841.000000	0.000000e+00
3.201285e-01	8.699827e+02	2.167014e+00	161175.000000	0.000000e+00
3.221251e-01	8.640394e+02	2.129203e+00	164677.000000	0.000000e+00
3.241246e-01	8.618171e+02	2.114884e+00	166057.000000	0.000000e+00
3.261187e-01	8.550451e+02	2.087943e+00	167703.000000	0.000000e+00
3.281140e-01	8.489416e+02	2.057359e+00	170269.000000	0.000000e+00
3.301103e-01	8.422183e+02	2.029253e+00	172257.000000	0.000000e+00
3.321038e-01	8.325972e+02	1.997992e+00	173653.000000	0.000000e+00
3.340963e-01	8.285120e+02	1.971424e+00	176619.000000	0.000000e+00
3.360891e-01	8.238505e+02	1.955103e+00	177565.000000	0.000000e+00
3.380839e-01	8.177894e+02	1.920704e+00	181285.000000	0.000000e+00
3.400815e-01	8.091446e+02	1.893821e+00	182547.000000	0.000000e+00
3.420775e-01	8.048627e+02	1.871303e+00	184993.000000	0.000000e+00
3.440714e-01	7.988635e+02	1.848463e+00	186777.000000	0.000000e+00
3.460660e-01	7.888146e+02	1.814096e+00	189073.000000	0.000000e+00
3.480602e-01	7.832911e+02	1.789983e+00	191491.000000	0.000000e+00
3.500575e-01	7.853997e+02	1.783871e+00	193845.000000	0.000000e+00
3.520518e-01	7.763835e+02	1.757347e+00	195181.000000	0.000000e+00
3.540398e-01	7.693885e+02	1.732053e+00	197319.000000	0.000000e+00
3.560324e-01	7.665571e+02	1.713076e+00	200233.000000	0.000000e+00
3.580294e-01	7.593393e+02	1.685188e+00	203037.000000	0.000000e+00
3.600284e-01	7.535884e+02	1.664922e+00	204871.000000	0.000000e+00
3.620203e-01	7.498380e+02	1.651205e+00	206221.000000	0.000000e+00
3.640124e-01	7.466834e+02	1.631227e+00	209529.000000	0.000000e+00
3.660135e-01	7.386374e+02	1.602160e+00	212545.000000	0.000000e+00
3.680092e-01	7.311246e+02	1.583400e+00	213207.000000	0.000000e+00
3.700028e-01	7.295249e+02	1.567595e+00	216577.000000	0.000000e+00
3.719978e-01	7.238144e+02	1.549554e+00	218193.000000	0.000000e+00
3.739960e-01	7.204985e+02	1.528653e+00	222151.000000	0.000000e+00
3.759897e-01	7.159621e+02	1.520775e+00	221641.000000	0.000000e+00
3.779792e-01	7.109656e+02	1.494955e+00	226173.000000	0.000000e+00
3.799721e-01	7.049989e+02	1.479768e+00	226981.000000	0.000000e+00
3.819688e-01	7.012027e+02	1.456097e+00	231903.000000	0.000000e+00
3.839641e-01	6.976575e+02	1.450018e+00	231493.000000	0.000000e+00
3.859568e-01	6.928920e+02	1.426172e+00	236041.000000	0.000000e+00
3.879523e-01	6.870857e+02	1.410669e+00	237231.000000	0.000000e+00
3.899494e-01	6.841530e+02	1.393838e+00	240925.000000	0.000000e+00
3.919470e-01	6.806564e+02	1.381438e+00	242769.000000	0.000000e+00
3.939372e-01	6.771845e+02	1.371603e+00	243757.000000	0.000000e+00
3.959285e-01	6.680726e+02	1.341568e+00	247983.000000	0.000000e+00
3.979255e-01	6.665632e+02	1.332399e+00	250273.000000	0.000000e+00
3.999206e-01	6.609686e+02	1.315708e+00	252373.000000	0.000000e+00
4.019150e-01	6.579547e+02	1.301804e+00	255447.000000	0.000000e+00
4.039099e-01	6.539168e+02	1.289676e+00	257089.000000	0.000000e+00
4.059061e-01	6.505565e+02	1.272822e+00	261237.000000	0.000000e+00
4.079005e-01	6.464011e+02	1.263652e+00	261667.000000	0.000000e+00
4.098970e-01	6.421818e+02	1.243062e+00	266889.000000	0.000000e+00
4.118939e-01	6.394261e+02	1.237357e+00	267049.000000	0.000000e+00
4.138863e-01	6.353765e+02	1.221478e+00	270577.000000	0.000000e+00
4.158785e-01	6.306147e+02	1.207722e+00	272643.000000	0.000000e+00
4.178735e-01	6.311075e+02	1.200847e+00	276205.000000	0.000000e+00
4.198688e-01	6.265788e+02	1.188013e+00	278169.000000	0.000000e+00
4.218621e-01	6.216999e+02	1.173188e+00	280819.000000	0.000000e+00
4.238555e-01	6.164062e+02	1.157422e+00	283629.000000	0.000000e+00
4.258541e-01	6.149878e+02	1.146486e+00	287737.000000	0.000000e+00
4.278511e-01	6.107548e+02	1.137622e+00	288229.000000	0.000000e+00
4.298418e-01	6.086002e+02	1.127194e+00	291519.000000	0.000000e+00
4.318357e-01	6.056392e+02	1.115645e+00	294697.000000	0.000000e+00
4.338304e-01	6.018754e+02	1.104745e+00	296817.000000	0.000000e+00
4.358259e-01	5.972537e+02	1.089091e+00	300739.000000	0.000000e+00
4.378207e-01	5.955583e+02	1.083871e+00	301921.000000	0.000000e+00
4.398126e-01	5.903804e+02	1.068211e+00	305457.000000	0.000000e+00
4.418091e-01	5.889002e+02	1.059682e+00	308839.000000	0.000000e+00
4.438046e-01	5.856549e+02	1.050781e+00	310641.000000	0.000000e+00
4.457993e-01	5.819896e+02	1.037804e+00	314485.000000	0.000000e+00
4.477952e-01	5.774140e+02	1.026990e+00	316113.000000	0.000000e+00
4.497898e-01	5.760195e+02	1.017831e+00	320275.000000	0.000000e+00
4.517835e-01	5.739426e+02	1.012843e+00	321109.000000	0.000000e+00
4.537771e-01	5.715291e+02	1.000804e+00	326121.000000	0.000000e+00
4.557736e-01	5.664217e+02	9.894271e-01	327727.000000	0.000000e+00
4.577705e-01	5.665894e+02	9.835954e-01	331821.000000	0.000000e+00
4.597631e-01	5.610477e+02	9.729846e-01	332497.000000	0.000000e+00
4.617563e-01	5.603277e+02	9.647167e-01	337353.000000	0.000000e+00
4.637522e-01	5.571421e+02	9.561110e-01	339559.000000	0.000000e+00
4.657493e-01	5.539621e+02	9.454476e-01	343309.000000	0.000000e+00
4.677438e-01	5.509683e+02	9.383612e-01	344757.000000	0.000000e+00
4.697365e-01	5.479734e+02	9.279651e-01	348703.000000	0.000000e+00
4.717321e-01	5.465781e+02	9.222257e-01	351261.000000	0.000000e+00
4.737250e-01	5.440620e+02	9.143434e-01	354061.000000	0.000000e+00
4.757151e-01	5.395327e+02	9.041128e-01	356115.000000	0.000000e+00
4.777098e-01	5.377241e+02	8.941365e-01	361669.000000	0.000000e+00
4.797067e-01	5.346874e+02	8.875864e-01	362893.000000	0.000000e+00
4.817021e-01	5.329667e+02	8.796447e-01	367101.000000	0.000000e+00
4.836980e-01	5.311494e+02	8.738670e-01	369439.000000	0.000000e+00
4.856946e-01	5.284124e+02	8.649062e-01	373257.000000	0.000000e+00
4.876921e-01	5.251416e+02	8.564696e-01	375949.000000	0.000000e+00
4.896859e-01	5.219207e+02	8.488558e-01	378043.000000	0.000000e+00
4.916774e-01	5.213288e+02	8.444667e-01	381117.000000	0.000000e+00
4.936740e-01	5.184108e+02	8.339268e-01	386449.000000	0.000000e+00
4.956690e-01	5.175126e+02	8.325380e-01	386397.000000	0.000000e+00
4.976600e-01	5.122108e+02	8.188144e-01	391315.000000	0.000000e+00
4.996551e-01	5.113129e+02	8.142741e-01	394305.000000	0.000000e+00
5.016519e-01	5.095167e+02	8.075601e-01	398077.000000	0.000000e+00
5.036462e-01	5.066417e+02	8.011519e-01	399919.000000	0.000000e+00
5.056381e-01	5.040658e+02	7.939146e-01	403113.000000	0.000000e+00
5.076338e-01	5.022853e+02	7.861376e-01	408229.000000	0.000000e+00
5.096324e-01	4.995139e+02	7.798121e-01	410313.000000	0.000000e+00
5.116253e-01	4.969099e+02	7.735124e-01	412687.000000	0.000000e+00
5.136183e-01	4.967959e+02	7.697046e-01	416589.000000	0.000000e+00
5.156137e-01	4.928917e+02	7.606019e-01	419941.000000	0.000000e+00
5.176078e-01	4.909542e+02	7.548721e-01	422995.000000	0.000000e+00
5.196028e-01	4.892597e+02	7.492210e-01	426441.000000	0.000000e+00
5.215957e-01	4.872921e+02	7.439158e-01	429073.000000	0.000000e+00
5.235886e-01	4.857063e+02	7.385761e-01	432471.000000	0.000000e+00
5.255851e-01	4.830738e+02	7.302514e-01	437605.000000	0.000000e+00
5.275802e-01	4.809718e+02	7.264001e-01	438417.000000	0.000000e+00
5.295745e-01	4.785401e+02	7.183433e-01	443785.000000	0.000000e+00
5.315675e-01	4.770919e+02	7.154104e-01	444727.000000	0.000000e+00
5.335612e-01	4.765847e+02	7.100933e-01	450453.000000	0.000000e+00
5.355583e-01	4.742938e+02	7.044098e-01	453361.000000	0.000000e+00
5.375541e-01	4.700870e+02	6.957978e-01	456447.000000	0.000000e+00
5.395464e-01	4.690959e+02	6.928676e-01	458377.000000	0.000000e+00
5.415432e-01	4.675925e+02	6.852681e-01	465601.000000	0.000000e+00
5.435403e-01	4.652618e+02	6.821897e-01	465141.000000	0.000000e+00
5.455338e-01	4.635818e+02	6.755233e-01	470947.000000	0.000000e+00
5.475270e-01	4.623386e+02	6.731103e-01	471789.000000	0.000000e+00
5.495209e-01	4.607431e+02	6.664507e-01	477949.000000	0.000000e+00
5.515191e-01	4.588015e+02	6.613452e-01	481275.000000	0.000000e+00
5.535108e-01	4.563927e+02	6.578907e-01	481249.000000	0.000000e+00
5.555021e-01	4.546410e+02	6.505414e-01	488413.000000	0.000000e+00
5.575004e-01	4.521113e+02	6.448641e-01	491535.000000	0.000000e+00
5.594964e-01	4.522193e+02	6.433488e-01	494089.000000	0.000000e+00
5.614893e-01	4.492423e+02	6.368925e-01	497541.000000	0.000000e+00
5.634832e-01	4.475626e+02	6.322408e-01	501121.000000	0.000000e+00
5.654804e-01	4.465855e+02	6.273463e-01	506751.000000	0.000000e+00
5.674733e-01	4.449671e+02	6.257412e-01	505669.000000	0.000000e+00
5.694666e-01	4.428146e+02	6.173534e-01	514489.000000	0.000000e+00
5.714632e-01	4.415876e+02	6.156344e-01	514503.000000	0.000000e+00
5.734584e-01	4.388959e+02	6.083462e-01	520501.000000	0.000000e+00
5.754516e-01	4.374514e+02	6.058854e-01	521289.000000	0.000000e+00
5.774446e-01	4.371448e+02	6.021068e-01	527113.000000	0.000000e+00
5.794400e-01	4.350134e+02	5.973617e-01	530311.000000	0.000000e+00
5.814361e-01	4.324453e+02	5.915096e-01	534489.000000	0.000000e+00
5.834313e-01	4.319120e+02	5.893506e-01	537085.000000	0.000000e+00
5.854261e-01	4.295689e+02	5.835505e-01	541887.000000	0.000000e+00
5.874218e-01	4.282290e+02	5.800959e-01	544945.000000	0.000000e+00
5.894178e-01	4.267496e+02	5.758160e-01	549261.000000	0.000000e+00
5.914114e-01	4.254966e+02	5.732160e-01	551005.000000	0.000000e+00
5.934041e-01	4.233954e+02	5.675465e-01	556531.000000	0.000000e+00
5.953995e-01	4.224282e+02	5.645111e-01	559965.000000	0.000000e+00
5.973956e-01	4.209098e+02	5.604778e-01	563977.000000	0.000000e+00
5.993886e-01	4.186302e+02	5.564122e-01	566067.000000	0.000000e+00
6.013797e-01	4.175096e+02	5.527892e-01	570445.000000	0.000000e+00
6.033767e-01	4.171015e+02	5.490778e-01	577053.000000	0.000000e+00
6.053748e-01	4.153282e+02	5.460409e-01	578539.000000	0.000000e+00
6.073667e-01	4.136997e+02	5.427499e-01	580993.000000	0.000000e+00
6.093587e-01	4.126918e+02	5.387984e-01	586677.000000	0.000000e+00
6.113538e-01	4.097494e+02	5.334297e-01	590041.000000	0.000000e+00
6.133526e-01	4.091258e+02	5.295671e-01	596859.000000	0.000000e+00
6.153452e-01	4.076297e+02	5.289198e-01	593953.000000	0.000000e+00
6.173353e-01	4.068055e+02	5.238925e-01	602961.000000	0.000000e+00
6.193326e-01	4.045204e+02	5.194383e-01	606475.000000	0.000000e+00
6.213311e-01	4.036734e+02	5.164154e-01	611029.000000	0.000000e+00
6.233265e-01	4.029183e+02	5.146533e-01	612921.000000	0.000000e+00
6.253179e-01	4.005433e+02	5.103854e-01	615889.000000	0.000000e+00
6.273130e-01	3.996031e+02	5.060802e-01	623475.000000	0.000000e+00
6.293122e-01	3.989760e+02	5.041673e-01	626245.000000	0.000000e+00
6.313064e-01	3.974325e+02	5.014200e-01	628237.000000	0.000000e+00
6.332981e-01	3.959854e+02	4.977666e-01	632859.000000	0.000000e+00
6.352932e-01	3.951287e+02	4.947522e-01	637825.000000	0.000000e+00
6.372885e-01	3.935822e+02	4.913636e-01	641601.000000	0.000000e+00
6.392814e-01	3.926309e+02	4.892853e-01	643939.000000	0.000000e+00
6.412738e-01	3.910234e+02	4.852330e-01	649389.000000	0.000000e+00
6.432707e-01	3.894462e+02	4.812465e-01	654877.000000	0.000000e+00
6.452688e-01	3.880420e+02	4.782205e-01	658417.000000	0.000000e+00
6.472597e-01	3.874404e+02	4.774654e-01	658455.000000	0.000000e+00
6.492521e-01	3.854041e+02	4.718708e-01	667093.000000	0.000000e+00
6.512503e-01	3.843208e+02	4.692730e-01	670713.000000	0.000000e+00
6.532472e-01	3.832574e+02	4.666081e-01	674647.000000	0.000000e+00
6.552421e-01	3.817221e+02	4.637905e-01	677409.000000	0.000000e+00
6.572351e-01	3.814090e+02	4.619503e-01	681697.000000	0.000000e+00
6.592311e-01	3.793639e+02	4.575483e-01	687445.000000	0.000000e+00
6.612259e-01	3.785268e+02	4.558384e-01	689559.000000	0.000000e+00
6.632165e-01	3.771577e+02	4.530996e-01	692881.000000	0.000000e+00
6.652114e-01	3.764337e+02	4.497916e-01	700413.000000	0.000000e+00
6.672061e-01	3.748849e+02	4.475623e-01	701599.000000	0.000000e+00
6.692014e-01	3.736512e+02	4.437759e-01	708933.000000	0.000000e+00
6.711970e-01	3.721855e+02	4.414776e-01	710725.000000	0.000000e+00
6.731898e-01	3.715291e+02	4.394174e-01	714877.000000	0.000000e+00
6.751840e-01	3.699186e+02	4.358978e-01	720183.000000	0.000000e+00
6.771803e-01	3.690966e+02	4.333442e-01	725461.000000	0.000000e+00
6.791765e-01	3.679655e+02	4.312548e-01	728025.000000	0.000000e+00
6.811703e-01	3.674923e+02	4.292809e-01	732847.000000	0.000000e+00
6.831642e-01	3.664386e+02	4.271226e-01	736033.000000	0.000000e+00
6.851614e-01	3.652645e+02	4.233430e-01	744441.000000	0.000000e+00
6.871573e-01	3.628561e+02	4.207965e-01	743575.000000	0.000000e+00
6.891516e-01	3.633787e+02	4.191419e-01	751617.000000	0.000000e+00
6.911457e-01	3.616323e+02	4.168504e-01	752617.000000	0.000000e+00
6.931383e-01	3.608003e+02	4.142543e-01	758577.000000	0.000000e+00
6.951321e-01	3.596037e+02	4.116974e-01	762943.000000	0.000000e+00
6.971274e-01	3.585453e+02	4.091477e-01	767941.000000	0.000000e+00
6.991227e-01	3.575709e+02	4.069984e-01	771861.000000	0.000000e+00
7.011176e-01	3.575563e+02	4.057665e-01	776491.000000	0.000000e+00
7.031125e-01	3.555126e+02	4.023848e-01	780597.000000	0.000000e+00
7.051071e-01	3.542625e+02	3.997386e-01	785413.000000	0.000000e+00
7.070999e-01	3.535483e+02	3.983287e-01	787797.000000	0.000000e+00
7.090964e-01	3.524705e+02	3.947439e-01	797287.000000	0.000000e+00
7.110914e-01	3.518152e+02	3.944273e-01	795601.000000	0.000000e+00
7.130842e-01	3.505990e+02	3.909214e-01	804345.000000	0.000000e+00
7.150803e-01	3.489890e+02	3.883425e-01	807595.000000	0.000000e+00
7.170741e-01	3.484758e+02	3.869553e-01	811005.000000	0.000000e+00
7.190690e-01	3.482970e+02	3.851493e-01	817789.000000	0.000000e+00
7.210619e-01	3.460503e+02	3.824793e-01	818583.000000	0.000000e+00
7.230561e-01	3.448321e+02	3.790854e-01	827449.000000	0.000000e+00
7.250536e-01	3.439630e+02	3.773264e-01	830977.000000	0.000000e+00
7.270476e-01	3.432603e+02	3.760680e-01	833133.000000	0.000000e+00
7.290418e-01	3.424184e+02	3.733942e-01	840967.000000	0.000000e+00
7.310364e-01	3.418701e+02	3.725355e-01	842145.000000	0.000000e+00
7.330319e-01	3.410656e+02	3.696878e-01	851149.000000	0.000000e+00
7.350274e-01	3.405092e+02	3.690392e-01	851359.000000	0.000000e+00
7.370219e-01	3.392005e+02	3.659223e-01	859281.000000	0.000000e+00
7.390166e-01	3.375011e+02	3.636340e-01	861433.000000	0.000000e+00
7.410089e-01	3.369247e+02	3.620969e-01	865797.000000	0.000000e+00
7.430036e-01	3.358967e+02	3.594267e-01	873355.000000	0.000000e+00
7.449973e-01	3.353520e+02	3.586981e-01	874065.000000	0.000000e+00
7.469934e-01	3.340501e+02	3.551296e-01	884809.000000	0.000000e+00
7.489888e-01	3.339233e+02	3.553166e-01	883207.000000	0.000000e+00
7.509812e-01	3.332646e+02	3.530716e-01	890949.000000	0.000000e+00
7.529763e-01	3.320795e+02	3.508667e-01	895777.000000	0.000000e+00
7.549714e-01	3.303546e+02	3.482237e-01	900003.000000	0.000000e+00
7.569669e-01	3.300672e+02	3.468086e-01	905785.000000	0.000000e+00
7.589617e-01	3.284421e+02	3.444816e-01	909045.000000	0.000000e+00
7.609524e-01	3.281100e+02	3.437562e-01	911041.000000	0.000000e+00
7.629473e-01	3.268920e+02	3.402256e-01	923155.000000	0.000000e+00
7.649457e-01	3.264388e+02	3.396829e-01	923541.000000	0.000000e+00
7.669414e-01	3.254273e+02	3.373761e-01	930421.000000	0.000000e+00
7.689348e-01	3.247581e+02	3.365843e-01	930963.000000	0.000000e+00
7.709274e-01	3.238806e+02	3.341881e-01	939265.000000	0.000000e+00
7.729233e-01	3.226510e+02	3.320338e-01	944281.000000	0.000000e+00
7.749191e-01	3.220283e+02	3.306947e-01	948273.000000	0.000000e+00
7.769132e-01	3.209835e+02	3.288615e-01	952663.000000	0.000000e+00
7.789076e-01	3.203083e+02	3.271285e-01	958737.000000	0.000000e+00
7.809031e-01	3.197869e+02	3.258905e-01	962893.000000	0.000000e+00
7.828987e-01	3.183672e+02	3.233791e-01	969243.000000	0.000000e+00
7.848915e-01	3.178962e+02	3.228871e-01	969325.000000	0.000000e+00
7.868833e-01	3.172180e+02	3.206243e-01	978865.000000	0.000000e+00
7.888804e-01	3.164115e+02	3.189313e-01	984261.000000	0.000000e+00
7.908771e-01	3.159813e+02	3.178670e-01	988171.000000	0.000000e+00
7.928676e-01	3.152049e+02	3.170451e-01	988425.000000	0.000000e+00
7.948626e-01	3.142197e+02	3.139077e-01	1001989.000000	0.000000e+00
7.968598e-01	3.128888e+02	3.126302e-01	1001655.000000	0.000000e+00
7.988545e-01	3.128506e+02	3.115212e-01	1008553.000000	0.000000e+00
8.008504e-01	3.116711e+02	3.095870e-01	1013509.000000	0.000000e+00
8.028453e-01	3.103503e+02	3.076797e-01	1017435.000000	0.000000e+00
8.048390e-01	3.099719e+02	3.065538e-01	1022425.000000	0.000000e+00
8.068333e-01	3.089754e+02	3.046922e-01	1028313.000000	0.000000e+00
8.088264e-01	3.084718e+02	3.037981e-01	1031005.000000	0.000000e+00
8.108207e-01	3.078665e+02	3.018591e-01	1040199.000000	0.000000e+00
8.128165e-01	3.066816e+02	3.003841e-01	1042369.000000	0.000000e+00
8.148139e-01	3.060953e+02	2.983775e-01	1052401.000000	0.000000e+00
8.168081e-01	3.049298e+02	2.976844e-01	1049271.000000	0.000000e+00
8.188002e-01	3.052359e+02	2.964399e-01	1060225.000000	0.000000e+00
8.207967e-01	3.043578e+02	2.949922e-01	1064505.000000	0.000000e+00
8.227922e-01	3.028582e+02	2.928819e-01	1069285.000000	0.000000e+00
8.247842e-01	3.023071e+02	2.920500e-01	1071475.000000	0.000000e+00
8.267774e-01	3.012598e+02	2.897767e-01	1080825.000000	0.000000e+00
8.287741e-01	3.014553e+02	2.893769e-01	1085221.000000	0.000000e+00
8.307694e-01	3.004639e+02	2.877369e-01	1090419.000000	0.000000e+00
8.327612e-01	2.995908e+02	2.867717e-01	1091401.000000	0.000000e+00
8.347561e-01	2.986822e+02	2.841891e-01	1104597.000000	0.000000e+00
8.367530e-01	2.982511e+02	2.838687e-01	1103899.000000	0.000000e+00
8.387474e-01	2.973668e+02	2.819570e-01	1112293.000000	0.000000e+00
8.407404e-01	2.967552e+02	2.812032e-01	1113669.000000	0.000000e+00
8.427374e-01	2.965063e+02	2.794012e-01	1126189.000000	0.000000e+00
8.447334e-01	2.950216e+02	2.782719e-01	1124007.000000	0.000000e+00
8.467264e-01	2.948397e+02	2.769924e-01	1133017.000000	0.000000e+00
8.487214e-01	2.941927e+02	2.758450e-01	1137453.000000	0.000000e+00
8.507177e-01	2.928183e+02	2.736616e-01	1144903.000000	0.000000e+00
8.527137e-01	2.926171e+02	2.731838e-01	1147333.000000	0.000000e+00
8.547066e-01	2.919381e+02	2.718674e-01	1153101.000000	0.000000e+00
8.566997e-01	2.910996e+02	2.705671e-01	1157533.000000	0.000000e+00
8.586939e-01	2.902519e+02	2.688371e-01	1165659.000000	0.000000e+00
8.606895e-01	2.896032e+02	2.678055e-01	1169413.000000	0.000000e+00
8.626845e-01	2.890022e+02	2.664828e-01	1176153.000000	0.000000e+00
8.646771e-01	2.885852e+02	2.659209e-01	1177723.000000	0.000000e+00
8.666737e-01	2.880190e+02	2.639023e-01	1191121.000000	0.000000e+00
8.686687e-01	2.868198e+02	2.632220e-01	1187337.000000	0.000000e+00
8.706613e-01	2.868040e+02	2.619486e-01	1198777.000000	0.000000e+00
8.726576e-01	2.857216e+02	2.604843e-01	1203159.000000	0.000000e+00
8.746526e-01	2.853640e+02	2.596333e-01	1208029.000000	0.000000e+00
8.766473e-01	2.847918e+02	2.585228e-01	1213549.000000	0.000000e+00
8.786425e-01	2.839147e+02	2.570195e-01	1220235.000000	0.000000e+00
8.806361e-01	2.835407e+02	2.564795e-01	1222153.000000	0.000000e+00
8.826306e-01	2.827282e+02	2.546558e-01	1232625.000000	0.000000e+00
8.846261e-01	2.821588e+02	2.539245e-01	1234747.000000	0.000000e+00
8.866198e-01	2.817355e+02	2.529210e-01	1240833.000000	0.000000e+00
8.886129e-01	2.803971e+02	2.511889e-01	1246081.000000	0.000000e+00
8.906092e-01	2.798722e+02	2.498038e-01	1255225.000000	0.000000e+00
8.926060e-01	2.796620e+02	2.492801e-01	1258611.000000	0.000000e+00
8.945977e-01	2.790736e+02	2.486598e-01	1259581.000000	0.000000e+00
8.965906e-01	2.780461e+02	2.466114e-01	1271181.000000	0.000000e+00
8.985880e-01	2.776072e+02	2.456133e-01	1277491.000000	0.000000e+00
9.005838e-01	2.768573e+02	2.447508e-01	1279569.000000	0.000000e+00
9.025779e-01	2.766208e+02	2.437915e-01	1287457.000000	0.000000e+00
9.045696e-01	2.754335e+02	2.427937e-01	1286941.000000	0.000000e+00
9.065641e-01	2.752628e+02	2.411401e-01	1303035.000000	0.000000e+00
9.085608e-01	2.745335e+02	2.406355e-01	1301581.000000	0.000000e+00
9.105556e-01	2.742323e+02	2.395199e-01	1310853.000000	0.000000e+00
9.125491e-01	2.733952e+02	2.386306e-01	1312591.000000	0.000000e+00
9.145430e-01	2.727325e+02	2.372052e-01	1321981.000000	0.000000e+00
9.165388e-01	2.725430e+02	2.365528e-01	1327437.000000	0.000000e+00
9.185338e-01	2.715262e+02	2.352942e-01	1331683.000000	0.000000e+00
9.205260e-01	2.705093e+02	2.340799e-01	1335477.000000	0.000000e+00
9.225196e-01	2.705928e+02	2.332730e-01	1345561.000000	0.000000e+00
9.245166e-01	2.701755e+02	2.324384e-01	1351065.000000	0.000000e+00
9.265116e-01	2.694937e+02	2.315079e-01	1355083.000000	0.000000e+00
9.285045e-01	2.686582e+02	2.304216e-01	1359421.000000	0.000000e+00
9.305006e-01	2.682810e+02	2.290844e-01	1371477.000000	0.000000e+00
9.324963e-01	2.674548e+02	2.284561e-01	1370551.000000	0.000000e+00
9.344905e-01	2.667463e+02	2.269899e-01	1380969.000000	0.000000e+00
9.364841e-01	2.662549e+02	2.265104e-01	1381717.000000	0.000000e+00
9.384788e-01	2.661217e+02	2.254002e-01	1393965.000000	0.000000e+00
9.404757e-01	2.649612e+02	2.241667e-01	1397083.000000	0.000000e+00
9.424709e-01	2.642555e+02	2.230744e-01	1403293.000000	0.000000e+00
9.444637e-01	2.641296e+02	2.228199e-01	1405161.000000	0.000000e+00
9.464579e-01	2.635569e+02	2.213430e-01	1417807.000000	0.000000e+00
9.484531e-01	2.630103e+02	2.208829e-01	1417821.000000	0.000000e+00
9.504465e-01	2.622933e+02	2.194951e-01	1427989.000000	0.000000e+00
9.524403e-01	2.615726e+02	2.187420e-01	1429947.000000	0.000000e+00
9.544356e-01	2.614633e+02	2.177600e-01	1441669.000000	0.000000e+00
9.564314e-01	2.609386e+02	2.171783e-01	1443589.000000	0.000000e+00
9.584264e-01	2.599983e+02	2.157924e-01	1451673.000000	0.000000e+00
9.604198e-01	2.599570e+02	2.155517e-01	1454455.000000	0.000000e+00
9.624139e-01	2.593083e+02	2.143550e-01	1463409.000000	0.000000e+00
9.644094e-01	2.588739e+02	2.135356e-01	1469725.000000	0.000000e+00
9.664057e-01	2.581371e+02	2.124344e-01	1476559.000000	0.000000e+00
9.684002e-01	2.575655e+02	2.117988e-01	1478865.000000	0.000000e+00
9.703940e-01	2.568094e+02	2.105252e-01	1488037.000000	0.000000e+00
9.723898e-01	2.563725e+02	2.097778e-01	1493565.000000	0.000000e+00
9.743840e-01	2.558688e+02	2.089908e-01	1498927.000000	0.000000e+00
9.763785e-01	2.552082e+02	2.080027e-01	1505397.000000	0.000000e+00
9.783734e-01	2.548803e+02	2.072871e-01	1511917.000000	0.000000e+00
9.803685e-01	2.545391e+02	2.065572e-01	1518547.000000	0.000000e+00
9.823637e-01	2.539062e+02	2.056870e-01	1523817.000000	0.000000e+00
9.843574e-01	2.531496e+02	2.047163e-01	1529149.000000	0.000000e+00
9.863523e-01	2.527993e+02	2.038716e-01	1537581.000000	0.000000e+00
9.883468e-01	2.527076e+02	2.035589e-01	1541191.000000	0.000000e+00
9.903414e-01	2.516898e+02	2.021339e-01	1550433.000000	0.000000e+00
9.923355e-01	2.511038e+02	2.015312e-01	1552465.000000	0.000000e+00
9.943301e-01	2.505977e+02	2.003887e-01	1563895.000000	0.000000e+00
9.963253e-01	2.498538e+02	1.996651e-01	1565913.000000	0.000000e+00
9.983198e-01	2.498441e+02	1.990471e-01	1575529.000000	0.000000e+00
1.000313e+00	2.492270e+02	1.984912e-01	1576551.000000	0.000000e+00
1.002307e+00	2.484461e+02	1.970811e-01	1589185.000000	0.000000e+00
1.004304e+00	2.484487e+02	1.968324e-01	1593237.000000	0.000000e+00
1.006299e+00	2.472416e+02	1.955161e-01	1599109.000000	0.000000e+00
1.008293e+00	2.474331e+02	1.953449e-01	1604395.000000	0.000000e+00
1.010286e+00	2.467401e+02	1.944026e-01	1610925.000000	0.000000e+00
1.012281e+00	2.461208e+02	1.933714e-01	1619989.000000	0.000000e+00
1.014278e+00	2.454314e+02	1.924665e-01	1626111.000000	0.000000e+00
1.016273e+00	2.453920e+02	1.922308e-01	1629577.000000	0.000000e+00
1.018266e+00	2.447812e+02	1.912740e-01	1637737.000000	0.000000e+00
1.020261e+00	2.444974e+02	1.907522e-01	1642893.000000	0.000000e+00
1.022257e+00	2.438138e+02	1.896202e-01	1653283.000000	0.000000e+00
1.024250e+00	2.432312e+02	1.892371e-01	1652061.000000	0.000000e+00
1.026244e+00	2.426077e+02	1.879237e-01	1666657.000000	0.000000e+00
1.028241e+00	2.422396e+02	1.874300e-01	1670367.000000	0.000000e+00
1.030236e+00	2.417417e+02	1.867747e-01	1675201.000000	0.000000e+00
1.032228e+00	2.413481e+02	1.861907e-01	1680241.000000	0.000000e+00
1.034224e+00	2.410678e+02	1.853145e-01	1692231.000000	0.000000e+00
1.036220e+00	2.404769e+02	1.847013e-01	1695145.000000	0.000000e+00
1.038214e+00	2.397906e+02	1.837975e-01	1702101.000000	0.000000e+00
1.040208e+00	2.396927e+02	1.834082e-01	1707937.000000	0.000000e+00
1.042203e+00	2.391617e+02	1.825299e-01	1716783.000000	0.000000e+00
1.044197e+00	2.387232e+02	1.820999e-01	1718581.000000	0.000000e+00
1.046189e+00	2.379552e+02	1.810821e-01	1726789.000000	0.000000e+00
1.048183e+00	2.375164e+02	1.802210e-01	1736907.000000	0.000000e+00
1.050179e+00	2.373383e+02	1.798085e-01	1742269.000000	0.000000e+00
1.052174e+00	2.367502e+02	1.790391e-01	1748577.000000	0.000000e+00
1.054169e+00	2.359521e+02	1.781106e-01	1754965.000000	0.000000e+00
1.056163e+00	2.359190e+02	1.778691e-01	1759239.000000	0.000000e+00
1.058157e+00	2.354620e+02	1.769571e-01	1770541.000000	0.000000e+00
1.060154e+00	2.349703e+02	1.763212e-01	1775893.000000	0.000000e+00
1.062148e+00	2.342808e+02	1.755613e-01	1780803.000000	0.000000e+00
1.064143e+00	2.337258e+02	1.747972e-01	1787905.000000	0.000000e+00
1.066137e+00	2.333093e+02	1.741507e-01	1794789.000000	0.000000e+00
1.068131e+00	2.331659e+02	1.737383e-01	1801105.000000	0.000000e+00
1.070126e+00	2.325091e+02	1.728334e-01	1809775.000000	0.000000e+00
1.072119e+00	2.321486e+02	1.725459e-01	1810185.000000	0.000000e+00
1.074114e+00	2.318864e+02	1.714811e-01	1828597.000000	0.000000e+00
1.076113e+00	2.313173e+02	1.710214e-01	1829427.000000	0.000000e+00
1.078107e+00	2.308695e+02	1.704686e-01	1834189.000000	0.000000e+00
1.080099e+00	2.303492e+02	1.698620e-01	1838997.000000	0.000000e+00
1.082092e+00	2.300347e+02	1.692237e-01	1847839.000000	0.000000e+00
1.084089e+00	2.294609e+02	1.681279e-01	1862677.000000	0.000000e+00
1.086085e+00	2.291832e+02	1.681376e-01	1857957.000000	0.000000e+00
1.088077e+00	2.287703e+02	1.672758e-01	1870393.000000	0.000000e+00
1.090073e+00	2.282587e+02	1.665882e-01	1877439.000000	0.000000e+00
1.092068e+00	2.276257e+02	1.658209e-01	1884361.000000	0.000000e+00
1.094062e+00	2.272619e+02	1.654008e-01	1887897.000000	0.000000e+00
1.096057e+00	2.266516e+02	1.644557e-01	1899415.000000	0.000000e+00
1.098053e+00	2.264951e+02	1.641201e-01	1904557.000000	0.000000e+00
1.100048e+00	2.262276e+02	1.636000e-01	1912161.000000	0.000000e+00
1.102043e+00	2.253199e+02	1.627826e-01	1915945.000000	0.000000e+00
1.104036e+00	2.250599e+02	1.622187e-01	1924839.000000	0.000000e+00
1.106029e+00	2.251416e+02	1.621060e-01	1928917.000000	0.000000e+00
1.108023e+00	2.244574e+02	1.611393e-01	1940281.000000	0.000000e+00
1.110020e+00	2.239362e+02	1.604286e-01	1948431.000000	0.000000e+00
1.112015e+00	2.232418e+02	1.598234e-01	1951057.000000	0.000000e+00
1.114010e+00	2.230211e+02	1.592440e-01	1961397.000000	0.000000e+00
1.116005e+00	2.229128e+02	1.589889e-01	1965787.000000	0.000000e+00
1.117998e+00	2.222246e+02	1.582499e-01	1971957.000000	0.000000e+00
1.119992e+00	2.221355e+02	1.577850e-01	1982005.000000	0.000000e+00
1.121988e+00	2.214423e+02	1.570389e-01	1988413.000000	0.000000e+00
1.123983e+00	2.209439e+02	1.563282e-01	1997511.000000	0.000000e+00
1.125977e+00	2.208127e+02	1.562120e-01	1998109.000000	0.000000e+00
1.127972e+00	2.204948e+02	1.554245e-01	2012601.000000	0.000000e+00
1.129966e+00	2.201148e+02	1.551295e-01	2013307.000000	0.000000e+00
1.131961e+00	2.195428e+02	1.542197e-01	2026557.000000	0.000000e+00
1.133958e+00	2.190767e+02	1.536880e-01	2031949.000000	0.000000e+00
1.135953e+00	2.187681e+02	1.532580e-01	2037613.000000	0.000000e+00
1.137947e+00	2.181931e+02	1.525934e-01	2044611.000000	0.000000e+00
1.139941e+00	2.178114e+02	1.521351e-01	2049757.000000	0.000000e+00
1.141933e+00	2.173754e+02	1.515740e-01	2056701.000000	0.000000e+00
1.143926e+00	2.170295e+02	1.509731e-01	2066515.000000	0.000000e+00
1.145922e+00	2.168450e+02	1.505238e-01	2075337.000000	0.000000e+00
1.147919e+00	2.164787e+02	1.499580e-01	2083969.000000	0.000000e+00
1.149913e+00	2.158146e+02	1.494753e-01	2084599.000000	0.000000e+00
1.151906e+00	2.156376e+02	1.489749e-01	2095185.000000	0.000000e+00
1.153901e+00	2.150450e+02	1.482389e-01	2104429.000000	0.000000e+00
1.155897e+00	2.146974e+02	1.477910e-01	2110365.000000	0.000000e+00
1.157894e+00	2.142277e+02	1.470939e-01	2121103.000000	0.000000e+00
1.159888e+00	2.138620e+02	1.468917e-01	2119693.000000	0.000000e+00
1.161881e+00	2.136313e+02	1.462333e-01	2134209.000000	0.000000e+00
1.163877e+00	2.132517e+02	1.457684e-01	2140219.000000	0.000000e+00
1.165871e+00	2.125814e+02	1.452410e-01	2142261.000000	0.000000e+00
1.167864e+00	2.124090e+02	1.446679e-01	2155765.000000	0.000000e+00
1.169859e+00	2.120371e+02	1.442851e-01	2159637.000000	0.000000e+00
1.171854e+00	2.116705e+02	1.436428e-01	2171467.000000	0.000000e+00
1.173850e+00	2.111820e+02	1.431987e-01	2174881.000000	0.000000e+00
1.175844e+00	2.111095e+02	1.428395e-01	2184333.000000	0.000000e+00
1.177839e+00	2.105451e+02	1.422367e-01	2191123.000000	0.000000e+00
1.179834e+00	2.099161e+02	1.415851e-01	2198145.000000	0.000000e+00
1.181828e+00	2.095102e+02	1.411076e-01	2204497.000000	0.000000e+00
1.183822e+00	2.095727e+02	1.408645e-01	2213433.000000	0.000000e+00
1.185817e+00	2.090990e+02	1.403466e-01	2219731.000000	0.000000e+00
1.187809e+00	2.086345e+02	1.398672e-01	2225053.000000	0.000000e+00
1.189803e+00	2.081349e+02	1.392361e-01	2234529.000000	0.000000e+00
1.191799e+00	2.077956e+02	1.385823e-01	2248315.000000	0.000000e+00
1.193796e+00	2.073502e+02	1.381827e-01	2251653.000000	0.000000e+00
1.195792e+00	2.070827e+02	1.377678e-01	2259397.000000	0.000000e+00
1.197785e+00	2.069536e+02	1.376109e-01	2261727.000000	0.000000e+00
1.199779e+00	2.063824e+02	1.368310e-01	2274973.000000	0.000000e+00
1.201773e+00	2.059289e+02	1.364825e-01	2276569.000000	0.000000e+00
1.203767e+00	2.058917e+02	1.360270e-01	2291013.000000	0.000000e+00
1.205763e+00	2.053566e+02	1.354969e-01	2296987.000000	0.000000e+00
1.207758e+00	2.048620e+02	1.349866e-01	2303253.000000	0.000000e+00
1.209754e+00	2.044085e+02	1.343800e-01	2313817.000000	0.000000e+00
1.211748e+00	2.043404e+02	1.342800e-01	2315719.000000	0.000000e+00
1.213743e+00	2.036924e+02	1.334588e-01	2329461.000000	0.000000e+00
1.215737e+00	2.036368e+02	1.333964e-01	2330365.000000	0.000000e+00
1.217730e+00	2.030480e+02	1.326891e-01	2341677.000000	0.000000e+00
1.219726e+00	2.027122e+02	1.321370e-01	2353483.000000	0.000000e+00
1.221721e+00	2.025522e+02	1.320468e-01	2352981.000000	0.000000e+00
1.223715e+00	2.021156e+02	1.313830e-01	2366581.000000	0.000000e+00
1.225710e+00	2.017848e+02	1.310012e-01	2372611.000000	0.000000e+00
1.227704e+00	2.013133e+02	1.305607e-01	2377497.000000	0.000000e+00
1.229699e+00	2.008287e+02	1.298638e-01	2391529.000000	0.000000e+00
1.231694e+00	2.006841e+02	1.296964e-01	2394255.000000	0.000000e+00
1.233689e+00	2.004127e+02	1.292041e-01	2406013.000000	0.000000e+00
1.235683e+00	1.996824e+02	1.286657e-01	2408541.000000	0.000000e+00
1.237678e+00	1.995106e+02	1.282587e-01	2419681.000000	0.000000e+00
1.239673e+00	1.993604e+02	1.279044e-01	2429443.000000	0.000000e+00
1.241668e+00	1.990937e+02	1.276793e-01	2431497.000000	0.000000e+00
1.243663e+00	1.985034e+02	1.268908e-01	2447233.000000	0.000000e+00
1.245659e+00	1.982728e+02	1.266767e-01	2449815.000000	0.000000e+00
1.247653e+00	1.977971e+02	1.261989e-01	2456569.000000	0.000000e+00
1.249644e+00	1.973017e+02	1.258429e-01	2458125.000000	0.000000e+00
1.251638e+00	1.972107e+02	1.252367e-01	2479693.000000	0.000000e+00
1.253636e+00	1.966900e+02	1.247791e-01	2484739.000000	0.000000e+00
1.255632e+00	1.964745e+02	1.244825e-01	2491125.000000	0.000000e+00
1.257626e+00	1.961595e+02	1.241675e-01	2495761.000000	0.000000e+00
1.259621e+00	1.958220e+02	1.236782e-01	2506899.000000	0.000000e+00
1.261615e+00	1.957315e+02	1.235280e-01	2510677.000000	0.000000e+00
1.263609e+00	1.950470e+02	1.227459e-01	2525017.000000	0.000000e+00
1.265604e+00	1.947387e+02	1.225558e-01	2524857.000000	0.000000e+00
1.267598e+00	1.946695e+02	1.221339e-01	2540527.000000	0.000000e+00
1.269593e+00	1.939843e+02	1.216264e-01	2543769.000000	0.000000e+00
1.271588e+00	1.938953e+02	1.213055e-01	2554897.000000	0.000000e+00
1.273582e+00	1.935480e+02	1.209497e-01	2560755.000000	0.000000e+00
1.275577e+00	1.932298e+02	1.205271e-01	2570269.000000	0.000000e+00
1.277572e+00	1.927923e+02	1.201178e-01	2576113.000000	0.000000e+00
1.279565e+00	1.923134e+02	1.196478e-01	2583507.000000	0.000000e+00
1.281558e+00	1.920098e+02	1.192404e-01	2592985.000000	0.000000e+00
1.283553e+00	1.919484e+02	1.189587e-01	2603613.000000	0.000000e+00
1.285549e+00	1.912805e+02	1.183953e-01	2610193.000000	0.000000e+00
1.287543e+00	1.910461e+02	1.180953e-01	2617047.000000	0.000000e+00
1.289538e+00	1.909247e+02	1.178175e-01	2626057.000000	0.000000e+00
1.291534e+00	1.905736e+02	1.173393e-01	2637781.000000	0.000000e+00
1.293528e+00	1.901652e+02	1.170712e-01	2638527.000000	0.000000e+00
1.295521e+00	1.899160e+02	1.166691e-01	2649793.000000	0.000000e+00
1.297517e+00	1.896881e+02	1.162580e-01	2662161.000000	0.000000e+00
1.299511e+00	1.890523e+02	1.158531e-01	2662861.000000	0.000000e+00
1.301506e+00	1.889538e+02	1.154479e-01	2678791.000000	0.000000e+00
1.303501e+00	1.885673e+02	1.151476e-01	2681781.000000	0.000000e+00
1.305496e+00	1.881970e+02	1.147006e-01	2692117.000000	0.000000e+00
1.307491e+00	1.879161e+02	1.143499e-01	2700579.000000	0.000000e+00
1.309485e+00	1.879309e+02	1.142630e-01	2705113.000000	0.000000e+00
1.311479e+00	1.872499e+02	1.135920e-01	2717361.000000	0.000000e+00
1.313474e+00	1.869458e+02	1.132532e-01	2724775.000000	0.000000e+00
1.315469e+00	1.866995e+02	1.129212e-01	2733601.000000	0.000000e+00
1.317464e+00	1.865247e+02	1.126427e-01	2741997.000000	0.000000e+00
1.319459e+00	1.861767e+02	1.123035e-01	2748301.000000	0.000000e+00
1.321454e+00	1.858252e+02	1.118871e-01	2758347.000000	0.000000e+00
1.323447e+00	1.853974e+02	1.115437e-01	2762593.000000	0.000000e+00
1.325442e+00	1.851595e+02	1.111064e-01	2777241.000000	0.000000e+00
1.327438e+00	1.846976e+02	1.107012e-01	2783671.000000	0.000000e+00
1.329433e+00	1.846577e+02	1.105065e-01	2792281.000000	0.000000e+00
1.331427e+00	1.843686e+02	1.102328e-01	2797389.000000	0.000000e+00
1.333421e+00	1.839469e+02	1.098240e-01	2805373.000000	0.000000e+00
1.335416e+00	1.837734e+02	1.094368e-01	2819931.000000	0.000000e+00
1.337412e+00	1.832515e+02	1.090088e-01	2826001.000000	0.000000e+00
1.339407e+00	1.830068e+02	1.087440e-01	2832201.000000	0.000000e+00
1.341402e+00	1.826364e+02	1.082858e-01	2844667.000000	0.000000e+00
1.343396e+00	1.823455e+02	1.081509e-01	2842693.000000	0.000000e+00
1.345387e+00	1.820160e+02	1.076795e-01	2857281.000000	0.000000e+00
1.347382e+00	1.817801e+02	1.073303e-01	2868457.000000	0.000000e+00
1.349378e+00	1.816317e+02	1.070629e-01	2878095.000000	0.000000e+00
1.351373e+00	1.811154e+02	1.066651e-01	2883145.000000	0.000000e+00
1.353369e+00	1.809584e+02	1.063332e-01	2896141.000000	0.000000e+00
1.355363e+00	1.808089e+02	1.062288e-01	2897043.000000	0.000000e+00
1.357357e+00	1.800722e+02	1.055449e-01	2910841.000000	0.000000e+00
1.359352e+00	1.800305e+02	1.054142e-01	2916717.000000	0.000000e+00
1.361346e+00	1.797747e+02	1.050929e-01	2926243.000000	0.000000e+00
1.363341e+00	1.792591e+02	1.045905e-01	2937501.000000	0.000000e+00
1.365335e+00	1.791100e+02	1.044454e-01	2940769.000000	0.000000e+00
1.367330e+00	1.790367e+02	1.041649e-01	2954209.000000	0.000000e+00
1.369325e+00	1.784492e+02	1.036778e-01	2962491.000000	0.000000e+00
1.371320e+00	1.781858e+02	1.034190e-01	2968561.000000	0.000000e+00
1.373315e+00	1.778507e+02	1.030292e-01	2979825.000000	0.000000e+00
1.375310e+00	1.776352e+02	1.027691e-01	2987671.000000	0.000000e+00
1.377305e+00	1.773930e+02	1.024912e-01	2995713.000000	0.000000e+00
1.379299e+00	1.770815e+02	1.022174e-01	3001213.000000	0.000000e+00
1.381291e+00	1.769370e+02	1.020027e-01	3008941.000000	0.000000e+00
1.383286e+00	1.765405e+02	1.014668e-01	3027195.000000	0.000000e+00
1.385283e+00	1.762111e+02	1.012076e-01	3031381.000000	0.000000e+00
1.387277e+00	1.760250e+02	1.010056e-01	3037089.000000	0.000000e+00
1.389271e+00	1.756435e+02	1.006102e-01	3047755.000000	0.000000e+00
1.391265e+00	1.752446e+02	1.002606e-01	3055125.000000	0.000000e+00
1.393258e+00	1.749706e+02	9.996854e-02	3063397.000000	0.000000e+00
1.395253e+00	1.747494e+02	9.961214e-02	3077563.000000	0.000000e+00
1.397249e+00	1.744052e+02	9.933906e-02	3082329.000000	0.000000e+00
1.399243e+00	1.742379e+02	9.908221e-02	3092389.000000	0.000000e+00
1.401239e+00	1.739327e+02	9.874809e-02	3102453.000000	0.000000e+00
1.403233e+00	1.734235e+02	9.838595e-02	3107059.000000	0.000000e+00
1.405226e+00	1.733085e+02	9.816080e-02	3117193.000000	0.000000e+00
1.407222e+00	1.730481e+02	9.781437e-02	3129885.000000	0.000000e+00
1.409216e+00	1.725546e+02	9.747176e-02	3133975.000000	0.000000e+00
1.411211e+00	1.724553e+02	9.721576e-02	3146877.000000	0.000000e+00
1.413206e+00	1.720693e+02	9.690927e-02	3152653.000000	0.000000e+00
1.415201e+00	1.719045e+02	9.660218e-02	3166653.000000	0.000000e+00
1.417197e+00	1.716960e+02	9.641309e-02	3171379.000000	0.000000e+00
1.419191e+00	1.713368e+02	9.608651e-02	3179629.000000	0.000000e+00
1.421187e+00	1.711263e+02	9.577192e-02	3192693.000000	0.000000e+00
1.423181e+00	1.707937e+02	9.555024e-02	3195067.000000	0.000000e+00
1.425175e+00	1.705707e+02	9.522488e-02	3208545.000000	0.000000e+00
1.427168e+00	1.705034e+02	9.514951e-02	3211093.000000	0.000000e+00
1.429161e+00	1.700205e+02	9.469671e-02	3223539.000000	0.000000e+00
1.431157e+00	1.697541e+02	9.426141e-02	3243193.000000	0.000000e+00
1.433155e+00	1.695268e+02	9.411237e-02	3244765.000000	0.000000e+00
1.435149e+00	1.693919e+02	9.398107e-02	3248661.000000	0.000000e+00
1.437142e+00	1.689004e+02	9.351309e-02	3262243.000000	0.000000e+00
1.439138e+00	1.686751e+02	9.323004e-02	3273333.000000	0.000000e+00
1.441132e+00	1.682655e+02	9.298996e-02	3274297.000000	0.000000e+00
1.443123e+00	1.680206e+02	9.270908e-02	3284583.000000	0.000000e+00
1.445118e+00	1.676889e+02	9.227479e-02	3302497.000000	0.000000e+00
1.447115e+00	1.675623e+02	9.209727e-02	3310237.000000	0.000000e+00
1.449110e+00	1.672619e+02	9.186217e-02	3315285.000000	0.000000e+00
1.451106e+00	1.670108e+02	9.154471e-02	3328303.000000	0.000000e+00
1.453101e+00	1.668504e+02	9.139763e-02	3332613.000000	0.000000e+00
1.455095e+00	1.664629e+02	9.101256e-02	3345277.000000	0.000000e+00
1.457090e+00	1.660481e+02	9.068262e-02	3352891.000000	0.000000e+00
1.459084e+00	1.657603e+02	9.046571e-02	3357321.000000	0.000000e+00
1.461078e+00	1.654430e+02	9.004889e-02	3375517.000000	0.000000e+00
1.463073e+00	1.654249e+02	9.000581e-02	3378009.000000	0.000000e+00
1.465068e+00	1.651887e+02	8.970303e-02	3391147.000000	0.000000e+00
1.467062e+00	1.650282e+02	8.954109e-02	3396813.000000	0.000000e+00
1.469058e+00	1.646010e+02	8.908920e-02	3413617.000000	0.000000e+00
1.471053e+00	1.644045e+02	8.897151e-02	3414487.000000	0.000000e+00
1.473046e+00	1.642124e+02	8.874272e-02	3424101.000000	0.000000e+00
1.475040e+00	1.637986e+02	8.837468e-02	3435301.000000	0.000000e+00
1.477034e+00	1.636091e+02	8.815287e-02	3444627.000000	0.000000e+00
1.479030e+00	1.633492e+02	8.783159e-02	3458857.000000	0.000000e+00
1.481024e+00	1.632295e+02	8.778812e-02	3457209.000000	0.000000e+00
1.483018e+00	1.627784e+02	8.728775e-02	3477661.000000	0.000000e+00
1.485014e+00	1.623454e+02	8.700445e-02	3481747.000000	0.000000e+00
1.487008e+00	1.622969e+02	8.684262e-02	3492645.000000	0.000000e+00
1.489002e+00	1.620749e+02	8.666146e-02	3497677.000000	0.000000e+00
1.490997e+00	1.620006e+02	8.639924e-02	3515715.000000	0.000000e+00
1.492993e+00	1.615479e+02	8.614016e-02	3517153.000000	0.000000e+00
1.494987e+00	1.612589e+02	8.580797e-02	3531769.000000	0.000000e+00
1.496982e+00	1.611211e+02	8.567097e-02	3537021.000000	0.000000e+00
1.498975e+00	1.607300e+02	8.534267e-02	3547003.000000	0.000000e+00
1.500970e+00	1.604229e+02	8.503027e-02	3559473.000000	0.000000e+00
1.502966e+00	1.602950e+02	8.484923e-02	3568981.000000	0.000000e+00
1.504960e+00	1.600760e+02	8.466273e-02	3574935.000000	0.000000e+00
1.506955e+00	1.597882e+02	8.436663e-02	3587137.000000	0.000000e+00
1.508949e+00	1.595114e+02	8.415463e-02	3592753.000000	0.000000e+00
1.510943e+00	1.592773e+02	8.386921e-02	3606639.000000	0.000000e+00
1.512938e+00	1.589968e+02	8.362200e-02	3615229.000000	0.000000e+00
1.514933e+00	1.587948e+02	8.339257e-02	3625917.000000	0.000000e+00
1.516927e+00	1.586143e+02	8.325889e-02	3629305.000000	0.000000e+00
1.518923e+00	1.581881e+02	8.276452e-02	3653079.000000	0.000000e+00
1.520918e+00	1.579587e+02	8.275591e-02	3643249.000000	0.000000e+00
1.522911e+00	1.578231e+02	8.241807e-02	3666877.000000	0.000000e+00
1.524905e+00	1.574245e+02	8.221123e-02	3666759.000000	0.000000e+00
1.526901e+00	1.572822e+02	8.185696e-02	3691885.000000	0.000000e+00
1.528897e+00	1.570316e+02	8.179118e-02	3686049.000000	0.000000e+00
1.530892e+00	1.567148e+02	8.141633e-02	3705073.000000	0.000000e+00
1.532887e+00	1.564579e+02	8.122292e-02	3710547.000000	0.000000e+00
1.534882e+00	1.562299e+02	8.098442e-02	3721561.000000	0.000000e+00
1.536875e+00	1.560905e+02	8.090357e-02	3722353.000000	0.000000e+00
1.538868e+00	1.556528e+02	8.045959e-02	3742467.000000	0.000000e+00
1.540864e+00	1.555340e+02	8.030328e-02	3751321.000000	0.000000e+00
1.542860e+00	1.552949e+02	8.007477e-02	3761169.000000	0.000000e+00
1.544854e+00	1.549930e+02	7.988225e-02	3764641.000000	0.000000e+00
1.546848e+00	1.547478e+02	7.958033e-02	3781267.000000	0.000000e+00
1.548843e+00	1.546150e+02	7.947158e-02	3785121.000000	0.000000e+00
1.550838e+00	1.544825e+02	7.922193e-02	3802489.000000	0.000000e+00
1.552832e+00	1.541541e+02	7.904801e-02	3803019.000000	0.000000e+00
1.554826e+00	1.539739e+02	7.877682e-02	3820297.000000	0.000000e+00
1.556822e+00	1.535756e+02	7.848106e-02	3829257.000000	0.000000e+00
1.558817e+00	1.533781e+02	7.828343e-02	3838723.000000	0.000000e+00
1.560812e+00	1.532843e+02	7.818557e-02	3843637.000000	0.000000e+00
1.562805e+00	1.529715e+02	7.789375e-02	3856701.000000	0.000000e+00
1.564800e+00	1.527393e+02	7.768497e-02	3865693.000000	0.000000e+00
1.566794e+00	1.525758e+02	7.747793e-02	3878067.000000	0.000000e+00
1.568788e+00	1.521225e+02	7.718869e-02	3884005.000000	0.000000e+00
1.570782e+00	1.519813e+02	7.699677e-02	3896145.000000	0.000000e+00
1.572778e+00	1.517921e+02	7.676925e-02	3909523.000000	0.000000e+00
1.574774e+00	1.513889e+02	7.645764e-02	3920545.000000	0.000000e+00
1.576769e+00	1.511629e+02	7.632564e-02	3922377.000000	0.000000e+00
1.578764e+00	1.510534e+02	7.610786e-02	3939145.000000	0.000000e+00
1.580758e+00	1.508460e+02	7.595614e-02	3944043.000000	0.000000e+00
1.582753e+00	1.507158e+02	7.575886e-02	3957769.000000	0.000000e+00
1.584747e+00	1.502787e+02	7.551801e-02	3959985.000000	0.000000e+00
1.586740e+00	1.501463e+02	7.528744e-02	3977263.000000	0.000000e+00
1.588734e+00	1.498249e+02	7.507504e-02	3982693.000000	0.000000e+00
1.590730e+00	1.496875e+02	7.479669e-02	4005033.000000	0.000000e+00
1.592726e+00	1.493777e+02	7.468568e-02	4000339.000000	0.000000e+00
1.594721e+00	1.490967e+02	7.431547e-02	4025109.000000	0.000000e+00
1.596716e+00	1.489631e+02	7.431657e-02	4017781.000000	0.000000e+00
1.598709e+00	1.486599e+02	7.396014e-02	4040101.000000	0.000000e+00
1.600704e+00	1.484762e+02	7.384064e-02	4043175.000000	0.000000e+00
1.602699e+00	1.483145e+02	7.361870e-02	4058737.000000	0.000000e+00
1.604693e+00	1.479312e+02	7.338467e-02	4063581.000000	0.000000e+00
1.606688e+00	1.478641e+02	7.319325e-02	4081159.000000	0.000000e+00
1.608683e+00	1.476421e+02	7.305005e-02	4084881.000000	0.000000e+00
1.610678e+00	1.473700e+02	7.277984e-02	4100113.000000	0.000000e+00
1.612672e+00	1.471951e+02	7.269977e-02	4099405.000000	0.000000e+00
1.614666e+00	1.469341e+02	7.236914e-02	4122291.000000	0.000000e+00
1.616661e+00	1.467091e+02	7.224929e-02	4123321.000000	0.000000e+00
1.618656e+00	1.465872e+02	7.202023e-02	4142697.000000	0.000000e+00
1.620650e+00	1.462427e+02	7.186109e-02	4141531.000000	0.000000e+00
1.622645e+00	1.460870e+02	7.159563e-02	4163421.000000	0.000000e+00
1.624641e+00	1.458302e+02	7.141826e-02	4169425.000000	0.000000e+00
1.626636e+00	1.456675e+02	7.126063e-02	4178551.000000	0.000000e+00
1.628630e+00	1.455366e+02	7.112513e-02	4186953.000000	0.000000e+00
1.630625e+00	1.451940e+02	7.084377e-02	4200433.000000	0.000000e+00
1.632619e+00	1.448330e+02	7.062501e-02	4205505.000000	0.000000e+00
1.634614e+00	1.446921e+02	7.039609e-02	4224667.000000	0.000000e+00
1.636608e+00	1.445702e+02	7.035213e-02	4222825.000000	0.000000e+00
1.638602e+00	1.443577e+02	7.005720e-02	4245945.000000	0.000000e+00
1.640597e+00	1.440358e+02	6.989252e-02	4246975.000000	0.000000e+00
1.642592e+00	1.439550e+02	6.970100e-02	4265553.000000	0.000000e+00
1.644587e+00	1.435677e+02	6.948511e-02	4269037.000000	0.000000e+00
1.646582e+00	1.433750e+02	6.928486e-02	4282233.000000	0.000000e+00
1.648576e+00	1.432415e+02	6.914717e-02	4291303.000000	0.000000e+00
1.650570e+00	1.430023e+02	6.898070e-02	4297645.000000	0.000000e+00
1.652565e+00	1.427243e+02	6.868125e-02	4318365.000000	0.000000e+00
1.654560e+00	1.424389e+02	6.852298e-02	4321003.000000	0.000000e+00
1.656555e+00	1.423535e+02	6.836550e-02	4335729.000000	0.000000e+00
1.658548e+00	1.421863e+02	6.828719e-02	4335481.000000	0.000000e+00
1.660542e+00	1.418426e+02	6.791210e-02	4362333.000000	0.000000e+00
1.662537e+00	1.416936e+02	6.786617e-02	4359067.000000	0.000000e+00
1.664532e+00	1.414693e+02	6.759656e-02	4380013.000000	0.000000e+00
1.666526e+00	1.411955e+02	6.747831e-02	4378377.000000	0.000000e+00
1.668520e+00	1.409996e+02	6.718742e-02	4404127.000000	0.000000e+00
1.670516e+00	1.408228e+02	6.709925e-02	4404645.000000	0.000000e+00
1.672511e+00	1.406550e+02	6.689795e-02	4420633.000000	0.000000e+00
1.674506e+00	1.404224e+02	6.674909e-02	4425699.000000	0.000000e+00
1.676501e+00	1.401518e+02	6.649297e-02	4442689.000000	0.000000e+00
1.678497e+00	1.399936e+02	6.635619e-02	4450957.000000	0.000000e+00
1.680491e+00	1.397737e+02	6.623073e-02	4453809.000000	0.000000e+00
1.682484e+00	1.395729e+02	6.601675e-02	4469863.000000	0.000000e+00
1.684479e+00	1.392740e+02	6.578066e-02	4482741.000000	0.000000e+00
1.686473e+00	1.391613e+02	6.569042e-02	4487797.000000	0.000000e+00
1.688468e+00	1.390327e+02	6.549444e-02	4506355.000000	0.000000e+00
1.690463e+00	1.387220e+02	6.531406e-02	4511049.000000	0.000000e+00
1.692459e+00	1.384697e+02	6.505967e-02	4529869.000000	0.000000e+00
1.694454e+00	1.382890e+02	6.497042e-02	4530477.000000	0.000000e+00
1.696448e+00	1.381573e+02	6.478511e-02	4547755.000000	0.000000e+00
1.698443e+00	1.379281e+02	6.464897e-02	4551789.000000	0.000000e+00
1.700437e+00	1.376114e+02	6.439873e-02	4566193.000000	0.000000e+00
1.702432e+00	1.375389e+02	6.427464e-02	4579015.000000	0.000000e+00
1.704427e+00	1.373213e+02	6.412478e-02	4585893.000000	0.000000e+00
1.706421e+00	1.370569e+02	6.391391e-02	4598449.000000	0.000000e+00
1.708416e+00	1.369134e+02	6.377020e-02	4609527.000000	0.000000e+00
1.710410e+00	1.366122e+02	6.356655e-02	4618717.000000	0.000000e+00
1.712404e+00	1.363835e+02	6.337043e-02	4631805.000000	0.000000e+00
1.714399e+00	1.362362e+02	6.323818e-02	4641157.000000	0.000000e+00
1.716394e+00	1.360879e+02	6.308477e-02	4653607.000000	0.000000e+00
1.718388e+00	1.356980e+02	6.286037e-02	4660077.000000	0.000000e+00
1.720383e+00	1.356831e+02	6.274397e-02	4676353.000000	0.000000e+00
1.722378e+00	1.354912e+02	6.261124e-02	4682931.000000	0.000000e+00
1.724373e+00	1.351109e+02	6.230822e-02	4702081.000000	0.000000e+00
1.726369e+00	1.351022e+02	6.227730e-02	4706145.000000	0.000000e+00
1.728363e+00	1.349171e+02	6.214948e-02	4712581.000000	0.000000e+00
1.730356e+00	1.346963e+02	6.195782e-02	4726279.000000	0.000000e+00
1.732349e+00	1.345571e+02	6.183428e-02	4735377.000000	0.000000e+00
1.734343e+00	1.343386e+02	6.164020e-02	4749781.000000	0.000000e+00
1.736339e+00	1.340135e+02	6.136674e-02	4769043.000000	0.000000e+00
1.738334e+00	1.339045e+02	6.134190e-02	4765141.000000	0.000000e+00
1.740328e+00	1.336059e+02	6.105700e-02	4788289.000000	0.000000e+00
1.742324e+00	1.334973e+02	6.097875e-02	4792785.000000	0.000000e+00
1.744318e+00	1.331992e+02	6.077994e-02	4802671.000000	0.000000e+00
1.746312e+00	1.330457e+02	6.062426e-02	4816245.000000	0.000000e+00
1.748307e+00	1.328530e+02	6.046883e-02	4827025.000000	0.000000e+00
1.750301e+00	1.326681e+02	6.032283e-02	4836927.000000	0.000000e+00
1.752297e+00	1.323431e+02	6.007670e-02	4852777.000000	0.000000e+00
1.754292e+00	1.322172e+02	5.995829e-02	4862701.000000	0.000000e+00
1.756286e+00	1.320776e+02	5.987850e-02	4865379.000000	0.000000e+00
1.758280e+00	1.318527e+02	5.965858e-02	4884637.000000	0.000000e+00
1.760276e+00	1.317319e+02	5.952874e-02	4896981.000000	0.000000e+00
1.762271e+00	1.314299e+02	5.938492e-02	4898197.000000	0.000000e+00
1.764264e+00	1.312716e+02	5.918700e-02	4919139.000000	0.000000e+00
1.766259e+00	1.310585e+02	5.907233e-02	4922233.000000	0.000000e+00
1.768253e+00	1.308191e+02	5.886100e-02	4939549.000000	0.000000e+00
1.770248e+00	1.306817e+02	5.874838e-02	4948095.000000	0.000000e+00
1.772243e+00	1.305562e+02	5.861355e-02	4961341.000000	0.000000e+00
1.774237e+00	1.302764e+02	5.843970e-02	4969533.000000	0.000000e+00
1.776233e+00	1.301698e+02	5.827482e-02	4989517.000000	0.000000e+00
1.778228e+00	1.299883e+02	5.820497e-02	4987563.000000	0.000000e+00
1.780222e+00	1.297976e+02	5.801027e-02	5006377.000000	0.000000e+00
1.782216e+00	1.295355e+02	5.784842e-02	5014117.000000	0.000000e+00
1.784211e+00	1.293179e+02	5.765261e-02	5031291.000000	0.000000e+00
1.786206e+00	1.291852e+02	5.757332e-02	5034805.000000	0.000000e+00
1.788201e+00	1.289971e+02	5.738146e-02	5053785.000000	0.000000e+00
1.790195e+00	1.287442e+02	5.725033e-02	5057071.000000	0.000000e+00
1.792190e+00	1.286122e+02	5.709012e-02	5075077.000000	0.000000e+00
1.794185e+00	1.284157e+02	5.696500e-02	5081829.000000	0.000000e+00
1.796179e+00	1.282981e+02	5.683081e-02	5096509.000000	0.000000e+00
1.798175e+00	1.280328e+02	5.665274e-02	5107407.000000	0.000000e+00
1.800168e+00	1.279177e+02	5.657580e-02	5112109.000000	0.000000e+00
1.802163e+00	1.277195e+02	5.637603e-02	5132457.000000	0.000000e+00
1.804158e+00	1.275286e+02	5.624979e-02	5140123.000000	0.000000e+00
1.806152e+00	1.273502e+02	5.613385e-02	5146945.000000	0.000000e+00
1.808146e+00	1.271282e+02	5.592684e-02	5167053.000000	0.000000e+00
1.810142e+00	1.270520e+02	5.584753e-02	5175529.000000	0.000000e+00
1.812137e+00	1.267509e+02	5.564641e-02	5188335.000000	0.000000e+00
1.814131e+00	1.265222e+02	5.554131e-02	5189209.000000	0.000000e+00
1.816125e+00	1.263930e+02	5.535259e-02	5213985.000000	0.000000e+00
1.818121e+00	1.261820e+02	5.520148e-02	5225083.000000	0.000000e+00
1.820116e+00	1.260357e+02	5.513247e-02	5226037.000000	0.000000e+00
1.822110e+00	1.259010e+02	5.496959e-02	5245821.000000	0.000000e+00
1.824104e+00	1.255971e+02	5.481571e-02	5249875.000000	0.000000e+00
1.826098e+00	1.255449e+02	5.470682e-02	5266413.000000	0.000000e+00
1.828093e+00	1.253193e+02	5.453423e-02	5280769.000000	0.000000e+00
1.830088e+00	1.251445e+02	5.443221e-02	5285809.000000	0.000000e+00
1.832082e+00	1.249621e+02	5.427383e-02	5301219.000000	0.000000e+00
1.834077e+00	1.247461e+02	5.412650e-02	5311705.000000	0.000000e+00
1.836072e+00	1.244895e+02	5.392640e-02	5329209.000000	0.000000e+00
1.838067e+00	1.243579e+02	5.386189e-02	5330695.000000	0.000000e+00
1.840062e+00	1.242169e+02	5.370013e-02	5350701.000000	0.000000e+00
1.842057e+00	1.240627e+02	5.360178e-02	5357029.000000	0.000000e+00
1.844051e+00	1.238571e+02	5.346768e-02	5366101.000000	0.000000e+00
1.846045e+00	1.237140e+02	5.330088e-02	5387271.000000	0.000000e+00
1.848041e+00	1.235229e+02	5.319689e-02	5391661.000000	0.000000e+00
1.850034e+00	1.232945e+02	5.305482e-02	5400549.000000	0.000000e+00
1.852029e+00	1.232023e+02	5.291101e-02	5421823.000000	0.000000e+00
1.854024e+00	1.229801e+02	5.280057e-02	5424909.000000	0.000000e+00
1.856018e+00	1.227860e+02	5.263166e-02	5442565.000000	0.000000e+00
1.858013e+00	1.226165e+02	5.253831e-02	5446849.000000	0.000000e+00
1.860007e+00	1.225139e+02	5.238765e-02	5469063.000000	0.000000e+00
1.862003e+00	1.223527e+02	5.228377e-02	5476381.000000	0.000000e+00
1.863998e+00	1.221309e+02	5.213630e-02	5487453.000000	0.000000e+00
1.865993e+00	1.218788e+02	5.198110e-02	5497507.000000	0.000000e+00
1.867987e+00	1.217764e+02	5.187393e-02	5510973.000000	0.000000e+00
1.869983e+00	1.215196e+02	5.169779e-02	5525209.000000	0.000000e+00
1.871977e+00	1.214179e+02	5.163470e-02	5529451.000000	0.000000e+00
1.873971e+00	1.212799e+02	5.150641e-02	5544405.000000	0.000000e+00
1.875965e+00	1.210319e+02	5.134113e-02	5557369.000000	0.000000e+00
1.877960e+00	1.209450e+02	5.123167e-02	5573121.000000	0.000000e+00
1.879954e+00	1.206948e+02	5.111679e-02	5575063.000000	0.000000e+00
1.881948e+00	1.205677e+02	5.098788e-02	5591497.000000	0.000000e+00
1.883943e+00	1.202575e+02	5.076708e-02	5611257.000000	0.000000e+00
1.885940e+00	1.202395e+02	5.071822e-02	5620387.000000	0.000000e+00
1.887934e+00	1.200002e+02	5.059011e-02	5626425.000000	0.000000e+00
1.889927e+00	1.197047e+02	5.043052e-02	5634241.000000	0.000000e+00
1.891922e+00	1.196025e+02	5.028920e-02	5656281.000000	0.000000e+00
1.893917e+00	1.194852e+02	5.019461e-02	5666491.000000	0.000000e+00
1.895912e+00	1.193150e+02	5.008649e-02	5674777.000000	0.000000e+00
1.897907e+00	1.191218e+02	4.992686e-02	5692641.000000	0.000000e+00
1.899902e+00	1.189593e+02	4.983738e-02	5697523.000000	0.000000e+00
1.901896e+00	1.187997e+02	4.970576e-02	5712381.000000	0.000000e+00
1.903890e+00	1.185892e+02	4.957556e-02	5722093.000000	0.000000e+00
1.905883e+00	1.184391e+02	4.948453e-02	5728635.000000	0.000000e+00
1.907879e+00	1.183478e+02	4.931075e-02	5760193.000000	0.000000e+00
1.909876e+00	1.181134e+02	4.919868e-02	5763565.000000	0.000000e+00
1.911870e+00	1.179630e+02	4.913366e-02	5764125.000000	0.000000e+00
1.913863e+00	1.177608e+02	4.895547e-02	5786275.000000	0.000000e+00
1.915858e+00	1.176601e+02	4.888079e-02	5794041.000000	0.000000e+00
1.917854e+00	1.174866e+02	4.871362e-02	5816689.000000	0.000000e+00
1.919848e+00	1.172852e+02	4.864399e-02	5813367.000000	0.000000e+00
1.921842e+00	1.171550e+02	4.851680e-02	5830921.000000	0.000000e+00
1.923837e+00	1.169449e+02	4.835054e-02	5850049.000000	0.000000e+00
1.925832e+00	1.168905e+02	4.830811e-02	5854881.000000	0.000000e+00
1.927827e+00	1.166296e+02	4.812952e-02	5872111.000000	0.000000e+00
1.929821e+00	1.164075e+02	4.802422e-02	5875449.000000	0.000000e+00
1.931815e+00	1.163172e+02	4.789680e-02	5897593.000000	0.000000e+00
1.933810e+00	1.161846e+02	4.781812e-02	5903539.000000	0.000000e+00
1.935805e+00	1.159148e+02	4.762937e-02	5922813.000000	0.000000e+00
1.937800e+00	1.157980e+02	4.756102e-02	5927881.000000	0.000000e+00
1.939795e+00	1.157026e+02	4.746296e-02	5942601.000000	0.000000e+00
1.941790e+00	1.153899e+02	4.726866e-02	5959219.000000	0.000000e+00
1.943785e+00	1.153722e+02	4.725572e-02	5960649.000000	0.000000e+00
1.945778e+00	1.151862e+02	4.712577e-02	5974261.000000	0.000000e+00
1.947773e+00	1.149389e+02	4.692613e-02	5999359.000000	0.000000e+00
1.949769e+00	1.148182e+02	4.686285e-02	6002937.000000	0.000000e+00
1.951763e+00	1.146143e+02	4.674044e-02	6013009.000000	0.000000e+00
1.953756e+00	1.144710e+02	4.664554e-02	6022419.000000	0.000000e+00
1.955751e+00	1.144145e+02	4.652032e-02	6048901.000000	0.000000e+00
1.957746e+00	1.141868e+02	4.643625e-02	6046689.000000	0.000000e+00
1.959739e+00	1.139837e+02	4.629857e-02	6061081.000000	0.000000e+00
1.961734e+00	1.138718e+02	4.617154e-02	6082519.000000	0.000000e+00
1.963729e+00	1.135712e+02	4.602585e-02	6088821.000000	0.000000e+00
1.965725e+00	1.135272e+02	4.594213e-02	6106297.000000	0.000000e+00
1.967719e+00	1.134150e+02	4.587448e-02	6112215.000000	0.000000e+00
1.969713e+00	1.131961e+02	4.574545e-02	6123037.000000	0.000000e+00
1.971708e+00	1.130676e+02	4.560411e-02	6147069.000000	0.000000e+00
1.973704e+00	1.129167e+02	4.554384e-02	6146917.000000	0.000000e+00
1.975698e+00	1.127413e+02	4.540287e-02	6165943.000000	0.000000e+00
1.977691e+00	1.125331e+02	4.530904e-02	6168657.000000	0.000000e+00
1.979687e+00	1.124388e+02	4.515447e-02	6200557.000000	0.000000e+00
1.981682e+00	1.121495e+02	4.505163e-02	6196887.000000	0.000000e+00
1.983676e+00	1.120702e+02	4.495062e-02	6215965.000000	0.000000e+00
1.985672e+00	1.120051e+02	4.487966e-02	6228397.000000	0.000000e+00
1.987666e+00	1.118138e+02	4.477810e-02	6235335.000000	0.000000e+00
1.989660e+00	1.116251e+02	4.465212e-02	6249421.000000	0.000000e+00
1.991655e+00	1.114857e+02	4.452729e-02	6268821.000000	0.000000e+00
1.993649e+00	1.112865e+02	4.443504e-02	6272401.000000	0.000000e+00
1.995644e+00	1.111020e+02	4.428476e-02	6294123.000000	0.000000e+00
1.997640e+00	1.110179e+02	4.422034e-02	6302917.000000	0.000000e+00
1.999635e+00	1.108449e+02	4.410538e-02	6316093.000000	0.000000e+00
2.001627e+00	1.106926e+02	4.405646e-02	6312735.000000	0.000000e+00
2.003622e+00	1.105996e+02	4.387222e-02	6355177.000000	0.000000e+00
2.005619e+00	1.104003e+02	4.380800e-02	6350877.000000	0.000000e+00
2.007614e+00	1.102198e+02	4.368371e-02	6366193.000000	0.000000e+00
2.009608e+00	1.100929e+02	4.361294e-02	6372183.000000	0.000000e+00
2.011602e+00	1.099031e+02	4.345981e-02	6395053.000000	0.000000e+00
2.013597e+00	1.097512e+02	4.338039e-02	6400765.000000	0.000000e+00
2.015592e+00	1.096725e+02	4.329142e-02	6417879.000000	0.000000e+00
2.017586e+00	1.095066e+02	4.321484e-02	6421177.000000	0.000000e+00
2.019579e+00	1.093245e+02	4.307713e-02	6440829.000000	0.000000e+00
2.021574e+00	1.092172e+02	4.299451e-02	6452917.000000	0.000000e+00
2.023568e+00	1.090552e+02	4.288586e-02	6466435.000000	0.000000e+00
2.025562e+00	1.087977e+02	4.274459e-02	6478545.000000	0.000000e+00
2.027557e+00	1.087164e+02	4.266675e-02	6492481.000000	0.000000e+00
2.029553e+00	1.085137e+02	4.252973e-02	6510039.000000	0.000000e+00
2.031548e+00	1.083969e+02	4.245514e-02	6518881.000000	0.000000e+00
2.033543e+00	1.082647e+02	4.235964e-02	6532353.000000	0.000000e+00
2.035537e+00	1.081874e+02	4.231250e-02	6537571.000000	0.000000e+00
2.037532e+00	1.080047e+02	4.217570e-02	6557833.000000	0.000000e+00
2.039526e+00	1.078259e+02	4.207570e-02	6567249.000000	0.000000e+00
2.041520e+00	1.076744e+02	4.198054e-02	6578533.000000	0.000000e+00
2.043515e+00	1.075997e+02	4.187974e-02	6601071.000000	0.000000e+00
2.045510e+00	1.073980e+02	4.179436e-02	6603241.000000	0.000000e+00
2.047505e+00	1.072354e+02	4.165961e-02	6625917.000000	0.000000e+00
2.049500e+00	1.070297e+02	4.157141e-02	6628555.000000	0.000000e+00
2.051494e+00	1.069875e+02	4.149691e-02	6647137.000000	0.000000e+00
2.053489e+00	1.067971e+02	4.138126e-02	6660573.000000	0.000000e+00
2.055484e+00	1.066759e+02	4.129942e-02	6671821.000000	0.000000e+00
2.057478e+00	1.064294e+02	4.116313e-02	6685071.000000	0.000000e+00
2.059472e+00	1.063823e+02	4.111041e-02	6696301.000000	0.000000e+00
2.061467e+00	1.062358e+02	4.099945e-02	6714069.000000	0.000000e+00
2.063463e+00	1.060377e+02	4.087136e-02	6731047.000000	0.000000e+00
2.065458e+00	1.059087e+02	4.083524e-02	6726565.000000	0.000000e+00
2.067451e+00	1.058484e+02	4.072602e-02	6754989.000000	0.000000e+00
2.069447e+00	1.055444e+02	4.058327e-02	6763579.000000	0.000000e+00
2.071442e+00	1.054683e+02	4.051695e-02	6775953.000000	0.000000e+00
2.073435e+00	1.052851e+02	4.042056e-02	6784681.000000	0.000000e+00
2.075430e+00	1.051854e+02	4.032823e-02	6802873.000000	0.000000e+00
2.077424e+00	1.049683e+02	4.020866e-02	6815175.000000	0.000000e+00
2.079420e+00	1.049157e+02	4.012922e-02	6835333.000000	0.000000e+00
2.081415e+00	1.047525e+02	4.006630e-02	6835497.000000	0.000000e+00
2.083408e+00	1.045820e+02	3.994370e-02	6855151.000000	0.000000e+00
2.085403e+00	1.044602e+02	3.985900e-02	6868293.000000	0.000000e+00
2.087397e+00	1.043140e+02	3.977610e-02	6877657.000000	0.000000e+00
2.089392e+00	1.041875e+02	3.968246e-02	6893413.000000	0.000000e+00
2.091386e+00	1.039890e+02	3.956375e-02	6908439.000000	0.000000e+00
2.093381e+00	1.039159e+02	3.949823e-02	6921637.000000	0.000000e+00
2.095376e+00	1.038119e+02	3.942005e-02	6935217.000000	0.000000e+00
2.097371e+00	1.036455e+02	3.933298e-02	6943639.000000	0.000000e+00
2.099365e+00	1.034525e+02	3.921297e-02	6960213.000000	0.000000e+00
2.101360e+00	1.033784e+02	3.913627e-02	6977521.000000	0.000000e+00
2.103355e+00	1.030669e+02	3.900154e-02	6983527.000000	0.000000e+00
2.105350e+00	1.030018e+02	3.892170e-02	7003353.000000	0.000000e+00
2.107344e+00	1.029766e+02	3.890087e-02	7007425.000000	0.000000e+00
2.109339e+00	1.027669e+02	3.875255e-02	7032441.000000	0.000000e+00
2.111333e+00	1.026271e+02	3.870216e-02	7031599.000000	0.000000e+00
2.113327e+00	1.025098e+02	3.860227e-02	7051881.000000	0.000000e+00
2.115322e+00	1.023657e+02	3.849457e-02	7071469.000000	0.000000e+00
2.117318e+00	1.022087e+02	3.840249e-02	7083655.000000	0.000000e+00
2.119313e+00	1.020613e+02	3.831871e-02	7094145.000000	0.000000e+00
2.121306e+00	1.019210e+02	3.825909e-02	7096729.000000	0.000000e+00
2.123301e+00	1.017843e+02	3.813290e-02	7124625.000000	0.000000e+00
2.125296e+00	1.015969e+02	3.802982e-02	7136947.000000	0.000000e+00
2.127291e+00	1.015412e+02	3.799796e-02	7141081.000000	0.000000e+00
2.129285e+00	1.013677e+02	3.787125e-02	7164393.000000	0.000000e+00
2.131281e+00	1.012563e+02	3.779756e-02	7176559.000000	0.000000e+00
2.133275e+00	1.010220e+02	3.769830e-02	7181061.000000	0.000000e+00
2.135268e+00	1.010202e+02	3.766788e-02	7192405.000000	0.000000e+00
2.137263e+00	1.008315e+02	3.752070e-02	7221885.000000	0.000000e+00
2.139259e+00	1.006995e+02	3.744857e-02	7230763.000000	0.000000e+00
2.141255e+00	1.005289e+02	3.735291e-02	7243249.000000	0.000000e+00
2.143249e+00	1.004172e+02	3.730676e-02	7245045.000000	0.000000e+00
2.145242e+00	1.002413e+02	3.718012e-02	7268947.000000	0.000000e+00
2.147237e+00	1.000984e+02	3.708890e-02	7283937.000000	0.000000e+00
2.149233e+00	1.000054e+02	3.701204e-02	7300645.000000	0.000000e+00
2.151227e+00	9.977652e+01	3.693274e-02	7298499.000000	0.000000e+00
2.153221e+00	9.976028e+01	3.685811e-02	7325701.000000	0.000000e+00
2.155216e+00	9.960701e+01	3.678034e-02	7334125.000000	0.000000e+00
2.157211e+00	9.944063e+01	3.668112e-02	7349241.000000	0.000000e+00
2.159205e+00	9.926429e+01	3.658715e-02	7360867.000000	0.000000e+00
2.161199e+00	9.914358e+01	3.651555e-02	7371801.000000	0.000000e+00
2.163193e+00	9.905333e+01	3.643198e-02	7392181.000000	0.000000e+00
2.165188e+00	9.889456e+01	3.635063e-02	7401519.000000	0.000000e+00
2.167184e+00	9.878955e+01	3.625598e-02	7424425.000000	0.000000e+00
2.169179e+00	9.863407e+01	3.618631e-02	7429597.000000	0.000000e+00
2.171173e+00	9.844278e+01	3.608465e-02	7442565.000000	0.000000e+00
2.173168e+00	9.836524e+01	3.601486e-02	7459675.000000	0.000000e+00
2.175163e+00	9.825111e+01	3.593799e-02	7474245.000000	0.000000e+00
2.177158e+00	9.817537e+01	3.588019e-02	7486789.000000	0.000000e+00
2.179152e+00	9.802496e+01	3.581255e-02	7492087.000000	0.000000e+00
2.181146e+00	9.784685e+01	3.569067e-02	7515957.000000	0.000000e+00
2.183141e+00	9.772784e+01	3.562215e-02	7526557.000000	0.000000e+00
2.185135e+00	9.756336e+01	3.553693e-02	7537263.000000	0.000000e+00
2.187130e+00	9.745621e+01	3.545588e-02	7555141.000000	0.000000e+00
2.189125e+00	9.735413e+01	3.537896e-02	7572141.000000	0.000000e+00
2.191120e+00	9.721107e+01	3.530978e-02	7579513.000000	0.000000e+00
2.193115e+00	9.707258e+01	3.521003e-02	7600819.000000	0.000000e+00
2.195109e+00	9.696929e+01	3.517087e-02	7601553.000000	0.000000e+00
2.197104e+00	9.682505e+01	3.504553e-02	7633261.000000	0.000000e+00
2.199100e+00	9.664070e+01	3.497702e-02	7634043.000000	0.000000e+00
2.201094e+00	9.659144e+01	3.491994e-02	7651213.000000	0.000000e+00
2.203088e+00	9.640187e+01	3.483470e-02	7658553.000000	0.000000e+00
2.205082e+00	9.634967e+01	3.477855e-02	7674985.000000	0.000000e+00
2.207077e+00	9.614535e+01	3.464644e-02	7700863.000000	0.000000e+00
2.209072e+00	9.597288e+01	3.457413e-02	7705389.000000	0.000000e+00
2.211067e+00	9.587812e+01	3.450242e-02	7722181.000000	0.000000e+00
2.213061e+00	9.581428e+01	3.446584e-02	7728279.000000	0.000000e+00
2.215055e+00	9.567425e+01	3.436918e-02	7749109.000000	0.000000e+00
2.217050e+00	9.549345e+01	3.426660e-02	7766137.000000	0.000000e+00
2.219045e+00	9.536520e+01	3.420812e-02	7771797.000000	0.000000e+00
2.221039e+00	9.530474e+01	3.414728e-02	7789627.000000	0.000000e+00
2.223034e+00	9.510677e+01	3.403550e-02	7808337.000000	0.000000e+00
2.225029e+00	9.501846e+01	3.398541e-02	7816837.000000	0.000000e+00
2.227024e+00	9.487288e+01	3.388862e-02	7837479.000000	0.000000e+00
2.229018e+00	9.481497e+01	3.386651e-02	7838137.000000	0.000000e+00
2.231013e+00	9.458528e+01	3.372607e-02	7865305.000000	0.000000e+00
2.233008e+00	9.442378e+01	3.364188e-02	7877751.000000	0.000000e+00
2.235003e+00	9.437883e+01	3.361445e-02	7883101.000000	0.000000e+00
2.236996e+00	9.428967e+01	3.354683e-02	7899969.000000	0.000000e+00
2.238992e+00	9.417918e+01	3.345672e-02	7923973.000000	0.000000e+00
2.240986e+00	9.397731e+01	3.338079e-02	7925979.000000	0.000000e+00
2.242981e+00	9.390479e+01	3.330887e-02	7947961.000000	0.000000e+00
2.244976e+00	9.377161e+01	3.324316e-02	7956793.000000	0.000000e+00
2.246970e+00	9.359177e+01	3.315089e-02	7970487.000000	0.000000e+00
2.248965e+00	9.350165e+01	3.307588e-02	7991269.000000	0.000000e+00
2.250960e+00	9.337520e+01	3.300918e-02	8001909.000000	0.000000e+00
2.252954e+00	9.327198e+01	3.295502e-02	8010493.000000	0.000000e+00
2.254948e+00	9.312976e+01	3.285308e-02	8035719.000000	0.000000e+00
2.256943e+00	9.295374e+01	3.278323e-02	8039521.000000	0.000000e+00
2.258939e+00	9.287315e+01	3.269715e-02	8067901.000000	0.000000e+00
2.260933e+00	9.281666e+01	3.269044e-02	8061399.000000	0.000000e+00
2.262927e+00	9.268140e+01	3.257105e-02	8096953.000000	0.000000e+00
2.264923e+00	9.249317e+01	3.249655e-02	8101113.000000	0.000000e+00
2.266918e+00	9.247219e+01	3.245778e-02	8116795.000000	0.000000e+00
2.268912e+00	9.229979e+01	3.238357e-02	8123665.000000	0.000000e+00
2.270906e+00	9.215734e+01	3.229722e-02	8141973.000000	0.000000e+00
2.272900e+00	9.202744e+01	3.222683e-02	8154541.000000	0.000000e+00
2.274895e+00	9.192156e+01	3.213798e-02	8180835.000000	0.000000e+00
2.276890e+00	9.179674e+01	3.210122e-02	8177329.000000	0.000000e+00
2.278883e+00	9.164945e+01	3.200209e-02	8201685.000000	0.000000e+00
2.280878e+00	9.163713e+01	3.196271e-02	8219695.000000	0.000000e+00
2.282873e+00	9.143094e+01	3.187350e-02	8228617.000000	0.000000e+00
2.284867e+00	9.126157e+01	3.178953e-02	8241525.000000	0.000000e+00
2.286862e+00	9.121854e+01	3.173316e-02	8263033.000000	0.000000e+00
2.288857e+00	9.107490e+01	3.166818e-02	8270871.000000	0.000000e+00
2.290852e+00	9.092976e+01	3.157644e-02	8292505.000000	0.000000e+00
2.292847e+00	9.082973e+01	3.152990e-02	8298717.000000	0.000000e+00
2.294842e+00	9.074333e+01	3.144795e-02	8326159.000000	0.000000e+00
2.296837e+00	9.057600e+01	3.140170e-02	8319937.000000	0.000000e+00
2.298831e+00	9.043011e+01	3.129426e-02	8350197.000000	0.000000e+00
2.300825e+00	9.033334e+01	3.124973e-02	8356099.000000	0.000000e+00
2.302820e+00	9.024847e+01	3.118268e-02	8376309.000000	0.000000e+00
2.304815e+00	9.015021e+01	3.112455e-02	8389333.000000	0.000000e+00
2.306809e+00	9.001153e+01	3.105944e-02	8398641.000000	0.000000e+00
2.308803e+00	8.988689e+01	3.097544e-02	8420887.000000	0.000000e+00
2.310799e+00	8.975445e+01	3.089850e-02	8437957.000000	0.000000e+00
2.312794e+00	8.963221e+01	3.084175e-02	8445981.000000	0.000000e+00
2.314788e+00	8.955652e+01	3.079861e-02	8455363.000000	0.000000e+00
2.316782e+00	8.943829e+01	3.071926e-02	8476677.000000	0.000000e+00
2.318778e+00	8.932452e+01	3.063104e-02	8503897.000000	0.000000e+00
2.320773e+00	8.912913e+01	3.057992e-02	8495065.000000	0.000000e+00
2.322766e+00	8.904267e+01	3.050397e-02	8520867.000000	0.000000e+00
2.324761e+00	8.896143e+01	3.045371e-02	8533417.000000	0.000000e+00
2.326756e+00	8.885178e+01	3.037384e-02	8557221.000000	0.000000e+00
2.328751e+00	8.870821e+01	3.031514e-02	8562655.000000	0.000000e+00
2.330745e+00	8.858360e+01	3.025405e-02	8573133.000000	0.000000e+00
2.332739e+00	8.848223e+01	3.018450e-02	8592985.000000	0.000000e+00
2.334733e+00	8.831903e+01	3.011960e-02	8598253.000000	0.000000e+00
2.336728e+00	8.822190e+01	3.002072e-02	8635959.000000	0.000000e+00
2.338724e+00	8.810928e+01	2.998153e-02	8636461.000000	0.000000e+00
2.340718e+00	8.803907e+01	2.992994e-02	8652453.000000	0.000000e+00
2.342712e+00	8.787278e+01	2.985315e-02	8664199.000000	0.000000e+00
2.344707e+00	8.781898e+01	2.979769e-02	8685837.000000	0.000000e+00
2.346702e+00	8.768261e+01	2.973983e-02	8692609.000000	0.000000e+00
2.348697e+00	8.749815e+01	2.963816e-02	8715559.000000	0.000000e+00
2.350691e+00	8.745070e+01	2.961067e-02	8722281.000000	0.000000e+00
2.352686e+00	8.729180e+01	2.951357e-02	8747893.000000	0.000000e+00
2.354680e+00	8.713330e+01	2.946439e-02	8745273.000000	0.000000e+00
2.356674e+00	8.710824e+01	2.940760e-02	8774035.000000	0.000000e+00
2.358670e+00	8.700502e+01	2.934825e-02	8788693.000000	0.000000e+00
2.360665e+00	8.680390e+01	2.925677e-02	8802897.000000	0.000000e+00
2.362659e+00	8.672689e+01	2.921440e-02	8812795.000000	0.000000e+00
2.364654e+00	8.664887e+01	2.915316e-02	8833941.000000	0.000000e+00
2.366649e+00	8.657332e+01	2.910766e-02	8846137.000000	0.000000e+00
2.368644e+00	8.641312e+01	2.903585e-02	8857077.000000	0.000000e+00
2.370638e+00	8.629297e+01	2.896676e-02	8874643.000000	0.000000e+00
2.372633e+00	8.622538e+01	2.891743e-02	8891005.000000	0.000000e+00
2.374628e+00	8.613946e+01	2.886566e-02	8905149.000000	0.000000e+00
2.376622e+00	8.597555e+01	2.879178e-02	8916883.000000	0.000000e+00
2.378617e+00	8.582908e+01	2.870834e-02	8938257.000000	0.000000e+00
2.380611e+00	8.572386e+01	2.866198e-02	8945221.000000	0.000000e+00
2.382604e+00	8.567484e+01	2.862910e-02	8955531.000000	0.000000e+00
2.384600e+00	8.555784e+01	2.852065e-02	8999137.000000	0.000000e+00
2.386597e+00	8.549167e+01	2.850832e-02	8992993.000000	0.000000e+00
2.388591e+00	8.535352e+01	2.843816e-02	9008241.000000	0.000000e+00
2.390585e+00	8.521591e+01	2.837385e-02	9019963.000000	0.000000e+00
2.392579e+00	8.510003e+01	2.830249e-02	9040869.000000	0.000000e+00
2.394574e+00	8.502015e+01	2.825382e-02	9055021.000000	0.000000e+00
2.396569e+00	8.487357e+01	2.817661e-02	9073347.000000	0.000000e+00
2.398563e+00	8.480258e+01	2.814359e-02	9079441.000000	0.000000e+00
2.400558e+00	8.464689e+01	2.804670e-02	9108745.000000	0.000000e+00
2.402553e+00	8.451640e+01	2.800374e-02	9108561.000000	0.000000e+00
2.404547e+00	8.446180e+01	2.794321e-02	9136255.000000	0.000000e+00
2.406542e+00	8.435573e+01	2.790124e-02	9140757.000000	0.000000e+00
2.408536e+00	8.424952e+01	2.783194e-02	9163213.000000	0.000000e+00
2.410532e+00	8.411034e+01	2.775528e-02	9183487.000000	0.000000e+00
2.412527e+00	8.400612e+01	2.771504e-02	9187365.000000	0.000000e+00
2.414520e+00	8.385707e+01	2.765046e-02	9197605.000000	0.000000e+00
2.416514e+00	8.378608e+01	2.758774e-02	9223833.000000	0.000000e+00
2.418509e+00	8.366465e+01	2.752643e-02	9238135.000000	0.000000e+00
2.420504e+00	8.358375e+01	2.746871e-02	9259065.000000	0.000000e+00
2.422500e+00	8.350206e+01	2.742997e-02	9267097.000000	0.000000e+00
2.424495e+00	8.332260e+01	2.734473e-02	9284923.000000	0.000000e+00
2.426489e+00	8.325832e+01	2.731625e-02	9289941.000000	0.000000e+00
2.428484e+00	8.317813e+01	2.723802e-02	9325393.000000	0.000000e+00
2.430478e+00	8.303180e+01	2.720243e-02	9316947.000000	0.000000e+00
2.432473e+00	8.293690e+01	2.712110e-02	9351493.000000	0.000000e+00
2.434468e+00	8.287420e+01	2.709358e-02	9356337.000000	0.000000e+00
2.436463e+00	8.271799e+01	2.700789e-02	9380341.000000	0.000000e+00
2.438457e+00	8.268243e+01	2.699814e-02	9379051.000000	0.000000e+00
2.440450e+00	8.247924e+01	2.689184e-02	9406941.000000	0.000000e+00
2.442446e+00	8.239759e+01	2.683782e-02	9426157.000000	0.000000e+00
2.444441e+00	8.229087e+01	2.678853e-02	9436383.000000	0.000000e+00
2.446435e+00	8.220912e+01	2.674969e-02	9445009.000000	0.000000e+00
2.448429e+00	8.205916e+01	2.666750e-02	9468681.000000	0.000000e+00
2.450424e+00	8.198160e+01	2.662605e-02	9480241.000000	0.000000e+00
2.452418e+00	8.183557e+01	2.655226e-02	9499075.000000	0.000000e+00
2.454413e+00	8.179823e+01	2.651816e-02	9514833.000000	0.000000e+00
2.456408e+00	8.164767e+01	2.644703e-02	9530893.000000	0.000000e+00
2.458403e+00	8.153269e+01	2.639132e-02	9544239.000000	0.000000e+00
2.460398e+00	8.149768e+01	2.635798e-02	9560185.000000	0.000000e+00
2.462392e+00	8.131122e+01	2.628260e-02	9571153.000000	0.000000e+00
2.464386e+00	8.125969e+01	2.623796e-02	9591579.000000	0.000000e+00
2.466380e+00	8.116429e+01	2.619627e-02	9599557.000000	0.000000e+00
2.468375e+00	8.103759e+01	2.610732e-02	9634929.000000	0.000000e+00
2.470371e+00	8.097090e+01	2.608756e-02	9633649.000000	0.000000e+00
2.472366e+00	8.082457e+01	2.600486e-02	9660015.000000	0.000000e+00
2.474360e+00	8.071735e+01	2.597495e-02	9656605.000000	0.000000e+00
2.476354e+00	8.063728e+01	2.590641e-02	9688513.000000	0.000000e+00
2.478349e+00	8.049171e+01	2.584742e-02	9697683.000000	0.000000e+00
2.480344e+00	8.044316e+01	2.580642e-02	9716785.000000	0.000000e+00
2.482338e+00	8.032274e+01	2.574766e-02	9731985.000000	0.000000e+00
2.484333e+00	8.024126e+01	2.569981e-02	9748453.000000	0.000000e+00
2.486329e+00	8.013384e+01	2.563733e-02	9769815.000000	0.000000e+00
2.488323e+00	8.003054e+01	2.560767e-02	9767233.000000	0.000000e+00
2.490317e+00	7.991025e+01	2.552710e-02	9799453.000000	0.000000e+00
2.492312e+00	7.980772e+01	2.548253e-02	9808551.000000	0.000000e+00
2.494307e+00	7.975770e+01	2.544942e-02	9821761.000000	0.000000e+00
2.496302e+00	7.961946e+01	2.537019e-02	9848973.000000	0.000000e+00
2.498296e+00	7.952806e+01	2.534749e-02	9843979.000000	0.000000e+00
2.500288e+00	7.946026e+01	2.530331e-02	9861549.000000	0.000000e+00
2.502283e+00	7.931129e+01	2.520400e-02	9902185.000000	0.000000e+00
2.504280e+00	7.921256e+01	2.516796e-02	9905857.000000	0.000000e+00
2.506274e+00	7.913913e+01	2.513107e-02	9916551.000000	0.000000e+00
2.508269e+00	7.905098e+01	2.507817e-02	9936253.000000	0.000000e+00
2.510263e+00	7.890726e+01	2.502233e-02	9944397.000000	0.000000e+00
2.512257e+00	7.883762e+01	2.496877e-02	9969487.000000	0.000000e+00
2.514252e+00	7.874844e+01	2.491978e-02	9986089.000000	0.000000e+00
2.516247e+00	7.863373e+01	2.486861e-02	9998037.000000	0.000000e+00
2.518242e+00	7.851072e+01	2.480574e-02	10017361.000000	0.000000e+00
2.520237e+00	7.841697e+01	2.475956e-02	10030767.000000	0.000000e+00
2.522230e+00	7.836416e+01	2.473450e-02	10037569.000000	0.000000e+00
2.524225e+00	7.826388e+01	2.466664e-02	10067061.000000	0.000000e+00
2.526220e+00	7.812099e+01	2.460891e-02	10077451.000000	0.000000e+00
2.528214e+00	7.806188e+01	2.457215e-02	10092337.000000	0.000000e+00
2.530210e+00	7.798306e+01	2.451529e-02	10118745.000000	0.000000e+00
2.532204e+00	7.781431e+01	2.446183e-02	10119085.000000	0.000000e+00
2.534199e+00	7.777192e+01	2.441082e-02	10150347.000000	0.000000e+00
2.536194e+00	7.765676e+01	2.437655e-02	10148785.000000	0.000000e+00
2.538188e+00	7.757054e+01	2.431206e-02	10180053.000000	0.000000e+00
2.540183e+00	7.745642e+01	2.426373e-02	10190599.000000	0.000000e+00
2.542178e+00	7.738539e+01	2.422932e-02	10200829.000000	0.000000e+00
2.544173e+00	7.727702e+01	2.416100e-02	10229889.000000	0.000000e+00
2.546167e+00	7.718687e+01	2.413372e-02	10229119.000000	0.000000e+00
2.548162e+00	7.708919e+01	2.405702e-02	10268409.000000	0.000000e+00
2.550157e+00	7.698331e+01	2.403602e-02	10258129.000000	0.000000e+00
2.552151e+00	7.689313e+01	2.397248e-02	10288429.000000	0.000000e+00
2.554146e+00	7.680699e+01	2.393054e-02	10301403.000000	0.000000e+00
2.556140e+00	7.670085e+01	2.388539e-02	10311829.000000	0.000000e+00
2.558133e+00	7.657902e+01	2.382599e-02	10330413.000000	0.000000e+00
2.560128e+00	7.651482e+01	2.377552e-02	10356931.000000	0.000000e+00
2.562123e+00	7.637739e+01	2.373215e-02	10357509.000000	0.000000e+00
2.564118e+00	7.631709e+01	2.366627e-02	10398817.000000	0.000000e+00
2.566114e+00	7.623188e+01	2.364394e-02	10395217.000000	0.000000e+00
2.568108e+00	7.611929e+01	2.359033e-02	10411695.000000	0.000000e+00
2.570102e+00	7.602279e+01	2.353562e-02	10433653.000000	0.000000e+00
2.572098e+00	7.592603e+01	2.348360e-02	10453269.000000	0.000000e+00
2.574093e+00	7.582730e+01	2.344358e-02	10461727.000000	0.000000e+00
2.576087e+00	7.573333e+01	2.340013e-02	10474605.000000	0.000000e+00
2.578081e+00	7.566060e+01	2.335463e-02	10495273.000000	0.000000e+00
2.580076e+00	7.562157e+01	2.331649e-02	10518775.000000	0.000000e+00
2.582071e+00	7.548514e+01	2.327059e-02	10522233.000000	0.000000e+00
2.584065e+00	7.538417e+01	2.320877e-02	10550089.000000	0.000000e+00
2.586060e+00	7.526019e+01	2.316146e-02	10558413.000000	0.000000e+00
2.588055e+00	7.515883e+01	2.310321e-02	10583155.000000	0.000000e+00
2.590050e+00	7.511142e+01	2.307908e-02	10591929.000000	0.000000e+00
2.592045e+00	7.500078e+01	2.302306e-02	10612201.000000	0.000000e+00
2.594039e+00	7.492317e+01	2.299225e-02	10618651.000000	0.000000e+00
2.596033e+00	7.480725e+01	2.292305e-02	10649829.000000	0.000000e+00
2.598028e+00	7.472700e+01	2.289759e-02	10650637.000000	0.000000e+00
2.600022e+00	7.462506e+01	2.283172e-02	10682973.000000	0.000000e+00
2.602018e+00	7.452193e+01	2.278822e-02	10694179.000000	0.000000e+00
2.604012e+00	7.439528e+01	2.273902e-02	10704025.000000	0.000000e+00
2.606006e+00	7.438668e+01	2.272358e-02	10716105.000000	0.000000e+00
2.608000e+00	7.423968e+01	2.264353e-02	10749391.000000	0.000000e+00
2.609995e+00	7.417164e+01	2.261915e-02	10752837.000000	0.000000e+00
2.611990e+00	7.405465e+01	2.254859e-02	10786141.000000	0.000000e+00
2.613986e+00	7.397665e+01	2.252646e-02	10784589.000000	0.000000e+00
2.615980e+00	7.385829e+01	2.246583e-02	10808203.000000	0.000000e+00
2.617974e+00	7.382668e+01	2.244614e-02	10817905.000000	0.000000e+00
2.619969e+00	7.364051e+01	2.236390e-02	10842729.000000	0.000000e+00
2.621963e+00	7.365092e+01	2.235718e-02	10852315.000000	0.000000e+00
2.623958e+00	7.354474e+01	2.229512e-02	10881369.000000	0.000000e+00
2.625953e+00	7.343200e+01	2.225472e-02	10887457.000000	0.000000e+00
2.627948e+00	7.334825e+01	2.220788e-02	10908507.000000	0.000000e+00
2.629942e+00	7.329946e+01	2.218214e-02	10919293.000000	0.000000e+00
2.631937e+00	7.320761e+01	2.213016e-02	10943173.000000	0.000000e+00
2.633932e+00	7.305610e+01	2.207309e-02	10954353.000000	0.000000e+00
2.635927e+00	7.297898e+01	2.203100e-02	10973047.000000	0.000000e+00
2.637921e+00	7.288908e+01	2.199135e-02	10985529.000000	0.000000e+00
2.639916e+00	7.280947e+01	2.193797e-02	11014957.000000	0.000000e+00
2.641910e+00	7.272933e+01	2.191978e-02	11008971.000000	0.000000e+00
2.643904e+00	7.262987e+01	2.185685e-02	11042197.000000	0.000000e+00
2.645899e+00	7.252856e+01	2.181340e-02	11055325.000000	0.000000e+00
2.647895e+00	7.249002e+01	2.177436e-02	11083209.000000	0.000000e+00
2.649890e+00	7.239056e+01	2.173986e-02	11087923.000000	0.000000e+00
2.651884e+00	7.226333e+01	2.168907e-02	11100801.000000	0.000000e+00
2.653878e+00	7.218757e+01	2.164929e-02	11118277.000000	0.000000e+00
2.655873e+00	7.211659e+01	2.160348e-02	11143531.000000	0.000000e+00
2.657867e+00	7.199545e+01	2.155885e-02	11152161.000000	0.000000e+00
2.659862e+00	7.194109e+01	2.152385e-02	11171569.000000	0.000000e+00
2.661856e+00	7.183542e+01	2.147308e-02	11191503.000000	0.000000e+00
2.663851e+00	7.172239e+01	2.142729e-02	11204053.000000	0.000000e+00
2.665845e+00	7.165581e+01	2.138977e-02	11222529.000000	0.000000e+00
2.667840e+00	7.156685e+01	2.134767e-02	11238877.000000	0.000000e+00
2.669835e+00	7.147455e+01	2.130244e-02	11257555.000000	0.000000e+00
2.671830e+00	7.137681e+01	2.125628e-02	11275605.000000	0.000000e+00
2.673825e+00	7.133955e+01	2.122064e-02	11301697.000000	0.000000e+00
2.675820e+00	7.120294e+01	2.118855e-02	11292579.000000	0.000000e+00
2.677813e+00	7.113510e+01	2.113691e-02	11326213.000000	0.000000e+00
2.679809e+00	7.105237e+01	2.109354e-02	11346405.000000	0.000000e+00
2.681804e+00	7.096525e+01	2.105747e-02	11357401.000000	0.000000e+00
2.683798e+00	7.089236e+01	2.102557e-02	11368507.000000	0.000000e+00
2.685793e+00	7.080866e+01	2.097303e-02	11398569.000000	0.000000e+00
2.687788e+00	7.069826e+01	2.093287e-02	11406697.000000	0.000000e+00
2.689782e+00	7.064347e+01	2.089888e-02	11426103.000000	0.000000e+00
2.691776e+00	7.052078e+01	2.085422e-02	11435269.000000	0.000000e+00
2.693771e+00	7.043835e+01	2.080236e-02	11465505.000000	0.000000e+00
2.695766e+00	7.032708e+01	2.076085e-02	11475061.000000	0.000000e+00
2.697761e+00	7.028521e+01	2.072687e-02	11499007.000000	0.000000e+00
2.699756e+00	7.018412e+01	2.069258e-02	11503989.000000	0.000000e+00
2.701749e+00	7.010151e+01	2.065170e-02	11522401.000000	0.000000e+00
2.703744e+00	7.001813e+01	2.060034e-02	11552403.000000	0.000000e+00
2.705739e+00	6.991994e+01	2.056602e-02	11558497.000000	0.000000e+00
2.707733e+00	6.983125e+01	2.052499e-02	11575333.000000	0.000000e+00
2.709728e+00	6.976148e+01	2.048159e-02	11601231.000000	0.000000e+00
2.711723e+00	6.966757e+01	2.045095e-02	11604709.000000	0.000000e+00
2.713717e+00	6.957012e+01	2.039459e-02	11636313.000000	0.000000e+00
2.715712e+00	6.952113e+01	2.037800e-02	11638861.000000	0.000000e+00
2.717706e+00	6.942086e+01	2.031989e-02	11671791.000000	0.000000e+00
2.719701e+00	6.932311e+01	2.029080e-02	11672329.000000	0.000000e+00
2.721695e+00	6.924468e+01	2.024164e-02	11702569.000000	0.000000e+00
2.723690e+00	6.921286e+01	2.022671e-02	11709087.000000	0.000000e+00
2.725685e+00	6.909292e+01	2.016416e-02	11741041.000000	0.000000e+00
2.727680e+00	6.903128e+01	2.013717e-02	11751549.000000	0.000000e+00
2.729675e+00	6.892012e+01	2.008963e-02	11769229.000000	0.000000e+00
2.731669e+00	6.885491e+01	2.006490e-02	11775951.000000	0.000000e+00
2.733664e+00	6.877166e+01	2.001490e-02	11806261.000000	0.000000e+00
2.735659e+00	6.867523e+01	1.997355e-02	11821969.000000	0.000000e+00
2.737654e+00	6.861237e+01	1.994653e-02	11832327.000000	0.000000e+00
2.739647e+00	6.852647e+01	1.991847e-02	11835997.000000	0.000000e+00
2.741641e+00	6.845901e+01	1.985783e-02	11884953.000000	0.000000e+00
2.743638e+00	6.836433e+01	1.982319e-02	11893567.000000	0.000000e+00
2.745632e+00	6.821166e+01	1.977311e-02	11900557.000000	0.000000e+00
2.747627e+00	6.813191e+01	1.973266e-02	11921469.000000	0.000000e+00
2.749622e+00	6.811913e+01	1.970832e-02	11946457.000000	0.000000e+00
2.751617e+00	6.804113e+01	1.967647e-02	11957727.000000	0.000000e+00
2.753611e+00	6.793735e+01	1.964558e-02	11958793.000000	0.000000e+00
2.755604e+00	6.782989e+01	1.958362e-02	11996553.000000	0.000000e+00
2.757600e+00	6.779518e+01	1.955484e-02	12019579.000000	0.000000e+00
2.759595e+00	6.769864e+01	1.953244e-02	12012877.000000	0.000000e+00
2.761589e+00	6.763637e+01	1.948660e-02	12047265.000000	0.000000e+00
2.763583e+00	6.755274e+01	1.946101e-02	12049117.000000	0.000000e+00
2.765577e+00	6.747569e+01	1.940918e-02	12085935.000000	0.000000e+00
2.767573e+00	6.739803e+01	1.937383e-02	12102181.000000	0.000000e+00
2.769567e+00	6.727015e+01	1.933282e-02	12107493.000000	0.000000e+00
2.771562e+00	6.721586e+01	1.929285e-02	12138103.000000	0.000000e+00
2.773558e+00	6.710681e+01	1.925033e-02	12152257.000000	0.000000e+00
2.775552e+00	6.703584e+01	1.922458e-02	12159069.000000	0.000000e+00
2.777546e+00	6.702360e+01	1.920779e-02	12175891.000000	0.000000e+00
2.779540e+00	6.689678e+01	1.914847e-02	12205125.000000	0.000000e+00
2.781535e+00	6.682112e+01	1.911421e-02	12221221.000000	0.000000e+00
2.783530e+00	6.673437e+01	1.907696e-02	12237165.000000	0.000000e+00
2.785525e+00	6.666996e+01	1.904761e-02	12251227.000000	0.000000e+00
2.787519e+00	6.658064e+01	1.900930e-02	12267721.000000	0.000000e+00
2.789514e+00	6.650338e+01	1.896772e-02	12292977.000000	0.000000e+00
2.791509e+00	6.642162e+01	1.893272e-02	12308155.000000	0.000000e+00
2.793504e+00	6.631650e+01	1.888919e-02	12325845.000000	0.000000e+00
2.795498e+00	6.627098e+01	1.887068e-02	12333085.000000	0.000000e+00
2.797493e+00	6.617755e+01	1.882075e-02	12363673.000000	0.000000e+00
2.799488e+00	6.608915e+01	1.878616e-02	12376119.000000	0.000000e+00
2.801482e+00	6.604458e+01	1.875988e-02	12394081.000000	0.000000e+00
2.803477e+00	6.592473e+01	1.871574e-02	12407457.000000	0.000000e+00
2.805471e+00	6.587640e+01	1.868415e-02	12431203.000000	0.000000e+00
2.807466e+00	6.577641e+01	1.864503e-02	12445545.000000	0.000000e+00
2.809460e+00	6.572703e+01	1.861508e-02	12466885.000000	0.000000e+00
2.811455e+00	6.562321e+01	1.857522e-02	12480925.000000	0.000000e+00
2.813450e+00	6.554082e+01	1.853180e-02	12508023.000000	0.000000e+00
2.815444e+00	6.546237e+01	1.851367e-02	12502549.000000	0.000000e+00
2.817438e+00	6.540651e+01	1.846775e-02	12543357.000000	0.000000e+00
2.819433e+00	6.534636e+01	1.844511e-02	12551059.000000	0.000000e+00
2.821428e+00	6.522309e+01	1.839470e-02	12572373.000000	0.000000e+00
2.823424e+00	6.520199e+01	1.836958e-02	12598633.000000	0.000000e+00
2.825418e+00	6.509203e+01	1.833920e-02	12597811.000000	0.000000e+00
2.827413e+00	6.500183e+01	1.829048e-02	12629925.000000	0.000000e+00
2.829407e+00	6.493017e+01	1.826423e-02	12638353.000000	0.000000e+00
2.831402e+00	6.485158e+01	1.822682e-02	12659577.000000	0.000000e+00
2.833396e+00	6.477907e+01	1.819365e-02	12677383.000000	0.000000e+00
2.835391e+00	6.469455e+01	1.815699e-02	12695445.000000	0.000000e+00
2.837385e+00	6.464469e+01	1.813118e-02	12711997.000000	0.000000e+00
2.839380e+00	6.456397e+01	1.809047e-02	12737395.000000	0.000000e+00
2.841375e+00	6.447755e+01	1.806179e-02	12743697.000000	0.000000e+00
2.843370e+00	6.442396e+01	1.802379e-02	12776233.000000	0.000000e+00
2.845365e+00	6.430622e+01	1.798298e-02	12787413.000000	0.000000e+00
2.847360e+00	6.425003e+01	1.795761e-02	12801163.000000	0.000000e+00
2.849354e+00	6.419118e+01	1.792564e-02	12823345.000000	0.000000e+00
2.851349e+00	6.408866e+01	1.788890e-02	12834981.000000	0.000000e+00
2.853343e+00	6.398927e+01	1.784564e-02	12857311.000000	0.000000e+00
2.855337e+00	6.394292e+01	1.782502e-02	12868401.000000	0.000000e+00
2.857332e+00	6.386561e+01	1.778446e-02	12895933.000000	0.000000e+00
2.859326e+00	6.382087e+01	1.776684e-02	12903423.000000	0.000000e+00
2.861321e+00	6.371192e+01	1.771397e-02	12936289.000000	0.000000e+00
2.863316e+00	6.367965e+01	1.769812e-02	12946345.000000	0.000000e+00
2.865311e+00	6.357851e+01	1.765411e-02	12969681.000000	0.000000e+00
2.867306e+00	6.345912e+01	1.760848e-02	12988063.000000	0.000000e+00
2.869301e+00	6.343072e+01	1.759347e-02	12998589.000000	0.000000e+00
2.871295e+00	6.336536e+01	1.756093e-02	13019929.000000	0.000000e+00
2.873290e+00	6.325968e+01	1.751927e-02	13038339.000000	0.000000e+00
2.875285e+00	6.319949e+01	1.749257e-02	13053289.000000	0.000000e+00
2.877279e+00	6.312459e+01	1.745816e-02	13073749.000000	0.000000e+00
2.879273e+00	6.309017e+01	1.744111e-02	13085049.000000	0.000000e+00
2.881268e+00	6.296927e+01	1.738251e-02	13122979.000000	0.000000e+00
2.883263e+00	6.292688e+01	1.737621e-02	13114821.000000	0.000000e+00
2.885257e+00	6.285130e+01	1.733215e-02	13149937.000000	0.000000e+00
2.887251e+00	6.276264e+01	1.730082e-02	13160391.000000	0.000000e+00
2.889246e+00	6.267393e+01	1.725740e-02	13189345.000000	0.000000e+00
2.891241e+00	6.261126e+01	1.723223e-02	13201453.000000	0.000000e+00
2.893236e+00	6.252856e+01	1.719484e-02	13223925.000000	0.000000e+00
2.895231e+00	6.246359e+01	1.717071e-02	13233583.000000	0.000000e+00
2.897226e+00	6.238729e+01	1.713129e-02	13262097.000000	0.000000e+00
2.899221e+00	6.230097e+01	1.710328e-02	13268773.000000	0.000000e+00
2.901215e+00	6.225421e+01	1.707600e-02	13291231.000000	0.000000e+00
2.903209e+00	6.218412e+01	1.704739e-02	13305861.000000	0.000000e+00
2.905203e+00	6.212146e+01	1.701594e-02	13328197.000000	0.000000e+00
2.907198e+00	6.203733e+01	1.697891e-02	13350159.000000	0.000000e+00
2.909193e+00	6.196964e+01	1.694892e-02	13368229.000000	0.000000e+00
2.911187e+00	6.190316e+01	1.692537e-02	13376709.000000	0.000000e+00
2.913182e+00	6.181021e+01	1.688356e-02	13402705.000000	0.000000e+00
2.915177e+00	6.174791e+01	1.685229e-02	13425379.000000	0.000000e+00
2.917171e+00	6.165006e+01	1.682353e-02	13428669.000000	0.000000e+00
2.919165e+00	6.160082e+01	1.679008e-02	13460689.000000	0.000000e+00
2.921160e+00	6.157567e+01	1.677223e-02	13478343.000000	0.000000e+00
2.923155e+00	6.143681e+01	1.672764e-02	13489261.000000	0.000000e+00
2.925149e+00	6.138664e+01	1.669877e-02	13513845.000000	0.000000e+00
2.927144e+00	6.130135e+01	1.666435e-02	13532041.000000	0.000000e+00
2.929140e+00	6.124359e+01	1.663022e-02	13562047.000000	0.000000e+00
2.931134e+00	6.116472e+01	1.661423e-02	13553193.000000	0.000000e+00
2.933129e+00	6.111436e+01	1.657377e-02	13597021.000000	0.000000e+00
2.935124e+00	6.104889e+01	1.655064e-02	13605855.000000	0.000000e+00
2.937118e+00	6.095959e+01	1.652275e-02	13611925.000000	0.000000e+00
2.939112e+00	6.089615e+01	1.648274e-02	13649629.000000	0.000000e+00
2.941107e+00	6.084249e+01	1.646338e-02	13657647.000000	0.000000e+00
2.943102e+00	6.075368e+01	1.642662e-02	13678825.000000	0.000000e+00
2.945097e+00	6.069752e+01	1.639594e-02	13704693.000000	0.000000e+00
2.947091e+00	6.061942e+01	1.637535e-02	13703845.000000	0.000000e+00
2.949085e+00	6.052799e+01	1.633370e-02	13732299.000000	0.000000e+00
2.951080e+00	6.047854e+01	1.630341e-02	13760857.000000	0.000000e+00
2.953075e+00	6.039599e+01	1.627714e-02	13767649.000000	0.000000e+00
2.955070e+00	6.032046e+01	1.623996e-02	13796187.000000	0.000000e+00
2.957064e+00	6.028633e+01	1.622623e-02	13803913.000000	0.000000e+00
2.959059e+00	6.017370e+01	1.618147e-02	13828581.000000	0.000000e+00
2.961053e+00	6.014602e+01	1.616597e-02	13842361.000000	0.000000e+00
2.963048e+00	6.003983e+01	1.612179e-02	13869231.000000	0.000000e+00
2.965042e+00	5.999249e+01	1.610434e-02	13877389.000000	0.000000e+00
2.967037e+00	5.995230e+01	1.607325e-02	13912465.000000	0.000000e+00
2.969032e+00	5.985776e+01	1.604509e-02	13917351.000000	0.000000e+00
2.971027e+00	5.976337e+01	1.600603e-02	13941289.000000	0.000000e+00
2.973021e+00	5.970108e+01	1.598163e-02	13954761.000000	0.000000e+00
2.975016e+00	5.964176e+01	1.595304e-02	13976995.000000	0.000000e+00
2.977011e+00	5.959077e+01	1.592703e-02	13998729.000000	0.000000e+00
2.979005e+00	5.952571e+01	1.590483e-02	14007193.000000	0.000000e+00
2.980999e+00	5.944278e+01	1.586687e-02	14035105.000000	0.000000e+00
2.982994e+00	5.937588e+01	1.583803e-02	14054583.000000	0.000000e+00
2.984990e+00	5.928795e+01	1.580142e-02	14077981.000000	0.000000e+00
2.986985e+00	5.924199e+01	1.578069e-02	14093121.000000	0.000000e+00
2.988979e+00	5.917754e+01	1.575750e-02	14103895.000000	0.000000e+00
2.990974e+00	5.910513e+01	1.572448e-02	14128549.000000	0.000000e+00
2.992968e+00	5.904527e+01	1.570010e-02	14143785.000000	0.000000e+00
2.994963e+00	5.897063e+01	1.566986e-02	14162545.000000	0.000000e+00
2.996957e+00	5.888101e+01	1.563484e-02	14182851.000000	0.000000e+00
2.998951e+00	5.883585e+01	1.561346e-02	14199913.000000	0.000000e+00
3.000946e+00	5.879436e+01	1.558720e-02	14227713.000000	0.000000e+00
3.002940e+00	5.867013e+01	1.555551e-02	14225443.000000	0.000000e+00
3.004935e+00	5.863423e+01	1.551760e-02	14277529.000000	0.000000e+00
3.006932e+00	5.856741e+01	1.549299e-02	14290317.000000	0.000000e+00
3.008926e+00	5.850308e+01	1.548195e-02	14279281.000000	0.000000e+00
3.010920e+00	5.842710e+01	1.543730e-02	14324715.000000	0.000000e+00
3.012915e+00	5.836449e+01	1.541815e-02	14329549.000000	0.000000e+00
3.014910e+00	5.829373e+01	1.537991e-02	14366013.000000	0.000000e+00
3.016905e+00	5.820143e+01	1.535582e-02	14365519.000000	0.000000e+00
3.018899e+00	5.816690e+01	1.533379e-02	14389729.000000	0.000000e+00
3.020893e+00	5.811257e+01	1.530700e-02	14413185.000000	0.000000e+00
3.022888e+00	5.802652e+01	1.527328e-02	14434063.000000	0.000000e+00
3.024883e+00	5.796770e+01	1.525095e-02	14447025.000000	0.000000e+00
3.026877e+00	5.789709e+01	1.522074e-02	14469109.000000	0.000000e+00
3.028872e+00	5.783700e+01	1.519651e-02	14485185.000000	0.000000e+00
3.030867e+00	5.777795e+01	1.516874e-02	14508583.000000	0.000000e+00
3.032861e+00	5.771453e+01	1.514719e-02	14517973.000000	0.000000e+00
3.034856e+00	5.761764e+01	1.509967e-02	14560485.000000	0.000000e+00
3.036851e+00	5.756532e+01	1.508801e-02	14556535.000000	0.000000e+00
3.038846e+00	5.751693e+01	1.505923e-02	14587665.000000	0.000000e+00
3.040840e+00	5.746417e+01	1.504057e-02	14597065.000000	0.000000e+00
3.042834e+00	5.736756e+01	1.500665e-02	14613877.000000	0.000000e+00
3.044829e+00	5.731613e+01	1.497185e-02	14655567.000000	0.000000e+00
3.046824e+00	5.725142e+01	1.495798e-02	14649637.000000	0.000000e+00
3.048818e+00	5.718247e+01	1.492335e-02	14682273.000000	0.000000e+00
3.050812e+00	5.713164e+01	1.490591e-02	14690491.000000	0.000000e+00
3.052807e+00	5.708940e+01	1.487455e-02	14730705.000000	0.000000e+00
3.054803e+00	5.697592e+01	1.484125e-02	14738113.000000	0.000000e+00
3.056797e+00	5.692017e+01	1.482170e-02	14748103.000000	0.000000e+00
3.058791e+00	5.685496e+01	1.479284e-02	14771805.000000	0.000000e+00
3.060786e+00	5.676953e+01	1.475478e-02	14803525.000000	0.000000e+00
3.062781e+00	5.673631e+01	1.474287e-02	14810109.000000	0.000000e+00
3.064776e+00	5.668368e+01	1.471630e-02	14836063.000000	0.000000e+00
3.066770e+00	5.661994e+01	1.469262e-02	14850477.000000	0.000000e+00
3.068765e+00	5.653338e+01	1.465679e-02	14877577.000000	0.000000e+00
3.070760e+00	5.646125e+01	1.463078e-02	14892451.000000	0.000000e+00
3.072755e+00	5.642208e+01	1.461230e-02	14909421.000000	0.000000e+00
3.074749e+00	5.636031e+01	1.459235e-02	14917513.000000	0.000000e+00
3.076743e+00	5.629170e+01	1.455676e-02	14954061.000000	0.000000e+00
3.078738e+00	5.625401e+01	1.453920e-02	14970139.000000	0.000000e+00
3.080733e+00	5.617783e+01	1.450658e-02	14996853.000000	0.000000e+00
3.082727e+00	5.608427e+01	1.448628e-02	14988853.000000	0.000000e+00
3.084721e+00	5.603602e+01	1.445184e-02	15034471.000000	0.000000e+00
3.086717e+00	5.599301e+01	1.443337e-02	15049845.000000	0.000000e+00
3.088711e+00	5.590439e+01	1.440544e-02	15060481.000000	0.000000e+00
3.090705e+00	5.585423e+01	1.438244e-02	15081585.000000	0.000000e+00
3.092700e+00	5.577021e+01	1.434680e-02	15111055.000000	0.000000e+00
3.094695e+00	5.571381e+01	1.432613e-02	15124033.000000	0.000000e+00
3.096689e+00	5.564835e+01	1.430211e-02	15139257.000000	0.000000e+00
3.098684e+00	5.560281e+01	1.427854e-02	15164419.000000	0.000000e+00
3.100679e+00	5.555715e+01	1.425712e-02	15185061.000000	0.000000e+00
3.102674e+00	5.547991e+01	1.422491e-02	15211525.000000	0.000000e+00
3.104669e+00	5.540876e+01	1.420403e-02	15217155.000000	0.000000e+00
3.106663e+00	5.535073e+01	1.418045e-02	15235861.000000	0.000000e+00
3.108657e+00	5.531713e+01	1.415886e-02	15263797.000000	0.000000e+00
3.110652e+00	5.523631e+01	1.413211e-02	15276897.000000	0.000000e+00
3.112647e+00	5.515868e+01	1.409973e-02	15304051.000000	0.000000e+00
3.114641e+00	5.513006e+01	1.408638e-02	15317157.000000	0.000000e+00
3.116636e+00	5.505741e+01	1.405496e-02	15345181.000000	0.000000e+00
3.118631e+00	5.497819e+01	1.403055e-02	15354351.000000	0.000000e+00
3.120626e+00	5.491221e+01	1.399824e-02	15388321.000000	0.000000e+00
3.122620e+00	5.486079e+01	1.398559e-02	15387301.000000	0.000000e+00
3.124615e+00	5.480395e+01	1.395613e-02	15420345.000000	0.000000e+00
3.126609e+00	5.472262e+01	1.392902e-02	15434515.000000	0.000000e+00
3.128604e+00	5.465482e+01	1.390108e-02	15458241.000000	0.000000e+00
3.130598e+00	5.461444e+01	1.388317e-02	15475249.000000	0.000000e+00
3.132593e+00	5.455876e+01	1.385873e-02	15498223.000000	0.000000e+00
3.134588e+00	5.449689e+01	1.383460e-02	15517077.000000	0.000000e+00
3.136583e+00	5.443837e+01	1.380788e-02	15543769.000000	0.000000e+00
3.138577e+00	5.437666e+01	1.379269e-02	15542727.000000	0.000000e+00
3.140571e+00	5.431091e+01	1.375765e-02	15584245.000000	0.000000e+00
3.142566e+00	5.424674e+01	1.373853e-02	15590733.000000	0.000000e+00
3.144561e+00	5.417668e+01	1.370830e-02	15619153.000000	0.000000e+00
3.146555e+00	5.414417e+01	1.369338e-02	15634423.000000	0.000000e+00
3.148550e+00	5.409391e+01	1.367186e-02	15654585.000000	0.000000e+00
3.150545e+00	5.401230e+01	1.363882e-02	15683101.000000	0.000000e+00
3.152540e+00	5.394909e+01	1.361803e-02	15694215.000000	0.000000e+00
3.154535e+00	5.388862e+01	1.359506e-02	15712021.000000	0.000000e+00
3.156529e+00	5.383960e+01	1.357109e-02	15738885.000000	0.000000e+00
3.158524e+00	5.377683e+01	1.354918e-02	15753049.000000	0.000000e+00
3.160519e+00	5.369301e+01	1.351911e-02	15773911.000000	0.000000e+00
3.162513e+00	5.366295e+01	1.350597e-02	15786921.000000	0.000000e+00
3.164508e+00	5.361571e+01	1.347450e-02	15832837.000000	0.000000e+00
3.166504e+00	5.351498e+01	1.345170e-02	15826923.000000	0.000000e+00
3.168497e+00	5.346329e+01	1.343035e-02	15846613.000000	0.000000e+00
3.170491e+00	5.340760e+01	1.340547e-02	15872385.000000	0.000000e+00
3.172486e+00	5.336618e+01	1.338420e-02	15898183.000000	0.000000e+00
3.174481e+00	5.330252e+01	1.336261e-02	15911557.000000	0.000000e+00
3.176475e+00	5.321645e+01	1.333109e-02	15935313.000000	0.000000e+00
3.178470e+00	5.317783e+01	1.331238e-02	15956953.000000	0.000000e+00
3.180465e+00	5.309656e+01	1.328327e-02	15978003.000000	0.000000e+00
3.182460e+00	5.305053e+01	1.326802e-02	15987013.000000	0.000000e+00
3.184455e+00	5.299512e+01	1.323890e-02	16023877.000000	0.000000e+00
3.186450e+00	5.292857e+01	1.321825e-02	16033647.000000	0.000000e+00
3.188445e+00	5.290499e+01	1.320340e-02	16055425.000000	0.000000e+00
3.190439e+00	5.285578e+01	1.318371e-02	16073481.000000	0.000000e+00
3.192434e+00	5.276285e+01	1.315184e-02	16094725.000000	0.000000e+00
3.194428e+00	5.270123e+01	1.313138e-02	16107219.000000	0.000000e+00
3.196422e+00	5.265286e+01	1.310659e-02	16138549.000000	0.000000e+00
3.198417e+00	5.260818e+01	1.308949e-02	16153285.000000	0.000000e+00
3.200411e+00	5.256374e+01	1.307204e-02	16169103.000000	0.000000e+00
3.202406e+00	5.248951e+01	1.304061e-02	16201273.000000	0.000000e+00
3.204401e+00	5.241891e+01	1.301611e-02	16218597.000000	0.000000e+00
3.206395e+00	5.238026e+01	1.300242e-02	16228813.000000	0.000000e+00
3.208390e+00	5.230659e+01	1.296862e-02	16267671.000000	0.000000e+00
3.210386e+00	5.225070e+01	1.295151e-02	16275853.000000	0.000000e+00
3.212380e+00	5.217522e+01	1.292779e-02	16288465.000000	0.000000e+00
3.214374e+00	5.213538e+01	1.290734e-02	16315167.000000	0.000000e+00
3.216368e+00	5.209294e+01	1.288920e-02	16334497.000000	0.000000e+00
3.218363e+00	5.203954e+01	1.286597e-02	16359945.000000	0.000000e+00
3.220358e+00	5.196673e+01	1.284088e-02	16378003.000000	0.000000e+00
3.222353e+00	5.193223e+01	1.282505e-02	16396677.000000	0.000000e+00
3.224347e+00	5.183610e+01	1.279047e-02	16424473.000000	0.000000e+00
3.226342e+00	5.180308e+01	1.278241e-02	16424257.000000	0.000000e+00
3.228336e+00	5.176542e+01	1.275873e-02	16461315.000000	0.000000e+00
3.230331e+00	5.170475e+01	1.273630e-02	16480657.000000	0.000000e+00
3.232326e+00	5.161724e+01	1.270596e-02	16503441.000000	0.000000e+00
3.234320e+00	5.158194e+01	1.269231e-02	16516351.000000	0.000000e+00
3.236316e+00	5.150669e+01	1.265815e-02	16557193.000000	0.000000e+00
3.238311e+00	5.147730e+01	1.265349e-02	16550493.000000	0.000000e+00
3.240305e+00	5.140929e+01	1.262675e-02	16576777.000000	0.000000e+00
3.242299e+00	5.137214e+01	1.260731e-02	16603923.000000	0.000000e+00
3.244294e+00	5.128917e+01	1.258099e-02	16619641.000000	0.000000e+00
3.246288e+00	5.123778e+01	1.256235e-02	16635609.000000	0.000000e+00
3.248283e+00	5.121228e+01	1.253988e-02	16678675.000000	0.000000e+00
3.250279e+00	5.112963e+01	1.251838e-02	16682029.000000	0.000000e+00
3.252272e+00	5.107771e+01	1.250198e-02	16691877.000000	0.000000e+00
3.254267e+00	5.101785e+01	1.247121e-02	16735063.000000	0.000000e+00
3.256262e+00	5.098038e+01	1.246066e-02	16738785.000000	0.000000e+00
3.258256e+00	5.090982e+01	1.243533e-02	16760557.000000	0.000000e+00
3.260250e+00	5.084659e+01	1.241172e-02	16782621.000000	0.000000e+00
3.262245e+00	5.079497e+01	1.238737e-02	16814455.000000	0.000000e+00
3.264240e+00	5.071239e+01	1.236167e-02	16829593.000000	0.000000e+00
3.266235e+00	5.067583e+01	1.234784e-02	16843017.000000	0.000000e+00
3.268230e+00	5.064507e+01	1.232930e-02	16873195.000000	0.000000e+00
3.270224e+00	5.056692e+01	1.230846e-02	16878165.000000	0.000000e+00
3.272218e+00	5.053354e+01	1.228928e-02	16908565.000000	0.000000e+00
3.274213e+00	5.047349e+01	1.226804e-02	16926865.000000	0.000000e+00
3.276208e+00	5.041210e+01	1.223920e-02	16965375.000000	0.000000e+00
3.278203e+00	5.037362e+01	1.223014e-02	16964593.000000	0.000000e+00
3.280197e+00	5.030984e+01	1.220538e-02	16990377.000000	0.000000e+00
3.282192e+00	5.023815e+01	1.217828e-02	17017495.000000	0.000000e+00
3.284187e+00	5.019184e+01	1.215885e-02	17040453.000000	0.000000e+00
3.286181e+00	5.015614e+01	1.215299e-02	17032645.000000	0.000000e+00
3.288175e+00	5.007823e+01	1.211602e-02	17083537.000000	0.000000e+00
3.290170e+00	5.005724e+01	1.210778e-02	17092467.000000	0.000000e+00
3.292165e+00	4.996807e+01	1.207422e-02	17126437.000000	0.000000e+00
3.294160e+00	4.993017e+01	1.206319e-02	17131761.000000	0.000000e+00
3.296154e+00	4.988553e+01	1.204752e-02	17145655.000000	0.000000e+00
3.298149e+00	4.982980e+01	1.201630e-02	17196357.000000	0.000000e+00
3.300144e+00	4.973702e+01	1.199560e-02	17191561.000000	0.000000e+00
3.302138e+00	4.973420e+01	1.198537e-02	17218975.000000	0.000000e+00
3.304132e+00	4.964988e+01	1.196396e-02	17222109.000000	0.000000e+00
3.306126e+00	4.958623e+01	1.192894e-02	17279005.000000	0.000000e+00
3.308122e+00	4.955416e+01	1.192142e-02	17278425.000000	0.000000e+00
3.310117e+00	4.950326e+01	1.189923e-02	17307331.000000	0.000000e+00
3.312111e+00	4.941878e+01	1.187397e-02	17321757.000000	0.000000e+00
3.314106e+00	4.938814e+01	1.185727e-02	17349061.000000	0.000000e+00
3.316101e+00	4.932925e+01	1.183664e-02	17368087.000000	0.000000e+00
3.318096e+00	4.928133e+01	1.181874e-02	17386905.000000	0.000000e+00
3.320090e+00	4.923567e+01	1.180364e-02	17399137.000000	0.000000e+00
3.322085e+00	4.919780e+01	1.177953e-02	17443581.000000	0.000000e+00
3.324080e+00	4.913420e+01	1.176859e-02	17430871.000000	0.000000e+00
3.326074e+00	4.905576e+01	1.173260e-02	17482009.000000	0.000000e+00
3.328069e+00	4.902685e+01	1.172295e-02	17490165.000000	0.000000e+00
3.330064e+00	4.897854e+01	1.170069e-02	17522215.000000	0.000000e+00
3.332059e+00	4.890451e+01	1.168463e-02	17517321.000000	0.000000e+00
3.334052e+00	4.888428e+01	1.166906e-02	17549569.000000	0.000000e+00
3.336047e+00	4.882827e+01	1.164573e-02	17579607.000000	0.000000e+00
3.338042e+00	4.878514e+01	1.162786e-02	17602561.000000	0.000000e+00
3.340037e+00	4.870784e+01	1.160395e-02	17619181.000000	0.000000e+00
3.342032e+00	4.866880e+01	1.158809e-02	17639145.000000	0.000000e+00
3.344026e+00	4.861632e+01	1.157100e-02	17653159.000000	0.000000e+00
3.346021e+00	4.855318e+01	1.154546e-02	17685321.000000	0.000000e+00
3.348016e+00	4.851018e+01	1.153001e-02	17701345.000000	0.000000e+00
3.350010e+00	4.845144e+01	1.150817e-02	17725587.000000	0.000000e+00
3.352005e+00	4.839413e+01	1.149184e-02	17733973.000000	0.000000e+00
3.353999e+00	4.833736e+01	1.146636e-02	17771101.000000	0.000000e+00
3.355994e+00	4.829948e+01	1.145375e-02	17782353.000000	0.000000e+00
3.357989e+00	4.823615e+01	1.142781e-02	17816371.000000	0.000000e+00
3.359984e+00	4.820831e+01	1.141933e-02	17822265.000000	0.000000e+00
3.361978e+00	4.815849e+01	1.139673e-02	17856049.000000	0.000000e+00
3.363973e+00	4.810682e+01	1.138410e-02	17857299.000000	0.000000e+00
3.365967e+00	4.804285e+01	1.135313e-02	17907145.000000	0.000000e+00
3.367962e+00	4.799401e+01	1.134301e-02	17902657.000000	0.000000e+00
3.369956e+00	4.795567e+01	1.132511e-02	17930625.000000	0.000000e+00
3.371951e+00	4.788666e+01	1.129862e-02	17962975.000000	0.000000e+00
3.373946e+00	4.784331e+01	1.128186e-02	17983773.000000	0.000000e+00
3.375941e+00	4.779229e+01	1.126794e-02	17989825.000000	0.000000e+00
3.377935e+00	4.773206e+01	1.124270e-02	18025147.000000	0.000000e+00
3.379930e+00	4.767305e+01	1.122583e-02	18034689.000000	0.000000e+00
3.381925e+00	4.762883e+01	1.120603e-02	18064921.000000	0.000000e+00
3.383919e+00	4.757659e+01	1.118769e-02	18084471.000000	0.000000e+00
3.385914e+00	4.751970e+01	1.116782e-02	18105493.000000	0.000000e+00
3.387908e+00	4.750582e+01	1.116004e-02	18120153.000000	0.000000e+00
3.389903e+00	4.743098e+01	1.113349e-02	18149353.000000	0.000000e+00
3.391898e+00	4.739881e+01	1.111820e-02	18174655.000000	0.000000e+00
3.393893e+00	4.735291e+01	1.110409e-02	18185577.000000	0.000000e+00
3.395886e+00	4.729708e+01	1.108730e-02	18197713.000000	0.000000e+00
3.397881e+00	4.724770e+01	1.106035e-02	18248355.000000	0.000000e+00
3.399877e+00	4.720319e+01	1.104638e-02	18260077.000000	0.000000e+00
3.401871e+00	4.714171e+01	1.103059e-02	18264729.000000	0.000000e+00
3.403865e+00	4.709936e+01	1.101096e-02	18296977.000000	0.000000e+00
3.405860e+00	4.705566e+01	1.099392e-02	18319723.000000	0.000000e+00
3.407855e+00	4.698015e+01	1.096858e-02	18345417.000000	0.000000e+00
3.409850e+00	4.695884e+01	1.095846e-02	18362665.000000	0.000000e+00
3.411845e+00	4.689158e+01	1.093586e-02	18385851.000000	0.000000e+00
3.413840e+00	4.682969e+01	1.091639e-02	18402829.000000	0.000000e+00
3.415834e+00	4.680991e+01	1.090544e-02	18424233.000000	0.000000e+00
3.417828e+00	4.675498e+01	1.088855e-02	18438067.000000	0.000000e+00
3.419823e+00	4.671801e+01	1.086960e-02	18473185.000000	0.000000e+00
3.421817e+00	4.664818e+01	1.084986e-02	18485073.000000	0.000000e+00
3.423812e+00	4.658946e+01	1.082792e-02	18513349.000000	0.000000e+00
3.425807e+00	4.655965e+01	1.081307e-02	18540507.000000	0.000000e+00
3.427801e+00	4.651096e+01	1.079965e-02	18547765.000000	0.000000e+00
3.429796e+00	4.645947e+01	1.077567e-02	18589177.000000	0.000000e+00
3.431791e+00	4.642087e+01	1.076658e-02	18589635.000000	0.000000e+00
3.433785e+00	4.636225e+01	1.074579e-02	18614557.000000	0.000000e+00
3.435780e+00	4.631833e+01	1.072430e-02	18653841.000000	0.000000e+00
3.437775e+00	4.626788e+01	1.071095e-02	18659629.000000	0.000000e+00
3.439770e+00	4.621028e+01	1.068741e-02	18695283.000000	0.000000e+00
3.441765e+00	4.615854e+01	1.067465e-02	18698077.000000	0.000000e+00
3.443759e+00	4.613320e+01	1.065997e-02	18729013.000000	0.000000e+00
3.445753e+00	4.607817e+01	1.064392e-02	18740763.000000	0.000000e+00
3.447748e+00	4.601186e+01	1.061759e-02	18779677.000000	0.000000e+00
3.449743e+00	4.596672e+01	1.060083e-02	18802125.000000	0.000000e+00
3.451737e+00	4.593772e+01	1.059437e-02	18801319.000000	0.000000e+00
3.453732e+00	4.586808e+01	1.056614e-02	18844653.000000	0.000000e+00
3.455727e+00	4.580845e+01	1.054924e-02	18855961.000000	0.000000e+00
3.457721e+00	4.576115e+01	1.053240e-02	18877285.000000	0.000000e+00
3.459715e+00	4.573413e+01	1.051930e-02	18901983.000000	0.000000e+00
3.461711e+00	4.567834e+01	1.049727e-02	18935101.000000	0.000000e+00
3.463705e+00	4.563182e+01	1.048627e-02	18936237.000000	0.000000e+00
3.465699e+00	4.558468e+01	1.046637e-02	18969043.000000	0.000000e+00
3.467694e+00	4.553587e+01	1.045009e-02	18987469.000000	0.000000e+00
3.469689e+00	4.548271e+01	1.043039e-02	19014801.000000	0.000000e+00
3.471683e+00	4.544978e+01	1.041776e-02	19033333.000000	0.000000e+00
3.473677e+00	4.539438e+01	1.040226e-02	19043571.000000	0.000000e+00
3.475672e+00	4.534019e+01	1.037704e-02	19090621.000000	0.000000e+00
3.477668e+00	4.529463e+01	1.036429e-02	19099149.000000	0.000000e+00
3.479662e+00	4.525852e+01	1.035067e-02	19118947.000000	0.000000e+00
3.481657e+00	4.520923e+01	1.033286e-02	19143133.000000	0.000000e+00
3.483651e+00	4.516970e+01	1.031705e-02	19168305.000000	0.000000e+00
3.485646e+00	4.510571e+01	1.029665e-02	19189837.000000	0.000000e+00
3.487641e+00	4.507686e+01	1.028691e-02	19201599.000000	0.000000e+00
3.489635e+00	4.499905e+01	1.026149e-02	19230277.000000	0.000000e+00
3.491630e+00	4.498402e+01	1.025042e-02	19258989.000000	0.000000e+00
3.493625e+00	4.492006e+01	1.022950e-02	19282879.000000	0.000000e+00
3.495619e+00	4.487789e+01	1.022143e-02	19277089.000000	0.000000e+00
3.497614e+00	4.482298e+01	1.019530e-02	19328661.000000	0.000000e+00
3.499609e+00	4.478575e+01	1.018260e-02	19344703.000000	0.000000e+00
3.501604e+00	4.475963e+01	1.017289e-02	19359069.000000	0.000000e+00
3.503598e+00	4.468753e+01	1.015089e-02	19380481.000000	0.000000e+00
3.505592e+00	4.464089e+01	1.013296e-02	19408533.000000	0.000000e+00
3.507587e+00	4.460139e+01	1.011659e-02	19436971.000000	0.000000e+00
3.509582e+00	4.455181e+01	1.010348e-02	19444153.000000	0.000000e+00
3.511577e+00	4.452280e+01	1.008780e-02	19479237.000000	0.000000e+00
3.513572e+00	4.444804e+01	1.006634e-02	19496731.000000	0.000000e+00
3.515566e+00	4.441867e+01	1.005648e-02	19509177.000000	0.000000e+00
3.517561e+00	4.438453e+01	1.003809e-02	19550653.000000	0.000000e+00
3.519555e+00	4.432442e+01	1.002441e-02	19550989.000000	0.000000e+00
3.521551e+00	4.428091e+01	1.000033e-02	19606683.000000	0.000000e+00
3.523545e+00	4.426399e+01	1.000277e-02	19582141.000000	0.000000e+00
3.525538e+00	4.419807e+01	9.976636e-03	19626297.000000	0.000000e+00
3.527533e+00	4.414848e+01	9.959014e-03	19651639.000000	0.000000e+00
3.529529e+00	4.409380e+01	9.936409e-03	19692285.000000	0.000000e+00
3.531524e+00	4.406519e+01	9.931952e-03	19684393.000000	0.000000e+00
3.533518e+00	4.401059e+01	9.911183e-03	19718023.000000	0.000000e+00
3.535513e+00	4.395428e+01	9.892786e-03	19740813.000000	0.000000e+00
3.537507e+00	4.391642e+01	9.879353e-03	19760449.000000	0.000000e+00
3.539501e+00	4.388811e+01	9.872176e-03	19763685.000000	0.000000e+00
3.541495e+00	4.382254e+01	9.842873e-03	19822171.000000	0.000000e+00
3.543491e+00	4.379521e+01	9.834985e-03	19829229.000000	0.000000e+00
3.545486e+00	4.374004e+01	9.814880e-03	19860421.000000	0.000000e+00
3.547481e+00	4.370035e+01	9.803298e-03	19871263.000000	0.000000e+00
3.549475e+00	4.366653e+01	9.789989e-03	19894497.000000	0.000000e+00
3.551470e+00	4.359792e+01	9.769182e-03	19916593.000000	0.000000e+00
3.553464e+00	4.354960e+01	9.752128e-03	19942041.000000	0.000000e+00
3.555459e+00	4.351786e+01	9.738401e-03	19969159.000000	0.000000e+00
3.557454e+00	4.348420e+01	9.729488e-03	19974825.000000	0.000000e+00
3.559448e+00	4.341895e+01	9.706882e-03	20007793.000000	0.000000e+00
3.561443e+00	4.336726e+01	9.686622e-03	20043763.000000	0.000000e+00
3.563438e+00	4.333837e+01	9.681194e-03	20039517.000000	0.000000e+00
3.565431e+00	4.329183e+01	9.663525e-03	20069689.000000	0.000000e+00
3.567426e+00	4.325573e+01	9.645555e-03	20110965.000000	0.000000e+00
3.569422e+00	4.320286e+01	9.629874e-03	20127223.000000	0.000000e+00
3.571417e+00	4.315415e+01	9.617536e-03	20133421.000000	0.000000e+00
3.573410e+00	4.311554e+01	9.604841e-03	20150565.000000	0.000000e+00
3.575404e+00	4.306755e+01	9.584026e-03	20193163.000000	0.000000e+00
3.577400e+00	4.302566e+01	9.567807e-03	20222289.000000	0.000000e+00
3.579395e+00	4.298309e+01	9.556221e-03	20231257.000000	0.000000e+00
3.581389e+00	4.293611e+01	9.542651e-03	20244507.000000	0.000000e+00
3.583384e+00	4.289027e+01	9.522237e-03	20288017.000000	0.000000e+00
3.585379e+00	4.285377e+01	9.510070e-03	20305357.000000	0.000000e+00
3.587373e+00	4.281396e+01	9.499605e-03	20312325.000000	0.000000e+00
3.589367e+00	4.276330e+01	9.481196e-03	20343055.000000	0.000000e+00
3.591361e+00	4.271811e+01	9.466777e-03	20361969.000000	0.000000e+00
3.593356e+00	4.267841e+01	9.448241e-03	20403961.000000	0.000000e+00
3.595352e+00	4.264206e+01	9.436843e-03	20418459.000000	0.000000e+00
3.597346e+00	4.260283e+01	9.426370e-03	20426221.000000	0.000000e+00
3.599341e+00	4.253514e+01	9.402086e-03	20466673.000000	0.000000e+00
3.601336e+00	4.251330e+01	9.394666e-03	20477973.000000	0.000000e+00
3.603330e+00	4.246009e+01	9.378794e-03	20495935.000000	0.000000e+00
3.605324e+00	4.243317e+01	9.363251e-03	20537973.000000	0.000000e+00
3.607319e+00	4.236911e+01	9.347478e-03	20545177.000000	0.000000e+00
3.609314e+00	4.233963e+01	9.334046e-03	20575683.000000	0.000000e+00
3.611308e+00	4.229396e+01	9.321937e-03	20584693.000000	0.000000e+00
3.613303e+00	4.225561e+01	9.305531e-03	20619889.000000	0.000000e+00
3.615297e+00	4.219847e+01	9.288468e-03	20639787.000000	0.000000e+00
3.617292e+00	4.216173e+01	9.272561e-03	20674621.000000	0.000000e+00
3.619287e+00	4.212928e+01	9.263554e-03	20682969.000000	0.000000e+00
3.621282e+00	4.206357e+01	9.241472e-03	20717149.000000	0.000000e+00
3.623277e+00	4.204516e+01	9.237405e-03	20717251.000000	0.000000e+00
3.625271e+00	4.200034e+01	9.218792e-03	20756661.000000	0.000000e+00
3.627266e+00	4.194671e+01	9.201371e-03	20782165.000000	0.000000e+00
3.629261e+00	4.189702e+01	9.185350e-03	20805339.000000	0.000000e+00
3.631256e+00	4.187789e+01	9.177003e-03	20824177.000000	0.000000e+00
3.633250e+00	4.183044e+01	9.162586e-03	20842449.000000	0.000000e+00
3.635244e+00	4.178528e+01	9.147949e-03	20864077.000000	0.000000e+00
3.637239e+00	4.172692e+01	9.126083e-03	20905663.000000	0.000000e+00
3.639234e+00	4.170773e+01	9.122158e-03	20904405.000000	0.000000e+00
3.641229e+00	4.165086e+01	9.100254e-03	20947921.000000	0.000000e+00
3.643224e+00	4.160059e+01	9.086439e-03	20960979.000000	0.000000e+00
3.645218e+00	4.157545e+01	9.079147e-03	20969293.000000	0.000000e+00
3.647212e+00	4.151042e+01	9.054497e-03	21017721.000000	0.000000e+00
3.649207e+00	4.149515e+01	9.051695e-03	21015259.000000	0.000000e+00
3.651201e+00	4.144583e+01	9.032209e-03	21055897.000000	0.000000e+00
3.653196e+00	4.141427e+01	9.017867e-03	21090765.000000	0.000000e+00
3.655191e+00	4.135423e+01	9.004364e-03	21092773.000000	0.000000e+00
3.657186e+00	4.132873e+01	8.990744e-03	21130647.000000	0.000000e+00
3.659181e+00	4.128671e+01	8.980415e-03	21136237.000000	0.000000e+00
3.661175e+00	4.122760e+01	8.960947e-03	21167437.000000	0.000000e+00
3.663170e+00	4.120033e+01	8.948394e-03	21198795.000000	0.000000e+00
3.665165e+00	4.115638e+01	8.936202e-03	21211357.000000	0.000000e+00
3.667159e+00	4.112260e+01	8.925081e-03	21229353.000000	0.000000e+00
3.669154e+00	4.108541e+01	8.907804e-03	21273253.000000	0.000000e+00
3.671149e+00	4.106469e+01	8.901941e-03	21279807.000000	0.000000e+00
3.673144e+00	4.097953e+01	8.877540e-03	21308293.000000	0.000000e+00
3.675138e+00	4.095907e+01	8.872409e-03	21311653.000000	0.000000e+00
3.677132e+00	4.091848e+01	8.851509e-03	21369987.000000	0.000000e+00
3.679127e+00	4.087941e+01	8.843253e-03	21369049.000000	0.000000e+00
3.681122e+00	4.085605e+01	8.830751e-03	21405105.000000	0.000000e+00
3.683116e+00	4.079432e+01	8.816721e-03	21408445.000000	0.000000e+00
3.685111e+00	4.074405e+01	8.794273e-03	21464883.000000	0.000000e+00
3.687106e+00	4.071212e+01	8.789492e-03	21454573.000000	0.000000e+00
3.689099e+00	4.067698e+01	8.776451e-03	21481249.000000	0.000000e+00
3.691094e+00	4.060946e+01	8.750389e-03	21537723.000000	0.000000e+00
3.693090e+00	4.058309e+01	8.745813e-03	21532273.000000	0.000000e+00
3.695084e+00	4.057261e+01	8.736998e-03	21564597.000000	0.000000e+00
3.697079e+00	4.050248e+01	8.718969e-03	21579079.000000	0.000000e+00
3.699073e+00	4.047635e+01	8.706971e-03	21610677.000000	0.000000e+00
3.701068e+00	4.041254e+01	8.690205e-03	21625801.000000	0.000000e+00
3.703063e+00	4.039719e+01	8.678735e-03	21666541.000000	0.000000e+00
3.705057e+00	4.035228e+01	8.669068e-03	21666627.000000	0.000000e+00
3.707052e+00	4.028842e+01	8.646372e-03	21711637.000000	0.000000e+00
3.709047e+00	4.026015e+01	8.637703e-03	21724725.000000	0.000000e+00
3.711042e+00	4.023493e+01	8.627658e-03	21748063.000000	0.000000e+00
3.713036e+00	4.019007e+01	8.613823e-03	21769357.000000	0.000000e+00
3.715031e+00	4.016154e+01	8.602338e-03	21796545.000000	0.000000e+00
3.717025e+00	4.011460e+01	8.589527e-03	21810541.000000	0.000000e+00
3.719020e+00	4.008911e+01	8.574802e-03	21857703.000000	0.000000e+00
3.721015e+00	4.004504e+01	8.564902e-03	21860125.000000	0.000000e+00
3.723010e+00	3.999035e+01	8.547666e-03	21888465.000000	0.000000e+00
3.725004e+00	3.994090e+01	8.534112e-03	21903775.000000	0.000000e+00
3.726998e+00	3.989765e+01	8.518726e-03	21935389.000000	0.000000e+00
3.728992e+00	3.987205e+01	8.509075e-03	21956973.000000	0.000000e+00
3.730987e+00	3.984349e+01	8.496753e-03	21989167.000000	0.000000e+00
3.732983e+00	3.978804e+01	8.480362e-03	22012857.000000	0.000000e+00
3.734977e+00	3.974530e+01	8.467853e-03	22030525.000000	0.000000e+00
3.736972e+00	3.971499e+01	8.459354e-03	22041165.000000	0.000000e+00
3.738966e+00	3.967356e+01	8.440281e-03	22094719.000000	0.000000e+00
3.740961e+00	3.962987e+01	8.432521e-03	22086685.000000	0.000000e+00
3.742956e+00	3.959598e+01	8.417235e-03	22129077.000000	0.000000e+00
3.744950e+00	3.957184e+01	8.409335e-03	22143655.000000	0.000000e+00
3.746945e+00	3.951870e+01	8.392153e-03	22174737.000000	0.000000e+00
3.748939e+00	3.948115e+01	8.381527e-03	22188769.000000	0.000000e+00
3.750934e+00	3.942867e+01	8.364533e-03	22219833.000000	0.000000e+00
3.752929e+00	3.940392e+01	8.353866e-03	22248655.000000	0.000000e+00
3.754924e+00	3.935328e+01	8.339029e-03	22270549.000000	0.000000e+00
3.756919e+00	3.932252e+01	8.329822e-03	22284933.000000	0.000000e+00
3.758913e+00	3.929989e+01	8.320690e-03	22308175.000000	0.000000e+00
3.760907e+00	3.925121e+01	8.306327e-03	22329969.000000	0.000000e+00
3.762902e+00	3.921038e+01	8.289499e-03	22374097.000000	0.000000e+00
3.764897e+00	3.916726e+01	8.280320e-03	22374433.000000	0.000000e+00
3.766891e+00	3.911781e+01	8.262183e-03	22416063.000000	0.000000e+00
3.768886e+00	3.909615e+01	8.254459e-03	22433173.000000	0.000000e+00
3.770881e+00	3.905381e+01	8.241922e-03	22452765.000000	0.000000e+00
3.772875e+00	3.901376e+01	8.228262e-03	22481191.000000	0.000000e+00
3.774870e+00	3.896570e+01	8.214957e-03	22498545.000000	0.000000e+00
3.776865e+00	3.893663e+01	8.201811e-03	22537057.000000	0.000000e+00
3.778860e+00	3.890418e+01	8.194298e-03	22540783.000000	0.000000e+00
3.780854e+00	3.886384e+01	8.179174e-03	22577325.000000	0.000000e+00
3.782848e+00	3.883543e+01	8.169905e-03	22595521.000000	0.000000e+00
3.784843e+00	3.878464e+01	8.154855e-03	22619709.000000	0.000000e+00
3.786838e+00	3.874033e+01	8.139684e-03	22652263.000000	0.000000e+00
3.788833e+00	3.871508e+01	8.130416e-03	22674345.000000	0.000000e+00
3.790827e+00	3.868051e+01	8.120763e-03	22687717.000000	0.000000e+00
3.792822e+00	3.863454e+01	8.104983e-03	22722043.000000	0.000000e+00
3.794817e+00	3.858891e+01	8.091931e-03	22741581.000000	0.000000e+00
3.796811e+00	3.858182e+01	8.087859e-03	22756117.000000	0.000000e+00
3.798806e+00	3.853590e+01	8.071755e-03	22792665.000000	0.000000e+00
3.800801e+00	3.849988e+01	8.059345e-03	22820191.000000	0.000000e+00
3.802795e+00	3.844173e+01	8.045147e-03	22831677.000000	0.000000e+00
3.804790e+00	3.840700e+01	8.031014e-03	22870729.000000	0.000000e+00
3.806785e+00	3.837699e+01	8.023888e-03	22875571.000000	0.000000e+00
3.808779e+00	3.833481e+01	8.009212e-03	22909041.000000	0.000000e+00
3.810773e+00	3.829033e+01	7.997133e-03	22925017.000000	0.000000e+00
3.812767e+00	3.826471e+01	7.986384e-03	22956015.000000	0.000000e+00
3.814763e+00	3.823635e+01	7.971875e-03	23005513.000000	0.000000e+00
3.816759e+00	3.818575e+01	7.962213e-03	23000377.000000	0.000000e+00
3.818753e+00	3.814950e+01	7.949921e-03	23027781.000000	0.000000e+00
3.820747e+00	3.811454e+01	7.939153e-03	23047987.000000	0.000000e+00
3.822742e+00	3.807698e+01	7.926353e-03	23076933.000000	0.000000e+00
3.824736e+00	3.803886e+01	7.913865e-03	23103493.000000	0.000000e+00
3.826731e+00	3.799737e+01	7.901258e-03	23126751.000000	0.000000e+00
3.828726e+00	3.795850e+01	7.888569e-03	23153761.000000	0.000000e+00
3.830721e+00	3.793381e+01	7.881371e-03	23165905.000000	0.000000e+00
3.832715e+00	3.789144e+01	7.866694e-03	23200521.000000	0.000000e+00
3.834709e+00	3.786164e+01	7.858135e-03	23214523.000000	0.000000e+00
3.836704e+00	3.781036e+01	7.842143e-03	23246205.000000	0.000000e+00
3.838699e+00	3.777842e+01	7.828251e-03	23289385.000000	0.000000e+00
3.840694e+00	3.774205e+01	7.821581e-03	23284227.000000	0.000000e+00
3.842689e+00	3.771917e+01	7.810206e-03	23323801.000000	0.000000e+00
3.844683e+00	3.767126e+01	7.799798e-03	23326717.000000	0.000000e+00
3.846677e+00	3.763103e+01	7.784860e-03	23366331.000000	0.000000e+00
3.848672e+00	3.759984e+01	7.772877e-03	23399605.000000	0.000000e+00
3.850666e+00	3.756451e+01	7.763555e-03	23411769.000000	0.000000e+00
3.852661e+00	3.752901e+01	7.749384e-03	23453077.000000	0.000000e+00
3.854656e+00	3.748930e+01	7.739713e-03	23461999.000000	0.000000e+00
3.856651e+00	3.745139e+01	7.727317e-03	23489757.000000	0.000000e+00
3.858646e+00	3.742588e+01	7.717699e-03	23516269.000000	0.000000e+00
3.860640e+00	3.738299e+01	7.706608e-03	23529987.000000	0.000000e+00
3.862635e+00	3.734941e+01	7.692676e-03	23572873.000000	0.000000e+00
3.864630e+00	3.730697e+01	7.682818e-03	23579733.000000	0.000000e+00
3.866624e+00	3.728659e+01	7.674991e-03	23602045.000000	0.000000e+00
3.868618e+00	3.722704e+01	7.658407e-03	23628715.000000	0.000000e+00
3.870612e+00	3.721861e+01	7.652335e-03	23655513.000000	0.000000e+00
3.872607e+00	3.715527e+01	7.633042e-03	23694385.000000	0.000000e+00
3.874602e+00	3.714104e+01	7.628293e-03	23705739.000000	0.000000e+00
3.876597e+00	3.709173e+01	7.614621e-03	23727805.000000	0.000000e+00
3.878591e+00	3.706642e+01	7.604302e-03	23759793.000000	0.000000e+00
3.880586e+00	3.703406e+01	7.593526e-03	23785693.000000	0.000000e+00
3.882581e+00	3.699502e+01	7.584075e-03	23794759.000000	0.000000e+00
3.884575e+00	3.695921e+01	7.570945e-03	23831157.000000	0.000000e+00
3.886570e+00	3.692542e+01	7.559470e-03	23859877.000000	0.000000e+00
3.888564e+00	3.687261e+01	7.547152e-03	23869407.000000	0.000000e+00
3.890559e+00	3.683939e+01	7.533388e-03	23913565.000000	0.000000e+00
3.892554e+00	3.681333e+01	7.526994e-03	23920329.000000	0.000000e+00
3.894548e+00	3.677593e+01	7.514372e-03	23952007.000000	0.000000e+00
3.896543e+00	3.674099e+01	7.501150e-03	23990869.000000	0.000000e+00
3.898539e+00	3.670562e+01	7.491650e-03	24005469.000000	0.000000e+00
3.900533e+00	3.668040e+01	7.483755e-03	24023101.000000	0.000000e+00
3.902527e+00	3.662072e+01	7.469501e-03	24036459.000000	0.000000e+00
3.904521e+00	3.661149e+01	7.461079e-03	24078613.000000	0.000000e+00
3.906516e+00	3.656994e+01	7.450040e-03	24095245.000000	0.000000e+00
3.908511e+00	3.654701e+01	7.440186e-03	24128823.000000	0.000000e+00
3.910506e+00	3.650040e+01	7.427235e-03	24151321.000000	0.000000e+00
3.912500e+00	3.647555e+01	7.417947e-03	24178881.000000	0.000000e+00
3.914495e+00	3.642333e+01	7.405562e-03	24190405.000000	0.000000e+00
3.916490e+00	3.638291e+01	7.389633e-03	24240927.000000	0.000000e+00
3.918485e+00	3.635686e+01	7.386292e-03	24228121.000000	0.000000e+00
3.920479e+00	3.633978e+01	7.374571e-03	24282373.000000	0.000000e+00
3.922474e+00	3.628119e+01	7.361065e-03	24293031.000000	0.000000e+00
3.924468e+00	3.625702e+01	7.351028e-03	24326965.000000	0.000000e+00
3.926463e+00	3.622254e+01	7.340782e-03	24348549.000000	0.000000e+00
3.928458e+00	3.618577e+01	7.330960e-03	24364303.000000	0.000000e+00
3.930452e+00	3.614776e+01	7.317990e-03	24399405.000000	0.000000e+00
3.932447e+00	3.611589e+01	7.306825e-03	24430885.000000	0.000000e+00
3.934442e+00	3.608177e+01	7.298742e-03	24438793.000000	0.000000e+00
3.936436e+00	3.604542e+01	7.287661e-03	24463803.000000	0.000000e+00
3.938431e+00	3.600910e+01	7.274841e-03	24500641.000000	0.000000e+00
3.940426e+00	3.597640e+01	7.264807e-03	24523773.000000	0.000000e+00
3.942420e+00	3.594017e+01	7.255184e-03	24539371.000000	0.000000e+00
3.944415e+00	3.591741e+01	7.243788e-03	24585465.000000	0.000000e+00
3.946410e+00	3.586958e+01	7.233416e-03	24590401.000000	0.000000e+00
3.948405e+00	3.584375e+01	7.224196e-03	24617713.000000	0.000000e+00
3.950399e+00	3.581173e+01	7.214513e-03	24639759.000000	0.000000e+00
3.952394e+00	3.577548e+01	7.201564e-03	24678409.000000	0.000000e+00
3.954389e+00	3.574156e+01	7.194012e-03	24683385.000000	0.000000e+00
3.956383e+00	3.570585e+01	7.180674e-03	24725695.000000	0.000000e+00
3.958378e+00	3.567232e+01	7.171873e-03	24739873.000000	0.000000e+00
3.960372e+00	3.565481e+01	7.163326e-03	24774609.000000	0.000000e+00
3.962367e+00	3.559800e+01	7.150889e-03	24781705.000000	0.000000e+00
3.964362e+00	3.556631e+01	7.137604e-03	24829767.000000	0.000000e+00
3.966356e+00	3.553539e+01	7.132060e-03	24825169.000000	0.000000e+00
3.968350e+00	3.550485e+01	7.118482e-03	24877149.000000	0.000000e+00
3.970345e+00	3.546141e+01	7.107921e-03	24890107.000000	0.000000e+00
3.972339e+00	3.544094e+01	7.099954e-03	24917209.000000	0.000000e+00
3.974335e+00	3.539545e+01	7.084022e-03	24965205.000000	0.000000e+00
3.976330e+00	3.535579e+01	7.076725e-03	24960679.000000	0.000000e+00
3.978324e+00	3.533964e+01	7.068540e-03	24995673.000000	0.000000e+00
3.980319e+00	3.530491e+01	7.058191e-03	25019785.000000	0.000000e+00
3.982314e+00	3.527097e+01	7.047535e-03	25047261.000000	0.000000e+00
3.984308e+00	3.524100e+01	7.039429e-03	25062331.000000	0.000000e+00
3.986303e+00	3.520500e+01	7.027462e-03	25096405.000000	0.000000e+00
3.988297e+00	3.517515e+01	7.018539e-03	25117617.000000	0.000000e+00
3.990292e+00	3.513400e+01	7.005085e-03	25155235.000000	0.000000e+00
3.992287e+00	3.509345e+01	6.996122e-03	25161549.000000	0.000000e+00
3.994282e+00	3.507885e+01	6.986381e-03	25210777.000000	0.000000e+00
3.996277e+00	3.504053e+01	6.978600e-03	25211857.000000	0.000000e+00
3.998271e+00	3.500522e+01	6.966985e-03	25245027.000000	0.000000e+00
4.000266e+00	3.497691e+01	6.958258e-03	25267477.000000	0.000000e+00
4.002260e+00	3.493007e+01	6.945486e-03	25292613.000000	0.000000e+00
4.004253e+00	3.491482e+01	6.943321e-03	25286287.000000	0.000000e+00
4.006248e+00	3.487980e+01	6.924676e-03	25371669.000000	0.000000e+00
4.008243e+00	3.483802e+01	6.916223e-03	25372837.000000	0.000000e+00
4.010238e+00	3.481955e+01	6.907886e-03	25407151.000000	0.000000e+00
4.012233e+00	3.479274e+01	6.903068e-03	25403469.000000	0.000000e+00
4.014227e+00	3.474208e+01	6.884230e-03	25468357.000000	0.000000e+00
4.016223e+00	3.471188e+01	6.878310e-03	25467885.000000	0.000000e+00
4.018217e+00	3.469128e+01	6.871488e-03	25488199.000000	0.000000e+00
4.020211e+00	3.464252e+01	6.856051e-03	25531185.000000	0.000000e+00
4.022206e+00	3.462169e+01	6.849541e-03	25548985.000000	0.000000e+00
4.024201e+00	3.458249e+01	6.838414e-03	25574179.000000	0.000000e+00
4.026196e+00	3.454864e+01	6.826281e-03	25614957.000000	0.000000e+00
4.028191e+00	3.452772e+01	6.822834e-03	25609801.000000	0.000000e+00
4.030185e+00	3.449240e+01	6.811224e-03	25644633.000000	0.000000e+00
4.032179e+00	3.444553e+01	6.798380e-03	25671715.000000	0.000000e+00
4.034174e+00	3.443148e+01	6.789854e-03	25715229.000000	0.000000e+00
4.036169e+00	3.438400e+01	6.781633e-03	25706569.000000	0.000000e+00
4.038163e+00	3.434668e+01	6.767371e-03	25759027.000000	0.000000e+00
4.040158e+00	3.431857e+01	6.759086e-03	25779969.000000	0.000000e+00
4.042153e+00	3.429490e+01	6.750235e-03	25811977.000000	0.000000e+00
4.044147e+00	3.425988e+01	6.743294e-03	25812345.000000	0.000000e+00
4.046141e+00	3.422504e+01	6.731144e-03	25852951.000000	0.000000e+00
4.048136e+00	3.420049e+01	6.721843e-03	25887373.000000	0.000000e+00
4.050131e+00	3.415280e+01	6.709657e-03	25909077.000000	0.000000e+00
4.052126e+00	3.412982e+01	6.704874e-03	25911163.000000	0.000000e+00
4.054120e+00	3.409790e+01	6.690310e-03	25975425.000000	0.000000e+00
4.056116e+00	3.406332e+01	6.683258e-03	25977517.000000	0.000000e+00
4.058110e+00	3.404113e+01	6.674975e-03	26008095.000000	0.000000e+00
4.060105e+00	3.400192e+01	6.664033e-03	26033497.000000	0.000000e+00
4.062100e+00	3.397109e+01	6.654369e-03	26061841.000000	0.000000e+00
4.064094e+00	3.394894e+01	6.647852e-03	26078937.000000	0.000000e+00
4.066089e+00	3.392214e+01	6.639464e-03	26103607.000000	0.000000e+00
4.068083e+00	3.389006e+01	6.629512e-03	26132529.000000	0.000000e+00
4.070078e+00	3.384953e+01	6.617653e-03	26163589.000000	0.000000e+00
4.072073e+00	3.382280e+01	6.608978e-03	26190903.000000	0.000000e+00
4.074068e+00	3.378267e+01	6.597939e-03	26216293.000000	0.000000e+00
4.076062e+00	3.375278e+01	6.590035e-03	26232745.000000	0.000000e+00
4.078057e+00	3.371784e+01	6.579765e-03	26260245.000000	0.000000e+00
4.080051e+00	3.369639e+01	6.571146e-03	26295691.000000	0.000000e+00
4.082046e+00	3.365723e+01	6.562696e-03	26302197.000000	0.000000e+00
4.084040e+00	3.363248e+01	6.553103e-03	26340493.000000	0.000000e+00
4.086035e+00	3.360054e+01	6.543969e-03	26363919.000000	0.000000e+00
4.088030e+00	3.356118e+01	6.531843e-03	26399941.000000	0.000000e+00
4.090024e+00	3.353591e+01	6.524725e-03	26417737.000000	0.000000e+00
4.092019e+00	3.350572e+01	6.516636e-03	26435703.000000	0.000000e+00
4.094014e+00	3.348137e+01	6.505338e-03	26489077.000000	0.000000e+00
4.096009e+00	3.345981e+01	6.500568e-03	26493801.000000	0.000000e+00
4.098004e+00	3.342263e+01	6.491694e-03	26507281.000000	0.000000e+00
4.099998e+00	3.338524e+01	6.479893e-03	26544427.000000	0.000000e+00
4.101992e+00	3.336034e+01	6.470717e-03	26580069.000000	0.000000e+00
4.103987e+00	3.332671e+01	6.463818e-03	26583157.000000	0.000000e+00
4.105981e+00	3.328694e+01	6.450902e-03	26626047.000000	0.000000e+00
4.107975e+00	3.326535e+01	6.445698e-03	26634493.000000	0.000000e+00
4.109970e+00	3.323216e+01	6.430387e-03	26708097.000000	0.000000e+00
4.111966e+00	3.319445e+01	6.425878e-03	26684929.000000	0.000000e+00
4.113960e+00	3.317093e+01	6.415104e-03	26736703.000000	0.000000e+00
4.115955e+00	3.313555e+01	6.407660e-03	26741733.000000	0.000000e+00
4.117949e+00	3.310029e+01	6.395971e-03	26782477.000000	0.000000e+00
4.119944e+00	3.308036e+01	6.387851e-03	26818275.000000	0.000000e+00
4.121939e+00	3.304474e+01	6.379766e-03	26828425.000000	0.000000e+00
4.123934e+00	3.301527e+01	6.370953e-03	26854737.000000	0.000000e+00
4.125928e+00	3.298416e+01	6.362405e-03	26876227.000000	0.000000e+00
4.127923e+00	3.296231e+01	6.353121e-03	26919133.000000	0.000000e+00
4.129917e+00	3.292400e+01	6.344890e-03	26926329.000000	0.000000e+00
4.131911e+00	3.288732e+01	6.335309e-03	26947681.000000	0.000000e+00
4.133907e+00	3.286808e+01	6.322754e-03	27023151.000000	0.000000e+00
4.135902e+00	3.284172e+01	6.321628e-03	26989441.000000	0.000000e+00
4.137896e+00	3.280415e+01	6.308222e-03	27042297.000000	0.000000e+00
4.139890e+00	3.277467e+01	6.299497e-03	27068539.000000	0.000000e+00
4.141885e+00	3.274478e+01	6.290829e-03	27093709.000000	0.000000e+00
4.143880e+00	3.271491e+01	6.282365e-03	27117213.000000	0.000000e+00
4.145874e+00	3.267616e+01	6.272666e-03	27136741.000000	0.000000e+00
4.147868e+00	3.265403e+01	6.265406e-03	27162831.000000	0.000000e+00
4.149863e+00	3.262989e+01	6.256989e-03	27195709.000000	0.000000e+00
4.151858e+00	3.259109e+01	6.244969e-03	27235609.000000	0.000000e+00
4.153853e+00	3.257604e+01	6.240626e-03	27248355.000000	0.000000e+00
4.155848e+00	3.253882e+01	6.231368e-03	27266965.000000	0.000000e+00
4.157843e+00	3.250968e+01	6.219625e-03	27321021.000000	0.000000e+00
4.159838e+00	3.247856e+01	6.214500e-03	27313741.000000	0.000000e+00
4.161832e+00	3.244921e+01	6.203665e-03	27359715.000000	0.000000e+00
4.163826e+00	3.242751e+01	6.199309e-03	27361537.000000	0.000000e+00
4.165821e+00	3.238777e+01	6.185934e-03	27412681.000000	0.000000e+00
4.167815e+00	3.236330e+01	6.179204e-03	27430935.000000	0.000000e+00
4.169810e+00	3.232289e+01	6.168729e-03	27455473.000000	0.000000e+00
4.171805e+00	3.229724e+01	6.159943e-03	27490173.000000	0.000000e+00
4.173799e+00	3.227929e+01	6.154826e-03	27505303.000000	0.000000e+00
4.175794e+00	3.224868e+01	6.144876e-03	27542133.000000	0.000000e+00
4.177789e+00	3.222258e+01	6.137488e-03	27563809.000000	0.000000e+00
4.179783e+00	3.218437e+01	6.128294e-03	27581053.000000	0.000000e+00
4.181777e+00	3.214480e+01	6.117607e-03	27609483.000000	0.000000e+00
4.183772e+00	3.212968e+01	6.110611e-03	27646717.000000	0.000000e+00
4.185767e+00	3.209535e+01	6.100145e-03	27682413.000000	0.000000e+00
4.187762e+00	3.207336e+01	6.094161e-03	27698803.000000	0.000000e+00
4.189757e+00	3.203066e+01	6.083985e-03	27717601.000000	0.000000e+00
4.191752e+00	3.199918e+01	6.074342e-03	27751041.000000	0.000000e+00
4.193746e+00	3.197599e+01	6.069164e-03	27758137.000000	0.000000e+00
4.195740e+00	3.195508e+01	6.059301e-03	27812163.000000	0.000000e+00
4.197735e+00	3.191094e+01	6.050192e-03	27818965.000000	0.000000e+00
4.199730e+00	3.189883e+01	6.042448e-03	27869145.000000	0.000000e+00
4.201725e+00	3.186287e+01	6.034672e-03	27878047.000000	0.000000e+00
4.203719e+00	3.183919e+01	6.027935e-03	27898897.000000	0.000000e+00
4.205714e+00	3.180627e+01	6.018266e-03	27930753.000000	0.000000e+00
4.207708e+00	3.178607e+01	6.011680e-03	27956443.000000	0.000000e+00
4.209703e+00	3.175170e+01	6.001378e-03	27991869.000000	0.000000e+00
4.211698e+00	3.173393e+01	5.995390e-03	28016437.000000	0.000000e+00
4.213693e+00	3.169519e+01	5.986109e-03	28034805.000000	0.000000e+00
4.215687e+00	3.165087e+01	5.974614e-03	28064131.000000	0.000000e+00
4.217682e+00	3.163345e+01	5.967718e-03	28098073.000000	0.000000e+00
4.219677e+00	3.159965e+01	5.959570e-03	28114785.000000	0.000000e+00
4.221671e+00	3.157565e+01	5.951817e-03	28145263.000000	0.000000e+00
4.223666e+00	3.154047e+01	5.942229e-03	28173285.000000	0.000000e+00
4.225660e+00	3.152420e+01	5.936396e-03	28199569.000000	0.000000e+00
4.227655e+00	3.149385e+01	5.928842e-03	28217061.000000	0.000000e+00
4.229649e+00	3.147192e+01	5.920764e-03	28254715.000000	0.000000e+00
4.231644e+00	3.143921e+01	5.912717e-03	28272817.000000	0.000000e+00
4.233639e+00	3.140987e+01	5.902281e-03	28319949.000000	0.000000e+00
4.235634e+00	3.137260e+01	5.893685e-03	28335259.000000	0.000000e+00
4.237629e+00	3.134508e+01	5.887126e-03	28348629.000000	0.000000e+00
4.239623e+00	3.132252e+01	5.879155e-03	28384657.000000	0.000000e+00
4.241617e+00	3.129015e+01	5.871329e-03	28401565.000000	0.000000e+00
4.243612e+00	3.126991e+01	5.861830e-03	28456851.000000	0.000000e+00
4.245607e+00	3.123875e+01	5.855615e-03	28460485.000000	0.000000e+00
4.247601e+00	3.120828e+01	5.846938e-03	28489353.000000	0.000000e+00
4.249596e+00	3.118921e+01	5.839360e-03	28528459.000000	0.000000e+00
4.251591e+00	3.115059e+01	5.831485e-03	28534761.000000	0.000000e+00
4.253586e+00	3.112354e+01	5.821230e-03	28585681.000000	0.000000e+00
4.255580e+00	3.110680e+01	5.818024e-03	28586419.000000	0.000000e+00
4.257575e+00	3.107808e+01	5.807645e-03	28635729.000000	0.000000e+00
4.259570e+00	3.104563e+01	5.799807e-03	28653253.000000	0.000000e+00
4.261565e+00	3.100913e+01	5.789527e-03	28687521.000000	0.000000e+00
4.263559e+00	3.098454e+01	5.783856e-03	28698235.000000	0.000000e+00
4.265554e+00	3.095242e+01	5.774345e-03	28733193.000000	0.000000e+00
4.267548e+00	3.093171e+01	5.767611e-03	28761793.000000	0.000000e+00
4.269543e+00	3.089942e+01	5.760077e-03	28776907.000000	0.000000e+00
4.271537e+00	3.087976e+01	5.754010e-03	28800933.000000	0.000000e+00
4.273532e+00	3.083723e+01	5.739379e-03	28868281.000000	0.000000e+00
4.275527e+00	3.081327e+01	5.736535e-03	28852017.000000	0.000000e+00
4.277521e+00	3.078948e+01	5.727906e-03	28894351.000000	0.000000e+00
4.279515e+00	3.076766e+01	5.721545e-03	28917597.000000	0.000000e+00
4.281510e+00	3.074623e+01	5.712805e-03	28965769.000000	0.000000e+00
4.283505e+00	3.071811e+01	5.708035e-03	28961143.000000	0.000000e+00
4.285500e+00	3.068895e+01	5.697503e-03	29013141.000000	0.000000e+00
4.287494e+00	3.065368e+01	5.689533e-03	29027665.000000	0.000000e+00
4.289489e+00	3.063379e+01	5.684019e-03	29046267.000000	0.000000e+00
4.291483e+00	3.059997e+01	5.673352e-03	29091253.000000	0.000000e+00
4.293478e+00	3.057214e+01	5.665322e-03	29120749.000000	0.000000e+00
4.295473e+00	3.054555e+01	5.659826e-03	29126589.000000	0.000000e+00
4.297468e+00	3.052976e+01	5.651265e-03	29184715.000000	0.000000e+00
4.299463e+00	3.049634e+01	5.645475e-03	29180613.000000	0.000000e+00
4.301457e+00	3.047128e+01	5.637403e-03	29216173.000000	0.000000e+00
4.303452e+00	3.043756e+01	5.627348e-03	29255811.000000	0.000000e+00
4.305447e+00	3.040963e+01	5.621430e-03	29263669.000000	0.000000e+00
4.307441e+00	3.038175e+01	5.612611e-03	29301901.000000	0.000000e+00
4.309436e+00	3.035401e+01	5.605295e-03	29324817.000000	0.000000e+00
4.311431e+00	3.032855e+01	5.596475e-03	29367991.000000	0.000000e+00
4.313425e+00	3.029309e+01	5.590620e-03	29360745.000000	0.000000e+00
4.315419e+00	3.027206e+01	5.581501e-03	29415889.000000	0.000000e+00
4.317414e+00	3.025216e+01	5.575515e-03	29440347.000000	0.000000e+00
4.319409e+00	3.022357e+01	5.567996e-03	29464129.000000	0.000000e+00
4.321403e+00	3.019721e+01	5.560934e-03	29487505.000000	0.000000e+00
4.323398e+00	3.016859e+01	5.552480e-03	29521347.000000	0.000000e+00
4.325392e+00	3.014555e+01	5.547179e-03	29532625.000000	0.000000e+00
4.327387e+00	3.011668e+01	5.537145e-03	29583021.000000	0.000000e+00
4.329382e+00	3.009492e+01	5.531726e-03	29598193.000000	0.000000e+00
4.331376e+00	3.006721e+01	5.524023e-03	29626155.000000	0.000000e+00
4.333371e+00	3.003690e+01	5.516194e-03	29650429.000000	0.000000e+00
4.335366e+00	3.001780e+01	5.507600e-03	29705233.000000	0.000000e+00
4.337361e+00	2.997930e+01	5.501860e-03	29690931.000000	0.000000e+00
4.339355e+00	2.996113e+01	5.493856e-03	29741425.000000	0.000000e+00
4.341350e+00	2.992360e+01	5.483698e-03	29776977.000000	0.000000e+00
4.343345e+00	2.990371e+01	5.479674e-03	29781097.000000	0.000000e+00
4.345339e+00	2.987578e+01	5.471965e-03	29809303.000000	0.000000e+00
4.347334e+00	2.985458e+01	5.464074e-03	29853057.000000	0.000000e+00
4.349329e+00	2.982975e+01	5.457150e-03	29879089.000000	0.000000e+00
4.351324e+00	2.979394e+01	5.447770e-03	29910135.000000	0.000000e+00
4.353319e+00	2.976366e+01	5.442124e-03	29911345.000000	0.000000e+00
4.355313e+00	2.974538e+01	5.433595e-03	29968461.000000	0.000000e+00
4.357308e+00	2.972466e+01	5.429404e-03	29972941.000000	0.000000e+00
4.359302e+00	2.969289e+01	5.421103e-03	30000571.000000	0.000000e+00
4.361296e+00	2.966448e+01	5.412768e-03	30035481.000000	0.000000e+00
4.363291e+00	2.964256e+01	5.405228e-03	30074845.000000	0.000000e+00
4.365286e+00	2.962030e+01	5.399850e-03	30089547.000000	0.000000e+00
4.367280e+00	2.958676e+01	5.390556e-03	30125041.000000	0.000000e+00
4.369275e+00	2.956769e+01	5.384792e-03	30150669.000000	0.000000e+00
4.371269e+00	2.954130e+01	5.379332e-03	30157987.000000	0.000000e+00
4.373264e+00	2.951609e+01	5.369588e-03	30215917.000000	0.000000e+00
4.375259e+00	2.948896e+01	5.364390e-03	30218865.000000	0.000000e+00
4.377253e+00	2.946740e+01	5.356421e-03	30264553.000000	0.000000e+00
4.379248e+00	2.943456e+01	5.348450e-03	30287211.000000	0.000000e+00
4.381243e+00	2.941665e+01	5.342819e-03	30314149.000000	0.000000e+00
4.383238e+00	2.939342e+01	5.335938e-03	30344413.000000	0.000000e+00
4.385232e+00	2.935465e+01	5.326823e-03	30368079.000000	0.000000e+00
4.387227e+00	2.933981e+01	5.320613e-03	30408229.000000	0.000000e+00
4.389222e+00	2.930183e+01	5.313243e-03	30413769.000000	0.000000e+00
4.391216e+00	2.928992e+01	5.308293e-03	30445753.000000	0.000000e+00
4.393210e+00	2.926023e+01	5.301239e-03	30464967.000000	0.000000e+00
4.395205e+00	2.923803e+01	5.292254e-03	30522133.000000	0.000000e+00
4.397200e+00	2.919694e+01	5.284116e-03	30530221.000000	0.000000e+00
4.399195e+00	2.918210e+01	5.278061e-03	30569211.000000	0.000000e+00
4.401189e+00	2.915228e+01	5.271698e-03	30580465.000000	0.000000e+00
4.403184e+00	2.912679e+01	5.263998e-03	30616389.000000	0.000000e+00
4.405178e+00	2.910753e+01	5.257741e-03	30648727.000000	0.000000e+00
4.407173e+00	2.908240e+01	5.251257e-03	30671433.000000	0.000000e+00
4.409168e+00	2.905023e+01	5.242423e-03	30706837.000000	0.000000e+00
4.411162e+00	2.902145e+01	5.235688e-03	30724921.000000	0.000000e+00
4.413157e+00	2.900135e+01	5.229811e-03	30751371.000000	0.000000e+00
4.415151e+00	2.897955e+01	5.222843e-03	30787141.000000	0.000000e+00
4.417146e+00	2.894621e+01	5.213704e-03	30824121.000000	0.000000e+00
4.419141e+00	2.892560e+01	5.209911e-03	30825067.000000	0.000000e+00
4.421136e+00	2.890304e+01	5.201255e-03	30879525.000000	0.000000e+00
4.423130e+00	2.888067e+01	5.196208e-03	30891685.000000	0.000000e+00
4.425125e+00	2.885741e+01	5.190150e-03	30913969.000000	0.000000e+00
4.427119e+00	2.883384e+01	5.181553e-03	30966003.000000	0.000000e+00
4.429114e+00	2.880045e+01	5.176108e-03	30959365.000000	0.000000e+00
4.431109e+00	2.877354e+01	5.165290e-03	31031097.000000	0.000000e+00
4.433104e+00	2.875470e+01	5.162090e-03	31028923.000000	0.000000e+00
4.435098e+00	2.872334e+01	5.153605e-03	31063297.000000	0.000000e+00
4.437093e+00	2.869856e+01	5.147608e-03	31082025.000000	0.000000e+00
4.439087e+00	2.866754e+01	5.138161e-03	31129009.000000	0.000000e+00
4.441082e+00	2.866052e+01	5.136511e-03	31133763.000000	0.000000e+00
4.443076e+00	2.861976e+01	5.125966e-03	31173133.000000	0.000000e+00
4.445071e+00	2.860164e+01	5.119510e-03	31212249.000000	0.000000e+00
4.447066e+00	2.858186e+01	5.113132e-03	31246891.000000	0.000000e+00
4.449061e+00	2.855284e+01	5.108615e-03	31238653.000000	0.000000e+00
4.451055e+00	2.852523e+01	5.098543e-03	31301565.000000	0.000000e+00
4.453050e+00	2.849817e+01	5.094229e-03	31295143.000000	0.000000e+00
4.455044e+00	2.848266e+01	5.086359e-03	31357917.000000	0.000000e+00
4.457039e+00	2.845196e+01	5.080008e-03	31368625.000000	0.000000e+00
4.459034e+00	2.843087e+01	5.073586e-03	31401489.000000	0.000000e+00
4.461029e+00	2.840051e+01	5.065114e-03	31439371.000000	0.000000e+00
4.463024e+00	2.837594e+01	5.060033e-03	31448065.000000	0.000000e+00
4.465018e+00	2.835512e+01	5.053684e-03	31480869.000000	0.000000e+00
4.467013e+00	2.833709e+01	5.047312e-03	31520287.000000	0.000000e+00
4.469008e+00	2.831491e+01	5.043003e-03	31524765.000000	0.000000e+00
4.471002e+00	2.828356e+01	5.032475e-03	31586737.000000	0.000000e+00
4.472997e+00	2.825573e+01	5.028709e-03	31571841.000000	0.000000e+00
4.474991e+00	2.823566e+01	5.020536e-03	31629763.000000	0.000000e+00
4.476985e+00	2.820931e+01	5.014506e-03	31646713.000000	0.000000e+00
4.478981e+00	2.818592e+01	5.006256e-03	31698477.000000	0.000000e+00
4.480975e+00	2.816490e+01	5.002259e-03	31701811.000000	0.000000e+00
4.482970e+00	2.814157e+01	4.994287e-03	31750425.000000	0.000000e+00
4.484965e+00	2.810870e+01	4.988095e-03	31755001.000000	0.000000e+00
4.486959e+00	2.808987e+01	4.982386e-03	31785187.000000	0.000000e+00
4.488954e+00	2.806565e+01	4.975005e-03	31824621.000000	0.000000e+00
4.490948e+00	2.803908e+01	4.968031e-03	31853641.000000	0.000000e+00
4.492943e+00	2.802061e+01	4.963094e-03	31874997.000000	0.000000e+00
4.494937e+00	2.799022e+01	4.956207e-03	31894351.000000	0.000000e+00
4.496932e+00	2.797667e+01	4.948720e-03	31959957.000000	0.000000e+00
4.498927e+00	2.794224e+01	4.943023e-03	31954873.000000	0.000000e+00
4.500922e+00	2.791909e+01	4.935498e-03	31999303.000000	0.000000e+00
4.502916e+00	2.789240e+01	4.930110e-03	32008005.000000	0.000000e+00
4.504911e+00	2.786070e+01	4.920444e-03	32060881.000000	0.000000e+00
4.506906e+00	2.785054e+01	4.918014e-03	32069169.000000	0.000000e+00
4.508901e+00	2.782906e+01	4.910417e-03	32118883.000000	0.000000e+00
4.510896e+00	2.780742e+01	4.905607e-03	32131869.000000	0.000000e+00
4.512890e+00	2.777270e+01	4.897488e-03	32158033.000000	0.000000e+00
4.514884e+00	2.774757e+01	4.891025e-03	32184751.000000	0.000000e+00
4.516879e+00	2.772399e+01	4.883965e-03	32223045.000000	0.000000e+00
4.518874e+00	2.771302e+01	4.880732e-03	32240209.000000	0.000000e+00
4.520868e+00	2.767491e+01	4.871776e-03	32269911.000000	0.000000e+00
4.522862e+00	2.765636e+01	4.865444e-03	32310613.000000	0.000000e+00
4.524857e+00	2.762537e+01	4.857956e-03	32337705.000000	0.000000e+00
4.526852e+00	2.761224e+01	4.854750e-03	32349649.000000	0.000000e+00
4.528846e+00	2.757832e+01	4.845436e-03	32394403.000000	0.000000e+00
4.530841e+00	2.756610e+01	4.841007e-03	32424945.000000	0.000000e+00
4.532836e+00	2.754696e+01	4.834965e-03	32460913.000000	0.000000e+00
4.534831e+00	2.751166e+01	4.828247e-03	32467935.000000	0.000000e+00
4.536826e+00	2.748560e+01	4.821454e-03	32497837.000000	0.000000e+00
4.538820e+00	2.747551e+01	4.816732e-03	32537665.000000	0.000000e+00
4.540815e+00	2.744246e+01	4.809132e-03	32562117.000000	0.000000e+00
4.542809e+00	2.741918e+01	4.803615e-03	32581603.000000	0.000000e+00
4.544804e+00	2.740749e+01	4.798699e-03	32620569.000000	0.000000e+00
4.546798e+00	2.737800e+01	4.791693e-03	32645653.000000	0.000000e+00
4.548793e+00	2.734853e+01	4.783951e-03	32680947.000000	0.000000e+00
4.550788e+00	2.732968e+01	4.779353e-03	32698729.000000	0.000000e+00
4.552782e+00	2.730743e+01	4.773199e-03	32729737.000000	0.000000e+00
4.554777e+00	2.728381e+01	4.766559e-03	32764233.000000	0.000000e+00
4.556772e+00	2.725699e+01	4.759469e-03	32797339.000000	0.000000e+00
4.558767e+00	2.723708e+01	4.754055e-03	32824077.000000	0.000000e+00
4.560761e+00	2.722240e+01	4.749831e-03	32847061.000000	0.000000e+00
4.562756e+00	2.718629e+01	4.741281e-03	32878251.000000	0.000000e+00
4.564750e+00	2.715858e+01	4.734890e-03	32899885.000000	0.000000e+00
4.566745e+00	2.713752e+01	4.728091e-03	32943421.000000	0.000000e+00
4.568740e+00	2.711858e+01	4.724395e-03	32948931.000000	0.000000e+00
4.570734e+00	2.710159e+01	4.717992e-03	32997049.000000	0.000000e+00
4.572729e+00	2.707591e+01	4.711173e-03	33029949.000000	0.000000e+00
4.574724e+00	2.706571e+01	4.707779e-03	33052681.000000	0.000000e+00
4.576718e+00	2.702398e+01	4.700218e-03	33056935.000000	0.000000e+00
4.578712e+00	2.701756e+01	4.695455e-03	33108297.000000	0.000000e+00
4.580708e+00	2.697732e+01	4.685094e-03	33155917.000000	0.000000e+00
4.582703e+00	2.696635e+01	4.682358e-03	33167667.000000	0.000000e+00
4.584697e+00	2.695006e+01	4.678593e-03	33180949.000000	0.000000e+00
4.586691e+00	2.691601e+01	4.670036e-03	33218577.000000	0.000000e+00
4.588686e+00	2.689070e+01	4.663624e-03	33247345.000000	0.000000e+00
4.590681e+00	2.687256e+01	4.656349e-03	33306355.000000	0.000000e+00
4.592676e+00	2.685306e+01	4.653435e-03	33299697.000000	0.000000e+00
4.594671e+00	2.683069e+01	4.646068e-03	33349741.000000	0.000000e+00
4.596665e+00	2.680277e+01	4.640742e-03	33356799.000000	0.000000e+00
4.598660e+00	2.677895e+01	4.633728e-03	33398437.000000	0.000000e+00
4.600655e+00	2.675655e+01	4.627560e-03	33431529.000000	0.000000e+00
4.602649e+00	2.674132e+01	4.624189e-03	33442171.000000	0.000000e+00
4.604644e+00	2.670924e+01	4.615652e-03	33485521.000000	0.000000e+00
4.606638e+00	2.667965e+01	4.609398e-03	33502089.000000	0.000000e+00
4.608632e+00	2.666532e+01	4.603893e-03	33546193.000000	0.000000e+00
4.610627e+00	2.664681e+01	4.598666e-03	33575835.000000	0.000000e+00
4.612622e+00	2.662538e+01	4.593957e-03	33590593.000000	0.000000e+00
4.614616e+00	2.659559e+01	4.585644e-03	33637101.000000	0.000000e+00
4.616611e+00	2.657849e+01	4.580916e-03	33663235.000000	0.000000e+00
4.618606e+00	2.654790e+01	4.574917e-03	33673945.000000	0.000000e+00
4.620601e+00	2.653917e+01	4.569670e-03	33729129.000000	0.000000e+00
4.622596e+00	2.651016e+01	4.563577e-03	33745345.000000	0.000000e+00
4.624590e+00	2.649419e+01	4.559543e-03	33764379.000000	0.000000e+00
4.626585e+00	2.646677e+01	4.551602e-03	33812185.000000	0.000000e+00
4.628580e+00	2.644911e+01	4.547039e-03	33834901.000000	0.000000e+00
4.630574e+00	2.642737e+01	4.541911e-03	33855615.000000	0.000000e+00
4.632569e+00	2.640112e+01	4.535230e-03	33888013.000000	0.000000e+00
4.634563e+00	2.638093e+01	4.530909e-03	33900765.000000	0.000000e+00
4.636557e+00	2.636094e+01	4.524049e-03	33952141.000000	0.000000e+00
4.638552e+00	2.634056e+01	4.517467e-03	33998511.000000	0.000000e+00
4.640547e+00	2.631168e+01	4.511560e-03	34012897.000000	0.000000e+00
4.642542e+00	2.629048e+01	4.506999e-03	34026865.000000	0.000000e+00
4.644536e+00	2.626891e+01	4.501322e-03	34056807.000000	0.000000e+00
4.646530e+00	2.624929e+01	4.496152e-03	34084201.000000	0.000000e+00
4.648525e+00	2.622331e+01	4.487854e-03	34142673.000000	0.000000e+00
4.650520e+00	2.620214e+01	4.483689e-03	34150939.000000	0.000000e+00
4.652515e+00	2.617507e+01	4.476202e-03	34194489.000000	0.000000e+00
4.654510e+00	2.615591e+01	4.472299e-03	34204093.000000	0.000000e+00
4.656504e+00	2.613523e+01	4.465440e-03	34255021.000000	0.000000e+00
4.658499e+00	2.612329e+01	4.463198e-03	34258119.000000	0.000000e+00
4.660493e+00	2.609788e+01	4.456475e-03	34294729.000000	0.000000e+00
4.662488e+00	2.606953e+01	4.448650e-03	34340757.000000	0.000000e+00
4.664483e+00	2.605053e+01	4.444591e-03	34353391.000000	0.000000e+00
4.666477e+00	2.602656e+01	4.438113e-03	34390365.000000	0.000000e+00
4.668472e+00	2.600371e+01	4.432952e-03	34410001.000000	0.000000e+00
4.670466e+00	2.599863e+01	4.429592e-03	34448761.000000	0.000000e+00
4.672461e+00	2.596127e+01	4.421917e-03	34469151.000000	0.000000e+00
4.674456e+00	2.594348e+01	4.414537e-03	34537117.000000	0.000000e+00
4.676451e+00	2.591629e+01	4.411602e-03	34510641.000000	0.000000e+00
4.678445e+00	2.589905e+01	4.404320e-03	34578787.000000	0.000000e+00
4.680440e+00	2.587092e+01	4.399322e-03	34582165.000000	0.000000e+00
4.682434e+00	2.585401e+01	4.393081e-03	34635189.000000	0.000000e+00
4.684429e+00	2.583588e+01	4.389026e-03	34650571.000000	0.000000e+00
4.686424e+00	2.581005e+01	4.382631e-03	34682301.000000	0.000000e+00
4.688418e+00	2.579030e+01	4.377660e-03	34707949.000000	0.000000e+00
4.690413e+00	2.576722e+01	4.370611e-03	34757685.000000	0.000000e+00
4.692408e+00	2.574894e+01	4.367842e-03	34752403.000000	0.000000e+00
4.694402e+00	2.572329e+01	4.359554e-03	34815205.000000	0.000000e+00
4.696397e+00	2.570558e+01	4.356139e-03	34821825.000000	0.000000e+00
4.698392e+00	2.569163e+01	4.349898e-03	34883911.000000	0.000000e+00
4.700387e+00	2.567224e+01	4.347309e-03	34872777.000000	0.000000e+00
4.702381e+00	2.565386e+01	4.341063e-03	34923145.000000	0.000000e+00
4.704376e+00	2.561360e+01	4.332474e-03	34951785.000000	0.000000e+00
4.706370e+00	2.560428e+01	4.329308e-03	34977439.000000	0.000000e+00
4.708365e+00	2.557745e+01	4.323697e-03	34994845.000000	0.000000e+00
4.710360e+00	2.556305e+01	4.317176e-03	35061117.000000	0.000000e+00
4.712355e+00	2.553576e+01	4.312283e-03	35065759.000000	0.000000e+00
4.714349e+00	2.551858e+01	4.307188e-03	35101473.000000	0.000000e+00
4.716344e+00	2.549438e+01	4.302682e-03	35108353.000000	0.000000e+00
4.718338e+00	2.546720e+01	4.294361e-03	35169433.000000	0.000000e+00
4.720333e+00	2.544754e+01	4.289986e-03	35186823.000000	0.000000e+00
4.722328e+00	2.543453e+01	4.286035e-03	35215681.000000	0.000000e+00
4.724322e+00	2.540449e+01	4.279005e-03	35248065.000000	0.000000e+00
4.726317e+00	2.538070e+01	4.273784e-03	35268091.000000	0.000000e+00
4.728311e+00	2.536818e+01	4.268675e-03	35317713.000000	0.000000e+00
4.730307e+00	2.534942e+01	4.264340e-03	35337217.000000	0.000000e+00
4.732301e+00	2.532487e+01	4.259090e-03	35355799.000000	0.000000e+00
4.734295e+00	2.529936e+01	4.252386e-03	35395953.000000	0.000000e+00
4.736290e+00	2.528890e+01	4.247824e-03	35442697.000000	0.000000e+00
4.738285e+00	2.525866e+01	4.242941e-03	35439417.000000	0.000000e+00
4.740280e+00	2.523446e+01	4.235421e-03	35497279.000000	0.000000e+00
4.742274e+00	2.522274e+01	4.232954e-03	35505657.000000	0.000000e+00
4.744269e+00	2.520095e+01	4.226674e-03	35549737.000000	0.000000e+00
4.746264e+00	2.518330e+01	4.222105e-03	35576839.000000	0.000000e+00
4.748258e+00	2.515984e+01	4.217621e-03	35586141.000000	0.000000e+00
4.750252e+00	2.514490e+01	4.211964e-03	35639425.000000	0.000000e+00
4.752247e+00	2.512677e+01	4.207732e-03	35659677.000000	0.000000e+00
4.754242e+00	2.509957e+01	4.200133e-03	35711371.000000	0.000000e+00
4.756236e+00	2.508050e+01	4.197338e-03	35704629.000000	0.000000e+00
4.758231e+00	2.506109e+01	4.190595e-03	35764201.000000	0.000000e+00
4.760226e+00	2.503588e+01	4.184704e-03	35792851.000000	0.000000e+00
4.762220e+00	2.502060e+01	4.181891e-03	35797281.000000	0.000000e+00
4.764215e+00	2.499866e+01	4.175007e-03	35852473.000000	0.000000e+00
4.766209e+00	2.498553e+01	4.172006e-03	35866347.000000	0.000000e+00
4.768204e+00	2.495495e+01	4.164210e-03	35912701.000000	0.000000e+00
4.770199e+00	2.492135e+01	4.157079e-03	35939041.000000	0.000000e+00
4.772194e+00	2.491297e+01	4.154304e-03	35962881.000000	0.000000e+00
4.774189e+00	2.488908e+01	4.148200e-03	35999635.000000	0.000000e+00
4.776183e+00	2.486367e+01	4.142639e-03	36022701.000000	0.000000e+00
4.778178e+00	2.485058e+01	4.138800e-03	36051577.000000	0.000000e+00
4.780172e+00	2.483189e+01	4.134358e-03	36074751.000000	0.000000e+00
4.782167e+00	2.481773e+01	4.129336e-03	36121345.000000	0.000000e+00
4.784162e+00	2.479525e+01	4.123957e-03	36150049.000000	0.000000e+00
4.786157e+00	2.477438e+01	4.117879e-03	36195825.000000	0.000000e+00
4.788152e+00	2.475642e+01	4.115091e-03	36192343.000000	0.000000e+00
4.790146e+00	2.473925e+01	4.110922e-03	36215505.000000	0.000000e+00
4.792140e+00	2.471606e+01	4.103667e-03	36275569.000000	0.000000e+00
4.794135e+00	2.468420e+01	4.096859e-03	36302463.000000	0.000000e+00
4.796130e+00	2.466825e+01	4.093097e-03	36322225.000000	0.000000e+00
4.798124e+00	2.464716e+01	4.087706e-03	36355849.000000	0.000000e+00
4.800118e+00	2.462748e+01	4.083602e-03	36370839.000000	0.000000e+00
4.802113e+00	2.461069e+01	4.076936e-03	36440113.000000	0.000000e+00
4.804108e+00	2.458940e+01	4.073113e-03	36445401.000000	0.000000e+00
4.806103e+00	2.457543e+01	4.069838e-03	36462625.000000	0.000000e+00
4.808097e+00	2.454837e+01	4.062549e-03	36513063.000000	0.000000e+00
4.810092e+00	2.452602e+01	4.057081e-03	36544897.000000	0.000000e+00
4.812087e+00	2.450905e+01	4.053080e-03	36566425.000000	0.000000e+00
4.814081e+00	2.449164e+01	4.048333e-03	36600171.000000	0.000000e+00
4.816076e+00	2.447335e+01	4.043391e-03	36634945.000000	0.000000e+00
4.818071e+00	2.445503e+01	4.039222e-03	36655653.000000	0.000000e+00
4.820065e+00	2.443699e+01	4.034670e-03	36684217.000000	0.000000e+00
4.822060e+00	2.440920e+01	4.027849e-03	36724891.000000	0.000000e+00
4.824055e+00	2.438996e+01	4.023716e-03	36742413.000000	0.000000e+00
4.826049e+00	2.437470e+01	4.018353e-03	36794437.000000	0.000000e+00
4.828044e+00	2.435630e+01	4.014657e-03	36806619.000000	0.000000e+00
4.830039e+00	2.432865e+01	4.008449e-03	36836917.000000	0.000000e+00
4.832033e+00	2.431244e+01	4.003710e-03	36874989.000000	0.000000e+00
4.834028e+00	2.429286e+01	3.999236e-03	36898033.000000	0.000000e+00
4.836023e+00	2.427211e+01	3.993454e-03	36941767.000000	0.000000e+00
4.838017e+00	2.425646e+01	3.990607e-03	36946797.000000	0.000000e+00
4.840011e+00	2.423743e+01	3.985058e-03	36991669.000000	0.000000e+00
4.842006e+00	2.422087e+01	3.980325e-03	37029015.000000	0.000000e+00
4.844001e+00	2.419811e+01	3.974688e-03	37064377.000000	0.000000e+00
4.845996e+00	2.417412e+01	3.969630e-03	37085241.000000	0.000000e+00
4.847991e+00	2.415814e+01	3.965184e-03	37119343.000000	0.000000e+00
4.849985e+00	2.413951e+01	3.960903e-03	37142269.000000	0.000000e+00
4.851980e+00	2.412165e+01	3.955949e-03	37180293.000000	0.000000e+00
4.853975e+00	2.409862e+01	3.950720e-03	37207621.000000	0.000000e+00
4.855969e+00	2.408797e+01	3.947318e-03	37238859.000000	0.000000e+00
4.857964e+00	2.405650e+01	3.941256e-03	37255945.000000	0.000000e+00
4.859958e+00	2.403789e+01	3.935224e-03	37312461.000000	0.000000e+00
4.861953e+00	2.401730e+01	3.931307e-03	37322815.000000	0.000000e+00
4.863947e+00	2.400244e+01	3.927103e-03	37356505.000000	0.000000e+00
4.865942e+00	2.398633e+01	3.922134e-03	37400949.000000	0.000000e+00
4.867937e+00	2.395776e+01	3.916730e-03	37414945.000000	0.000000e+00
4.869931e+00	2.394901e+01	3.913041e-03	37458147.000000	0.000000e+00
4.871926e+00	2.392442e+01	3.908136e-03	37475161.000000	0.000000e+00
4.873921e+00	2.390126e+01	3.901809e-03	37524037.000000	0.000000e+00
4.875915e+00	2.388513e+01	3.898439e-03	37538223.000000	0.000000e+00
4.877910e+00	2.386844e+01	3.894113e-03	37569121.000000	0.000000e+00
4.879905e+00	2.385103e+01	3.888395e-03	37624761.000000	0.000000e+00
4.881900e+00	2.382598e+01	3.884005e-03	37630687.000000	0.000000e+00
4.883894e+00	2.380946e+01	3.879529e-03	37665261.000000	0.000000e+00
4.885889e+00	2.378571e+01	3.873432e-03	37708609.000000	0.000000e+00
4.887884e+00	2.376992e+01	3.870383e-03	37717921.000000	0.000000e+00
4.889878e+00	2.375200e+01	3.865814e-03	37750119.000000	0.000000e+00
4.891872e+00	2.373617e+01	3.861670e-03	37780777.000000	0.000000e+00
4.893866e+00	2.371840e+01	3.855954e-03	37836153.000000	0.000000e+00
4.895862e+00	2.369008e+01	3.849816e-03	37866307.000000	0.000000e+00
4.897857e+00	2.367502e+01	3.847007e-03	37873437.000000	0.000000e+00
4.899851e+00	2.365836e+01	3.842058e-03	37917661.000000	0.000000e+00
4.901846e+00	2.363519e+01	3.836748e-03	37948249.000000	0.000000e+00
4.903840e+00	2.362679e+01	3.834209e-03	37971507.000000	0.000000e+00
4.905835e+00	2.359817e+01	3.827222e-03	38018017.000000	0.000000e+00
4.907830e+00	2.358310e+01	3.825070e-03	38012181.000000	0.000000e+00
4.909825e+00	2.356116e+01	3.816640e-03	38109295.000000	0.000000e+00
4.911820e+00	2.353893e+01	3.814530e-03	38079517.000000	0.000000e+00
4.913814e+00	2.352212e+01	3.809337e-03	38128905.000000	0.000000e+00
4.915808e+00	2.351230e+01	3.806370e-03	38156461.000000	0.000000e+00
4.917803e+00	2.348722e+01	3.799814e-03	38206635.000000	0.000000e+00
4.919798e+00	2.346788e+01	3.796460e-03	38211133.000000	0.000000e+00
4.921793e+00	2.344918e+01	3.790434e-03	38271657.000000	0.000000e+00
4.923787e+00	2.343011e+01	3.787412e-03	38270431.000000	0.000000e+00
4.925781e+00	2.340477e+01	3.781556e-03	38306077.000000	0.000000e+00
4.927776e+00	2.339754e+01	3.777478e-03	38365113.000000	0.000000e+00
4.929771e+00	2.337081e+01	3.772590e-03	38376751.000000	0.000000e+00
4.931766e+00	2.336643e+01	3.770428e-03	38406381.000000	0.000000e+00
4.933760e+00	2.333708e+01	3.764898e-03	38422597.000000	0.000000e+00
4.935754e+00	2.331897e+01	3.758586e-03	38491929.000000	0.000000e+00
4.937750e+00	2.330585e+01	3.755810e-03	38505475.000000	0.000000e+00
4.939744e+00	2.328385e+01	3.751305e-03	38525185.000000	0.000000e+00
4.941739e+00	2.326462e+01	3.745570e-03	38579445.000000	0.000000e+00
4.943734e+00	2.324440e+01	3.741706e-03	38591995.000000	0.000000e+00
4.945728e+00	2.322349e+01	3.736685e-03	38626197.000000	0.000000e+00
4.947723e+00	2.320710e+01	3.732047e-03	38667613.000000	0.000000e+00
4.949718e+00	2.318116e+01	3.727547e-03	38674437.000000	0.000000e+00
4.951712e+00	2.317191e+01	3.723505e-03	38727523.000000	0.000000e+00
4.953707e+00	2.315146e+01	3.719154e-03	38749717.000000	0.000000e+00
4.955702e+00	2.313667e+01	3.714706e-03	38792973.000000	0.000000e+00
4.957696e+00	2.311175e+01	3.710417e-03	38798959.000000	0.000000e+00
4.959691e+00	2.309594e+01	3.704644e-03	38866761.000000	0.000000e+00
4.961686e+00	2.307790e+01	3.701495e-03	38872129.000000	0.000000e+00
4.963680e+00	2.306354e+01	3.697702e-03	38903455.000000	0.000000e+00
4.965675e+00	2.304638e+01	3.692870e-03	38947305.000000	0.000000e+00
4.967670e+00	2.302828e+01	3.688696e-03	38974213.000000	0.000000e+00
4.969665e+00	2.301073e+01	3.684666e-03	38999973.000000	0.000000e+00
4.971659e+00	2.299426e+01	3.680824e-03	39025519.000000	0.000000e+00
4.973653e+00	2.296577e+01	3.675460e-03	39042609.000000	0.000000e+00
4.975647e+00	2.295646e+01	3.670426e-03	39118033.000000	0.000000e+00
4.977642e+00	2.293298e+01	3.667573e-03	39098803.000000	0.000000e+00
4.979636e+00	2.292071e+01	3.661369e-03	39189441.000000	0.000000e+00
4.981632e+00	2.289831e+01	3.658236e-03	39179917.000000	0.000000e+00
4.983626e+00	2.288808e+01	3.654237e-03	39230637.000000	0.000000e+00
4.985621e+00	2.286338e+01	3.648476e-03	39269731.000000	0.000000e+00
4.987616e+00	2.283825e+01	3.644606e-03	39266685.000000	0.000000e+00
4.989610e+00	2.282993e+01	3.641050e-03	39314773.000000	0.000000e+00
4.991605e+00	2.280878e+01	3.635819e-03	39354979.000000	0.000000e+00
4.993600e+00	2.279206e+01	3.632025e-03	39379425.000000	0.000000e+00
4.995594e+00	2.277371e+01	3.628254e-03	39397825.000000	0.000000e+00
4.997589e+00	2.275668e+01	3.623355e-03	39445359.000000	0.000000e+00
4.999583e+00	2.273335e+01	3.618399e-03	39472441.000000	0.000000e+00
5.001578e+00	2.271952e+01	3.615446e-03	39488853.000000	0.000000e+00
5.003572e+00	2.270359e+01	3.609658e-03	39560077.000000	0.000000e+00
5.005567e+00	2.267713e+01	3.605593e-03	39556951.000000	0.000000e+00
5.007562e+00	2.267266e+01	3.602879e-03	39600945.000000	0.000000e+00
5.009557e+00	2.264526e+01	3.596729e-03	39640489.000000	0.000000e+00
5.011552e+00	2.263020e+01	3.593249e-03	39664503.000000	0.000000e+00
5.013546e+00	2.261586e+01	3.589674e-03	39693229.000000	0.000000e+00
5.015541e+00	2.259158e+01	3.584622e-03	39719761.000000	0.000000e+00
5.017536e+00	2.257671e+01	3.579733e-03	39775905.000000	0.000000e+00
5.019531e+00	2.255706e+01	3.576109e-03	39787207.000000	0.000000e+00
5.021525e+00	2.254743e+01	3.573748e-03	39805809.000000	0.000000e+00
5.023519e+00	2.252271e+01	3.568142e-03	39843469.000000	0.000000e+00
5.025514e+00	2.250763e+01	3.563375e-03	39896643.000000	0.000000e+00
5.027509e+00	2.249097e+01	3.559843e-03	39916705.000000	0.000000e+00
5.029504e+00	2.246593e+01	3.553638e-03	39967081.000000	0.000000e+00
5.031499e+00	2.244863e+01	3.551245e-03	39959361.000000	0.000000e+00
5.033493e+00	2.243431e+01	3.546542e-03	40014295.000000	0.000000e+00
5.035487e+00	2.242152e+01	3.543411e-03	40039341.000000	0.000000e+00
5.037482e+00	2.239204e+01	3.537383e-03	40070341.000000	0.000000e+00
5.039476e+00	2.237799e+01	3.533623e-03	40105287.000000	0.000000e+00
5.041471e+00	2.236530e+01	3.530009e-03	40141909.000000	0.000000e+00
5.043466e+00	2.234778e+01	3.525807e-03	40174597.000000	0.000000e+00
5.045460e+00	2.233483e+01	3.523292e-03	40185363.000000	0.000000e+00
5.047455e+00	2.230876e+01	3.516248e-03	40252405.000000	0.000000e+00
5.049450e+00	2.229963e+01	3.514816e-03	40252245.000000	0.000000e+00
5.051445e+00	2.227981e+01	3.509474e-03	40303129.000000	0.000000e+00
5.053439e+00	2.226415e+01	3.505958e-03	40327275.000000	0.000000e+00
5.055433e+00	2.224861e+01	3.502842e-03	40342693.000000	0.000000e+00
5.057428e+00	2.222842e+01	3.497022e-03	40403641.000000	0.000000e+00
5.059423e+00	2.220723e+01	3.492704e-03	40426395.000000	0.000000e+00
5.061417e+00	2.219074e+01	3.489248e-03	40446409.000000	0.000000e+00
5.063412e+00	2.217122e+01	3.483806e-03	40501509.000000	0.000000e+00
5.065407e+00	2.216086e+01	3.481895e-03	40508113.000000	0.000000e+00
5.067402e+00	2.213878e+01	3.476004e-03	40564579.000000	0.000000e+00
5.069396e+00	2.212371e+01	3.473017e-03	40579065.000000	0.000000e+00
5.071391e+00	2.211036e+01	3.469186e-03	40619677.000000	0.000000e+00
5.073386e+00	2.208580e+01	3.464544e-03	40638171.000000	0.000000e+00
5.075380e+00	2.207251e+01	3.460418e-03	40686121.000000	0.000000e+00
5.077375e+00	2.205750e+01	3.456859e-03	40714485.000000	0.000000e+00
5.079370e+00	2.203371e+01	3.451897e-03	40743631.000000	0.000000e+00
5.081364e+00	2.201899e+01	3.448614e-03	40766701.000000	0.000000e+00
5.083358e+00	2.200645e+01	3.445574e-03	40792161.000000	0.000000e+00
5.085353e+00	2.199355e+01	3.440618e-03	40861849.000000	0.000000e+00
5.087348e+00	2.197153e+01	3.437231e-03	40860459.000000	0.000000e+00
5.089342e+00	2.195071e+01	3.432438e-03	40896997.000000	0.000000e+00
5.091337e+00	2.193442e+01	3.427442e-03	40955469.000000	0.000000e+00
5.093332e+00	2.191968e+01	3.425274e-03	40952251.000000	0.000000e+00
5.095326e+00	2.190071e+01	3.420422e-03	40997473.000000	0.000000e+00
5.097321e+00	2.188479e+01	3.416578e-03	41030049.000000	0.000000e+00
5.099316e+00	2.187177e+01	3.412269e-03	41084809.000000	0.000000e+00
5.101311e+00	2.185026e+01	3.409103e-03	41080239.000000	0.000000e+00
5.103305e+00	2.183530e+01	3.404512e-03	41134729.000000	0.000000e+00
5.105300e+00	2.181938e+01	3.400789e-03	41164741.000000	0.000000e+00
5.107294e+00	2.180449e+01	3.398020e-03	41175591.000000	0.000000e+00
5.109289e+00	2.178501e+01	3.392209e-03	41243005.000000	0.000000e+00
5.111283e+00	2.176276e+01	3.389048e-03	41235645.000000	0.000000e+00
5.113278e+00	2.175156e+01	3.384995e-03	41291905.000000	0.000000e+00
5.115273e+00	2.173723e+01	3.380658e-03	41343363.000000	0.000000e+00
5.117267e+00	2.171812e+01	3.378277e-03	41328913.000000	0.000000e+00
5.119262e+00	2.169852e+01	3.372532e-03	41395009.000000	0.000000e+00
5.121257e+00	2.168728e+01	3.369791e-03	41419419.000000	0.000000e+00
5.123252e+00	2.165643e+01	3.363304e-03	41461141.000000	0.000000e+00
5.125246e+00	2.165050e+01	3.362048e-03	41469441.000000	0.000000e+00
5.127241e+00	2.162718e+01	3.355918e-03	41531443.000000	0.000000e+00
5.129236e+00	2.161485e+01	3.353860e-03	41535045.000000	0.000000e+00
5.131230e+00	2.160225e+01	3.350018e-03	41581837.000000	0.000000e+00
5.133225e+00	2.159039e+01	3.347353e-03	41602381.000000	0.000000e+00
5.135219e+00	2.157165e+01	3.342350e-03	41654607.000000	0.000000e+00
5.137214e+00	2.155219e+01	3.338608e-03	41672737.000000	0.000000e+00
5.139209e+00	2.153745e+01	3.334498e-03	41718393.000000	0.000000e+00
5.141203e+00	2.151299e+01	3.329957e-03	41737279.000000	0.000000e+00
5.143198e+00	2.150323e+01	3.326970e-03	41774373.000000	0.000000e+00
5.145193e+00	2.148861e+01	3.322969e-03	41818081.000000	0.000000e+00
5.147187e+00	2.146880e+01	3.320050e-03	41814433.000000	0.000000e+00
5.149182e+00	2.145179e+01	3.314435e-03	41889783.000000	0.000000e+00
5.151177e+00	2.143767e+01	3.311496e-03	41908945.000000	0.000000e+00
5.153172e+00	2.141910e+01	3.307561e-03	41935953.000000	0.000000e+00
5.155166e+00	2.140223e+01	3.303795e-03	41965447.000000	0.000000e+00
5.157161e+00	2.138622e+01	3.300585e-03	41984233.000000	0.000000e+00
5.159155e+00	2.136740e+01	3.295077e-03	42050613.000000	0.000000e+00
5.161150e+00	2.135323e+01	3.292746e-03	42054307.000000	0.000000e+00
5.163145e+00	2.133403e+01	3.287648e-03	42109017.000000	0.000000e+00
5.165139e+00	2.131940e+01	3.285622e-03	42103165.000000	0.000000e+00
5.167134e+00	2.130481e+01	3.279977e-03	42190413.000000	0.000000e+00
5.169129e+00	2.128843e+01	3.277368e-03	42192655.000000	0.000000e+00
5.171124e+00	2.126879e+01	3.272634e-03	42236773.000000	0.000000e+00
5.173118e+00	2.125498e+01	3.270360e-03	42240633.000000	0.000000e+00
5.175113e+00	2.124022e+01	3.264855e-03	42324355.000000	0.000000e+00
5.177108e+00	2.121962e+01	3.261989e-03	42316557.000000	0.000000e+00
5.179102e+00	2.120776e+01	3.258717e-03	42354169.000000	0.000000e+00
5.181097e+00	2.118765e+01	3.253846e-03	42400557.000000	0.000000e+00
5.183092e+00	2.117322e+01	3.250630e-03	42426643.000000	0.000000e+00
5.185086e+00	2.115715e+01	3.247589e-03	42441637.000000	0.000000e+00
5.187081e+00	2.113835e+01	3.242612e-03	42496401.000000	0.000000e+00
5.189075e+00	2.112187e+01	3.239909e-03	42501007.000000	0.000000e+00
5.191069e+00	2.111063e+01	3.235483e-03	42572013.000000	0.000000e+00
5.193065e+00	2.109056e+01	3.231538e-03	42594901.000000	0.000000e+00
5.195059e+00	2.107631e+01	3.228953e-03	42605475.000000	0.000000e+00
5.197053e+00	2.106277e+01	3.225368e-03	42645433.000000	0.000000e+00
5.199048e+00	2.103825e+01	3.219145e-03	42710833.000000	0.000000e+00
5.201043e+00	2.103558e+01	3.218961e-03	42704901.000000	0.000000e+00
5.203037e+00	2.100816e+01	3.212948e-03	42753175.000000	0.000000e+00
5.205032e+00	2.099260e+01	3.209898e-03	42771069.000000	0.000000e+00
5.207027e+00	2.097319e+01	3.204177e-03	42844561.000000	0.000000e+00
5.209022e+00	2.096645e+01	3.203360e-03	42838891.000000	0.000000e+00
5.211017e+00	2.095399e+01	3.199381e-03	42894477.000000	0.000000e+00
5.213011e+00	2.093586e+01	3.196672e-03	42892921.000000	0.000000e+00
5.215005e+00	2.091041e+01	3.190448e-03	42955785.000000	0.000000e+00
5.217000e+00	2.090871e+01	3.189172e-03	42983191.000000	0.000000e+00
5.218995e+00	2.088420e+01	3.184060e-03	43020297.000000	0.000000e+00
5.220989e+00	2.086825e+01	3.181088e-03	43034905.000000	0.000000e+00
5.222984e+00	2.085240e+01	3.176839e-03	43084579.000000	0.000000e+00
5.224979e+00	2.084133e+01	3.173709e-03	43123773.000000	0.000000e+00
5.226974e+00	2.081506e+01	3.169114e-03	43139953.000000	0.000000e+00
5.228968e+00	2.080926e+01	3.167023e-03	43172865.000000	0.000000e+00
5.230962e+00	2.078772e+01	3.162438e-03	43208539.000000	0.000000e+00
5.232958e+00	2.076815e+01	3.157267e-03	43268637.000000	0.000000e+00
5.234952e+00	2.076071e+01	3.157154e-03	43240717.000000	0.000000e+00
5.236946e+00	2.073578e+01	3.149991e-03	43333303.000000	0.000000e+00
5.238941e+00	2.073095e+01	3.149215e-03	43334493.000000	0.000000e+00
5.240936e+00	2.071071e+01	3.144685e-03	43374613.000000	0.000000e+00
5.242930e+00	2.069451e+01	3.140663e-03	43417767.000000	0.000000e+00
5.244925e+00	2.068554e+01	3.138360e-03	43443829.000000	0.000000e+00
5.246920e+00	2.066374e+01	3.134189e-03	43467813.000000	0.000000e+00
5.248914e+00	2.065084e+01	3.131087e-03	43499605.000000	0.000000e+00
5.250909e+00	2.063002e+01	3.125490e-03	43567555.000000	0.000000e+00
5.252904e+00	2.062035e+01	3.123891e-03	43571277.000000	0.000000e+00
5.254898e+00	2.060017e+01	3.120018e-03	43594069.000000	0.000000e+00
5.256893e+00	2.058721e+01	3.115963e-03	43652643.000000	0.000000e+00
5.258888e+00	2.057540e+01	3.113234e-03	43679029.000000	0.000000e+00
5.260883e+00	2.055473e+01	3.109102e-03	43707253.000000	0.000000e+00
5.262877e+00	2.053819e+01	3.105690e-03	43732893.000000	0.000000e+00
5.264872e+00	2.052607e+01	3.102231e-03	43778767.000000	0.000000e+00
5.266866e+00	2.050484e+01	3.098262e-03	43800261.000000	0.000000e+00
5.268861e+00	2.048897e+01	3.094185e-03	43847785.000000	0.000000e+00
5.270856e+00	2.047668e+01	3.091632e-03	43867575.000000	0.000000e+00
5.272850e+00	2.046264e+01	3.088496e-03	43896445.000000	0.000000e+00
5.274845e+00	2.044979e+01	3.084535e-03	43953985.000000	0.000000e+00
5.276840e+00	2.043436e+01	3.081765e-03	43966623.000000	0.000000e+00
5.278834e+00	2.041851e+01	3.077855e-03	44010025.000000	0.000000e+00
5.280829e+00	2.040045e+01	3.073559e-03	44055093.000000	0.000000e+00
5.282824e+00	2.038580e+01	3.071429e-03	44052913.000000	0.000000e+00
5.284818e+00	2.037401e+01	3.068104e-03	44097411.000000	0.000000e+00
5.286813e+00	2.035553e+01	3.063179e-03	44159077.000000	0.000000e+00
5.288808e+00	2.034035e+01	3.060479e-03	44171089.000000	0.000000e+00
5.290802e+00	2.032716e+01	3.057464e-03	44200851.000000	0.000000e+00
5.292797e+00	2.030528e+01	3.052907e-03	44237533.000000	0.000000e+00
5.294791e+00	2.029572e+01	3.050480e-03	44266233.000000	0.000000e+00
5.296786e+00	2.027790e+01	3.046175e-03	44313505.000000	0.000000e+00
5.298781e+00	2.026593e+01	3.043811e-03	44330011.000000	0.000000e+00
5.300775e+00	2.025216e+01	3.040059e-03	44379129.000000	0.000000e+00
5.302770e+00	2.023458e+01	3.036244e-03	44413489.000000	0.000000e+00
5.304765e+00	2.021915e+01	3.032883e-03	44444151.000000	0.000000e+00
5.306759e+00	2.020287e+01	3.029952e-03	44458501.000000	0.000000e+00
5.308754e+00	2.018721e+01	3.025877e-03	44509245.000000	0.000000e+00
5.310749e+00	2.017845e+01	3.023417e-03	44543005.000000	0.000000e+00
5.312743e+00	2.015834e+01	3.019378e-03	44573275.000000	0.000000e+00
5.314738e+00	2.014632e+01	3.016412e-03	44607705.000000	0.000000e+00
5.316733e+00	2.012362e+01	3.011819e-03	44643133.000000	0.000000e+00
5.318727e+00	2.011149e+01	3.009733e-03	44651139.000000	0.000000e+00
5.320721e+00	2.009873e+01	3.005603e-03	44717125.000000	0.000000e+00
5.322716e+00	2.008907e+01	3.003466e-03	44737773.000000	0.000000e+00
5.324711e+00	2.007605e+01	2.999980e-03	44783683.000000	0.000000e+00
5.326706e+00	2.005653e+01	2.995989e-03	44815777.000000	0.000000e+00
5.328700e+00	2.003417e+01	2.992593e-03	44817477.000000	0.000000e+00
5.330694e+00	2.002376e+01	2.989012e-03	44878261.000000	0.000000e+00
5.332690e+00	2.000947e+01	2.985139e-03	44930559.000000	0.000000e+00
5.334684e+00	1.998972e+01	2.982906e-03	44909089.000000	0.000000e+00
5.336679e+00	1.997958e+01	2.978001e-03	45011469.000000	0.000000e+00
5.338674e+00	1.995520e+01	2.975218e-03	44985727.000000	0.000000e+00
5.340668e+00	1.994874e+01	2.972258e-03	45046165.000000	0.000000e+00
5.342663e+00	1.993890e+01	2.969436e-03	45087309.000000	0.000000e+00
5.344658e+00	1.991819e+01	2.965204e-03	45122245.000000	0.000000e+00
5.346652e+00	1.990580e+01	2.963105e-03	45129975.000000	0.000000e+00
5.348647e+00	1.989014e+01	2.958813e-03	45189829.000000	0.000000e+00
5.350642e+00	1.987699e+01	2.956460e-03	45201949.000000	0.000000e+00
5.352637e+00	1.986091e+01	2.951687e-03	45274911.000000	0.000000e+00
5.354631e+00	1.984553e+01	2.950585e-03	45238585.000000	0.000000e+00
5.356626e+00	1.983570e+01	2.945679e-03	45344481.000000	0.000000e+00
5.358620e+00	1.981503e+01	2.943418e-03	45319543.000000	0.000000e+00
5.360615e+00	1.980623e+01	2.939528e-03	45399225.000000	0.000000e+00
5.362610e+00	1.978677e+01	2.936666e-03	45398425.000000	0.000000e+00
5.364604e+00	1.976829e+01	2.932380e-03	45446185.000000	0.000000e+00
5.366599e+00	1.975268e+01	2.928734e-03	45487515.000000	0.000000e+00
5.368593e+00	1.974130e+01	2.926115e-03	45516469.000000	0.000000e+00
5.370588e+00	1.972263e+01	2.922192e-03	45552501.000000	0.000000e+00
5.372583e+00	1.971714e+01	2.920854e-03	45568855.000000	0.000000e+00
5.374577e+00	1.969622e+01	2.915674e-03	45633921.000000	0.000000e+00
5.376573e+00	1.968005e+01	2.912308e-03	45664417.000000	0.000000e+00
5.378567e+00	1.966992e+01	2.910895e-03	45661717.000000	0.000000e+00
5.380561e+00	1.965600e+01	2.906854e-03	45723963.000000	0.000000e+00
5.382556e+00	1.964178e+01	2.903801e-03	45753889.000000	0.000000e+00
5.384550e+00	1.962416e+01	2.900621e-03	45772017.000000	0.000000e+00
5.386545e+00	1.960932e+01	2.896110e-03	45845311.000000	0.000000e+00
5.388540e+00	1.959716e+01	2.894113e-03	45851661.000000	0.000000e+00
5.390535e+00	1.958391e+01	2.891298e-03	45878905.000000	0.000000e+00
5.392529e+00	1.956848e+01	2.888214e-03	45904537.000000	0.000000e+00
5.394524e+00	1.955293e+01	2.883498e-03	45981603.000000	0.000000e+00
5.396519e+00	1.953841e+01	2.881628e-03	45972985.000000	0.000000e+00
5.398513e+00	1.952124e+01	2.877554e-03	46022253.000000	0.000000e+00
5.400507e+00	1.951233e+01	2.874979e-03	46062667.000000	0.000000e+00
5.402502e+00	1.949684e+01	2.871991e-03	46085257.000000	0.000000e+00
5.404497e+00	1.948279e+01	2.868325e-03	46136613.000000	0.000000e+00
5.406492e+00	1.947016e+01	2.865882e-03	46155415.000000	0.000000e+00
5.408486e+00	1.945489e+01	2.861989e-03	46208481.000000	0.000000e+00
5.410481e+00	1.943431e+01	2.858136e-03	46235173.000000	0.000000e+00
5.412476e+00	1.942013e+01	2.855696e-03	46246665.000000	0.000000e+00
5.414470e+00	1.940668e+01	2.851926e-03	46304803.000000	0.000000e+00
5.416465e+00	1.939768e+01	2.850391e-03	46311685.000000	0.000000e+00
5.418459e+00	1.938587e+01	2.847332e-03	46354797.000000	0.000000e+00
5.420453e+00	1.936576e+01	2.842618e-03	46412203.000000	0.000000e+00
5.422449e+00	1.935420e+01	2.840191e-03	46436061.000000	0.000000e+00
5.424443e+00	1.933579e+01	2.836169e-03	46479313.000000	0.000000e+00
5.426438e+00	1.932631e+01	2.834231e-03	46497285.000000	0.000000e+00
5.428433e+00	1.930629e+01	2.829904e-03	46542967.000000	0.000000e+00
5.430428e+00	1.929814e+01	2.828080e-03	46563697.000000	0.000000e+00
5.432422e+00	1.928870e+01	2.825575e-03	46600665.000000	0.000000e+00
5.434417e+00	1.926657e+01	2.821202e-03	46638043.000000	0.000000e+00
5.436411e+00	1.925804e+01	2.818715e-03	46679013.000000	0.000000e+00
5.438406e+00	1.923799e+01	2.814907e-03	46707997.000000	0.000000e+00
5.440401e+00	1.922679e+01	2.812354e-03	46738399.000000	0.000000e+00
5.442395e+00	1.921488e+01	2.809631e-03	46770981.000000	0.000000e+00
5.444390e+00	1.919730e+01	2.806073e-03	46803937.000000	0.000000e+00
5.446384e+00	1.918297e+01	2.802627e-03	46849089.000000	0.000000e+00
5.448379e+00	1.916638e+01	2.799514e-03	46872127.000000	0.000000e+00
5.450374e+00	1.915369e+01	2.796267e-03	46918881.000000	0.000000e+00
5.452369e+00	1.914107e+01	2.793435e-03	46952113.000000	0.000000e+00
5.454364e+00	1.912540e+01	2.789908e-03	46993843.000000	0.000000e+00
5.456358e+00	1.911891e+01	2.788412e-03	47012385.000000	0.000000e+00
5.458353e+00	1.909861e+01	2.784541e-03	47043133.000000	0.000000e+00
5.460347e+00	1.908512e+01	2.781348e-03	47084613.000000	0.000000e+00
5.462342e+00	1.907439e+01	2.778457e-03	47129623.000000	0.000000e+00
5.464337e+00	1.905821e+01	2.775575e-03	47147445.000000	0.000000e+00
5.466331e+00	1.904683e+01	2.773421e-03	47164333.000000	0.000000e+00
5.468326e+00	1.902973e+01	2.768732e-03	47239303.000000	0.000000e+00
5.470320e+00	1.901377e+01	2.766335e-03	47241849.000000	0.000000e+00
5.472315e+00	1.900396e+01	2.763463e-03	47291257.000000	0.000000e+00
5.474309e+00	1.898632e+01	2.759792e-03	47329179.000000	0.000000e+00
5.476304e+00	1.896815e+01	2.756187e-03	47362273.000000	0.000000e+00
5.478299e+00	1.896341e+01	2.754541e-03	47395197.000000	0.000000e+00
5.480293e+00	1.894142e+01	2.750344e-03	47429773.000000	0.000000e+00
5.482288e+00	1.893486e+01	2.748007e-03	47477575.000000	0.000000e+00
5.484283e+00	1.892005e+01	2.745907e-03	47475861.000000	0.000000e+00
5.486278e+00	1.890661e+01	2.741288e-03	47568325.000000	0.000000e+00
5.488272e+00	1.889097e+01	2.739949e-03	47536107.000000	0.000000e+00
5.490267e+00	1.887732e+01	2.735755e-03	47613073.000000	0.000000e+00
5.492262e+00	1.886282e+01	2.733043e-03	47634337.000000	0.000000e+00
5.494256e+00	1.885302e+01	2.730634e-03	47668881.000000	0.000000e+00
5.496250e+00	1.883710e+01	2.727494e-03	47698063.000000	0.000000e+00
5.498245e+00	1.882777e+01	2.724534e-03	47754405.000000	0.000000e+00
5.500240e+00	1.881423e+01	2.722069e-03	47772133.000000	0.000000e+00
5.502235e+00	1.879659e+01	2.718349e-03	47813175.000000	0.000000e+00
5.504229e+00	1.878275e+01	2.715760e-03	47833909.000000	0.000000e+00
5.506224e+00	1.876859e+01	2.712279e-03	47884453.000000	0.000000e+00
5.508219e+00	1.875511e+01	2.709551e-03	47912025.000000	0.000000e+00
5.510213e+00	1.874180e+01	2.706369e-03	47956639.000000	0.000000e+00
5.512208e+00	1.872575e+01	2.703633e-03	47971437.000000	0.000000e+00
5.514203e+00	1.871842e+01	2.700789e-03	48034945.000000	0.000000e+00
5.516197e+00	1.870139e+01	2.698360e-03	48033951.000000	0.000000e+00
5.518191e+00	1.868351e+01	2.694629e-03	48074965.000000	0.000000e+00
5.520186e+00	1.867819e+01	2.692091e-03	48138205.000000	0.000000e+00
5.522181e+00	1.865735e+01	2.688696e-03	48152247.000000	0.000000e+00
5.524176e+00	1.864413e+01	2.685223e-03	48208489.000000	0.000000e+00
5.526171e+00	1.863755e+01	2.683999e-03	48218421.000000	0.000000e+00
5.528165e+00	1.862223e+01	2.680652e-03	48259465.000000	0.000000e+00
5.530160e+00	1.860816e+01	2.677599e-03	48296487.000000	0.000000e+00
5.532154e+00	1.859072e+01	2.674581e-03	48314869.000000	0.000000e+00
5.534149e+00	1.857943e+01	2.671300e-03	48374809.000000	0.000000e+00
5.536144e+00	1.856656e+01	2.668328e-03	48415503.000000	0.000000e+00
5.538139e+00	1.855374e+01	2.665820e-03	48439681.000000	0.000000e+00
5.540133e+00	1.854032e+01	2.662980e-03	48472881.000000	0.000000e+00
5.542128e+00	1.852824e+01	2.661125e-03	48477253.000000	0.000000e+00
5.544122e+00	1.851298e+01	2.656717e-03	48558127.000000	0.000000e+00
5.546117e+00	1.849698e+01	2.653929e-03	48576153.000000	0.000000e+00
5.548112e+00	1.848619e+01	2.651115e-03	48622573.000000	0.000000e+00
5.550106e+00	1.847203e+01	2.648943e-03	48627735.000000	0.000000e+00
5.552101e+00	1.846064e+01	2.645653e-03	48688669.000000	0.000000e+00
5.554096e+00	1.844789e+01	2.643119e-03	48714681.000000	0.000000e+00
5.556090e+00	1.843339e+01	2.640594e-03	48731227.000000	0.000000e+00
5.558085e+00	1.841681e+01	2.636368e-03	48799681.000000	0.000000e+00
5.560079e+00	1.840422e+01	2.634099e-03	48816933.000000	0.000000e+00
5.562074e+00	1.839683e+01	2.631908e-03	48858985.000000	0.000000e+00
5.564069e+00	1.837970e+01	2.628199e-03	48905787.000000	0.000000e+00
5.566064e+00	1.836741e+01	2.626399e-03	48907381.000000	0.000000e+00
5.568058e+00	1.835589e+01	2.623310e-03	48961185.000000	0.000000e+00
5.570053e+00	1.834235e+01	2.620325e-03	49000399.000000	0.000000e+00
5.572047e+00	1.833344e+01	2.618308e-03	49028245.000000	0.000000e+00
5.574042e+00	1.831139e+01	2.613647e-03	49085025.000000	0.000000e+00
5.576037e+00	1.830153e+01	2.612347e-03	49080961.000000	0.000000e+00
5.578032e+00	1.828295e+01	2.607828e-03	49151235.000000	0.000000e+00
5.580026e+00	1.828020e+01	2.607520e-03	49148089.000000	0.000000e+00
5.582021e+00	1.825477e+01	2.601974e-03	49220613.000000	0.000000e+00
5.584015e+00	1.824863e+01	2.600787e-03	49232395.000000	0.000000e+00
5.586010e+00	1.823643e+01	2.597494e-03	49291297.000000	0.000000e+00
5.588005e+00	1.822203e+01	2.594792e-03	49316073.000000	0.000000e+00
5.589999e+00	1.821101e+01	2.593302e-03	49313053.000000	0.000000e+00
5.591994e+00	1.819419e+01	2.588520e-03	49404051.000000	0.000000e+00
5.593989e+00	1.818193e+01	2.586596e-03	49410913.000000	0.000000e+00
5.595983e+00	1.816895e+01	2.583807e-03	49446973.000000	0.000000e+00
5.597978e+00	1.815661e+01	2.580422e-03	49509435.000000	0.000000e+00
5.599973e+00	1.813994e+01	2.578136e-03	49506277.000000	0.000000e+00
5.601967e+00	1.813178e+01	2.575229e-03	49573425.000000	0.000000e+00
5.603962e+00	1.811735e+01	2.573090e-03	49576891.000000	0.000000e+00
5.605956e+00	1.810292e+01	2.569479e-03	49637181.000000	0.000000e+00
5.607951e+00	1.809761e+01	2.567841e-03	49671385.000000	0.000000e+00
5.609946e+00	1.808175e+01	2.565109e-03	49690021.000000	0.000000e+00
5.611940e+00	1.806814e+01	2.561922e-03	49738779.000000	0.000000e+00
5.613935e+00	1.805735e+01	2.559819e-03	49761049.000000	0.000000e+00
5.615930e+00	1.804193e+01	2.555618e-03	49839525.000000	0.000000e+00
5.617924e+00	1.803160e+01	2.555240e-03	49797223.000000	0.000000e+00
5.619919e+00	1.801365e+01	2.550045e-03	49900821.000000	0.000000e+00
5.621913e+00	1.800006e+01	2.548521e-03	49885177.000000	0.000000e+00
5.623908e+00	1.799205e+01	2.545179e-03	49971733.000000	0.000000e+00
5.625902e+00	1.797893e+01	2.543667e-03	49958247.000000	0.000000e+00
5.627897e+00	1.796514e+01	2.539644e-03	50039809.000000	0.000000e+00
5.629892e+00	1.795278e+01	2.537256e-03	50065065.000000	0.000000e+00
5.631887e+00	1.794194e+01	2.534970e-03	50094859.000000	0.000000e+00
5.633882e+00	1.792735e+01	2.532787e-03	50099677.000000	0.000000e+00
5.635876e+00	1.791109e+01	2.528663e-03	50172117.000000	0.000000e+00
5.637871e+00	1.789671e+01	2.526203e-03	50189167.000000	0.000000e+00
5.639866e+00	1.789096e+01	2.524019e-03	50243745.000000	0.000000e+00
5.641860e+00	1.787418e+01	2.521927e-03	50232829.000000	0.000000e+00
5.643854e+00	1.786333e+01	2.518029e-03	50327265.000000	0.000000e+00
5.645849e+00	1.785199e+01	2.516141e-03	50338831.000000	0.000000e+00
5.647844e+00	1.783751e+01	2.512893e-03	50387245.000000	0.000000e+00
5.649839e+00	1.782105e+01	2.510230e-03	50401053.000000	0.000000e+00
5.651833e+00	1.781719e+01	2.508700e-03	50440723.000000	0.000000e+00
5.653828e+00	1.779606e+01	2.504669e-03	50483217.000000	0.000000e+00
5.655823e+00	1.778877e+01	2.502708e-03	50520937.000000	0.000000e+00
5.657817e+00	1.776855e+01	2.499418e-03	50538981.000000	0.000000e+00
5.659812e+00	1.776111e+01	2.496548e-03	50612815.000000	0.000000e+00
5.661807e+00	1.774768e+01	2.495312e-03	50586361.000000	0.000000e+00
5.663801e+00	1.773840e+01	2.491892e-03	50672277.000000	0.000000e+00
5.665796e+00	1.771957e+01	2.488509e-03	50702347.000000	0.000000e+00
5.667791e+00	1.771383e+01	2.487190e-03	50723253.000000	0.000000e+00
5.669785e+00	1.769914e+01	2.484070e-03	50766409.000000	0.000000e+00
5.671779e+00	1.768927e+01	2.482348e-03	50780223.000000	0.000000e+00
5.673774e+00	1.767771e+01	2.478693e-03	50863525.000000	0.000000e+00
5.675769e+00	1.766402e+01	2.476559e-03	50872333.000000	0.000000e+00
5.677764e+00	1.764482e+01	2.472987e-03	50908545.000000	0.000000e+00
5.679758e+00	1.763429e+01	2.470860e-03	50935411.000000	0.000000e+00
5.681753e+00	1.762304e+01	2.467980e-03	50989221.000000	0.000000e+00
5.683748e+00	1.760830e+01	2.465094e-03	51023185.000000	0.000000e+00
5.685742e+00	1.759488e+01	2.463435e-03	51014107.000000	0.000000e+00
5.687736e+00	1.758855e+01	2.460326e-03	51106365.000000	0.000000e+00
5.689731e+00	1.757911e+01	2.458465e-03	51128809.000000	0.000000e+00
5.691726e+00	1.756487e+01	2.455389e-03	51173949.000000	0.000000e+00
5.693721e+00	1.754970e+01	2.453081e-03	51181795.000000	0.000000e+00
5.695715e+00	1.753902e+01	2.450466e-03	51228705.000000	0.000000e+00
5.697710e+00	1.752347e+01	2.447407e-03	51265813.000000	0.000000e+00
5.699705e+00	1.751188e+01	2.444764e-03	51308791.000000	0.000000e+00
5.701699e+00	1.750212e+01	2.442713e-03	51337677.000000	0.000000e+00
5.703694e+00	1.749055e+01	2.440145e-03	51377845.000000	0.000000e+00
5.705689e+00	1.747865e+01	2.437842e-03	51404925.000000	0.000000e+00
5.707683e+00	1.746211e+01	2.434268e-03	51458431.000000	0.000000e+00
5.709678e+00	1.745417e+01	2.432852e-03	51471513.000000	0.000000e+00
5.711672e+00	1.744012e+01	2.429873e-03	51514765.000000	0.000000e+00
5.713667e+00	1.742496e+01	2.426691e-03	51560215.000000	0.000000e+00
5.715662e+00	1.741524e+01	2.424577e-03	51592545.000000	0.000000e+00
5.717656e+00	1.740235e+01	2.422338e-03	51611449.000000	0.000000e+00
5.719650e+00	1.738918e+01	2.419609e-03	51649683.000000	0.000000e+00
5.721645e+00	1.737620e+01	2.416499e-03	51705457.000000	0.000000e+00
5.723640e+00	1.736642e+01	2.413799e-03	51762897.000000	0.000000e+00
5.725635e+00	1.735649e+01	2.412385e-03	51764317.000000	0.000000e+00
5.727630e+00	1.734244e+01	2.409688e-03	51796267.000000	0.000000e+00
5.729624e+00	1.732891e+01	2.406861e-03	51837093.000000	0.000000e+00
5.731619e+00	1.731612e+01	2.403194e-03	51918661.000000	0.000000e+00
5.733614e+00	1.730769e+01	2.402638e-03	51892107.000000	0.000000e+00
5.735609e+00	1.729208e+01	2.398571e-03	51974341.000000	0.000000e+00
5.737603e+00	1.727993e+01	2.397328e-03	51955177.000000	0.000000e+00
5.739598e+00	1.727239e+01	2.394494e-03	52032813.000000	0.000000e+00
5.741592e+00	1.725803e+01	2.391794e-03	52063675.000000	0.000000e+00
5.743587e+00	1.724096e+01	2.388585e-03	52100445.000000	0.000000e+00
5.745582e+00	1.723028e+01	2.386812e-03	52113229.000000	0.000000e+00
5.747576e+00	1.721886e+01	2.383378e-03	52194291.000000	0.000000e+00
5.749572e+00	1.721068e+01	2.381998e-03	52205161.000000	0.000000e+00
5.751566e+00	1.719687e+01	2.379331e-03	52238329.000000	0.000000e+00
5.753560e+00	1.718251e+01	2.376912e-03	52257327.000000	0.000000e+00
5.755555e+00	1.717416e+01	2.373730e-03	52346593.000000	0.000000e+00
5.757550e+00	1.716370e+01	2.372908e-03	52319097.000000	0.000000e+00
5.759544e+00	1.714731e+01	2.369306e-03	52378093.000000	0.000000e+00
5.761539e+00	1.713821e+01	2.366615e-03	52441551.000000	0.000000e+00
5.763533e+00	1.712859e+01	2.365422e-03	52435597.000000	0.000000e+00
5.765528e+00	1.711407e+01	2.361698e-03	52511905.000000	0.000000e+00
5.767522e+00	1.710532e+01	2.360526e-03	52510323.000000	0.000000e+00
5.769517e+00	1.709119e+01	2.356650e-03	52596217.000000	0.000000e+00
5.771512e+00	1.707307e+01	2.354230e-03	52592685.000000	0.000000e+00
5.773507e+00	1.706917e+01	2.352306e-03	52654693.000000	0.000000e+00
5.775502e+00	1.705388e+01	2.349773e-03	52673763.000000	0.000000e+00
5.777496e+00	1.704464e+01	2.347634e-03	52712689.000000	0.000000e+00
5.779491e+00	1.703070e+01	2.344874e-03	52750417.000000	0.000000e+00
5.781486e+00	1.701757e+01	2.342406e-03	52780143.000000	0.000000e+00
5.783480e+00	1.700444e+01	2.339531e-03	52828309.000000	0.000000e+00
5.785475e+00	1.699737e+01	2.338142e-03	52847157.000000	0.000000e+00
5.787469e+00	1.698141e+01	2.335141e-03	52883653.000000	0.000000e+00
5.789464e+00	1.696875e+01	2.332242e-03	52936159.000000	0.000000e+00
5.791459e+00	1.695958e+01	2.329953e-03	52982889.000000	0.000000e+00
5.793454e+00	1.694482e+01	2.327117e-03	53019709.000000	0.000000e+00
5.795448e+00	1.693655e+01	2.326121e-03	53013339.000000	0.000000e+00
5.797442e+00	1.692498e+01	2.323150e-03	53076457.000000	0.000000e+00
5.799437e+00	1.691078e+01	2.320209e-03	53121849.000000	0.000000e+00
5.801432e+00	1.689746e+01	2.317640e-03	53155843.000000	0.000000e+00
5.803426e+00	1.688961e+01	2.316182e-03	53173357.000000	0.000000e+00
5.805421e+00	1.687528e+01	2.312783e-03	53239257.000000	0.000000e+00
5.807416e+00	1.686375e+01	2.310906e-03	53252929.000000	0.000000e+00
5.809410e+00	1.685323e+01	2.308712e-03	53287707.000000	0.000000e+00
5.811405e+00	1.684106e+01	2.305915e-03	53339893.000000	0.000000e+00
5.813400e+00	1.682943e+01	2.303675e-03	53369877.000000	0.000000e+00
5.815394e+00	1.681950e+01	2.301393e-03	53412715.000000	0.000000e+00
5.817389e+00	1.680648e+01	2.298995e-03	53441317.000000	0.000000e+00
5.819384e+00	1.679463e+01	2.296565e-03	53479029.000000	0.000000e+00
5.821378e+00	1.678095e+01	2.293874e-03	53517289.000000	0.000000e+00
5.823373e+00	1.677047e+01	2.291679e-03	53552919.000000	0.000000e+00
5.825368e+00	1.675927e+01	2.289284e-03	53593297.000000	0.000000e+00
5.827363e+00	1.674637e+01	2.286510e-03	53640805.000000	0.000000e+00
5.829357e+00	1.673661e+01	2.284995e-03	53649351.000000	0.000000e+00
5.831352e+00	1.672660e+01	2.282652e-03	53695213.000000	0.000000e+00
5.833346e+00	1.671439e+01	2.279924e-03	53745261.000000	0.000000e+00
5.835341e+00	1.670038e+01	2.277554e-03	53766919.000000	0.000000e+00
5.837335e+00	1.669015e+01	2.275400e-03	53802849.000000	0.000000e+00
5.839330e+00	1.667977e+01	2.273094e-03	53845009.000000	0.000000e+00
5.841325e+00	1.666589e+01	2.270083e-03	53898097.000000	0.000000e+00
5.843320e+00	1.665478e+01	2.268079e-03	53921475.000000	0.000000e+00
5.845314e+00	1.664734e+01	2.266087e-03	53968057.000000	0.000000e+00
5.847309e+00	1.663951e+01	2.264665e-03	53984961.000000	0.000000e+00
5.849304e+00	1.662043e+01	2.260935e-03	54039139.000000	0.000000e+00
5.851298e+00	1.661384e+01	2.259476e-03	54066057.000000	0.000000e+00
5.853293e+00	1.659903e+01	2.257083e-03	54084181.000000	0.000000e+00
5.855287e+00	1.659059e+01	2.254784e-03	54139429.000000	0.000000e+00
5.857282e+00	1.657867e+01	2.252101e-03	54190527.000000	0.000000e+00
5.859277e+00	1.656714e+01	2.249690e-03	54231277.000000	0.000000e+00
5.861272e+00	1.655152e+01	2.247401e-03	54239397.000000	0.000000e+00
5.863266e+00	1.654026e+01	2.245113e-03	54276031.000000	0.000000e+00
5.865261e+00	1.653493e+01	2.242712e-03	54357309.000000	0.000000e+00
5.867256e+00	1.651926e+01	2.240531e-03	54359977.000000	0.000000e+00
5.869250e+00	1.650907e+01	2.238681e-03	54382705.000000	0.000000e+00
5.871244e+00	1.650022e+01	2.236361e-03	54437199.000000	0.000000e+00
5.873239e+00	1.648763e+01	2.233539e-03	54491569.000000	0.000000e+00
5.875234e+00	1.647452e+01	2.231662e-03	54496509.000000	0.000000e+00
5.877228e+00	1.646546e+01	2.229251e-03	54554431.000000	0.000000e+00
5.879223e+00	1.645238e+01	2.226806e-03	54587413.000000	0.000000e+00
5.881218e+00	1.644221e+01	2.225139e-03	54601737.000000	0.000000e+00
5.883212e+00	1.643123e+01	2.222106e-03	54677767.000000	0.000000e+00
5.885207e+00	1.641819e+01	2.219791e-03	54704889.000000	0.000000e+00
5.887202e+00	1.640576e+01	2.218057e-03	54707533.000000	0.000000e+00
5.889196e+00	1.639842e+01	2.215271e-03	54796137.000000	0.000000e+00
5.891191e+00	1.638508e+01	2.213195e-03	54809755.000000	0.000000e+00
5.893186e+00	1.637336e+01	2.211155e-03	54832405.000000	0.000000e+00
5.895180e+00	1.636138e+01	2.208569e-03	54880485.000000	0.000000e+00
5.897174e+00	1.634893e+01	2.206920e-03	54878887.000000	0.000000e+00
5.899169e+00	1.633767e+01	2.202901e-03	55003473.000000	0.000000e+00
5.901164e+00	1.632959e+01	2.202338e-03	54977197.000000	0.000000e+00
5.903159e+00	1.631987e+01	2.199630e-03	55047069.000000	0.000000e+00
5.905153e+00	1.630200e+01	2.197194e-03	55048447.000000	0.000000e+00
5.907148e+00	1.629465e+01	2.194492e-03	55134313.000000	0.000000e+00
5.909143e+00	1.628342e+01	2.193347e-03	55115877.000000	0.000000e+00
5.911137e+00	1.627373e+01	2.190462e-03	55195399.000000	0.000000e+00
5.913132e+00	1.625990e+01	2.188125e-03	55219389.000000	0.000000e+00
5.915127e+00	1.624660e+01	2.185309e-03	55271257.000000	0.000000e+00
5.917122e+00	1.624031e+01	2.184509e-03	55268931.000000	0.000000e+00
5.919116e+00	1.622917e+01	2.181397e-03	55350709.000000	0.000000e+00
5.921111e+00	1.621767e+01	2.179898e-03	55348309.000000	0.000000e+00
5.923105e+00	1.621003e+01	2.177962e-03	55394565.000000	0.000000e+00
5.925100e+00	1.619581e+01	2.175062e-03	55444927.000000	0.000000e+00
5.927095e+00	1.618896e+01	2.173420e-03	55481781.000000	0.000000e+00
5.929089e+00	1.617558e+01	2.170858e-03	55520989.000000	0.000000e+00
5.931084e+00	1.616157e+01	2.168524e-03	55544227.000000	0.000000e+00
5.933079e+00	1.615087e+01	2.166135e-03	55593045.000000	0.000000e+00
5.935073e+00	1.614050e+01	2.163915e-03	55635697.000000	0.000000e+00
5.937068e+00	1.612935e+01	2.162154e-03	55649385.000000	0.000000e+00
5.939063e+00	1.611820e+01	2.159174e-03	55725979.000000	0.000000e+00
5.941057e+00	1.610348e+01	2.157306e-03	55720617.000000	0.000000e+00
5.943052e+00	1.609973e+01	2.155569e-03	55784461.000000	0.000000e+00
5.945047e+00	1.608959e+01	2.153529e-03	55819807.000000	0.000000e+00
5.947041e+00	1.607597e+01	2.151819e-03	55813977.000000	0.000000e+00
5.949035e+00	1.606478e+01	2.148124e-03	55928209.000000	0.000000e+00
5.951031e+00	1.605148e+01	2.146399e-03	55925451.000000	0.000000e+00
5.953025e+00	1.604562e+01	2.144888e-03	55963333.000000	0.000000e+00
5.955020e+00	1.603562e+01	2.142941e-03	55995261.000000	0.000000e+00
5.957014e+00	1.602329e+01	2.140306e-03	56046925.000000	0.000000e+00
5.959009e+00	1.600930e+01	2.138229e-03	56057803.000000	0.000000e+00
5.961003e+00	1.599837e+01	2.135404e-03	56129493.000000	0.000000e+00
5.962998e+00	1.599041e+01	2.133837e-03	56156089.000000	0.000000e+00
5.964993e+00	1.597447e+01	2.131015e-03	56192691.000000	0.000000e+00
5.966987e+00	1.596784e+01	2.130006e-03	56199253.000000	0.000000e+00
5.968982e+00	1.596068e+01	2.127268e-03	56293485.000000	0.000000e+00
5.970977e+00	1.594760e+01	2.125853e-03	56276101.000000	0.000000e+00
5.972971e+00	1.593669e+01	2.122872e-03	56357095.000000	0.000000e+00
5.974966e+00	1.592428e+01	2.121070e-03	56365053.000000	0.000000e+00
5.976961e+00	1.591625e+01	2.118631e-03	56437909.000000	0.000000e+00
5.978956e+00	1.590142e+01	2.116507e-03	56445879.000000	0.000000e+00
5.980950e+00	1.589050e+01	2.114266e-03	56487961.000000	0.000000e+00
5.982945e+00	1.588271e+01	2.112524e-03	56525689.000000	0.000000e+00
5.984939e+00	1.587242e+01	2.110215e-03	56576109.000000	0.000000e+00
5.986934e+00	1.586021e+01	2.108097e-03	56602627.000000	0.000000e+00
5.988929e+00	1.584968e+01	2.105907e-03	56645121.000000	0.000000e+00
5.990923e+00	1.583822e+01	2.104293e-03	56650021.000000	0.000000e+00
5.992918e+00	1.583207e+01	2.101755e-03	56742855.000000	0.000000e+00
5.994913e+00	1.581779e+01	2.099908e-03	56740249.000000	0.000000e+00
5.996907e+00	1.580644e+01	2.097192e-03	56805649.000000	0.000000e+00
5.998902e+00	1.579616e+01	2.095415e-03	56828103.000000	0.000000e+00
6.000897e+00	1.578594e+01	2.093164e-03	56876689.000000	0.000000e+00
6.002891e+00	1.577468e+01	2.091452e-03	56888601.000000	0.000000e+00
6.004886e+00	1.576801e+01	2.089391e-03	56952649.000000	0.000000e+00
6.006880e+00	1.575283e+01	2.087307e-03	56956683.000000	0.000000e+00
6.008875e+00	1.574356e+01	2.084474e-03	57044377.000000	0.000000e+00
6.010870e+00	1.573663e+01	2.083223e-03	57062617.000000	0.000000e+00
6.012865e+00	1.572326e+01	2.080809e-03	57097995.000000	0.000000e+00
6.014859e+00	1.571261e+01	2.078857e-03	57127789.000000	0.000000e+00
6.016854e+00	1.569750e+01	2.075852e-03	57183153.000000	0.000000e+00
6.018849e+00	1.568538e+01	2.073756e-03	57210385.000000	0.000000e+00
6.020843e+00	1.568055e+01	2.072559e-03	57241207.000000	0.000000e+00
6.022838e+00	1.567124e+01	2.070501e-03	57286977.000000	0.000000e+00
6.024833e+00	1.565910e+01	2.068232e-03	57323797.000000	0.000000e+00
6.026827e+00	1.565156e+01	2.066580e-03	57360219.000000	0.000000e+00
6.028822e+00	1.563804e+01	2.064210e-03	57392701.000000	0.000000e+00
6.030816e+00	1.562398e+01	2.061587e-03	57435489.000000	0.000000e+00
6.032811e+00	1.561351e+01	2.059337e-03	57483931.000000	0.000000e+00
6.034806e+00	1.560561e+01	2.058089e-03	57495409.000000	0.000000e+00
6.036800e+00	1.559924e+01	2.055971e-03	57566901.000000	0.000000e+00
6.038795e+00	1.558256e+01	2.054017e-03	57553237.000000	0.000000e+00
6.040789e+00	1.557388e+01	2.051399e-03	57635931.000000	0.000000e+00
6.042784e+00	1.556505e+01	2.049589e-03	57672337.000000	0.000000e+00
6.044779e+00	1.555336e+01	2.047242e-03	57717885.000000	0.000000e+00
6.046774e+00	1.554147e+01	2.045237e-03	57742699.000000	0.000000e+00
6.048769e+00	1.553433e+01	2.043418e-03	57792385.000000	0.000000e+00
6.050763e+00	1.552486e+01	2.042030e-03	57800433.000000	0.000000e+00
6.052758e+00	1.551534e+01	2.039809e-03	57855409.000000	0.000000e+00
6.054752e+00	1.550445e+01	2.037792e-03	57888627.000000	0.000000e+00
6.056746e+00	1.549392e+01	2.035890e-03	57918049.000000	0.000000e+00
6.058741e+00	1.548295e+01	2.033498e-03	57972225.000000	0.000000e+00
6.060736e+00	1.547701e+01	2.032024e-03	58011823.000000	0.000000e+00
6.062730e+00	1.546284e+01	2.029592e-03	58044529.000000	0.000000e+00
6.064725e+00	1.544797e+01	2.026543e-03	58107381.000000	0.000000e+00
6.066720e+00	1.544237e+01	2.026085e-03	58091533.000000	0.000000e+00
6.068714e+00	1.543109e+01	2.023087e-03	58178703.000000	0.000000e+00
6.070709e+00	1.542032e+01	2.021352e-03	58197337.000000	0.000000e+00
6.072704e+00	1.540922e+01	2.018784e-03	58261489.000000	0.000000e+00
6.074699e+00	1.539744e+01	2.017212e-03	58263195.000000	0.000000e+00
6.076694e+00	1.538973e+01	2.015334e-03	58313305.000000	0.000000e+00
6.078688e+00	1.537777e+01	2.013351e-03	58337457.000000	0.000000e+00
6.080682e+00	1.536957e+01	2.011415e-03	58387519.000000	0.000000e+00
6.082677e+00	1.536066e+01	2.009351e-03	58439685.000000	0.000000e+00
6.084672e+00	1.535259e+01	2.008086e-03	58451917.000000	0.000000e+00
6.086666e+00	1.534083e+01	2.005508e-03	58512493.000000	0.000000e+00
6.088661e+00	1.532650e+01	2.002976e-03	58551027.000000	0.000000e+00
6.090656e+00	1.531953e+01	2.001633e-03	58576357.000000	0.000000e+00
6.092650e+00	1.530968e+01	1.999557e-03	58622529.000000	0.000000e+00
6.094645e+00	1.529910e+01	1.997529e-03	58660471.000000	0.000000e+00
6.096640e+00	1.528788e+01	1.995492e-03	58694049.000000	0.000000e+00
6.098635e+00	1.527976e+01	1.993290e-03	58761433.000000	0.000000e+00
6.100629e+00	1.526881e+01	1.992290e-03	58736125.000000	0.000000e+00
6.102623e+00	1.525604e+01	1.988868e-03	58839903.000000	0.000000e+00
6.104618e+00	1.524372e+01	1.987533e-03	58823773.000000	0.000000e+00
6.106613e+00	1.523626e+01	1.985098e-03	58910505.000000	0.000000e+00
6.108607e+00	1.522432e+01	1.983432e-03	58917091.000000	0.000000e+00
6.110602e+00	1.521660e+01	1.981257e-03	58986669.000000	0.000000e+00
6.112597e+00	1.520622e+01	1.979644e-03	59002261.000000	0.000000e+00
6.114592e+00	1.519518e+01	1.977728e-03	59030755.000000	0.000000e+00
6.116586e+00	1.518411e+01	1.975186e-03	59096613.000000	0.000000e+00
6.118581e+00	1.517866e+01	1.974235e-03	59111125.000000	0.000000e+00
6.120575e+00	1.516671e+01	1.971996e-03	59152161.000000	0.000000e+00
6.122570e+00	1.516030e+01	1.970299e-03	59204059.000000	0.000000e+00
6.124565e+00	1.514428e+01	1.967734e-03	59233093.000000	0.000000e+00
6.126559e+00	1.513762e+01	1.966387e-03	59262117.000000	0.000000e+00
6.128554e+00	1.512640e+01	1.963541e-03	59345971.000000	0.000000e+00
6.130549e+00	1.511622e+01	1.962419e-03	59333937.000000	0.000000e+00
6.132543e+00	1.510605e+01	1.959979e-03	59401741.000000	0.000000e+00
6.134538e+00	1.509510e+01	1.957903e-03	59441445.000000	0.000000e+00
6.136533e+00	1.508841e+01	1.956589e-03	59468587.000000	0.000000e+00
6.138528e+00	1.508495e+01	1.955670e-03	59497165.000000	0.000000e+00
6.140522e+00	1.506886e+01	1.952896e-03	59539161.000000	0.000000e+00
6.142517e+00	1.506122e+01	1.950994e-03	59594791.000000	0.000000e+00
6.144511e+00	1.504709e+01	1.949196e-03	59592873.000000	0.000000e+00
6.146506e+00	1.503497e+01	1.946298e-03	59674189.000000	0.000000e+00
6.148501e+00	1.502848e+01	1.944816e-03	59713575.000000	0.000000e+00
6.150495e+00	1.501620e+01	1.943056e-03	59724013.000000	0.000000e+00
6.152489e+00	1.501064e+01	1.941650e-03	59766325.000000	0.000000e+00
6.154484e+00	1.499765e+01	1.938923e-03	59830833.000000	0.000000e+00
6.156479e+00	1.498650e+01	1.936848e-03	59870023.000000	0.000000e+00
6.158474e+00	1.497926e+01	1.935924e-03	59869329.000000	0.000000e+00
6.160468e+00	1.497031e+01	1.933448e-03	59951005.000000	0.000000e+00
6.162463e+00	1.496316e+01	1.932258e-03	59967615.000000	0.000000e+00
6.164458e+00	1.494892e+01	1.929473e-03	60026425.000000	0.000000e+00
6.166452e+00	1.493730e+01	1.928121e-03	60017173.000000	0.000000e+00
6.168447e+00	1.493074e+01	1.926077e-03	60091845.000000	0.000000e+00
6.170441e+00	1.491990e+01	1.923997e-03	60134419.000000	0.000000e+00
6.172436e+00	1.491304e+01	1.923068e-03	60137157.000000	0.000000e+00
6.174430e+00	1.490170e+01	1.920132e-03	60229549.000000	0.000000e+00
6.176425e+00	1.489059e+01	1.918674e-03	60231235.000000	0.000000e+00
6.178420e+00	1.488451e+01	1.916810e-03	60299121.000000	0.000000e+00
6.180415e+00	1.487200e+01	1.914590e-03	60337417.000000	0.000000e+00
6.182410e+00	1.486069e+01	1.913007e-03	60345501.000000	0.000000e+00
6.184404e+00	1.485024e+01	1.910629e-03	60410767.000000	0.000000e+00
6.186399e+00	1.484122e+01	1.909103e-03	60433929.000000	0.000000e+00
6.188394e+00	1.482920e+01	1.906925e-03	60473965.000000	0.000000e+00
6.190388e+00	1.482435e+01	1.905657e-03	60514807.000000	0.000000e+00
6.192383e+00	1.481167e+01	1.903310e-03	60560409.000000	0.000000e+00
6.194378e+00	1.480432e+01	1.901704e-03	60602521.000000	0.000000e+00
6.196372e+00	1.479424e+01	1.899982e-03	60629775.000000	0.000000e+00
6.198366e+00	1.478589e+01	1.898792e-03	60637381.000000	0.000000e+00
6.200361e+00	1.477669e+01	1.895919e-03	60745557.000000	0.000000e+00
6.202356e+00	1.476476e+01	1.894193e-03	60758137.000000	0.000000e+00
6.204351e+00	1.475649e+01	1.892843e-03	60776671.000000	0.000000e+00
6.206345e+00	1.474886e+01	1.891134e-03	60823665.000000	0.000000e+00
6.208340e+00	1.473487e+01	1.888788e-03	60859237.000000	0.000000e+00
6.210335e+00	1.472737e+01	1.886676e-03	60933447.000000	0.000000e+00
6.212329e+00	1.471320e+01	1.884861e-03	60933397.000000	0.000000e+00
6.214324e+00	1.470858e+01	1.883554e-03	60979729.000000	0.000000e+00
6.216319e+00	1.469736e+01	1.881199e-03	61039269.000000	0.000000e+00
6.218314e+00	1.468926e+01	1.879595e-03	61076107.000000	0.000000e+00
6.220308e+00	1.467725e+01	1.878172e-03	61068753.000000	0.000000e+00
6.222302e+00	1.466835e+01	1.876167e-03	61125037.000000	0.000000e+00
6.224297e+00	1.465903e+01	1.873639e-03	61212327.000000	0.000000e+00
6.226292e+00	1.464711e+01	1.871868e-03	61228453.000000	0.000000e+00
6.228287e+00	1.463937e+01	1.870372e-03	61261717.000000	0.000000e+00
6.230281e+00	1.462992e+01	1.868692e-03	61292715.000000	0.000000e+00
6.232276e+00	1.462218e+01	1.867153e-03	61328809.000000	0.000000e+00
6.234270e+00	1.460897e+01	1.864801e-03	61372557.000000	0.000000e+00
6.236265e+00	1.460558e+01	1.863669e-03	61418581.000000	0.000000e+00
6.238259e+00	1.459253e+01	1.861653e-03	61441791.000000	0.000000e+00
6.240254e+00	1.458206e+01	1.859149e-03	61518973.000000	0.000000e+00
6.242249e+00	1.457379e+01	1.857919e-03	61530613.000000	0.000000e+00
6.244243e+00	1.456562e+01	1.856480e-03	61557003.000000	0.000000e+00
6.246238e+00	1.455643e+01	1.854421e-03	61615981.000000	0.000000e+00
6.248232e+00	1.454518e+01	1.852460e-03	61651005.000000	0.000000e+00
6.250227e+00	1.453532e+01	1.850342e-03	61708525.000000	0.000000e+00
6.252222e+00	1.452663e+01	1.848933e-03	61728735.000000	0.000000e+00
6.254217e+00	1.451493e+01	1.846713e-03	61777657.000000	0.000000e+00
6.256211e+00	1.450712e+01	1.845473e-03	61794061.000000	0.000000e+00
6.258206e+00	1.449487e+01	1.842833e-03	61866639.000000	0.000000e+00
6.260201e+00	1.449105e+01	1.842305e-03	61869517.000000	0.000000e+00
6.262195e+00	1.448060e+01	1.839712e-03	61954557.000000	0.000000e+00
6.264190e+00	1.447069e+01	1.838459e-03	61954213.000000	0.000000e+00
6.266185e+00	1.446429e+01	1.836827e-03	62009455.000000	0.000000e+00
6.268179e+00	1.445105e+01	1.834612e-03	62045493.000000	0.000000e+00
6.270174e+00	1.444331e+01	1.832882e-03	62096077.000000	0.000000e+00
6.272168e+00	1.443512e+01	1.831696e-03	62106051.000000	0.000000e+00
6.274163e+00	1.442688e+01	1.829586e-03	62178361.000000	0.000000e+00
6.276158e+00	1.441572e+01	1.827786e-03	62204589.000000	0.000000e+00
6.278153e+00	1.440485e+01	1.825774e-03	62247727.000000	0.000000e+00
6.280147e+00	1.439621e+01	1.824291e-03	62274217.000000	0.000000e+00
6.282142e+00	1.438348e+01	1.821795e-03	62334525.000000	0.000000e+00
6.284136e+00	1.437676e+01	1.820746e-03	62348125.000000	0.000000e+00
6.286131e+00	1.436919e+01	1.818837e-03	62413263.000000	0.000000e+00
6.288126e+00	1.435571e+01	1.816623e-03	62448157.000000	0.000000e+00
6.290121e+00	1.434804e+01	1.815082e-03	62487441.000000	0.000000e+00
6.292115e+00	1.434010e+01	1.813693e-03	62513947.000000	0.000000e+00
6.294110e+00	1.432969e+01	1.811889e-03	62547577.000000	0.000000e+00
6.296104e+00	1.432281e+01	1.809860e-03	62627673.000000	0.000000e+00
6.298099e+00	1.431597e+01	1.809234e-03	62611213.000000	0.000000e+00
6.300094e+00	1.430467e+01	1.806257e-03	62718627.000000	0.000000e+00
6.302089e+00	1.429055e+01	1.804903e-03	62688793.000000	0.000000e+00
6.304083e+00	1.428611e+01	1.803139e-03	62772549.000000	0.000000e+00
6.306077e+00	1.427401e+01	1.801464e-03	62782783.000000	0.000000e+00
6.308072e+00	1.426648e+01	1.799463e-03	62856145.000000	0.000000e+00
6.310067e+00	1.426002e+01	1.798255e-03	62883633.000000	0.000000e+00
6.312062e+00	1.424601e+01	1.796051e-03	62914291.000000	0.000000e+00
6.314056e+00	1.423732e+01	1.794493e-03	62946705.000000	0.000000e+00
6.316051e+00	1.422876e+01	1.792382e-03	63019249.000000	0.000000e+00
6.318046e+00	1.421959e+01	1.791061e-03	63030901.000000	0.000000e+00
6.320040e+00	1.421078e+01	1.789292e-03	63077343.000000	0.000000e+00
6.322035e+00	1.420215e+01	1.787991e-03	63092473.000000	0.000000e+00
6.324029e+00	1.419097e+01	1.785330e-03	63181077.000000	0.000000e+00
6.326024e+00	1.418224e+01	1.783977e-03	63199183.000000	0.000000e+00
6.328019e+00	1.417690e+01	1.782880e-03	63229353.000000	0.000000e+00
6.330013e+00	1.416766e+01	1.781008e-03	63279745.000000	0.000000e+00
6.332008e+00	1.415834e+01	1.779203e-03	63324733.000000	0.000000e+00
6.334003e+00	1.414891e+01	1.777540e-03	63358839.000000	0.000000e+00
6.335997e+00	1.413940e+01	1.775942e-03	63387565.000000	0.000000e+00
6.337992e+00	1.412869e+01	1.773831e-03	63442353.000000	0.000000e+00
6.339987e+00	1.412242e+01	1.772354e-03	63491791.000000	0.000000e+00
6.341982e+00	1.411332e+01	1.771167e-03	63494925.000000	0.000000e+00
6.343976e+00	1.410469e+01	1.769248e-03	63554989.000000	0.000000e+00
6.345970e+00	1.409513e+01	1.767662e-03	63582835.000000	0.000000e+00
6.347965e+00	1.408651e+01	1.765616e-03	63652293.000000	0.000000e+00
6.349960e+00	1.407592e+01	1.763922e-03	63678805.000000	0.000000e+00
6.351955e+00	1.406387e+01	1.761757e-03	63726141.000000	0.000000e+00
6.353949e+00	1.405965e+01	1.761109e-03	63734803.000000	0.000000e+00
6.355944e+00	1.404806e+01	1.758690e-03	63804973.000000	0.000000e+00
6.357939e+00	1.404029e+01	1.757041e-03	63854097.000000	0.000000e+00
6.359933e+00	1.403295e+01	1.755878e-03	63871795.000000	0.000000e+00
6.361928e+00	1.402287e+01	1.754150e-03	63905841.000000	0.000000e+00
6.363923e+00	1.401420e+01	1.752093e-03	63976717.000000	0.000000e+00
6.365918e+00	1.400425e+01	1.750594e-03	63995409.000000	0.000000e+00
6.367912e+00	1.399298e+01	1.748851e-03	64019887.000000	0.000000e+00
6.369906e+00	1.398436e+01	1.747129e-03	64067149.000000	0.000000e+00
6.371901e+00	1.397483e+01	1.745078e-03	64130313.000000	0.000000e+00
6.373896e+00	1.396841e+01	1.743719e-03	64171291.000000	0.000000e+00
6.375890e+00	1.396080e+01	1.742696e-03	64176705.000000	0.000000e+00
6.377885e+00	1.394909e+01	1.740057e-03	64263565.000000	0.000000e+00
6.379880e+00	1.394289e+01	1.739295e-03	64262733.000000	0.000000e+00
6.381874e+00	1.393202e+01	1.737204e-03	64317103.000000	0.000000e+00
6.383869e+00	1.392533e+01	1.735791e-03	64360081.000000	0.000000e+00
6.385864e+00	1.391645e+01	1.734223e-03	64394193.000000	0.000000e+00
6.387858e+00	1.390815e+01	1.732521e-03	64443895.000000	0.000000e+00
6.389853e+00	1.389550e+01	1.730513e-03	64476081.000000	0.000000e+00
6.391847e+00	1.388925e+01	1.729203e-03	64515697.000000	0.000000e+00
6.393842e+00	1.388059e+01	1.727610e-03	64554171.000000	0.000000e+00
6.395837e+00	1.387107e+01	1.725582e-03	64617241.000000	0.000000e+00
6.397832e+00	1.386288e+01	1.724356e-03	64632745.000000	0.000000e+00
6.399827e+00	1.385199e+01	1.721911e-03	64714713.000000	0.000000e+00
6.401821e+00	1.384525e+01	1.721297e-03	64697839.000000	0.000000e+00
6.403816e+00	1.383468e+01	1.719252e-03	64752885.000000	0.000000e+00
6.405810e+00	1.382691e+01	1.717694e-03	64797577.000000	0.000000e+00
6.407804e+00	1.381614e+01	1.716183e-03	64810591.000000	0.000000e+00
6.409799e+00	1.380924e+01	1.713849e-03	64922301.000000	0.000000e+00
6.411794e+00	1.380222e+01	1.712951e-03	64924381.000000	0.000000e+00
6.413789e+00	1.379158e+01	1.711311e-03	64948617.000000	0.000000e+00
6.415783e+00	1.378334e+01	1.709707e-03	64992835.000000	0.000000e+00
6.417778e+00	1.377496e+01	1.707574e-03	65076117.000000	0.000000e+00
6.419773e+00	1.376737e+01	1.706732e-03	65068585.000000	0.000000e+00
6.421767e+00	1.375757e+01	1.704794e-03	65123815.000000	0.000000e+00
6.423762e+00	1.374855e+01	1.703159e-03	65163285.000000	0.000000e+00
6.425757e+00	1.373933e+01	1.701199e-03	65226037.000000	0.000000e+00
6.427751e+00	1.373535e+01	1.700734e-03	65223831.000000	0.000000e+00
6.429746e+00	1.372287e+01	1.698434e-03	65281897.000000	0.000000e+00
6.431740e+00	1.371547e+01	1.696867e-03	65331921.000000	0.000000e+00
6.433735e+00	1.370510e+01	1.695136e-03	65366557.000000	0.000000e+00
6.435729e+00	1.369676e+01	1.693691e-03	65398411.000000	0.000000e+00
6.437724e+00	1.368754e+01	1.691798e-03	65456661.000000	0.000000e+00
6.439719e+00	1.368039e+01	1.690343e-03	65500849.000000	0.000000e+00
6.441714e+00	1.367278e+01	1.688814e-03	65546607.000000	0.000000e+00
6.443709e+00	1.366184e+01	1.687345e-03	65555701.000000	0.000000e+00
6.445703e+00	1.365504e+01	1.685724e-03	65616453.000000	0.000000e+00
6.447698e+00	1.364474e+01	1.684255e-03	65631913.000000	0.000000e+00
6.449692e+00	1.363562e+01	1.682129e-03	65709991.000000	0.000000e+00
6.451687e+00	1.362720e+01	1.680976e-03	65718885.000000	0.000000e+00
6.453681e+00	1.361727e+01	1.678925e-03	65783617.000000	0.000000e+00
6.455676e+00	1.361210e+01	1.677968e-03	65808603.000000	0.000000e+00
6.457671e+00	1.360367e+01	1.676249e-03	65862025.000000	0.000000e+00
6.459666e+00	1.359244e+01	1.674272e-03	65908777.000000	0.000000e+00
6.461660e+00	1.358604e+01	1.673277e-03	65925009.000000	0.000000e+00
6.463655e+00	1.357673e+01	1.671382e-03	65984023.000000	0.000000e+00
6.465650e+00	1.356956e+01	1.670178e-03	66009489.000000	0.000000e+00
6.467644e+00	1.356026e+01	1.668617e-03	66042397.000000	0.000000e+00
6.469639e+00	1.355119e+01	1.666465e-03	66124551.000000	0.000000e+00
6.471634e+00	1.354414e+01	1.665380e-03	66141757.000000	0.000000e+00
6.473628e+00	1.353425e+01	1.663771e-03	66173065.000000	0.000000e+00
6.475623e+00	1.352111e+01	1.661456e-03	66228771.000000	0.000000e+00
6.477618e+00	1.351955e+01	1.660787e-03	66266917.000000	0.000000e+00
6.479612e+00	1.350947e+01	1.659191e-03	66295485.000000	0.000000e+00
6.481607e+00	1.350230e+01	1.657845e-03	66332749.000000	0.000000e+00
6.483601e+00	1.349045e+01	1.655508e-03	66403431.000000	0.000000e+00
6.485596e+00	1.348450e+01	1.654813e-03	66400501.000000	0.000000e+00
6.487591e+00	1.347348e+01	1.652335e-03	66491005.000000	0.000000e+00
6.489585e+00	1.346444e+01	1.651336e-03	66482271.000000	0.000000e+00
6.491580e+00	1.345789e+01	1.649582e-03	66558937.000000	0.000000e+00
6.493575e+00	1.344814e+01	1.647939e-03	66595113.000000	0.000000e+00
6.495569e+00	1.343896e+01	1.646234e-03	66642049.000000	0.000000e+00
6.497564e+00	1.343386e+01	1.645617e-03	66641439.000000	0.000000e+00
6.499558e+00	1.342418e+01	1.643306e-03	66732625.000000	0.000000e+00
6.501553e+00	1.341682e+01	1.642314e-03	66740089.000000	0.000000e+00
6.503548e+00	1.340715e+01	1.640361e-03	66802755.000000	0.000000e+00
6.505542e+00	1.339894e+01	1.639035e-03	66828925.000000	0.000000e+00
6.507537e+00	1.338868e+01	1.637062e-03	66887589.000000	0.000000e+00
6.509532e+00	1.338351e+01	1.636126e-03	66912391.000000	0.000000e+00
6.511526e+00	1.337526e+01	1.634775e-03	66940489.000000	0.000000e+00
6.513520e+00	1.336634e+01	1.632983e-03	66997917.000000	0.000000e+00
6.515516e+00	1.335827e+01	1.631181e-03	67065013.000000	0.000000e+00
6.517510e+00	1.334665e+01	1.629584e-03	67079607.000000	0.000000e+00
6.519505e+00	1.334245e+01	1.628893e-03	67094353.000000	0.000000e+00
6.521499e+00	1.333189e+01	1.626475e-03	67187493.000000	0.000000e+00
6.523494e+00	1.332586e+01	1.625491e-03	67208107.000000	0.000000e+00
6.525489e+00	1.331632e+01	1.623906e-03	67242901.000000	0.000000e+00
6.527484e+00	1.331082e+01	1.622712e-03	67286241.000000	0.000000e+00
6.529478e+00	1.329986e+01	1.620881e-03	67327465.000000	0.000000e+00
6.531473e+00	1.329228e+01	1.619531e-03	67362819.000000	0.000000e+00
6.533467e+00	1.328182e+01	1.617702e-03	67409053.000000	0.000000e+00
6.535462e+00	1.327747e+01	1.616772e-03	67442421.000000	0.000000e+00
6.537457e+00	1.326609e+01	1.614473e-03	67518727.000000	0.000000e+00
6.539451e+00	1.325813e+01	1.613582e-03	67512277.000000	0.000000e+00
6.541446e+00	1.324949e+01	1.611615e-03	67588965.000000	0.000000e+00
6.543441e+00	1.323787e+01	1.610101e-03	67597333.000000	0.000000e+00
6.545435e+00	1.323333e+01	1.608529e-03	67683075.000000	0.000000e+00
6.547430e+00	1.322574e+01	1.607586e-03	67684885.000000	0.000000e+00
6.549425e+00	1.321691e+01	1.605882e-03	67738093.000000	0.000000e+00
6.551419e+00	1.320813e+01	1.604158e-03	67793607.000000	0.000000e+00
6.553414e+00	1.320087e+01	1.603105e-03	67808065.000000	0.000000e+00
6.555409e+00	1.319225e+01	1.601301e-03	67872225.000000	0.000000e+00
6.557403e+00	1.318452e+01	1.600062e-03	67897735.000000	0.000000e+00
6.559398e+00	1.317528e+01	1.598382e-03	67945161.000000	0.000000e+00
6.561392e+00	1.317012e+01	1.597292e-03	67984585.000000	0.000000e+00
6.563387e+00	1.315931e+01	1.595485e-03	68026861.000000	0.000000e+00
6.565382e+00	1.315176e+01	1.593990e-03	68076363.000000	0.000000e+00
6.567376e+00	1.314228e+01	1.592434e-03	68111197.000000	0.000000e+00
6.569371e+00	1.313421e+01	1.590620e-03	68182857.000000	0.000000e+00
6.571366e+00	1.312612e+01	1.589653e-03	68181739.000000	0.000000e+00
6.573360e+00	1.312217e+01	1.588807e-03	68213277.000000	0.000000e+00
6.575355e+00	1.311316e+01	1.586720e-03	68298937.000000	0.000000e+00
6.577350e+00	1.310353e+01	1.585570e-03	68297629.000000	0.000000e+00
6.579344e+00	1.309590e+01	1.583886e-03	68363271.000000	0.000000e+00
6.581339e+00	1.308812e+01	1.582538e-03	68398477.000000	0.000000e+00
6.583334e+00	1.308010e+01	1.580661e-03	68476941.000000	0.000000e+00
6.585329e+00	1.307269e+01	1.579971e-03	68459251.000000	0.000000e+00
6.587323e+00	1.306511e+01	1.578188e-03	68534337.000000	0.000000e+00
6.589318e+00	1.305428e+01	1.576620e-03	68556973.000000	0.000000e+00
6.591312e+00	1.304794e+01	1.575075e-03	68624875.000000	0.000000e+00
6.593307e+00	1.303960e+01	1.573770e-03	68650857.000000	0.000000e+00
6.595301e+00	1.303051e+01	1.572632e-03	68654449.000000	0.000000e+00
6.597296e+00	1.302298e+01	1.570523e-03	68759421.000000	0.000000e+00
6.599291e+00	1.301686e+01	1.569718e-03	68765287.000000	0.000000e+00
6.601285e+00	1.300456e+01	1.567529e-03	68827249.000000	0.000000e+00
6.603280e+00	1.299674e+01	1.566298e-03	68852577.000000	0.000000e+00
6.605275e+00	1.299138e+01	1.564944e-03	68914915.000000	0.000000e+00
6.607269e+00	1.298139e+01	1.563730e-03	68915805.000000	0.000000e+00
6.609264e+00	1.297491e+01	1.562164e-03	68985133.000000	0.000000e+00
6.611258e+00	1.296567e+01	1.560524e-03	69031713.000000	0.000000e+00
6.613253e+00	1.295978e+01	1.559298e-03	69077575.000000	0.000000e+00
6.615248e+00	1.295271e+01	1.558316e-03	69089281.000000	0.000000e+00
6.617242e+00	1.294390e+01	1.556310e-03	69173229.000000	0.000000e+00
6.619238e+00	1.293510e+01	1.554950e-03	69200071.000000	0.000000e+00
6.621232e+00	1.292862e+01	1.553817e-03	69231585.000000	0.000000e+00
6.623227e+00	1.291836e+01	1.552330e-03	69254305.000000	0.000000e+00
6.625221e+00	1.291145e+01	1.550670e-03	69328431.000000	0.000000e+00
6.627216e+00	1.290667e+01	1.549671e-03	69366361.000000	0.000000e+00
6.629211e+00	1.289537e+01	1.548013e-03	69393433.000000	0.000000e+00
6.631205e+00	1.288714e+01	1.546431e-03	69446673.000000	0.000000e+00
6.633200e+00	1.287940e+01	1.545236e-03	69470731.000000	0.000000e+00
6.635194e+00	1.287090e+01	1.543536e-03	69531897.000000	0.000000e+00
6.637189e+00	1.286388e+01	1.542322e-03	69565465.000000	0.000000e+00
6.639184e+00	1.285764e+01	1.540963e-03	69620583.000000	0.000000e+00
6.641179e+00	1.284656e+01	1.539440e-03	69638233.000000	0.000000e+00
6.643173e+00	1.284237e+01	1.538388e-03	69688069.000000	0.000000e+00
6.645168e+00	1.283409e+01	1.536730e-03	69748569.000000	0.000000e+00
6.647163e+00	1.282499e+01	1.535110e-03	69796687.000000	0.000000e+00
6.649157e+00	1.281646e+01	1.534329e-03	69774837.000000	0.000000e+00
6.651152e+00	1.280836e+01	1.532170e-03	69883273.000000	0.000000e+00
6.653147e+00	1.280114e+01	1.530944e-03	69916363.000000	0.000000e+00
6.655141e+00	1.279140e+01	1.529690e-03	69924549.000000	0.000000e+00
6.657135e+00	1.278539e+01	1.528367e-03	69979717.000000	0.000000e+00
6.659130e+00	1.277769e+01	1.527047e-03	70016457.000000	0.000000e+00
6.661125e+00	1.276839e+01	1.524957e-03	70106263.000000	0.000000e+00
6.663120e+00	1.276141e+01	1.524336e-03	70086741.000000	0.000000e+00
6.665114e+00	1.275401e+01	1.522729e-03	70153381.000000	0.000000e+00
6.667109e+00	1.274503e+01	1.520955e-03	70218067.000000	0.000000e+00
6.669103e+00	1.273905e+01	1.520297e-03	70212945.000000	0.000000e+00
6.671098e+00	1.272998e+01	1.518186e-03	70308061.000000	0.000000e+00
6.673093e+00	1.272135e+01	1.517283e-03	70296387.000000	0.000000e+00
6.675087e+00	1.271493e+01	1.516014e-03	70343017.000000	0.000000e+00
6.677082e+00	1.270998e+01	1.514472e-03	70431585.000000	0.000000e+00
6.679077e+00	1.269775e+01	1.512842e-03	70447681.000000	0.000000e+00
6.681071e+00	1.269405e+01	1.511735e-03	70509763.000000	0.000000e+00
6.683066e+00	1.268217e+01	1.510299e-03	70511697.000000	0.000000e+00
6.685061e+00	1.267634e+01	1.508735e-03	70593073.000000	0.000000e+00
6.687055e+00	1.266909e+01	1.507717e-03	70607571.000000	0.000000e+00
6.689050e+00	1.266293e+01	1.506396e-03	70662649.000000	0.000000e+00
6.691045e+00	1.265229e+01	1.504829e-03	70690953.000000	0.000000e+00
6.693039e+00	1.264650e+01	1.503367e-03	70763773.000000	0.000000e+00
6.695034e+00	1.263862e+01	1.502334e-03	70772755.000000	0.000000e+00
6.697028e+00	1.262967e+01	1.500829e-03	70814397.000000	0.000000e+00
6.699023e+00	1.262184e+01	1.499289e-03	70872001.000000	0.000000e+00
6.701018e+00	1.261358e+01	1.497777e-03	70922331.000000	0.000000e+00
6.703013e+00	1.260599e+01	1.496547e-03	70953493.000000	0.000000e+00
6.705007e+00	1.259704e+01	1.494904e-03	71008525.000000	0.000000e+00
6.707002e+00	1.259020e+01	1.494084e-03	71009271.000000	0.000000e+00
6.708996e+00	1.258210e+01	1.492148e-03	71102185.000000	0.000000e+00
6.710991e+00	1.257566e+01	1.491066e-03	71132433.000000	0.000000e+00
6.712986e+00	1.256697e+01	1.489668e-03	71167513.000000	0.000000e+00
6.714980e+00	1.256003e+01	1.488724e-03	71179227.000000	0.000000e+00
6.716975e+00	1.255239e+01	1.486858e-03	71271217.000000	0.000000e+00
6.718970e+00	1.254620e+01	1.485743e-03	71307709.000000	0.000000e+00
6.720965e+00	1.253827e+01	1.484520e-03	71335107.000000	0.000000e+00
6.722959e+00	1.252897e+01	1.483438e-03	71333209.000000	0.000000e+00
6.724953e+00	1.252271e+01	1.481794e-03	71420157.000000	0.000000e+00
6.726948e+00	1.251579e+01	1.480606e-03	71455789.000000	0.000000e+00
6.728943e+00	1.250664e+01	1.478679e-03	71537391.000000	0.000000e+00
6.730938e+00	1.249822e+01	1.477679e-03	71537917.000000	0.000000e+00
6.732933e+00	1.249195e+01	1.476136e-03	71615581.000000	0.000000e+00
6.734927e+00	1.248400e+01	1.475356e-03	71600091.000000	0.000000e+00
6.736921e+00	1.247617e+01	1.473628e-03	71678101.000000	0.000000e+00
6.738916e+00	1.247217e+01	1.473096e-03	71683905.000000	0.000000e+00
6.740910e+00	1.246340e+01	1.471100e-03	71777653.000000	0.000000e+00
6.742905e+00	1.245169e+01	1.469290e-03	71819335.000000	0.000000e+00
6.744900e+00	1.244741e+01	1.468470e-03	71850177.000000	0.000000e+00
6.746895e+00	1.244184e+01	1.467443e-03	71886373.000000	0.000000e+00
6.748890e+00	1.242947e+01	1.465646e-03	71919615.000000	0.000000e+00
6.750884e+00	1.242715e+01	1.465004e-03	71955817.000000	0.000000e+00
6.752878e+00	1.241786e+01	1.463262e-03	72019377.000000	0.000000e+00
6.754873e+00	1.240996e+01	1.461843e-03	72067459.000000	0.000000e+00
6.756868e+00	1.240389e+01	1.460688e-03	72110929.000000	0.000000e+00
6.758862e+00	1.239534e+01	1.459858e-03	72093417.000000	0.000000e+00
6.760857e+00	1.238946e+01	1.457983e-03	72210433.000000	0.000000e+00
6.762852e+00	1.238008e+01	1.456684e-03	72229863.000000	0.000000e+00
6.764847e+00	1.237185e+01	1.455138e-03	72287137.000000	0.000000e+00
6.766841e+00	1.236459e+01	1.454142e-03	72301185.000000	0.000000e+00
6.768836e+00	1.235728e+01	1.452721e-03	72357079.000000	0.000000e+00
6.770831e+00	1.235191e+01	1.451748e-03	72391201.000000	0.000000e+00
6.772825e+00	1.234271e+01	1.450275e-03	72430269.000000	0.000000e+00
6.774819e+00	1.233667e+01	1.449093e-03	72477553.000000	0.000000e+00
6.776815e+00	1.232820e+01	1.447212e-03	72566379.000000	0.000000e+00
6.778809e+00	1.231780e+01	1.446328e-03	72532477.000000	0.000000e+00
6.780804e+00	1.231254e+01	1.444591e-03	72644985.000000	0.000000e+00
6.782799e+00	1.230605e+01	1.443942e-03	72633703.000000	0.000000e+00
6.784793e+00	1.230285e+01	1.443056e-03	72685057.000000	0.000000e+00
6.786787e+00	1.229242e+01	1.441282e-03	72740601.000000	0.000000e+00
6.788782e+00	1.228469e+01	1.439867e-03	72791959.000000	0.000000e+00
6.790777e+00	1.227689e+01	1.438548e-03	72832977.000000	0.000000e+00
6.792772e+00	1.227088e+01	1.437639e-03	72853753.000000	0.000000e+00
6.794766e+00	1.226072e+01	1.435939e-03	72905473.000000	0.000000e+00
6.796761e+00	1.225315e+01	1.434456e-03	72966087.000000	0.000000e+00
6.798756e+00	1.224501e+01	1.433257e-03	72991153.000000	0.000000e+00
6.800750e+00	1.224183e+01	1.432555e-03	73024713.000000	0.000000e+00
6.802745e+00	1.222972e+01	1.430405e-03	73099567.000000	0.000000e+00
6.804740e+00	1.222674e+01	1.429849e-03	73120737.000000	0.000000e+00
6.806734e+00	1.221758e+01	1.428375e-03	73162081.000000	0.000000e+00
6.808729e+00	1.221230e+01	1.427287e-03	73210333.000000	0.000000e+00
6.810724e+00	1.220432e+01	1.425772e-03	73270167.000000	0.000000e+00
6.812718e+00	1.219491e+01	1.424620e-03	73275493.000000	0.000000e+00
6.814713e+00	1.218933e+01	1.423328e-03	73341501.000000	0.000000e+00
6.816707e+00	1.218202e+01	1.422262e-03	73363387.000000	0.000000e+00
6.818702e+00	1.217437e+01	1.420355e-03	73468149.000000	0.000000e+00
6.820697e+00	1.216652e+01	1.419729e-03	73438201.000000	0.000000e+00
6.822691e+00	1.215888e+01	1.418070e-03	73517587.000000	0.000000e+00
6.824686e+00	1.215410e+01	1.417277e-03	73542153.000000	0.000000e+00
6.826681e+00	1.214525e+01	1.415525e-03	73617013.000000	0.000000e+00
6.828675e+00	1.213606e+01	1.414417e-03	73620777.000000	0.000000e+00
6.830670e+00	1.213361e+01	1.413474e-03	73689235.000000	0.000000e+00
6.832665e+00	1.212272e+01	1.411896e-03	73721601.000000	0.000000e+00
6.834659e+00	1.211573e+01	1.410616e-03	73770253.000000	0.000000e+00
6.836654e+00	1.210837e+01	1.409361e-03	73811983.000000	0.000000e+00
6.838648e+00	1.210052e+01	1.408080e-03	73850505.000000	0.000000e+00
6.840643e+00	1.209540e+01	1.407143e-03	73886329.000000	0.000000e+00
6.842638e+00	1.208635e+01	1.405446e-03	73954017.000000	0.000000e+00
6.844633e+00	1.208141e+01	1.404277e-03	74016691.000000	0.000000e+00
6.846627e+00	1.207163e+01	1.403409e-03	73988353.000000	0.000000e+00
6.848622e+00	1.206495e+01	1.401822e-03	74073993.000000	0.000000e+00
6.850616e+00	1.205857e+01	1.400774e-03	74106439.000000	0.000000e+00
6.852611e+00	1.205200e+01	1.399508e-03	74159661.000000	0.000000e+00
6.854605e+00	1.204372e+01	1.398154e-03	74201185.000000	0.000000e+00
6.856600e+00	1.203672e+01	1.396793e-03	74259573.000000	0.000000e+00
6.858595e+00	1.203025e+01	1.395738e-03	74291827.000000	0.000000e+00
6.860590e+00	1.202002e+01	1.394369e-03	74311333.000000	0.000000e+00
6.862584e+00	1.201396e+01	1.393076e-03	74374317.000000	0.000000e+00
6.864579e+00	1.200706e+01	1.391739e-03	74431651.000000	0.000000e+00
6.866574e+00	1.200209e+01	1.391038e-03	74445033.000000	0.000000e+00
6.868568e+00	1.199400e+01	1.389536e-03	74505529.000000	0.000000e+00
6.870563e+00	1.198716e+01	1.388346e-03	74548239.000000	0.000000e+00
6.872558e+00	1.197988e+01	1.387185e-03	74582317.000000	0.000000e+00
6.874552e+00	1.197336e+01	1.385929e-03	74636257.000000	0.000000e+00
6.876547e+00	1.196637e+01	1.384837e-03	74666829.000000	0.000000e+00
6.878541e+00	1.195976e+01	1.383441e-03	74734903.000000	0.000000e+00
6.880536e+00	1.195021e+01	1.382226e-03	74746893.000000	0.000000e+00
6.882531e+00	1.194644e+01	1.381088e-03	74822917.000000	0.000000e+00
6.884525e+00	1.193625e+01	1.379880e-03	74826123.000000	0.000000e+00
6.886520e+00	1.193166e+01	1.378521e-03	74916049.000000	0.000000e+00
6.888515e+00	1.192382e+01	1.377405e-03	74938897.000000	0.000000e+00
6.890510e+00	1.191498e+01	1.376147e-03	74964717.000000	0.000000e+00
6.892504e+00	1.190988e+01	1.374898e-03	75036715.000000	0.000000e+00
6.894499e+00	1.190120e+01	1.373769e-03	75050637.000000	0.000000e+00
6.896493e+00	1.189666e+01	1.372671e-03	75113425.000000	0.000000e+00
6.898488e+00	1.188643e+01	1.371170e-03	75148519.000000	0.000000e+00
6.900482e+00	1.188057e+01	1.370104e-03	75191253.000000	0.000000e+00
6.902477e+00	1.187273e+01	1.368667e-03	75249757.000000	0.000000e+00
6.904472e+00	1.186474e+01	1.367605e-03	75265359.000000	0.000000e+00
6.906466e+00	1.185921e+01	1.366365e-03	75331813.000000	0.000000e+00
6.908461e+00	1.185475e+01	1.365581e-03	75361533.000000	0.000000e+00
6.910456e+00	1.184756e+01	1.364094e-03	75434401.000000	0.000000e+00
6.912451e+00	1.183803e+01	1.362718e-03	75465235.000000	0.000000e+00
6.914445e+00	1.183163e+01	1.361953e-03	75468393.000000	0.000000e+00
6.916439e+00	1.182422e+01	1.360252e-03	75562441.000000	0.000000e+00
6.918434e+00	1.181950e+01	1.359466e-03	75589431.000000	0.000000e+00
6.920429e+00	1.181182e+01	1.358121e-03	75640945.000000	0.000000e+00
6.922424e+00	1.180361e+01	1.357035e-03	75656697.000000	0.000000e+00
6.924418e+00	1.179502e+01	1.355379e-03	75731377.000000	0.000000e+00
6.926413e+00	1.179186e+01	1.354781e-03	75757699.000000	0.000000e+00
6.928407e+00	1.178223e+01	1.353337e-03	75795489.000000	0.000000e+00
6.930402e+00	1.177724e+01	1.352188e-03	75860065.000000	0.000000e+00
6.932397e+00	1.176970e+01	1.350914e-03	75905883.000000	0.000000e+00
6.934392e+00	1.176147e+01	1.349707e-03	75935401.000000	0.000000e+00
6.936386e+00	1.175493e+01	1.348540e-03	75982345.000000	0.000000e+00
6.938381e+00	1.174703e+01	1.347260e-03	76024437.000000	0.000000e+00
6.940376e+00	1.174173e+01	1.346157e-03	76080487.000000	0.000000e+00
6.942371e+00	1.173524e+01	1.345190e-03	76105545.000000	0.000000e+00
6.944365e+00	1.172664e+01	1.343858e-03	76144861.000000	0.000000e+00
6.946359e+00	1.172155e+01	1.342781e-03	76200771.000000	0.000000e+00
6.948354e+00	1.171194e+01	1.341351e-03	76238197.000000	0.000000e+00
6.950349e+00	1.170754e+01	1.340217e-03	76309885.000000	0.000000e+00
6.952343e+00	1.169854e+01	1.339286e-03	76298607.000000	0.000000e+00
6.954338e+00	1.169371e+01	1.337949e-03	76388113.000000	0.000000e+00
6.956333e+00	1.168720e+01	1.336850e-03	76428585.000000	0.000000e+00
6.958328e+00	1.168166e+01	1.335877e-03	76467313.000000	0.000000e+00
6.960322e+00	1.167213e+01	1.334554e-03	76494123.000000	0.000000e+00
6.962317e+00	1.166650e+01	1.333439e-03	76548181.000000	0.000000e+00
6.964311e+00	1.166152e+01	1.332458e-03	76595545.000000	0.000000e+00
6.966306e+00	1.165052e+01	1.330832e-03	76638015.000000	0.000000e+00
6.968301e+00	1.164413e+01	1.329583e-03	76697749.000000	0.000000e+00
6.970295e+00	1.163661e+01	1.328717e-03	76698621.000000	0.000000e+00
6.972290e+00	1.163371e+01	1.327677e-03	76780597.000000	0.000000e+00
6.974284e+00	1.162663e+01	1.326647e-03	76806315.000000	0.000000e+00
6.976279e+00	1.161877e+01	1.325333e-03	76854685.000000	0.000000e+00
6.978274e+00	1.161349e+01	1.324235e-03	76912249.000000	0.000000e+00
6.980268e+00	1.160457e+01	1.323097e-03	76926255.000000	0.000000e+00
6.982263e+00	1.159649e+01	1.321466e-03	77008861.000000	0.000000e+00
6.984258e+00	1.159371e+01	1.321004e-03	77025801.000000	0.000000e+00
6.986252e+00	1.158643e+01	1.319674e-03	77084311.000000	0.000000e+00
6.988247e+00	1.157988e+01	1.318561e-03	77127253.000000	0.000000e+00
6.990242e+00	1.157252e+01	1.317426e-03	77161977.000000	0.000000e+00
6.992236e+00	1.156352e+01	1.316150e-03	77191417.000000	0.000000e+00
6.994231e+00	1.155573e+01	1.314655e-03	77262891.000000	0.000000e+00
6.996225e+00	1.154983e+01	1.313826e-03	77281501.000000	0.000000e+00
6.998220e+00	1.154512e+01	1.312615e-03	77361045.000000	0.000000e+00
7.000215e+00	1.153784e+01	1.311633e-03	77379259.000000	0.000000e+00
7.002210e+00	1.153111e+01	1.310370e-03	77438029.000000	0.000000e+00
7.004204e+00	1.152307e+01	1.309104e-03	77479725.000000	0.000000e+00
7.006199e+00	1.151701e+01	1.308299e-03	77493505.000000	0.000000e+00
7.008193e+00	1.151250e+01	1.307076e-03	77577891.000000	0.000000e+00
7.010188e+00	1.150071e+01	1.305490e-03	77607253.000000	0.000000e+00
7.012183e+00	1.149818e+01	1.304842e-03	77650137.000000	0.000000e+00
7.014178e+00	1.149046e+01	1.303560e-03	77698603.000000	0.000000e+00
7.016172e+00	1.148339e+01	1.302413e-03	77739661.000000	0.000000e+00
7.018167e+00	1.147955e+01	1.301789e-03	77762205.000000	0.000000e+00
7.020161e+00	1.147039e+01	1.300188e-03	77829547.000000	0.000000e+00
7.022156e+00	1.146440e+01	1.298928e-03	77899053.000000	0.000000e+00
7.024151e+00	1.145609e+01	1.297956e-03	77902825.000000	0.000000e+00
7.026145e+00	1.145187e+01	1.296967e-03	77964165.000000	0.000000e+00
7.028140e+00	1.144479e+01	1.295762e-03	78012679.000000	0.000000e+00
7.030135e+00	1.143528e+01	1.294569e-03	78026737.000000	0.000000e+00
7.032129e+00	1.143074e+01	1.293550e-03	78087585.000000	0.000000e+00
7.034124e+00	1.142350e+01	1.292078e-03	78166591.000000	0.000000e+00
7.036119e+00	1.141712e+01	1.291421e-03	78158709.000000	0.000000e+00
7.038113e+00	1.141083e+01	1.289975e-03	78247645.000000	0.000000e+00
7.040108e+00	1.140443e+01	1.289172e-03	78257461.000000	0.000000e+00
7.042102e+00	1.139893e+01	1.288103e-03	78311775.000000	0.000000e+00
7.044097e+00	1.139014e+01	1.286686e-03	78363445.000000	0.000000e+00
7.046092e+00	1.138561e+01	1.285818e-03	78406845.000000	0.000000e+00
7.048087e+00	1.137860e+01	1.284667e-03	78450631.000000	0.000000e+00
7.050081e+00	1.137020e+01	1.283433e-03	78485505.000000	0.000000e+00
7.052076e+00	1.136479e+01	1.282552e-03	78518593.000000	0.000000e+00
7.054070e+00	1.135937e+01	1.281409e-03	78583777.000000	0.000000e+00
7.056065e+00	1.135144e+01	1.280053e-03	78640395.000000	0.000000e+00
7.058060e+00	1.134400e+01	1.278959e-03	78671749.000000	0.000000e+00
7.060055e+00	1.133716e+01	1.277713e-03	78730281.000000	0.000000e+00
7.062049e+00	1.133196e+01	1.277037e-03	78741355.000000	0.000000e+00
7.064044e+00	1.132612e+01	1.275966e-03	78792405.000000	0.000000e+00
7.066038e+00	1.131840e+01	1.274410e-03	78877237.000000	0.000000e+00
7.068033e+00	1.131387e+01	1.273955e-03	78870451.000000	0.000000e+00
7.070027e+00	1.130627e+01	1.272611e-03	78931005.000000	0.000000e+00
7.072022e+00	1.129720e+01	1.271073e-03	78995245.000000	0.000000e+00
7.074017e+00	1.129180e+01	1.270277e-03	79018521.000000	0.000000e+00
7.076012e+00	1.128515e+01	1.269026e-03	79081327.000000	0.000000e+00
7.078006e+00	1.127958e+01	1.268445e-03	79075549.000000	0.000000e+00
7.080000e+00	1.127349e+01	1.266942e-03	79177689.000000	0.000000e+00
7.081995e+00	1.126574e+01	1.265707e-03	79223227.000000	0.000000e+00
7.083990e+00	1.125826e+01	1.264782e-03	79233933.000000	0.000000e+00
7.085984e+00	1.125572e+01	1.264056e-03	79289221.000000	0.000000e+00
7.087979e+00	1.124930e+01	1.262703e-03	79368573.000000	0.000000e+00
7.089974e+00	1.124086e+01	1.261850e-03	79356751.000000	0.000000e+00
7.091969e+00	1.123568e+01	1.260602e-03	79440649.000000	0.000000e+00
7.093963e+00	1.122824e+01	1.259596e-03	79462233.000000	0.000000e+00
7.095958e+00	1.122217e+01	1.258316e-03	79537879.000000	0.000000e+00
7.097953e+00	1.121646e+01	1.257549e-03	79553961.000000	0.000000e+00
7.099947e+00	1.120679e+01	1.256053e-03	79606177.000000	0.000000e+00
7.101942e+00	1.120160e+01	1.255013e-03	79664175.000000	0.000000e+00
7.103937e+00	1.119449e+01	1.254098e-03	79679281.000000	0.000000e+00
7.105931e+00	1.118906e+01	1.252906e-03	79753645.000000	0.000000e+00
7.107926e+00	1.118161e+01	1.251805e-03	79787637.000000	0.000000e+00
7.109921e+00	1.117577e+01	1.250939e-03	79814731.000000	0.000000e+00
7.111915e+00	1.116920e+01	1.249894e-03	79854177.000000	0.000000e+00
7.113910e+00	1.116264e+01	1.248515e-03	79936705.000000	0.000000e+00
7.115904e+00	1.115712e+01	1.247707e-03	79961115.000000	0.000000e+00
7.117899e+00	1.115066e+01	1.246412e-03	80034721.000000	0.000000e+00
7.119894e+00	1.114562e+01	1.245853e-03	80034193.000000	0.000000e+00
7.121889e+00	1.113734e+01	1.244227e-03	80124249.000000	0.000000e+00
7.123884e+00	1.113335e+01	1.243633e-03	80143363.000000	0.000000e+00
7.125878e+00	1.112402e+01	1.242323e-03	80177877.000000	0.000000e+00
7.127872e+00	1.111672e+01	1.241236e-03	80213005.000000	0.000000e+00
7.129867e+00	1.111095e+01	1.240093e-03	80277451.000000	0.000000e+00
7.131861e+00	1.110398e+01	1.239014e-03	80316525.000000	0.000000e+00
7.133856e+00	1.109929e+01	1.237873e-03	80396617.000000	0.000000e+00
7.135851e+00	1.109383e+01	1.237449e-03	80372613.000000	0.000000e+00
7.137845e+00	1.108445e+01	1.235502e-03	80489887.000000	0.000000e+00
7.139840e+00	1.108023e+01	1.234815e-03	80518137.000000	0.000000e+00
7.141835e+00	1.107281e+01	1.233713e-03	80554045.000000	0.000000e+00
7.143830e+00	1.106563e+01	1.232792e-03	80569843.000000	0.000000e+00
7.145824e+00	1.106057e+01	1.231608e-03	80651013.000000	0.000000e+00
7.147819e+00	1.105354e+01	1.230688e-03	80669017.000000	0.000000e+00
7.149813e+00	1.105052e+01	1.230039e-03	80710035.000000	0.000000e+00
7.151808e+00	1.104614e+01	1.229053e-03	80775613.000000	0.000000e+00
7.153803e+00	1.103646e+01	1.227473e-03	80841801.000000	0.000000e+00
7.155797e+00	1.103254e+01	1.226922e-03	80856937.000000	0.000000e+00
7.157792e+00	1.102517e+01	1.225727e-03	80906467.000000	0.000000e+00
7.159787e+00	1.101803e+01	1.224462e-03	80968713.000000	0.000000e+00
7.161782e+00	1.101055e+01	1.223354e-03	81005317.000000	0.000000e+00
7.163776e+00	1.100196e+01	1.222025e-03	81054987.000000	0.000000e+00
7.165771e+00	1.099758e+01	1.221603e-03	81046417.000000	0.000000e+00
7.167765e+00	1.099098e+01	1.220054e-03	81154881.000000	0.000000e+00
7.169760e+00	1.098593e+01	1.219263e-03	81185569.000000	0.000000e+00
7.171755e+00	1.098060e+01	1.218337e-03	81230131.000000	0.000000e+00
7.173749e+00	1.097460e+01	1.217515e-03	81250977.000000	0.000000e+00
7.175744e+00	1.096429e+01	1.215795e-03	81328021.000000	0.000000e+00
7.177739e+00	1.096006e+01	1.215012e-03	81369999.000000	0.000000e+00
7.179733e+00	1.095422e+01	1.214256e-03	81384673.000000	0.000000e+00
7.181728e+00	1.094825e+01	1.212910e-03	81476461.000000	0.000000e+00
7.183723e+00	1.094240e+01	1.212234e-03	81480279.000000	0.000000e+00
7.185717e+00	1.093587e+01	1.211259e-03	81514177.000000	0.000000e+00
7.187711e+00	1.092979e+01	1.209895e-03	81607233.000000	0.000000e+00
7.189706e+00	1.092258e+01	1.208963e-03	81625225.000000	0.000000e+00
7.191701e+00	1.091905e+01	1.208048e-03	81696099.000000	0.000000e+00
7.193696e+00	1.091189e+01	1.207139e-03	81711829.000000	0.000000e+00
7.195691e+00	1.090536e+01	1.205920e-03	81779245.000000	0.000000e+00
7.197685e+00	1.090039e+01	1.205126e-03	81812379.000000	0.000000e+00
7.199680e+00	1.089198e+01	1.203807e-03	81865393.000000	0.000000e+00
7.201675e+00	1.089033e+01	1.203347e-03	81903081.000000	0.000000e+00
7.203669e+00	1.088014e+01	1.202029e-03	81929305.000000	0.000000e+00
7.205664e+00	1.087283e+01	1.200731e-03	81996279.000000	0.000000e+00
7.207658e+00	1.086828e+01	1.200063e-03	82018729.000000	0.000000e+00
7.209653e+00	1.086255e+01	1.198812e-03	82103389.000000	0.000000e+00
7.211647e+00	1.085424e+01	1.197679e-03	82133067.000000	0.000000e+00
7.213642e+00	1.084973e+01	1.197061e-03	82149565.000000	0.000000e+00
7.215636e+00	1.084280e+01	1.195560e-03	82250853.000000	0.000000e+00
7.217631e+00	1.083712e+01	1.194913e-03	82253665.000000	0.000000e+00
7.219626e+00	1.083235e+01	1.193934e-03	82316103.000000	0.000000e+00
7.221621e+00	1.082469e+01	1.192651e-03	82376749.000000	0.000000e+00
7.223615e+00	1.081811e+01	1.191968e-03	82370785.000000	0.000000e+00
7.225610e+00	1.081323e+01	1.190764e-03	82463079.000000	0.000000e+00
7.227604e+00	1.080638e+01	1.189762e-03	82497457.000000	0.000000e+00
7.229599e+00	1.080085e+01	1.188872e-03	82536477.000000	0.000000e+00
7.231594e+00	1.079234e+01	1.187625e-03	82579471.000000	0.000000e+00
7.233589e+00	1.079028e+01	1.186792e-03	82664053.000000	0.000000e+00
7.235583e+00	1.078112e+01	1.185751e-03	82668657.000000	0.000000e+00
7.237578e+00	1.077718e+01	1.184876e-03	82730233.000000	0.000000e+00
7.239573e+00	1.077175e+01	1.184027e-03	82765515.000000	0.000000e+00
7.241567e+00	1.076322e+01	1.182944e-03	82785781.000000	0.000000e+00
7.243562e+00	1.075731e+01	1.181561e-03	82888629.000000	0.000000e+00
7.245557e+00	1.075296e+01	1.181106e-03	82885495.000000	0.000000e+00
7.247551e+00	1.074545e+01	1.179904e-03	82938385.000000	0.000000e+00
7.249546e+00	1.073975e+01	1.178713e-03	83017989.000000	0.000000e+00
7.251541e+00	1.073278e+01	1.177646e-03	83060569.000000	0.000000e+00
7.253535e+00	1.072743e+01	1.176946e-03	83076447.000000	0.000000e+00
7.255530e+00	1.072145e+01	1.175968e-03	83121985.000000	0.000000e+00
7.257524e+00	1.071553e+01	1.174967e-03	83171817.000000	0.000000e+00
7.259519e+00	1.070835e+01	1.173781e-03	83228383.000000	0.000000e+00
7.261514e+00	1.070358e+01	1.172855e-03	83285497.000000	0.000000e+00
7.263509e+00	1.069655e+01	1.171853e-03	83318337.000000	0.000000e+00
7.265503e+00	1.069131e+01	1.170956e-03	83364343.000000	0.000000e+00
7.267498e+00	1.068763e+01	1.170259e-03	83406357.000000	0.000000e+00
7.269493e+00	1.068017e+01	1.169066e-03	83459977.000000	0.000000e+00
7.271487e+00	1.067287e+01	1.168221e-03	83466565.000000	0.000000e+00
7.273482e+00	1.066494e+01	1.166563e-03	83579535.000000	0.000000e+00
7.275476e+00	1.066259e+01	1.166352e-03	83573077.000000	0.000000e+00
7.277471e+00	1.065278e+01	1.164748e-03	83649297.000000	0.000000e+00
7.279465e+00	1.064829e+01	1.164231e-03	83652895.000000	0.000000e+00
7.281460e+00	1.064386e+01	1.163103e-03	83745585.000000	0.000000e+00
7.283455e+00	1.063861e+01	1.162315e-03	83776477.000000	0.000000e+00
7.285450e+00	1.063146e+01	1.161167e-03	83829445.000000	0.000000e+00
7.287444e+00	1.062686e+01	1.160423e-03	83864367.000000	0.000000e+00
7.289439e+00	1.061958e+01	1.159176e-03	83929765.000000	0.000000e+00
7.291433e+00	1.061629e+01	1.158925e-03	83914041.000000	0.000000e+00
7.293428e+00	1.060782e+01	1.157202e-03	84029827.000000	0.000000e+00
7.295423e+00	1.060179e+01	1.156495e-03	84037149.000000	0.000000e+00
7.297417e+00	1.059522e+01	1.155186e-03	84123145.000000	0.000000e+00
7.299412e+00	1.058939e+01	1.154570e-03	84120391.000000	0.000000e+00
7.301407e+00	1.058373e+01	1.153395e-03	84201801.000000	0.000000e+00
7.303401e+00	1.057774e+01	1.152657e-03	84214285.000000	0.000000e+00
7.305396e+00	1.057365e+01	1.151755e-03	84280989.000000	0.000000e+00
7.307391e+00	1.056435e+01	1.150284e-03	84348223.000000	0.000000e+00
7.309385e+00	1.056133e+01	1.149851e-03	84363417.000000	0.000000e+00
7.311380e+00	1.055365e+01	1.148570e-03	84428689.000000	0.000000e+00
7.313375e+00	1.054992e+01	1.148010e-03	84451435.000000	0.000000e+00
7.315369e+00	1.054289e+01	1.146730e-03	84527313.000000	0.000000e+00
7.317364e+00	1.053673e+01	1.146111e-03	84519793.000000	0.000000e+00
7.319358e+00	1.053128e+01	1.144870e-03	84615477.000000	0.000000e+00
7.321353e+00	1.052637e+01	1.144015e-03	84663055.000000	0.000000e+00
7.323348e+00	1.051917e+01	1.143035e-03	84692161.000000	0.000000e+00
7.325343e+00	1.051378e+01	1.142126e-03	84740385.000000	0.000000e+00
7.327337e+00	1.050644e+01	1.140976e-03	84792655.000000	0.000000e+00
7.329332e+00	1.050170e+01	1.140130e-03	84842025.000000	0.000000e+00
7.331327e+00	1.049611e+01	1.139338e-03	84869569.000000	0.000000e+00
7.333321e+00	1.048977e+01	1.138314e-03	84919581.000000	0.000000e+00
7.335316e+00	1.048318e+01	1.137267e-03	84969223.000000	0.000000e+00
7.337310e+00	1.047727e+01	1.136203e-03	85032445.000000	0.000000e+00
7.339305e+00	1.047483e+01	1.135761e-03	85058865.000000	0.000000e+00
7.341300e+00	1.046664e+01	1.134581e-03	85102795.000000	0.000000e+00
7.343294e+00	1.045963e+01	1.133621e-03	85132845.000000	0.000000e+00
7.345289e+00	1.045440e+01	1.132164e-03	85266613.000000	0.000000e+00
7.347284e+00	1.044784e+01	1.131749e-03	85222191.000000	0.000000e+00
7.349278e+00	1.044464e+01	1.130922e-03	85294645.000000	0.000000e+00
7.351273e+00	1.043681e+01	1.129864e-03	85326289.000000	0.000000e+00
7.353267e+00	1.043299e+01	1.129065e-03	85384593.000000	0.000000e+00
7.355262e+00	1.042574e+01	1.127878e-03	85445539.000000	0.000000e+00
7.357257e+00	1.041904e+01	1.126959e-03	85475049.000000	0.000000e+00
7.359251e+00	1.041379e+01	1.126051e-03	85526677.000000	0.000000e+00
7.361246e+00	1.040800e+01	1.125142e-03	85569783.000000	0.000000e+00
7.363241e+00	1.039984e+01	1.123824e-03	85636009.000000	0.000000e+00
7.365235e+00	1.039813e+01	1.123505e-03	85656613.000000	0.000000e+00
7.367230e+00	1.039177e+01	1.122461e-03	85711017.000000	0.000000e+00
7.369225e+00	1.038414e+01	1.121233e-03	85772731.000000	0.000000e+00
7.371219e+00	1.037896e+01	1.120497e-03	85799865.000000	0.000000e+00
7.373214e+00	1.037734e+01	1.119987e-03	85851121.000000	0.000000e+00
7.375209e+00	1.036831e+01	1.118752e-03	85891111.000000	0.000000e+00
7.377203e+00	1.036210e+01	1.117788e-03	85936197.000000	0.000000e+00
7.379198e+00	1.035626e+01	1.116758e-03	85997905.000000	0.000000e+00
7.381193e+00	1.034986e+01	1.115713e-03	86052651.000000	0.000000e+00
7.383187e+00	1.034373e+01	1.114896e-03	86076781.000000	0.000000e+00
7.385182e+00	1.033790e+01	1.113976e-03	86121729.000000	0.000000e+00
7.387176e+00	1.033387e+01	1.113142e-03	86183677.000000	0.000000e+00
7.389171e+00	1.032749e+01	1.112218e-03	86220343.000000	0.000000e+00
7.391166e+00	1.032094e+01	1.111042e-03	86293329.000000	0.000000e+00
7.393161e+00	1.031715e+01	1.110551e-03	86306317.000000	0.000000e+00
7.395155e+00	1.031117e+01	1.109497e-03	86370183.000000	0.000000e+00
7.397150e+00	1.030466e+01	1.108593e-03	86401909.000000	0.000000e+00
7.399145e+00	1.029933e+01	1.107557e-03	86474025.000000	0.000000e+00
7.401139e+00	1.029614e+01	1.107239e-03	86470033.000000	0.000000e+00
7.403134e+00	1.028842e+01	1.105615e-03	86594383.000000	0.000000e+00
7.405129e+00	1.028178e+01	1.105062e-03	86569209.000000	0.000000e+00
7.407123e+00	1.027640e+01	1.103910e-03	86659117.000000	0.000000e+00
7.409118e+00	1.027150e+01	1.103347e-03	86664903.000000	0.000000e+00
7.411112e+00	1.026621e+01	1.102251e-03	86748049.000000	0.000000e+00
7.413107e+00	1.026011e+01	1.101228e-03	86805933.000000	0.000000e+00
7.415102e+00	1.025306e+01	1.100475e-03	86805301.000000	0.000000e+00
7.417096e+00	1.024943e+01	1.099449e-03	86905903.000000	0.000000e+00
7.419091e+00	1.024120e+01	1.098584e-03	86903181.000000	0.000000e+00
7.421086e+00	1.023570e+01	1.097578e-03	86968933.000000	0.000000e+00
7.423081e+00	1.023432e+01	1.096941e-03	87046419.000000	0.000000e+00
7.425075e+00	1.022502e+01	1.095919e-03	87050533.000000	0.000000e+00
7.427069e+00	1.022092e+01	1.095302e-03	87078685.000000	0.000000e+00
7.429064e+00	1.021555e+01	1.094089e-03	87180171.000000	0.000000e+00
7.431059e+00	1.020894e+01	1.093223e-03	87205537.000000	0.000000e+00
7.433053e+00	1.020354e+01	1.092409e-03	87243225.000000	0.000000e+00
7.435048e+00	1.019591e+01	1.091372e-03	87278329.000000	0.000000e+00
7.437042e+00	1.019173e+01	1.090389e-03	87364107.000000	0.000000e+00
7.439037e+00	1.018693e+01	1.089712e-03	87390397.000000	0.000000e+00
7.441032e+00	1.018087e+01	1.088771e-03	87437269.000000	0.000000e+00
7.443027e+00	1.017497e+01	1.087759e-03	87498531.000000	0.000000e+00
7.445022e+00	1.016882e+01	1.086890e-03	87532741.000000	0.000000e+00
7.447016e+00	1.016386e+01	1.086003e-03	87590145.000000	0.000000e+00
7.449011e+00	1.015610e+01	1.085135e-03	87596437.000000	0.000000e+00
7.451005e+00	1.015290e+01	1.084284e-03	87678711.000000	0.000000e+00
7.453000e+00	1.014547e+01	1.083194e-03	87726577.000000	0.000000e+00
7.454995e+00	1.014200e+01	1.082586e-03	87765253.000000	0.000000e+00
7.456989e+00	1.013734e+01	1.081786e-03	87814323.000000	0.000000e+00
7.458984e+00	1.013334e+01	1.081119e-03	87853381.000000	0.000000e+00
7.460979e+00	1.012326e+01	1.079558e-03	87932409.000000	0.000000e+00
7.462973e+00	1.012063e+01	1.079181e-03	87948043.000000	0.000000e+00
7.464968e+00	1.011239e+01	1.077990e-03	87999121.000000	0.000000e+00
7.466962e+00	1.010925e+01	1.077373e-03	88045077.000000	0.000000e+00
7.468957e+00	1.010366e+01	1.076480e-03	88093789.000000	0.000000e+00
7.470952e+00	1.009847e+01	1.075539e-03	88157427.000000	0.000000e+00
7.472947e+00	1.009167e+01	1.074678e-03	88179901.000000	0.000000e+00
7.474941e+00	1.008765e+01	1.073910e-03	88235697.000000	0.000000e+00
7.476935e+00	1.008097e+01	1.072997e-03	88268911.000000	0.000000e+00
7.478931e+00	1.007550e+01	1.071725e-03	88382629.000000	0.000000e+00
7.480925e+00	1.007164e+01	1.071584e-03	88338033.000000	0.000000e+00
7.482919e+00	1.006272e+01	1.070167e-03	88415401.000000	0.000000e+00
7.484914e+00	1.005900e+01	1.069300e-03	88493247.000000	0.000000e+00
7.486909e+00	1.005282e+01	1.068500e-03	88517029.000000	0.000000e+00
7.488904e+00	1.004803e+01	1.067644e-03	88574481.000000	0.000000e+00
7.490898e+00	1.004156e+01	1.066701e-03	88617067.000000	0.000000e+00
7.492893e+00	1.003872e+01	1.066139e-03	88660273.000000	0.000000e+00
7.494888e+00	1.003021e+01	1.064954e-03	88707141.000000	0.000000e+00
7.496882e+00	1.002767e+01	1.064460e-03	88744423.000000	0.000000e+00
7.498877e+00	1.002101e+01	1.063444e-03	88796037.000000	0.000000e+00
7.500871e+00	1.001616e+01	1.062477e-03	88871761.000000	0.000000e+00
7.502866e+00	1.000910e+01	1.061790e-03	88861281.000000	0.000000e+00
7.504861e+00	1.000564e+01	1.060641e-03	88992487.000000	0.000000e+00
7.506856e+00	9.997543e+00	1.059854e-03	88980337.000000	0.000000e+00
7.508850e+00	9.994886e+00	1.059172e-03	89047665.000000	0.000000e+00
7.510845e+00	9.990039e+00	1.058508e-03	89073079.000000	0.000000e+00
7.512839e+00	9.982962e+00	1.057425e-03	89129073.000000	0.000000e+00
7.514834e+00	9.975466e+00	1.056342e-03	89177941.000000	0.000000e+00
7.516828e+00	9.972812e+00	1.055708e-03	89237533.000000	0.000000e+00
7.518823e+00	9.968710e+00	1.055004e-03	89283195.000000	0.000000e+00
7.520818e+00	9.960098e+00	1.053953e-03	89306761.000000	0.000000e+00
7.522812e+00	9.956552e+00	1.053068e-03	89393265.000000	0.000000e+00
7.524807e+00	9.949260e+00	1.052293e-03	89394019.000000	0.000000e+00
7.526802e+00	9.943465e+00	1.051114e-03	89490321.000000	0.000000e+00
7.528797e+00	9.939599e+00	1.050569e-03	89513509.000000	0.000000e+00
7.530791e+00	9.935663e+00	1.049959e-03	89546581.000000	0.000000e+00
7.532785e+00	9.927477e+00	1.048812e-03	89594667.000000	0.000000e+00
7.534780e+00	9.923880e+00	1.048085e-03	89654125.000000	0.000000e+00
7.536775e+00	9.917723e+00	1.047020e-03	89725053.000000	0.000000e+00
7.538770e+00	9.911271e+00	1.046107e-03	89764819.000000	0.000000e+00
7.540765e+00	9.907809e+00	1.045518e-03	89803329.000000	0.000000e+00
7.542759e+00	9.902845e+00	1.044737e-03	89847541.000000	0.000000e+00
7.544754e+00	9.895173e+00	1.043840e-03	89862619.000000	0.000000e+00
7.546748e+00	9.889403e+00	1.042725e-03	89949945.000000	0.000000e+00
7.548743e+00	9.885332e+00	1.042061e-03	89990461.000000	0.000000e+00
7.550738e+00	9.878883e+00	1.040947e-03	90065553.000000	0.000000e+00
7.552733e+00	9.874123e+00	1.040397e-03	90073939.000000	0.000000e+00
7.554727e+00	9.869297e+00	1.039731e-03	90101157.000000	0.000000e+00
7.556722e+00	9.863119e+00	1.038508e-03	90200485.000000	0.000000e+00
7.558716e+00	9.858588e+00	1.037966e-03	90211735.000000	0.000000e+00
7.560711e+00	9.852884e+00	1.036982e-03	90278553.000000	0.000000e+00
7.562706e+00	9.850097e+00	1.036379e-03	90332449.000000	0.000000e+00
7.564700e+00	9.841729e+00	1.035362e-03	90356217.000000	0.000000e+00
7.566695e+00	9.840185e+00	1.034707e-03	90442303.000000	0.000000e+00
7.568690e+00	9.831656e+00	1.033683e-03	90464605.000000	0.000000e+00
7.570684e+00	9.827032e+00	1.033174e-03	90468525.000000	0.000000e+00
7.572678e+00	9.823111e+00	1.032232e-03	90561523.000000	0.000000e+00
7.574673e+00	9.818293e+00	1.031443e-03	90611049.000000	0.000000e+00
7.576668e+00	9.810929e+00	1.030275e-03	90680521.000000	0.000000e+00
7.578663e+00	9.805058e+00	1.029683e-03	90676251.000000	0.000000e+00
7.580657e+00	9.801155e+00	1.028717e-03	90774265.000000	0.000000e+00
7.582652e+00	9.796688e+00	1.028008e-03	90816649.000000	0.000000e+00
7.584647e+00	9.789549e+00	1.027187e-03	90829305.000000	0.000000e+00
7.586641e+00	9.784360e+00	1.026343e-03	90882403.000000	0.000000e+00
7.588636e+00	9.781073e+00	1.025648e-03	90944409.000000	0.000000e+00
7.590631e+00	9.772352e+00	1.024345e-03	91013557.000000	0.000000e+00
7.592625e+00	9.768213e+00	1.023988e-03	90999795.000000	0.000000e+00
7.594620e+00	9.763472e+00	1.022869e-03	91110517.000000	0.000000e+00
7.596614e+00	9.758187e+00	1.022329e-03	91108057.000000	0.000000e+00
7.598609e+00	9.752962e+00	1.021226e-03	91207221.000000	0.000000e+00
7.600604e+00	9.747475e+00	1.020519e-03	91230871.000000	0.000000e+00
7.602599e+00	9.742393e+00	1.019627e-03	91295265.000000	0.000000e+00
7.604593e+00	9.736316e+00	1.018913e-03	91309405.000000	0.000000e+00
7.606588e+00	9.731240e+00	1.018068e-03	91365591.000000	0.000000e+00
7.608582e+00	9.727355e+00	1.017376e-03	91416925.000000	0.000000e+00
7.610577e+00	9.721421e+00	1.016418e-03	91477513.000000	0.000000e+00
7.612572e+00	9.717570e+00	1.015880e-03	91502073.000000	0.000000e+00
7.614567e+00	9.711666e+00	1.014698e-03	91603807.000000	0.000000e+00
7.616562e+00	9.707056e+00	1.014225e-03	91602261.000000	0.000000e+00
7.618556e+00	9.701650e+00	1.013355e-03	91657573.000000	0.000000e+00
7.620550e+00	9.694961e+00	1.012463e-03	91692403.000000	0.000000e+00
7.622545e+00	9.691858e+00	1.011637e-03	91783581.000000	0.000000e+00
7.624540e+00	9.683750e+00	1.010815e-03	91779097.000000	0.000000e+00
7.626534e+00	9.681225e+00	1.010121e-03	91857255.000000	0.000000e+00
7.628529e+00	9.675298e+00	1.009379e-03	91879789.000000	0.000000e+00
7.630523e+00	9.669942e+00	1.008284e-03	91977597.000000	0.000000e+00
7.632518e+00	9.664464e+00	1.007675e-03	91984405.000000	0.000000e+00
7.634513e+00	9.659659e+00	1.006834e-03	92046679.000000	0.000000e+00
7.636507e+00	9.655602e+00	1.006246e-03	92076741.000000	0.000000e+00
7.638502e+00	9.648689e+00	1.005180e-03	92140177.000000	0.000000e+00
7.640497e+00	9.644648e+00	1.004331e-03	92218647.000000	0.000000e+00
7.642491e+00	9.636990e+00	1.003558e-03	92214217.000000	0.000000e+00
7.644486e+00	9.634252e+00	1.002970e-03	92269869.000000	0.000000e+00
7.646480e+00	9.626912e+00	1.001753e-03	92353369.000000	0.000000e+00
7.648475e+00	9.622529e+00	1.001282e-03	92356207.000000	0.000000e+00
7.650470e+00	9.620000e+00	1.000447e-03	92461713.000000	0.000000e+00
7.652465e+00	9.613261e+00	9.995982e-04	92489101.000000	0.000000e+00
7.654459e+00	9.606935e+00	9.988970e-04	92497131.000000	0.000000e+00
7.656454e+00	9.602855e+00	9.980224e-04	92580625.000000	0.000000e+00
7.658448e+00	9.597618e+00	9.972264e-04	92627365.000000	0.000000e+00
7.660443e+00	9.591683e+00	9.963420e-04	92677167.000000	0.000000e+00
7.662438e+00	9.588509e+00	9.957419e-04	92727517.000000	0.000000e+00
7.664432e+00	9.581134e+00	9.948149e-04	92757537.000000	0.000000e+00
7.666427e+00	9.576903e+00	9.940348e-04	92821153.000000	0.000000e+00
7.668422e+00	9.573553e+00	9.934708e-04	92861583.000000	0.000000e+00
7.670416e+00	9.568628e+00	9.927361e-04	92903413.000000	0.000000e+00
7.672411e+00	9.561259e+00	9.915662e-04	92979409.000000	0.000000e+00
7.674406e+00	9.556659e+00	9.908315e-04	93027747.000000	0.000000e+00
7.676401e+00	9.551469e+00	9.902876e-04	93028849.000000	0.000000e+00
7.678395e+00	9.546208e+00	9.892762e-04	93116505.000000	0.000000e+00
7.680389e+00	9.542904e+00	9.888918e-04	93124429.000000	0.000000e+00
7.682384e+00	9.536364e+00	9.875707e-04	93245799.000000	0.000000e+00
7.684379e+00	9.532748e+00	9.872033e-04	93244453.000000	0.000000e+00
7.686374e+00	9.526580e+00	9.861943e-04	93314485.000000	0.000000e+00
7.688368e+00	9.521190e+00	9.857357e-04	93295671.000000	0.000000e+00
7.690363e+00	9.517360e+00	9.846819e-04	93420265.000000	0.000000e+00
7.692358e+00	9.510876e+00	9.838198e-04	93456597.000000	0.000000e+00
7.694352e+00	9.504178e+00	9.829804e-04	93484471.000000	0.000000e+00
7.696347e+00	9.500701e+00	9.822800e-04	93549333.000000	0.000000e+00
7.698341e+00	9.496254e+00	9.817054e-04	93571237.000000	0.000000e+00
7.700336e+00	9.489443e+00	9.804587e-04	93674809.000000	0.000000e+00
7.702331e+00	9.485113e+00	9.801220e-04	93653655.000000	0.000000e+00
7.704325e+00	9.478721e+00	9.789852e-04	93744817.000000	0.000000e+00
7.706320e+00	9.475422e+00	9.783453e-04	93802149.000000	0.000000e+00
7.708315e+00	9.470559e+00	9.776564e-04	93838003.000000	0.000000e+00
7.710310e+00	9.467320e+00	9.771783e-04	93865609.000000	0.000000e+00
7.712304e+00	9.461857e+00	9.761275e-04	93959277.000000	0.000000e+00
7.714299e+00	9.455073e+00	9.754982e-04	93945685.000000	0.000000e+00
7.716293e+00	9.450070e+00	9.745434e-04	94030263.000000	0.000000e+00
7.718288e+00	9.445549e+00	9.738376e-04	94076545.000000	0.000000e+00
7.720283e+00	9.441494e+00	9.732094e-04	94117161.000000	0.000000e+00
7.722277e+00	9.435820e+00	9.723349e-04	94173247.000000	0.000000e+00
7.724272e+00	9.432169e+00	9.715745e-04	94247749.000000	0.000000e+00
7.726267e+00	9.426397e+00	9.708410e-04	94274709.000000	0.000000e+00
7.728262e+00	9.421575e+00	9.701842e-04	94305853.000000	0.000000e+00
7.730256e+00	9.416152e+00	9.692735e-04	94374411.000000	0.000000e+00
7.732251e+00	9.411570e+00	9.686785e-04	94398433.000000	0.000000e+00
7.734245e+00	9.406980e+00	9.678169e-04	94474365.000000	0.000000e+00
7.736239e+00	9.401668e+00	9.672800e-04	94472491.000000	0.000000e+00
7.738234e+00	9.396394e+00	9.660547e-04	94606069.000000	0.000000e+00
7.740229e+00	9.390838e+00	9.654253e-04	94617477.000000	0.000000e+00
7.742224e+00	9.385611e+00	9.647853e-04	94637599.000000	0.000000e+00
7.744219e+00	9.381208e+00	9.637520e-04	94751697.000000	0.000000e+00
7.746213e+00	9.377298e+00	9.634001e-04	94741909.000000	0.000000e+00
7.748208e+00	9.370072e+00	9.625403e-04	94765005.000000	0.000000e+00
7.750202e+00	9.365811e+00	9.614414e-04	94895407.000000	0.000000e+00
7.752197e+00	9.360140e+00	9.609108e-04	94885213.000000	0.000000e+00
7.754192e+00	9.355093e+00	9.599894e-04	94964949.000000	0.000000e+00
7.756186e+00	9.352378e+00	9.596756e-04	94971919.000000	0.000000e+00
7.758181e+00	9.347997e+00	9.586623e-04	95083629.000000	0.000000e+00
7.760176e+00	9.341853e+00	9.579341e-04	95103121.000000	0.000000e+00
7.762170e+00	9.336891e+00	9.573281e-04	95122441.000000	0.000000e+00
7.764165e+00	9.332358e+00	9.562932e-04	95235891.000000	0.000000e+00
7.766159e+00	9.327063e+00	9.559042e-04	95205289.000000	0.000000e+00
7.768154e+00	9.322207e+00	9.549138e-04	95303577.000000	0.000000e+00
7.770149e+00	9.316128e+00	9.539612e-04	95369503.000000	0.000000e+00
7.772144e+00	9.314018e+00	9.536932e-04	95379885.000000	0.000000e+00
7.774138e+00	9.305262e+00	9.524696e-04	95445373.000000	0.000000e+00
7.776133e+00	9.303629e+00	9.519720e-04	95511679.000000	0.000000e+00
7.778128e+00	9.296113e+00	9.511031e-04	95531733.000000	0.000000e+00
7.780122e+00	9.291493e+00	9.503106e-04	95596045.000000	0.000000e+00
7.782117e+00	9.286609e+00	9.495648e-04	95645625.000000	0.000000e+00
7.784112e+00	9.281524e+00	9.489928e-04	95656123.000000	0.000000e+00
7.786105e+00	9.278115e+00	9.484737e-04	95690517.000000	0.000000e+00
7.788100e+00	9.272752e+00	9.472699e-04	95823013.000000	0.000000e+00
7.790095e+00	9.268096e+00	9.466750e-04	95847151.000000	0.000000e+00
7.792090e+00	9.263593e+00	9.459754e-04	95895729.000000	0.000000e+00
7.794085e+00	9.258731e+00	9.453371e-04	95924485.000000	0.000000e+00
7.796079e+00	9.253056e+00	9.445177e-04	95973249.000000	0.000000e+00
7.798074e+00	9.249270e+00	9.437193e-04	96057055.000000	0.000000e+00
7.800069e+00	9.245927e+00	9.433475e-04	96063301.000000	0.000000e+00
7.802063e+00	9.240205e+00	9.424124e-04	96134937.000000	0.000000e+00
7.804058e+00	9.235735e+00	9.418291e-04	96160939.000000	0.000000e+00
7.806052e+00	9.227795e+00	9.405863e-04	96249537.000000	0.000000e+00
7.808047e+00	9.224017e+00	9.400766e-04	96275041.000000	0.000000e+00
7.810042e+00	9.219411e+00	9.393153e-04	96334881.000000	0.000000e+00
7.812037e+00	9.214328e+00	9.386789e-04	96359215.000000	0.000000e+00
7.814031e+00	9.211575e+00	9.380950e-04	96421561.000000	0.000000e+00
7.816026e+00	9.206272e+00	9.372759e-04	96478989.000000	0.000000e+00
7.818020e+00	9.199601e+00	9.364339e-04	96512527.000000	0.000000e+00
7.820015e+00	9.196585e+00	9.358922e-04	96560937.000000	0.000000e+00
7.822009e+00	9.192135e+00	9.350246e-04	96646621.000000	0.000000e+00
7.824004e+00	9.185967e+00	9.343056e-04	96665583.000000	0.000000e+00
7.825999e+00	9.181229e+00	9.334404e-04	96744973.000000	0.000000e+00
7.827994e+00	9.177358e+00	9.329096e-04	96773449.000000	0.000000e+00
7.829989e+00	9.172453e+00	9.322935e-04	96797853.000000	0.000000e+00
7.831983e+00	9.167973e+00	9.315445e-04	96858871.000000	0.000000e+00
7.833978e+00	9.162881e+00	9.307139e-04	96924093.000000	0.000000e+00
7.835972e+00	9.158420e+00	9.300394e-04	96970237.000000	0.000000e+00
7.837967e+00	9.152195e+00	9.292471e-04	97003647.000000	0.000000e+00
7.839962e+00	9.148467e+00	9.284400e-04	97093237.000000	0.000000e+00
7.841956e+00	9.142487e+00	9.278172e-04	97096549.000000	0.000000e+00
7.843951e+00	9.137549e+00	9.269221e-04	97179105.000000	0.000000e+00
7.845946e+00	9.133018e+00	9.263122e-04	97210663.000000	0.000000e+00
7.847940e+00	9.128966e+00	9.256545e-04	97262481.000000	0.000000e+00
7.849935e+00	9.125378e+00	9.250835e-04	97306069.000000	0.000000e+00
7.851929e+00	9.119605e+00	9.242076e-04	97367275.000000	0.000000e+00
7.853924e+00	9.114225e+00	9.235815e-04	97384329.000000	0.000000e+00
7.855919e+00	9.108425e+00	9.224988e-04	97488853.000000	0.000000e+00
7.857913e+00	9.107039e+00	9.223830e-04	97483647.000000	0.000000e+00
7.859908e+00	9.100549e+00	9.213184e-04	97569877.000000	0.000000e+00
7.861902e+00	9.095705e+00	9.207166e-04	97593465.000000	0.000000e+00
7.863897e+00	9.091021e+00	9.197959e-04	97688257.000000	0.000000e+00
7.865892e+00	9.087943e+00	9.195092e-04	97683007.000000	0.000000e+00
7.867886e+00	9.082767e+00	9.185536e-04	97774893.000000	0.000000e+00
7.869881e+00	9.076008e+00	9.176016e-04	97832113.000000	0.000000e+00
7.871876e+00	9.072816e+00	9.172225e-04	97844151.000000	0.000000e+00
7.873871e+00	9.067523e+00	9.163785e-04	97910125.000000	0.000000e+00
7.875865e+00	9.062725e+00	9.157418e-04	97942569.000000	0.000000e+00
7.877860e+00	9.057534e+00	9.148774e-04	98015365.000000	0.000000e+00
7.879855e+00	9.052631e+00	9.141664e-04	98061643.000000	0.000000e+00
7.881849e+00	9.050607e+00	9.138136e-04	98093493.000000	0.000000e+00
7.883844e+00	9.044083e+00	9.127824e-04	98173573.000000	0.000000e+00
7.885839e+00	9.039212e+00	9.121584e-04	98202063.000000	0.000000e+00
7.887833e+00	9.034526e+00	9.114395e-04	98255077.000000	0.000000e+00
7.889828e+00	9.030183e+00	9.107770e-04	98303517.000000	0.000000e+00
7.891822e+00	9.025774e+00	9.103344e-04	98303065.000000	0.000000e+00
7.893817e+00	9.022044e+00	9.092053e-04	98465935.000000	0.000000e+00
7.895812e+00	9.016165e+00	9.086951e-04	98448105.000000	0.000000e+00
7.897806e+00	9.011236e+00	9.080119e-04	98488513.000000	0.000000e+00
7.899801e+00	9.007111e+00	9.072543e-04	98562783.000000	0.000000e+00
7.901796e+00	9.001590e+00	9.064641e-04	98613697.000000	0.000000e+00
7.903790e+00	8.997653e+00	9.059709e-04	98634757.000000	0.000000e+00
7.905785e+00	8.992768e+00	9.051933e-04	98697027.000000	0.000000e+00
7.907779e+00	8.990884e+00	9.048016e-04	98741137.000000	0.000000e+00
7.909774e+00	8.985350e+00	9.038329e-04	98831121.000000	0.000000e+00
7.911769e+00	8.977782e+00	9.031450e-04	98815045.000000	0.000000e+00
7.913763e+00	8.974620e+00	9.023575e-04	98917899.000000	0.000000e+00
7.915758e+00	8.969861e+00	9.016505e-04	98968033.000000	0.000000e+00
7.917753e+00	8.964968e+00	9.010547e-04	98990869.000000	0.000000e+00
7.919747e+00	8.960496e+00	9.003396e-04	99049299.000000	0.000000e+00
7.921742e+00	8.955165e+00	8.995003e-04	99116185.000000	0.000000e+00
7.923737e+00	8.952496e+00	8.991822e-04	99127209.000000	0.000000e+00
7.925731e+00	8.946940e+00	8.983672e-04	99183925.000000	0.000000e+00
7.927726e+00	8.942506e+00	8.974731e-04	99283155.000000	0.000000e+00
7.929721e+00	8.937193e+00	8.969043e-04	99291025.000000	0.000000e+00
7.931715e+00	8.931912e+00	8.959925e-04	99375685.000000	0.000000e+00
7.933710e+00	8.927457e+00	8.955550e-04	99373587.000000	0.000000e+00
7.935705e+00	8.924695e+00	8.948494e-04	99468793.000000	0.000000e+00
7.937699e+00	8.920129e+00	8.942748e-04	99494757.000000	0.000000e+00
7.939694e+00	8.914096e+00	8.935522e-04	99520999.000000	0.000000e+00
7.941688e+00	8.910953e+00	8.927484e-04	99630021.000000	0.000000e+00
7.943683e+00	8.906294e+00	8.921269e-04	99664585.000000	0.000000e+00
7.945678e+00	8.901063e+00	8.915240e-04	99682213.000000	0.000000e+00
7.947672e+00	8.895736e+00	8.906888e-04	99749763.000000	0.000000e+00
7.949667e+00	8.891312e+00	8.899752e-04	99810409.000000	0.000000e+00
7.951662e+00	8.886780e+00	8.893450e-04	99850077.000000	0.000000e+00
7.953656e+00	8.881031e+00	8.885398e-04	99901723.000000	0.000000e+00
7.955651e+00	8.877756e+00	8.879990e-04	99949681.000000	0.000000e+00
7.957646e+00	8.871997e+00	8.872467e-04	99989409.000000	0.000000e+00
7.959640e+00	8.867898e+00	8.865956e-04	100043833.000000	0.000000e+00
7.961635e+00	8.863897e+00	8.858073e-04	100131543.000000	0.000000e+00
7.963630e+00	8.860721e+00	8.854801e-04	100133761.000000	0.000000e+00
7.965624e+00	8.856422e+00	8.846934e-04	100214589.000000	0.000000e+00
7.967619e+00	8.849154e+00	8.836575e-04	100284895.000000	0.000000e+00
7.969614e+00	8.846112e+00	8.833883e-04	100277065.000000	0.000000e+00
7.971609e+00	8.842012e+00	8.825563e-04	100373097.000000	0.000000e+00
7.973603e+00	8.837037e+00	8.821668e-04	100348747.000000	0.000000e+00
7.975597e+00	8.832832e+00	8.812051e-04	100472205.000000	0.000000e+00
7.977592e+00	8.828414e+00	8.806766e-04	100492225.000000	0.000000e+00
7.979587e+00	8.822387e+00	8.797195e-04	100573557.000000	0.000000e+00
7.981582e+00	8.818300e+00	8.791690e-04	100606267.000000	0.000000e+00
7.983576e+00	8.813511e+00	8.784908e-04	100652233.000000	0.000000e+00
7.985571e+00	8.808411e+00	8.776073e-04	100738329.000000	0.000000e+00
7.987566e+00	8.804242e+00	8.771734e-04	100742587.000000	0.000000e+00
7.989560e+00	8.800589e+00	8.766631e-04	100776201.000000	0.000000e+00
7.991555e+00	8.797205e+00	8.760319e-04	100843885.000000	0.000000e+00
7.993549e+00	8.791977e+00	8.752164e-04	100911877.000000	0.000000e+00
7.995544e+00	8.786070e+00	8.744348e-04	100956531.000000	0.000000e+00
7.997539e+00	8.783815e+00	8.739482e-04	101017129.000000	0.000000e+00
7.999533e+00	8.777831e+00	8.731470e-04	101064741.000000	0.000000e+00
8.001528e+00	8.773400e+00	8.725337e-04	101104723.000000	0.000000e+00
8.003523e+00	8.769881e+00	8.718326e-04	101186181.000000	0.000000e+00
8.005517e+00	8.766748e+00	8.716119e-04	101165101.000000	0.000000e+00
8.007512e+00	8.760224e+00	8.705998e-04	101249617.000000	0.000000e+00
8.009506e+00	8.756589e+00	8.700271e-04	101298819.000000	0.000000e+00
8.011501e+00	8.752062e+00	8.692140e-04	101383537.000000	0.000000e+00
8.013496e+00	8.746366e+00	8.684899e-04	101420493.000000	0.000000e+00
8.015490e+00	8.742419e+00	8.679738e-04	101449519.000000	0.000000e+00
8.017485e+00	8.738122e+00	8.672633e-04	101515953.000000	0.000000e+00
8.019480e+00	8.733729e+00	8.666713e-04	101552509.000000	0.000000e+00
8.021474e+00	8.729471e+00	8.660270e-04	101604511.000000	0.000000e+00
8.023469e+00	8.727867e+00	8.655018e-04	101690469.000000	0.000000e+00
8.025464e+00	8.720069e+00	8.646921e-04	101699041.000000	0.000000e+00
8.027458e+00	8.715765e+00	8.640290e-04	101754681.000000	0.000000e+00
8.029453e+00	8.711368e+00	8.631855e-04	101850811.000000	0.000000e+00
8.031448e+00	8.707579e+00	8.628832e-04	101833533.000000	0.000000e+00
8.033442e+00	8.701144e+00	8.617924e-04	101940661.000000	0.000000e+00
8.035437e+00	8.698670e+00	8.615230e-04	101946415.000000	0.000000e+00
8.037432e+00	8.694348e+00	8.607167e-04	102036057.000000	0.000000e+00
8.039426e+00	8.690698e+00	8.603128e-04	102046117.000000	0.000000e+00
8.041421e+00	8.684996e+00	8.595153e-04	102101493.000000	0.000000e+00
8.043415e+00	8.682267e+00	8.588765e-04	102189151.000000	0.000000e+00
8.045410e+00	8.676566e+00	8.582126e-04	102212953.000000	0.000000e+00
8.047405e+00	8.673593e+00	8.575261e-04	102306525.000000	0.000000e+00
8.049400e+00	8.668466e+00	8.571135e-04	102284035.000000	0.000000e+00
8.051394e+00	8.663897e+00	8.562091e-04	102392193.000000	0.000000e+00
8.053389e+00	8.659877e+00	8.557567e-04	102405397.000000	0.000000e+00
8.055383e+00	8.654526e+00	8.549413e-04	102474063.000000	0.000000e+00
8.057378e+00	8.650246e+00	8.543229e-04	102520993.000000	0.000000e+00
8.059372e+00	8.646252e+00	8.537182e-04	102571501.000000	0.000000e+00
8.061367e+00	8.640782e+00	8.529616e-04	102623577.000000	0.000000e+00
8.063362e+00	8.637340e+00	8.523660e-04	102685183.000000	0.000000e+00
8.065356e+00	8.632475e+00	8.517396e-04	102720453.000000	0.000000e+00
8.067351e+00	8.627545e+00	8.509024e-04	102805165.000000	0.000000e+00
8.069346e+00	8.623513e+00	8.504433e-04	102820011.000000	0.000000e+00
8.071341e+00	8.620508e+00	8.498784e-04	102885013.000000	0.000000e+00
8.073335e+00	8.614462e+00	8.491500e-04	102917089.000000	0.000000e+00
8.075330e+00	8.610208e+00	8.485603e-04	102958413.000000	0.000000e+00
8.077324e+00	8.605357e+00	8.476558e-04	103062043.000000	0.000000e+00
8.079319e+00	8.602769e+00	8.473435e-04	103075989.000000	0.000000e+00
8.081314e+00	8.597598e+00	8.464908e-04	103159645.000000	0.000000e+00
8.083309e+00	8.594008e+00	8.461747e-04	103150515.000000	0.000000e+00
8.085303e+00	8.589669e+00	8.453050e-04	103258525.000000	0.000000e+00
8.087298e+00	8.585328e+00	8.448482e-04	103265785.000000	0.000000e+00
8.089292e+00	8.581628e+00	8.442000e-04	103335309.000000	0.000000e+00
8.091287e+00	8.577578e+00	8.435404e-04	103399291.000000	0.000000e+00
8.093282e+00	8.571800e+00	8.428500e-04	103429269.000000	0.000000e+00
8.095276e+00	8.567893e+00	8.421446e-04	103508173.000000	0.000000e+00
8.097271e+00	8.563276e+00	8.414843e-04	103559011.000000	0.000000e+00
8.099266e+00	8.560183e+00	8.411889e-04	103556901.000000	0.000000e+00
8.101260e+00	8.554364e+00	8.401316e-04	103676605.000000	0.000000e+00
8.103255e+00	8.551180e+00	8.398776e-04	103662123.000000	0.000000e+00
8.105249e+00	8.544496e+00	8.388581e-04	103751869.000000	0.000000e+00
8.107244e+00	8.543348e+00	8.384674e-04	103820673.000000	0.000000e+00
8.109239e+00	8.538064e+00	8.378905e-04	103835113.000000	0.000000e+00
8.111233e+00	8.534258e+00	8.372915e-04	103891075.000000	0.000000e+00
8.113228e+00	8.529720e+00	8.365409e-04	103966917.000000	0.000000e+00
8.115223e+00	8.523281e+00	8.357721e-04	104001097.000000	0.000000e+00
8.117218e+00	8.521646e+00	8.354662e-04	104037327.000000	0.000000e+00
8.119212e+00	8.514901e+00	8.344639e-04	104122369.000000	0.000000e+00
8.121207e+00	8.511147e+00	8.340261e-04	104139849.000000	0.000000e+00
8.123201e+00	8.507804e+00	8.334254e-04	104208097.000000	0.000000e+00
8.125196e+00	8.502338e+00	8.327820e-04	104235139.000000	0.000000e+00
8.127191e+00	8.500290e+00	8.321771e-04	104336421.000000	0.000000e+00
8.129185e+00	8.494996e+00	8.316778e-04	104331649.000000	0.000000e+00
8.131180e+00	8.490029e+00	8.307164e-04	104451063.000000	0.000000e+00
8.133175e+00	8.488219e+00	8.306280e-04	104428729.000000	0.000000e+00
8.135169e+00	8.482184e+00	8.296377e-04	104529405.000000	0.000000e+00
8.137164e+00	8.479295e+00	8.292246e-04	104562295.000000	0.000000e+00
8.139159e+00	8.473926e+00	8.284162e-04	104633845.000000	0.000000e+00
8.141153e+00	8.469504e+00	8.279696e-04	104637453.000000	0.000000e+00
8.143147e+00	8.466727e+00	8.274741e-04	104694109.000000	0.000000e+00
8.145142e+00	8.461867e+00	8.265474e-04	104808579.000000	0.000000e+00
8.147137e+00	8.457098e+00	8.260368e-04	104819965.000000	0.000000e+00
8.149132e+00	8.454380e+00	8.255142e-04	104885245.000000	0.000000e+00
8.151126e+00	8.447584e+00	8.248851e-04	104876463.000000	0.000000e+00
8.153121e+00	8.443159e+00	8.239590e-04	105002269.000000	0.000000e+00
8.155116e+00	8.440579e+00	8.235429e-04	105044193.000000	0.000000e+00
8.157111e+00	8.435673e+00	8.228993e-04	105086281.000000	0.000000e+00
8.159105e+00	8.430795e+00	8.222897e-04	105120483.000000	0.000000e+00
8.161100e+00	8.427794e+00	8.218263e-04	105164161.000000	0.000000e+00
8.163094e+00	8.424182e+00	8.212141e-04	105230773.000000	0.000000e+00
8.165089e+00	8.418564e+00	8.203826e-04	105303567.000000	0.000000e+00
8.167084e+00	8.413964e+00	8.199459e-04	105300601.000000	0.000000e+00
8.169078e+00	8.409840e+00	8.191757e-04	105395337.000000	0.000000e+00
8.171073e+00	8.407116e+00	8.186763e-04	105455599.000000	0.000000e+00
8.173068e+00	8.403459e+00	8.181822e-04	105491169.000000	0.000000e+00
8.175062e+00	8.398040e+00	8.175120e-04	105527977.000000	0.000000e+00
8.177057e+00	8.392102e+00	8.166785e-04	105594013.000000	0.000000e+00
8.179052e+00	8.388123e+00	8.161083e-04	105641355.000000	0.000000e+00
8.181046e+00	8.386005e+00	8.156495e-04	105706837.000000	0.000000e+00
8.183041e+00	8.380839e+00	8.149151e-04	105767025.000000	0.000000e+00
8.185036e+00	8.376950e+00	8.144460e-04	105790639.000000	0.000000e+00
8.187031e+00	8.372909e+00	8.138190e-04	105851521.000000	0.000000e+00
8.189025e+00	8.369057e+00	8.132299e-04	105907413.000000	0.000000e+00
8.191019e+00	8.364963e+00	8.128698e-04	105897589.000000	0.000000e+00
8.193014e+00	8.359693e+00	8.116890e-04	106072143.000000	0.000000e+00
8.195009e+00	8.354912e+00	8.115014e-04	105999853.000000	0.000000e+00
8.197003e+00	8.351792e+00	8.107411e-04	106119429.000000	0.000000e+00
8.198998e+00	8.348093e+00	8.102231e-04	106161067.000000	0.000000e+00
8.200993e+00	8.343388e+00	8.095276e-04	106223749.000000	0.000000e+00
8.202987e+00	8.339192e+00	8.090248e-04	106248849.000000	0.000000e+00
8.204982e+00	8.335593e+00	8.084204e-04	106315957.000000	0.000000e+00
8.206977e+00	8.330612e+00	8.077059e-04	106376907.000000	0.000000e+00
8.208971e+00	8.327214e+00	8.072768e-04	106403161.000000	0.000000e+00
8.210966e+00	8.323310e+00	8.066638e-04	106465017.000000	0.000000e+00
8.212961e+00	8.319511e+00	8.059712e-04	106550779.000000	0.000000e+00
8.214955e+00	8.315249e+00	8.055240e-04	106559833.000000	0.000000e+00
8.216950e+00	8.310671e+00	8.048915e-04	106609905.000000	0.000000e+00
8.218944e+00	8.306880e+00	8.042675e-04	106677991.000000	0.000000e+00
8.220939e+00	8.303063e+00	8.036762e-04	106736877.000000	0.000000e+00
8.222934e+00	8.297511e+00	8.029668e-04	106782601.000000	0.000000e+00
8.224928e+00	8.293561e+00	8.024356e-04	106822245.000000	0.000000e+00
8.226923e+00	8.290336e+00	8.019081e-04	106879663.000000	0.000000e+00
8.228918e+00	8.285635e+00	8.011742e-04	106954165.000000	0.000000e+00
8.230912e+00	8.281869e+00	8.006869e-04	106987077.000000	0.000000e+00
8.232907e+00	8.278104e+00	8.000695e-04	107054839.000000	0.000000e+00
8.234902e+00	8.275050e+00	7.996554e-04	107086701.000000	0.000000e+00
8.236897e+00	8.269081e+00	7.988696e-04	107142721.000000	0.000000e+00
8.238891e+00	8.265440e+00	7.984103e-04	107171593.000000	0.000000e+00
8.240886e+00	8.262407e+00	7.977692e-04	107265147.000000	0.000000e+00
8.242880e+00	8.258320e+00	7.972200e-04	107306773.000000	0.000000e+00
8.244875e+00	8.255026e+00	7.968124e-04	107330901.000000	0.000000e+00
8.246870e+00	8.249965e+00	7.960132e-04	107414683.000000	0.000000e+00
8.248864e+00	8.246285e+00	7.955762e-04	107436813.000000	0.000000e+00
8.250859e+00	8.241143e+00	7.947132e-04	107536021.000000	0.000000e+00
8.252854e+00	8.236105e+00	7.942530e-04	107529115.000000	0.000000e+00
8.254848e+00	8.233240e+00	7.935372e-04	107648241.000000	0.000000e+00
8.256843e+00	8.229628e+00	7.931219e-04	107666485.000000	0.000000e+00
8.258838e+00	8.224506e+00	7.925622e-04	107684421.000000	0.000000e+00
8.260832e+00	8.220492e+00	7.919241e-04	107752783.000000	0.000000e+00
8.262827e+00	8.215013e+00	7.910849e-04	107837613.000000	0.000000e+00
8.264821e+00	8.213993e+00	7.909320e-04	107852557.000000	0.000000e+00
8.266816e+00	8.210303e+00	7.902286e-04	107947567.000000	0.000000e+00
8.268811e+00	8.205100e+00	7.897015e-04	107954757.000000	0.000000e+00
8.270805e+00	8.200258e+00	7.889218e-04	108040633.000000	0.000000e+00
8.272800e+00	8.197208e+00	7.884147e-04	108099213.000000	0.000000e+00
8.274795e+00	8.193036e+00	7.880529e-04	108088363.000000	0.000000e+00
8.276789e+00	8.187862e+00	7.871349e-04	108203841.000000	0.000000e+00
8.278784e+00	8.184297e+00	7.866363e-04	108246733.000000	0.000000e+00
8.280779e+00	8.181169e+00	7.862494e-04	108270499.000000	0.000000e+00
8.282773e+00	8.176309e+00	7.854777e-04	108354477.000000	0.000000e+00
8.284768e+00	8.172366e+00	7.849858e-04	108385705.000000	0.000000e+00
8.286762e+00	8.168134e+00	7.843550e-04	108447693.000000	0.000000e+00
8.288757e+00	8.164275e+00	7.839409e-04	108459775.000000	0.000000e+00
8.290751e+00	8.161326e+00	7.832227e-04	108580273.000000	0.000000e+00
8.292746e+00	8.156646e+00	7.826682e-04	108609501.000000	0.000000e+00
8.294741e+00	8.153174e+00	7.821982e-04	108647503.000000	0.000000e+00
8.296735e+00	8.147605e+00	7.816203e-04	108659649.000000	0.000000e+00
8.298730e+00	8.144165e+00	7.807641e-04	108806149.000000	0.000000e+00
8.300725e+00	8.141557e+00	7.804120e-04	108834627.000000	0.000000e+00
8.302720e+00	8.134654e+00	7.796167e-04	108871933.000000	0.000000e+00
8.304715e+00	8.133818e+00	7.794839e-04	108886645.000000	0.000000e+00
8.306709e+00	8.129135e+00	7.787809e-04	108957729.000000	0.000000e+00
8.308704e+00	8.125173e+00	7.781585e-04	109025743.000000	0.000000e+00
8.310698e+00	8.122016e+00	7.777102e-04	109066677.000000	0.000000e+00
8.312693e+00	8.116748e+00	7.769870e-04	109128109.000000	0.000000e+00
8.314688e+00	8.113227e+00	7.764436e-04	109186119.000000	0.000000e+00
8.316683e+00	8.108729e+00	7.758017e-04	109245637.000000	0.000000e+00
8.318677e+00	8.104833e+00	7.753147e-04	109277845.000000	0.000000e+00
8.320672e+00	8.101388e+00	7.748936e-04	109303653.000000	0.000000e+00
8.322666e+00	8.097563e+00	7.742115e-04	109392979.000000	0.000000e+00
8.324661e+00	8.093227e+00	7.736539e-04	109433433.000000	0.000000e+00
8.326655e+00	8.090266e+00	7.731376e-04	109499485.000000	0.000000e+00
8.328650e+00	8.084836e+00	7.725994e-04	109504947.000000	0.000000e+00
8.330644e+00	8.080636e+00	7.717507e-04	109631929.000000	0.000000e+00
8.332639e+00	8.077306e+00	7.713944e-04	109642789.000000	0.000000e+00
8.334634e+00	8.073976e+00	7.708213e-04	109715355.000000	0.000000e+00
8.336629e+00	8.068809e+00	7.702967e-04	109724305.000000	0.000000e+00
8.338623e+00	8.064743e+00	7.694787e-04	109846905.000000	0.000000e+00
8.340618e+00	8.061209e+00	7.691909e-04	109832821.000000	0.000000e+00
8.342612e+00	8.057236e+00	7.685966e-04	109894315.000000	0.000000e+00
8.344607e+00	8.053517e+00	7.680054e-04	109961997.000000	0.000000e+00
8.346602e+00	8.050315e+00	7.674059e-04	110046289.000000	0.000000e+00
8.348597e+00	8.046060e+00	7.669011e-04	110074791.000000	0.000000e+00
8.350591e+00	8.041043e+00	7.662410e-04	110127037.000000	0.000000e+00
8.352586e+00	8.038268e+00	7.658266e-04	110170185.000000	0.000000e+00
8.354581e+00	8.034726e+00	7.652603e-04	110236093.000000	0.000000e+00
8.356575e+00	8.029705e+00	7.647159e-04	110255167.000000	0.000000e+00
8.358570e+00	8.025760e+00	7.641127e-04	110320833.000000	0.000000e+00
8.360564e+00	8.022237e+00	7.635669e-04	110381641.000000	0.000000e+00
8.362559e+00	8.017871e+00	7.629112e-04	110451123.000000	0.000000e+00
8.364554e+00	8.014071e+00	7.623947e-04	110496013.000000	0.000000e+00
8.366548e+00	8.011214e+00	7.619875e-04	110535273.000000	0.000000e+00
8.368543e+00	8.007547e+00	7.614816e-04	110580919.000000	0.000000e+00
8.370538e+00	8.004020e+00	7.607389e-04	110699341.000000	0.000000e+00
8.372532e+00	7.998537e+00	7.603509e-04	110660589.000000	0.000000e+00
8.374527e+00	7.996664e+00	7.597582e-04	110781421.000000	0.000000e+00
8.376522e+00	7.992551e+00	7.592683e-04	110810343.000000	0.000000e+00
8.378517e+00	7.986912e+00	7.586295e-04	110840473.000000	0.000000e+00
8.380511e+00	7.982429e+00	7.579202e-04	110923417.000000	0.000000e+00
8.382506e+00	7.979984e+00	7.575126e-04	110974779.000000	0.000000e+00
8.384500e+00	7.976154e+00	7.570649e-04	110999437.000000	0.000000e+00
8.386495e+00	7.970851e+00	7.562937e-04	111078117.000000	0.000000e+00
8.388489e+00	7.968650e+00	7.560307e-04	111094009.000000	0.000000e+00
8.390484e+00	7.964122e+00	7.552140e-04	111207951.000000	0.000000e+00
8.392479e+00	7.961293e+00	7.549761e-04	111198973.000000	0.000000e+00
8.394473e+00	7.956078e+00	7.541352e-04	111301141.000000	0.000000e+00
8.396468e+00	7.953156e+00	7.537956e-04	111319647.000000	0.000000e+00
8.398463e+00	7.948439e+00	7.530130e-04	111418861.000000	0.000000e+00
8.400458e+00	7.944934e+00	7.526414e-04	111430593.000000	0.000000e+00
8.402452e+00	7.941184e+00	7.520709e-04	111494377.000000	0.000000e+00
8.404447e+00	7.937866e+00	7.516066e-04	111538923.000000	0.000000e+00
8.406441e+00	7.932585e+00	7.509424e-04	111587689.000000	0.000000e+00
8.408436e+00	7.928968e+00	7.503789e-04	111653437.000000	0.000000e+00
8.410430e+00	7.925273e+00	7.498663e-04	111701967.000000	0.000000e+00
8.412425e+00	7.921213e+00	7.492689e-04	111765553.000000	0.000000e+00
8.414420e+00	7.917644e+00	7.487699e-04	111813753.000000	0.000000e+00
8.416415e+00	7.915345e+00	7.483311e-04	111879907.000000	0.000000e+00
8.418409e+00	7.911947e+00	7.479179e-04	111907401.000000	0.000000e+00
8.420404e+00	7.907983e+00	7.472713e-04	111988861.000000	0.000000e+00
8.422399e+00	7.901374e+00	7.466491e-04	111988153.000000	0.000000e+00
8.424393e+00	7.898445e+00	7.460119e-04	112096395.000000	0.000000e+00
8.426388e+00	7.894509e+00	7.456422e-04	112095793.000000	0.000000e+00
8.428382e+00	7.892028e+00	7.449267e-04	112240641.000000	0.000000e+00
8.430377e+00	7.887675e+00	7.446245e-04	112207879.000000	0.000000e+00
8.432372e+00	7.884965e+00	7.440958e-04	112290193.000000	0.000000e+00
8.434367e+00	7.879338e+00	7.433566e-04	112353105.000000	0.000000e+00
8.436361e+00	7.877203e+00	7.430614e-04	112381453.000000	0.000000e+00
8.438356e+00	7.872458e+00	7.423976e-04	112446927.000000	0.000000e+00
8.440350e+00	7.869804e+00	7.419407e-04	112509577.000000	0.000000e+00
8.442345e+00	7.864864e+00	7.412882e-04	112566273.000000	0.000000e+00
8.444340e+00	7.860755e+00	7.408549e-04	112580275.000000	0.000000e+00
8.446334e+00	7.857721e+00	7.402423e-04	112679641.000000	0.000000e+00
8.448329e+00	7.854602e+00	7.399112e-04	112690977.000000	0.000000e+00
8.450324e+00	7.851062e+00	7.392053e-04	112804555.000000	0.000000e+00
8.452318e+00	7.845573e+00	7.387667e-04	112780689.000000	0.000000e+00
8.454313e+00	7.842238e+00	7.380882e-04	112892101.000000	0.000000e+00
8.456307e+00	7.837540e+00	7.375857e-04	112910541.000000	0.000000e+00
8.458302e+00	7.834730e+00	7.370707e-04	112987327.000000	0.000000e+00
8.460297e+00	7.831707e+00	7.366548e-04	113027677.000000	0.000000e+00
8.462291e+00	7.827275e+00	7.359517e-04	113115597.000000	0.000000e+00
8.464286e+00	7.825354e+00	7.357213e-04	113130931.000000	0.000000e+00
8.466281e+00	7.818796e+00	7.349014e-04	113193525.000000	0.000000e+00
8.468275e+00	7.815699e+00	7.344595e-04	113240029.000000	0.000000e+00
8.470270e+00	7.812429e+00	7.340207e-04	113280597.000000	0.000000e+00
8.472264e+00	7.808340e+00	7.333132e-04	113380531.000000	0.000000e+00
8.474259e+00	7.805401e+00	7.329500e-04	113407489.000000	0.000000e+00
8.476254e+00	7.800330e+00	7.322620e-04	113473101.000000	0.000000e+00
8.478249e+00	7.797278e+00	7.318336e-04	113517127.000000	0.000000e+00
8.480243e+00	7.794180e+00	7.314959e-04	113531673.000000	0.000000e+00
8.482238e+00	7.790052e+00	7.308166e-04	113622409.000000	0.000000e+00
8.484232e+00	7.787021e+00	7.303391e-04	113682493.000000	0.000000e+00
8.486227e+00	7.783799e+00	7.298058e-04	113754519.000000	0.000000e+00
8.488222e+00	7.779818e+00	7.293169e-04	113790577.000000	0.000000e+00
8.490217e+00	7.775254e+00	7.288361e-04	113807121.000000	0.000000e+00
8.492211e+00	7.770570e+00	7.280825e-04	113905495.000000	0.000000e+00
8.494206e+00	7.768081e+00	7.278055e-04	113919177.000000	0.000000e+00
8.496201e+00	7.765184e+00	7.271627e-04	114035581.000000	0.000000e+00
8.498195e+00	7.760446e+00	7.267478e-04	114026551.000000	0.000000e+00
8.500190e+00	7.755870e+00	7.260849e-04	114100137.000000	0.000000e+00
8.502185e+00	7.753199e+00	7.256452e-04	114159793.000000	0.000000e+00
8.504179e+00	7.748668e+00	7.250557e-04	114211917.000000	0.000000e+00
8.506174e+00	7.746726e+00	7.247646e-04	114246391.000000	0.000000e+00
8.508168e+00	7.741076e+00	7.240784e-04	114296109.000000	0.000000e+00
8.510163e+00	7.739044e+00	7.235958e-04	114388537.000000	0.000000e+00
8.512158e+00	7.734978e+00	7.230047e-04	114455299.000000	0.000000e+00
8.514153e+00	7.731355e+00	7.226397e-04	114463653.000000	0.000000e+00
8.516147e+00	7.727851e+00	7.221438e-04	114517057.000000	0.000000e+00
8.518142e+00	7.724040e+00	7.215264e-04	114600009.000000	0.000000e+00
8.520136e+00	7.720293e+00	7.210187e-04	114650119.000000	0.000000e+00
8.522131e+00	7.717378e+00	7.207163e-04	114659685.000000	0.000000e+00
8.524125e+00	7.713955e+00	7.201092e-04	114751249.000000	0.000000e+00
8.526120e+00	7.708942e+00	7.194686e-04	114806323.000000	0.000000e+00
8.528115e+00	7.705718e+00	7.190209e-04	114853233.000000	0.000000e+00
8.530109e+00	7.701873e+00	7.184804e-04	114911341.000000	0.000000e+00
8.532104e+00	7.696906e+00	7.178545e-04	114963387.000000	0.000000e+00
8.534099e+00	7.695085e+00	7.175439e-04	115008469.000000	0.000000e+00
8.536093e+00	7.690145e+00	7.168888e-04	115070893.000000	0.000000e+00
8.538088e+00	7.688136e+00	7.165666e-04	115114245.000000	0.000000e+00
8.540083e+00	7.684074e+00	7.159860e-04	115179187.000000	0.000000e+00
8.542077e+00	7.680434e+00	7.155584e-04	115207665.000000	0.000000e+00
8.544072e+00	7.675916e+00	7.147385e-04	115336321.000000	0.000000e+00
8.546067e+00	7.672975e+00	7.145170e-04	115319403.000000	0.000000e+00
8.548062e+00	7.669127e+00	7.138787e-04	115409905.000000	0.000000e+00
8.550056e+00	7.665210e+00	7.135386e-04	115401961.000000	0.000000e+00
8.552050e+00	7.660981e+00	7.127951e-04	115515273.000000	0.000000e+00
8.554045e+00	7.659043e+00	7.124326e-04	115574323.000000	0.000000e+00
8.556040e+00	7.655201e+00	7.119563e-04	115612965.000000	0.000000e+00
8.558035e+00	7.651077e+00	7.114994e-04	115636813.000000	0.000000e+00
8.560029e+00	7.647597e+00	7.109901e-04	115697199.000000	0.000000e+00
8.562024e+00	7.643297e+00	7.102689e-04	115801945.000000	0.000000e+00
8.564019e+00	7.639058e+00	7.098789e-04	115800673.000000	0.000000e+00
8.566013e+00	7.635925e+00	7.093861e-04	115866513.000000	0.000000e+00
8.568008e+00	7.633142e+00	7.088745e-04	115949251.000000	0.000000e+00
8.570003e+00	7.629590e+00	7.084467e-04	115981341.000000	0.000000e+00
8.571997e+00	7.625044e+00	7.078307e-04	116044873.000000	0.000000e+00
8.573992e+00	7.621705e+00	7.073467e-04	116101951.000000	0.000000e+00
8.575987e+00	7.618731e+00	7.070025e-04	116124357.000000	0.000000e+00
8.577981e+00	7.614640e+00	7.062503e-04	116246917.000000	0.000000e+00
8.579976e+00	7.612156e+00	7.062240e-04	116179755.000000	0.000000e+00
8.581970e+00	7.606946e+00	7.052655e-04	116336365.000000	0.000000e+00
8.583965e+00	7.604091e+00	7.048927e-04	116372025.000000	0.000000e+00
8.585959e+00	7.600970e+00	7.045480e-04	116390305.000000	0.000000e+00
8.587954e+00	7.597658e+00	7.038685e-04	116513527.000000	0.000000e+00
8.589949e+00	7.594044e+00	7.035554e-04	116506365.000000	0.000000e+00
8.591943e+00	7.590084e+00	7.030345e-04	116557405.000000	0.000000e+00
8.593938e+00	7.586287e+00	7.023522e-04	116667159.000000	0.000000e+00
8.595933e+00	7.581146e+00	7.018529e-04	116674909.000000	0.000000e+00
8.597927e+00	7.578388e+00	7.014704e-04	116717229.000000	0.000000e+00
8.599922e+00	7.576018e+00	7.009448e-04	116819233.000000	0.000000e+00
8.601917e+00	7.572959e+00	7.006070e-04	116837515.000000	0.000000e+00
8.603911e+00	7.568766e+00	7.000803e-04	116883837.000000	0.000000e+00
8.605906e+00	7.564195e+00	6.993576e-04	116984089.000000	0.000000e+00
8.607901e+00	7.560541e+00	6.988600e-04	117037599.000000	0.000000e+00
8.609895e+00	7.558275e+00	6.986576e-04	117035233.000000	0.000000e+00
8.611890e+00	7.553576e+00	6.978166e-04	117171645.000000	0.000000e+00
8.613885e+00	7.550725e+00	6.976781e-04	117129715.000000	0.000000e+00
8.615879e+00	7.546664e+00	6.969324e-04	117254281.000000	0.000000e+00
8.617874e+00	7.542653e+00	6.965552e-04	117256569.000000	0.000000e+00
8.619869e+00	7.539606e+00	6.959723e-04	117358189.000000	0.000000e+00
8.621863e+00	7.535454e+00	6.954778e-04	117395739.000000	0.000000e+00
8.623858e+00	7.533498e+00	6.951640e-04	117440761.000000	0.000000e+00
8.625853e+00	7.528779e+00	6.945559e-04	117499141.000000	0.000000e+00
8.627847e+00	7.525488e+00	6.941276e-04	117541371.000000	0.000000e+00
8.629842e+00	7.523421e+00	6.936885e-04	117625561.000000	0.000000e+00
8.631837e+00	7.519596e+00	6.931604e-04	117685137.000000	0.000000e+00
8.633831e+00	7.515601e+00	6.927582e-04	117696649.000000	0.000000e+00
8.635826e+00	7.512070e+00	6.921592e-04	117789699.000000	0.000000e+00
8.637821e+00	7.507755e+00	6.917164e-04	117805093.000000	0.000000e+00
8.639815e+00	7.504918e+00	6.911742e-04	117900829.000000	0.000000e+00
8.641810e+00	7.501998e+00	6.907866e-04	117941367.000000	0.000000e+00
8.643804e+00	7.497951e+00	6.904442e-04	117931009.000000	0.000000e+00
8.645799e+00	7.495836e+00	6.897530e-04	118100805.000000	0.000000e+00
8.647794e+00	7.489756e+00	6.892858e-04	118069231.000000	0.000000e+00
8.649788e+00	7.486286e+00	6.887505e-04	118143261.000000	0.000000e+00
8.651783e+00	7.484886e+00	6.884616e-04	118198225.000000	0.000000e+00
8.653777e+00	7.481331e+00	6.878810e-04	118285417.000000	0.000000e+00
8.655772e+00	7.476634e+00	6.873737e-04	118311327.000000	0.000000e+00
8.657767e+00	7.473832e+00	6.868778e-04	118393477.000000	0.000000e+00
8.659762e+00	7.470205e+00	6.864778e-04	118416441.000000	0.000000e+00
8.661756e+00	7.466611e+00	6.859809e-04	118473991.000000	0.000000e+00
8.663751e+00	7.463806e+00	6.855134e-04	118546509.000000	0.000000e+00
8.665746e+00	7.460542e+00	6.850727e-04	118595305.000000	0.000000e+00
8.667740e+00	7.456845e+00	6.845937e-04	118643653.000000	0.000000e+00
8.669735e+00	7.452354e+00	6.839742e-04	118715511.000000	0.000000e+00
8.671730e+00	7.448140e+00	6.835041e-04	118744477.000000	0.000000e+00
8.673724e+00	7.446313e+00	6.831523e-04	118808481.000000	0.000000e+00
8.675719e+00	7.441870e+00	6.826401e-04	118844911.000000	0.000000e+00
8.677713e+00	7.438758e+00	6.821557e-04	118914217.000000	0.000000e+00
8.679708e+00	7.434238e+00	6.814648e-04	119010717.000000	0.000000e+00
8.681703e+00	7.432926e+00	6.813244e-04	119017741.000000	0.000000e+00
8.683697e+00	7.428097e+00	6.807178e-04	119075079.000000	0.000000e+00
8.685692e+00	7.426176e+00	6.804084e-04	119121793.000000	0.000000e+00
8.687687e+00	7.422833e+00	6.798686e-04	119203605.000000	0.000000e+00
8.689681e+00	7.417892e+00	6.793566e-04	119224483.000000	0.000000e+00
8.691676e+00	7.414301e+00	6.787772e-04	119312521.000000	0.000000e+00
8.693671e+00	7.410460e+00	6.782157e-04	119386353.000000	0.000000e+00
8.695665e+00	7.407549e+00	6.779892e-04	119372299.000000	0.000000e+00
8.697660e+00	7.404217e+00	6.773030e-04	119506713.000000	0.000000e+00
8.699655e+00	7.399608e+00	6.768570e-04	119515333.000000	0.000000e+00
8.701649e+00	7.398122e+00	6.765928e-04	119560653.000000	0.000000e+00
8.703644e+00	7.394694e+00	6.761155e-04	119618563.000000	0.000000e+00
8.705638e+00	7.390867e+00	6.756282e-04	119667229.000000	0.000000e+00
8.707633e+00	7.385705e+00	6.747945e-04	119795565.000000	0.000000e+00
8.709628e+00	7.383729e+00	6.747360e-04	119752267.000000	0.000000e+00
8.711622e+00	7.380332e+00	6.741483e-04	119850801.000000	0.000000e+00
8.713617e+00	7.377616e+00	6.737015e-04	119921485.000000	0.000000e+00
8.715612e+00	7.373232e+00	6.732360e-04	119944705.000000	0.000000e+00
8.717606e+00	7.368798e+00	6.725550e-04	120043239.000000	0.000000e+00
8.719601e+00	7.366647e+00	6.723462e-04	120047677.000000	0.000000e+00
8.721595e+00	7.362421e+00	6.718213e-04	120097437.000000	0.000000e+00
8.723590e+00	7.360245e+00	6.713679e-04	120188659.000000	0.000000e+00
8.725585e+00	7.357110e+00	6.709085e-04	120250773.000000	0.000000e+00
8.727579e+00	7.353175e+00	6.704878e-04	120272977.000000	0.000000e+00
8.729574e+00	7.349696e+00	6.699373e-04	120356719.000000	0.000000e+00
8.731569e+00	7.346057e+00	6.694476e-04	120413577.000000	0.000000e+00
8.733564e+00	7.343441e+00	6.691371e-04	120439513.000000	0.000000e+00
8.735558e+00	7.340753e+00	6.686746e-04	120517893.000000	0.000000e+00
8.737553e+00	7.337928e+00	6.683075e-04	120557503.000000	0.000000e+00
8.739547e+00	7.333742e+00	6.677505e-04	120620961.000000	0.000000e+00
8.741542e+00	7.329747e+00	6.672630e-04	120665701.000000	0.000000e+00
8.743537e+00	7.325144e+00	6.666285e-04	120743731.000000	0.000000e+00
8.745531e+00	7.323621e+00	6.664295e-04	120765621.000000	0.000000e+00
8.747526e+00	7.318986e+00	6.656719e-04	120887497.000000	0.000000e+00
8.749521e+00	7.314820e+00	6.653120e-04	120880581.000000	0.000000e+00
8.751515e+00	7.312408e+00	6.649860e-04	120919375.000000	0.000000e+00
8.753510e+00	7.309571e+00	6.644943e-04	121004433.000000	0.000000e+00
8.755505e+00	7.308660e+00	6.642167e-04	121075429.000000	0.000000e+00
8.757499e+00	7.303017e+00	6.635992e-04	121113619.000000	0.000000e+00
8.759494e+00	7.299366e+00	6.630643e-04	121187817.000000	0.000000e+00
8.761489e+00	7.295087e+00	6.625870e-04	121220257.000000	0.000000e+00
8.763483e+00	7.292779e+00	6.622958e-04	121250109.000000	0.000000e+00
8.765478e+00	7.289426e+00	6.616658e-04	121369423.000000	0.000000e+00
8.767473e+00	7.287219e+00	6.615196e-04	121349569.000000	0.000000e+00
8.769467e+00	7.283169e+00	6.608417e-04	121463541.000000	0.000000e+00
8.771462e+00	7.278472e+00	6.603684e-04	121480867.000000	0.000000e+00
8.773456e+00	7.276079e+00	6.599033e-04	121572213.000000	0.000000e+00
8.775451e+00	7.273561e+00	6.594988e-04	121637101.000000	0.000000e+00
8.777446e+00	7.268995e+00	6.590164e-04	121662375.000000	0.000000e+00
8.779441e+00	7.266251e+00	6.586038e-04	121722889.000000	0.000000e+00
8.781435e+00	7.262549e+00	6.581177e-04	121778593.000000	0.000000e+00
8.783430e+00	7.259894e+00	6.577638e-04	121820577.000000	0.000000e+00
8.785424e+00	7.256397e+00	6.573125e-04	121870411.000000	0.000000e+00
8.787419e+00	7.252664e+00	6.567258e-04	121962693.000000	0.000000e+00
8.789414e+00	7.249721e+00	6.563461e-04	122004745.000000	0.000000e+00
8.791408e+00	7.244987e+00	6.557522e-04	122066247.000000	0.000000e+00
8.793403e+00	7.242352e+00	6.553991e-04	122108965.000000	0.000000e+00
8.795398e+00	7.239598e+00	6.550575e-04	122143405.000000	0.000000e+00
8.797392e+00	7.235482e+00	6.545133e-04	122207541.000000	0.000000e+00
8.799387e+00	7.233125e+00	6.540599e-04	122297287.000000	0.000000e+00
8.801382e+00	7.229496e+00	6.536265e-04	122336697.000000	0.000000e+00
8.803376e+00	7.226999e+00	6.532269e-04	122401825.000000	0.000000e+00
8.805371e+00	7.222867e+00	6.528356e-04	122408511.000000	0.000000e+00
8.807365e+00	7.218384e+00	6.521901e-04	122498725.000000	0.000000e+00
8.809360e+00	7.216524e+00	6.518821e-04	122551309.000000	0.000000e+00
8.811355e+00	7.211827e+00	6.512483e-04	122630187.000000	0.000000e+00
8.813350e+00	7.210086e+00	6.509413e-04	122686645.000000	0.000000e+00
8.815344e+00	7.206489e+00	6.506098e-04	122689197.000000	0.000000e+00
8.817339e+00	7.203279e+00	6.500602e-04	122787253.000000	0.000000e+00
8.819333e+00	7.198155e+00	6.495101e-04	122820427.000000	0.000000e+00
8.821328e+00	7.196059e+00	6.491736e-04	122876205.000000	0.000000e+00
8.823323e+00	7.193276e+00	6.486567e-04	122976937.000000	0.000000e+00
8.825317e+00	7.189135e+00	6.483101e-04	122966751.000000	0.000000e+00
8.827312e+00	7.186008e+00	6.477000e-04	123091369.000000	0.000000e+00
8.829306e+00	7.183732e+00	6.476121e-04	123046821.000000	0.000000e+00
8.831301e+00	7.179887e+00	6.469296e-04	123174601.000000	0.000000e+00
8.833296e+00	7.177837e+00	6.465528e-04	123247819.000000	0.000000e+00
8.835290e+00	7.173668e+00	6.461048e-04	123275457.000000	0.000000e+00
8.837285e+00	7.171547e+00	6.457485e-04	123338545.000000	0.000000e+00
8.839280e+00	7.166589e+00	6.451520e-04	123395943.000000	0.000000e+00
8.841274e+00	7.164035e+00	6.448650e-04	123417781.000000	0.000000e+00
8.843269e+00	7.160455e+00	6.443157e-04	123504777.000000	0.000000e+00
8.845264e+00	7.156953e+00	6.438918e-04	123546511.000000	0.000000e+00
8.847258e+00	7.153762e+00	6.434481e-04	123606649.000000	0.000000e+00
8.849253e+00	7.151214e+00	6.430502e-04	123671565.000000	0.000000e+00
8.851248e+00	7.147260e+00	6.424952e-04	123748345.000000	0.000000e+00
8.853242e+00	7.144848e+00	6.422528e-04	123758175.000000	0.000000e+00
8.855237e+00	7.140884e+00	6.416972e-04	123835093.000000	0.000000e+00
8.857231e+00	7.138450e+00	6.413774e-04	123874113.000000	0.000000e+00
8.859226e+00	7.134313e+00	6.407027e-04	123991327.000000	0.000000e+00
8.861221e+00	7.131153e+00	6.404954e-04	123961693.000000	0.000000e+00
8.863216e+00	7.128212e+00	6.399299e-04	124078473.000000	0.000000e+00
8.865210e+00	7.125212e+00	6.396231e-04	124093021.000000	0.000000e+00
8.867205e+00	7.121872e+00	6.390824e-04	124186551.000000	0.000000e+00
8.869199e+00	7.118914e+00	6.388008e-04	124192837.000000	0.000000e+00
8.871194e+00	7.116229e+00	6.381785e-04	124341325.000000	0.000000e+00
8.873189e+00	7.111575e+00	6.378299e-04	124314483.000000	0.000000e+00
8.875183e+00	7.108619e+00	6.374692e-04	124351801.000000	0.000000e+00
8.877178e+00	7.105384e+00	6.368154e-04	124493901.000000	0.000000e+00
8.879173e+00	7.103665e+00	6.366331e-04	124504897.000000	0.000000e+00
8.881168e+00	7.099691e+00	6.361547e-04	124552767.000000	0.000000e+00
8.883162e+00	7.097398e+00	6.358173e-04	124604461.000000	0.000000e+00
8.885157e+00	7.094199e+00	6.353264e-04	124684645.000000	0.000000e+00
8.887151e+00	7.090283e+00	6.349432e-04	124697415.000000	0.000000e+00
8.889146e+00	7.086556e+00	6.342767e-04	124828261.000000	0.000000e+00
8.891141e+00	7.082824e+00	6.340027e-04	124804629.000000	0.000000e+00
8.893135e+00	7.079771e+00	6.334729e-04	124905715.000000	0.000000e+00
8.895130e+00	7.077650e+00	6.331961e-04	124940073.000000	0.000000e+00
8.897125e+00	7.073378e+00	6.326170e-04	125017837.000000	0.000000e+00
8.899119e+00	7.070254e+00	6.322255e-04	125062213.000000	0.000000e+00
8.901114e+00	7.066515e+00	6.317754e-04	125108043.000000	0.000000e+00
8.903108e+00	7.064508e+00	6.313803e-04	125193517.000000	0.000000e+00
8.905103e+00	7.060544e+00	6.308951e-04	125245461.000000	0.000000e+00
8.907098e+00	7.057770e+00	6.306293e-04	125252611.000000	0.000000e+00
8.909092e+00	7.055356e+00	6.301792e-04	125345761.000000	0.000000e+00
8.911087e+00	7.051894e+00	6.296000e-04	125453313.000000	0.000000e+00
8.913082e+00	7.048508e+00	6.293783e-04	125421157.000000	0.000000e+00
8.915076e+00	7.046266e+00	6.289817e-04	125499507.000000	0.000000e+00
8.917071e+00	7.042124e+00	6.284144e-04	125578453.000000	0.000000e+00
8.919066e+00	7.039493e+00	6.280066e-04	125647653.000000	0.000000e+00
8.921061e+00	7.035897e+00	6.276088e-04	125678479.000000	0.000000e+00
8.923055e+00	7.032139e+00	6.272037e-04	125706481.000000	0.000000e+00
8.925050e+00	7.029889e+00	6.267199e-04	125820057.000000	0.000000e+00
8.927044e+00	7.026079e+00	6.263110e-04	125847907.000000	0.000000e+00
8.929039e+00	7.023433e+00	6.259369e-04	125903481.000000	0.000000e+00
8.931034e+00	7.019669e+00	6.254693e-04	125956681.000000	0.000000e+00
8.933028e+00	7.017369e+00	6.250696e-04	126035205.000000	0.000000e+00
8.935023e+00	7.013465e+00	6.245334e-04	126111307.000000	0.000000e+00
8.937018e+00	7.010773e+00	6.243500e-04	126088525.000000	0.000000e+00
8.939012e+00	7.007514e+00	6.238925e-04	126156165.000000	0.000000e+00
8.941007e+00	7.004173e+00	6.233715e-04	126246643.000000	0.000000e+00
8.943001e+00	7.001374e+00	6.229413e-04	126320085.000000	0.000000e+00
8.944996e+00	6.998104e+00	6.225514e-04	126360205.000000	0.000000e+00
8.946991e+00	6.994865e+00	6.221480e-04	126407049.000000	0.000000e+00
8.948986e+00	6.991925e+00	6.216637e-04	126497659.000000	0.000000e+00
8.950980e+00	6.989853e+00	6.214270e-04	126519061.000000	0.000000e+00
8.952975e+00	6.986255e+00	6.210046e-04	126560793.000000	0.000000e+00
8.954969e+00	6.982058e+00	6.204784e-04	126623311.000000	0.000000e+00
8.956964e+00	6.979183e+00	6.199598e-04	126730785.000000	0.000000e+00
8.958959e+00	6.976167e+00	6.197178e-04	126720205.000000	0.000000e+00
8.960953e+00	6.973247e+00	6.192349e-04	126811669.000000	0.000000e+00
8.962948e+00	6.971157e+00	6.188783e-04	126881763.000000	0.000000e+00
8.964943e+00	6.968351e+00	6.184737e-04	126945577.000000	0.000000e+00
8.966937e+00	6.964661e+00	6.181734e-04	126934401.000000	0.000000e+00
8.968932e+00	6.959857e+00	6.174988e-04	127036471.000000	0.000000e+00
8.970927e+00	6.958424e+00	6.172037e-04	127105641.000000	0.000000e+00
8.972921e+00	6.955565e+00	6.168886e-04	127130965.000000	0.000000e+00
8.974916e+00	6.952201e+00	6.163888e-04	127214095.000000	0.000000e+00
8.976910e+00	6.948524e+00	6.160600e-04	127215237.000000	0.000000e+00
8.978905e+00	6.946718e+00	6.154945e-04	127382857.000000	0.000000e+00
8.980900e+00	6.942403e+00	6.152167e-04	127339593.000000	0.000000e+00
8.982894e+00	6.939301e+00	6.146809e-04	127447711.000000	0.000000e+00
8.984889e+00	6.936046e+00	6.143699e-04	127457121.000000	0.000000e+00
8.986883e+00	6.932187e+00	6.138209e-04	127543141.000000	0.000000e+00
8.988878e+00	6.928899e+00	6.133189e-04	127630855.000000	0.000000e+00
8.990873e+00	6.927322e+00	6.130688e-04	127676901.000000	0.000000e+00
8.992868e+00	6.923688e+00	6.127869e-04	127660357.000000	0.000000e+00
8.994862e+00	6.921257e+00	6.121996e-04	127815597.000000	0.000000e+00
8.996857e+00	6.917456e+00	6.118097e-04	127838047.000000	0.000000e+00
8.998852e+00	6.915430e+00	6.116681e-04	127822329.000000	0.000000e+00
9.000846e+00	6.911383e+00	6.109455e-04	127974937.000000	0.000000e+00
9.002841e+00	6.909247e+00	6.106828e-04	128005891.000000	0.000000e+00
9.004836e+00	6.905598e+00	6.102949e-04	128033349.000000	0.000000e+00
9.006830e+00	6.902199e+00	6.097729e-04	128126425.000000	0.000000e+00
9.008825e+00	6.899954e+00	6.095344e-04	128143335.000000	0.000000e+00
9.010819e+00	6.896799e+00	6.090922e-04	128212129.000000	0.000000e+00
9.012814e+00	6.893351e+00	6.085724e-04	128302837.000000	0.000000e+00
9.014809e+00	6.890569e+00	6.082922e-04	128317413.000000	0.000000e+00
9.016803e+00	6.886924e+00	6.077669e-04	128403391.000000	0.000000e+00
9.018798e+00	6.883945e+00	6.073372e-04	128473905.000000	0.000000e+00
9.020793e+00	6.880207e+00	6.070093e-04	128473129.000000	0.000000e+00
9.022787e+00	6.877858e+00	6.065105e-04	128596695.000000	0.000000e+00
9.024782e+00	6.875865e+00	6.063435e-04	128592961.000000	0.000000e+00
9.026777e+00	6.872764e+00	6.058428e-04	128689453.000000	0.000000e+00
9.028771e+00	6.868732e+00	6.054152e-04	128720133.000000	0.000000e+00
9.030766e+00	6.865155e+00	6.048827e-04	128812615.000000	0.000000e+00
9.032761e+00	6.863402e+00	6.046580e-04	128842545.000000	0.000000e+00
9.034755e+00	6.860024e+00	6.041888e-04	128915737.000000	0.000000e+00
9.036750e+00	6.857105e+00	6.038491e-04	128951019.000000	0.000000e+00
9.038744e+00	6.854358e+00	6.035439e-04	128978029.000000	0.000000e+00
9.040739e+00	6.850293e+00	6.028575e-04	129118621.000000	0.000000e+00
9.042734e+00	6.846995e+00	6.025383e-04	129131079.000000	0.000000e+00
9.044728e+00	6.845723e+00	6.023180e-04	129177529.000000	0.000000e+00
9.046723e+00	6.843108e+00	6.018827e-04	129265653.000000	0.000000e+00
9.048718e+00	6.838678e+00	6.013967e-04	129307069.000000	0.000000e+00
9.050713e+00	6.835662e+00	6.010121e-04	129358419.000000	0.000000e+00
9.052707e+00	6.834316e+00	6.007144e-04	129435697.000000	0.000000e+00
9.054702e+00	6.829970e+00	6.002837e-04	129456673.000000	0.000000e+00
9.056696e+00	6.826042e+00	5.997899e-04	129520851.000000	0.000000e+00
9.058691e+00	6.823676e+00	5.994069e-04	129596497.000000	0.000000e+00
9.060686e+00	6.820728e+00	5.990212e-04	129651381.000000	0.000000e+00
9.062680e+00	6.817852e+00	5.987210e-04	129671977.000000	0.000000e+00
9.064675e+00	6.814129e+00	5.981740e-04	129767419.000000	0.000000e+00
9.066670e+00	6.812192e+00	5.978331e-04	129841581.000000	0.000000e+00
9.068665e+00	6.808035e+00	5.973338e-04	129900049.000000	0.000000e+00
9.070659e+00	6.805871e+00	5.971555e-04	129895047.000000	0.000000e+00
9.072653e+00	6.803284e+00	5.967490e-04	129973189.000000	0.000000e+00
9.074648e+00	6.798828e+00	5.961831e-04	130049529.000000	0.000000e+00
9.076643e+00	6.797010e+00	5.958644e-04	130119085.000000	0.000000e+00
9.078637e+00	6.794692e+00	5.956094e-04	130141699.000000	0.000000e+00
9.080632e+00	6.791315e+00	5.951011e-04	130234557.000000	0.000000e+00
9.082627e+00	6.788020e+00	5.947006e-04	130283533.000000	0.000000e+00
9.084622e+00	6.785321e+00	5.943506e-04	130333299.000000	0.000000e+00
9.086616e+00	6.781236e+00	5.939318e-04	130360069.000000	0.000000e+00
9.088611e+00	6.780048e+00	5.935841e-04	130467093.000000	0.000000e+00
9.090605e+00	6.775921e+00	5.931843e-04	130484023.000000	0.000000e+00
9.092600e+00	6.772289e+00	5.926648e-04	130572781.000000	0.000000e+00
9.094595e+00	6.770142e+00	5.923463e-04	130630353.000000	0.000000e+00
9.096589e+00	6.766093e+00	5.919405e-04	130653121.000000	0.000000e+00
9.098584e+00	6.764904e+00	5.915703e-04	130770699.000000	0.000000e+00
9.100579e+00	6.761233e+00	5.913101e-04	130743829.000000	0.000000e+00
9.102573e+00	6.759004e+00	5.908055e-04	130880917.000000	0.000000e+00
9.104568e+00	6.755856e+00	5.904893e-04	130899099.000000	0.000000e+00
9.106563e+00	6.752145e+00	5.899599e-04	130990129.000000	0.000000e+00
9.108557e+00	6.749750e+00	5.897643e-04	130984053.000000	0.000000e+00
9.110552e+00	6.745530e+00	5.892057e-04	131068489.000000	0.000000e+00
9.112547e+00	6.743860e+00	5.887999e-04	131184231.000000	0.000000e+00
9.114541e+00	6.740438e+00	5.885435e-04	131165317.000000	0.000000e+00
9.116536e+00	6.737045e+00	5.880510e-04	131252905.000000	0.000000e+00
9.118531e+00	6.733831e+00	5.876398e-04	131311287.000000	0.000000e+00
9.120525e+00	6.731126e+00	5.873323e-04	131343205.000000	0.000000e+00
9.122520e+00	6.729709e+00	5.869705e-04	131449809.000000	0.000000e+00
9.124514e+00	6.727335e+00	5.867563e-04	131453047.000000	0.000000e+00
9.126509e+00	6.722868e+00	5.861574e-04	131546949.000000	0.000000e+00
9.128504e+00	6.719922e+00	5.857798e-04	131601169.000000	0.000000e+00
9.130498e+00	6.716564e+00	5.854182e-04	131632129.000000	0.000000e+00
9.132493e+00	6.713702e+00	5.849883e-04	131713311.000000	0.000000e+00
9.134488e+00	6.711811e+00	5.847100e-04	131764465.000000	0.000000e+00
9.136482e+00	6.709121e+00	5.843221e-04	131833761.000000	0.000000e+00
9.138477e+00	6.705603e+00	5.839012e-04	131885455.000000	0.000000e+00
9.140472e+00	6.703142e+00	5.835756e-04	131935785.000000	0.000000e+00
9.142466e+00	6.698762e+00	5.830341e-04	132008269.000000	0.000000e+00
9.144461e+00	6.696974e+00	5.827833e-04	132051397.000000	0.000000e+00
9.146456e+00	6.693558e+00	5.823537e-04	132111411.000000	0.000000e+00
9.148450e+00	6.691920e+00	5.820956e-04	132163909.000000	0.000000e+00
9.150445e+00	6.687859e+00	5.815826e-04	132236481.000000	0.000000e+00
9.152440e+00	6.685012e+00	5.812433e-04	132278287.000000	0.000000e+00
9.154434e+00	6.682810e+00	5.809621e-04	132319129.000000	0.000000e+00
9.156429e+00	6.679511e+00	5.804214e-04	132434949.000000	0.000000e+00
9.158424e+00	6.677048e+00	5.801241e-04	132472945.000000	0.000000e+00
9.160418e+00	6.674648e+00	5.798341e-04	132510207.000000	0.000000e+00
9.162413e+00	6.671019e+00	5.794775e-04	132529069.000000	0.000000e+00
9.164407e+00	6.667952e+00	5.789700e-04	132639453.000000	0.000000e+00
9.166402e+00	6.665773e+00	5.786539e-04	132697663.000000	0.000000e+00
9.168397e+00	6.663201e+00	5.783032e-04	132756157.000000	0.000000e+00
9.170391e+00	6.660183e+00	5.778986e-04	132821673.000000	0.000000e+00
9.172386e+00	6.656019e+00	5.774394e-04	132866731.000000	0.000000e+00
9.174381e+00	6.652444e+00	5.770024e-04	132925161.000000	0.000000e+00
9.176375e+00	6.650361e+00	5.767861e-04	132941581.000000	0.000000e+00
9.178370e+00	6.648629e+00	5.764941e-04	133006965.000000	0.000000e+00
9.180364e+00	6.644298e+00	5.758471e-04	133132435.000000	0.000000e+00
9.182359e+00	6.642059e+00	5.755709e-04	133170409.000000	0.000000e+00
9.184354e+00	6.638460e+00	5.751894e-04	133202709.000000	0.000000e+00
9.186348e+00	6.636161e+00	5.748968e-04	133245943.000000	0.000000e+00
9.188343e+00	6.633133e+00	5.744584e-04	133327641.000000	0.000000e+00
9.190338e+00	6.630518e+00	5.740803e-04	133398085.000000	0.000000e+00
9.192332e+00	6.629020e+00	5.739010e-04	133421181.000000	0.000000e+00
9.194327e+00	6.626144e+00	5.734262e-04	133526251.000000	0.000000e+00
9.196322e+00	6.622384e+00	5.730579e-04	133546273.000000	0.000000e+00
9.198316e+00	6.619438e+00	5.726906e-04	133598685.000000	0.000000e+00
9.200311e+00	6.616333e+00	5.722418e-04	133682827.000000	0.000000e+00
9.202306e+00	6.614172e+00	5.719434e-04	133734933.000000	0.000000e+00
9.204301e+00	6.611551e+00	5.715339e-04	133820521.000000	0.000000e+00
9.206295e+00	6.607859e+00	5.712945e-04	133783147.000000	0.000000e+00
9.208289e+00	6.605658e+00	5.707684e-04	133940625.000000	0.000000e+00
9.210284e+00	6.602423e+00	5.704946e-04	133937905.000000	0.000000e+00
9.212279e+00	6.599248e+00	5.700419e-04	134021769.000000	0.000000e+00
9.214273e+00	6.597354e+00	5.697263e-04	134093275.000000	0.000000e+00
9.216268e+00	6.594309e+00	5.694468e-04	134101113.000000	0.000000e+00
9.218263e+00	6.591071e+00	5.688301e-04	134260033.000000	0.000000e+00
9.220258e+00	6.587406e+00	5.685890e-04	134224567.000000	0.000000e+00
9.222252e+00	6.585127e+00	5.681599e-04	134334381.000000	0.000000e+00
9.224247e+00	6.582884e+00	5.679126e-04	134359801.000000	0.000000e+00
9.226241e+00	6.578936e+00	5.674909e-04	134398221.000000	0.000000e+00
9.228236e+00	6.577182e+00	5.670993e-04	134512123.000000	0.000000e+00
9.230231e+00	6.573430e+00	5.667050e-04	134545761.000000	0.000000e+00
9.232225e+00	6.571045e+00	5.664102e-04	134588113.000000	0.000000e+00
9.234220e+00	6.568762e+00	5.660464e-04	134667559.000000	0.000000e+00
9.236215e+00	6.565354e+00	5.656980e-04	134693589.000000	0.000000e+00
9.238209e+00	6.563932e+00	5.653409e-04	134805409.000000	0.000000e+00
9.240204e+00	6.560880e+00	5.650078e-04	134838945.000000	0.000000e+00
9.242199e+00	6.557383e+00	5.645926e-04	134893399.000000	0.000000e+00
9.244193e+00	6.554600e+00	5.642268e-04	134953761.000000	0.000000e+00
9.246188e+00	6.552665e+00	5.639215e-04	135020173.000000	0.000000e+00
9.248183e+00	6.548377e+00	5.634736e-04	135057943.000000	0.000000e+00
9.250177e+00	6.546111e+00	5.632722e-04	135061065.000000	0.000000e+00
9.252171e+00	6.543668e+00	5.627421e-04	135214633.000000	0.000000e+00
9.254166e+00	6.540544e+00	5.623993e-04	135250299.000000	0.000000e+00
9.256161e+00	6.537575e+00	5.620718e-04	135285061.000000	0.000000e+00
9.258155e+00	6.534751e+00	5.616627e-04	135365173.000000	0.000000e+00
9.260150e+00	6.532446e+00	5.613100e-04	135439713.000000	0.000000e+00
9.262145e+00	6.530344e+00	5.610309e-04	135487267.000000	0.000000e+00
9.264140e+00	6.527546e+00	5.607191e-04	135521805.000000	0.000000e+00
9.266134e+00	6.523310e+00	5.602704e-04	135562849.000000	0.000000e+00
9.268129e+00	6.520859e+00	5.598544e-04	135662379.000000	0.000000e+00
9.270124e+00	6.519218e+00	5.595646e-04	135734593.000000	0.000000e+00
9.272118e+00	6.515575e+00	5.591821e-04	135768469.000000	0.000000e+00
9.274113e+00	6.512334e+00	5.588045e-04	135816813.000000	0.000000e+00
9.276108e+00	6.510393e+00	5.584492e-04	135908635.000000	0.000000e+00
9.278103e+00	6.507525e+00	5.581668e-04	135926385.000000	0.000000e+00
9.280097e+00	6.504186e+00	5.577235e-04	136002841.000000	0.000000e+00
9.282092e+00	6.501303e+00	5.574171e-04	136031727.000000	0.000000e+00
9.284086e+00	6.500212e+00	5.571353e-04	136123645.000000	0.000000e+00
9.286081e+00	6.497578e+00	5.568018e-04	136176373.000000	0.000000e+00
9.288075e+00	6.493734e+00	5.563325e-04	136244823.000000	0.000000e+00
9.290070e+00	6.490978e+00	5.559878e-04	136298077.000000	0.000000e+00
9.292065e+00	6.488125e+00	5.556213e-04	136358025.000000	0.000000e+00
9.294059e+00	6.485428e+00	5.553236e-04	136390765.000000	0.000000e+00
9.296054e+00	6.483028e+00	5.549184e-04	136488943.000000	0.000000e+00
9.298049e+00	6.479917e+00	5.546477e-04	136491129.000000	0.000000e+00
9.300043e+00	6.476857e+00	5.540688e-04	136647325.000000	0.000000e+00
9.302038e+00	6.473721e+00	5.539048e-04	136595907.000000	0.000000e+00
9.304033e+00	6.471352e+00	5.534400e-04	136725313.000000	0.000000e+00
9.306028e+00	6.468161e+00	5.530430e-04	136786725.000000	0.000000e+00
9.308022e+00	6.466336e+00	5.528193e-04	136820185.000000	0.000000e+00
9.310017e+00	6.462519e+00	5.524102e-04	136861171.000000	0.000000e+00
9.312011e+00	6.461628e+00	5.522268e-04	136914345.000000	0.000000e+00
9.314006e+00	6.458035e+00	5.516957e-04	137025541.000000	0.000000e+00
9.316001e+00	6.455795e+00	5.515146e-04	137020491.000000	0.000000e+00
9.317995e+00	6.451907e+00	5.509794e-04	137121469.000000	0.000000e+00
9.319990e+00	6.450179e+00	5.506722e-04	137200989.000000	0.000000e+00
9.321984e+00	6.446070e+00	5.503321e-04	137195623.000000	0.000000e+00
9.323979e+00	6.443597e+00	5.498723e-04	137319781.000000	0.000000e+00
9.325974e+00	6.441569e+00	5.496738e-04	137332473.000000	0.000000e+00
9.327968e+00	6.439152e+00	5.493357e-04	137398369.000000	0.000000e+00
9.329963e+00	6.435626e+00	5.488934e-04	137469243.000000	0.000000e+00
9.331957e+00	6.433607e+00	5.486467e-04	137506597.000000	0.000000e+00
9.333952e+00	6.430268e+00	5.481300e-04	137622981.000000	0.000000e+00
9.335947e+00	6.428309e+00	5.479977e-04	137605591.000000	0.000000e+00
9.337941e+00	6.426278e+00	5.475818e-04	137727601.000000	0.000000e+00
9.339936e+00	6.423455e+00	5.472326e-04	137782305.000000	0.000000e+00
9.341931e+00	6.420948e+00	5.470081e-04	137787817.000000	0.000000e+00
9.343926e+00	6.417969e+00	5.464968e-04	137917659.000000	0.000000e+00
9.345920e+00	6.414366e+00	5.462184e-04	137903365.000000	0.000000e+00
9.347915e+00	6.411390e+00	5.457365e-04	138018829.000000	0.000000e+00
9.349910e+00	6.409890e+00	5.454891e-04	138079467.000000	0.000000e+00
9.351905e+00	6.407388e+00	5.452544e-04	138090469.000000	0.000000e+00
9.353899e+00	6.403893e+00	5.448709e-04	138134085.000000	0.000000e+00
9.355893e+00	6.402486e+00	5.444761e-04	138273709.000000	0.000000e+00
9.357888e+00	6.399046e+00	5.441040e-04	138314175.000000	0.000000e+00
9.359883e+00	6.396437e+00	5.438360e-04	138337609.000000	0.000000e+00
9.361878e+00	6.393095e+00	5.434724e-04	138378061.000000	0.000000e+00
9.363872e+00	6.390699e+00	5.430331e-04	138498171.000000	0.000000e+00
9.365867e+00	6.388978e+00	5.428791e-04	138502117.000000	0.000000e+00
9.367861e+00	6.386752e+00	5.425270e-04	138585393.000000	0.000000e+00
9.369856e+00	6.383117e+00	5.421655e-04	138612295.000000	0.000000e+00
9.371850e+00	6.380285e+00	5.416947e-04	138730197.000000	0.000000e+00
9.373845e+00	6.377591e+00	5.414115e-04	138758089.000000	0.000000e+00
9.375840e+00	6.374021e+00	5.409033e-04	138863365.000000	0.000000e+00
9.377835e+00	6.372783e+00	5.408542e-04	138834651.000000	0.000000e+00
9.379829e+00	6.368823e+00	5.403627e-04	138914509.000000	0.000000e+00
9.381824e+00	6.366536e+00	5.398982e-04	139053729.000000	0.000000e+00
9.383819e+00	6.364116e+00	5.397149e-04	139042423.000000	0.000000e+00
9.385813e+00	6.362581e+00	5.394114e-04	139131813.000000	0.000000e+00
9.387808e+00	6.359016e+00	5.390230e-04	139176289.000000	0.000000e+00
9.389803e+00	6.357000e+00	5.386950e-04	139257493.000000	0.000000e+00
9.391797e+00	6.353052e+00	5.383260e-04	139275267.000000	0.000000e+00
9.393792e+00	6.350499e+00	5.380033e-04	139330405.000000	0.000000e+00
9.395787e+00	6.347540e+00	5.375285e-04	139446609.000000	0.000000e+00
9.397781e+00	6.345921e+00	5.373474e-04	139469419.000000	0.000000e+00
9.399776e+00	6.343093e+00	5.369860e-04	139532821.000000	0.000000e+00
9.401771e+00	6.340389e+00	5.366184e-04	139604913.000000	0.000000e+00
9.403765e+00	6.338284e+00	5.364503e-04	139599703.000000	0.000000e+00
9.405760e+00	6.335382e+00	5.359460e-04	139734453.000000	0.000000e+00
9.407754e+00	6.331762e+00	5.355953e-04	139757653.000000	0.000000e+00
9.409749e+00	6.330754e+00	5.353562e-04	139838001.000000	0.000000e+00
9.411744e+00	6.328107e+00	5.350453e-04	139883515.000000	0.000000e+00
9.413738e+00	6.324762e+00	5.346560e-04	139939213.000000	0.000000e+00
9.415733e+00	6.321053e+00	5.341568e-04	140036565.000000	0.000000e+00
9.417728e+00	6.319605e+00	5.340640e-04	140020987.000000	0.000000e+00
9.419722e+00	6.317050e+00	5.335867e-04	140158245.000000	0.000000e+00
9.421717e+00	6.315194e+00	5.333938e-04	140177209.000000	0.000000e+00
9.423712e+00	6.312322e+00	5.330257e-04	140243265.000000	0.000000e+00
9.425706e+00	6.309714e+00	5.326873e-04	140305519.000000	0.000000e+00
9.427701e+00	6.305690e+00	5.323161e-04	140322073.000000	0.000000e+00
9.429695e+00	6.303632e+00	5.319086e-04	140445441.000000	0.000000e+00
9.431690e+00	6.300669e+00	5.315328e-04	140511943.000000	0.000000e+00
9.433685e+00	6.298087e+00	5.313197e-04	140509437.000000	0.000000e+00
9.435679e+00	6.295706e+00	5.309488e-04	140599417.000000	0.000000e+00
9.437674e+00	6.293474e+00	5.306830e-04	140640541.000000	0.000000e+00
9.439668e+00	6.290704e+00	5.302727e-04	140734323.000000	0.000000e+00
9.441663e+00	6.287461e+00	5.298737e-04	140801041.000000	0.000000e+00
9.443658e+00	6.285035e+00	5.295810e-04	140847993.000000	0.000000e+00
9.445653e+00	6.282804e+00	5.293609e-04	140865091.000000	0.000000e+00
9.447647e+00	6.280147e+00	5.289836e-04	140946813.000000	0.000000e+00
9.449642e+00	6.277471e+00	5.285632e-04	141050809.000000	0.000000e+00
9.451637e+00	6.275901e+00	5.284373e-04	141047419.000000	0.000000e+00
9.453631e+00	6.273141e+00	5.279748e-04	141170433.000000	0.000000e+00
9.455626e+00	6.270149e+00	5.277361e-04	141163405.000000	0.000000e+00
9.457621e+00	6.267185e+00	5.272679e-04	141280533.000000	0.000000e+00
9.459615e+00	6.264292e+00	5.270295e-04	141277831.000000	0.000000e+00
9.461610e+00	6.262000e+00	5.266181e-04	141395157.000000	0.000000e+00
9.463604e+00	6.259913e+00	5.264342e-04	141399661.000000	0.000000e+00
9.465599e+00	6.257391e+00	5.259223e-04	141560911.000000	0.000000e+00
9.467594e+00	6.255368e+00	5.258411e-04	141513081.000000	0.000000e+00
9.469588e+00	6.252683e+00	5.254088e-04	141624409.000000	0.000000e+00
9.471583e+00	6.249621e+00	5.250687e-04	141669045.000000	0.000000e+00
9.473578e+00	6.246702e+00	5.247079e-04	141731527.000000	0.000000e+00
9.475573e+00	6.244013e+00	5.243309e-04	141813201.000000	0.000000e+00
9.477567e+00	6.242936e+00	5.242055e-04	141832153.000000	0.000000e+00
9.479562e+00	6.239021e+00	5.237310e-04	141911095.000000	0.000000e+00
9.481557e+00	6.237288e+00	5.234612e-04	141978525.000000	0.000000e+00
9.483551e+00	6.234071e+00	5.231282e-04	142012693.000000	0.000000e+00
9.485545e+00	6.231902e+00	5.228661e-04	142056207.000000	0.000000e+00
9.487540e+00	6.229624e+00	5.224418e-04	142183033.000000	0.000000e+00
9.489535e+00	6.226039e+00	5.220752e-04	142218937.000000	0.000000e+00
9.491530e+00	6.223986e+00	5.218410e-04	142252809.000000	0.000000e+00
9.493524e+00	6.221669e+00	5.214782e-04	142344787.000000	0.000000e+00
9.495519e+00	6.219506e+00	5.212505e-04	142370133.000000	0.000000e+00
9.497514e+00	6.217005e+00	5.208612e-04	142468369.000000	0.000000e+00
9.499508e+00	6.213375e+00	5.205425e-04	142476327.000000	0.000000e+00
9.501503e+00	6.211769e+00	5.202107e-04	142584409.000000	0.000000e+00
9.503498e+00	6.208204e+00	5.197949e-04	142648717.000000	0.000000e+00
9.505492e+00	6.205710e+00	5.195817e-04	142651185.000000	0.000000e+00
9.507487e+00	6.203484e+00	5.191685e-04	142775815.000000	0.000000e+00
9.509482e+00	6.200508e+00	5.188529e-04	142812477.000000	0.000000e+00
9.511476e+00	6.198938e+00	5.186427e-04	142855885.000000	0.000000e+00
9.513471e+00	6.196187e+00	5.182858e-04	142925727.000000	0.000000e+00
9.515465e+00	6.193752e+00	5.179835e-04	142980133.000000	0.000000e+00
9.517460e+00	6.191579e+00	5.176175e-04	143081977.000000	0.000000e+00
9.519455e+00	6.187953e+00	5.173076e-04	143085723.000000	0.000000e+00
9.521449e+00	6.185438e+00	5.169312e-04	143177689.000000	0.000000e+00
9.523444e+00	6.183364e+00	5.167192e-04	143199129.000000	0.000000e+00
9.525438e+00	6.180884e+00	5.163932e-04	143265013.000000	0.000000e+00
9.527433e+00	6.178604e+00	5.160100e-04	143372079.000000	0.000000e+00
9.529428e+00	6.176155e+00	5.156876e-04	143437621.000000	0.000000e+00
9.531423e+00	6.173318e+00	5.154306e-04	143448757.000000	0.000000e+00
9.533417e+00	6.171284e+00	5.151678e-04	143500599.000000	0.000000e+00
9.535412e+00	6.168340e+00	5.146597e-04	143646865.000000	0.000000e+00
9.537407e+00	6.165875e+00	5.145303e-04	143604309.000000	0.000000e+00
9.539401e+00	6.163710e+00	5.142023e-04	143686597.000000	0.000000e+00
9.541395e+00	6.161157e+00	5.138316e-04	143774839.000000	0.000000e+00
9.543390e+00	6.157529e+00	5.133952e-04	143849841.000000	0.000000e+00
9.545385e+00	6.156556e+00	5.132221e-04	143901361.000000	0.000000e+00
9.547380e+00	6.154054e+00	5.129557e-04	143933871.000000	0.000000e+00
9.549374e+00	6.151039e+00	5.126451e-04	143967097.000000	0.000000e+00
9.551369e+00	6.148884e+00	5.122146e-04	144108237.000000	0.000000e+00
9.553363e+00	6.144803e+00	5.118706e-04	144110461.000000	0.000000e+00
9.555358e+00	6.142996e+00	5.115760e-04	144191647.000000	0.000000e+00
9.557353e+00	6.141373e+00	5.113080e-04	144266625.000000	0.000000e+00
9.559347e+00	6.138666e+00	5.110227e-04	144300433.000000	0.000000e+00
9.561342e+00	6.136038e+00	5.106196e-04	144404655.000000	0.000000e+00
9.563337e+00	6.133011e+00	5.104101e-04	144380629.000000	0.000000e+00
9.565331e+00	6.130701e+00	5.100027e-04	144502521.000000	0.000000e+00
9.567326e+00	6.128124e+00	5.096622e-04	144574015.000000	0.000000e+00
9.569321e+00	6.126951e+00	5.095087e-04	144605761.000000	0.000000e+00
9.571315e+00	6.124654e+00	5.092778e-04	144628401.000000	0.000000e+00
9.573310e+00	6.120861e+00	5.086844e-04	144786541.000000	0.000000e+00
9.575305e+00	6.119735e+00	5.086123e-04	144774303.000000	0.000000e+00
9.577299e+00	6.115739e+00	5.081404e-04	144854017.000000	0.000000e+00
9.579294e+00	6.113446e+00	5.078370e-04	144918381.000000	0.000000e+00
9.581289e+00	6.110724e+00	5.074810e-04	144992551.000000	0.000000e+00
9.583284e+00	6.108267e+00	5.072327e-04	145017853.000000	0.000000e+00
9.585278e+00	6.106858e+00	5.069757e-04	145098009.000000	0.000000e+00
9.587273e+00	6.103884e+00	5.066722e-04	145130449.000000	0.000000e+00
9.589267e+00	6.101188e+00	5.063031e-04	145213743.000000	0.000000e+00
9.591262e+00	6.099231e+00	5.059777e-04	145307281.000000	0.000000e+00
9.593257e+00	6.096964e+00	5.058184e-04	145290733.000000	0.000000e+00
9.595251e+00	6.094170e+00	5.053541e-04	145424475.000000	0.000000e+00
9.597246e+00	6.091119e+00	5.050817e-04	145435645.000000	0.000000e+00
9.599241e+00	6.089787e+00	5.047981e-04	145535493.000000	0.000000e+00
9.601235e+00	6.086977e+00	5.045481e-04	145545307.000000	0.000000e+00
9.603230e+00	6.084336e+00	5.041079e-04	145673097.000000	0.000000e+00
9.605225e+00	6.082451e+00	5.039136e-04	145695133.000000	0.000000e+00
9.607219e+00	6.079633e+00	5.036076e-04	145737133.000000	0.000000e+00
9.609214e+00	6.077027e+00	5.032627e-04	145811847.000000	0.000000e+00
9.611208e+00	6.075327e+00	5.030851e-04	145833229.000000	0.000000e+00
9.613203e+00	6.072855e+00	5.026122e-04	145988865.000000	0.000000e+00
9.615197e+00	6.069376e+00	5.023101e-04	145997083.000000	0.000000e+00
9.617192e+00	6.067373e+00	5.020263e-04	146065773.000000	0.000000e+00
9.619187e+00	6.064262e+00	5.015920e-04	146168833.000000	0.000000e+00
9.621182e+00	6.062454e+00	5.014891e-04	146141653.000000	0.000000e+00
9.623176e+00	6.060147e+00	5.011098e-04	146251563.000000	0.000000e+00
9.625171e+00	6.057586e+00	5.008001e-04	146308813.000000	0.000000e+00
9.627166e+00	6.055668e+00	5.005911e-04	146338257.000000	0.000000e+00
9.629160e+00	6.052745e+00	5.001517e-04	146454043.000000	0.000000e+00
9.631155e+00	6.049992e+00	4.999088e-04	146463037.000000	0.000000e+00
9.633150e+00	6.048005e+00	4.995500e-04	146577165.000000	0.000000e+00
9.635144e+00	6.045420e+00	4.993223e-04	146585533.000000	0.000000e+00
9.637139e+00	6.043155e+00	4.989851e-04	146673723.000000	0.000000e+00
9.639133e+00	6.039724e+00	4.986190e-04	146722417.000000	0.000000e+00
9.641128e+00	6.037295e+00	4.983082e-04	146787393.000000	0.000000e+00
9.643123e+00	6.036560e+00	4.981100e-04	146868475.000000	0.000000e+00
9.645118e+00	6.033727e+00	4.978103e-04	146907349.000000	0.000000e+00
9.647112e+00	6.031494e+00	4.975015e-04	146980905.000000	0.000000e+00
9.649107e+00	6.029056e+00	4.972593e-04	147005227.000000	0.000000e+00
9.651101e+00	6.025904e+00	4.968584e-04	147088641.000000	0.000000e+00
9.653096e+00	6.022698e+00	4.964436e-04	147177805.000000	0.000000e+00
9.655091e+00	6.021754e+00	4.963571e-04	147182949.000000	0.000000e+00
9.657085e+00	6.019138e+00	4.959929e-04	147271147.000000	0.000000e+00
9.659080e+00	6.016935e+00	4.956953e-04	147340141.000000	0.000000e+00
9.661075e+00	6.014177e+00	4.952865e-04	147448173.000000	0.000000e+00
9.663069e+00	6.012381e+00	4.952081e-04	147406759.000000	0.000000e+00
9.665064e+00	6.009592e+00	4.947238e-04	147558561.000000	0.000000e+00
9.667058e+00	6.007025e+00	4.945581e-04	147531301.000000	0.000000e+00
9.669053e+00	6.004857e+00	4.942150e-04	147629637.000000	0.000000e+00
9.671048e+00	6.002553e+00	4.938352e-04	147743359.000000	0.000000e+00
9.673042e+00	5.999773e+00	4.935783e-04	147760261.000000	0.000000e+00
9.675037e+00	5.998165e+00	4.933475e-04	147819201.000000	0.000000e+00
9.677032e+00	5.995469e+00	4.929900e-04	147900667.000000	0.000000e+00
9.679027e+00	5.993176e+00	4.927536e-04	147929385.000000	0.000000e+00
9.681021e+00	5.990544e+00	4.924003e-04	148011613.000000	0.000000e+00
9.683015e+00	5.987997e+00	4.921706e-04	148023871.000000	0.000000e+00
9.685010e+00	5.986073e+00	4.917372e-04	148189677.000000	0.000000e+00
9.687005e+00	5.983491e+00	4.915650e-04	148165549.000000	0.000000e+00
9.689000e+00	5.981354e+00	4.912452e-04	148252617.000000	0.000000e+00
9.690994e+00	5.979106e+00	4.909587e-04	148314187.000000	0.000000e+00
9.692989e+00	5.976361e+00	4.906277e-04	148377981.000000	0.000000e+00
9.694984e+00	5.974154e+00	4.903545e-04	148433713.000000	0.000000e+00
9.696978e+00	5.971273e+00	4.900392e-04	148481467.000000	0.000000e+00
9.698973e+00	5.969348e+00	4.897512e-04	148560285.000000	0.000000e+00
9.700968e+00	5.967218e+00	4.894489e-04	148637725.000000	0.000000e+00
9.702962e+00	5.965398e+00	4.892697e-04	148655925.000000	0.000000e+00
9.704957e+00	5.962362e+00	4.888774e-04	148743079.000000	0.000000e+00
9.706952e+00	5.959403e+00	4.884877e-04	148832649.000000	0.000000e+00
9.708946e+00	5.957445e+00	4.883717e-04	148805521.000000	0.000000e+00
9.710941e+00	5.954909e+00	4.879454e-04	148938799.000000	0.000000e+00
9.712935e+00	5.953387e+00	4.877525e-04	148980429.000000	0.000000e+00
9.714930e+00	5.951075e+00	4.873899e-04	149086309.000000	0.000000e+00
9.716925e+00	5.948676e+00	4.872237e-04	149067795.000000	0.000000e+00
9.718919e+00	5.945796e+00	4.868222e-04	149169193.000000	0.000000e+00
9.720914e+00	5.944563e+00	4.866304e-04	149224917.000000	0.000000e+00
9.722908e+00	5.940953e+00	4.862472e-04	149278753.000000	0.000000e+00
9.724903e+00	5.938813e+00	4.859295e-04	149366335.000000	0.000000e+00
9.726898e+00	5.936672e+00	4.857190e-04	149388069.000000	0.000000e+00
9.728892e+00	5.934251e+00	4.853276e-04	149507101.000000	0.000000e+00
9.730887e+00	5.932064e+00	4.851394e-04	149512899.000000	0.000000e+00
9.732882e+00	5.929484e+00	4.847616e-04	149615761.000000	0.000000e+00
9.734877e+00	5.927088e+00	4.844906e-04	149662165.000000	0.000000e+00
9.736871e+00	5.925331e+00	4.842546e-04	149719269.000000	0.000000e+00
9.738866e+00	5.922467e+00	4.839364e-04	149771335.000000	0.000000e+00
9.740860e+00	5.920008e+00	4.836507e-04	149823849.000000	0.000000e+00
9.742855e+00	5.918697e+00	4.833557e-04	149940325.000000	0.000000e+00
9.744850e+00	5.915092e+00	4.830137e-04	149969931.000000	0.000000e+00
9.746845e+00	5.912360e+00	4.827163e-04	150016093.000000	0.000000e+00
9.748839e+00	5.912137e+00	4.825806e-04	150089125.000000	0.000000e+00
9.750834e+00	5.908599e+00	4.822325e-04	150126081.000000	0.000000e+00
9.752828e+00	5.906335e+00	4.818950e-04	150221203.000000	0.000000e+00
9.754823e+00	5.904563e+00	4.816662e-04	150273789.000000	0.000000e+00
9.756818e+00	5.902145e+00	4.813808e-04	150328825.000000	0.000000e+00
9.758812e+00	5.899170e+00	4.810515e-04	150382971.000000	0.000000e+00
9.760807e+00	5.897190e+00	4.807521e-04	150469285.000000	0.000000e+00
9.762802e+00	5.895152e+00	4.805148e-04	150513817.000000	0.000000e+00
9.764796e+00	5.892908e+00	4.802615e-04	150557991.000000	0.000000e+00
9.766791e+00	5.890706e+00	4.799128e-04	150664189.000000	0.000000e+00
9.768786e+00	5.888337e+00	4.796379e-04	150715677.000000	0.000000e+00
9.770780e+00	5.886069e+00	4.793710e-04	150767341.000000	0.000000e+00
9.772775e+00	5.884303e+00	4.792269e-04	150767523.000000	0.000000e+00
9.774769e+00	5.881354e+00	4.787222e-04	150934201.000000	0.000000e+00
9.776764e+00	5.878915e+00	4.784760e-04	150964213.000000	0.000000e+00
9.778759e+00	5.877357e+00	4.782923e-04	151000155.000000	0.000000e+00
9.780753e+00	5.875034e+00	4.780317e-04	151045333.000000	0.000000e+00
9.782748e+00	5.872310e+00	4.776674e-04	151135557.000000	0.000000e+00
9.784743e+00	5.869762e+00	4.773881e-04	151181233.000000	0.000000e+00
9.786737e+00	5.867696e+00	4.770363e-04	151297699.000000	0.000000e+00
9.788732e+00	5.866325e+00	4.769186e-04	151301709.000000	0.000000e+00
9.790727e+00	5.863329e+00	4.765935e-04	151353481.000000	0.000000e+00
9.792721e+00	5.860906e+00	4.762570e-04	151442151.000000	0.000000e+00
9.794716e+00	5.858553e+00	4.759171e-04	151536805.000000	0.000000e+00
9.796711e+00	5.856326e+00	4.756609e-04	151584789.000000	0.000000e+00
9.798706e+00	5.854325e+00	4.754595e-04	151609567.000000	0.000000e+00
9.800700e+00	5.852185e+00	4.751749e-04	151680253.000000	0.000000e+00
9.802695e+00	5.849313e+00	4.748488e-04	151739661.000000	0.000000e+00
9.804689e+00	5.846935e+00	4.745001e-04	151839193.000000	0.000000e+00
9.806684e+00	5.845218e+00	4.742968e-04	151880127.000000	0.000000e+00
9.808678e+00	5.843530e+00	4.741698e-04	151873801.000000	0.000000e+00
9.810673e+00	5.840033e+00	4.736253e-04	152041053.000000	0.000000e+00
9.812668e+00	5.839336e+00	4.735912e-04	152026615.000000	0.000000e+00
9.814662e+00	5.835619e+00	4.731065e-04	152144413.000000	0.000000e+00
9.816657e+00	5.833987e+00	4.729279e-04	152174217.000000	0.000000e+00
9.818652e+00	5.831532e+00	4.725766e-04	152272321.000000	0.000000e+00
9.820646e+00	5.829912e+00	4.724479e-04	152270643.000000	0.000000e+00
9.822641e+00	5.827536e+00	4.720393e-04	152410081.000000	0.000000e+00
9.824636e+00	5.825086e+00	4.719145e-04	152362477.000000	0.000000e+00
9.826630e+00	5.823061e+00	4.714713e-04	152542995.000000	0.000000e+00
9.828625e+00	5.820011e+00	4.712249e-04	152542573.000000	0.000000e+00
9.830620e+00	5.817912e+00	4.708862e-04	152651985.000000	0.000000e+00
9.832614e+00	5.816338e+00	4.708012e-04	152624461.000000	0.000000e+00
9.834608e+00	5.814143e+00	4.705175e-04	152693223.000000	0.000000e+00
9.836603e+00	5.811144e+00	4.700260e-04	152854921.000000	0.000000e+00
9.838598e+00	5.808848e+00	4.698221e-04	152866753.000000	0.000000e+00
9.840593e+00	5.807276e+00	4.696116e-04	152921055.000000	0.000000e+00
9.842587e+00	5.805198e+00	4.693373e-04	152990293.000000	0.000000e+00
9.844582e+00	5.801939e+00	4.689120e-04	153095949.000000	0.000000e+00
9.846577e+00	5.800178e+00	4.687920e-04	153081307.000000	0.000000e+00
9.848572e+00	5.797940e+00	4.684503e-04	153186453.000000	0.000000e+00
9.850566e+00	5.796829e+00	4.683659e-04	153182929.000000	0.000000e+00
9.852561e+00	5.794562e+00	4.679502e-04	153335233.000000	0.000000e+00
9.854555e+00	5.791715e+00	4.676864e-04	153357423.000000	0.000000e+00
9.856550e+00	5.788967e+00	4.673688e-04	153420277.000000	0.000000e+00
9.858545e+00	5.788233e+00	4.671621e-04	153517113.000000	0.000000e+00
9.860540e+00	5.785263e+00	4.669037e-04	153529435.000000	0.000000e+00
9.862534e+00	5.783234e+00	4.665794e-04	153635073.000000	0.000000e+00
9.864529e+00	5.780516e+00	4.663343e-04	153652117.000000	0.000000e+00
9.866523e+00	5.779112e+00	4.661689e-04	153686497.000000	0.000000e+00
9.868518e+00	5.776414e+00	4.657662e-04	153808623.000000	0.000000e+00
9.870512e+00	5.774322e+00	4.655694e-04	153827233.000000	0.000000e+00
9.872507e+00	5.770980e+00	4.650924e-04	153964509.000000	0.000000e+00
9.874502e+00	5.769008e+00	4.649234e-04	153971179.000000	0.000000e+00
9.876496e+00	5.766473e+00	4.646300e-04	154030225.000000	0.000000e+00
9.878491e+00	5.765243e+00	4.643633e-04	154141437.000000	0.000000e+00
9.880486e+00	5.762835e+00	4.641679e-04	154142395.000000	0.000000e+00
9.882480e+00	5.761059e+00	4.638940e-04	154229397.000000	0.000000e+00
9.884475e+00	5.758605e+00	4.635951e-04	154296769.000000	0.000000e+00
9.886470e+00	5.756347e+00	4.633476e-04	154340553.000000	0.000000e+00
9.888464e+00	5.754237e+00	4.630273e-04	154440847.000000	0.000000e+00
9.890459e+00	5.752095e+00	4.628254e-04	154460617.000000	0.000000e+00
9.892454e+00	5.750301e+00	4.625300e-04	154561509.000000	0.000000e+00
9.894448e+00	5.747693e+00	4.622924e-04	154580095.000000	0.000000e+00
9.896443e+00	5.745611e+00	4.619625e-04	154688865.000000	0.000000e+00
9.898437e+00	5.743780e+00	4.617921e-04	154704349.000000	0.000000e+00
9.900432e+00	5.741521e+00	4.614010e-04	154844889.000000	0.000000e+00
9.902427e+00	5.738630e+00	4.612006e-04	154823419.000000	0.000000e+00
9.904422e+00	5.736942e+00	4.609365e-04	154909729.000000	0.000000e+00
9.906416e+00	5.735265e+00	4.606846e-04	154988541.000000	0.000000e+00
9.908411e+00	5.732630e+00	4.604379e-04	155012143.000000	0.000000e+00
9.910405e+00	5.729758e+00	4.600811e-04	155097141.000000	0.000000e+00
9.912400e+00	5.727919e+00	4.598005e-04	155186809.000000	0.000000e+00
9.914395e+00	5.726843e+00	4.596638e-04	155220837.000000	0.000000e+00
9.916389e+00	5.724583e+00	4.593354e-04	155320147.000000	0.000000e+00
9.918384e+00	5.721382e+00	4.590336e-04	155350609.000000	0.000000e+00
9.920379e+00	5.719485e+00	4.587875e-04	155414181.000000	0.000000e+00
9.922374e+00	5.717357e+00	4.585221e-04	155478451.000000	0.000000e+00
9.924368e+00	5.715843e+00	4.582920e-04	155552193.000000	0.000000e+00
9.926363e+00	5.712906e+00	4.580287e-04	155571061.000000	0.000000e+00
9.928357e+00	5.710440e+00	4.577328e-04	155637763.000000	0.000000e+00
9.930352e+00	5.708355e+00	4.574282e-04	155731365.000000	0.000000e+00
9.932346e+00	5.706828e+00	4.571451e-04	155840905.000000	0.000000e+00
9.934341e+00	5.704848e+00	4.570028e-04	155829777.000000	0.000000e+00
9.936336e+00	5.702103e+00	4.566885e-04	155894239.000000	0.000000e+00
9.938330e+00	5.700013e+00	4.563571e-04	156006297.000000	0.000000e+00
9.940325e+00	5.698319e+00	4.561436e-04	156059533.000000	0.000000e+00
9.942320e+00	5.696099e+00	4.559257e-04	156087055.000000	0.000000e+00
9.944314e+00	5.693607e+00	4.556331e-04	156150897.000000	0.000000e+00
9.946309e+00	5.691709e+00	4.553287e-04	156255493.000000	0.000000e+00
9.948304e+00	5.690098e+00	4.551505e-04	156289353.000000	0.000000e+00
9.950298e+00	5.688138e+00	4.549353e-04	156329515.000000	0.000000e+00
9.952293e+00	5.684101e+00	4.544778e-04	156422157.000000	0.000000e+00
9.954288e+00	5.682698e+00	4.542454e-04	156504949.000000	0.000000e+00
9.956282e+00	5.682131e+00	4.541681e-04	156526963.000000	0.000000e+00
9.958277e+00	5.679683e+00	4.538813e-04	156589857.000000	0.000000e+00
9.960272e+00	5.676066e+00	4.534374e-04	156696841.000000	0.000000e+00
9.962266e+00	5.674889e+00	4.532925e-04	156732003.000000	0.000000e+00
9.964261e+00	5.672692e+00	4.530187e-04	156800053.000000	0.000000e+00
9.966256e+00	5.669842e+00	4.527822e-04	156806205.000000	0.000000e+00
9.968250e+00	5.668412e+00	4.524177e-04	156979789.000000	0.000000e+00
9.970245e+00	5.666253e+00	4.522752e-04	156959083.000000	0.000000e+00
9.972240e+00	5.664440e+00	4.520291e-04	157029429.000000	0.000000e+00
9.974234e+00	5.662123e+00	4.517329e-04	157106845.000000	0.000000e+00
9.976229e+00	5.660279e+00	4.514611e-04	157193619.000000	0.000000e+00
9.978224e+00	5.658213e+00	4.512479e-04	157227373.000000	0.000000e+00
9.980218e+00	5.655988e+00	4.509761e-04	157293133.000000	0.000000e+00
9.982213e+00	5.653166e+00	4.506315e-04	157376709.000000	0.000000e+00
9.984208e+00	5.651287e+00	4.504305e-04	157412467.000000	0.000000e+00
9.986202e+00	5.648769e+00	4.501561e-04	157463997.000000	0.000000e+00
9.988197e+00	5.648007e+00	4.499518e-04	157564573.000000	0.000000e+00
9.990191e+00	5.644670e+00	4.496398e-04	157596879.000000	0.000000e+00
9.992186e+00	5.642865e+00	4.493413e-04	157705477.000000	0.000000e+00
9.994181e+00	5.641218e+00	4.492069e-04	157707721.000000	0.000000e+00
9.996175e+00	5.638807e+00	4.489017e-04	157787295.000000	0.000000e+00
9.998170e+00	5.636111e+00	4.485851e-04	157859041.000000	0.000000e+00
1.000016e+01	5.635000e+00	4.483519e-04	157961001.000000	0.000000e+00
1.000216e+01	5.633097e+00	4.481977e-04	157962985.000000	0.000000e+00
1.000415e+01	5.630707e+00	4.478961e-04	158041527.000000	0.000000e+00
1.000615e+01	5.627902e+00	4.476172e-04	158080933.000000	0.000000e+00
1.000814e+01	5.627589e+00	4.473444e-04	158256217.000000	0.000000e+00
1.001014e+01	5.624208e+00	4.471527e-04	158201655.000000	0.000000e+00
1.001213e+01	5.622320e+00	4.468606e-04	158302237.000000	0.000000e+00
1.001413e+01	5.619895e+00	4.465691e-04	158372241.000000	0.000000e+00
1.001612e+01	5.618449e+00	4.463502e-04	158446033.000000	0.000000e+00
1.001812e+01	5.616661e+00	4.461214e-04	158507707.000000	0.000000e+00
1.002011e+01	5.614350e+00	4.459074e-04	158529297.000000	0.000000e+00
1.002211e+01	5.611955e+00	4.455561e-04	158643949.000000	0.000000e+00
1.002410e+01	5.609791e+00	4.453301e-04	158682567.000000	0.000000e+00
1.002610e+01	5.608330e+00	4.451377e-04	158737021.000000	0.000000e+00
1.002809e+01	5.606371e+00	4.449108e-04	158788017.000000	0.000000e+00
1.003008e+01	5.603989e+00	4.445925e-04	158880373.000000	0.000000e+00
1.003208e+01	5.602445e+00	4.443797e-04	158944963.000000	0.000000e+00
1.003407e+01	5.599577e+00	4.440920e-04	158988105.000000	0.000000e+00
1.003607e+01	5.597627e+00	4.437965e-04	159088993.000000	0.000000e+00
1.003806e+01	5.595888e+00	4.436210e-04	159115983.000000	0.000000e+00
1.004006e+01	5.593539e+00	4.433981e-04	159142345.000000	0.000000e+00
1.004205e+01	5.591310e+00	4.430065e-04	159296757.000000	0.000000e+00
1.004405e+01	5.589005e+00	4.428650e-04	159267175.000000	0.000000e+00
1.004604e+01	5.587413e+00	4.425597e-04	159396145.000000	0.000000e+00
1.004804e+01	5.585045e+00	4.423054e-04	159444237.000000	0.000000e+00
1.005003e+01	5.583891e+00	4.420828e-04	159538873.000000	0.000000e+00
1.005203e+01	5.581264e+00	4.418489e-04	159557655.000000	0.000000e+00
1.005402e+01	5.578901e+00	4.416012e-04	159601417.000000	0.000000e+00
1.005601e+01	5.576254e+00	4.412698e-04	159689625.000000	0.000000e+00
1.005801e+01	5.575672e+00	4.410818e-04	159792403.000000	0.000000e+00
1.006000e+01	5.572887e+00	4.408160e-04	159825433.000000	0.000000e+00
1.006200e+01	5.571330e+00	4.406420e-04	159862281.000000	0.000000e+00
1.006399e+01	5.568158e+00	4.402649e-04	159953953.000000	0.000000e+00
1.006599e+01	5.567596e+00	4.401265e-04	160022259.000000	0.000000e+00
1.006798e+01	5.565290e+00	4.398645e-04	160080229.000000	0.000000e+00
1.006998e+01	5.562634e+00	4.395802e-04	160134409.000000	0.000000e+00
1.007197e+01	5.560546e+00	4.392909e-04	160225059.000000	0.000000e+00
1.007397e+01	5.558983e+00	4.391815e-04	160214773.000000	0.000000e+00
1.007596e+01	5.557178e+00	4.388752e-04	160334349.000000	0.000000e+00
1.007796e+01	5.555374e+00	4.386333e-04	160407043.000000	0.000000e+00
1.007995e+01	5.552804e+00	4.383986e-04	160430301.000000	0.000000e+00
1.008195e+01	5.550409e+00	4.380549e-04	160543549.000000	0.000000e+00
1.008394e+01	5.548694e+00	4.378939e-04	160562329.000000	0.000000e+00
1.008593e+01	5.547247e+00	4.376460e-04	160660491.000000	0.000000e+00
1.008793e+01	5.543405e+00	4.372528e-04	160726681.000000	0.000000e+00
1.008992e+01	5.543578e+00	4.372194e-04	160761249.000000	0.000000e+00
1.009192e+01	5.541294e+00	4.369998e-04	160790335.000000	0.000000e+00
1.009391e+01	5.538075e+00	4.365704e-04	160919625.000000	0.000000e+00
1.009591e+01	5.536778e+00	4.363762e-04	160987513.000000	0.000000e+00
1.009790e+01	5.535306e+00	4.362218e-04	161015797.000000	0.000000e+00
1.009990e+01	5.532798e+00	4.359231e-04	161090463.000000	0.000000e+00
1.010189e+01	5.531612e+00	4.357227e-04	161169601.000000	0.000000e+00
1.010389e+01	5.528382e+00	4.354013e-04	161219133.000000	0.000000e+00
1.010588e+01	5.527697e+00	4.352847e-04	161265583.000000	0.000000e+00
1.010788e+01	5.524659e+00	4.349312e-04	161350317.000000	0.000000e+00
1.010987e+01	5.522184e+00	4.345964e-04	161454301.000000	0.000000e+00
1.011187e+01	5.520861e+00	4.345166e-04	161436169.000000	0.000000e+00
1.011386e+01	5.519388e+00	4.342914e-04	161517459.000000	0.000000e+00
1.011585e+01	5.516827e+00	4.339317e-04	161635165.000000	0.000000e+00
1.011785e+01	5.514447e+00	4.336985e-04	161669481.000000	0.000000e+00
1.011984e+01	5.513098e+00	4.335684e-04	161687407.000000	0.000000e+00
1.012184e+01	5.510476e+00	4.331833e-04	161820949.000000	0.000000e+00
1.012383e+01	5.509180e+00	4.330139e-04	161871429.000000	0.000000e+00
1.012583e+01	5.507341e+00	4.328184e-04	161909623.000000	0.000000e+00
1.012782e+01	5.504655e+00	4.325029e-04	161987721.000000	0.000000e+00
1.012982e+01	5.502857e+00	4.323241e-04	162015889.000000	0.000000e+00
1.013181e+01	5.500806e+00	4.320233e-04	162120657.000000	0.000000e+00
1.013381e+01	5.498729e+00	4.317592e-04	162196459.000000	0.000000e+00
1.013580e+01	5.496848e+00	4.316075e-04	162199489.000000	0.000000e+00
1.013780e+01	5.495559e+00	4.312952e-04	162358329.000000	0.000000e+00
1.013979e+01	5.492685e+00	4.311153e-04	162323959.000000	0.000000e+00
1.014178e+01	5.490266e+00	4.307543e-04	162452937.000000	0.000000e+00
1.014378e+01	5.488386e+00	4.305894e-04	162465997.000000	0.000000e+00
1.014577e+01	5.486840e+00	4.302918e-04	162599253.000000	0.000000e+00
1.014777e+01	5.485466e+00	4.302322e-04	162562879.000000	0.000000e+00
1.014976e+01	5.483883e+00	4.299276e-04	162699337.000000	0.000000e+00
1.015176e+01	5.482208e+00	4.297289e-04	162750321.000000	0.000000e+00
1.015375e+01	5.479914e+00	4.294757e-04	162805999.000000	0.000000e+00
1.015575e+01	5.477564e+00	4.291716e-04	162896901.000000	0.000000e+00
1.015774e+01	5.475573e+00	4.289109e-04	162976489.000000	0.000000e+00
1.015974e+01	5.473662e+00	4.287740e-04	162966763.000000	0.000000e+00
1.016173e+01	5.471482e+00	4.284909e-04	163052217.000000	0.000000e+00
1.016373e+01	5.469418e+00	4.281909e-04	163157593.000000	0.000000e+00
1.016572e+01	5.467744e+00	4.279935e-04	163208169.000000	0.000000e+00
1.016772e+01	5.465620e+00	4.277650e-04	163255687.000000	0.000000e+00
1.016971e+01	5.463500e+00	4.275255e-04	163311933.000000	0.000000e+00
1.017170e+01	5.461654e+00	4.272700e-04	163396801.000000	0.000000e+00
1.017370e+01	5.460128e+00	4.270794e-04	163451323.000000	0.000000e+00
1.017569e+01	5.458105e+00	4.268066e-04	163539045.000000	0.000000e+00
1.017769e+01	5.455851e+00	4.266076e-04	163556509.000000	0.000000e+00
1.017968e+01	5.454814e+00	4.264060e-04	163649001.000000	0.000000e+00
1.018168e+01	5.451869e+00	4.260835e-04	163719859.000000	0.000000e+00
1.018367e+01	5.449224e+00	4.257355e-04	163828605.000000	0.000000e+00
1.018567e+01	5.447526e+00	4.256049e-04	163826989.000000	0.000000e+00
1.018766e+01	5.446091e+00	4.254354e-04	163871203.000000	0.000000e+00
1.018966e+01	5.444680e+00	4.252607e-04	163920813.000000	0.000000e+00
1.019165e+01	5.442702e+00	4.249355e-04	164052601.000000	0.000000e+00
1.019365e+01	5.440602e+00	4.247141e-04	164097015.000000	0.000000e+00
1.019564e+01	5.438739e+00	4.244666e-04	164175901.000000	0.000000e+00
1.019763e+01	5.437329e+00	4.242886e-04	164228481.000000	0.000000e+00
1.019963e+01	5.435299e+00	4.240691e-04	164275801.000000	0.000000e+00
1.020162e+01	5.432450e+00	4.237067e-04	164384455.000000	0.000000e+00
1.020362e+01	5.431667e+00	4.236788e-04	164358729.000000	0.000000e+00
1.020561e+01	5.428305e+00	4.232532e-04	164485621.000000	0.000000e+00
1.020761e+01	5.427313e+00	4.230661e-04	164570991.000000	0.000000e+00
1.020960e+01	5.425860e+00	4.229094e-04	164604781.000000	0.000000e+00
1.021160e+01	5.422785e+00	4.225831e-04	164672269.000000	0.000000e+00
1.021359e+01	5.420604e+00	4.223632e-04	164711193.000000	0.000000e+00
1.021559e+01	5.419155e+00	4.221219e-04	164811451.000000	0.000000e+00
1.021758e+01	5.417481e+00	4.219147e-04	164871441.000000	0.000000e+00
1.021958e+01	5.415881e+00	4.216835e-04	164954845.000000	0.000000e+00
1.022157e+01	5.414223e+00	4.214795e-04	165013455.000000	0.000000e+00
1.022357e+01	5.411501e+00	4.212439e-04	165032053.000000	0.000000e+00
1.022556e+01	5.410481e+00	4.209995e-04	165161425.000000	0.000000e+00
1.022755e+01	5.407602e+00	4.208016e-04	165140853.000000	0.000000e+00
1.022955e+01	5.406519e+00	4.205274e-04	165290083.000000	0.000000e+00
1.023154e+01	5.403647e+00	4.202551e-04	165328569.000000	0.000000e+00
1.023354e+01	5.402050e+00	4.200752e-04	165372421.000000	0.000000e+00
1.023553e+01	5.400973e+00	4.199142e-04	165433299.000000	0.000000e+00
1.023753e+01	5.399089e+00	4.196706e-04	165509833.000000	0.000000e+00
1.023952e+01	5.396868e+00	4.194250e-04	165567469.000000	0.000000e+00
1.024152e+01	5.395146e+00	4.192281e-04	165617307.000000	0.000000e+00
1.024351e+01	5.392433e+00	4.188703e-04	165733513.000000	0.000000e+00
1.024551e+01	5.391296e+00	4.186809e-04	165813549.000000	0.000000e+00
1.024750e+01	5.388870e+00	4.185278e-04	165785593.000000	0.000000e+00
1.024950e+01	5.387578e+00	4.182564e-04	165921171.000000	0.000000e+00
1.025149e+01	5.385788e+00	4.181090e-04	165927949.000000	0.000000e+00
1.025348e+01	5.382555e+00	4.176944e-04	166057969.000000	0.000000e+00
1.025548e+01	5.381942e+00	4.176283e-04	166072647.000000	0.000000e+00
1.025747e+01	5.379184e+00	4.172935e-04	166168837.000000	0.000000e+00
1.025947e+01	5.377673e+00	4.170922e-04	166235817.000000	0.000000e+00
1.026146e+01	5.375524e+00	4.168645e-04	166284529.000000	0.000000e+00
1.026346e+01	5.374784e+00	4.167468e-04	166332667.000000	0.000000e+00
1.026545e+01	5.372186e+00	4.164110e-04	166439997.000000	0.000000e+00
1.026745e+01	5.370433e+00	4.162600e-04	166452133.000000	0.000000e+00
1.026944e+01	5.368410e+00	4.159635e-04	166563879.000000	0.000000e+00
1.027144e+01	5.367286e+00	4.158342e-04	166597777.000000	0.000000e+00
1.027343e+01	5.364239e+00	4.155310e-04	166651557.000000	0.000000e+00
1.027543e+01	5.363654e+00	4.153426e-04	166766407.000000	0.000000e+00
1.027742e+01	5.361741e+00	4.151343e-04	166814773.000000	0.000000e+00
1.027942e+01	5.359369e+00	4.148813e-04	166870569.000000	0.000000e+00
1.028141e+01	5.357352e+00	4.146734e-04	166912201.000000	0.000000e+00
1.028340e+01	5.355614e+00	4.144100e-04	167015979.000000	0.000000e+00
1.028540e+01	5.353743e+00	4.142387e-04	167037421.000000	0.000000e+00
1.028739e+01	5.351921e+00	4.139581e-04	167150085.000000	0.000000e+00
1.028939e+01	5.350058e+00	4.137710e-04	167184871.000000	0.000000e+00
1.029138e+01	5.347814e+00	4.134607e-04	167295505.000000	0.000000e+00
1.029338e+01	5.346809e+00	4.133710e-04	167305161.000000	0.000000e+00
1.029537e+01	5.344114e+00	4.130425e-04	167402461.000000	0.000000e+00
1.029737e+01	5.342535e+00	4.129024e-04	167417163.000000	0.000000e+00
1.029936e+01	5.340926e+00	4.127025e-04	167478433.000000	0.000000e+00
1.030136e+01	5.338799e+00	4.123441e-04	167636121.000000	0.000000e+00
1.030335e+01	5.337511e+00	4.122100e-04	167664283.000000	0.000000e+00
1.030535e+01	5.335452e+00	4.120348e-04	167677429.000000	0.000000e+00
1.030734e+01	5.333793e+00	4.118166e-04	167750805.000000	0.000000e+00
1.030933e+01	5.331134e+00	4.115135e-04	167830525.000000	0.000000e+00
1.031133e+01	5.330022e+00	4.112782e-04	167952615.000000	0.000000e+00
1.031332e+01	5.328104e+00	4.111109e-04	167968357.000000	0.000000e+00
1.031532e+01	5.326683e+00	4.109235e-04	168031885.000000	0.000000e+00
1.031731e+01	5.324246e+00	4.106236e-04	168123471.000000	0.000000e+00
1.031931e+01	5.322863e+00	4.104513e-04	168177217.000000	0.000000e+00
1.032130e+01	5.321037e+00	4.102823e-04	168200409.000000	0.000000e+00
1.032330e+01	5.319513e+00	4.100406e-04	168302263.000000	0.000000e+00
1.032529e+01	5.317287e+00	4.098232e-04	168339981.000000	0.000000e+00
1.032729e+01	5.315236e+00	4.095271e-04	168453457.000000	0.000000e+00
1.032928e+01	5.314179e+00	4.094444e-04	168454453.000000	0.000000e+00
1.033128e+01	5.312045e+00	4.091666e-04	168547827.000000	0.000000e+00
1.033327e+01	5.310020e+00	4.089209e-04	168621805.000000	0.000000e+00
1.033527e+01	5.308506e+00	4.086556e-04	168744513.000000	0.000000e+00
1.033726e+01	5.306679e+00	4.085313e-04	168730999.000000	0.000000e+00
1.033925e+01	5.304896e+00	4.082845e-04	168821589.000000	0.000000e+00
1.034125e+01	5.302718e+00	4.080340e-04	168890137.000000	0.000000e+00
1.034324e+01	5.300646e+00	4.078148e-04	168939685.000000	0.000000e+00
1.034524e+01	5.299049e+00	4.075783e-04	169033887.000000	0.000000e+00
1.034723e+01	5.297724e+00	4.074731e-04	169036669.000000	0.000000e+00
1.034923e+01	5.294429e+00	4.070342e-04	169190709.000000	0.000000e+00
1.035122e+01	5.293772e+00	4.070257e-04	169155763.000000	0.000000e+00
1.035322e+01	5.292313e+00	4.067542e-04	169288261.000000	0.000000e+00
1.035521e+01	5.290199e+00	4.065031e-04	169362117.000000	0.000000e+00
1.035721e+01	5.288916e+00	4.063883e-04	169375699.000000	0.000000e+00
1.035920e+01	5.287756e+00	4.061905e-04	169466337.000000	0.000000e+00
1.036120e+01	5.284675e+00	4.059049e-04	169507165.000000	0.000000e+00
1.036319e+01	5.282695e+00	4.055819e-04	169649973.000000	0.000000e+00
1.036519e+01	5.281604e+00	4.054883e-04	169658263.000000	0.000000e+00
1.036718e+01	5.280033e+00	4.053106e-04	169706077.000000	0.000000e+00
1.036917e+01	5.277935e+00	4.050259e-04	169809717.000000	0.000000e+00
1.037117e+01	5.275946e+00	4.048587e-04	169821919.000000	0.000000e+00
1.037316e+01	5.273898e+00	4.045477e-04	169951077.000000	0.000000e+00
1.037516e+01	5.272063e+00	4.043744e-04	169978429.000000	0.000000e+00
1.037715e+01	5.270379e+00	4.041256e-04	170079093.000000	0.000000e+00
1.037915e+01	5.269148e+00	4.039911e-04	170112919.000000	0.000000e+00
1.038114e+01	5.267309e+00	4.037275e-04	170216185.000000	0.000000e+00
1.038314e+01	5.264639e+00	4.034914e-04	170242725.000000	0.000000e+00
1.038513e+01	5.263552e+00	4.033263e-04	170311807.000000	0.000000e+00
1.038713e+01	5.261220e+00	4.030310e-04	170410353.000000	0.000000e+00
1.038912e+01	5.259684e+00	4.028935e-04	170427193.000000	0.000000e+00
1.039112e+01	5.258604e+00	4.027291e-04	170496291.000000	0.000000e+00
1.039311e+01	5.256682e+00	4.024496e-04	170608357.000000	0.000000e+00
1.039510e+01	5.254282e+00	4.022039e-04	170660929.000000	0.000000e+00
1.039710e+01	5.252697e+00	4.020197e-04	170714337.000000	0.000000e+00
1.039909e+01	5.251175e+00	4.018530e-04	170756983.000000	0.000000e+00
1.040109e+01	5.249259e+00	4.016104e-04	170838597.000000	0.000000e+00
1.040308e+01	5.247544e+00	4.014257e-04	170884165.000000	0.000000e+00
1.040508e+01	5.245930e+00	4.011734e-04	170993959.000000	0.000000e+00
1.040707e+01	5.244139e+00	4.009621e-04	171057333.000000	0.000000e+00
1.040907e+01	5.243371e+00	4.008465e-04	171105925.000000	0.000000e+00
1.041106e+01	5.240541e+00	4.006435e-04	171094485.000000	0.000000e+00
1.041306e+01	5.238759e+00	4.002539e-04	171311167.000000	0.000000e+00
1.041505e+01	5.236847e+00	4.001519e-04	171273429.000000	0.000000e+00
1.041705e+01	5.235611e+00	3.998859e-04	171420373.000000	0.000000e+00
1.041904e+01	5.233288e+00	3.997805e-04	171358663.000000	0.000000e+00
1.042104e+01	5.231656e+00	3.994497e-04	171535497.000000	0.000000e+00
1.042303e+01	5.230237e+00	3.992959e-04	171574573.000000	0.000000e+00
1.042502e+01	5.228649e+00	3.991624e-04	171585129.000000	0.000000e+00
1.042702e+01	5.226215e+00	3.988488e-04	171695107.000000	0.000000e+00
1.042901e+01	5.224806e+00	3.986443e-04	171778701.000000	0.000000e+00
1.043101e+01	5.223737e+00	3.984626e-04	171864997.000000	0.000000e+00
1.043300e+01	5.222213e+00	3.983189e-04	171888703.000000	0.000000e+00
1.043500e+01	5.219302e+00	3.980403e-04	171937605.000000	0.000000e+00
1.043699e+01	5.218366e+00	3.978771e-04	172016989.000000	0.000000e+00
1.043899e+01	5.216458e+00	3.976133e-04	172119327.000000	0.000000e+00
1.044098e+01	5.214812e+00	3.974967e-04	172111669.000000	0.000000e+00
1.044298e+01	5.213039e+00	3.972015e-04	172250385.000000	0.000000e+00
1.044497e+01	5.211034e+00	3.970497e-04	172249537.000000	0.000000e+00
1.044697e+01	5.209593e+00	3.967803e-04	172388119.000000	0.000000e+00
1.044896e+01	5.207482e+00	3.966065e-04	172399401.000000	0.000000e+00
1.045095e+01	5.206777e+00	3.964630e-04	172477561.000000	0.000000e+00
1.045295e+01	5.204469e+00	3.961840e-04	172567431.000000	0.000000e+00
1.045494e+01	5.202605e+00	3.960101e-04	172595365.000000	0.000000e+00
1.045694e+01	5.200700e+00	3.957071e-04	172733209.000000	0.000000e+00
1.045893e+01	5.198036e+00	3.955147e-04	172724265.000000	0.000000e+00
1.046093e+01	5.197924e+00	3.953860e-04	172829251.000000	0.000000e+00
1.046292e+01	5.196273e+00	3.952405e-04	172846617.000000	0.000000e+00
1.046492e+01	5.193818e+00	3.949056e-04	172976437.000000	0.000000e+00
1.046691e+01	5.192302e+00	3.947541e-04	173008203.000000	0.000000e+00
1.046891e+01	5.191219e+00	3.945970e-04	173073733.000000	0.000000e+00
1.047090e+01	5.188491e+00	3.943501e-04	173108413.000000	0.000000e+00
1.047290e+01	5.187088e+00	3.940721e-04	173258979.000000	0.000000e+00
1.047489e+01	5.185708e+00	3.939901e-04	173238937.000000	0.000000e+00
1.047689e+01	5.184328e+00	3.937857e-04	173326545.000000	0.000000e+00
1.047888e+01	5.181809e+00	3.934619e-04	173443225.000000	0.000000e+00
1.048087e+01	5.180189e+00	3.933386e-04	173443551.000000	0.000000e+00
1.048287e+01	5.178987e+00	3.931045e-04	173569585.000000	0.000000e+00
1.048486e+01	5.177047e+00	3.929526e-04	173573665.000000	0.000000e+00
1.048686e+01	5.175425e+00	3.927153e-04	173674623.000000	0.000000e+00
1.048885e+01	5.173339e+00	3.924784e-04	173744221.000000	0.000000e+00
1.049085e+01	5.172338e+00	3.923316e-04	173806953.000000	0.000000e+00
1.049284e+01	5.170436e+00	3.920822e-04	173900245.000000	0.000000e+00
1.049484e+01	5.168626e+00	3.919313e-04	173912283.000000	0.000000e+00
1.049683e+01	5.167213e+00	3.917175e-04	174006961.000000	0.000000e+00
1.049883e+01	5.165795e+00	3.915209e-04	174086245.000000	0.000000e+00
1.050082e+01	5.163686e+00	3.913067e-04	174134559.000000	0.000000e+00
1.050282e+01	5.161822e+00	3.910916e-04	174200317.000000	0.000000e+00
1.050481e+01	5.160044e+00	3.909184e-04	174234669.000000	0.000000e+00
1.050680e+01	5.158679e+00	3.907116e-04	174326857.000000	0.000000e+00
1.050880e+01	5.156389e+00	3.904188e-04	174433543.000000	0.000000e+00
1.051079e+01	5.154849e+00	3.902775e-04	174455613.000000	0.000000e+00
1.051279e+01	5.153546e+00	3.900942e-04	174531337.000000	0.000000e+00
1.051478e+01	5.152355e+00	3.899523e-04	174577647.000000	0.000000e+00
1.051678e+01	5.150583e+00	3.897311e-04	174655669.000000	0.000000e+00
1.051877e+01	5.148560e+00	3.894698e-04	174752793.000000	0.000000e+00
1.052077e+01	5.147436e+00	3.893712e-04	174764923.000000	0.000000e+00
1.052276e+01	5.145448e+00	3.890731e-04	174897661.000000	0.000000e+00
1.052476e+01	5.142496e+00	3.888155e-04	174928545.000000	0.000000e+00
1.052675e+01	5.142098e+00	3.887276e-04	174980665.000000	0.000000e+00
1.052875e+01	5.140413e+00	3.884953e-04	175075203.000000	0.000000e+00
1.053074e+01	5.138110e+00	3.882721e-04	175119421.000000	0.000000e+00
1.053274e+01	5.137230e+00	3.881108e-04	175205025.000000	0.000000e+00
1.053473e+01	5.135152e+00	3.878889e-04	175263691.000000	0.000000e+00
1.053672e+01	5.133340e+00	3.877218e-04	175291021.000000	0.000000e+00
1.053872e+01	5.132371e+00	3.875148e-04	175412073.000000	0.000000e+00
1.054071e+01	5.130595e+00	3.873191e-04	175467913.000000	0.000000e+00
1.054271e+01	5.128592e+00	3.870663e-04	175560075.000000	0.000000e+00
1.054470e+01	5.127432e+00	3.870139e-04	175528093.000000	0.000000e+00
1.054670e+01	5.125326e+00	3.866823e-04	175684885.000000	0.000000e+00
1.054869e+01	5.124029e+00	3.864965e-04	175764819.000000	0.000000e+00
1.055069e+01	5.122146e+00	3.863439e-04	175774489.000000	0.000000e+00
1.055268e+01	5.121326e+00	3.862088e-04	175841145.000000	0.000000e+00
1.055468e+01	5.119030e+00	3.859311e-04	175936471.000000	0.000000e+00
1.055667e+01	5.116537e+00	3.856830e-04	175991361.000000	0.000000e+00
1.055867e+01	5.115877e+00	3.856025e-04	176019397.000000	0.000000e+00
1.056066e+01	5.114339e+00	3.853311e-04	176161429.000000	0.000000e+00
1.056266e+01	5.111844e+00	3.851067e-04	176194743.000000	0.000000e+00
1.056465e+01	5.110852e+00	3.849615e-04	176259277.000000	0.000000e+00
1.056664e+01	5.110030e+00	3.848334e-04	176319921.000000	0.000000e+00
1.056864e+01	5.107564e+00	3.845920e-04	176371027.000000	0.000000e+00
1.057063e+01	5.105821e+00	3.843859e-04	176439717.000000	0.000000e+00
1.057263e+01	5.104107e+00	3.841439e-04	176543461.000000	0.000000e+00
1.057462e+01	5.102328e+00	3.839561e-04	176593069.000000	0.000000e+00
1.057662e+01	5.100762e+00	3.837467e-04	176677323.000000	0.000000e+00
1.057861e+01	5.099827e+00	3.836940e-04	176661025.000000	0.000000e+00
1.058061e+01	5.097749e+00	3.833311e-04	176851473.000000	0.000000e+00
1.058260e+01	5.096106e+00	3.832750e-04	176789311.000000	0.000000e+00
1.058460e+01	5.094356e+00	3.829235e-04	176992341.000000	0.000000e+00
1.058659e+01	5.093025e+00	3.828191e-04	176996365.000000	0.000000e+00
1.058859e+01	5.091223e+00	3.826206e-04	177054769.000000	0.000000e+00
1.059058e+01	5.090572e+00	3.824967e-04	177124215.000000	0.000000e+00
1.059257e+01	5.088425e+00	3.822728e-04	177182173.000000	0.000000e+00
1.059457e+01	5.086716e+00	3.820556e-04	177264585.000000	0.000000e+00
1.059656e+01	5.085342e+00	3.819033e-04	177310171.000000	0.000000e+00
1.059856e+01	5.083707e+00	3.816792e-04	177404269.000000	0.000000e+00
1.060055e+01	5.081981e+00	3.814791e-04	177469881.000000	0.000000e+00
1.060255e+01	5.079920e+00	3.812842e-04	177507187.000000	0.000000e+00
1.060454e+01	5.078384e+00	3.810553e-04	177613161.000000	0.000000e+00
1.060654e+01	5.076729e+00	3.808929e-04	177648781.000000	0.000000e+00
1.060853e+01	5.075555e+00	3.807393e-04	177709989.000000	0.000000e+00
1.061053e+01	5.073449e+00	3.804896e-04	177795631.000000	0.000000e+00
1.061252e+01	5.072229e+00	3.803179e-04	177870625.000000	0.000000e+00
1.061452e+01	5.070465e+00	3.801490e-04	177904869.000000	0.000000e+00
1.061651e+01	5.069679e+00	3.799616e-04	178025227.000000	0.000000e+00
1.061851e+01	5.067206e+00	3.797903e-04	178012053.000000	0.000000e+00
1.062050e+01	5.065473e+00	3.795756e-04	178091605.000000	0.000000e+00
1.062249e+01	5.064514e+00	3.793443e-04	178241313.000000	0.000000e+00
1.062449e+01	5.062482e+00	3.791550e-04	178276267.000000	0.000000e+00
1.062648e+01	5.060573e+00	3.789793e-04	178306993.000000	0.000000e+00
1.062848e+01	5.059326e+00	3.787889e-04	178398321.000000	0.000000e+00
1.063047e+01	5.058316e+00	3.786455e-04	178462207.000000	0.000000e+00
1.063247e+01	5.055661e+00	3.784139e-04	178493265.000000	0.000000e+00
1.063446e+01	5.054765e+00	3.781791e-04	178651561.000000	0.000000e+00
1.063646e+01	5.052970e+00	3.780884e-04	178610343.000000	0.000000e+00
1.063845e+01	5.051963e+00	3.778473e-04	178767073.000000	0.000000e+00
1.064045e+01	5.049790e+00	3.776459e-04	178803973.000000	0.000000e+00
1.064244e+01	5.048350e+00	3.775018e-04	178838457.000000	0.000000e+00
1.064444e+01	5.047325e+00	3.773163e-04	178941583.000000	0.000000e+00
1.064643e+01	5.045806e+00	3.771526e-04	178989261.000000	0.000000e+00
1.064842e+01	5.043379e+00	3.768883e-04	179067973.000000	0.000000e+00
1.065042e+01	5.042160e+00	3.767132e-04	179147815.000000	0.000000e+00
1.065241e+01	5.040242e+00	3.765227e-04	179192745.000000	0.000000e+00
1.065441e+01	5.039214e+00	3.763618e-04	179272777.000000	0.000000e+00
1.065640e+01	5.037547e+00	3.761759e-04	179331357.000000	0.000000e+00
1.065840e+01	5.036090e+00	3.760186e-04	179377615.000000	0.000000e+00
1.066039e+01	5.034925e+00	3.758198e-04	179484357.000000	0.000000e+00
1.066239e+01	5.032813e+00	3.756412e-04	179504377.000000	0.000000e+00
1.066438e+01	5.030845e+00	3.753589e-04	179633971.000000	0.000000e+00
1.066638e+01	5.029286e+00	3.752008e-04	179673945.000000	0.000000e+00
1.066837e+01	5.028453e+00	3.750931e-04	179717617.000000	0.000000e+00
1.067037e+01	5.026260e+00	3.748742e-04	179770599.000000	0.000000e+00
1.067236e+01	5.024614e+00	3.746042e-04	179911981.000000	0.000000e+00
1.067436e+01	5.023305e+00	3.744988e-04	179919525.000000	0.000000e+00
1.067635e+01	5.022133e+00	3.743114e-04	180015733.000000	0.000000e+00
1.067834e+01	5.020644e+00	3.741527e-04	180061591.000000	0.000000e+00
1.068034e+01	5.018846e+00	3.739464e-04	180131277.000000	0.000000e+00
1.068233e+01	5.018183e+00	3.738013e-04	180223453.000000	0.000000e+00
1.068433e+01	5.015035e+00	3.735001e-04	180287823.000000	0.000000e+00
1.068632e+01	5.014695e+00	3.734194e-04	180341317.000000	0.000000e+00
1.068832e+01	5.012157e+00	3.731997e-04	180371073.000000	0.000000e+00
1.069031e+01	5.011627e+00	3.730013e-04	180524725.000000	0.000000e+00
1.069231e+01	5.009580e+00	3.728325e-04	180540643.000000	0.000000e+00
1.069430e+01	5.008185e+00	3.726921e-04	180576117.000000	0.000000e+00
1.069630e+01	5.007053e+00	3.724906e-04	180689785.000000	0.000000e+00
1.069829e+01	5.005547e+00	3.723422e-04	180725175.000000	0.000000e+00
1.070029e+01	5.004418e+00	3.721417e-04	180838333.000000	0.000000e+00
1.070228e+01	5.002200e+00	3.719214e-04	180892105.000000	0.000000e+00
1.070428e+01	5.000300e+00	3.717272e-04	180943677.000000	0.000000e+00
1.070627e+01	4.998828e+00	3.715580e-04	181001875.000000	0.000000e+00
1.070826e+01	4.997221e+00	3.713657e-04	181072905.000000	0.000000e+00
1.071026e+01	4.996025e+00	3.711917e-04	181156009.000000	0.000000e+00
1.071225e+01	4.994588e+00	3.710244e-04	181215159.000000	0.000000e+00
1.071425e+01	4.993270e+00	3.708507e-04	181289137.000000	0.000000e+00
1.071624e+01	4.990671e+00	3.705777e-04	181367389.000000	0.000000e+00
1.071824e+01	4.990094e+00	3.704816e-04	181419603.000000	0.000000e+00
1.072023e+01	4.988471e+00	3.702908e-04	181488541.000000	0.000000e+00
1.072223e+01	4.987353e+00	3.701375e-04	181557465.000000	0.000000e+00
1.072422e+01	4.985043e+00	3.699000e-04	181622257.000000	0.000000e+00
1.072622e+01	4.984064e+00	3.697562e-04	181692183.000000	0.000000e+00
1.072821e+01	4.981891e+00	3.695924e-04	181694749.000000	0.000000e+00
1.073021e+01	4.981368e+00	3.693877e-04	181858021.000000	0.000000e+00
1.073220e+01	4.979488e+00	3.692377e-04	181868439.000000	0.000000e+00
1.073419e+01	4.978507e+00	3.690055e-04	182025601.000000	0.000000e+00
1.073619e+01	4.976245e+00	3.688493e-04	182014353.000000	0.000000e+00
1.073818e+01	4.975355e+00	3.687417e-04	182055469.000000	0.000000e+00
1.074018e+01	4.973653e+00	3.685134e-04	182156383.000000	0.000000e+00
1.074217e+01	4.972204e+00	3.682891e-04	182272041.000000	0.000000e+00
1.074417e+01	4.971357e+00	3.682131e-04	182285197.000000	0.000000e+00
1.074616e+01	4.969249e+00	3.679774e-04	182364051.000000	0.000000e+00
1.074816e+01	4.967360e+00	3.677493e-04	182451589.000000	0.000000e+00
1.075015e+01	4.966118e+00	3.676154e-04	182493165.000000	0.000000e+00
1.075215e+01	4.964575e+00	3.674262e-04	182567671.000000	0.000000e+00
1.075414e+01	4.962165e+00	3.671623e-04	182652757.000000	0.000000e+00
1.075614e+01	4.961476e+00	3.670956e-04	182668401.000000	0.000000e+00
1.075813e+01	4.959696e+00	3.668011e-04	182830561.000000	0.000000e+00
1.076013e+01	4.959199e+00	3.667856e-04	182809407.000000	0.000000e+00
1.076212e+01	4.957523e+00	3.665644e-04	182906377.000000	0.000000e+00
1.076411e+01	4.955808e+00	3.663867e-04	182957277.000000	0.000000e+00
1.076611e+01	4.953854e+00	3.661433e-04	183056071.000000	0.000000e+00
1.076810e+01	4.952519e+00	3.659823e-04	183118441.000000	0.000000e+00
1.077010e+01	4.951881e+00	3.658971e-04	183156549.000000	0.000000e+00
1.077209e+01	4.950265e+00	3.656816e-04	183252877.000000	0.000000e+00
1.077409e+01	4.948495e+00	3.654952e-04	183308643.000000	0.000000e+00
1.077608e+01	4.947215e+00	3.653246e-04	183385009.000000	0.000000e+00
1.077808e+01	4.945601e+00	3.651196e-04	183471177.000000	0.000000e+00
1.078007e+01	4.943653e+00	3.649168e-04	183530515.000000	0.000000e+00
1.078207e+01	4.942540e+00	3.648077e-04	183557557.000000	0.000000e+00
1.078406e+01	4.940698e+00	3.645713e-04	183658785.000000	0.000000e+00
1.078606e+01	4.939526e+00	3.644172e-04	183726925.000000	0.000000e+00
1.078805e+01	4.938381e+00	3.642471e-04	183813339.000000	0.000000e+00
1.079005e+01	4.936597e+00	3.640614e-04	183867973.000000	0.000000e+00
1.079204e+01	4.935721e+00	3.639968e-04	183867985.000000	0.000000e+00
1.079403e+01	4.933740e+00	3.636890e-04	184031487.000000	0.000000e+00
1.079603e+01	4.932085e+00	3.635449e-04	184053853.000000	0.000000e+00
1.079802e+01	4.930572e+00	3.633256e-04	184163145.000000	0.000000e+00
1.080002e+01	4.929757e+00	3.632808e-04	184147639.000000	0.000000e+00
1.080201e+01	4.927548e+00	3.629521e-04	184316013.000000	0.000000e+00
1.080401e+01	4.925892e+00	3.628271e-04	184319029.000000	0.000000e+00
1.080600e+01	4.925100e+00	3.626799e-04	184409485.000000	0.000000e+00
1.080800e+01	4.923869e+00	3.625443e-04	184455171.000000	0.000000e+00
1.080999e+01	4.922508e+00	3.623549e-04	184545973.000000	0.000000e+00
1.081199e+01	4.921180e+00	3.621964e-04	184607865.000000	0.000000e+00
1.081398e+01	4.919507e+00	3.620229e-04	184659247.000000	0.000000e+00
1.081598e+01	4.918367e+00	3.618429e-04	184757373.000000	0.000000e+00
1.081797e+01	4.916526e+00	3.616619e-04	184803937.000000	0.000000e+00
1.081996e+01	4.915068e+00	3.615245e-04	184834705.000000	0.000000e+00
1.082196e+01	4.913851e+00	3.612822e-04	184991115.000000	0.000000e+00
1.082395e+01	4.911129e+00	3.610420e-04	185032177.000000	0.000000e+00
1.082595e+01	4.910903e+00	3.609876e-04	185070897.000000	0.000000e+00
1.082794e+01	4.909845e+00	3.608431e-04	185139367.000000	0.000000e+00
1.082994e+01	4.908413e+00	3.606124e-04	185268225.000000	0.000000e+00
1.083193e+01	4.906323e+00	3.604904e-04	185235769.000000	0.000000e+00
1.083393e+01	4.905407e+00	3.602893e-04	185373403.000000	0.000000e+00
1.083592e+01	4.903652e+00	3.601076e-04	185427789.000000	0.000000e+00
1.083792e+01	4.901507e+00	3.598929e-04	185486641.000000	0.000000e+00
1.083991e+01	4.901148e+00	3.598171e-04	185537601.000000	0.000000e+00
1.084191e+01	4.899892e+00	3.596062e-04	185660143.000000	0.000000e+00
1.084390e+01	4.898118e+00	3.594408e-04	185696485.000000	0.000000e+00
1.084590e+01	4.896687e+00	3.592588e-04	185776137.000000	0.000000e+00
1.084789e+01	4.895637e+00	3.591083e-04	185852119.000000	0.000000e+00
1.084988e+01	4.894281e+00	3.589562e-04	185906589.000000	0.000000e+00
1.085188e+01	4.891940e+00	3.587185e-04	185975125.000000	0.000000e+00
1.085387e+01	4.891223e+00	3.586382e-04	186003813.000000	0.000000e+00
1.085587e+01	4.889720e+00	3.583912e-04	186145795.000000	0.000000e+00
1.085786e+01	4.887772e+00	3.582249e-04	186170293.000000	0.000000e+00
1.085986e+01	4.886979e+00	3.580848e-04	186255585.000000	0.000000e+00
1.086185e+01	4.885339e+00	3.579150e-04	186307255.000000	0.000000e+00
1.086385e+01	4.884221e+00	3.577674e-04	186375537.000000	0.000000e+00
1.086584e+01	4.882138e+00	3.575209e-04	186473629.000000	0.000000e+00
1.086784e+01	4.881265e+00	3.574436e-04	186487491.000000	0.000000e+00
1.086983e+01	4.878894e+00	3.571834e-04	186577885.000000	0.000000e+00
1.087183e+01	4.878443e+00	3.570952e-04	186635641.000000	0.000000e+00
1.087382e+01	4.876755e+00	3.568567e-04	186755865.000000	0.000000e+00
1.087581e+01	4.875849e+00	3.567461e-04	186802183.000000	0.000000e+00
1.087781e+01	4.874553e+00	3.566202e-04	186834765.000000	0.000000e+00
1.087980e+01	4.873018e+00	3.563974e-04	186950641.000000	0.000000e+00
1.088180e+01	4.871179e+00	3.562035e-04	187013011.000000	0.000000e+00
1.088379e+01	4.870318e+00	3.561154e-04	187039365.000000	0.000000e+00
1.088579e+01	4.868740e+00	3.559263e-04	187116877.000000	0.000000e+00
1.088778e+01	4.867562e+00	3.557213e-04	187242069.000000	0.000000e+00
1.088978e+01	4.866233e+00	3.555729e-04	187296019.000000	0.000000e+00
1.089177e+01	4.865043e+00	3.555017e-04	187279329.000000	0.000000e+00
1.089377e+01	4.863695e+00	3.552430e-04	187448341.000000	0.000000e+00
1.089576e+01	4.861860e+00	3.550733e-04	187486003.000000	0.000000e+00
1.089776e+01	4.860642e+00	3.549503e-04	187521993.000000	0.000000e+00
1.089975e+01	4.858446e+00	3.546950e-04	187622317.000000	0.000000e+00
1.090175e+01	4.857736e+00	3.545716e-04	187698153.000000	0.000000e+00
1.090374e+01	4.855772e+00	3.543385e-04	187793239.000000	0.000000e+00
1.090573e+01	4.855202e+00	3.542887e-04	187801977.000000	0.000000e+00
1.090773e+01	4.854010e+00	3.541642e-04	187841665.000000	0.000000e+00
1.090972e+01	4.852733e+00	3.539026e-04	188020591.000000	0.000000e+00
1.091172e+01	4.850887e+00	3.537984e-04	187988253.000000	0.000000e+00
1.091371e+01	4.849766e+00	3.535675e-04	188146741.000000	0.000000e+00
1.091571e+01	4.848186e+00	3.534816e-04	188115663.000000	0.000000e+00
1.091770e+01	4.846960e+00	3.532647e-04	188251453.000000	0.000000e+00
1.091970e+01	4.846273e+00	3.531929e-04	188274609.000000	0.000000e+00
1.092169e+01	4.844022e+00	3.529349e-04	188374921.000000	0.000000e+00
1.092369e+01	4.843453e+00	3.527995e-04	188475199.000000	0.000000e+00
1.092568e+01	4.841701e+00	3.526613e-04	188486577.000000	0.000000e+00
1.092768e+01	4.839675e+00	3.523737e-04	188636377.000000	0.000000e+00
1.092967e+01	4.839412e+00	3.523767e-04	188612667.000000	0.000000e+00
1.093166e+01	4.837358e+00	3.521621e-04	188682325.000000	0.000000e+00
1.093366e+01	4.835903e+00	3.519565e-04	188789233.000000	0.000000e+00
1.093565e+01	4.835672e+00	3.518899e-04	188842641.000000	0.000000e+00
1.093765e+01	4.832607e+00	3.515630e-04	188954227.000000	0.000000e+00
1.093964e+01	4.832055e+00	3.514889e-04	188990733.000000	0.000000e+00
1.094164e+01	4.830576e+00	3.512981e-04	189080197.000000	0.000000e+00
1.094363e+01	4.829413e+00	3.511810e-04	189115335.000000	0.000000e+00
1.094563e+01	4.828060e+00	3.509796e-04	189226321.000000	0.000000e+00
1.094762e+01	4.826744e+00	3.508593e-04	189252889.000000	0.000000e+00
1.094962e+01	4.825121e+00	3.506822e-04	189316743.000000	0.000000e+00
1.095161e+01	4.824347e+00	3.505417e-04	189407725.000000	0.000000e+00
1.095361e+01	4.822710e+00	3.503304e-04	189507585.000000	0.000000e+00
1.095560e+01	4.821387e+00	3.502348e-04	189507073.000000	0.000000e+00
1.095760e+01	4.819488e+00	3.499810e-04	189632463.000000	0.000000e+00
1.095959e+01	4.819539e+00	3.499551e-04	189664609.000000	0.000000e+00
1.096158e+01	4.817686e+00	3.497396e-04	189752401.000000	0.000000e+00
1.096358e+01	4.815970e+00	3.495330e-04	189841503.000000	0.000000e+00
1.096557e+01	4.815211e+00	3.494415e-04	189881077.000000	0.000000e+00
1.096757e+01	4.812876e+00	3.492046e-04	189954465.000000	0.000000e+00
1.096956e+01	4.811977e+00	3.490926e-04	190005349.000000	0.000000e+00
1.097156e+01	4.811090e+00	3.489184e-04	190125003.000000	0.000000e+00
1.097355e+01	4.810311e+00	3.488485e-04	190139605.000000	0.000000e+00
1.097555e+01	4.808867e+00	3.486479e-04	190244161.000000	0.000000e+00
1.097754e+01	4.806598e+00	3.484254e-04	190307559.000000	0.000000e+00
1.097954e+01	4.805610e+00	3.482780e-04	190390441.000000	0.000000e+00
1.098153e+01	4.804625e+00	3.481891e-04	190409505.000000	0.000000e+00
1.098353e+01	4.803056e+00	3.479751e-04	190519273.000000	0.000000e+00
1.098552e+01	4.801875e+00	3.478289e-04	190585747.000000	0.000000e+00
1.098751e+01	4.800348e+00	3.476568e-04	190653129.000000	0.000000e+00
1.098951e+01	4.798984e+00	3.474757e-04	190743445.000000	0.000000e+00
1.099150e+01	4.797223e+00	3.473058e-04	190790055.000000	0.000000e+00
1.099350e+01	4.797380e+00	3.472926e-04	190817089.000000	0.000000e+00
1.099549e+01	4.795804e+00	3.470558e-04	190952073.000000	0.000000e+00
1.099749e+01	4.794070e+00	3.468655e-04	191023327.000000	0.000000e+00
1.099948e+01	4.792626e+00	3.467564e-04	191028397.000000	0.000000e+00
1.100148e+01	4.791262e+00	3.465627e-04	191133177.000000	0.000000e+00
1.100347e+01	4.789690e+00	3.463832e-04	191205781.000000	0.000000e+00
1.100547e+01	4.788040e+00	3.461645e-04	191315643.000000	0.000000e+00
1.100746e+01	4.787443e+00	3.461433e-04	191291389.000000	0.000000e+00
1.100946e+01	4.785905e+00	3.459117e-04	191424549.000000	0.000000e+00
1.101145e+01	4.784619e+00	3.457487e-04	191502139.000000	0.000000e+00
1.101345e+01	4.783483e+00	3.456431e-04	191528185.000000	0.000000e+00
1.101544e+01	4.781957e+00	3.454279e-04	191644521.000000	0.000000e+00
1.101743e+01	4.781422e+00	3.453733e-04	191662261.000000	0.000000e+00
1.101943e+01	4.779800e+00	3.451566e-04	191772855.000000	0.000000e+00
1.102142e+01	4.778598e+00	3.450107e-04	191838577.000000	0.000000e+00
1.102342e+01	4.777182e+00	3.448894e-04	191859717.000000	0.000000e+00
1.102541e+01	4.775410e+00	3.446389e-04	191996275.000000	0.000000e+00
1.102741e+01	4.774609e+00	3.445390e-04	192043153.000000	0.000000e+00
1.102940e+01	4.773299e+00	3.443749e-04	192120825.000000	0.000000e+00
1.103140e+01	4.772096e+00	3.442885e-04	192120331.000000	0.000000e+00
1.103339e+01	4.770183e+00	3.439951e-04	192293877.000000	0.000000e+00
1.103539e+01	4.769661e+00	3.439677e-04	192282433.000000	0.000000e+00
1.103738e+01	4.768033e+00	3.437599e-04	192383641.000000	0.000000e+00
1.103938e+01	4.767039e+00	3.436097e-04	192471603.000000	0.000000e+00
1.104137e+01	4.765327e+00	3.434824e-04	192475933.000000	0.000000e+00
1.104336e+01	4.764980e+00	3.433120e-04	192639009.000000	0.000000e+00
1.104536e+01	4.763778e+00	3.431934e-04	192674911.000000	0.000000e+00
1.104735e+01	4.761883e+00	3.430176e-04	192719073.000000	0.000000e+00
1.104935e+01	4.760828e+00	3.428403e-04	192832945.000000	0.000000e+00
1.105134e+01	4.759775e+00	3.427454e-04	192854497.000000	0.000000e+00
1.105334e+01	4.758335e+00	3.425861e-04	192917067.000000	0.000000e+00
1.105533e+01	4.757260e+00	3.424051e-04	193033801.000000	0.000000e+00
1.105733e+01	4.755614e+00	3.422588e-04	193065213.000000	0.000000e+00
1.105932e+01	4.754477e+00	3.420741e-04	193181287.000000	0.000000e+00
1.106132e+01	4.753410e+00	3.419910e-04	193188453.000000	0.000000e+00
1.106331e+01	4.751846e+00	3.417716e-04	193309357.000000	0.000000e+00
1.106531e+01	4.750620e+00	3.416341e-04	193365079.000000	0.000000e+00
1.106730e+01	4.749478e+00	3.415177e-04	193403937.000000	0.000000e+00
1.106930e+01	4.748518e+00	3.414003e-04	193458721.000000	0.000000e+00
1.107129e+01	4.746277e+00	3.410768e-04	193643061.000000	0.000000e+00
1.107329e+01	4.746005e+00	3.410644e-04	193634935.000000	0.000000e+00
1.107528e+01	4.744466e+00	3.408955e-04	193701085.000000	0.000000e+00
1.107727e+01	4.743660e+00	3.408135e-04	193728477.000000	0.000000e+00
1.107927e+01	4.742591e+00	3.405884e-04	193897231.000000	0.000000e+00
1.108126e+01	4.740992e+00	3.404628e-04	193909581.000000	0.000000e+00
1.108326e+01	4.739823e+00	3.403225e-04	193973725.000000	0.000000e+00
1.108525e+01	4.738179e+00	3.401609e-04	194023389.000000	0.000000e+00
1.108725e+01	4.737634e+00	3.400120e-04	194148727.000000	0.000000e+00
1.108924e+01	4.736081e+00	3.398307e-04	194228605.000000	0.000000e+00
1.109124e+01	4.734517e+00	3.396849e-04	194266881.000000	0.000000e+00
1.109323e+01	4.733055e+00	3.395520e-04	194298991.000000	0.000000e+00
1.109523e+01	4.732191e+00	3.393820e-04	194422677.000000	0.000000e+00
1.109722e+01	4.731164e+00	3.392390e-04	194502241.000000	0.000000e+00
1.109922e+01	4.729889e+00	3.391430e-04	194507421.000000	0.000000e+00
1.110121e+01	4.729151e+00	3.389784e-04	194635567.000000	0.000000e+00
1.110320e+01	4.728311e+00	3.388678e-04	194693425.000000	0.000000e+00
1.110520e+01	4.726537e+00	3.387101e-04	194728641.000000	0.000000e+00
1.110719e+01	4.724567e+00	3.384699e-04	194842603.000000	0.000000e+00
1.110919e+01	4.723771e+00	3.383805e-04	194879901.000000	0.000000e+00
1.111118e+01	4.722467e+00	3.381884e-04	194993677.000000	0.000000e+00
1.111318e+01	4.721662e+00	3.381068e-04	195021339.000000	0.000000e+00
1.111517e+01	4.720946e+00	3.379452e-04	195148705.000000	0.000000e+00
1.111717e+01	4.719302e+00	3.378604e-04	195110593.000000	0.000000e+00
1.111916e+01	4.718096e+00	3.376328e-04	195273921.000000	0.000000e+00
1.112116e+01	4.716213e+00	3.374741e-04	195301651.000000	0.000000e+00
1.112315e+01	4.716529e+00	3.374302e-04	195378705.000000	0.000000e+00
1.112515e+01	4.714472e+00	3.372005e-04	195474349.000000	0.000000e+00
1.112714e+01	4.713123e+00	3.370772e-04	195505363.000000	0.000000e+00
1.112913e+01	4.712312e+00	3.369266e-04	195612897.000000	0.000000e+00
1.113113e+01	4.710745e+00	3.367694e-04	195665293.000000	0.000000e+00
1.113312e+01	4.709423e+00	3.365891e-04	195765177.000000	0.000000e+00
1.113512e+01	4.708474e+00	3.364841e-04	195808423.000000	0.000000e+00
1.113711e+01	4.707882e+00	3.364091e-04	195846393.000000	0.000000e+00
1.113911e+01	4.706180e+00	3.362039e-04	195943837.000000	0.000000e+00
1.114110e+01	4.705024e+00	3.360106e-04	196072999.000000	0.000000e+00
1.114310e+01	4.703649e+00	3.359446e-04	196035393.000000	0.000000e+00
1.114509e+01	4.702607e+00	3.357376e-04	196190305.000000	0.000000e+00
1.114709e+01	4.701856e+00	3.356683e-04	196208499.000000	0.000000e+00
1.114908e+01	4.700340e+00	3.354988e-04	196280269.000000	0.000000e+00
1.115108e+01	4.699186e+00	3.353446e-04	196364337.000000	0.000000e+00
1.115307e+01	4.697385e+00	3.351252e-04	196470949.000000	0.000000e+00
1.115507e+01	4.696888e+00	3.350829e-04	196478839.000000	0.000000e+00
1.115706e+01	4.695837e+00	3.349555e-04	196540401.000000	0.000000e+00
1.115905e+01	4.694123e+00	3.346714e-04	196730509.000000	0.000000e+00
1.116105e+01	4.693301e+00	3.346370e-04	196702095.000000	0.000000e+00
1.116304e+01	4.691894e+00	3.344497e-04	196804465.000000	0.000000e+00
1.116504e+01	4.690972e+00	3.343561e-04	196837257.000000	0.000000e+00
1.116703e+01	4.689374e+00	3.341439e-04	196953001.000000	0.000000e+00
1.116903e+01	4.688327e+00	3.340419e-04	196985347.000000	0.000000e+00
1.117102e+01	4.687191e+00	3.338871e-04	197072565.000000	0.000000e+00
1.117302e+01	4.686558e+00	3.338095e-04	197110921.000000	0.000000e+00
1.117501e+01	4.685544e+00	3.336252e-04	197243283.000000	0.000000e+00
1.117701e+01	4.684111e+00	3.334829e-04	197291017.000000	0.000000e+00
1.117900e+01	4.682658e+00	3.333337e-04	197345185.000000	0.000000e+00
1.118100e+01	4.681439e+00	3.332129e-04	197385477.000000	0.000000e+00
1.118299e+01	4.679932e+00	3.329967e-04	197514619.000000	0.000000e+00
1.118499e+01	4.678523e+00	3.328452e-04	197575449.000000	0.000000e+00
1.118698e+01	4.677724e+00	3.327676e-04	197600005.000000	0.000000e+00
1.118897e+01	4.677148e+00	3.326163e-04	197731179.000000	0.000000e+00
1.119097e+01	4.675019e+00	3.324168e-04	197788369.000000	0.000000e+00
1.119296e+01	4.674430e+00	3.323356e-04	197835217.000000	0.000000e+00
1.119496e+01	4.673165e+00	3.321715e-04	197923515.000000	0.000000e+00
1.119695e+01	4.672682e+00	3.320508e-04	198026533.000000	0.000000e+00
1.119895e+01	4.671508e+00	3.319702e-04	198023145.000000	0.000000e+00
1.120094e+01	4.670068e+00	3.317774e-04	198131089.000000	0.000000e+00
1.120294e+01	4.668447e+00	3.316181e-04	198183975.000000	0.000000e+00
1.120493e+01	4.667851e+00	3.314975e-04	198277453.000000	0.000000e+00
1.120693e+01	4.666997e+00	3.313769e-04	198349321.000000	0.000000e+00
1.120892e+01	4.665760e+00	3.312549e-04	198390159.000000	0.000000e+00
1.121092e+01	4.664391e+00	3.310651e-04	198501169.000000	0.000000e+00
1.121291e+01	4.663158e+00	3.309479e-04	198536841.000000	0.000000e+00
1.121490e+01	4.661694e+00	3.307736e-04	198621277.000000	0.000000e+00
1.121690e+01	4.660797e+00	3.306554e-04	198686883.000000	0.000000e+00
1.121889e+01	4.660192e+00	3.305464e-04	198766273.000000	0.000000e+00
1.122089e+01	4.659031e+00	3.303948e-04	198849673.000000	0.000000e+00
1.122288e+01	4.657992e+00	3.302873e-04	198890379.000000	0.000000e+00
1.122488e+01	4.656478e+00	3.301036e-04	198982429.000000	0.000000e+00
1.122687e+01	4.654928e+00	3.299423e-04	199044345.000000	0.000000e+00
1.122887e+01	4.654136e+00	3.298038e-04	199143823.000000	0.000000e+00
1.123086e+01	4.652806e+00	3.297062e-04	199147837.000000	0.000000e+00
1.123286e+01	4.652238e+00	3.295512e-04	199286577.000000	0.000000e+00
1.123485e+01	4.650845e+00	3.294302e-04	199313509.000000	0.000000e+00
1.123685e+01	4.649988e+00	3.292654e-04	199439715.000000	0.000000e+00
1.123884e+01	4.648488e+00	3.291742e-04	199421497.000000	0.000000e+00
1.124084e+01	4.647973e+00	3.289774e-04	199615893.000000	0.000000e+00
1.124283e+01	4.646104e+00	3.289070e-04	199540795.000000	0.000000e+00
1.124482e+01	4.645509e+00	3.287477e-04	199682965.000000	0.000000e+00
1.124682e+01	4.644488e+00	3.286003e-04	199774377.000000	0.000000e+00
1.124881e+01	4.644007e+00	3.284963e-04	199859497.000000	0.000000e+00
1.125081e+01	4.642088e+00	3.283220e-04	199906431.000000	0.000000e+00
1.125280e+01	4.641143e+00	3.282537e-04	199908241.000000	0.000000e+00
1.125480e+01	4.639804e+00	3.280186e-04	200079441.000000	0.000000e+00
1.125679e+01	4.638685e+00	3.279363e-04	200083267.000000	0.000000e+00
1.125879e+01	4.637493e+00	3.277283e-04	200234341.000000	0.000000e+00
1.126078e+01	4.636490e+00	3.276920e-04	200192169.000000	0.000000e+00
1.126278e+01	4.635707e+00	3.275656e-04	200279029.000000	0.000000e+00
1.126477e+01	4.634254e+00	3.273129e-04	200462595.000000	0.000000e+00
1.126677e+01	4.632910e+00	3.272067e-04	200476429.000000	0.000000e+00
1.126876e+01	4.632617e+00	3.271548e-04	200514685.000000	0.000000e+00
1.127076e+01	4.631379e+00	3.269830e-04	200618199.000000	0.000000e+00
1.127275e+01	4.630097e+00	3.268766e-04	200637697.000000	0.000000e+00
1.127474e+01	4.629369e+00	3.267225e-04	200763813.000000	0.000000e+00
1.127674e+01	4.628150e+00	3.266168e-04	200788039.000000	0.000000e+00
1.127873e+01	4.627358e+00	3.264488e-04	200925945.000000	0.000000e+00
1.128073e+01	4.625672e+00	3.262851e-04	200981113.000000	0.000000e+00
1.128272e+01	4.624341e+00	3.261839e-04	200990125.000000	0.000000e+00
1.128472e+01	4.623344e+00	3.260290e-04	201094443.000000	0.000000e+00
1.128671e+01	4.623086e+00	3.259229e-04	201202945.000000	0.000000e+00
1.128871e+01	4.621796e+00	3.258077e-04	201232749.000000	0.000000e+00
1.129070e+01	4.620203e+00	3.255927e-04	201359815.000000	0.000000e+00
1.129270e+01	4.619581e+00	3.255537e-04	201353853.000000	0.000000e+00
1.129469e+01	4.617315e+00	3.253028e-04	201466813.000000	0.000000e+00
1.129669e+01	4.617486e+00	3.252824e-04	201506905.000000	0.000000e+00
1.129868e+01	4.615854e+00	3.250591e-04	201641319.000000	0.000000e+00
1.130067e+01	4.615596e+00	3.250315e-04	201652945.000000	0.000000e+00
1.130267e+01	4.614184e+00	3.248442e-04	201762177.000000	0.000000e+00
1.130466e+01	4.612967e+00	3.247193e-04	201810787.000000	0.000000e+00
1.130666e+01	4.612259e+00	3.246436e-04	201843057.000000	0.000000e+00
1.130865e+01	4.610473e+00	3.243791e-04	202015789.000000	0.000000e+00
1.131065e+01	4.610538e+00	3.243974e-04	201998683.000000	0.000000e+00
1.131264e+01	4.609053e+00	3.242323e-04	202074213.000000	0.000000e+00
1.131464e+01	4.608053e+00	3.240500e-04	202213909.000000	0.000000e+00
1.131663e+01	4.606488e+00	3.239190e-04	202240029.000000	0.000000e+00
1.131863e+01	4.605610e+00	3.237948e-04	202318087.000000	0.000000e+00
1.132062e+01	4.604895e+00	3.237199e-04	202348837.000000	0.000000e+00
1.132262e+01	4.603535e+00	3.235157e-04	202484745.000000	0.000000e+00
1.132461e+01	4.603067e+00	3.234679e-04	202503319.000000	0.000000e+00
1.132661e+01	4.601627e+00	3.232864e-04	202603965.000000	0.000000e+00
1.132860e+01	4.600574e+00	3.231537e-04	202677553.000000	0.000000e+00
1.133059e+01	4.599412e+00	3.230612e-04	202691181.000000	0.000000e+00
1.133259e+01	4.598166e+00	3.228189e-04	202885639.000000	0.000000e+00
1.133458e+01	4.597579e+00	3.227728e-04	202891789.000000	0.000000e+00
1.133658e+01	4.596221e+00	3.226182e-04	202966365.000000	0.000000e+00
1.133857e+01	4.595139e+00	3.225161e-04	202999267.000000	0.000000e+00
1.134057e+01	4.594417e+00	3.223943e-04	203088861.000000	0.000000e+00
1.134256e+01	4.593561e+00	3.222556e-04	203188009.000000	0.000000e+00
1.134456e+01	4.592225e+00	3.221046e-04	203260227.000000	0.000000e+00
1.134655e+01	4.590973e+00	3.220094e-04	203269573.000000	0.000000e+00
1.134855e+01	4.589867e+00	3.218269e-04	203402173.000000	0.000000e+00
1.135054e+01	4.589660e+00	3.217678e-04	203458533.000000	0.000000e+00
1.135254e+01	4.588080e+00	3.215929e-04	203539747.000000	0.000000e+00
1.135453e+01	4.586952e+00	3.214508e-04	203619417.000000	0.000000e+00
1.135653e+01	4.586327e+00	3.213965e-04	203632837.000000	0.000000e+00
1.135852e+01	4.585440e+00	3.212415e-04	203750499.000000	0.000000e+00
1.136051e+01	4.583554e+00	3.210626e-04	203809861.000000	0.000000e+00
1.136251e+01	4.582937e+00	3.209591e-04	203886409.000000	0.000000e+00
1.136450e+01	4.581746e+00	3.208573e-04	203909805.000000	0.000000e+00
1.136650e+01	4.581232e+00	3.206715e-04	204100351.000000	0.000000e+00
1.136849e+01	4.580760e+00	3.206719e-04	204057897.000000	0.000000e+00
1.137049e+01	4.579068e+00	3.204511e-04	204188245.000000	0.000000e+00
1.137248e+01	4.578115e+00	3.203894e-04	204181879.000000	0.000000e+00
1.137448e+01	4.576867e+00	3.201568e-04	204367173.000000	0.000000e+00
1.137647e+01	4.575923e+00	3.200685e-04	204395629.000000	0.000000e+00
1.137847e+01	4.574720e+00	3.199454e-04	204445353.000000	0.000000e+00
1.138046e+01	4.573480e+00	3.197864e-04	204537751.000000	0.000000e+00
1.138246e+01	4.573458e+00	3.197510e-04	204581121.000000	0.000000e+00
1.138445e+01	4.572323e+00	3.195534e-04	204732613.000000	0.000000e+00
1.138644e+01	4.571091e+00	3.194770e-04	204720175.000000	0.000000e+00
1.138844e+01	4.570437e+00	3.193412e-04	204835653.000000	0.000000e+00
1.139043e+01	4.569081e+00	3.192613e-04	204816589.000000	0.000000e+00
1.139243e+01	4.568291e+00	3.190603e-04	205003851.000000	0.000000e+00
1.139442e+01	4.567497e+00	3.189945e-04	205017097.000000	0.000000e+00
1.139642e+01	4.566438e+00	3.188287e-04	205135233.000000	0.000000e+00
1.139841e+01	4.565164e+00	3.187354e-04	205140817.000000	0.000000e+00
1.140041e+01	4.563731e+00	3.185212e-04	205287955.000000	0.000000e+00
1.140240e+01	4.563464e+00	3.185001e-04	205291101.000000	0.000000e+00
1.140440e+01	4.561834e+00	3.183218e-04	205374433.000000	0.000000e+00
1.140639e+01	4.560843e+00	3.181865e-04	205459767.000000	0.000000e+00
1.140839e+01	4.560846e+00	3.181353e-04	205526149.000000	0.000000e+00
1.141038e+01	4.559651e+00	3.179689e-04	205633545.000000	0.000000e+00
1.141237e+01	4.558434e+00	3.178456e-04	205683181.000000	0.000000e+00
1.141437e+01	4.557804e+00	3.177471e-04	205753999.000000	0.000000e+00
1.141636e+01	4.556413e+00	3.175820e-04	205842249.000000	0.000000e+00
1.141836e+01	4.555637e+00	3.175235e-04	205847941.000000	0.000000e+00
1.142035e+01	4.554357e+00	3.173090e-04	206010519.000000	0.000000e+00
1.142235e+01	4.553173e+00	3.172393e-04	205993885.000000	0.000000e+00
1.142434e+01	4.552523e+00	3.170712e-04	206153449.000000	0.000000e+00
1.142634e+01	4.551655e+00	3.170235e-04	206136879.000000	0.000000e+00
1.142833e+01	4.550504e+00	3.168097e-04	206310757.000000	0.000000e+00
1.143033e+01	4.549785e+00	3.167736e-04	206292621.000000	0.000000e+00
1.143232e+01	4.548724e+00	3.166147e-04	206403529.000000	0.000000e+00
1.143432e+01	4.547256e+00	3.164513e-04	206483343.000000	0.000000e+00
1.143631e+01	4.547046e+00	3.163834e-04	206552905.000000	0.000000e+00
1.143831e+01	4.545704e+00	3.162512e-04	206603593.000000	0.000000e+00
1.144030e+01	4.544899e+00	3.161461e-04	206667795.000000	0.000000e+00
1.144229e+01	4.544148e+00	3.160011e-04	206789125.000000	0.000000e+00
1.144429e+01	4.543090e+00	3.159438e-04	206767917.000000	0.000000e+00
1.144628e+01	4.542216e+00	3.157139e-04	206989489.000000	0.000000e+00
1.144828e+01	4.540895e+00	3.156411e-04	206964555.000000	0.000000e+00
1.145027e+01	4.539952e+00	3.155330e-04	207020329.000000	0.000000e+00
1.145227e+01	4.539038e+00	3.153811e-04	207136357.000000	0.000000e+00
1.145426e+01	4.537844e+00	3.152749e-04	207166947.000000	0.000000e+00
1.145626e+01	4.537356e+00	3.152006e-04	207220057.000000	0.000000e+00
1.145825e+01	4.536576e+00	3.149863e-04	207430809.000000	0.000000e+00
1.146025e+01	4.535995e+00	3.150247e-04	207327109.000000	0.000000e+00
1.146224e+01	4.533897e+00	3.147138e-04	207544747.000000	0.000000e+00
1.146424e+01	4.533908e+00	3.146911e-04	207575745.000000	0.000000e+00
1.146623e+01	4.532180e+00	3.145828e-04	207560245.000000	0.000000e+00
1.146823e+01	4.531614e+00	3.144240e-04	207718083.000000	0.000000e+00
1.147022e+01	4.530917e+00	3.143247e-04	207785545.000000	0.000000e+00
1.147221e+01	4.530116e+00	3.142252e-04	207843573.000000	0.000000e+00
1.147421e+01	4.529249e+00	3.141196e-04	207903691.000000	0.000000e+00
1.147620e+01	4.528671e+00	3.140228e-04	207978817.000000	0.000000e+00
1.147820e+01	4.527063e+00	3.138570e-04	208050789.000000	0.000000e+00
1.148019e+01	4.526687e+00	3.137669e-04	208135717.000000	0.000000e+00
1.148219e+01	4.525408e+00	3.136352e-04	208192851.000000	0.000000e+00
1.148418e+01	4.524148e+00	3.134966e-04	208261021.000000	0.000000e+00
1.148618e+01	4.523596e+00	3.133661e-04	208383633.000000	0.000000e+00
1.148817e+01	4.522444e+00	3.132457e-04	208437619.000000	0.000000e+00
1.149017e+01	4.521431e+00	3.131364e-04	208489705.000000	0.000000e+00
1.149216e+01	4.520915e+00	3.130889e-04	208505433.000000	0.000000e+00
1.149416e+01	4.520029e+00	3.129336e-04	208630561.000000	0.000000e+00
1.149615e+01	4.519230e+00	3.127874e-04	208751943.000000	0.000000e+00
1.149814e+01	4.518415e+00	3.127028e-04	208789549.000000	0.000000e+00
1.150014e+01	4.516939e+00	3.125432e-04	208866225.000000	0.000000e+00
1.150213e+01	4.516154e+00	3.124643e-04	208899139.000000	0.000000e+00
1.150413e+01	4.515086e+00	3.123144e-04	209000773.000000	0.000000e+00
1.150612e+01	4.514357e+00	3.122181e-04	209062329.000000	0.000000e+00
1.150812e+01	4.513579e+00	3.120953e-04	209154655.000000	0.000000e+00
1.151011e+01	4.512592e+00	3.119650e-04	209237973.000000	0.000000e+00
1.151211e+01	4.511812e+00	3.118665e-04	209297761.000000	0.000000e+00
1.151410e+01	4.511088e+00	3.118057e-04	209312125.000000	0.000000e+00
1.151610e+01	4.510461e+00	3.116480e-04	209465859.000000	0.000000e+00
1.151809e+01	4.509114e+00	3.115356e-04	209491789.000000	0.000000e+00
1.152009e+01	4.507774e+00	3.113666e-04	209594625.000000	0.000000e+00
1.152208e+01	4.507578e+00	3.113061e-04	209657875.000000	0.000000e+00
1.152408e+01	4.506597e+00	3.111940e-04	209717745.000000	0.000000e+00
1.152607e+01	4.505489e+00	3.110404e-04	209821585.000000	0.000000e+00
1.152806e+01	4.504817e+00	3.109618e-04	209865109.000000	0.000000e+00
1.153006e+01	4.503278e+00	3.107965e-04	209944863.000000	0.000000e+00
1.153205e+01	4.503203e+00	3.107484e-04	210002977.000000	0.000000e+00
1.153405e+01	4.502469e+00	3.106432e-04	210076701.000000	0.000000e+00
1.153604e+01	4.501545e+00	3.104844e-04	210205267.000000	0.000000e+00
1.153804e+01	4.500384e+00	3.104157e-04	210189897.000000	0.000000e+00
1.154003e+01	4.499245e+00	3.102388e-04	210323221.000000	0.000000e+00
1.154203e+01	4.498546e+00	3.101650e-04	210357787.000000	0.000000e+00
1.154402e+01	4.498506e+00	3.100887e-04	210457641.000000	0.000000e+00
1.154602e+01	4.496969e+00	3.099220e-04	210540133.000000	0.000000e+00
1.154801e+01	4.496009e+00	3.098358e-04	210567489.000000	0.000000e+00
1.155001e+01	4.495336e+00	3.097043e-04	210683119.000000	0.000000e+00
1.155200e+01	4.494895e+00	3.096340e-04	210737457.000000	0.000000e+00
1.155400e+01	4.493992e+00	3.094961e-04	210840625.000000	0.000000e+00
1.155599e+01	4.492563e+00	3.093629e-04	210888007.000000	0.000000e+00
1.155798e+01	4.491730e+00	3.092670e-04	210940569.000000	0.000000e+00
1.155998e+01	4.491298e+00	3.091749e-04	211025773.000000	0.000000e+00
1.156197e+01	4.490037e+00	3.090305e-04	211104249.000000	0.000000e+00
1.156397e+01	4.489414e+00	3.089268e-04	211187383.000000	0.000000e+00
1.156596e+01	4.488662e+00	3.088404e-04	211234885.000000	0.000000e+00
1.156796e+01	4.487551e+00	3.086729e-04	211359549.000000	0.000000e+00
1.156995e+01	4.486610e+00	3.085861e-04	211389775.000000	0.000000e+00
1.157195e+01	4.486261e+00	3.085110e-04	211459821.000000	0.000000e+00
1.157394e+01	4.485039e+00	3.083663e-04	211542961.000000	0.000000e+00
1.157594e+01	4.484232e+00	3.082783e-04	211587609.000000	0.000000e+00
1.157793e+01	4.483331e+00	3.080979e-04	211750291.000000	0.000000e+00
1.157993e+01	4.482830e+00	3.080636e-04	211750249.000000	0.000000e+00
1.158192e+01	4.482098e+00	3.079392e-04	211852065.000000	0.000000e+00
1.158391e+01	4.481009e+00	3.078429e-04	211881667.000000	0.000000e+00
1.158591e+01	4.480230e+00	3.077275e-04	211966833.000000	0.000000e+00
1.158790e+01	4.478638e+00	3.075423e-04	212071477.000000	0.000000e+00
1.158990e+01	4.478172e+00	3.074535e-04	212149767.000000	0.000000e+00
1.159189e+01	4.477853e+00	3.074235e-04	212160925.000000	0.000000e+00
1.159389e+01	4.476570e+00	3.072440e-04	212287225.000000	0.000000e+00
1.159588e+01	4.475872e+00	3.071540e-04	212345397.000000	0.000000e+00
1.159788e+01	4.475080e+00	3.070365e-04	212432803.000000	0.000000e+00
1.159987e+01	4.474448e+00	3.069799e-04	212451033.000000	0.000000e+00
1.160187e+01	4.473338e+00	3.067993e-04	212595769.000000	0.000000e+00
1.160386e+01	4.472521e+00	3.067254e-04	212620539.000000	0.000000e+00
1.160586e+01	4.472351e+00	3.066062e-04	212769781.000000	0.000000e+00
1.160785e+01	4.471223e+00	3.065571e-04	212730565.000000	0.000000e+00
1.160985e+01	4.470465e+00	3.064001e-04	212876349.000000	0.000000e+00
1.161184e+01	4.469718e+00	3.062917e-04	212955895.000000	0.000000e+00
1.161383e+01	4.468918e+00	3.062360e-04	212957193.000000	0.000000e+00
1.161583e+01	4.467855e+00	3.060964e-04	213050137.000000	0.000000e+00
1.161782e+01	4.467181e+00	3.059405e-04	213202939.000000	0.000000e+00
1.161982e+01	4.465415e+00	3.058031e-04	213225933.000000	0.000000e+00
1.162181e+01	4.465476e+00	3.057333e-04	213328993.000000	0.000000e+00
1.162381e+01	4.464495e+00	3.056548e-04	213344919.000000	0.000000e+00
1.162580e+01	4.463669e+00	3.055360e-04	213431797.000000	0.000000e+00
1.162780e+01	4.462701e+00	3.054027e-04	213525513.000000	0.000000e+00
1.162979e+01	4.462173e+00	3.053112e-04	213602905.000000	0.000000e+00
1.163179e+01	4.461259e+00	3.052158e-04	213649027.000000	0.000000e+00
1.163378e+01	4.460893e+00	3.051570e-04	213696213.000000	0.000000e+00
1.163578e+01	4.460330e+00	3.049999e-04	213862453.000000	0.000000e+00
1.163777e+01	4.459535e+00	3.049183e-04	213900627.000000	0.000000e+00
1.163976e+01	4.458064e+00	3.047962e-04	213930901.000000	0.000000e+00
1.164176e+01	4.457426e+00	3.046770e-04	214037109.000000	0.000000e+00
1.164375e+01	4.456523e+00	3.046060e-04	214050049.000000	0.000000e+00
1.164575e+01	4.455898e+00	3.044071e-04	214269811.000000	0.000000e+00
1.164774e+01	4.454719e+00	3.043925e-04	214176969.000000	0.000000e+00
1.164974e+01	4.454486e+00	3.042483e-04	214357501.000000	0.000000e+00
1.165173e+01	4.453729e+00	3.041690e-04	214396539.000000	0.000000e+00
1.165373e+01	4.453434e+00	3.041038e-04	214460053.000000	0.000000e+00
1.165572e+01	4.451888e+00	3.039371e-04	214546345.000000	0.000000e+00
1.165772e+01	4.451195e+00	3.038824e-04	214556709.000000	0.000000e+00
1.165971e+01	4.450682e+00	3.036932e-04	214774639.000000	0.000000e+00
1.166171e+01	4.449865e+00	3.036569e-04	214747137.000000	0.000000e+00
1.166370e+01	4.448874e+00	3.035480e-04	214805617.000000	0.000000e+00
1.166570e+01	4.448755e+00	3.034577e-04	214921827.000000	0.000000e+00
1.166769e+01	4.446903e+00	3.032791e-04	214996009.000000	0.000000e+00
1.166968e+01	4.446768e+00	3.032304e-04	215052049.000000	0.000000e+00
1.167168e+01	4.445405e+00	3.030709e-04	215146383.000000	0.000000e+00
1.167367e+01	4.445238e+00	3.030107e-04	215215741.000000	0.000000e+00
1.167567e+01	4.444555e+00	3.028985e-04	215309085.000000	0.000000e+00
1.167766e+01	4.443915e+00	3.028858e-04	215265193.000000	0.000000e+00
1.167966e+01	4.442787e+00	3.026822e-04	215445447.000000	0.000000e+00
1.168165e+01	4.442195e+00	3.025768e-04	215538049.000000	0.000000e+00
1.168365e+01	4.440980e+00	3.024613e-04	215584693.000000	0.000000e+00
1.168564e+01	4.440443e+00	3.024035e-04	215615007.000000	0.000000e+00
1.168764e+01	4.440515e+00	3.023344e-04	215720557.000000	0.000000e+00
1.168963e+01	4.438848e+00	3.021683e-04	215795697.000000	0.000000e+00
1.169163e+01	4.438618e+00	3.020866e-04	215889949.000000	0.000000e+00
1.169362e+01	4.437907e+00	3.020380e-04	215890311.000000	0.000000e+00
1.169561e+01	4.437450e+00	3.019055e-04	216035365.000000	0.000000e+00
1.169761e+01	4.436384e+00	3.017742e-04	216119533.000000	0.000000e+00
1.169960e+01	4.435612e+00	3.016972e-04	216154635.000000	0.000000e+00
1.170160e+01	4.434627e+00	3.016120e-04	216180817.000000	0.000000e+00
1.170359e+01	4.434039e+00	3.014436e-04	216364881.000000	0.000000e+00
1.170559e+01	4.433023e+00	3.013887e-04	216344539.000000	0.000000e+00
1.170758e+01	4.432635e+00	3.012720e-04	216474337.000000	0.000000e+00
1.170958e+01	4.432296e+00	3.012047e-04	216537945.000000	0.000000e+00
1.171157e+01	4.431526e+00	3.011044e-04	216606973.000000	0.000000e+00
1.171357e+01	4.430609e+00	3.009953e-04	216674295.000000	0.000000e+00
1.171556e+01	4.429830e+00	3.008938e-04	216744325.000000	0.000000e+00
1.171756e+01	4.429055e+00	3.007741e-04	216840993.000000	0.000000e+00
1.171955e+01	4.428321e+00	3.006546e-04	216941359.000000	0.000000e+00
1.172155e+01	4.427374e+00	3.005906e-04	216940993.000000	0.000000e+00
1.172354e+01	4.426656e+00	3.004887e-04	217017789.000000	0.000000e+00
1.172553e+01	4.426839e+00	3.004121e-04	217146421.000000	0.000000e+00
1.172753e+01	4.424958e+00	3.002537e-04	217190823.000000	0.000000e+00
1.172952e+01	4.424604e+00	3.001653e-04	217284109.000000	0.000000e+00
1.173152e+01	4.423975e+00	3.000901e-04	217331253.000000	0.000000e+00
1.173351e+01	4.423114e+00	2.999570e-04	217439371.000000	0.000000e+00
1.173551e+01	4.422663e+00	2.999155e-04	217455193.000000	0.000000e+00
1.173750e+01	4.421781e+00	2.997545e-04	217602153.000000	0.000000e+00
1.173950e+01	4.421372e+00	2.997429e-04	217578589.000000	0.000000e+00
1.174149e+01	4.420187e+00	2.995229e-04	217781655.000000	0.000000e+00
1.174349e+01	4.419978e+00	2.995494e-04	217722529.000000	0.000000e+00
1.174548e+01	4.418702e+00	2.993479e-04	217889949.000000	0.000000e+00
1.174748e+01	4.418548e+00	2.992877e-04	217962403.000000	0.000000e+00
1.174947e+01	4.417843e+00	2.992290e-04	217978177.000000	0.000000e+00
1.175147e+01	4.417080e+00	2.990820e-04	218117253.000000	0.000000e+00
1.175346e+01	4.416258e+00	2.990256e-04	218118367.000000	0.000000e+00
1.175545e+01	4.415846e+00	2.989192e-04	218232933.000000	0.000000e+00
1.175745e+01	4.414842e+00	2.987985e-04	218309965.000000	0.000000e+00
1.175944e+01	4.414789e+00	2.987323e-04	218401513.000000	0.000000e+00
1.176144e+01	4.414435e+00	2.987045e-04	218407131.000000	0.000000e+00
1.176343e+01	4.413116e+00	2.985025e-04	218572081.000000	0.000000e+00
1.176543e+01	4.412246e+00	2.984329e-04	218587833.000000	0.000000e+00
1.176742e+01	4.411662e+00	2.983440e-04	218660323.000000	0.000000e+00
1.176942e+01	4.411373e+00	2.982402e-04	218783781.000000	0.000000e+00
1.177141e+01	4.410452e+00	2.981657e-04	218801665.000000	0.000000e+00
1.177341e+01	4.409637e+00	2.980441e-04	218899369.000000	0.000000e+00
1.177540e+01	4.409222e+00	2.979851e-04	218944863.000000	0.000000e+00
1.177740e+01	4.408293e+00	2.978344e-04	219074269.000000	0.000000e+00
1.177939e+01	4.407189e+00	2.977125e-04	219143769.000000	0.000000e+00
1.178138e+01	4.406686e+00	2.976694e-04	219157279.000000	0.000000e+00
1.178338e+01	4.406363e+00	2.975335e-04	219325317.000000	0.000000e+00
1.178537e+01	4.405172e+00	2.974614e-04	219312997.000000	0.000000e+00
1.178737e+01	4.405473e+00	2.974312e-04	219387535.000000	0.000000e+00
1.178936e+01	4.404347e+00	2.972630e-04	219523701.000000	0.000000e+00
1.179136e+01	4.403910e+00	2.972131e-04	219553765.000000	0.000000e+00
1.179335e+01	4.403180e+00	2.971169e-04	219623229.000000	0.000000e+00
1.179535e+01	4.401764e+00	2.969553e-04	219720859.000000	0.000000e+00
1.179734e+01	4.401677e+00	2.968891e-04	219810145.000000	0.000000e+00
1.179934e+01	4.400836e+00	2.968084e-04	219845697.000000	0.000000e+00
1.180133e+01	4.400129e+00	2.966877e-04	219953947.000000	0.000000e+00
1.180333e+01	4.400021e+00	2.966434e-04	220008777.000000	0.000000e+00
1.180532e+01	4.398923e+00	2.965398e-04	220052677.000000	0.000000e+00
1.180732e+01	4.398909e+00	2.964341e-04	220208301.000000	0.000000e+00
1.180931e+01	4.397553e+00	2.963071e-04	220261219.000000	0.000000e+00
1.181130e+01	4.397119e+00	2.962855e-04	220249825.000000	0.000000e+00
1.181330e+01	4.396712e+00	2.961471e-04	220414929.000000	0.000000e+00
1.181529e+01	4.395937e+00	2.960385e-04	220499059.000000	0.000000e+00
1.181729e+01	4.395284e+00	2.959863e-04	220511181.000000	0.000000e+00
1.181928e+01	4.394919e+00	2.959286e-04	220560613.000000	0.000000e+00
1.182128e+01	4.394083e+00	2.958072e-04	220657623.000000	0.000000e+00
1.182327e+01	4.393023e+00	2.956241e-04	220824613.000000	0.000000e+00
1.182527e+01	4.392792e+00	2.956116e-04	220819957.000000	0.000000e+00
1.182726e+01	4.391616e+00	2.955043e-04	220862061.000000	0.000000e+00
1.182926e+01	4.391427e+00	2.954011e-04	220997431.000000	0.000000e+00
1.183125e+01	4.391143e+00	2.953369e-04	221064765.000000	0.000000e+00
1.183325e+01	4.390445e+00	2.952396e-04	221140321.000000	0.000000e+00
1.183524e+01	4.389106e+00	2.951231e-04	221179923.000000	0.000000e+00
1.183723e+01	4.388695e+00	2.950103e-04	221307637.000000	0.000000e+00
1.183923e+01	4.388923e+00	2.950009e-04	221344825.000000	0.000000e+00
1.184122e+01	4.387754e+00	2.948538e-04	221447673.000000	0.000000e+00
1.184322e+01	4.386799e+00	2.947801e-04	221461915.000000	0.000000e+00
1.184521e+01	4.386688e+00	2.946945e-04	221579373.000000	0.000000e+00
1.184721e+01	4.385953e+00	2.945930e-04	221657809.000000	0.000000e+00
1.184920e+01	4.384871e+00	2.944931e-04	221698711.000000	0.000000e+00
1.185120e+01	4.384794e+00	2.943949e-04	221839053.000000	0.000000e+00
1.185319e+01	4.383871e+00	2.942929e-04	221899357.000000	0.000000e+00
1.185519e+01	4.383785e+00	2.942778e-04	221913345.000000	0.000000e+00
1.185718e+01	4.382440e+00	2.940976e-04	222049003.000000	0.000000e+00
1.185918e+01	4.382156e+00	2.940492e-04	222093405.000000	0.000000e+00
1.186117e+01	4.381702e+00	2.939721e-04	222163957.000000	0.000000e+00
1.186317e+01	4.381325e+00	2.939127e-04	222215443.000000	0.000000e+00
1.186516e+01	4.381115e+00	2.938181e-04	222337245.000000	0.000000e+00
1.186715e+01	4.379831e+00	2.936619e-04	222443365.000000	0.000000e+00
1.186915e+01	4.379637e+00	2.936310e-04	222470439.000000	0.000000e+00
1.187114e+01	4.378752e+00	2.935218e-04	222546145.000000	0.000000e+00
1.187314e+01	4.378783e+00	2.935012e-04	222580509.000000	0.000000e+00
1.187513e+01	4.378137e+00	2.933690e-04	222715321.000000	0.000000e+00
1.187713e+01	4.376781e+00	2.932336e-04	222783055.000000	0.000000e+00
1.187912e+01	4.376049e+00	2.931534e-04	222830397.000000	0.000000e+00
1.188112e+01	4.376141e+00	2.930915e-04	222933985.000000	0.000000e+00
1.188311e+01	4.375385e+00	2.929976e-04	222999807.000000	0.000000e+00
1.188511e+01	4.374926e+00	2.929340e-04	223049881.000000	0.000000e+00
1.188710e+01	4.374113e+00	2.928339e-04	223119465.000000	0.000000e+00
1.188910e+01	4.373404e+00	2.927114e-04	223233793.000000	0.000000e+00
1.189109e+01	4.373127e+00	2.926327e-04	223325587.000000	0.000000e+00
1.189308e+01	4.372037e+00	2.925425e-04	223351929.000000	0.000000e+00
1.189508e+01	4.371824e+00	2.924671e-04	223445389.000000	0.000000e+00
1.189707e+01	4.371548e+00	2.924037e-04	223513923.000000	0.000000e+00
1.189907e+01	4.370808e+00	2.922812e-04	223625749.000000	0.000000e+00
1.190106e+01	4.370490e+00	2.922438e-04	223650313.000000	0.000000e+00
1.190306e+01	4.369606e+00	2.920988e-04	223781895.000000	0.000000e+00
1.190505e+01	4.368907e+00	2.920485e-04	223787437.000000	0.000000e+00
1.190705e+01	4.368487e+00	2.919251e-04	223933545.000000	0.000000e+00
1.190904e+01	4.367380e+00	2.918390e-04	223952161.000000	0.000000e+00
1.191104e+01	4.367017e+00	2.917465e-04	224056971.000000	0.000000e+00
1.191303e+01	4.366838e+00	2.917024e-04	224106397.000000	0.000000e+00
1.191503e+01	4.366019e+00	2.915738e-04	224219953.000000	0.000000e+00
1.191702e+01	4.366532e+00	2.915615e-04	224291511.000000	0.000000e+00
1.191902e+01	4.365144e+00	2.914794e-04	224275297.000000	0.000000e+00
1.192101e+01	4.364410e+00	2.913267e-04	224434893.000000	0.000000e+00
1.192300e+01	4.364264e+00	2.912780e-04	224495017.000000	0.000000e+00
1.192500e+01	4.363564e+00	2.911808e-04	224572767.000000	0.000000e+00
1.192699e+01	4.363471e+00	2.911372e-04	224630521.000000	0.000000e+00
1.192899e+01	4.362333e+00	2.909822e-04	224752597.000000	0.000000e+00
1.193098e+01	4.362292e+00	2.909781e-04	224754771.000000	0.000000e+00
1.193298e+01	4.361706e+00	2.908731e-04	224856649.000000	0.000000e+00
1.193497e+01	4.360881e+00	2.907260e-04	224999049.000000	0.000000e+00
1.193697e+01	4.360042e+00	2.906709e-04	224997745.000000	0.000000e+00
1.193896e+01	4.359751e+00	2.905611e-04	225137871.000000	0.000000e+00
1.194096e+01	4.359867e+00	2.905619e-04	225148429.000000	0.000000e+00
1.194295e+01	4.358606e+00	2.904198e-04	225238609.000000	0.000000e+00
1.194495e+01	4.357840e+00	2.902985e-04	225347583.000000	0.000000e+00
1.194694e+01	4.358357e+00	2.902885e-04	225416605.000000	0.000000e+00
1.194894e+01	4.357263e+00	2.901983e-04	225443529.000000	0.000000e+00
1.195093e+01	4.355859e+00	2.900208e-04	225574183.000000	0.000000e+00
1.195292e+01	4.356434e+00	2.900541e-04	225581905.000000	0.000000e+00
1.195492e+01	4.355836e+00	2.899248e-04	225721161.000000	0.000000e+00
1.195691e+01	4.355640e+00	2.898700e-04	225786241.000000	0.000000e+00
1.195891e+01	4.354294e+00	2.897405e-04	225848427.000000	0.000000e+00
1.196090e+01	4.354086e+00	2.896647e-04	225945097.000000	0.000000e+00
1.196290e+01	4.353629e+00	2.895938e-04	226008261.000000	0.000000e+00
1.196489e+01	4.353236e+00	2.895750e-04	225996799.000000	0.000000e+00
1.196689e+01	4.352778e+00	2.894145e-04	226199881.000000	0.000000e+00
1.196888e+01	4.352521e+00	2.893994e-04	226196901.000000	0.000000e+00
1.197088e+01	4.351636e+00	2.892661e-04	226313305.000000	0.000000e+00
1.197287e+01	4.351276e+00	2.891893e-04	226396107.000000	0.000000e+00
1.197487e+01	4.350538e+00	2.891019e-04	226456153.000000	0.000000e+00
1.197686e+01	4.350403e+00	2.890512e-04	226521477.000000	0.000000e+00
1.197885e+01	4.349773e+00	2.889548e-04	226606999.000000	0.000000e+00
1.198085e+01	4.349262e+00	2.889150e-04	226616137.000000	0.000000e+00
1.198284e+01	4.348706e+00	2.887340e-04	226842405.000000	0.000000e+00
1.198484e+01	4.348030e+00	2.886963e-04	226831147.000000	0.000000e+00
1.198683e+01	4.347878e+00	2.886404e-04	226903041.000000	0.000000e+00
1.198883e+01	4.347791e+00	2.886090e-04	226943365.000000	0.000000e+00
1.199082e+01	4.346606e+00	2.884273e-04	227105581.000000	0.000000e+00
1.199282e+01	4.346722e+00	2.884343e-04	227106687.000000	0.000000e+00
1.199481e+01	4.346329e+00	2.883272e-04	227234329.000000	0.000000e+00
1.199681e+01	4.345257e+00	2.882257e-04	227282241.000000	0.000000e+00
1.199880e+01	4.345013e+00	2.881781e-04	227331859.000000	0.000000e+00
1.200080e+01	4.344232e+00	2.880493e-04	227453385.000000	0.000000e+00
1.200279e+01	4.343875e+00	2.879847e-04	227518093.000000	0.000000e+00
1.200479e+01	4.343697e+00	2.879315e-04	227583517.000000	0.000000e+00
1.200678e+01	4.343392e+00	2.878518e-04	227677623.000000	0.000000e+00
1.200877e+01	4.342660e+00	2.877768e-04	227719357.000000	0.000000e+00
1.201077e+01	4.341989e+00	2.876887e-04	227788617.000000	0.000000e+00
1.201276e+01	4.341720e+00	2.875976e-04	227904631.000000	0.000000e+00
1.201476e+01	4.341026e+00	2.875440e-04	227916669.000000	0.000000e+00
1.201675e+01	4.340790e+00	2.874226e-04	228084469.000000	0.000000e+00
1.201875e+01	4.340652e+00	2.874105e-04	228089119.000000	0.000000e+00
1.202074e+01	4.339959e+00	2.872788e-04	228225501.000000	0.000000e+00
1.202274e+01	4.338996e+00	2.871756e-04	228288121.000000	0.000000e+00
1.202473e+01	4.338716e+00	2.871501e-04	228299349.000000	0.000000e+00
1.202673e+01	4.338249e+00	2.870258e-04	228447883.000000	0.000000e+00
1.202872e+01	4.338001e+00	2.869864e-04	228484509.000000	0.000000e+00
1.203072e+01	4.337809e+00	2.869061e-04	228592105.000000	0.000000e+00
1.203271e+01	4.337640e+00	2.868597e-04	228648211.000000	0.000000e+00
1.203471e+01	4.336955e+00	2.867769e-04	228708069.000000	0.000000e+00
1.203670e+01	4.336798e+00	2.866981e-04	228817249.000000	0.000000e+00
1.203869e+01	4.335980e+00	2.866347e-04	228832101.000000	0.000000e+00
1.204069e+01	4.336200e+00	2.865489e-04	228992359.000000	0.000000e+00
1.204268e+01	4.335160e+00	2.864729e-04	229004161.000000	0.000000e+00
1.204468e+01	4.334133e+00	2.863402e-04	229107825.000000	0.000000e+00
1.204667e+01	4.333878e+00	2.862844e-04	229170091.000000	0.000000e+00
1.204867e+01	4.333684e+00	2.862197e-04	229253253.000000	0.000000e+00
1.205066e+01	4.333009e+00	2.860964e-04	229379401.000000	0.000000e+00
1.205266e+01	4.333118e+00	2.861150e-04	229361025.000000	0.000000e+00
1.205465e+01	4.332507e+00	2.860027e-04	229476571.000000	0.000000e+00
1.205665e+01	4.332027e+00	2.859603e-04	229493797.000000	0.000000e+00
1.205864e+01	4.331528e+00	2.858021e-04	229694973.000000	0.000000e+00
1.206064e+01	4.331312e+00	2.857605e-04	229738903.000000	0.000000e+00
1.206263e+01	4.331136e+00	2.857290e-04	229770933.000000	0.000000e+00
1.206462e+01	4.330679e+00	2.856496e-04	229850185.000000	0.000000e+00
1.206662e+01	4.330160e+00	2.855770e-04	229911951.000000	0.000000e+00
1.206861e+01	4.330127e+00	2.855089e-04	230018029.000000	0.000000e+00
1.207061e+01	4.329188e+00	2.854002e-04	230093461.000000	0.000000e+00
1.207260e+01	4.329344e+00	2.853817e-04	230139897.000000	0.000000e+00
1.207460e+01	4.328436e+00	2.852356e-04	230279179.000000	0.000000e+00
1.207659e+01	4.327328e+00	2.851599e-04	230283489.000000	0.000000e+00
1.207859e+01	4.327839e+00	2.851049e-04	230426689.000000	0.000000e+00
1.208058e+01	4.327132e+00	2.850166e-04	230494239.000000	0.000000e+00
1.208258e+01	4.326907e+00	2.849884e-04	230515705.000000	0.000000e+00
1.208457e+01	4.326920e+00	2.849159e-04	230634565.000000	0.000000e+00
1.208657e+01	4.326556e+00	2.848405e-04	230717733.000000	0.000000e+00
1.208856e+01	4.325982e+00	2.847810e-04	230752987.000000	0.000000e+00
1.209056e+01	4.325384e+00	2.846755e-04	230860125.000000	0.000000e+00
1.209255e+01	4.324586e+00	2.845918e-04	230910781.000000	0.000000e+00
1.209454e+01	4.324682e+00	2.845467e-04	230994247.000000	0.000000e+00
1.209654e+01	4.324327e+00	2.844618e-04	231094245.000000	0.000000e+00
1.209853e+01	4.323326e+00	2.843535e-04	231163369.000000	0.000000e+00
1.210053e+01	4.323683e+00	2.843565e-04	231196527.000000	0.000000e+00
1.210252e+01	4.323008e+00	2.842538e-04	231291397.000000	0.000000e+00
1.210452e+01	4.323186e+00	2.841777e-04	231434433.000000	0.000000e+00
1.210651e+01	4.321812e+00	2.840842e-04	231439513.000000	0.000000e+00
1.210851e+01	4.321352e+00	2.839884e-04	231546511.000000	0.000000e+00
1.211050e+01	4.321699e+00	2.839794e-04	231598389.000000	0.000000e+00
1.211250e+01	4.321311e+00	2.838822e-04	231715357.000000	0.000000e+00
1.211449e+01	4.320632e+00	2.838207e-04	231742839.000000	0.000000e+00
1.211649e+01	4.320243e+00	2.837339e-04	231843001.000000	0.000000e+00
1.211848e+01	4.320157e+00	2.836814e-04	231919437.000000	0.000000e+00
1.212047e+01	4.319655e+00	2.836059e-04	231989149.000000	0.000000e+00
1.212247e+01	4.319194e+00	2.835158e-04	232087099.000000	0.000000e+00
1.212446e+01	4.319188e+00	2.834833e-04	232139493.000000	0.000000e+00
1.212646e+01	4.318780e+00	2.834036e-04	232226245.000000	0.000000e+00
1.212845e+01	4.317923e+00	2.832912e-04	232318443.000000	0.000000e+00
1.213045e+01	4.317614e+00	2.832282e-04	232388545.000000	0.000000e+00
1.213244e+01	4.317575e+00	2.832096e-04	232414785.000000	0.000000e+00
1.213444e+01	4.317155e+00	2.831335e-04	232494565.000000	0.000000e+00
1.213643e+01	4.317187e+00	2.830222e-04	232680871.000000	0.000000e+00
1.213843e+01	4.316749e+00	2.830200e-04	232637265.000000	0.000000e+00
1.214042e+01	4.316705e+00	2.829199e-04	232797157.000000	0.000000e+00
1.214242e+01	4.315962e+00	2.828627e-04	232811235.000000	0.000000e+00
1.214441e+01	4.315876e+00	2.828023e-04	232901425.000000	0.000000e+00
1.214641e+01	4.315330e+00	2.827026e-04	233006725.000000	0.000000e+00
1.214840e+01	4.315747e+00	2.827114e-04	233037195.000000	0.000000e+00
1.215039e+01	4.314815e+00	2.825954e-04	233127901.000000	0.000000e+00
1.215239e+01	4.314513e+00	2.824896e-04	233269929.000000	0.000000e+00
1.215438e+01	4.313450e+00	2.824237e-04	233263777.000000	0.000000e+00
1.215638e+01	4.313446e+00	2.823610e-04	233366883.000000	0.000000e+00
1.215837e+01	4.313647e+00	2.823539e-04	233400505.000000	0.000000e+00
1.216037e+01	4.312968e+00	2.821908e-04	233596729.000000	0.000000e+00
1.216236e+01	4.312199e+00	2.821385e-04	233599947.000000	0.000000e+00
1.216436e+01	4.312312e+00	2.820863e-04	233698693.000000	0.000000e+00
1.216635e+01	4.312436e+00	2.820668e-04	233744517.000000	0.000000e+00
1.216835e+01	4.311885e+00	2.819909e-04	233810509.000000	0.000000e+00
1.217034e+01	4.311817e+00	2.819497e-04	233871567.000000	0.000000e+00
1.217234e+01	4.310850e+00	2.817834e-04	234042661.000000	0.000000e+00
1.217433e+01	4.310799e+00	2.817896e-04	234026893.000000	0.000000e+00
1.217632e+01	4.310581e+00	2.817202e-04	234118383.000000	0.000000e+00
1.217832e+01	4.310022e+00	2.816196e-04	234224953.000000	0.000000e+00
1.218031e+01	4.309309e+00	2.815182e-04	234316077.000000	0.000000e+00
1.218231e+01	4.310131e+00	2.815705e-04	234318511.000000	0.000000e+00
1.218430e+01	4.309393e+00	2.814305e-04	234471397.000000	0.000000e+00
1.218630e+01	4.308569e+00	2.813313e-04	234546981.000000	0.000000e+00
1.218829e+01	4.308359e+00	2.812620e-04	234639877.000000	0.000000e+00
1.219029e+01	4.308958e+00	2.813289e-04	234593547.000000	0.000000e+00
1.219228e+01	4.308222e+00	2.811920e-04	234741685.000000	0.000000e+00
1.219428e+01	4.307865e+00	2.811036e-04	234850449.000000	0.000000e+00
1.219627e+01	4.306954e+00	2.809983e-04	234927067.000000	0.000000e+00
1.219827e+01	4.307733e+00	2.810269e-04	234964297.000000	0.000000e+00
1.220026e+01	4.307023e+00	2.809334e-04	235043205.000000	0.000000e+00
1.220226e+01	4.306846e+00	2.808729e-04	235125157.000000	0.000000e+00
1.220425e+01	4.306887e+00	2.807958e-04	235258719.000000	0.000000e+00
1.220624e+01	4.306485e+00	2.807495e-04	235292341.000000	0.000000e+00
1.220824e+01	4.305868e+00	2.806827e-04	235336965.000000	0.000000e+00
1.221023e+01	4.305280e+00	2.805829e-04	235440139.000000	0.000000e+00
1.221223e+01	4.305100e+00	2.805468e-04	235480933.000000	0.000000e+00
1.221422e+01	4.304974e+00	2.804439e-04	235640145.000000	0.000000e+00
1.221622e+01	4.304829e+00	2.804436e-04	235624627.000000	0.000000e+00
1.221821e+01	4.304120e+00	2.802727e-04	235834449.000000	0.000000e+00
1.222021e+01	4.304716e+00	2.803268e-04	235808713.000000	0.000000e+00
1.222220e+01	4.304013e+00	2.802031e-04	235939893.000000	0.000000e+00
1.222420e+01	4.304185e+00	2.801943e-04	235973467.000000	0.000000e+00
1.222619e+01	4.303801e+00	2.801397e-04	236023321.000000	0.000000e+00
1.222819e+01	4.302926e+00	2.800250e-04	236120649.000000	0.000000e+00
1.223018e+01	4.303085e+00	2.799799e-04	236214235.000000	0.000000e+00
1.223217e+01	4.303491e+00	2.799522e-04	236305497.000000	0.000000e+00
1.223417e+01	4.303001e+00	2.799122e-04	236319277.000000	0.000000e+00
1.223616e+01	4.302871e+00	2.797898e-04	236511733.000000	0.000000e+00
1.223816e+01	4.302031e+00	2.797315e-04	236518119.000000	0.000000e+00
1.224015e+01	4.302294e+00	2.797303e-04	236548933.000000	0.000000e+00
1.224215e+01	4.301200e+00	2.795590e-04	236718621.000000	0.000000e+00
1.224414e+01	4.301379e+00	2.795526e-04	236749111.000000	0.000000e+00
1.224614e+01	4.300783e+00	2.794694e-04	236824449.000000	0.000000e+00
1.224813e+01	4.301090e+00	2.794548e-04	236882989.000000	0.000000e+00
1.225013e+01	4.301267e+00	2.793876e-04	237016441.000000	0.000000e+00
1.225212e+01	4.300401e+00	2.793047e-04	237061659.000000	0.000000e+00
1.225412e+01	4.300027e+00	2.792416e-04	237127621.000000	0.000000e+00
1.225611e+01	4.299810e+00	2.791928e-04	237186693.000000	0.000000e+00
1.225811e+01	4.299750e+00	2.791102e-04	237320275.000000	0.000000e+00
1.226010e+01	4.300325e+00	2.791239e-04	237360549.000000	0.000000e+00
1.226209e+01	4.299152e+00	2.789557e-04	237517273.000000	0.000000e+00
1.226409e+01	4.299862e+00	2.790263e-04	237475471.000000	0.000000e+00
1.226608e+01	4.298694e+00	2.788684e-04	237615393.000000	0.000000e+00
1.226808e+01	4.298868e+00	2.788611e-04	237647077.000000	0.000000e+00
1.227007e+01	4.298434e+00	2.787494e-04	237789477.000000	0.000000e+00
1.227207e+01	4.298733e+00	2.787367e-04	237844279.000000	0.000000e+00
1.227406e+01	4.297996e+00	2.786908e-04	237841041.000000	0.000000e+00
1.227606e+01	4.298037e+00	2.785578e-04	238072729.000000	0.000000e+00
1.227805e+01	4.298143e+00	2.786064e-04	238001491.000000	0.000000e+00
1.228005e+01	4.297762e+00	2.784985e-04	238143585.000000	0.000000e+00
1.228204e+01	4.297682e+00	2.784458e-04	238224877.000000	0.000000e+00
1.228404e+01	4.297249e+00	2.783622e-04	238320045.000000	0.000000e+00
1.228603e+01	4.296930e+00	2.783239e-04	238350163.000000	0.000000e+00
1.228803e+01	4.297142e+00	2.782668e-04	238471621.000000	0.000000e+00
1.229002e+01	4.296650e+00	2.781994e-04	238532469.000000	0.000000e+00
1.229201e+01	4.296683e+00	2.781766e-04	238575163.000000	0.000000e+00
1.229401e+01	4.296206e+00	2.780701e-04	238705005.000000	0.000000e+00
1.229600e+01	4.296209e+00	2.780369e-04	238762381.000000	0.000000e+00
1.229800e+01	4.295960e+00	2.779689e-04	238851567.000000	0.000000e+00
1.229999e+01	4.295868e+00	2.779283e-04	238911109.000000	0.000000e+00
1.230199e+01	4.295788e+00	2.778688e-04	239004553.000000	0.000000e+00
1.230398e+01	4.295229e+00	2.778275e-04	239013393.000000	0.000000e+00
1.230598e+01	4.294978e+00	2.776810e-04	239237731.000000	0.000000e+00
1.230797e+01	4.295241e+00	2.777121e-04	239213493.000000	0.000000e+00
1.230997e+01	4.294331e+00	2.776083e-04	239290885.000000	0.000000e+00
1.231196e+01	4.294773e+00	2.775646e-04	239415459.000000	0.000000e+00
1.231396e+01	4.294256e+00	2.775205e-04	239433913.000000	0.000000e+00
1.231595e+01	4.294420e+00	2.774833e-04	239516545.000000	0.000000e+00
1.231794e+01	4.294419e+00	2.774310e-04	239606625.000000	0.000000e+00
1.231994e+01	4.293963e+00	2.773258e-04	239737615.000000	0.000000e+00
1.232193e+01	4.293924e+00	2.773080e-04	239763909.000000	0.000000e+00
1.232393e+01	4.293902e+00	2.772391e-04	239880601.000000	0.000000e+00
1.232592e+01	4.293687e+00	2.772796e-04	239786571.000000	0.000000e+00
1.232792e+01	4.293425e+00	2.770811e-04	240101089.000000	0.000000e+00
1.232991e+01	4.293546e+00	2.771028e-04	240076897.000000	0.000000e+00
1.233191e+01	4.293353e+00	2.770600e-04	240129585.000000	0.000000e+00
1.233390e+01	4.293274e+00	2.769937e-04	240235591.000000	0.000000e+00
1.233590e+01	4.293128e+00	2.769601e-04	240277569.000000	0.000000e+00
1.233789e+01	4.292433e+00	2.768114e-04	240457885.000000	0.000000e+00
1.233989e+01	4.292894e+00	2.768372e-04	240464719.000000	0.000000e+00
1.234188e+01	4.292628e+00	2.767829e-04	240529317.000000	0.000000e+00
1.234388e+01	4.292385e+00	2.767046e-04	240638317.000000	0.000000e+00
1.234587e+01	4.292195e+00	2.766715e-04	240674487.000000	0.000000e+00
1.234786e+01	4.292164e+00	2.765915e-04	240810277.000000	0.000000e+00
1.234986e+01	4.292094e+00	2.765693e-04	240840969.000000	0.000000e+00
1.235185e+01	4.292002e+00	2.765068e-04	240939709.000000	0.000000e+00
1.235385e+01	4.292165e+00	2.764601e-04	241039243.000000	0.000000e+00
1.235584e+01	4.291437e+00	2.764071e-04	241050021.000000	0.000000e+00
1.235784e+01	4.291530e+00	2.763317e-04	241191889.000000	0.000000e+00
1.235983e+01	4.290716e+00	2.762315e-04	241275471.000000	0.000000e+00
1.236183e+01	4.291745e+00	2.762939e-04	241282177.000000	0.000000e+00
1.236382e+01	4.291340e+00	2.761649e-04	241461969.000000	0.000000e+00
1.236582e+01	4.291163e+00	2.761627e-04	241446061.000000	0.000000e+00
1.236781e+01	4.291319e+00	2.761084e-04	241558507.000000	0.000000e+00
1.236981e+01	4.290878e+00	2.760435e-04	241622397.000000	0.000000e+00
1.237180e+01	4.290663e+00	2.759777e-04	241713409.000000	0.000000e+00
1.237379e+01	4.290999e+00	2.759379e-04	241820967.000000	0.000000e+00
1.237579e+01	4.290805e+00	2.759116e-04	241845349.000000	0.000000e+00
1.237778e+01	4.290558e+00	2.758321e-04	241956961.000000	0.000000e+00
1.237978e+01	4.290441e+00	2.757732e-04	242047083.000000	0.000000e+00
1.238177e+01	4.289892e+00	2.757071e-04	242101153.000000	0.000000e+00
1.238377e+01	4.290392e+00	2.757010e-04	242168385.000000	0.000000e+00
1.238576e+01	4.290034e+00	2.756080e-04	242291257.000000	0.000000e+00
1.238776e+01	4.290155e+00	2.755883e-04	242339499.000000	0.000000e+00
1.238975e+01	4.290083e+00	2.755666e-04	242369617.000000	0.000000e+00
1.239175e+01	4.289913e+00	2.754711e-04	242518489.000000	0.000000e+00
1.239374e+01	4.290017e+00	2.754360e-04	242592159.000000	0.000000e+00
1.239574e+01	4.290442e+00	2.754361e-04	242639905.000000	0.000000e+00
1.239773e+01	4.290002e+00	2.753789e-04	242690985.000000	0.000000e+00
1.239973e+01	4.289900e+00	2.752828e-04	242848885.000000	0.000000e+00
1.240172e+01	4.288750e+00	2.752008e-04	242863383.000000	0.000000e+00
1.240371e+01	4.289467e+00	2.751885e-04	242966473.000000	0.000000e+00
1.240571e+01	4.289343e+00	2.751281e-04	243059029.000000	0.000000e+00
1.240770e+01	4.289228e+00	2.750855e-04	243121287.000000	0.000000e+00
1.240970e+01	4.289110e+00	2.750368e-04	243193981.000000	0.000000e+00
1.241169e+01	4.289744e+00	2.750369e-04	243265617.000000	0.000000e+00
1.241369e+01	4.289105e+00	2.749744e-04	243303733.000000	0.000000e+00
1.241568e+01	4.288850e+00	2.748486e-04	243497571.000000	0.000000e+00
1.241768e+01	4.288578e+00	2.748214e-04	243514873.000000	0.000000e+00
1.241967e+01	4.288859e+00	2.747969e-04	243590113.000000	0.000000e+00
1.242167e+01	4.288321e+00	2.747396e-04	243630723.000000	0.000000e+00
1.242366e+01	4.288970e+00	2.747040e-04	243767605.000000	0.000000e+00
1.242566e+01	4.289205e+00	2.746613e-04	243870069.000000	0.000000e+00
1.242765e+01	4.288718e+00	2.746376e-04	243856867.000000	0.000000e+00
1.242965e+01	4.288612e+00	2.745626e-04	243977965.000000	0.000000e+00
1.243164e+01	4.289069e+00	2.745434e-04	244064205.000000	0.000000e+00
1.243363e+01	4.288737e+00	2.744669e-04	244162489.000000	0.000000e+00
1.243563e+01	4.288379e+00	2.744127e-04	244218183.000000	0.000000e+00
1.243762e+01	4.288159e+00	2.743672e-04	244274077.000000	0.000000e+00
1.243962e+01	4.288045e+00	2.743155e-04	244353177.000000	0.000000e+00
1.244161e+01	4.288429e+00	2.742691e-04	244479691.000000	0.000000e+00
1.244361e+01	4.288370e+00	2.742319e-04	244539253.000000	0.000000e+00
1.244560e+01	4.288418e+00	2.742210e-04	244564113.000000	0.000000e+00
1.244760e+01	4.288390e+00	2.741353e-04	244713853.000000	0.000000e+00
1.244959e+01	4.288263e+00	2.740915e-04	244777539.000000	0.000000e+00
1.245159e+01	4.287992e+00	2.740732e-04	244779409.000000	0.000000e+00
1.245358e+01	4.288304e+00	2.739572e-04	245022297.000000	0.000000e+00
1.245558e+01	4.288468e+00	2.740104e-04	244946023.000000	0.000000e+00
1.245757e+01	4.288902e+00	2.739532e-04	245097793.000000	0.000000e+00
1.245957e+01	4.288250e+00	2.738881e-04	245139777.000000	0.000000e+00
1.246156e+01	4.288449e+00	2.738665e-04	245201215.000000	0.000000e+00
1.246355e+01	4.288250e+00	2.737521e-04	245383389.000000	0.000000e+00
1.246555e+01	4.288165e+00	2.737788e-04	245325781.000000	0.000000e+00
1.246754e+01	4.288306e+00	2.737146e-04	245457081.000000	0.000000e+00
1.246954e+01	4.288319e+00	2.736424e-04	245588263.000000	0.000000e+00
1.247153e+01	4.288215e+00	2.736277e-04	245602537.000000	0.000000e+00
1.247353e+01	4.288295e+00	2.735626e-04	245728809.000000	0.000000e+00
1.247552e+01	4.288482e+00	2.735393e-04	245791939.000000	0.000000e+00
1.247752e+01	4.288285e+00	2.734948e-04	245849457.000000	0.000000e+00
1.247951e+01	4.288179e+00	2.734287e-04	245956033.000000	0.000000e+00
1.248151e+01	4.288375e+00	2.733907e-04	246047017.000000	0.000000e+00
1.248350e+01	4.288532e+00	2.733762e-04	246091107.000000	0.000000e+00
1.248550e+01	4.288001e+00	2.732917e-04	246182425.000000	0.000000e+00
1.248749e+01	4.288441e+00	2.732807e-04	246252729.000000	0.000000e+00
1.248948e+01	4.288703e+00	2.732731e-04	246296527.000000	0.000000e+00
1.249148e+01	4.288406e+00	2.731865e-04	246418533.000000	0.000000e+00
1.249347e+01	4.288727e+00	2.731910e-04	246447265.000000	0.000000e+00
1.249547e+01	4.288580e+00	2.730782e-04	246634027.000000	0.000000e+00
1.249746e+01	4.288285e+00	2.730884e-04	246581649.000000	0.000000e+00
1.249946e+01	4.288450e+00	2.729856e-04	246786397.000000	0.000000e+00
1.250145e+01	4.288918e+00	2.730180e-04	246781617.000000	0.000000e+00
1.250345e+01	4.288590e+00	2.729181e-04	246924667.000000	0.000000e+00
1.250544e+01	4.289016e+00	2.729446e-04	246925737.000000	0.000000e+00
1.250744e+01	4.288947e+00	2.728407e-04	247105777.000000	0.000000e+00
1.250943e+01	4.289402e+00	2.728693e-04	247106599.000000	0.000000e+00
1.251143e+01	4.289080e+00	2.728086e-04	247179321.000000	0.000000e+00
1.251342e+01	4.289174e+00	2.727851e-04	247232809.000000	0.000000e+00
1.251541e+01	4.288678e+00	2.726539e-04	247413597.000000	0.000000e+00
1.251741e+01	4.289039e+00	2.726634e-04	247438003.000000	0.000000e+00
1.251940e+01	4.289539e+00	2.726611e-04	247499713.000000	0.000000e+00
1.252140e+01	4.289498e+00	2.725915e-04	247621389.000000	0.000000e+00
1.252339e+01	4.289282e+00	2.725466e-04	247678039.000000	0.000000e+00
1.252539e+01	4.289501e+00	2.724996e-04	247788849.000000	0.000000e+00
1.252738e+01	4.289299e+00	2.725000e-04	247764757.000000	0.000000e+00
1.252938e+01	4.289865e+00	2.724334e-04	247951281.000000	0.000000e+00
1.253137e+01	4.289414e+00	2.723938e-04	247971427.000000	0.000000e+00
1.253337e+01	4.289397e+00	2.723477e-04	248053261.000000	0.000000e+00
1.253536e+01	4.289593e+00	2.722888e-04	248183397.000000	0.000000e+00
1.253736e+01	4.289663e+00	2.722995e-04	248171875.000000	0.000000e+00
1.253935e+01	4.289878e+00	2.722125e-04	248355489.000000	0.000000e+00
1.254135e+01	4.289860e+00	2.722096e-04	248358685.000000	0.000000e+00
1.254334e+01	4.289832e+00	2.721304e-04	248500095.000000	0.000000e+00
1.254533e+01	4.290771e+00	2.721992e-04	248483185.000000	0.000000e+00
1.254733e+01	4.290013e+00	2.720489e-04	248669905.000000	0.000000e+00
1.254932e+01	4.290596e+00	2.720605e-04	248716245.000000	0.000000e+00
1.255132e+01	4.289957e+00	2.719772e-04	248794507.000000	0.000000e+00
1.255331e+01	4.290277e+00	2.719943e-04	248800389.000000	0.000000e+00
1.255531e+01	4.290381e+00	2.719118e-04	248963437.000000	0.000000e+00
1.255730e+01	4.290567e+00	2.718869e-04	249030579.000000	0.000000e+00
1.255930e+01	4.291014e+00	2.719000e-04	249058525.000000	0.000000e+00
1.256129e+01	4.290327e+00	2.717746e-04	249208645.000000	0.000000e+00
1.256329e+01	4.291215e+00	2.718192e-04	249229977.000000	0.000000e+00
1.256528e+01	4.290894e+00	2.717257e-04	249364087.000000	0.000000e+00
1.256728e+01	4.290978e+00	2.717395e-04	249348619.500000	0.000000e+00
1.256927e+01	4.289496e+00	2.716671e-04	249309406.000000	0.000000e+00
1.257127e+01	4.288865e+00	2.716384e-04	249288616.000000	0.000000e+00
1.257326e+01	4.287506e+00	2.715734e-04	249249918.000000	0.000000e+00
1.257525e+01	4.286828e+00	2.715445e-04	249224152.000000	0.000000e+00
1.257725e+01	4.285436e+00	2.715100e-04	249125574.000000	0.000000e+00
1.257924e+01	4.285088e+00	2.714829e-04	249134812.000000	0.000000e+00
1.258124e+01	4.283053e+00	2.713740e-04	249098238.000000	0.000000e+00
1.258323e+01	4.282158e+00	2.713775e-04	248987710.000000	0.000000e+00
1.258523e+01	4.281400e+00	2.713044e-04	249033646.000000	0.000000e+00
1.258722e+01	4.280341e+00	2.712680e-04	248977272.000000	0.000000e+00
1.258922e+01	4.279028e+00	2.712367e-04	248881948.000000	0.000000e+00
1.259121e+01	4.278257e+00	2.711551e-04	248942070.000000	0.000000e+00
1.259321e+01	4.277146e+00	2.711588e-04	248805898.000000	0.000000e+00
1.259520e+01	4.275938e+00	2.710982e-04	248776674.000000	0.000000e+00
1.259720e+01	4.274571e+00	2.710094e-04	248780578.000000	0.000000e+00
1.259919e+01	4.274393e+00	2.710397e-04	248704204.000000	0.000000e+00
1.260118e+01	4.272726e+00	2.709067e-04	248754354.000000	0.000000e+00
1.260318e+01	4.271620e+00	2.708981e-04	248641396.000000	0.000000e+00
1.260517e+01	4.270669e+00	2.708681e-04	248585634.000000	0.000000e+00
1.260717e+01	4.269755e+00	2.708426e-04	248526058.000000	0.000000e+00
1.260916e+01	4.268959e+00	2.707727e-04	248561652.000000	0.000000e+00
1.261116e+01	4.267845e+00	2.707673e-04	248441782.000000	0.000000e+00
1.261315e+01	4.266649e+00	2.706859e-04	248452102.000000	0.000000e+00
1.261515e+01	4.265220e+00	2.706063e-04	248431758.000000	0.000000e+00
1.261714e+01	4.264869e+00	2.706299e-04	248347492.000000	0.000000e+00
1.261914e+01	4.263655e+00	2.705600e-04	248334390.000000	0.000000e+00
1.262113e+01	4.262617e+00	2.705327e-04	248263708.000000	0.000000e+00
1.262313e+01	4.261741e+00	2.704647e-04	248286364.000000	0.000000e+00
1.262512e+01	4.260393e+00	2.704508e-04	248154792.000000	0.000000e+00
1.262712e+01	4.259147e+00	2.703847e-04	248130946.000000	0.000000e+00
1.262911e+01	4.258412e+00	2.703320e-04	248142012.000000	0.000000e+00
1.263110e+01	4.257359e+00	2.703001e-04	248078056.000000	0.000000e+00
1.263310e+01	4.256433e+00	2.702634e-04	248037300.000000	0.000000e+00
1.263509e+01	4.255546e+00	2.702193e-04	248014906.000000	0.000000e+00
1.263709e+01	4.254014e+00	2.701497e-04	247964104.000000	0.000000e+00
1.263908e+01	4.253596e+00	2.701387e-04	247935456.000000	0.000000e+00
1.264108e+01	4.252471e+00	2.701200e-04	247838872.000000	0.000000e+00
1.264307e+01	4.251238e+00	2.700333e-04	247854186.000000	0.000000e+00
1.264507e+01	4.250696e+00	2.700498e-04	247760596.000000	0.000000e+00
1.264706e+01	4.248916e+00	2.699161e-04	247798614.000000	0.000000e+00
1.264906e+01	4.248091e+00	2.698928e-04	247744984.000000	0.000000e+00
1.265105e+01	4.246585e+00	2.698656e-04	247619284.000000	0.000000e+00
1.265305e+01	4.246529e+00	2.698492e-04	247642938.000000	0.000000e+00
1.265504e+01	4.245029e+00	2.697920e-04	247572862.000000	0.000000e+00
1.265703e+01	4.243566e+00	2.696954e-04	247579572.000000	0.000000e+00
1.265903e+01	4.243140e+00	2.697025e-04	247516786.000000	0.000000e+00
1.266102e+01	4.242129e+00	2.696698e-04	247458966.000000	0.000000e+00
1.266302e+01	4.241183e+00	2.696143e-04	247450486.000000	0.000000e+00
1.266501e+01	4.240162e+00	2.695727e-04	247407574.000000	0.000000e+00
1.266701e+01	4.239034e+00	2.695433e-04	247329978.000000	0.000000e+00
1.266900e+01	4.237761e+00	2.694888e-04	247281310.000000	0.000000e+00
1.267100e+01	4.236776e+00	2.694369e-04	247261680.000000	0.000000e+00
1.267299e+01	4.235740e+00	2.693817e-04	247242112.000000	0.000000e+00
1.267499e+01	4.234904e+00	2.693624e-04	247179994.000000	0.000000e+00
1.267698e+01	4.233608e+00	2.693157e-04	247114302.000000	0.000000e+00
1.267898e+01	4.232381e+00	2.691992e-04	247184932.000000	0.000000e+00
1.268097e+01	4.231656e+00	2.692342e-04	247035996.000000	0.000000e+00
1.268297e+01	4.230670e+00	2.692186e-04	246949630.000000	0.000000e+00
1.268496e+01	4.229558e+00	2.691034e-04	247031082.000000	0.000000e+00
1.268695e+01	4.229027e+00	2.691236e-04	246932068.000000	0.000000e+00
1.268895e+01	4.227304e+00	2.690105e-04	246938350.000000	0.000000e+00
1.269094e+01	4.226387e+00	2.690298e-04	246795822.000000	0.000000e+00
1.269294e+01	4.225670e+00	2.689617e-04	246837040.000000	0.000000e+00
1.269493e+01	4.224627e+00	2.689141e-04	246802482.000000	0.000000e+00
1.269693e+01	4.224047e+00	2.689085e-04	246745018.000000	0.000000e+00
1.269892e+01	4.222922e+00	2.688836e-04	246659286.000000	0.000000e+00
1.270092e+01	4.221530e+00	2.687795e-04	246687592.000000	0.000000e+00
1.270291e+01	4.220299e+00	2.687438e-04	246609472.000000	0.000000e+00
1.270491e+01	4.219613e+00	2.687345e-04	246546246.000000	0.000000e+00
1.270690e+01	4.218903e+00	2.687082e-04	246511564.000000	0.000000e+00
1.270890e+01	4.218035e+00	2.686626e-04	246493824.000000	0.000000e+00
1.271089e+01	4.216336e+00	2.685574e-04	246488356.000000	0.000000e+00
1.271289e+01	4.215858e+00	2.686144e-04	246327646.000000	0.000000e+00
1.271488e+01	4.214252e+00	2.684797e-04	246387198.000000	0.000000e+00
1.271687e+01	4.213693e+00	2.684734e-04	246333424.000000	0.000000e+00
1.271887e+01	4.212817e+00	2.684423e-04	246288000.000000	0.000000e+00
1.272086e+01	4.211933e+00	2.684253e-04	246215938.000000	0.000000e+00
1.272286e+01	4.210940e+00	2.683732e-04	246195288.000000	0.000000e+00
1.272485e+01	4.209958e+00	2.683241e-04	246170698.000000	0.000000e+00
1.272685e+01	4.208905e+00	2.683145e-04	246065002.000000	0.000000e+00
1.272884e+01	4.207382e+00	2.681895e-04	246116292.000000	0.000000e+00
1.273084e+01	4.206803e+00	2.682258e-04	245981944.000000	0.000000e+00
1.273283e+01	4.205785e+00	2.681468e-04	246007806.000000	0.000000e+00
1.273483e+01	4.204460e+00	2.681070e-04	245925736.000000	0.000000e+00
1.273682e+01	4.203614e+00	2.680477e-04	245935686.000000	0.000000e+00
1.273882e+01	4.202110e+00	2.679814e-04	245881282.000000	0.000000e+00
1.274081e+01	4.201744e+00	2.680018e-04	245800984.000000	0.000000e+00
1.274280e+01	4.200621e+00	2.679631e-04	245740656.000000	0.000000e+00
1.274480e+01	4.199614e+00	2.678879e-04	245760850.000000	0.000000e+00
1.274679e+01	4.198653e+00	2.678496e-04	245718630.000000	0.000000e+00
1.274879e+01	4.197269e+00	2.677915e-04	245663116.000000	0.000000e+00
1.275078e+01	4.197127e+00	2.678340e-04	245568696.000000	0.000000e+00
1.275278e+01	4.196421e+00	2.677711e-04	245601274.000000	0.000000e+00
1.275477e+01	4.194947e+00	2.677293e-04	245505538.000000	0.000000e+00
1.275677e+01	4.193786e+00	2.676802e-04	245459514.000000	0.000000e+00
1.275876e+01	4.193215e+00	2.676486e-04	245450746.000000	0.000000e+00
1.276076e+01	4.191103e+00	2.675510e-04	245382498.000000	0.000000e+00
1.276275e+01	4.190899e+00	2.675113e-04	245431366.000000	0.000000e+00
1.276475e+01	4.190315e+00	2.675658e-04	245262958.000000	0.000000e+00
1.276674e+01	4.188785e+00	2.674741e-04	245252166.000000	0.000000e+00
1.276873e+01	4.188058e+00	2.674285e-04	245250550.000000	0.000000e+00
1.277073e+01	4.186873e+00	2.674123e-04	245141562.000000	0.000000e+00
1.277272e+01	4.186330e+00	2.673209e-04	245245546.000000	0.000000e+00
1.277472e+01	4.184859e+00	2.673260e-04	245063934.000000	0.000000e+00
1.277671e+01	4.183807e+00	2.672491e-04	245081686.000000	0.000000e+00
1.277871e+01	4.183121e+00	2.672396e-04	245018620.000000	0.000000e+00
1.278070e+01	4.182035e+00	2.671747e-04	245010510.000000	0.000000e+00
1.278270e+01	4.180944e+00	2.671589e-04	244911622.000000	0.000000e+00
1.278469e+01	4.180143e+00	2.671124e-04	244903032.000000	0.000000e+00
1.278669e+01	4.178862e+00	2.670548e-04	244858588.000000	0.000000e+00
1.278868e+01	4.177960e+00	2.670459e-04	244769178.000000	0.000000e+00
1.279068e+01	4.177064e+00	2.669805e-04	244784062.000000	0.000000e+00
1.279267e+01	4.175743e+00	2.669153e-04	244748740.000000	0.000000e+00
1.279467e+01	4.174692e+00	2.669018e-04	244650414.000000	0.000000e+00
1.279666e+01	4.173993e+00	2.668494e-04	244664584.000000	0.000000e+00
1.279865e+01	4.173306e+00	2.668666e-04	244552392.000000	0.000000e+00
1.280065e+01	4.172177e+00	2.667793e-04	244580104.000000	0.000000e+00
1.280264e+01	4.171154e+00	2.667434e-04	244525986.000000	0.000000e+00
1.280464e+01	4.170353e+00	2.667098e-04	244493704.000000	0.000000e+00
1.280663e+01	4.169611e+00	2.667113e-04	244404100.000000	0.000000e+00
1.280863e+01	4.168332e+00	2.666595e-04	244349082.000000	0.000000e+00
1.281062e+01	4.167890e+00	2.666466e-04	244320778.000000	0.000000e+00
1.281262e+01	4.166704e+00	2.665503e-04	244358184.000000	0.000000e+00
1.281461e+01	4.165605e+00	2.665446e-04	244239706.000000	0.000000e+00
1.281661e+01	4.164034e+00	2.664656e-04	244200412.000000	0.000000e+00
1.281860e+01	4.163614e+00	2.664565e-04	244167594.000000	0.000000e+00
1.282060e+01	4.162689e+00	2.663923e-04	244176832.000000	0.000000e+00
1.282259e+01	4.161496e+00	2.663597e-04	244096704.000000	0.000000e+00
1.282459e+01	4.160351e+00	2.663125e-04	244048960.000000	0.000000e+00
1.282658e+01	4.159342e+00	2.662901e-04	243971628.000000	0.000000e+00
1.282857e+01	4.158492e+00	2.662577e-04	243931150.000000	0.000000e+00
1.283057e+01	4.157258e+00	2.661799e-04	243929014.000000	0.000000e+00
1.283256e+01	4.156977e+00	2.662042e-04	243851442.000000	0.000000e+00
1.283456e+01	4.155445e+00	2.661102e-04	243843940.000000	0.000000e+00
1.283655e+01	4.154497e+00	2.660615e-04	243821910.000000	0.000000e+00
1.283855e+01	4.153900e+00	2.660641e-04	243747118.000000	0.000000e+00
1.284054e+01	4.152754e+00	2.660400e-04	243656856.000000	0.000000e+00
1.284254e+01	4.151928e+00	2.659950e-04	243642358.000000	0.000000e+00
1.284453e+01	4.150974e+00	2.659313e-04	243647002.000000	0.000000e+00
1.284653e+01	4.150012e+00	2.659138e-04	243566106.000000	0.000000e+00
1.284852e+01	4.149110e+00	2.658629e-04	243553552.000000	0.000000e+00
1.285052e+01	4.147370e+00	2.657899e-04	243482994.000000	0.000000e+00
1.285251e+01	4.146897e+00	2.658055e-04	243398950.000000	0.000000e+00
1.285450e+01	4.146073e+00	2.657569e-04	243391260.000000	0.000000e+00
1.285650e+01	4.145168e+00	2.657088e-04	243373030.000000	0.000000e+00
1.285849e+01	4.143860e+00	2.656832e-04	243266254.000000	0.000000e+00
1.286049e+01	4.143406e+00	2.656248e-04	243320040.000000	0.000000e+00
1.286248e+01	4.142087e+00	2.656178e-04	243177814.000000	0.000000e+00
1.286448e+01	4.141491e+00	2.655431e-04	243244794.000000	0.000000e+00
1.286647e+01	4.139966e+00	2.655249e-04	243098980.000000	0.000000e+00
1.286847e+01	4.139307e+00	2.654799e-04	243103966.000000	0.000000e+00
1.287046e+01	4.138428e+00	2.654617e-04	243034014.000000	0.000000e+00
1.287246e+01	4.137362e+00	2.653882e-04	243043342.000000	0.000000e+00
1.287445e+01	4.136308e+00	2.653634e-04	242964990.000000	0.000000e+00
1.287645e+01	4.135710e+00	2.653832e-04	242858506.000000	0.000000e+00
1.287844e+01	4.134513e+00	2.652597e-04	242944056.000000	0.000000e+00
1.288044e+01	4.133935e+00	2.652943e-04	242812768.000000	0.000000e+00
1.288243e+01	4.132717e+00	2.652188e-04	242807974.000000	0.000000e+00
1.288442e+01	4.131457e+00	2.651987e-04	242696724.000000	0.000000e+00
1.288642e+01	4.130540e+00	2.651243e-04	242725126.000000	0.000000e+00
1.288841e+01	4.129249e+00	2.650801e-04	242654268.000000	0.000000e+00
1.289041e+01	4.129184e+00	2.651018e-04	242606848.000000	0.000000e+00
1.289240e+01	4.127902e+00	2.650168e-04	242611788.000000	0.000000e+00
1.289440e+01	4.126733e+00	2.650202e-04	242468164.000000	0.000000e+00
1.289639e+01	4.125856e+00	2.649437e-04	242505136.000000	0.000000e+00
1.289839e+01	4.125215e+00	2.649279e-04	242458626.000000	0.000000e+00
1.290038e+01	4.124015e+00	2.648908e-04	242385538.000000	0.000000e+00
1.290238e+01	4.124161e+00	2.649079e-04	242371476.000000	0.000000e+00
1.290437e+01	4.122840e+00	2.648507e-04	242320852.000000	0.000000e+00
1.290637e+01	4.121248e+00	2.647765e-04	242269360.000000	0.000000e+00
1.290836e+01	4.120758e+00	2.647811e-04	242203488.000000	0.000000e+00
1.291036e+01	4.119704e+00	2.647319e-04	242169526.000000	0.000000e+00
1.291235e+01	4.118296e+00	2.646438e-04	242165136.000000	0.000000e+00
1.291434e+01	4.117555e+00	2.646723e-04	242025904.000000	0.000000e+00
1.291634e+01	4.116576e+00	2.645915e-04	242058558.000000	0.000000e+00
1.291833e+01	4.115775e+00	2.645690e-04	242005438.000000	0.000000e+00
1.292033e+01	4.114864e+00	2.645172e-04	241993192.000000	0.000000e+00
1.292232e+01	4.113733e+00	2.644846e-04	241919658.000000	0.000000e+00
1.292432e+01	4.113002e+00	2.644514e-04	241894480.000000	0.000000e+00
1.292631e+01	4.112178e+00	2.644476e-04	241804494.000000	0.000000e+00
1.292831e+01	4.111361e+00	2.644250e-04	241749946.000000	0.000000e+00
1.293030e+01	4.109720e+00	2.643252e-04	241739280.000000	0.000000e+00
1.293230e+01	4.109241e+00	2.643211e-04	241690342.000000	0.000000e+00
1.293429e+01	4.107786e+00	2.642448e-04	241658884.000000	0.000000e+00
1.293629e+01	4.107122e+00	2.642249e-04	241617120.000000	0.000000e+00
1.293828e+01	4.106443e+00	2.642146e-04	241556056.000000	0.000000e+00
1.294027e+01	4.105542e+00	2.641833e-04	241507248.000000	0.000000e+00
1.294227e+01	4.104800e+00	2.641457e-04	241488784.000000	0.000000e+00
1.294426e+01	4.103432e+00	2.641046e-04	241403028.000000	0.000000e+00
1.294626e+01	4.102948e+00	2.640809e-04	241389262.000000	0.000000e+00
1.294825e+01	4.101888e+00	2.640462e-04	241327972.000000	0.000000e+00
1.295025e+01	4.101225e+00	2.639911e-04	241350732.000000	0.000000e+00
1.295224e+01	4.099653e+00	2.639944e-04	241159690.000000	0.000000e+00
1.295424e+01	4.098517e+00	2.638564e-04	241278216.000000	0.000000e+00
1.295623e+01	4.097564e+00	2.638746e-04	241132768.000000	0.000000e+00
1.295823e+01	4.096926e+00	2.638328e-04	241133992.000000	0.000000e+00
1.296022e+01	4.096395e+00	2.638377e-04	241062762.000000	0.000000e+00
1.296222e+01	4.095271e+00	2.637701e-04	241053940.000000	0.000000e+00
1.296421e+01	4.094564e+00	2.637677e-04	240975060.000000	0.000000e+00
1.296621e+01	4.093619e+00	2.637133e-04	240963178.000000	0.000000e+00
1.296820e+01	4.092796e+00	2.637403e-04	240817014.000000	0.000000e+00
1.297019e+01	4.091574e+00	2.636225e-04	240888316.000000	0.000000e+00
1.297219e+01	4.090824e+00	2.636365e-04	240774550.000000	0.000000e+00
1.297418e+01	4.089632e+00	2.635619e-04	240770490.000000	0.000000e+00
1.297618e+01	4.088513e+00	2.635001e-04	240751684.000000	0.000000e+00
1.297817e+01	4.087606e+00	2.635188e-04	240610632.000000	0.000000e+00
1.298017e+01	4.087153e+00	2.634674e-04	240651214.000000	0.000000e+00
1.298216e+01	4.086331e+00	2.634465e-04	240592536.000000	0.000000e+00
1.298416e+01	4.085189e+00	2.633939e-04	240554236.000000	0.000000e+00
1.298615e+01	4.084137e+00	2.633747e-04	240465382.000000	0.000000e+00
1.298815e+01	4.083542e+00	2.633587e-04	240424488.000000	0.000000e+00
1.299014e+01	4.082385e+00	2.632925e-04	240409192.000000	0.000000e+00
1.299214e+01	4.081555e+00	2.632413e-04	240404982.000000	0.000000e+00
1.299413e+01	4.080031e+00	2.632068e-04	240288274.000000	0.000000e+00
1.299612e+01	4.079459e+00	2.632019e-04	240229932.000000	0.000000e+00
1.299812e+01	4.079158e+00	2.631678e-04	240256732.000000	0.000000e+00
1.300011e+01	4.077845e+00	2.631212e-04	240187120.000000	0.000000e+00
1.300211e+01	4.077058e+00	2.631105e-04	240114072.000000	0.000000e+00
1.300410e+01	4.075495e+00	2.630302e-04	240076492.000000	0.000000e+00
1.300610e+01	4.075208e+00	2.630412e-04	240022560.000000	0.000000e+00
1.300809e+01	4.074314e+00	2.629757e-04	240036730.000000	0.000000e+00
1.301009e+01	4.073580e+00	2.630117e-04	239884552.000000	0.000000e+00
1.301208e+01	4.072488e+00	2.629156e-04	239931360.000000	0.000000e+00
1.301408e+01	4.071711e+00	2.628785e-04	239907358.000000	0.000000e+00
1.301607e+01	4.070761e+00	2.629034e-04	239750154.000000	0.000000e+00
1.301807e+01	4.070225e+00	2.628393e-04	239804032.000000	0.000000e+00
1.302006e+01	4.068760e+00	2.628003e-04	239702538.000000	0.000000e+00
1.302206e+01	4.067644e+00	2.627458e-04	239670412.000000	0.000000e+00
1.302405e+01	4.066838e+00	2.626915e-04	239674456.000000	0.000000e+00
1.302604e+01	4.066120e+00	2.626639e-04	239640252.000000	0.000000e+00
1.302804e+01	4.064881e+00	2.626611e-04	239499292.000000	0.000000e+00
1.303003e+01	4.064470e+00	2.626614e-04	239450400.000000	0.000000e+00
1.303203e+01	4.063174e+00	2.625555e-04	239490610.000000	0.000000e+00
1.303402e+01	4.062524e+00	2.625798e-04	239369700.000000	0.000000e+00
1.303602e+01	4.061717e+00	2.624917e-04	239435272.000000	0.000000e+00
1.303801e+01	4.060477e+00	2.625059e-04	239263204.000000	0.000000e+00
1.304001e+01	4.059899e+00	2.624934e-04	239217924.000000	0.000000e+00
1.304200e+01	4.058842e+00	2.623594e-04	239337718.000000	0.000000e+00
1.304400e+01	4.057815e+00	2.624085e-04	239127036.000000	0.000000e+00
1.304599e+01	4.056626e+00	2.623405e-04	239110780.000000	0.000000e+00
1.304799e+01	4.056135e+00	2.623239e-04	239083266.000000	0.000000e+00
1.304998e+01	4.055639e+00	2.622754e-04	239113204.000000	0.000000e+00
1.305198e+01	4.053944e+00	2.622542e-04	238952038.000000	0.000000e+00
1.305397e+01	4.053583e+00	2.622482e-04	238920432.000000	0.000000e+00
1.305596e+01	4.052959e+00	2.621880e-04	238956550.000000	0.000000e+00
1.305796e+01	4.051774e+00	2.621735e-04	238843128.000000	0.000000e+00
1.305995e+01	4.051403e+00	2.621749e-04	238796842.000000	0.000000e+00
1.306195e+01	4.049685e+00	2.620847e-04	238758724.000000	0.000000e+00
1.306394e+01	4.049055e+00	2.620461e-04	238754640.000000	0.000000e+00
1.306594e+01	4.047940e+00	2.620115e-04	238686328.000000	0.000000e+00
1.306793e+01	4.047564e+00	2.620241e-04	238618974.000000	0.000000e+00
1.306993e+01	4.046375e+00	2.619799e-04	238559374.000000	0.000000e+00
1.307192e+01	4.045196e+00	2.619089e-04	238549590.000000	0.000000e+00
1.307392e+01	4.044687e+00	2.619066e-04	238493776.000000	0.000000e+00
1.307591e+01	4.043912e+00	2.618630e-04	238481602.000000	0.000000e+00
1.307791e+01	4.042676e+00	2.618798e-04	238305384.000000	0.000000e+00
1.307990e+01	4.041900e+00	2.617745e-04	238405582.000000	0.000000e+00
1.308189e+01	4.040617e+00	2.617388e-04	238319184.000000	0.000000e+00
1.308389e+01	4.040178e+00	2.617460e-04	238254406.000000	0.000000e+00
1.308588e+01	4.039158e+00	2.617094e-04	238200618.000000	0.000000e+00
1.308788e+01	4.038357e+00	2.616779e-04	238163602.000000	0.000000e+00
1.308987e+01	4.037202e+00	2.616060e-04	238158310.000000	0.000000e+00
1.309187e+01	4.037204e+00	2.616743e-04	238034196.000000	0.000000e+00
1.309386e+01	4.035631e+00	2.615448e-04	238084264.000000	0.000000e+00
1.309586e+01	4.034378e+00	2.615337e-04	237956670.000000	0.000000e+00
1.309785e+01	4.034478e+00	2.615656e-04	237910336.000000	0.000000e+00
1.309985e+01	4.032713e+00	2.614487e-04	237914950.000000	0.000000e+00
1.310184e+01	4.032193e+00	2.614229e-04	237900624.000000	0.000000e+00
1.310384e+01	4.031346e+00	2.614475e-04	237755914.000000	0.000000e+00
1.310583e+01	4.030731e+00	2.614053e-04	237760110.000000	0.000000e+00
1.310783e+01	4.029395e+00	2.613372e-04	237726328.000000	0.000000e+00
1.310982e+01	4.028366e+00	2.613268e-04	237623886.000000	0.000000e+00
1.311181e+01	4.027283e+00	2.612504e-04	237635020.000000	0.000000e+00
1.311381e+01	4.027073e+00	2.612889e-04	237540292.000000	0.000000e+00
1.311580e+01	4.026266e+00	2.612321e-04	237548166.000000	0.000000e+00
1.311780e+01	4.025130e+00	2.612133e-04	237448300.000000	0.000000e+00
1.311979e+01	4.024120e+00	2.611237e-04	237492216.000000	0.000000e+00
1.312179e+01	4.023662e+00	2.611997e-04	237299920.000000	0.000000e+00
1.312378e+01	4.022393e+00	2.610955e-04	237339570.000000	0.000000e+00
1.312578e+01	4.021974e+00	2.610764e-04	237324892.000000	0.000000e+00
1.312777e+01	4.020617e+00	2.610378e-04	237234964.000000	0.000000e+00
1.312977e+01	4.020179e+00	2.610293e-04	237198618.000000	0.000000e+00
1.313176e+01	4.019236e+00	2.609805e-04	237176044.000000	0.000000e+00
1.313376e+01	4.018233e+00	2.609758e-04	237066246.000000	0.000000e+00
1.313575e+01	4.017192e+00	2.609403e-04	237007948.000000	0.000000e+00
1.313774e+01	4.016724e+00	2.608930e-04	237038670.000000	0.000000e+00
1.313974e+01	4.015214e+00	2.608387e-04	236959114.000000	0.000000e+00
1.314173e+01	4.014337e+00	2.608058e-04	236915356.000000	0.000000e+00
1.314373e+01	4.013717e+00	2.607939e-04	236863662.000000	0.000000e+00
1.314572e+01	4.013446e+00	2.608031e-04	236815072.000000	0.000000e+00
1.314772e+01	4.011829e+00	2.607229e-04	236769894.000000	0.000000e+00
1.314971e+01	4.011148e+00	2.606866e-04	236755516.000000	0.000000e+00
1.315171e+01	4.010068e+00	2.606544e-04	236686504.000000	0.000000e+00
1.315370e+01	4.009111e+00	2.606294e-04	236618916.000000	0.000000e+00
1.315570e+01	4.008912e+00	2.606364e-04	236582704.000000	0.000000e+00
1.315769e+01	4.008115e+00	2.605822e-04	236587014.000000	0.000000e+00
1.315969e+01	4.006757e+00	2.605770e-04	236436136.000000	0.000000e+00
1.316168e+01	4.005679e+00	2.604873e-04	236471664.000000	0.000000e+00
1.316368e+01	4.005103e+00	2.604921e-04	236394976.000000	0.000000e+00
1.316567e+01	4.004212e+00	2.604800e-04	236311774.000000	0.000000e+00
1.316766e+01	4.003632e+00	2.604303e-04	236333484.000000	0.000000e+00
1.316966e+01	4.002994e+00	2.604136e-04	236288590.000000	0.000000e+00
1.317165e+01	4.001403e+00	2.603769e-04	236167344.000000	0.000000e+00
1.317365e+01	4.000423e+00	2.602983e-04	236194264.000000	0.000000e+00
1.317564e+01	4.000193e+00	2.603536e-04	236066580.000000	0.000000e+00
1.317764e+01	3.999052e+00	2.602647e-04	236093278.000000	0.000000e+00
1.317963e+01	3.998390e+00	2.602794e-04	235988476.000000	0.000000e+00
1.318163e+01	3.997476e+00	2.602011e-04	236022528.000000	0.000000e+00
1.318362e+01	3.996632e+00	2.602074e-04	235911370.000000	0.000000e+00
1.318562e+01	3.995816e+00	2.601762e-04	235871688.000000	0.000000e+00
1.318761e+01	3.995402e+00	2.601742e-04	235826446.000000	0.000000e+00
1.318961e+01	3.994431e+00	2.601501e-04	235755606.000000	0.000000e+00
1.319160e+01	3.993137e+00	2.600547e-04	235775626.000000	0.000000e+00
1.319360e+01	3.993040e+00	2.600994e-04	235683202.000000	0.000000e+00
1.319559e+01	3.991387e+00	2.600082e-04	235653294.000000	0.000000e+00
1.319758e+01	3.990870e+00	2.600273e-04	235557706.000000	0.000000e+00
1.319958e+01	3.989775e+00	2.599427e-04	235581774.000000	0.000000e+00
1.320157e+01	3.989109e+00	2.599602e-04	235471276.000000	0.000000e+00
1.320357e+01	3.988244e+00	2.598921e-04	235492666.000000	0.000000e+00
1.320556e+01	3.987512e+00	2.599093e-04	235374906.000000	0.000000e+00
1.320756e+01	3.986418e+00	2.598664e-04	235323622.000000	0.000000e+00
1.320955e+01	3.985324e+00	2.597908e-04	235331400.000000	0.000000e+00
1.321155e+01	3.984278e+00	2.597628e-04	235258564.000000	0.000000e+00
1.321354e+01	3.984107e+00	2.597746e-04	235216998.000000	0.000000e+00
1.321554e+01	3.982644e+00	2.597310e-04	235123228.000000	0.000000e+00
1.321753e+01	3.982767e+00	2.597296e-04	235140250.000000	0.000000e+00
1.321953e+01	3.981468e+00	2.596779e-04	235080330.000000	0.000000e+00
1.322152e+01	3.980755e+00	2.596538e-04	235039942.000000	0.000000e+00
1.322351e+01	3.979803e+00	2.596536e-04	234927912.000000	0.000000e+00
1.322551e+01	3.978525e+00	2.595500e-04	234964402.000000	0.000000e+00
1.322750e+01	3.978166e+00	2.595809e-04	234866022.000000	0.000000e+00
1.322950e+01	3.977333e+00	2.595470e-04	234829030.000000	0.000000e+00
1.323149e+01	3.976449e+00	2.595337e-04	234748750.000000	0.000000e+00
1.323349e+01	3.975663e+00	2.594853e-04	234743376.000000	0.000000e+00
1.323548e+01	3.974326e+00	2.594006e-04	234738850.000000	0.000000e+00
1.323748e+01	3.974306e+00	2.594819e-04	234589488.000000	0.000000e+00
1.323947e+01	3.972912e+00	2.593787e-04	234611500.000000	0.000000e+00
1.324147e+01	3.972474e+00	2.593978e-04	234525124.000000	0.000000e+00
1.324346e+01	3.971102e+00	2.592921e-04	234554334.000000	0.000000e+00
1.324546e+01	3.970252e+00	2.593144e-04	234413674.000000	0.000000e+00
1.324745e+01	3.969897e+00	2.593298e-04	234343884.000000	0.000000e+00
1.324945e+01	3.968560e+00	2.592245e-04	234376468.000000	0.000000e+00
1.325144e+01	3.968189e+00	2.592262e-04	234329514.000000	0.000000e+00
1.325343e+01	3.967236e+00	2.592160e-04	234235408.000000	0.000000e+00
1.325543e+01	3.966294e+00	2.591496e-04	234244072.000000	0.000000e+00
1.325742e+01	3.965196e+00	2.591650e-04	234086652.000000	0.000000e+00
1.325942e+01	3.964855e+00	2.591210e-04	234125902.000000	0.000000e+00
1.326141e+01	3.964618e+00	2.591550e-04	234036390.000000	0.000000e+00
1.326341e+01	3.962750e+00	2.590448e-04	234014848.000000	0.000000e+00
1.326540e+01	3.962063e+00	2.590202e-04	233978142.000000	0.000000e+00
1.326740e+01	3.961522e+00	2.590170e-04	233920114.000000	0.000000e+00
1.326939e+01	3.960642e+00	2.590060e-04	233836084.000000	0.000000e+00
1.327139e+01	3.960277e+00	2.589724e-04	233853666.000000	0.000000e+00
1.327338e+01	3.958816e+00	2.589190e-04	233777494.000000	0.000000e+00
1.327538e+01	3.957979e+00	2.589059e-04	233702268.000000	0.000000e+00
1.327737e+01	3.957273e+00	2.588831e-04	233660116.000000	0.000000e+00
1.327936e+01	3.956584e+00	2.588406e-04	233655510.000000	0.000000e+00
1.328136e+01	3.955677e+00	2.588310e-04	233565766.000000	0.000000e+00
1.328335e+01	3.955538e+00	2.588225e-04	233564620.000000	0.000000e+00
1.328535e+01	3.954041e+00	2.588205e-04	233391456.000000	0.000000e+00
1.328734e+01	3.953175e+00	2.587452e-04	233424976.000000	0.000000e+00
1.328934e+01	3.952385e+00	2.586935e-04	233425080.000000	0.000000e+00
1.329133e+01	3.951179e+00	2.586691e-04	233326672.000000	0.000000e+00
1.329333e+01	3.950894e+00	2.586675e-04	233295892.000000	0.000000e+00
1.329532e+01	3.949700e+00	2.586332e-04	233216676.000000	0.000000e+00
1.329732e+01	3.949221e+00	2.585859e-04	233245408.000000	0.000000e+00
1.329931e+01	3.948084e+00	2.586230e-04	233044278.000000	0.000000e+00
1.330131e+01	3.947940e+00	2.585631e-04	233135236.000000	0.000000e+00
1.330330e+01	3.946491e+00	2.585432e-04	232999968.000000	0.000000e+00
1.330530e+01	3.945928e+00	2.584819e-04	233044174.000000	0.000000e+00
1.330729e+01	3.944650e+00	2.584646e-04	232924258.000000	0.000000e+00
1.330928e+01	3.943847e+00	2.584347e-04	232883400.000000	0.000000e+00
1.331128e+01	3.943159e+00	2.584235e-04	232822372.000000	0.000000e+00
1.331327e+01	3.942638e+00	2.583844e-04	232831290.000000	0.000000e+00
1.331527e+01	3.941723e+00	2.583936e-04	232706572.000000	0.000000e+00
1.331726e+01	3.940840e+00	2.583292e-04	232718352.000000	0.000000e+00
1.331926e+01	3.939924e+00	2.583029e-04	232657414.000000	0.000000e+00
1.332125e+01	3.939131e+00	2.583001e-04	232569034.000000	0.000000e+00
1.332325e+01	3.938503e+00	2.582754e-04	232539252.000000	0.000000e+00
1.332524e+01	3.938289e+00	2.582814e-04	232503088.000000	0.000000e+00
1.332724e+01	3.936837e+00	2.581864e-04	232502778.000000	0.000000e+00
1.332923e+01	3.936192e+00	2.582080e-04	232387624.000000	0.000000e+00
1.333123e+01	3.934979e+00	2.581589e-04	232332780.000000	0.000000e+00
1.333322e+01	3.934593e+00	2.581444e-04	232313494.000000	0.000000e+00
1.333522e+01	3.933622e+00	2.581229e-04	232237450.000000	0.000000e+00
1.333721e+01	3.932470e+00	2.580631e-04	232209000.000000	0.000000e+00
1.333920e+01	3.932171e+00	2.581078e-04	232093312.000000	0.000000e+00
1.334120e+01	3.931338e+00	2.580305e-04	232133922.000000	0.000000e+00
1.334319e+01	3.930434e+00	2.580052e-04	232072732.000000	0.000000e+00
1.334519e+01	3.929524e+00	2.579557e-04	232054288.000000	0.000000e+00
1.334718e+01	3.928963e+00	2.580157e-04	231880206.000000	0.000000e+00
1.334918e+01	3.928083e+00	2.579371e-04	231917632.000000	0.000000e+00
1.335117e+01	3.927238e+00	2.579090e-04	231868260.000000	0.000000e+00
1.335317e+01	3.926540e+00	2.578994e-04	231803212.000000	0.000000e+00
1.335516e+01	3.925501e+00	2.578404e-04	231786648.000000	0.000000e+00
1.335716e+01	3.924906e+00	2.578401e-04	231716800.000000	0.000000e+00
1.335915e+01	3.924471e+00	2.578430e-04	231660256.000000	0.000000e+00
1.336115e+01	3.923220e+00	2.578045e-04	231581766.000000	0.000000e+00
1.336314e+01	3.922723e+00	2.577549e-04	231612160.000000	0.000000e+00
1.336513e+01	3.921296e+00	2.577396e-04	231471204.000000	0.000000e+00
1.336713e+01	3.920893e+00	2.577168e-04	231464650.000000	0.000000e+00
1.336912e+01	3.919990e+00	2.576805e-04	231423156.000000	0.000000e+00
1.337112e+01	3.919002e+00	2.576355e-04	231387370.000000	0.000000e+00
1.337311e+01	3.918217e+00	2.576491e-04	231270352.000000	0.000000e+00
1.337511e+01	3.917708e+00	2.576251e-04	231253146.000000	0.000000e+00
1.337710e+01	3.916896e+00	2.575672e-04	231261340.000000	0.000000e+00
1.337910e+01	3.915634e+00	2.575535e-04	231136908.000000	0.000000e+00
1.338109e+01	3.915344e+00	2.575485e-04	231111658.000000	0.000000e+00
1.338309e+01	3.914258e+00	2.575300e-04	231016614.000000	0.000000e+00
1.338508e+01	3.913252e+00	2.574320e-04	231073828.000000	0.000000e+00
1.338708e+01	3.912968e+00	2.574838e-04	230947168.000000	0.000000e+00
1.338907e+01	3.912045e+00	2.574502e-04	230898534.000000	0.000000e+00
1.339107e+01	3.911475e+00	2.574282e-04	230870728.000000	0.000000e+00
1.339306e+01	3.910596e+00	2.574037e-04	230811042.000000	0.000000e+00
1.339505e+01	3.909762e+00	2.573524e-04	230804446.000000	0.000000e+00
1.339705e+01	3.908736e+00	2.573529e-04	230682520.000000	0.000000e+00
1.339904e+01	3.908618e+00	2.573555e-04	230663820.000000	0.000000e+00
1.340104e+01	3.906841e+00	2.572691e-04	230608948.000000	0.000000e+00
1.340303e+01	3.907043e+00	2.573093e-04	230560782.000000	0.000000e+00
1.340503e+01	3.905575e+00	2.572289e-04	230531536.000000	0.000000e+00
1.340702e+01	3.905262e+00	2.572435e-04	230468364.000000	0.000000e+00
1.340902e+01	3.904550e+00	2.572362e-04	230397580.000000	0.000000e+00
1.341101e+01	3.903422e+00	2.572036e-04	230322880.000000	0.000000e+00
1.341301e+01	3.902735e+00	2.571553e-04	230328180.000000	0.000000e+00
1.341500e+01	3.901880e+00	2.571224e-04	230286310.000000	0.000000e+00
1.341700e+01	3.901003e+00	2.571072e-04	230209908.000000	0.000000e+00
1.341899e+01	3.900215e+00	2.570845e-04	230157616.000000	0.000000e+00
1.342098e+01	3.898483e+00	2.569900e-04	230122320.000000	0.000000e+00
1.342298e+01	3.899317e+00	2.570798e-04	230059996.000000	0.000000e+00
1.342497e+01	3.898413e+00	2.570533e-04	230000716.000000	0.000000e+00
1.342697e+01	3.897216e+00	2.569998e-04	229955268.000000	0.000000e+00
1.342896e+01	3.896368e+00	2.569518e-04	229941190.000000	0.000000e+00
1.343096e+01	3.895477e+00	2.569565e-04	229827552.000000	0.000000e+00
1.343295e+01	3.895024e+00	2.569398e-04	229803868.000000	0.000000e+00
1.343495e+01	3.894013e+00	2.568954e-04	229763962.000000	0.000000e+00
1.343694e+01	3.893518e+00	2.568892e-04	229716738.000000	0.000000e+00
1.343894e+01	3.892342e+00	2.568401e-04	229665880.000000	0.000000e+00
1.344093e+01	3.891543e+00	2.568187e-04	229609728.000000	0.000000e+00
1.344293e+01	3.890846e+00	2.567962e-04	229567858.000000	0.000000e+00
1.344492e+01	3.890103e+00	2.567984e-04	229476228.000000	0.000000e+00
1.344692e+01	3.889115e+00	2.567247e-04	229491274.000000	0.000000e+00
1.344891e+01	3.888771e+00	2.567833e-04	229345978.000000	0.000000e+00
1.345090e+01	3.887678e+00	2.566869e-04	229389348.000000	0.000000e+00
1.345290e+01	3.886893e+00	2.566653e-04	229335160.000000	0.000000e+00
1.345489e+01	3.886483e+00	2.567110e-04	229205148.000000	0.000000e+00
1.345689e+01	3.885308e+00	2.565999e-04	229265236.000000	0.000000e+00
1.345888e+01	3.884693e+00	2.566592e-04	229086648.000000	0.000000e+00
1.346088e+01	3.884028e+00	2.565995e-04	229114792.000000	0.000000e+00
1.346287e+01	3.883237e+00	2.566092e-04	229004230.000000	0.000000e+00
1.346487e+01	3.882503e+00	2.565367e-04	229046886.000000	0.000000e+00
1.346686e+01	3.881698e+00	2.565400e-04	228946156.000000	0.000000e+00
1.346886e+01	3.880928e+00	2.565331e-04	228867564.000000	0.000000e+00
1.347085e+01	3.880499e+00	2.565089e-04	228860194.000000	0.000000e+00
1.347285e+01	3.879545e+00	2.564618e-04	228831648.000000	0.000000e+00
1.347484e+01	3.878427e+00	2.564473e-04	228725770.000000	0.000000e+00
1.347684e+01	3.877923e+00	2.564444e-04	228671494.000000	0.000000e+00
1.347883e+01	3.877228e+00	2.564323e-04	228611100.000000	0.000000e+00
1.348082e+01	3.876137e+00	2.563606e-04	228610252.000000	0.000000e+00
1.348282e+01	3.874986e+00	2.563175e-04	228551370.000000	0.000000e+00
1.348481e+01	3.874668e+00	2.563427e-04	228468934.000000	0.000000e+00
1.348681e+01	3.874159e+00	2.563094e-04	228468214.000000	0.000000e+00
1.348880e+01	3.872799e+00	2.562733e-04	228372132.000000	0.000000e+00
1.349080e+01	3.872170e+00	2.562418e-04	228354172.000000	0.000000e+00
1.349279e+01	3.871607e+00	2.562706e-04	228236328.000000	0.000000e+00
1.349479e+01	3.870798e+00	2.562245e-04	228223192.000000	0.000000e+00
1.349678e+01	3.870063e+00	2.561930e-04	228192654.000000	0.000000e+00
1.349878e+01	3.869161e+00	2.561702e-04	228126790.000000	0.000000e+00
1.350077e+01	3.868625e+00	2.561654e-04	228072280.000000	0.000000e+00
1.350277e+01	3.867978e+00	2.561572e-04	228010440.000000	0.000000e+00
1.350476e+01	3.866801e+00	2.560862e-04	227998174.000000	0.000000e+00
1.350675e+01	3.866960e+00	2.561457e-04	227910894.000000	0.000000e+00
1.350875e+01	3.865720e+00	2.560663e-04	227906068.000000	0.000000e+00
1.351074e+01	3.865081e+00	2.560966e-04	227776878.000000	0.000000e+00
1.351274e+01	3.864571e+00	2.560435e-04	227811178.000000	0.000000e+00
1.351473e+01	3.863291e+00	2.560126e-04	227715208.000000	0.000000e+00
1.351673e+01	3.862681e+00	2.560150e-04	227639082.000000	0.000000e+00
1.351872e+01	3.861964e+00	2.559816e-04	227613910.000000	0.000000e+00
1.352072e+01	3.861455e+00	2.559820e-04	227553306.000000	0.000000e+00
1.352271e+01	3.860591e+00	2.559221e-04	227557900.000000	0.000000e+00
1.352471e+01	3.859464e+00	2.559215e-04	227426202.000000	0.000000e+00
1.352670e+01	3.859052e+00	2.558747e-04	227460814.000000	0.000000e+00
1.352870e+01	3.858160e+00	2.558732e-04	227358460.000000	0.000000e+00
1.353069e+01	3.857456e+00	2.558878e-04	227249526.000000	0.000000e+00
1.353269e+01	3.856597e+00	2.558041e-04	227296984.000000	0.000000e+00
1.353468e+01	3.855738e+00	2.558234e-04	227161470.000000	0.000000e+00
1.353667e+01	3.855350e+00	2.557936e-04	227168656.000000	0.000000e+00
1.353867e+01	3.854053e+00	2.557646e-04	227067280.000000	0.000000e+00
1.354066e+01	3.853595e+00	2.557570e-04	227026710.000000	0.000000e+00
1.354266e+01	3.853314e+00	2.557567e-04	226994152.000000	0.000000e+00
1.354465e+01	3.851806e+00	2.556832e-04	226946970.000000	0.000000e+00
1.354665e+01	3.851879e+00	2.557075e-04	226912426.000000	0.000000e+00
1.354864e+01	3.850729e+00	2.556611e-04	226859304.000000	0.000000e+00
1.355064e+01	3.849627e+00	2.556462e-04	226755940.000000	0.000000e+00
1.355263e+01	3.849523e+00	2.556380e-04	226758160.000000	0.000000e+00
1.355463e+01	3.848304e+00	2.556150e-04	226655448.000000	0.000000e+00
1.355662e+01	3.847932e+00	2.555785e-04	226676338.000000	0.000000e+00
1.355862e+01	3.846902e+00	2.555970e-04	226522176.000000	0.000000e+00
1.356061e+01	3.846399e+00	2.555574e-04	226533100.000000	0.000000e+00
1.356260e+01	3.845902e+00	2.555452e-04	226496208.000000	0.000000e+00
1.356460e+01	3.844980e+00	2.555623e-04	226357288.000000	0.000000e+00
1.356659e+01	3.844336e+00	2.554869e-04	226415200.000000	0.000000e+00
1.356859e+01	3.843245e+00	2.554670e-04	226321932.000000	0.000000e+00
1.357058e+01	3.842489e+00	2.554633e-04	226239334.000000	0.000000e+00
1.357258e+01	3.842112e+00	2.554337e-04	226247316.000000	0.000000e+00
1.357457e+01	3.841154e+00	2.554254e-04	226149256.000000	0.000000e+00
1.357657e+01	3.839893e+00	2.553658e-04	226106406.000000	0.000000e+00
1.357856e+01	3.839536e+00	2.553809e-04	226037554.000000	0.000000e+00
1.358056e+01	3.838915e+00	2.553294e-04	226055614.000000	0.000000e+00
1.358255e+01	3.838146e+00	2.553647e-04	225902640.000000	0.000000e+00
1.358455e+01	3.836970e+00	2.552847e-04	225905668.000000	0.000000e+00
1.358654e+01	3.836784e+00	2.553004e-04	225855912.000000	0.000000e+00
1.358854e+01	3.835424e+00	2.552754e-04	225740230.000000	0.000000e+00
1.359053e+01	3.835475e+00	2.552373e-04	225813580.000000	0.000000e+00
1.359252e+01	3.834775e+00	2.552849e-04	225646944.000000	0.000000e+00
1.359452e+01	3.833830e+00	2.552174e-04	225655048.000000	0.000000e+00
1.359651e+01	3.833133e+00	2.552197e-04	225569046.000000	0.000000e+00
1.359851e+01	3.832480e+00	2.551693e-04	225581188.000000	0.000000e+00
1.360050e+01	3.831807e+00	2.552189e-04	225414342.000000	0.000000e+00
1.360250e+01	3.830864e+00	2.551426e-04	225438340.000000	0.000000e+00
1.360449e+01	3.830087e+00	2.551293e-04	225370264.000000	0.000000e+00
1.360649e+01	3.829328e+00	2.550866e-04	225356346.000000	0.000000e+00
1.360848e+01	3.828601e+00	2.550979e-04	225250834.000000	0.000000e+00
1.361048e+01	3.827752e+00	2.550751e-04	225191196.000000	0.000000e+00
1.361247e+01	3.827180e+00	2.550437e-04	225179452.000000	0.000000e+00
1.361447e+01	3.826623e+00	2.550467e-04	225108582.000000	0.000000e+00
1.361646e+01	3.825360e+00	2.549837e-04	225071092.000000	0.000000e+00
1.361846e+01	3.825018e+00	2.550046e-04	224993998.000000	0.000000e+00
1.362045e+01	3.823908e+00	2.549827e-04	224902062.000000	0.000000e+00
1.362244e+01	3.823687e+00	2.549534e-04	224927638.000000	0.000000e+00
1.362444e+01	3.822881e+00	2.549216e-04	224889072.000000	0.000000e+00
1.362643e+01	3.822184e+00	2.549576e-04	224743528.000000	0.000000e+00
1.362843e+01	3.822042e+00	2.549462e-04	224746834.000000	0.000000e+00
1.363042e+01	3.820857e+00	2.549128e-04	224666592.000000	0.000000e+00
1.363242e+01	3.820306e+00	2.548846e-04	224651290.000000	0.000000e+00
1.363441e+01	3.819506e+00	2.548773e-04	224570046.000000	0.000000e+00
1.363641e+01	3.819088e+00	2.548687e-04	224536186.000000	0.000000e+00
1.363840e+01	3.817922e+00	2.548169e-04	224490342.000000	0.000000e+00
1.364040e+01	3.817450e+00	2.548505e-04	224375674.000000	0.000000e+00
1.364239e+01	3.816531e+00	2.547717e-04	224406442.000000	0.000000e+00
1.364439e+01	3.815743e+00	2.547766e-04	224305152.000000	0.000000e+00
1.364638e+01	3.814842e+00	2.547442e-04	224256136.000000	0.000000e+00
1.364837e+01	3.814350e+00	2.547228e-04	224235942.000000	0.000000e+00
1.365037e+01	3.813054e+00	2.546967e-04	224129746.000000	0.000000e+00
1.365236e+01	3.812457e+00	2.546491e-04	224143248.000000	0.000000e+00
1.365436e+01	3.812312e+00	2.547073e-04	224023876.000000	0.000000e+00
1.365635e+01	3.811330e+00	2.546736e-04	223967656.000000	0.000000e+00
1.365835e+01	3.810774e+00	2.546559e-04	223933362.000000	0.000000e+00
1.366034e+01	3.809950e+00	2.546263e-04	223888600.000000	0.000000e+00
1.366234e+01	3.809595e+00	2.546188e-04	223860084.000000	0.000000e+00
1.366433e+01	3.808627e+00	2.546126e-04	223757230.000000	0.000000e+00
1.366633e+01	3.807906e+00	2.545520e-04	223778988.000000	0.000000e+00
1.366832e+01	3.807256e+00	2.545597e-04	223689190.000000	0.000000e+00
1.367032e+01	3.805961e+00	2.545341e-04	223581916.000000	0.000000e+00
1.367231e+01	3.805626e+00	2.545348e-04	223541286.000000	0.000000e+00
1.367430e+01	3.805355e+00	2.545201e-04	223535326.000000	0.000000e+00
1.367630e+01	3.804087e+00	2.544617e-04	223488990.000000	0.000000e+00
1.367829e+01	3.803379e+00	2.544523e-04	223422358.000000	0.000000e+00
1.368029e+01	3.802981e+00	2.545045e-04	223283968.000000	0.000000e+00
1.368228e+01	3.802261e+00	2.544240e-04	223340532.000000	0.000000e+00
1.368428e+01	3.801083e+00	2.544039e-04	223237528.000000	0.000000e+00
1.368627e+01	3.801131e+00	2.544131e-04	223226922.000000	0.000000e+00
1.368827e+01	3.800280e+00	2.544415e-04	223077232.000000	0.000000e+00
1.369026e+01	3.799705e+00	2.543826e-04	223113114.000000	0.000000e+00
1.369226e+01	3.799111e+00	2.543681e-04	223068712.000000	0.000000e+00
1.369425e+01	3.798154e+00	2.543839e-04	222928732.000000	0.000000e+00
1.369625e+01	3.797427e+00	2.543286e-04	222940218.000000	0.000000e+00
1.369824e+01	3.796693e+00	2.543122e-04	222882790.000000	0.000000e+00
1.370024e+01	3.796814e+00	2.543793e-04	222779424.000000	0.000000e+00
1.370223e+01	3.795456e+00	2.543063e-04	222747820.000000	0.000000e+00
1.370422e+01	3.794357e+00	2.542481e-04	222720936.000000	0.000000e+00
1.370622e+01	3.793781e+00	2.542499e-04	222650020.000000	0.000000e+00
1.370821e+01	3.793302e+00	2.542521e-04	222590086.000000	0.000000e+00
1.371021e+01	3.792502e+00	2.542148e-04	222561450.000000	0.000000e+00
1.371220e+01	3.791746e+00	2.541916e-04	222513460.000000	0.000000e+00
1.371420e+01	3.791278e+00	2.542037e-04	222437340.000000	0.000000e+00
1.371619e+01	3.790340e+00	2.541793e-04	222369862.000000	0.000000e+00
1.371819e+01	3.790483e+00	2.541938e-04	222361218.000000	0.000000e+00
1.372018e+01	3.788910e+00	2.541469e-04	222258712.000000	0.000000e+00
1.372218e+01	3.788960e+00	2.541728e-04	222219286.000000	0.000000e+00
1.372417e+01	3.787615e+00	2.541093e-04	222172632.000000	0.000000e+00
1.372617e+01	3.786993e+00	2.541073e-04	222103114.000000	0.000000e+00
1.372816e+01	3.786329e+00	2.541005e-04	222037086.000000	0.000000e+00
1.373016e+01	3.785341e+00	2.540287e-04	222046684.000000	0.000000e+00
1.373215e+01	3.784957e+00	2.540810e-04	221910244.000000	0.000000e+00
1.373414e+01	3.784286e+00	2.540316e-04	221917962.000000	0.000000e+00
1.373614e+01	3.783590e+00	2.540114e-04	221871634.000000	0.000000e+00
1.373813e+01	3.781988e+00	2.539796e-04	221739192.000000	0.000000e+00
1.374013e+01	3.782149e+00	2.540008e-04	221721076.000000	0.000000e+00
1.374212e+01	3.781946e+00	2.540029e-04	221693676.000000	0.000000e+00
1.374412e+01	3.781070e+00	2.539666e-04	221654242.000000	0.000000e+00
1.374611e+01	3.780488e+00	2.539925e-04	221540818.000000	0.000000e+00
1.374811e+01	3.779679e+00	2.539469e-04	221525550.000000	0.000000e+00
1.375010e+01	3.779221e+00	2.539465e-04	221472586.000000	0.000000e+00
1.375210e+01	3.777937e+00	2.539149e-04	221377218.000000	0.000000e+00
1.375409e+01	3.777252e+00	2.538754e-04	221366002.000000	0.000000e+00
1.375609e+01	3.777147e+00	2.539179e-04	221279400.000000	0.000000e+00
1.375808e+01	3.776175e+00	2.538443e-04	221293876.000000	0.000000e+00
1.376007e+01	3.775325e+00	2.538711e-04	221147470.000000	0.000000e+00
1.376207e+01	3.774640e+00	2.538236e-04	221149998.000000	0.000000e+00
1.376406e+01	3.773810e+00	2.538235e-04	221053084.000000	0.000000e+00
1.376606e+01	3.773475e+00	2.537929e-04	221067048.000000	0.000000e+00
1.376805e+01	3.772768e+00	2.537971e-04	220976866.000000	0.000000e+00
1.377005e+01	3.771886e+00	2.537843e-04	220895862.000000	0.000000e+00
1.377204e+01	3.771338e+00	2.537659e-04	220863640.000000	0.000000e+00
1.377404e+01	3.770591e+00	2.537504e-04	220803166.000000	0.000000e+00
1.377603e+01	3.770398e+00	2.537663e-04	220752900.000000	0.000000e+00
1.377803e+01	3.769569e+00	2.537624e-04	220662754.000000	0.000000e+00
1.378002e+01	3.768812e+00	2.537102e-04	220664712.000000	0.000000e+00
1.378202e+01	3.768030e+00	2.537131e-04	220568218.000000	0.000000e+00
1.378401e+01	3.767461e+00	2.536918e-04	220538746.000000	0.000000e+00
1.378601e+01	3.767026e+00	2.536924e-04	220486656.000000	0.000000e+00
1.378800e+01	3.765607e+00	2.536317e-04	220426006.000000	0.000000e+00
1.378999e+01	3.765369e+00	2.536597e-04	220349526.000000	0.000000e+00
1.379199e+01	3.764658e+00	2.536338e-04	220311364.000000	0.000000e+00
1.379398e+01	3.764061e+00	2.536027e-04	220295412.000000	0.000000e+00
1.379598e+01	3.763185e+00	2.536310e-04	220143898.000000	0.000000e+00
1.379797e+01	3.762934e+00	2.535983e-04	220171234.000000	0.000000e+00
1.379997e+01	3.762329e+00	2.536078e-04	220083876.000000	0.000000e+00
1.380196e+01	3.761155e+00	2.535444e-04	220056634.000000	0.000000e+00
1.380396e+01	3.760449e+00	2.535450e-04	219972918.000000	0.000000e+00
1.380595e+01	3.759792e+00	2.535107e-04	219955708.000000	0.000000e+00
1.380795e+01	3.758946e+00	2.535041e-04	219868104.000000	0.000000e+00
1.380994e+01	3.758925e+00	2.535619e-04	219765376.000000	0.000000e+00
1.381194e+01	3.758451e+00	2.535159e-04	219789724.000000	0.000000e+00
1.381393e+01	3.757774e+00	2.535162e-04	219710100.000000	0.000000e+00
1.381593e+01	3.756167e+00	2.534413e-04	219652006.000000	0.000000e+00
1.381792e+01	3.756783e+00	2.535358e-04	219560244.000000	0.000000e+00
1.381991e+01	3.755298e+00	2.534432e-04	219546958.000000	0.000000e+00
1.382191e+01	3.754598e+00	2.534513e-04	219451210.000000	0.000000e+00
1.382390e+01	3.753654e+00	2.533939e-04	219440274.000000	0.000000e+00
1.382590e+01	3.752967e+00	2.533794e-04	219384964.000000	0.000000e+00
1.382789e+01	3.752925e+00	2.534093e-04	219328332.000000	0.000000e+00
1.382989e+01	3.751858e+00	2.533672e-04	219276334.000000	0.000000e+00
1.383188e+01	3.751465e+00	2.533958e-04	219181026.000000	0.000000e+00
1.383388e+01	3.750751e+00	2.533625e-04	219155104.000000	0.000000e+00
1.383587e+01	3.750162e+00	2.533522e-04	219104206.000000	0.000000e+00
1.383787e+01	3.749393e+00	2.533363e-04	219041844.000000	0.000000e+00
1.383986e+01	3.748486e+00	2.533186e-04	218966578.000000	0.000000e+00
1.384186e+01	3.748060e+00	2.532917e-04	218963226.000000	0.000000e+00
1.384385e+01	3.747673e+00	2.533353e-04	218842720.000000	0.000000e+00
1.384584e+01	3.746690e+00	2.532749e-04	218832258.000000	0.000000e+00
1.384784e+01	3.746284e+00	2.532962e-04	218748082.000000	0.000000e+00
1.384983e+01	3.745523e+00	2.532771e-04	218692066.000000	0.000000e+00
1.385183e+01	3.744771e+00	2.532397e-04	218668908.000000	0.000000e+00
1.385382e+01	3.744036e+00	2.532400e-04	218582584.000000	0.000000e+00
1.385582e+01	3.743405e+00	2.532093e-04	218561730.000000	0.000000e+00
1.385781e+01	3.743274e+00	2.532844e-04	218416882.000000	0.000000e+00
1.385981e+01	3.741818e+00	2.531553e-04	218469684.000000	0.000000e+00
1.386180e+01	3.741754e+00	2.532088e-04	218369902.000000	0.000000e+00
1.386380e+01	3.741179e+00	2.531963e-04	218324344.000000	0.000000e+00
1.386579e+01	3.740158e+00	2.531763e-04	218239722.000000	0.000000e+00
1.386779e+01	3.740298e+00	2.531952e-04	218223442.000000	0.000000e+00
1.386978e+01	3.739124e+00	2.531771e-04	218117742.000000	0.000000e+00
1.387178e+01	3.738186e+00	2.531167e-04	218112400.000000	0.000000e+00
1.387377e+01	3.738041e+00	2.531708e-04	218002198.000000	0.000000e+00
1.387576e+01	3.736631e+00	2.530738e-04	218004846.000000	0.000000e+00
1.387776e+01	3.736177e+00	2.530845e-04	217933378.000000	0.000000e+00
1.387975e+01	3.736035e+00	2.531284e-04	217841268.000000	0.000000e+00
1.388175e+01	3.734971e+00	2.530771e-04	217805446.000000	0.000000e+00
1.388374e+01	3.734733e+00	2.530740e-04	217782942.000000	0.000000e+00
1.388574e+01	3.733785e+00	2.530409e-04	217729372.000000	0.000000e+00
1.388773e+01	3.733369e+00	2.530864e-04	217602682.000000	0.000000e+00
1.388973e+01	3.732361e+00	2.530404e-04	217564290.000000	0.000000e+00
1.389172e+01	3.731830e+00	2.530120e-04	217551100.000000	0.000000e+00
1.389372e+01	3.731210e+00	2.530285e-04	217450470.000000	0.000000e+00
1.389571e+01	3.730570e+00	2.529912e-04	217440178.000000	0.000000e+00
1.389771e+01	3.729832e+00	2.530107e-04	217320546.000000	0.000000e+00
1.389970e+01	3.728932e+00	2.529392e-04	217338568.000000	0.000000e+00
1.390169e+01	3.728810e+00	2.529862e-04	217243522.000000	0.000000e+00
1.390369e+01	3.728277e+00	2.529876e-04	217179000.000000	0.000000e+00
1.390568e+01	3.727556e+00	2.529710e-04	217123594.000000	0.000000e+00
1.390768e+01	3.727388e+00	2.529799e-04	217088682.000000	0.000000e+00
1.390967e+01	3.726522e+00	2.529391e-04	217057816.000000	0.000000e+00
1.391167e+01	3.726211e+00	2.530026e-04	216912708.000000	0.000000e+00
1.391366e+01	3.725419e+00	2.529280e-04	216948400.000000	0.000000e+00
1.391566e+01	3.724545e+00	2.529391e-04	216827584.000000	0.000000e+00
1.391765e+01	3.723853e+00	2.529017e-04	216811056.000000	0.000000e+00
1.391965e+01	3.723470e+00	2.529378e-04	216704728.000000	0.000000e+00
1.392164e+01	3.722872e+00	2.529007e-04	216698532.000000	0.000000e+00
1.392364e+01	3.721553e+00	2.528470e-04	216637048.000000	0.000000e+00
1.392563e+01	3.721579e+00	2.529053e-04	216540304.000000	0.000000e+00
1.392763e+01	3.721319e+00	2.528865e-04	216542172.000000	0.000000e+00
1.392962e+01	3.720126e+00	2.528614e-04	216446188.000000	0.000000e+00
1.393161e+01	3.719189e+00	2.528060e-04	216432114.000000	0.000000e+00
1.393361e+01	3.718787e+00	2.528696e-04	216276610.000000	0.000000e+00
1.393560e+01	3.718214e+00	2.528012e-04	216326928.000000	0.000000e+00
1.393760e+01	3.717672e+00	2.528290e-04	216216304.000000	0.000000e+00
1.393959e+01	3.716861e+00	2.528044e-04	216164032.000000	0.000000e+00
1.394159e+01	3.716126e+00	2.528010e-04	216084312.000000	0.000000e+00
1.394358e+01	3.715580e+00	2.527776e-04	216060904.000000	0.000000e+00
1.394558e+01	3.715107e+00	2.527687e-04	216021042.000000	0.000000e+00
1.394757e+01	3.714649e+00	2.527784e-04	215951254.000000	0.000000e+00
1.394957e+01	3.713566e+00	2.527573e-04	215861340.000000	0.000000e+00
1.395156e+01	3.712880e+00	2.527190e-04	215846914.000000	0.000000e+00
1.395356e+01	3.712618e+00	2.527312e-04	215795782.000000	0.000000e+00
1.395555e+01	3.711461e+00	2.527155e-04	215687976.000000	0.000000e+00
1.395755e+01	3.710775e+00	2.526689e-04	215687830.000000	0.000000e+00
1.395954e+01	3.710560e+00	2.527309e-04	215556996.000000	0.000000e+00
1.396153e+01	3.709682e+00	2.526551e-04	215584306.000000	0.000000e+00
1.396353e+01	3.709349e+00	2.527121e-04	215448498.000000	0.000000e+00
1.396552e+01	3.708739e+00	2.526808e-04	215430868.000000	0.000000e+00
1.396752e+01	3.708419e+00	2.526777e-04	215399008.000000	0.000000e+00
1.396951e+01	3.707767e+00	2.527013e-04	215283018.000000	0.000000e+00
1.397151e+01	3.707124e+00	2.526351e-04	215321170.000000	0.000000e+00
1.397350e+01	3.706142e+00	2.526647e-04	215156688.000000	0.000000e+00
1.397550e+01	3.705807e+00	2.526608e-04	215124514.000000	0.000000e+00
1.397749e+01	3.705808e+00	2.526908e-04	215073502.000000	0.000000e+00
1.397949e+01	3.704622e+00	2.526314e-04	215037030.000000	0.000000e+00
1.398148e+01	3.703860e+00	2.526152e-04	214976002.000000	0.000000e+00
1.398348e+01	3.703227e+00	2.526073e-04	214916076.000000	0.000000e+00
1.398547e+01	3.702926e+00	2.526294e-04	214843492.000000	0.000000e+00
1.398746e+01	3.702354e+00	2.526278e-04	214779864.000000	0.000000e+00
1.398946e+01	3.701540e+00	2.525643e-04	214793332.000000	0.000000e+00
1.399145e+01	3.701106e+00	2.526079e-04	214668892.000000	0.000000e+00
1.399345e+01	3.700537e+00	2.525801e-04	214650090.000000	0.000000e+00
1.399544e+01	3.699711e+00	2.525978e-04	214524322.000000	0.000000e+00
1.399744e+01	3.699059e+00	2.525551e-04	214521192.000000	0.000000e+00
1.399943e+01	3.698958e+00	2.525990e-04	214434922.000000	0.000000e+00
1.400143e+01	3.698011e+00	2.525448e-04	214417230.000000	0.000000e+00
1.400342e+01	3.697196e+00	2.525414e-04	214328422.000000	0.000000e+00
1.400542e+01	3.696532e+00	2.525347e-04	214262770.000000	0.000000e+00
1.400741e+01	3.695983e+00	2.525132e-04	214235640.000000	0.000000e+00
1.400941e+01	3.695506e+00	2.525096e-04	214186522.000000	0.000000e+00
1.401140e+01	3.695344e+00	2.525302e-04	214132878.000000	0.000000e+00
1.401340e+01	3.694604e+00	2.525552e-04	214004590.000000	0.000000e+00
1.401539e+01	3.694223e+00	2.525259e-04	214010146.000000	0.000000e+00
1.401738e+01	3.693391e+00	2.525411e-04	213887946.000000	0.000000e+00
1.401938e+01	3.692523e+00	2.524702e-04	213907540.000000	0.000000e+00
1.402137e+01	3.691487e+00	2.524535e-04	213815730.000000	0.000000e+00
1.402337e+01	3.691317e+00	2.524906e-04	213733402.000000	0.000000e+00
1.402536e+01	3.690850e+00	2.524617e-04	213728124.000000	0.000000e+00
1.402736e+01	3.690202e+00	2.524735e-04	213633148.000000	0.000000e+00
1.402935e+01	3.689368e+00	2.524216e-04	213624496.000000	0.000000e+00
1.403135e+01	3.689084e+00	2.524869e-04	213481032.000000	0.000000e+00
1.403334e+01	3.688210e+00	2.524236e-04	213486922.000000	0.000000e+00
1.403534e+01	3.687883e+00	2.524472e-04	213409200.000000	0.000000e+00
1.403733e+01	3.687038e+00	2.524192e-04	213358798.000000	0.000000e+00
1.403933e+01	3.686548e+00	2.524147e-04	213309576.000000	0.000000e+00
1.404132e+01	3.685925e+00	2.524313e-04	213209536.000000	0.000000e+00
1.404331e+01	3.685333e+00	2.524085e-04	213179536.000000	0.000000e+00
1.404531e+01	3.685148e+00	2.524180e-04	213142092.000000	0.000000e+00
1.404730e+01	3.684097e+00	2.523958e-04	213057898.000000	0.000000e+00
1.404930e+01	3.684041e+00	2.524335e-04	212987970.000000	0.000000e+00
1.405129e+01	3.682986e+00	2.524057e-04	212912842.000000	0.000000e+00
1.405329e+01	3.682727e+00	2.523725e-04	212938944.000000	0.000000e+00
1.405528e+01	3.681771e+00	2.523917e-04	212795986.000000	0.000000e+00
1.405728e+01	3.681264e+00	2.523569e-04	212796082.000000	0.000000e+00
1.405927e+01	3.681016e+00	2.523909e-04	212709984.000000	0.000000e+00
1.406127e+01	3.679832e+00	2.523512e-04	212640052.000000	0.000000e+00
1.406326e+01	3.679749e+00	2.523787e-04	212584158.000000	0.000000e+00
1.406526e+01	3.679252e+00	2.523797e-04	212525050.000000	0.000000e+00
1.406725e+01	3.678409e+00	2.523441e-04	212487634.000000	0.000000e+00
1.406925e+01	3.677477e+00	2.522946e-04	212463420.000000	0.000000e+00
1.407124e+01	3.676945e+00	2.523230e-04	212354062.000000	0.000000e+00
1.407323e+01	3.676328e+00	2.523081e-04	212307828.000000	0.000000e+00
1.407523e+01	3.675866e+00	2.523442e-04	212193898.000000	0.000000e+00
1.407722e+01	3.675577e+00	2.522853e-04	212259486.000000	0.000000e+00
1.407922e+01	3.674843e+00	2.523565e-04	212055004.000000	0.000000e+00
1.408121e+01	3.674097e+00	2.522848e-04	212089342.000000	0.000000e+00
1.408321e+01	3.674022e+00	2.523132e-04	212033082.000000	0.000000e+00
1.408520e+01	3.673130e+00	2.523232e-04	211913290.000000	0.000000e+00
1.408720e+01	3.672574e+00	2.522779e-04	211925196.000000	0.000000e+00
1.408919e+01	3.672146e+00	2.523229e-04	211800394.000000	0.000000e+00
1.409119e+01	3.671395e+00	2.522759e-04	211792584.000000	0.000000e+00
1.409318e+01	3.670680e+00	2.522707e-04	211718794.000000	0.000000e+00
1.409518e+01	3.670386e+00	2.522902e-04	211652230.000000	0.000000e+00
1.409717e+01	3.669491e+00	2.522511e-04	211614516.000000	0.000000e+00
1.409916e+01	3.669143e+00	2.522984e-04	211495138.000000	0.000000e+00
1.410116e+01	3.668396e+00	2.522388e-04	211508952.000000	0.000000e+00
1.410315e+01	3.668421e+00	2.522963e-04	211415380.000000	0.000000e+00
1.410515e+01	3.667498e+00	2.522619e-04	211366716.000000	0.000000e+00
1.410714e+01	3.667032e+00	2.522698e-04	211299640.000000	0.000000e+00
1.410914e+01	3.666214e+00	2.522521e-04	211235008.000000	0.000000e+00
1.411113e+01	3.666399e+00	2.522785e-04	211212180.000000	0.000000e+00
1.411313e+01	3.665720e+00	2.523107e-04	211080070.000000	0.000000e+00
1.411512e+01	3.665036e+00	2.522423e-04	211115676.000000	0.000000e+00
1.411712e+01	3.663930e+00	2.522234e-04	211019926.000000	0.000000e+00
1.411911e+01	3.663316e+00	2.522379e-04	210925012.000000	0.000000e+00
1.412111e+01	3.662626e+00	2.522122e-04	210888558.000000	0.000000e+00
1.412310e+01	3.662401e+00	2.522267e-04	210838378.000000	0.000000e+00
1.412510e+01	3.661407e+00	2.521978e-04	210772242.000000	0.000000e+00
1.412709e+01	3.661351e+00	2.522324e-04	210708052.000000	0.000000e+00
1.412908e+01	3.660571e+00	2.522125e-04	210651420.000000	0.000000e+00
1.413108e+01	3.660199e+00	2.522362e-04	210569050.000000	0.000000e+00
1.413307e+01	3.659769e+00	2.522217e-04	210543754.000000	0.000000e+00
1.413507e+01	3.658881e+00	2.522029e-04	210473046.000000	0.000000e+00
1.413706e+01	3.658465e+00	2.522267e-04	210385570.000000	0.000000e+00
1.413906e+01	3.657717e+00	2.521717e-04	210391068.000000	0.000000e+00
1.414105e+01	3.657200e+00	2.521954e-04	210292204.000000	0.000000e+00
1.414305e+01	3.656307e+00	2.521610e-04	210246762.000000	0.000000e+00
1.414504e+01	3.656306e+00	2.521793e-04	210216262.000000	0.000000e+00
1.414704e+01	3.654970e+00	2.521561e-04	210101290.000000	0.000000e+00
1.414903e+01	3.655320e+00	2.522167e-04	210040524.000000	0.000000e+00
1.415103e+01	3.654622e+00	2.522019e-04	209985022.000000	0.000000e+00
1.415302e+01	3.654215e+00	2.521859e-04	209964756.000000	0.000000e+00
1.415502e+01	3.653592e+00	2.521793e-04	209904226.000000	0.000000e+00
1.415701e+01	3.653235e+00	2.522300e-04	209778838.000000	0.000000e+00
1.415900e+01	3.652220e+00	2.521586e-04	209781066.000000	0.000000e+00
1.416100e+01	3.651907e+00	2.521934e-04	209687272.000000	0.000000e+00
1.416299e+01	3.651121e+00	2.521553e-04	209660328.000000	0.000000e+00
1.416499e+01	3.650620e+00	2.521719e-04	209575096.000000	0.000000e+00
1.416698e+01	3.650052e+00	2.521603e-04	209529264.000000	0.000000e+00
1.416898e+01	3.649686e+00	2.521922e-04	209434234.000000	0.000000e+00
1.417097e+01	3.648820e+00	2.521439e-04	209415094.000000	0.000000e+00
1.417297e+01	3.648657e+00	2.521836e-04	209330520.000000	0.000000e+00
1.417496e+01	3.648100e+00	2.521565e-04	209311552.000000	0.000000e+00
1.417696e+01	3.647712e+00	2.522001e-04	209194710.000000	0.000000e+00
1.417895e+01	3.646922e+00	2.521688e-04	209155942.000000	0.000000e+00
1.418095e+01	3.646189e+00	2.521514e-04	209100798.000000	0.000000e+00
1.418294e+01	3.645592e+00	2.521278e-04	209071384.000000	0.000000e+00
1.418493e+01	3.645579e+00	2.521780e-04	208986712.000000	0.000000e+00
1.418693e+01	3.644602e+00	2.521559e-04	208911366.000000	0.000000e+00
1.418892e+01	3.643977e+00	2.521252e-04	208890442.000000	0.000000e+00
1.419092e+01	3.643744e+00	2.521980e-04	208743240.000000	0.000000e+00
1.419291e+01	3.642720e+00	2.520946e-04	208797136.000000	0.000000e+00
1.419491e+01	3.642658e+00	2.521824e-04	208644726.000000	0.000000e+00
1.419690e+01	3.641697e+00	2.521075e-04	208658428.000000	0.000000e+00
1.419890e+01	3.641171e+00	2.521310e-04	208559338.000000	0.000000e+00
1.420089e+01	3.640851e+00	2.521395e-04	208508664.000000	0.000000e+00
1.420289e+01	3.640348e+00	2.521551e-04	208425142.000000	0.000000e+00
1.420488e+01	3.639462e+00	2.521172e-04	208386438.000000	0.000000e+00
1.420688e+01	3.639345e+00	2.521714e-04	208283518.000000	0.000000e+00
1.420887e+01	3.639139e+00	2.521532e-04	208289956.000000	0.000000e+00
1.421087e+01	3.638311e+00	2.521502e-04	208200126.000000	0.000000e+00
1.421286e+01	3.637676e+00	2.521416e-04	208141672.000000	0.000000e+00
1.421485e+01	3.637307e+00	2.521411e-04	208100154.000000	0.000000e+00
1.421685e+01	3.636520e+00	2.521389e-04	208013872.000000	0.000000e+00
1.421884e+01	3.635963e+00	2.521447e-04	207940572.000000	0.000000e+00
1.422084e+01	3.635529e+00	2.521181e-04	207934828.000000	0.000000e+00
1.422283e+01	3.635222e+00	2.521781e-04	207800806.000000	0.000000e+00
1.422483e+01	3.634025e+00	2.521028e-04	207788040.000000	0.000000e+00
1.422682e+01	3.633760e+00	2.521355e-04	207703792.000000	0.000000e+00
1.422882e+01	3.633304e+00	2.521051e-04	207701802.000000	0.000000e+00
1.423081e+01	3.633180e+00	2.521733e-04	207575242.000000	0.000000e+00
1.423281e+01	3.632607e+00	2.521294e-04	207582066.000000	0.000000e+00
1.423480e+01	3.632263e+00	2.522069e-04	207415258.000000	0.000000e+00
1.423680e+01	3.630916e+00	2.520961e-04	207443680.000000	0.000000e+00
1.423879e+01	3.630670e+00	2.521451e-04	207334944.000000	0.000000e+00
1.424078e+01	3.630155e+00	2.521233e-04	207312028.000000	0.000000e+00
1.424278e+01	3.629386e+00	2.521125e-04	207242004.000000	0.000000e+00
1.424477e+01	3.629068e+00	2.521570e-04	207132400.000000	0.000000e+00
1.424677e+01	3.628125e+00	2.520903e-04	207134292.000000	0.000000e+00
1.424876e+01	3.627890e+00	2.521314e-04	207040036.000000	0.000000e+00
1.425076e+01	3.627286e+00	2.521025e-04	207018634.000000	0.000000e+00
1.425275e+01	3.627088e+00	2.521519e-04	206914926.000000	0.000000e+00
1.425475e+01	3.626569e+00	2.521396e-04	206875822.000000	0.000000e+00
1.425674e+01	3.625651e+00	2.521419e-04	206767296.000000	0.000000e+00
1.425874e+01	3.625221e+00	2.521159e-04	206761006.000000	0.000000e+00
1.426073e+01	3.624578e+00	2.521080e-04	206700604.000000	0.000000e+00
1.426273e+01	3.624161e+00	2.521095e-04	206650518.000000	0.000000e+00
1.426472e+01	3.623745e+00	2.521282e-04	206572396.000000	0.000000e+00
1.426672e+01	3.623296e+00	2.521715e-04	206450280.000000	0.000000e+00
1.426871e+01	3.622731e+00	2.521183e-04	206473108.000000	0.000000e+00
1.427070e+01	3.622164e+00	2.521358e-04	206379750.000000	0.000000e+00
1.427270e+01	3.621866e+00	2.521684e-04	206292508.000000	0.000000e+00
1.427469e+01	3.621499e+00	2.521366e-04	206302828.000000	0.000000e+00
1.427669e+01	3.620565e+00	2.521599e-04	206158176.000000	0.000000e+00
1.427868e+01	3.620478e+00	2.521469e-04	206169544.000000	0.000000e+00
1.428068e+01	3.619334e+00	2.521251e-04	206074866.000000	0.000000e+00
1.428267e+01	3.619432e+00	2.521831e-04	205991302.000000	0.000000e+00
1.428467e+01	3.618291e+00	2.521175e-04	205968588.000000	0.000000e+00
1.428666e+01	3.617822e+00	2.521269e-04	205899796.000000	0.000000e+00
1.428866e+01	3.617898e+00	2.521984e-04	205791700.000000	0.000000e+00
1.429065e+01	3.617572e+00	2.521749e-04	205792938.000000	0.000000e+00
1.429265e+01	3.616496e+00	2.521536e-04	205705396.000000	0.000000e+00
1.429464e+01	3.615952e+00	2.521620e-04	205629792.000000	0.000000e+00
1.429663e+01	3.615685e+00	2.521685e-04	205588816.000000	0.000000e+00
1.429863e+01	3.614761e+00	2.521408e-04	205528920.000000	0.000000e+00
1.430062e+01	3.614701e+00	2.521856e-04	205449106.000000	0.000000e+00
1.430262e+01	3.614141e+00	2.521678e-04	205414318.000000	0.000000e+00
1.430461e+01	3.613867e+00	2.521927e-04	205342668.000000	0.000000e+00
1.430661e+01	3.613266e+00	2.522030e-04	205257580.000000	0.000000e+00
1.430860e+01	3.612423e+00	2.521503e-04	205247664.000000	0.000000e+00
1.431060e+01	3.611865e+00	2.521693e-04	205153348.000000	0.000000e+00
1.431259e+01	3.611076e+00	2.521499e-04	205095346.000000	0.000000e+00
1.431459e+01	3.611062e+00	2.521888e-04	205030350.000000	0.000000e+00
1.431658e+01	3.610908e+00	2.522105e-04	204977578.000000	0.000000e+00
1.431858e+01	3.609892e+00	2.521773e-04	204916272.000000	0.000000e+00
1.432057e+01	3.609393e+00	2.522353e-04	204765466.000000	0.000000e+00
1.432257e+01	3.609349e+00	2.521729e-04	204861696.000000	0.000000e+00
1.432456e+01	3.608771e+00	2.522470e-04	204675898.000000	0.000000e+00
1.432655e+01	3.608269e+00	2.522017e-04	204692404.000000	0.000000e+00
1.432855e+01	3.607757e+00	2.522413e-04	204570204.000000	0.000000e+00
1.433054e+01	3.606729e+00	2.521667e-04	204574516.000000	0.000000e+00
1.433254e+01	3.606624e+00	2.522375e-04	204447810.000000	0.000000e+00
1.433453e+01	3.605827e+00	2.521911e-04	204432622.000000	0.000000e+00
1.433653e+01	3.605572e+00	2.522072e-04	204377622.000000	0.000000e+00
1.433852e+01	3.605316e+00	2.522376e-04	204299428.000000	0.000000e+00
1.434052e+01	3.604733e+00	2.522557e-04	204203890.000000	0.000000e+00
1.434251e+01	3.603762e+00	2.522178e-04	204155310.000000	0.000000e+00
1.434451e+01	3.603694e+00	2.522431e-04	204106558.000000	0.000000e+00
1.434650e+01	3.603541e+00	2.522600e-04	204062046.000000	0.000000e+00
1.434850e+01	3.602041e+00	2.521934e-04	203999818.000000	0.000000e+00
1.435049e+01	3.602369e+00	2.522924e-04	203876854.000000	0.000000e+00
1.435249e+01	3.601336e+00	2.522345e-04	203853456.000000	0.000000e+00
1.435448e+01	3.601355e+00	2.522527e-04	203826202.000000	0.000000e+00
1.435647e+01	3.600545e+00	2.522556e-04	203729958.000000	0.000000e+00
1.435847e+01	3.600250e+00	2.522816e-04	203654518.000000	0.000000e+00
1.436046e+01	3.599703e+00	2.522687e-04	203613564.000000	0.000000e+00
1.436246e+01	3.599453e+00	2.522850e-04	203558872.000000	0.000000e+00
1.436445e+01	3.598789e+00	2.523102e-04	203443240.000000	0.000000e+00
1.436645e+01	3.598180e+00	2.522658e-04	203445966.000000	0.000000e+00
1.436844e+01	3.597813e+00	2.523068e-04	203338342.000000	0.000000e+00
1.437044e+01	3.596795e+00	2.522408e-04	203329752.000000	0.000000e+00
1.437243e+01	3.596426e+00	2.522925e-04	203204638.000000	0.000000e+00
1.437443e+01	3.596150e+00	2.523013e-04	203159226.000000	0.000000e+00
1.437642e+01	3.595946e+00	2.523078e-04	203125828.000000	0.000000e+00
1.437842e+01	3.595231e+00	2.523123e-04	203037628.000000	0.000000e+00
1.438041e+01	3.594585e+00	2.522839e-04	203010378.000000	0.000000e+00
1.438240e+01	3.594267e+00	2.523208e-04	202915294.000000	0.000000e+00
1.438440e+01	3.593383e+00	2.522757e-04	202887822.000000	0.000000e+00
1.438639e+01	3.593146e+00	2.523398e-04	202758088.000000	0.000000e+00
1.438839e+01	3.592679e+00	2.523151e-04	202745046.000000	0.000000e+00
1.439038e+01	3.591799e+00	2.522826e-04	202697914.000000	0.000000e+00
1.439238e+01	3.591800e+00	2.523356e-04	202612876.000000	0.000000e+00
1.439437e+01	3.591493e+00	2.523651e-04	202530990.000000	0.000000e+00
1.439637e+01	3.590643e+00	2.523436e-04	202469626.000000	0.000000e+00
1.439836e+01	3.590234e+00	2.523310e-04	202443678.000000	0.000000e+00
1.440036e+01	3.590070e+00	2.523647e-04	202371136.000000	0.000000e+00
1.440235e+01	3.588863e+00	2.523505e-04	202257820.000000	0.000000e+00
1.440435e+01	3.588885e+00	2.523779e-04	202216452.000000	0.000000e+00
1.440634e+01	3.588252e+00	2.523564e-04	202179442.000000	0.000000e+00
1.440834e+01	3.587991e+00	2.523646e-04	202137084.000000	0.000000e+00
1.441033e+01	3.587774e+00	2.524155e-04	202030978.000000	0.000000e+00
1.441232e+01	3.587393e+00	2.524181e-04	201984006.000000	0.000000e+00
1.441432e+01	3.586366e+00	2.523785e-04	201931690.000000	0.000000e+00
1.441631e+01	3.586451e+00	2.524436e-04	201837160.000000	0.000000e+00
1.441831e+01	3.586050e+00	2.524322e-04	201810252.000000	0.000000e+00
1.442030e+01	3.585038e+00	2.524040e-04	201741454.000000	0.000000e+00
1.442230e+01	3.585090e+00	2.524658e-04	201648492.000000	0.000000e+00
1.442429e+01	3.584115e+00	2.524235e-04	201606484.000000	0.000000e+00
1.442629e+01	3.583813e+00	2.524578e-04	201517608.000000	0.000000e+00
1.442828e+01	3.582801e+00	2.523981e-04	201499132.000000	0.000000e+00
1.443028e+01	3.583033e+00	2.524581e-04	201429568.000000	0.000000e+00
1.443227e+01	3.582786e+00	2.524831e-04	201361848.000000	0.000000e+00
1.443427e+01	3.581719e+00	2.524700e-04	201262870.000000	0.000000e+00
1.443626e+01	3.581524e+00	2.524823e-04	201221220.000000	0.000000e+00
1.443826e+01	3.580791e+00	2.524361e-04	201212512.000000	0.000000e+00
1.444025e+01	3.580336e+00	2.525078e-04	201047124.000000	0.000000e+00
1.444224e+01	3.579988e+00	2.524728e-04	201063898.000000	0.000000e+00
1.444424e+01	3.579377e+00	2.524809e-04	200982334.000000	0.000000e+00
1.444623e+01	3.578951e+00	2.525071e-04	200892732.000000	0.000000e+00
1.444823e+01	3.578900e+00	2.525355e-04	200841910.000000	0.000000e+00
1.445022e+01	3.578468e+00	2.525422e-04	200782782.000000	0.000000e+00
1.445222e+01	3.577883e+00	2.525202e-04	200752102.000000	0.000000e+00
1.445421e+01	3.577537e+00	2.525747e-04	200626648.000000	0.000000e+00
1.445621e+01	3.576775e+00	2.525415e-04	200593950.000000	0.000000e+00
1.445820e+01	3.575924e+00	2.524997e-04	200564830.000000	0.000000e+00
1.446020e+01	3.576239e+00	2.526087e-04	200427108.000000	0.000000e+00
1.446219e+01	3.575440e+00	2.525503e-04	200430226.000000	0.000000e+00
1.446419e+01	3.574959e+00	2.525944e-04	200306334.000000	0.000000e+00
1.446618e+01	3.574234e+00	2.525432e-04	200306350.000000	0.000000e+00
1.446817e+01	3.574229e+00	2.525995e-04	200216404.000000	0.000000e+00
1.447017e+01	3.573753e+00	2.526092e-04	200147694.000000	0.000000e+00
1.447216e+01	3.572766e+00	2.525748e-04	200091718.000000	0.000000e+00
1.447416e+01	3.572902e+00	2.526313e-04	200017452.000000	0.000000e+00
1.447615e+01	3.572310e+00	2.526318e-04	199950334.000000	0.000000e+00
1.447815e+01	3.571685e+00	2.525975e-04	199934766.000000	0.000000e+00
1.448014e+01	3.571059e+00	2.526290e-04	199814878.000000	0.000000e+00
1.448214e+01	3.571090e+00	2.526671e-04	199758076.000000	0.000000e+00
1.448413e+01	3.570100e+00	2.526464e-04	199680024.000000	0.000000e+00
1.448613e+01	3.569936e+00	2.526428e-04	199667260.000000	0.000000e+00
1.448812e+01	3.569706e+00	2.526922e-04	199563552.000000	0.000000e+00
1.449012e+01	3.569044e+00	2.526712e-04	199522654.000000	0.000000e+00
1.449211e+01	3.568364e+00	2.526677e-04	199452150.000000	0.000000e+00
1.449411e+01	3.568005e+00	2.527062e-04	199351246.000000	0.000000e+00
1.449610e+01	3.567825e+00	2.526944e-04	199349872.000000	0.000000e+00
1.449809e+01	3.566689e+00	2.526684e-04	199263810.000000	0.000000e+00
1.450009e+01	3.566768e+00	2.527213e-04	199189330.000000	0.000000e+00
1.450208e+01	3.566680e+00	2.527408e-04	199148880.000000	0.000000e+00
1.450408e+01	3.565989e+00	2.527563e-04	199047058.000000	0.000000e+00
1.450607e+01	3.566089e+00	2.527915e-04	199002910.000000	0.000000e+00
1.450807e+01	3.565038e+00	2.527576e-04	198939042.000000	0.000000e+00
1.451006e+01	3.564098e+00	2.527488e-04	198847912.000000	0.000000e+00
1.451206e+01	3.564248e+00	2.527949e-04	198792114.000000	0.000000e+00
1.451405e+01	3.563666e+00	2.527615e-04	198779710.000000	0.000000e+00
1.451605e+01	3.562946e+00	2.527801e-04	198670236.000000	0.000000e+00
1.451804e+01	3.562842e+00	2.527958e-04	198633916.000000	0.000000e+00
1.452004e+01	3.562346e+00	2.528356e-04	198516184.000000	0.000000e+00
1.452203e+01	3.561677e+00	2.528022e-04	198493980.000000	0.000000e+00
1.452402e+01	3.561251e+00	2.527968e-04	198454954.000000	0.000000e+00
1.452602e+01	3.561290e+00	2.528713e-04	198342354.000000	0.000000e+00
1.452801e+01	3.560789e+00	2.528769e-04	198277846.000000	0.000000e+00
1.453001e+01	3.560922e+00	2.529032e-04	198251388.000000	0.000000e+00
1.453200e+01	3.559610e+00	2.528507e-04	198187642.000000	0.000000e+00
1.453400e+01	3.559424e+00	2.528924e-04	198101566.000000	0.000000e+00
1.453599e+01	3.558928e+00	2.528960e-04	198040584.000000	0.000000e+00
1.453799e+01	3.558977e+00	2.529509e-04	197960206.000000	0.000000e+00
1.453998e+01	3.557939e+00	2.529113e-04	197906694.000000	0.000000e+00
1.454198e+01	3.557378e+00	2.529143e-04	197839552.000000	0.000000e+00
1.454397e+01	3.557499e+00	2.529626e-04	197777518.000000	0.000000e+00
1.454597e+01	3.556710e+00	2.529443e-04	197718354.000000	0.000000e+00
1.454796e+01	3.556398e+00	2.529546e-04	197667586.000000	0.000000e+00
1.454996e+01	3.556506e+00	2.530289e-04	197563464.000000	0.000000e+00
1.455195e+01	3.555723e+00	2.529972e-04	197526010.000000	0.000000e+00
1.455394e+01	3.555286e+00	2.529870e-04	197493522.000000	0.000000e+00
1.455594e+01	3.555142e+00	2.530643e-04	197356840.000000	0.000000e+00
1.455793e+01	3.553907e+00	2.529968e-04	197325010.000000	0.000000e+00
1.455993e+01	3.554065e+00	2.530588e-04	197245890.000000	0.000000e+00
1.456192e+01	3.553382e+00	2.530268e-04	197219950.000000	0.000000e+00
1.456392e+01	3.553199e+00	2.530600e-04	197147820.000000	0.000000e+00
1.456591e+01	3.552608e+00	2.530808e-04	197049874.000000	0.000000e+00
1.456791e+01	3.551883e+00	2.530539e-04	197011326.000000	0.000000e+00
1.456990e+01	3.551851e+00	2.530932e-04	196946584.000000	0.000000e+00
1.457190e+01	3.551340e+00	2.530922e-04	196891516.000000	0.000000e+00
1.457389e+01	3.551411e+00	2.531561e-04	196799976.000000	0.000000e+00
1.457589e+01	3.550946e+00	2.531860e-04	196701964.000000	0.000000e+00
1.457788e+01	3.549893e+00	2.531125e-04	196699578.000000	0.000000e+00
1.457988e+01	3.549398e+00	2.531060e-04	196654834.000000	0.000000e+00
1.458187e+01	3.549402e+00	2.531875e-04	196528656.000000	0.000000e+00
1.458386e+01	3.548324e+00	2.531462e-04	196473370.000000	0.000000e+00
1.458586e+01	3.548966e+00	2.532223e-04	196426444.000000	0.000000e+00
1.458785e+01	3.548081e+00	2.531891e-04	196379928.000000	0.000000e+00
1.458985e+01	3.547628e+00	2.532274e-04	196270336.000000	0.000000e+00
1.459184e+01	3.547314e+00	2.532434e-04	196210776.000000	0.000000e+00
1.459384e+01	3.546628e+00	2.532196e-04	196171804.000000	0.000000e+00
1.459583e+01	3.546405e+00	2.532472e-04	196104364.000000	0.000000e+00
1.459783e+01	3.545646e+00	2.532557e-04	196007346.000000	0.000000e+00
1.459982e+01	3.545296e+00	2.532543e-04	195970810.000000	0.000000e+00
1.460182e+01	3.545261e+00	2.532864e-04	195917268.000000	0.000000e+00
1.460381e+01	3.544715e+00	2.533166e-04	195810274.000000	0.000000e+00
1.460581e+01	3.544022e+00	2.532949e-04	195767172.000000	0.000000e+00
1.460780e+01	3.543722e+00	2.532958e-04	195732706.000000	0.000000e+00
1.460979e+01	3.543428e+00	2.533524e-04	195612868.000000	0.000000e+00
1.461179e+01	3.543067e+00	2.533441e-04	195585660.000000	0.000000e+00
1.461378e+01	3.542386e+00	2.533382e-04	195519616.000000	0.000000e+00
1.461578e+01	3.542343e+00	2.533950e-04	195427248.000000	0.000000e+00
1.461777e+01	3.542079e+00	2.534110e-04	195373492.000000	0.000000e+00
1.461977e+01	3.541274e+00	2.533786e-04	195334494.000000	0.000000e+00
1.462176e+01	3.541276e+00	2.534429e-04	195235834.000000	0.000000e+00
1.462376e+01	3.540418e+00	2.534237e-04	195170650.000000	0.000000e+00
1.462575e+01	3.540283e+00	2.534521e-04	195112080.000000	0.000000e+00
1.462775e+01	3.539653e+00	2.534513e-04	195043870.000000	0.000000e+00
1.462974e+01	3.539286e+00	2.534480e-04	195008586.000000	0.000000e+00
1.463174e+01	3.538882e+00	2.534850e-04	194907184.000000	0.000000e+00
1.463373e+01	3.538849e+00	2.535465e-04	194808894.000000	0.000000e+00
1.463572e+01	3.537769e+00	2.534725e-04	194803786.000000	0.000000e+00
1.463772e+01	3.537912e+00	2.535215e-04	194744056.000000	0.000000e+00
1.463971e+01	3.537226e+00	2.535225e-04	194667198.000000	0.000000e+00
1.464171e+01	3.537211e+00	2.535628e-04	194603578.000000	0.000000e+00
1.464370e+01	3.536528e+00	2.535833e-04	194497056.000000	0.000000e+00
1.464570e+01	3.536232e+00	2.535698e-04	194485138.000000	0.000000e+00
1.464769e+01	3.535737e+00	2.536156e-04	194360506.000000	0.000000e+00
1.464969e+01	3.535168e+00	2.535971e-04	194326326.000000	0.000000e+00
1.465168e+01	3.534937e+00	2.536254e-04	194257594.000000	0.000000e+00
1.465368e+01	3.534540e+00	2.536429e-04	194187036.000000	0.000000e+00
1.465567e+01	3.534080e+00	2.536451e-04	194133196.000000	0.000000e+00
1.465767e+01	3.533732e+00	2.536650e-04	194064456.000000	0.000000e+00
1.465966e+01	3.533500e+00	2.536802e-04	194015776.000000	0.000000e+00
1.466166e+01	3.532918e+00	2.537181e-04	193893892.000000	0.000000e+00
1.466365e+01	3.532677e+00	2.537172e-04	193868856.000000	0.000000e+00
1.466564e+01	3.532140e+00	2.537122e-04	193817506.000000	0.000000e+00
1.466764e+01	3.531636e+00	2.537383e-04	193722360.000000	0.000000e+00
1.466963e+01	3.531620e+00	2.537817e-04	193654426.000000	0.000000e+00
1.467163e+01	3.530857e+00	2.537427e-04	193630146.000000	0.000000e+00
1.467362e+01	3.530980e+00	2.537987e-04	193558264.000000	0.000000e+00
1.467562e+01	3.530144e+00	2.537939e-04	193473886.000000	0.000000e+00
1.467761e+01	3.529594e+00	2.538259e-04	193364898.000000	0.000000e+00
1.467961e+01	3.529884e+00	2.538345e-04	193383568.000000	0.000000e+00
1.468160e+01	3.529103e+00	2.538859e-04	193219698.000000	0.000000e+00
1.468360e+01	3.528267e+00	2.538443e-04	193191496.000000	0.000000e+00
1.468559e+01	3.527708e+00	2.538264e-04	193157532.000000	0.000000e+00
1.468759e+01	3.527829e+00	2.539054e-04	193050550.000000	0.000000e+00
1.468958e+01	3.527668e+00	2.538829e-04	193067230.000000	0.000000e+00
1.469158e+01	3.527181e+00	2.539697e-04	192882036.000000	0.000000e+00
1.469357e+01	3.526608e+00	2.539173e-04	192898930.000000	0.000000e+00
1.469556e+01	3.526399e+00	2.539747e-04	192788886.000000	0.000000e+00
1.469756e+01	3.526357e+00	2.539938e-04	192755248.000000	0.000000e+00
1.469955e+01	3.526133e+00	2.540580e-04	192633466.000000	0.000000e+00
1.470155e+01	3.525383e+00	2.540080e-04	192627324.000000	0.000000e+00
1.470354e+01	3.524701e+00	2.539980e-04	192567970.000000	0.000000e+00
1.470554e+01	3.524462e+00	2.540679e-04	192435870.000000	0.000000e+00
1.470753e+01	3.524424e+00	2.540841e-04	192407104.000000	0.000000e+00
1.470953e+01	3.523943e+00	2.540704e-04	192375324.000000	0.000000e+00
1.471152e+01	3.523331e+00	2.540959e-04	192270022.000000	0.000000e+00
1.471352e+01	3.522888e+00	2.541239e-04	192179416.000000	0.000000e+00
1.471551e+01	3.522537e+00	2.541190e-04	192148440.000000	0.000000e+00
1.471751e+01	3.522349e+00	2.541394e-04	192097024.000000	0.000000e+00
1.471950e+01	3.522152e+00	2.541911e-04	191997432.000000	0.000000e+00
1.472150e+01	3.521643e+00	2.541928e-04	191939482.000000	0.000000e+00
1.472349e+01	3.520935e+00	2.541993e-04	191852502.000000	0.000000e+00
1.472548e+01	3.521418e+00	2.542484e-04	191831032.000000	0.000000e+00
1.472748e+01	3.520607e+00	2.542426e-04	191751262.000000	0.000000e+00
1.472947e+01	3.519845e+00	2.542598e-04	191642430.000000	0.000000e+00
1.473147e+01	3.520048e+00	2.542803e-04	191633638.000000	0.000000e+00
1.473346e+01	3.519419e+00	2.543133e-04	191515440.000000	0.000000e+00
1.473546e+01	3.518900e+00	2.543062e-04	191469670.000000	0.000000e+00
1.473745e+01	3.518468e+00	2.543172e-04	191406148.000000	0.000000e+00
1.473945e+01	3.518272e+00	2.543292e-04	191366736.000000	0.000000e+00
1.474144e+01	3.517743e+00	2.543813e-04	191230780.000000	0.000000e+00
1.474344e+01	3.517513e+00	2.543739e-04	191217000.000000	0.000000e+00
1.474543e+01	3.517386e+00	2.544231e-04	191129164.000000	0.000000e+00
1.474743e+01	3.516664e+00	2.543943e-04	191093928.000000	0.000000e+00
1.474942e+01	3.515982e+00	2.544200e-04	190981270.000000	0.000000e+00
1.475141e+01	3.516216e+00	2.544558e-04	190952902.000000	0.000000e+00
1.475341e+01	3.515867e+00	2.544813e-04	190876788.000000	0.000000e+00
1.475540e+01	3.515491e+00	2.545146e-04	190786030.000000	0.000000e+00
1.475740e+01	3.515025e+00	2.544913e-04	190770372.000000	0.000000e+00
1.475939e+01	3.514807e+00	2.545625e-04	190639960.000000	0.000000e+00
1.476139e+01	3.514056e+00	2.545240e-04	190616298.000000	0.000000e+00
1.476338e+01	3.514160e+00	2.546113e-04	190496842.000000	0.000000e+00
1.476538e+01	3.513484e+00	2.545431e-04	190525540.000000	0.000000e+00
1.476737e+01	3.513316e+00	2.546608e-04	190331238.000000	0.000000e+00
1.476937e+01	3.513458e+00	2.546683e-04	190335460.000000	0.000000e+00
1.477136e+01	3.512652e+00	2.546546e-04	190268652.000000	0.000000e+00
1.477336e+01	3.512137e+00	2.546684e-04	190192348.000000	0.000000e+00
1.477535e+01	3.512155e+00	2.547065e-04	190137336.000000	0.000000e+00
1.477734e+01	3.511666e+00	2.547090e-04	190080604.000000	0.000000e+00
1.477934e+01	3.511317e+00	2.547570e-04	189971206.000000	0.000000e+00
1.478133e+01	3.511064e+00	2.547612e-04	189937620.000000	0.000000e+00
1.478333e+01	3.510521e+00	2.547697e-04	189866218.000000	0.000000e+00
1.478532e+01	3.510204e+00	2.547923e-04	189798246.000000	0.000000e+00
1.478732e+01	3.509549e+00	2.547926e-04	189726904.000000	0.000000e+00
1.478931e+01	3.509221e+00	2.548293e-04	189636898.000000	0.000000e+00
1.479131e+01	3.509168e+00	2.548547e-04	189593358.000000	0.000000e+00
1.479330e+01	3.508432e+00	2.548351e-04	189542860.000000	0.000000e+00
1.479530e+01	3.508100e+00	2.548704e-04	189454650.000000	0.000000e+00
1.479729e+01	3.507747e+00	2.549104e-04	189357022.000000	0.000000e+00
1.479929e+01	3.507840e+00	2.549493e-04	189309246.000000	0.000000e+00
1.480128e+01	3.507515e+00	2.549514e-04	189271054.000000	0.000000e+00
1.480328e+01	3.507009e+00	2.549780e-04	189177040.000000	0.000000e+00
1.480527e+01	3.507102e+00	2.550204e-04	189124086.000000	0.000000e+00
1.480726e+01	3.506419e+00	2.550322e-04	189033022.000000	0.000000e+00
1.480926e+01	3.505799e+00	2.550132e-04	188994348.000000	0.000000e+00
1.481125e+01	3.505898e+00	2.550682e-04	188923474.000000	0.000000e+00
1.481325e+01	3.504833e+00	2.550630e-04	188816430.000000	0.000000e+00
1.481524e+01	3.504860e+00	2.550805e-04	188793472.000000	0.000000e+00
1.481724e+01	3.504442e+00	2.551177e-04	188693278.000000	0.000000e+00
1.481923e+01	3.504199e+00	2.551028e-04	188689200.000000	0.000000e+00
1.482123e+01	3.504057e+00	2.552103e-04	188514988.000000	0.000000e+00
1.482322e+01	3.503913e+00	2.551794e-04	188545224.000000	0.000000e+00
1.482522e+01	3.503280e+00	2.552323e-04	188398900.000000	0.000000e+00
1.482721e+01	3.502743e+00	2.551915e-04	188401332.000000	0.000000e+00
1.482921e+01	3.502326e+00	2.552344e-04	188293312.000000	0.000000e+00
1.483120e+01	3.502711e+00	2.553037e-04	188232370.000000	0.000000e+00
1.483320e+01	3.501925e+00	2.552892e-04	188169360.000000	0.000000e+00
1.483519e+01	3.502089e+00	2.553554e-04	188089372.000000	0.000000e+00
1.483718e+01	3.501516e+00	2.553510e-04	188034366.000000	0.000000e+00
1.483918e+01	3.500659e+00	2.553329e-04	187969006.000000	0.000000e+00
1.484117e+01	3.500923e+00	2.554167e-04	187873900.000000	0.000000e+00
1.484317e+01	3.500064e+00	2.553965e-04	187811394.000000	0.000000e+00
1.484516e+01	3.499997e+00	2.554332e-04	187750366.000000	0.000000e+00
1.484716e+01	3.499625e+00	2.554429e-04	187696212.000000	0.000000e+00
1.484915e+01	3.499158e+00	2.554737e-04	187600810.000000	0.000000e+00
1.485115e+01	3.499192e+00	2.555178e-04	187539690.000000	0.000000e+00
1.485314e+01	3.498968e+00	2.555339e-04	187492078.000000	0.000000e+00
1.485514e+01	3.498291e+00	2.555263e-04	187430662.000000	0.000000e+00
1.485713e+01	3.498146e+00	2.555832e-04	187331616.000000	0.000000e+00
1.485913e+01	3.497840e+00	2.556018e-04	187271758.000000	0.000000e+00
1.486112e+01	3.497002e+00	2.555883e-04	187201770.000000	0.000000e+00
1.486311e+01	3.497160e+00	2.556203e-04	187171768.000000	0.000000e+00
1.486511e+01	3.496866e+00	2.556905e-04	187037472.000000	0.000000e+00
1.486710e+01	3.496364e+00	2.556589e-04	187030054.000000	0.000000e+00
1.486910e+01	3.495871e+00	2.556922e-04	186928636.000000	0.000000e+00
1.487109e+01	3.495829e+00	2.557361e-04	186860040.000000	0.000000e+00
1.487309e+01	3.495306e+00	2.557404e-04	186797842.000000	0.000000e+00
1.487508e+01	3.494910e+00	2.557743e-04	186705906.000000	0.000000e+00
1.487708e+01	3.494917e+00	2.557932e-04	186679108.000000	0.000000e+00
1.487907e+01	3.494149e+00	2.558288e-04	186545110.000000	0.000000e+00
1.488107e+01	3.493803e+00	2.557718e-04	186591348.000000	0.000000e+00
1.488306e+01	3.494263e+00	2.559394e-04	186396196.000000	0.000000e+00
1.488506e+01	3.493899e+00	2.559333e-04	186366204.000000	0.000000e+00
1.488705e+01	3.493356e+00	2.559161e-04	186333280.000000	0.000000e+00
1.488904e+01	3.492809e+00	2.559578e-04	186214212.000000	0.000000e+00
1.489104e+01	3.491964e+00	2.558958e-04	186214420.000000	0.000000e+00
1.489303e+01	3.492570e+00	2.560209e-04	186096976.000000	0.000000e+00
1.489503e+01	3.491948e+00	2.560041e-04	186055164.000000	0.000000e+00
1.489702e+01	3.491703e+00	2.560399e-04	185977030.000000	0.000000e+00
1.489902e+01	3.491212e+00	2.560748e-04	185874042.000000	0.000000e+00
1.490101e+01	3.491201e+00	2.560847e-04	185858542.000000	0.000000e+00
1.490301e+01	3.490672e+00	2.560962e-04	185785488.000000	0.000000e+00
1.490500e+01	3.490753e+00	2.561718e-04	185684518.000000	0.000000e+00
1.490700e+01	3.490526e+00	2.562196e-04	185591086.000000	0.000000e+00
1.490899e+01	3.489839e+00	2.561806e-04	185574540.000000	0.000000e+00
1.491099e+01	3.489507e+00	2.562098e-04	185496880.000000	0.000000e+00
1.491298e+01	3.488718e+00	2.562145e-04	185406246.000000	0.000000e+00
1.491498e+01	3.488809e+00	2.562753e-04	185328004.000000	0.000000e+00
1.491697e+01	3.488560e+00	2.562638e-04	185318124.000000	0.000000e+00
1.491897e+01	3.488818e+00	2.563785e-04	185179702.000000	0.000000e+00
1.492096e+01	3.487955e+00	2.563121e-04	185184106.000000	0.000000e+00
1.492295e+01	3.487878e+00	2.564196e-04	185020644.000000	0.000000e+00
1.492495e+01	3.487417e+00	2.563874e-04	185018176.000000	0.000000e+00
1.492694e+01	3.486907e+00	2.563996e-04	184946466.000000	0.000000e+00
1.492894e+01	3.486613e+00	2.564552e-04	184835128.000000	0.000000e+00
1.493093e+01	3.486548e+00	2.564771e-04	184796638.000000	0.000000e+00
1.493293e+01	3.486256e+00	2.564889e-04	184748688.000000	0.000000e+00
1.493492e+01	3.485940e+00	2.565402e-04	184641310.000000	0.000000e+00
1.493692e+01	3.485881e+00	2.565809e-04	184576464.000000	0.000000e+00
1.493891e+01	3.485256e+00	2.565571e-04	184544608.000000	0.000000e+00
1.494091e+01	3.484730e+00	2.566109e-04	184411554.000000	0.000000e+00
1.494290e+01	3.484955e+00	2.566209e-04	184421020.000000	0.000000e+00
1.494490e+01	3.484282e+00	2.566600e-04	184293562.000000	0.000000e+00
1.494689e+01	3.484152e+00	2.566980e-04	184225296.000000	0.000000e+00
1.494888e+01	3.483396e+00	2.566518e-04	184211626.000000	0.000000e+00
1.495088e+01	3.483362e+00	2.567587e-04	184054752.000000	0.000000e+00
1.495287e+01	3.483323e+00	2.567886e-04	184007764.000000	0.000000e+00
1.495487e+01	3.482858e+00	2.567638e-04	183994098.000000	0.000000e+00
1.495686e+01	3.482925e+00	2.568330e-04	183901990.000000	0.000000e+00
1.495886e+01	3.482468e+00	2.568504e-04	183828988.000000	0.000000e+00
1.496085e+01	3.482002e+00	2.568970e-04	183712986.000000	0.000000e+00
1.496285e+01	3.481757e+00	2.568919e-04	183694456.000000	0.000000e+00
1.496484e+01	3.481867e+00	2.569556e-04	183615060.000000	0.000000e+00
1.496684e+01	3.481517e+00	2.569822e-04	183540052.000000	0.000000e+00
1.496883e+01	3.480890e+00	2.570023e-04	183445266.000000	0.000000e+00
1.497083e+01	3.479924e+00	2.569443e-04	183426250.000000	0.000000e+00
1.497282e+01	3.480359e+00	2.570275e-04	183353380.000000	0.000000e+00
1.497482e+01	3.480232e+00	2.570822e-04	183261966.000000	0.000000e+00
1.497681e+01	3.479882e+00	2.571228e-04	183167164.000000	0.000000e+00
1.497880e+01	3.479643e+00	2.571448e-04	183110808.000000	0.000000e+00
1.498080e+01	3.478944e+00	2.571096e-04	183087280.000000	0.000000e+00
1.498279e+01	3.479197e+00	2.572158e-04	182962876.000000	0.000000e+00
1.498479e+01	3.478380e+00	2.571830e-04	182923560.000000	0.000000e+00
1.498678e+01	3.478478e+00	2.572292e-04	182868076.000000	0.000000e+00
1.498878e+01	3.478445e+00	2.573288e-04	182723112.000000	0.000000e+00
1.499077e+01	3.477644e+00	2.572958e-04	182685850.000000	0.000000e+00
1.499277e+01	3.477584e+00	2.573221e-04	182642160.000000	0.000000e+00
1.499476e+01	3.477747e+00	2.573867e-04	182567602.000000	0.000000e+00
1.499676e+01	3.476849e+00	2.573712e-04	182495254.000000	0.000000e+00
1.499875e+01	3.476662e+00	2.574186e-04	182408520.000000	0.000000e+00
1.500075e+01	3.476611e+00	2.574320e-04	182384170.000000	0.000000e+00
1.500274e+01	3.476494e+00	2.574912e-04	182288070.000000	0.000000e+00
1.500473e+01	3.476426e+00	2.575652e-04	182176162.000000	0.000000e+00
1.500673e+01	3.475573e+00	2.575297e-04	182137092.000000	0.000000e+00
1.500872e+01	3.475893e+00	2.575982e-04	182073730.000000	0.000000e+00
1.501072e+01	3.475442e+00	2.575841e-04	182046310.000000	0.000000e+00
1.501271e+01	3.474483e+00	2.576261e-04	181886610.000000	0.000000e+00
1.501471e+01	3.474631e+00	2.576660e-04	181845748.000000	0.000000e+00
1.501670e+01	3.474510e+00	2.576747e-04	181820796.000000	0.000000e+00
1.501870e+01	3.474121e+00	2.577304e-04	181701508.000000	0.000000e+00
1.502069e+01	3.473875e+00	2.577615e-04	181631988.000000	0.000000e+00
1.502269e+01	3.473503e+00	2.577785e-04	181569064.000000	0.000000e+00
1.502468e+01	3.473659e+00	2.578186e-04	181528942.000000	0.000000e+00
1.502668e+01	3.473239e+00	2.578687e-04	181414548.000000	0.000000e+00
1.502867e+01	3.473090e+00	2.578971e-04	181359016.000000	0.000000e+00
1.503067e+01	3.472527e+00	2.578622e-04	181349256.000000	0.000000e+00
1.503266e+01	3.472207e+00	2.579462e-04	181197808.000000	0.000000e+00
1.503465e+01	3.471782e+00	2.579442e-04	181156210.000000	0.000000e+00
1.503665e+01	3.472126e+00	2.580297e-04	181072074.000000	0.000000e+00
1.503864e+01	3.471801e+00	2.580569e-04	181000030.000000	0.000000e+00
1.504064e+01	3.471680e+00	2.580755e-04	180961308.000000	0.000000e+00
1.504263e+01	3.470705e+00	2.580758e-04	180859258.000000	0.000000e+00
1.504463e+01	3.471114e+00	2.581503e-04	180797514.000000	0.000000e+00
1.504662e+01	3.470828e+00	2.581684e-04	180742378.000000	0.000000e+00
1.504862e+01	3.469759e+00	2.581697e-04	180629200.000000	0.000000e+00
1.505061e+01	3.470030e+00	2.582048e-04	180608370.000000	0.000000e+00
1.505261e+01	3.469330e+00	2.582241e-04	180508414.000000	0.000000e+00
1.505460e+01	3.469742e+00	2.582867e-04	180463860.000000	0.000000e+00
1.505660e+01	3.469299e+00	2.583323e-04	180354088.000000	0.000000e+00
1.505859e+01	3.468879e+00	2.583259e-04	180319326.000000	0.000000e+00
1.506058e+01	3.468744e+00	2.583956e-04	180208084.000000	0.000000e+00
1.506258e+01	3.468661e+00	2.584231e-04	180161032.000000	0.000000e+00
1.506457e+01	3.468277e+00	2.584378e-04	180100770.000000	0.000000e+00
1.506657e+01	3.468058e+00	2.584914e-04	180003268.000000	0.000000e+00
1.506856e+01	3.467063e+00	2.584567e-04	179948436.000000	0.000000e+00
1.507056e+01	3.467831e+00	2.585624e-04	179880826.000000	0.000000e+00
1.507255e+01	3.467286e+00	2.585768e-04	179804386.000000	0.000000e+00
1.507455e+01	3.466868e+00	2.585905e-04	179741940.000000	0.000000e+00
1.507654e+01	3.466477e+00	2.586243e-04	179654434.000000	0.000000e+00
1.507854e+01	3.466994e+00	2.587126e-04	179585370.000000	0.000000e+00
1.508053e+01	3.465955e+00	2.586694e-04	179537662.000000	0.000000e+00
1.508253e+01	3.466118e+00	2.587439e-04	179451216.000000	0.000000e+00
1.508452e+01	3.465549e+00	2.587353e-04	179404222.000000	0.000000e+00
1.508652e+01	3.465595e+00	2.588303e-04	179277250.000000	0.000000e+00
1.508851e+01	3.465582e+00	2.588498e-04	179248914.000000	0.000000e+00
1.509050e+01	3.465096e+00	2.588967e-04	179133742.000000	0.000000e+00
1.509250e+01	3.465175e+00	2.589244e-04	179103576.000000	0.000000e+00
1.509449e+01	3.465213e+00	2.589744e-04	179038414.000000	0.000000e+00
1.509649e+01	3.464337e+00	2.589925e-04	178922880.000000	0.000000e+00
1.509848e+01	3.464059e+00	2.589926e-04	178894048.000000	0.000000e+00
1.510048e+01	3.463412e+00	2.590489e-04	178749568.000000	0.000000e+00
1.510247e+01	3.463093e+00	2.589976e-04	178787442.000000	0.000000e+00
1.510447e+01	3.463204e+00	2.590944e-04	178665334.000000	0.000000e+00
1.510646e+01	3.463576e+00	2.591788e-04	178587324.000000	0.000000e+00
1.510846e+01	3.463130e+00	2.591890e-04	178527316.000000	0.000000e+00
1.511045e+01	3.462936e+00	2.592531e-04	178418976.000000	0.000000e+00
1.511245e+01	3.462515e+00	2.592346e-04	178401034.000000	0.000000e+00
1.511444e+01	3.462127e+00	2.592686e-04	178314244.000000	0.000000e+00
1.511644e+01	3.461914e+00	2.593052e-04	178242090.000000	0.000000e+00
1.511843e+01	3.462168e+00	2.593847e-04	178158880.000000	0.000000e+00
1.512042e+01	3.461828e+00	2.594171e-04	178079472.000000	0.000000e+00
1.512242e+01	3.460990e+00	2.593944e-04	178024408.000000	0.000000e+00
1.512441e+01	3.461453e+00	2.594929e-04	177936964.000000	0.000000e+00
1.512641e+01	3.460249e+00	2.594342e-04	177893496.000000	0.000000e+00
1.512840e+01	3.460398e+00	2.595169e-04	177795418.000000	0.000000e+00
1.513040e+01	3.460330e+00	2.595750e-04	177708894.000000	0.000000e+00
1.513239e+01	3.460622e+00	2.596487e-04	177638026.000000	0.000000e+00
1.513439e+01	3.460373e+00	2.596426e-04	177620940.000000	0.000000e+00
1.513638e+01	3.459777e+00	2.596912e-04	177493288.000000	0.000000e+00
1.513838e+01	3.459391e+00	2.596822e-04	177465922.000000	0.000000e+00
1.514037e+01	3.459288e+00	2.597420e-04	177373656.000000	0.000000e+00
1.514237e+01	3.458972e+00	2.597817e-04	177287116.000000	0.000000e+00
1.514436e+01	3.458894e+00	2.598335e-04	177208440.000000	0.000000e+00
1.514635e+01	3.458820e+00	2.598479e-04	177181180.000000	0.000000e+00
1.514835e+01	3.458311e+00	2.598764e-04	177090234.000000	0.000000e+00
1.515034e+01	3.458118e+00	2.599204e-04	177010492.000000	0.000000e+00
1.515234e+01	3.457976e+00	2.599644e-04	176935966.000000	0.000000e+00
1.515433e+01	3.457899e+00	2.600203e-04	176852010.000000	0.000000e+00
1.515633e+01	3.457628e+00	2.600224e-04	176821510.000000	0.000000e+00
1.515832e+01	3.457319e+00	2.600864e-04	176702826.000000	0.000000e+00
1.516032e+01	3.457261e+00	2.601005e-04	176677786.000000	0.000000e+00
1.516231e+01	3.457101e+00	2.601755e-04	176559624.000000	0.000000e+00
1.516431e+01	3.457040e+00	2.601918e-04	176531212.000000	0.000000e+00
1.516630e+01	3.456195e+00	2.602295e-04	176393788.000000	0.000000e+00
1.516830e+01	3.456630e+00	2.603103e-04	176328714.000000	0.000000e+00
1.517029e+01	3.455906e+00	2.602593e-04	176323912.000000	0.000000e+00
1.517229e+01	3.455761e+00	2.603264e-04	176218314.000000	0.000000e+00
1.517428e+01	3.455419e+00	2.603521e-04	176148580.000000	0.000000e+00
1.517627e+01	3.455373e+00	2.604169e-04	176056324.000000	0.000000e+00
1.517827e+01	3.455262e+00	2.604402e-04	176013480.000000	0.000000e+00
1.518026e+01	3.454939e+00	2.604749e-04	175933678.000000	0.000000e+00
1.518226e+01	3.454785e+00	2.605333e-04	175839192.000000	0.000000e+00
1.518425e+01	3.454414e+00	2.605488e-04	175780420.000000	0.000000e+00
1.518625e+01	3.454279e+00	2.605981e-04	175700154.000000	0.000000e+00
1.518824e+01	3.454506e+00	2.606503e-04	175652980.000000	0.000000e+00
1.519024e+01	3.454103e+00	2.606859e-04	175564000.000000	0.000000e+00
1.519223e+01	3.453733e+00	2.607350e-04	175460244.000000	0.000000e+00
1.519423e+01	3.453808e+00	2.607653e-04	175427218.000000	0.000000e+00
1.519622e+01	3.453223e+00	2.607643e-04	175369008.000000	0.000000e+00
1.519822e+01	3.453094e+00	2.608429e-04	175250296.000000	0.000000e+00
1.520021e+01	3.452832e+00	2.608516e-04	175212036.000000	0.000000e+00
1.520220e+01	3.452827e+00	2.609200e-04	175119622.000000	0.000000e+00
1.520420e+01	3.452407e+00	2.609461e-04	175042024.000000	0.000000e+00
1.520619e+01	3.452476e+00	2.610132e-04	174959118.000000	0.000000e+00
1.520819e+01	3.452179e+00	2.609956e-04	174952462.000000	0.000000e+00
1.521018e+01	3.452177e+00	2.610893e-04	174826728.000000	0.000000e+00
1.521218e+01	3.451765e+00	2.611019e-04	174768118.000000	0.000000e+00
1.521417e+01	3.451759e+00	2.611531e-04	174699000.000000	0.000000e+00
1.521617e+01	3.451592e+00	2.612333e-04	174574852.000000	0.000000e+00
1.521816e+01	3.451429e+00	2.612197e-04	174576568.000000	0.000000e+00
1.522016e+01	3.451334e+00	2.612968e-04	174463932.000000	0.000000e+00
1.522215e+01	3.450970e+00	2.613262e-04	174387898.000000	0.000000e+00
1.522415e+01	3.450844e+00	2.613566e-04	174334656.000000	0.000000e+00
1.522614e+01	3.450891e+00	2.614296e-04	174242104.000000	0.000000e+00
1.522814e+01	3.450360e+00	2.614188e-04	174202858.000000	0.000000e+00
1.523013e+01	3.450203e+00	2.614757e-04	174111240.000000	0.000000e+00
1.523212e+01	3.449892e+00	2.615437e-04	173989180.000000	0.000000e+00
1.523412e+01	3.449311e+00	2.614838e-04	174010350.000000	0.000000e+00
1.523611e+01	3.449113e+00	2.615856e-04	173855032.000000	0.000000e+00
1.523811e+01	3.449028e+00	2.616133e-04	173809632.000000	0.000000e+00
1.524010e+01	3.449506e+00	2.617052e-04	173735770.000000	0.000000e+00
1.524210e+01	3.449019e+00	2.617042e-04	173688016.000000	0.000000e+00
1.524409e+01	3.449279e+00	2.618058e-04	173579352.000000	0.000000e+00
1.524609e+01	3.448837e+00	2.618228e-04	173512288.000000	0.000000e+00
1.524808e+01	3.448169e+00	2.618134e-04	173457618.000000	0.000000e+00
1.525008e+01	3.448053e+00	2.618682e-04	173373412.000000	0.000000e+00
1.525207e+01	3.447960e+00	2.619327e-04	173278572.000000	0.000000e+00
1.525407e+01	3.447678e+00	2.619564e-04	173218948.000000	0.000000e+00
1.525606e+01	3.447653e+00	2.620003e-04	173158414.000000	0.000000e+00
1.525806e+01	3.447989e+00	2.620687e-04	173101656.000000	0.000000e+00
1.526005e+01	3.447269e+00	2.621125e-04	172971640.000000	0.000000e+00
1.526204e+01	3.447711e+00	2.621475e-04	172969860.000000	0.000000e+00
1.526404e+01	3.447264e+00	2.622065e-04	172847158.000000	0.000000e+00
1.526603e+01	3.446802e+00	2.622353e-04	172762780.000000	0.000000e+00
1.526803e+01	3.446597e+00	2.622419e-04	172733550.000000	0.000000e+00
1.527002e+01	3.446488e+00	2.623104e-04	172632484.000000	0.000000e+00
1.527202e+01	3.446628e+00	2.623525e-04	172591140.000000	0.000000e+00
1.527401e+01	3.445961e+00	2.624140e-04	172443466.000000	0.000000e+00
1.527601e+01	3.446002e+00	2.624185e-04	172441596.000000	0.000000e+00
1.527800e+01	3.445374e+00	2.624688e-04	172312828.000000	0.000000e+00
1.528000e+01	3.446082e+00	2.625216e-04	172314268.000000	0.000000e+00
1.528199e+01	3.445160e+00	2.625646e-04	172165530.000000	0.000000e+00
1.528399e+01	3.445612e+00	2.626490e-04	172100116.000000	0.000000e+00
1.528598e+01	3.445057e+00	2.626128e-04	172092144.000000	0.000000e+00
1.528797e+01	3.445431e+00	2.627605e-04	171936094.000000	0.000000e+00
1.528997e+01	3.445708e+00	2.628015e-04	171909984.000000	0.000000e+00
1.529196e+01	3.444782e+00	2.627923e-04	171829732.000000	0.000000e+00
1.529396e+01	3.444432e+00	2.628457e-04	171724972.000000	0.000000e+00
1.529595e+01	3.444171e+00	2.628439e-04	171701286.000000	0.000000e+00
1.529795e+01	3.443979e+00	2.629161e-04	171587872.000000	0.000000e+00
1.529994e+01	3.443484e+00	2.629075e-04	171549744.000000	0.000000e+00
1.530194e+01	3.444190e+00	2.630492e-04	171435334.000000	0.000000e+00
1.530393e+01	3.443682e+00	2.630243e-04	171417096.000000	0.000000e+00
1.530593e+01	3.443857e+00	2.631293e-04	171297820.000000	0.000000e+00
1.530792e+01	3.443329e+00	2.631421e-04	171228580.000000	0.000000e+00
1.530992e+01	3.443416e+00	2.632131e-04	171144918.000000	0.000000e+00
1.531191e+01	3.443134e+00	2.632246e-04	171102004.000000	0.000000e+00
1.531391e+01	3.442757e+00	2.632864e-04	170984196.000000	0.000000e+00
1.531590e+01	3.442742e+00	2.633117e-04	170949742.000000	0.000000e+00
1.531789e+01	3.442681e+00	2.633789e-04	170856592.000000	0.000000e+00
1.531989e+01	3.442522e+00	2.634140e-04	170795298.000000	0.000000e+00
1.532188e+01	3.442015e+00	2.634301e-04	170724088.000000	0.000000e+00
1.532388e+01	3.442392e+00	2.635396e-04	170619624.000000	0.000000e+00
1.532587e+01	3.442215e+00	2.635627e-04	170572084.000000	0.000000e+00
1.532787e+01	3.441721e+00	2.635754e-04	170506734.000000	0.000000e+00
1.532986e+01	3.441056e+00	2.636162e-04	170388148.000000	0.000000e+00
1.533186e+01	3.441752e+00	2.637112e-04	170334292.000000	0.000000e+00
1.533385e+01	3.441307e+00	2.637006e-04	170303952.000000	0.000000e+00
1.533585e+01	3.440797e+00	2.637539e-04	170184640.000000	0.000000e+00
1.533784e+01	3.441134e+00	2.638481e-04	170096442.000000	0.000000e+00
1.533984e+01	3.440723e+00	2.638481e-04	170055868.000000	0.000000e+00
1.534183e+01	3.440814e+00	2.639169e-04	169976160.000000	0.000000e+00
1.534383e+01	3.440956e+00	2.639729e-04	169918072.000000	0.000000e+00
1.534582e+01	3.440308e+00	2.640369e-04	169771750.000000	0.000000e+00
1.534781e+01	3.440205e+00	2.640273e-04	169773864.000000	0.000000e+00
1.534981e+01	3.439899e+00	2.640927e-04	169659706.000000	0.000000e+00
1.535180e+01	3.440083e+00	2.641269e-04	169633950.000000	0.000000e+00
1.535380e+01	3.440058e+00	2.642481e-04	169475884.000000	0.000000e+00
1.535579e+01	3.440251e+00	2.642732e-04	169462644.000000	0.000000e+00
1.535779e+01	3.439627e+00	2.642975e-04	169370116.000000	0.000000e+00
1.535978e+01	3.439687e+00	2.643400e-04	169321450.000000	0.000000e+00
1.536178e+01	3.439375e+00	2.644329e-04	169171812.000000	0.000000e+00
1.536377e+01	3.439437e+00	2.644410e-04	169167508.000000	0.000000e+00
1.536577e+01	3.439045e+00	2.644656e-04	169097520.000000	0.000000e+00
1.536776e+01	3.439113e+00	2.645389e-04	169010638.000000	0.000000e+00
1.536976e+01	3.438756e+00	2.646088e-04	168886222.000000	0.000000e+00
1.537175e+01	3.438662e+00	2.646203e-04	168862218.000000	0.000000e+00
1.537374e+01	3.438798e+00	2.646953e-04	168779926.000000	0.000000e+00
1.537574e+01	3.438429e+00	2.647441e-04	168681528.000000	0.000000e+00
1.537773e+01	3.438181e+00	2.647507e-04	168648742.000000	0.000000e+00
1.537973e+01	3.437856e+00	2.648097e-04	168541860.000000	0.000000e+00
1.538172e+01	3.438305e+00	2.649020e-04	168468352.000000	0.000000e+00
1.538372e+01	3.437499e+00	2.649013e-04	168390250.000000	0.000000e+00
1.538571e+01	3.437899e+00	2.649985e-04	168305916.000000	0.000000e+00
1.538771e+01	3.437704e+00	2.649911e-04	168296248.000000	0.000000e+00
1.538970e+01	3.437790e+00	2.651326e-04	168125082.000000	0.000000e+00
1.539170e+01	3.436925e+00	2.650791e-04	168108280.000000	0.000000e+00
1.539369e+01	3.437273e+00	2.651645e-04	168034056.000000	0.000000e+00
1.539569e+01	3.437292e+00	2.652504e-04	167927080.000000	0.000000e+00
1.539768e+01	3.436866e+00	2.652462e-04	167890792.000000	0.000000e+00
1.539967e+01	3.437265e+00	2.653602e-04	167785518.000000	0.000000e+00
1.540167e+01	3.436782e+00	2.653683e-04	167728108.000000	0.000000e+00
1.540366e+01	3.437678e+00	2.654934e-04	167657520.000000	0.000000e+00
1.540566e+01	3.436771e+00	2.654851e-04	167579572.000000	0.000000e+00
1.540765e+01	3.436350e+00	2.655368e-04	167473158.000000	0.000000e+00
1.540965e+01	3.436554e+00	2.655850e-04	167432332.000000	0.000000e+00
1.541164e+01	3.436424e+00	2.656408e-04	167349244.000000	0.000000e+00
1.541364e+01	3.436303e+00	2.657018e-04	167260608.000000	0.000000e+00
1.541563e+01	3.436129e+00	2.657406e-04	167194912.000000	0.000000e+00
1.541763e+01	3.435814e+00	2.657902e-04	167101896.000000	0.000000e+00
1.541962e+01	3.435892e+00	2.658317e-04	167057266.000000	0.000000e+00
1.542162e+01	3.435937e+00	2.659177e-04	166953592.000000	0.000000e+00
1.542361e+01	3.435770e+00	2.659550e-04	166890612.000000	0.000000e+00
1.542561e+01	3.435339e+00	2.659818e-04	166815058.000000	0.000000e+00
1.542760e+01	3.435520e+00	2.660525e-04	166743948.000000	0.000000e+00
1.542959e+01	3.435695e+00	2.661186e-04	166678192.000000	0.000000e+00
1.543159e+01	3.435291e+00	2.661566e-04	166591350.000000	0.000000e+00
1.543358e+01	3.435023e+00	2.661962e-04	166515814.000000	0.000000e+00
1.543558e+01	3.435302e+00	2.662744e-04	166445134.000000	0.000000e+00
1.543757e+01	3.434691e+00	2.663069e-04	166345338.000000	0.000000e+00
1.543957e+01	3.434870e+00	2.663616e-04	166294300.000000	0.000000e+00
1.544156e+01	3.434789e+00	2.664053e-04	166231938.000000	0.000000e+00
1.544356e+01	3.434197e+00	2.664675e-04	166097062.000000	0.000000e+00
1.544555e+01	3.434207e+00	2.664988e-04	166058910.000000	0.000000e+00
1.544755e+01	3.433936e+00	2.665506e-04	165968242.000000	0.000000e+00
1.544954e+01	3.434566e+00	2.666285e-04	165932176.000000	0.000000e+00
1.545154e+01	3.434185e+00	2.666749e-04	165837570.000000	0.000000e+00
1.545353e+01	3.433766e+00	2.667330e-04	165725038.000000	0.000000e+00
1.545553e+01	3.433992e+00	2.667692e-04	165701718.000000	0.000000e+00
1.545752e+01	3.433897e+00	2.668514e-04	165590512.000000	0.000000e+00
1.545951e+01	3.433247e+00	2.668508e-04	165528646.000000	0.000000e+00
1.546151e+01	3.433250e+00	2.669088e-04	165456966.000000	0.000000e+00
1.546350e+01	3.433149e+00	2.669706e-04	165370654.000000	0.000000e+00
1.546550e+01	3.433592e+00	2.670480e-04	165317478.000000	0.000000e+00
1.546749e+01	3.432911e+00	2.670922e-04	165197248.000000	0.000000e+00
1.546949e+01	3.433037e+00	2.671165e-04	165179226.000000	0.000000e+00
1.547148e+01	3.433145e+00	2.672194e-04	165062404.000000	0.000000e+00
1.547348e+01	3.433561e+00	2.673235e-04	164973940.000000	0.000000e+00
1.547547e+01	3.433163e+00	2.673451e-04	164909046.000000	0.000000e+00
1.547747e+01	3.432922e+00	2.673495e-04	164880424.000000	0.000000e+00
1.547946e+01	3.432879e+00	2.674462e-04	164757102.000000	0.000000e+00
1.548146e+01	3.432530e+00	2.674769e-04	164685814.000000	0.000000e+00
1.548345e+01	3.432540e+00	2.675288e-04	164622798.000000	0.000000e+00
1.548544e+01	3.432365e+00	2.676071e-04	164509798.000000	0.000000e+00
1.548744e+01	3.432377e+00	2.676344e-04	164477356.000000	0.000000e+00
1.548943e+01	3.431922e+00	2.676907e-04	164364606.000000	0.000000e+00
1.549143e+01	3.432677e+00	2.677911e-04	164313682.000000	0.000000e+00
1.549342e+01	3.431963e+00	2.677955e-04	164239962.000000	0.000000e+00
1.549542e+01	3.431832e+00	2.678613e-04	164146600.000000	0.000000e+00
1.549741e+01	3.431995e+00	2.679358e-04	164070990.000000	0.000000e+00
1.549941e+01	3.432126e+00	2.680070e-04	163996390.000000	0.000000e+00
1.550140e+01	3.432223e+00	2.680523e-04	163950190.000000	0.000000e+00
1.550340e+01	3.431659e+00	2.680939e-04	163845438.000000	0.000000e+00
1.550539e+01	3.431643e+00	2.681705e-04	163750348.000000	0.000000e+00
1.550739e+01	3.431419e+00	2.681865e-04	163709418.000000	0.000000e+00
1.550938e+01	3.431794e+00	2.682972e-04	163610170.000000	0.000000e+00
1.551138e+01	3.431976e+00	2.683690e-04	163539838.000000	0.000000e+00
1.551337e+01	3.431479e+00	2.683869e-04	163470726.000000	0.000000e+00
1.551536e+01	3.430888e+00	2.684019e-04	163396216.000000	0.000000e+00
1.551736e+01	3.431050e+00	2.684687e-04	163330338.000000	0.000000e+00
1.551935e+01	3.431629e+00	2.686251e-04	163195312.000000	0.000000e+00
1.552135e+01	3.430969e+00	2.686045e-04	163157424.000000	0.000000e+00
1.552334e+01	3.430518e+00	2.686400e-04	163071478.000000	0.000000e+00
1.552534e+01	3.430957e+00	2.687336e-04	162999568.000000	0.000000e+00
1.552733e+01	3.431095e+00	2.687640e-04	162975822.000000	0.000000e+00
1.552933e+01	3.431101e+00	2.688867e-04	162827722.000000	0.000000e+00
1.553132e+01	3.430969e+00	2.689461e-04	162743262.000000	0.000000e+00
1.553332e+01	3.431134e+00	2.689761e-04	162722698.000000	0.000000e+00
1.553531e+01	3.430237e+00	2.690030e-04	162604944.000000	0.000000e+00
1.553731e+01	3.430743e+00	2.690745e-04	162566590.000000	0.000000e+00
1.553930e+01	3.430591e+00	2.691605e-04	162448294.000000	0.000000e+00
1.554129e+01	3.430623e+00	2.692022e-04	162401130.000000	0.000000e+00
1.554329e+01	3.429929e+00	2.692276e-04	162304714.000000	0.000000e+00
1.554528e+01	3.430223e+00	2.692782e-04	162271524.000000	0.000000e+00
1.554728e+01	3.429945e+00	2.693806e-04	162121894.000000	0.000000e+00
1.554927e+01	3.430023e+00	2.694155e-04	162087186.000000	0.000000e+00
1.555127e+01	3.430208e+00	2.694971e-04	162006622.000000	0.000000e+00
1.555326e+01	3.430649e+00	2.696149e-04	161906722.000000	0.000000e+00
1.555526e+01	3.430001e+00	2.696000e-04	161863356.000000	0.000000e+00
1.555725e+01	3.430236e+00	2.697086e-04	161755198.000000	0.000000e+00
1.555925e+01	3.429674e+00	2.696912e-04	161723106.000000	0.000000e+00
1.556124e+01	3.429648e+00	2.697899e-04	161602414.000000	0.000000e+00
1.556324e+01	3.430275e+00	2.698934e-04	161537494.000000	0.000000e+00
1.556523e+01	3.429654e+00	2.698966e-04	161475216.000000	0.000000e+00
1.556723e+01	3.429883e+00	2.700031e-04	161369326.000000	0.000000e+00
1.556922e+01	3.429487e+00	2.700289e-04	161301336.000000	0.000000e+00
1.557121e+01	3.429500e+00	2.700789e-04	161242732.000000	0.000000e+00
1.557321e+01	3.428990e+00	2.701161e-04	161150400.000000	0.000000e+00
1.557520e+01	3.429462e+00	2.702069e-04	161086510.000000	0.000000e+00
1.557720e+01	3.429086e+00	2.702833e-04	160960150.000000	0.000000e+00
1.557919e+01	3.429206e+00	2.703172e-04	160931082.000000	0.000000e+00
1.558119e+01	3.429514e+00	2.703873e-04	160876438.000000	0.000000e+00
1.558318e+01	3.429825e+00	2.705372e-04	160727430.000000	0.000000e+00
1.558518e+01	3.429622e+00	2.705357e-04	160710112.000000	0.000000e+00
1.558717e+01	3.429879e+00	2.706567e-04	160590498.000000	0.000000e+00
1.558917e+01	3.428850e+00	2.706161e-04	160542424.000000	0.000000e+00
1.559116e+01	3.429229e+00	2.707175e-04	160457596.000000	0.000000e+00
1.559316e+01	3.429208e+00	2.708108e-04	160345056.000000	0.000000e+00
1.559515e+01	3.429069e+00	2.708189e-04	160322536.000000	0.000000e+00
1.559715e+01	3.428648e+00	2.708729e-04	160219224.000000	0.000000e+00
1.559914e+01	3.428850e+00	2.709309e-04	160169536.000000	0.000000e+00
1.560113e+01	3.428538e+00	2.710328e-04	160020028.000000	0.000000e+00
1.560313e+01	3.429219e+00	2.711162e-04	159985038.000000	0.000000e+00
1.560512e+01	3.429124e+00	2.711404e-04	159947656.000000	0.000000e+00
1.560712e+01	3.428677e+00	2.712153e-04	159817620.000000	0.000000e+00
1.560911e+01	3.428668e+00	2.712808e-04	159739612.000000	0.000000e+00
1.561111e+01	3.428836e+00	2.713524e-04	159671022.000000	0.000000e+00
1.561310e+01	3.428690e+00	2.713759e-04	159629692.000000	0.000000e+00
1.561510e+01	3.428483e+00	2.714696e-04	159500320.000000	0.000000e+00
1.561709e+01	3.428722e+00	2.715653e-04	159410112.000000	0.000000e+00
1.561909e+01	3.428625e+00	2.715517e-04	159417076.000000	0.000000e+00
1.562108e+01	3.428664e+00	2.717011e-04	159245436.000000	0.000000e+00
1.562308e+01	3.428286e+00	2.716691e-04	159247858.000000	0.000000e+00
1.562507e+01	3.428615e+00	2.718128e-04	159110040.000000	0.000000e+00
1.562706e+01	3.427934e+00	2.717899e-04	159073690.000000	0.000000e+00
1.562906e+01	3.428648e+00	2.719512e-04	158951218.000000	0.000000e+00
1.563105e+01	3.428509e+00	2.719998e-04	158881506.000000	0.000000e+00
1.563305e+01	3.428636e+00	2.720557e-04	158827966.000000	0.000000e+00
1.563504e+01	3.428147e+00	2.721213e-04	158706186.000000	0.000000e+00
1.563704e+01	3.428655e+00	2.721523e-04	158717092.000000	0.000000e+00
1.563903e+01	3.428216e+00	2.722589e-04	158552172.000000	0.000000e+00
1.564103e+01	3.428471e+00	2.723226e-04	158501494.000000	0.000000e+00
1.564302e+01	3.428944e+00	2.724036e-04	158451052.000000	0.000000e+00
1.564502e+01	3.428143e+00	2.724437e-04	158330424.000000	0.000000e+00
1.564701e+01	3.428388e+00	2.725267e-04	158256610.000000	0.000000e+00
1.564901e+01	3.428006e+00	2.725387e-04	158207418.000000	0.000000e+00
1.565100e+01	3.427949e+00	2.726188e-04	158109196.000000	0.000000e+00
1.565300e+01	3.428134e+00	2.726991e-04	158033164.000000	0.000000e+00
1.565499e+01	3.427598e+00	2.727466e-04	157928664.000000	0.000000e+00
1.565698e+01	3.428577e+00	2.728601e-04	157887502.000000	0.000000e+00
1.565898e+01	3.428501e+00	2.729241e-04	157806450.000000	0.000000e+00
1.566097e+01	3.428437e+00	2.729982e-04	157714864.000000	0.000000e+00
1.566297e+01	3.428245e+00	2.730272e-04	157663836.000000	0.000000e+00
1.566496e+01	3.428519e+00	2.731536e-04	157543054.000000	0.000000e+00
1.566696e+01	3.428481e+00	2.731852e-04	157503136.000000	0.000000e+00
1.566895e+01	3.428021e+00	2.732629e-04	157371354.000000	0.000000e+00
1.567095e+01	3.428297e+00	2.733147e-04	157337038.000000	0.000000e+00
1.567294e+01	3.427529e+00	2.733226e-04	157257516.000000	0.000000e+00
1.567494e+01	3.427633e+00	2.734050e-04	157172266.000000	0.000000e+00
1.567693e+01	3.428228e+00	2.735311e-04	157081920.000000	0.000000e+00
1.567893e+01	3.427710e+00	2.735563e-04	157005484.000000	0.000000e+00
1.568092e+01	3.428251e+00	2.736687e-04	156926044.000000	0.000000e+00
1.568291e+01	3.428140e+00	2.737086e-04	156870132.000000	0.000000e+00
1.568491e+01	3.428242e+00	2.738011e-04	156773434.000000	0.000000e+00
1.568690e+01	3.428542e+00	2.738957e-04	156692640.000000	0.000000e+00
1.568890e+01	3.427425e+00	2.738660e-04	156624418.000000	0.000000e+00
1.569089e+01	3.428053e+00	2.740014e-04	156527034.000000	0.000000e+00
1.569289e+01	3.427981e+00	2.740461e-04	156469444.000000	0.000000e+00
1.569488e+01	3.428428e+00	2.741397e-04	156403390.000000	0.000000e+00
1.569688e+01	3.428054e+00	2.742405e-04	156254340.000000	0.000000e+00
1.569887e+01	3.428101e+00	2.742765e-04	156217624.000000	0.000000e+00
1.570087e+01	3.427879e+00	2.743172e-04	156151002.000000	0.000000e+00
1.570286e+01	3.428175e+00	2.744131e-04	156068836.000000	0.000000e+00
1.570486e+01	3.428531e+00	2.745025e-04	155999602.000000	0.000000e+00
1.570685e+01	3.427361e+00	2.744997e-04	155896368.000000	0.000000e+00
1.570885e+01	3.428183e+00	2.746103e-04	155845528.000000	0.000000e+00
1.571084e+01	3.428635e+00	2.747568e-04	155720466.000000	0.000000e+00
1.571283e+01	3.428128e+00	2.747682e-04	155661562.000000	0.000000e+00
1.571483e+01	3.428602e+00	2.748466e-04	155615760.000000	0.000000e+00
1.571682e+01	3.428155e+00	2.749126e-04	155500390.000000	0.000000e+00
1.571882e+01	3.428213e+00	2.749770e-04	155432776.000000	0.000000e+00
1.572081e+01	3.427658e+00	2.750103e-04	155344848.000000	0.000000e+00
1.572281e+01	3.428086e+00	2.751195e-04	155260324.000000	0.000000e+00
1.572480e+01	3.428193e+00	2.751826e-04	155198844.000000	0.000000e+00
1.572680e+01	3.428278e+00	2.752722e-04	155105572.000000	0.000000e+00
1.572879e+01	3.428752e+00	2.753625e-04	155046768.000000	0.000000e+00
1.573079e+01	3.428127e+00	2.754157e-04	154930246.000000	0.000000e+00
1.573278e+01	3.428275e+00	2.754646e-04	154888696.000000	0.000000e+00
1.573478e+01	3.428331e+00	2.755635e-04	154782576.000000	0.000000e+00
1.573677e+01	3.428040e+00	2.756012e-04	154713982.000000	0.000000e+00
1.573876e+01	3.427768e+00	2.756452e-04	154640082.000000	0.000000e+00
1.574076e+01	3.428397e+00	2.757716e-04	154555054.000000	0.000000e+00
1.574275e+01	3.427993e+00	2.757944e-04	154493130.000000	0.000000e+00
1.574475e+01	3.428863e+00	2.759708e-04	154373878.000000	0.000000e+00
1.574674e+01	3.428188e+00	2.759601e-04	154325092.000000	0.000000e+00
1.574874e+01	3.428385e+00	2.760464e-04	154246374.000000	0.000000e+00
1.575073e+01	3.428800e+00	2.761837e-04	154130314.000000	0.000000e+00
1.575273e+01	3.428739e+00	2.761875e-04	154120650.000000	0.000000e+00
1.575472e+01	3.428345e+00	2.762820e-04	153979810.000000	0.000000e+00
1.575672e+01	3.428518e+00	2.763570e-04	153911764.000000	0.000000e+00
1.575871e+01	3.428656e+00	2.764102e-04	153864930.000000	0.000000e+00
1.576071e+01	3.428809e+00	2.765240e-04	153751990.000000	0.000000e+00
1.576270e+01	3.428893e+00	2.765939e-04	153681936.000000	0.000000e+00
1.576470e+01	3.428913e+00	2.766898e-04	153577144.000000	0.000000e+00
1.576669e+01	3.428632e+00	2.766937e-04	153547710.000000	0.000000e+00
1.576868e+01	3.428495e+00	2.767938e-04	153424312.000000	0.000000e+00
1.577068e+01	3.428162e+00	2.768283e-04	153356356.000000	0.000000e+00
1.577267e+01	3.428845e+00	2.769522e-04	153280212.000000	0.000000e+00
1.577467e+01	3.428955e+00	2.770578e-04	153173140.000000	0.000000e+00
1.577666e+01	3.429316e+00	2.771125e-04	153144990.000000	0.000000e+00
1.577866e+01	3.429286e+00	2.772151e-04	153028912.000000	0.000000e+00
1.578065e+01	3.428953e+00	2.772289e-04	152984016.000000	0.000000e+00
1.578265e+01	3.429306e+00	2.773543e-04	152877226.000000	0.000000e+00
1.578464e+01	3.429204e+00	2.774440e-04	152769208.000000	0.000000e+00
1.578664e+01	3.429476e+00	2.774919e-04	152740830.000000	0.000000e+00
1.578863e+01	3.428954e+00	2.775392e-04	152642236.000000	0.000000e+00
1.579063e+01	3.429141e+00	2.776231e-04	152566620.000000	0.000000e+00
1.579262e+01	3.428934e+00	2.776888e-04	152475970.000000	0.000000e+00
1.579462e+01	3.429229e+00	2.778119e-04	152367178.000000	0.000000e+00
1.579661e+01	3.429587e+00	2.778566e-04	152349984.000000	0.000000e+00
1.579860e+01	3.429054e+00	2.779018e-04	152253034.000000	0.000000e+00
1.580060e+01	3.429382e+00	2.780578e-04	152111412.000000	0.000000e+00
1.580259e+01	3.429270e+00	2.780768e-04	152080564.000000	0.000000e+00
1.580459e+01	3.429255e+00	2.781290e-04	152022216.000000	0.000000e+00
1.580658e+01	3.429417e+00	2.782404e-04	151914880.000000	0.000000e+00
1.580858e+01	3.429611e+00	2.783475e-04	151815052.000000	0.000000e+00
1.581057e+01	3.429648e+00	2.783987e-04	151762536.000000	0.000000e+00
1.581257e+01	3.429429e+00	2.784611e-04	151675270.000000	0.000000e+00
1.581456e+01	3.430055e+00	2.786120e-04	151566276.000000	0.000000e+00
1.581656e+01	3.429955e+00	2.786289e-04	151539004.000000	0.000000e+00
1.581855e+01	3.429581e+00	2.787038e-04	151424574.000000	0.000000e+00
1.582055e+01	3.429982e+00	2.787998e-04	151355698.000000	0.000000e+00
1.582254e+01	3.429794e+00	2.788464e-04	151288534.000000	0.000000e+00
1.582454e+01	3.429584e+00	2.788947e-04	151217538.000000	0.000000e+00
1.582653e+01	3.430009e+00	2.790475e-04	151089526.000000	0.000000e+00
1.582852e+01	3.430441e+00	2.791595e-04	151006242.000000	0.000000e+00
1.583052e+01	3.430193e+00	2.791663e-04	150977116.000000	0.000000e+00
1.583251e+01	3.430155e+00	2.792906e-04	150839466.000000	0.000000e+00
1.583451e+01	3.430366e+00	2.793393e-04	150805318.000000	0.000000e+00
1.583650e+01	3.430557e+00	2.794467e-04	150706270.000000	0.000000e+00
1.583850e+01	3.430596e+00	2.795218e-04	150628728.000000	0.000000e+00
1.584049e+01	3.430363e+00	2.796051e-04	150518512.000000	0.000000e+00
1.584249e+01	3.430592e+00	2.796733e-04	150465192.000000	0.000000e+00
1.584448e+01	3.430913e+00	2.797422e-04	150419284.000000	0.000000e+00
1.584648e+01	3.430397e+00	2.798268e-04	150283060.000000	0.000000e+00
1.584847e+01	3.431108e+00	2.799293e-04	150235314.000000	0.000000e+00
1.585047e+01	3.430608e+00	2.799654e-04	150152782.000000	0.000000e+00
1.585246e+01	3.430835e+00	2.800971e-04	150031476.000000	0.000000e+00
1.585445e+01	3.430514e+00	2.801059e-04	149994034.000000	0.000000e+00
1.585645e+01	3.430473e+00	2.801896e-04	149900886.000000	0.000000e+00
1.585844e+01	3.431097e+00	2.803183e-04	149817700.000000	0.000000e+00
1.586044e+01	3.431135e+00	2.804154e-04	149717218.000000	0.000000e+00
1.586243e+01	3.431036e+00	2.804645e-04	149656248.000000	0.000000e+00
1.586443e+01	3.431827e+00	2.805698e-04	149612896.000000	0.000000e+00
1.586642e+01	3.431430e+00	2.807021e-04	149437230.000000	0.000000e+00
1.586842e+01	3.431553e+00	2.807362e-04	149411770.000000	0.000000e+00
1.587041e+01	3.431702e+00	2.808109e-04	149345172.000000	0.000000e+00
1.587241e+01	3.431619e+00	2.808852e-04	149258890.000000	0.000000e+00
1.587440e+01	3.432080e+00	2.809938e-04	149183740.000000	0.000000e+00
1.587640e+01	3.431954e+00	2.811026e-04	149057232.000000	0.000000e+00
1.587839e+01	3.431419e+00	2.811111e-04	149001838.000000	0.000000e+00
1.588038e+01	3.432023e+00	2.812188e-04	148940142.000000	0.000000e+00
1.588238e+01	3.432398e+00	2.813318e-04	148853008.000000	0.000000e+00
1.588437e+01	3.432078e+00	2.814007e-04	148752330.000000	0.000000e+00
1.588637e+01	3.431899e+00	2.814461e-04	148688914.000000	0.000000e+00
1.588836e+01	3.432119e+00	2.815493e-04	148598914.000000	0.000000e+00
1.589036e+01	3.432483e+00	2.816722e-04	148500786.000000	0.000000e+00
1.589235e+01	3.432129e+00	2.816808e-04	148461124.000000	0.000000e+00
1.589435e+01	3.432490e+00	2.818490e-04	148315224.000000	0.000000e+00
1.589634e+01	3.432548e+00	2.818876e-04	148279552.000000	0.000000e+00
1.589834e+01	3.432233e+00	2.819236e-04	148214476.000000	0.000000e+00
1.590033e+01	3.433207e+00	2.821207e-04	148091544.000000	0.000000e+00
1.590233e+01	3.432997e+00	2.821451e-04	148047778.000000	0.000000e+00
1.590432e+01	3.432994e+00	2.822770e-04	147909120.000000	0.000000e+00
1.590632e+01	3.432869e+00	2.822746e-04	147900922.000000	0.000000e+00
1.590831e+01	3.433088e+00	2.824166e-04	147771114.000000	0.000000e+00
1.591030e+01	3.433373e+00	2.825080e-04	147699988.000000	0.000000e+00
1.591230e+01	3.433091e+00	2.825518e-04	147629908.000000	0.000000e+00
1.591429e+01	3.433107e+00	2.826662e-04	147511914.000000	0.000000e+00
1.591629e+01	3.433598e+00	2.827436e-04	147473290.000000	0.000000e+00
1.591828e+01	3.433258e+00	2.828235e-04	147360852.000000	0.000000e+00
1.592028e+01	3.433676e+00	2.829222e-04	147293848.000000	0.000000e+00
1.592227e+01	3.434332e+00	2.830398e-04	147227676.000000	0.000000e+00
1.592427e+01	3.434174e+00	2.831420e-04	147107824.000000	0.000000e+00
1.592626e+01	3.433576e+00	2.831038e-04	147096406.000000	0.000000e+00
1.592826e+01	3.434161e+00	2.833285e-04	146913156.000000	0.000000e+00
1.593025e+01	3.434178e+00	2.833677e-04	146873980.000000	0.000000e+00
1.593225e+01	3.434843e+00	2.834664e-04	146828574.000000	0.000000e+00
1.593424e+01	3.434175e+00	2.835238e-04	146712028.000000	0.000000e+00
1.593623e+01	3.434620e+00	2.836635e-04	146605614.000000	0.000000e+00
1.593823e+01	3.434349e+00	2.836803e-04	146565094.000000	0.000000e+00
1.594022e+01	3.434626e+00	2.837750e-04	146490922.000000	0.000000e+00
1.594222e+01	3.435167e+00	2.839276e-04	146379582.000000	0.000000e+00
1.594421e+01	3.434799e+00	2.839558e-04	146319190.000000	0.000000e+00
1.594621e+01	3.435253e+00	2.840864e-04	146223360.000000	0.000000e+00
1.594820e+01	3.435287e+00	2.841639e-04	146146456.000000	0.000000e+00
1.595020e+01	3.435422e+00	2.842718e-04	146047012.000000	0.000000e+00
1.595219e+01	3.435455e+00	2.843213e-04	145999014.000000	0.000000e+00
1.595419e+01	3.435409e+00	2.844097e-04	145904302.000000	0.000000e+00
1.595618e+01	3.435787e+00	2.845441e-04	145798590.000000	0.000000e+00
1.595818e+01	3.435216e+00	2.845777e-04	145715752.000000	0.000000e+00
1.596017e+01	3.436001e+00	2.846695e-04	145688358.000000	0.000000e+00
1.596217e+01	3.435609e+00	2.847759e-04	145546186.000000	0.000000e+00
1.596416e+01	3.436115e+00	2.848599e-04	145503274.000000	0.000000e+00
1.596615e+01	3.435986e+00	2.849599e-04	145390290.000000	0.000000e+00
1.596815e+01	3.435963e+00	2.850268e-04	145320052.000000	0.000000e+00
1.597014e+01	3.435867e+00	2.850759e-04	145261896.000000	0.000000e+00
1.597214e+01	3.436686e+00	2.853007e-04	145102276.000000	0.000000e+00
1.597413e+01	3.436958e+00	2.853098e-04	145115856.000000	0.000000e+00
1.597613e+01	3.436373e+00	2.853977e-04	144977164.000000	0.000000e+00
1.597812e+01	3.437006e+00	2.855081e-04	144918472.000000	0.000000e+00
1.598012e+01	3.437011e+00	2.856225e-04	144802788.000000	0.000000e+00
1.598211e+01	3.437421e+00	2.857285e-04	144729928.000000	0.000000e+00
1.598411e+01	3.437156e+00	2.857310e-04	144705114.000000	0.000000e+00
1.598610e+01	3.437515e+00	2.858989e-04	144565390.000000	0.000000e+00
1.598810e+01	3.437680e+00	2.859977e-04	144479308.000000	0.000000e+00
1.599009e+01	3.437086e+00	2.859872e-04	144439992.000000	0.000000e+00
1.599209e+01	3.437825e+00	2.861911e-04	144296380.000000	0.000000e+00
1.599408e+01	3.438591e+00	2.862858e-04	144265158.000000	0.000000e+00
1.599607e+01	3.438080e+00	2.863688e-04	144138652.000000	0.000000e+00
1.599807e+01	3.438532e+00	2.864523e-04	144092544.000000	0.000000e+00
1.600006e+01	3.438282e+00	2.864990e-04	144024544.000000	0.000000e+00
1.600206e+01	3.438933e+00	2.866701e-04	143907166.000000	0.000000e+00
1.600405e+01	3.438676e+00	2.867299e-04	143825706.000000	0.000000e+00
1.600605e+01	3.439347e+00	2.868977e-04	143713558.000000	0.000000e+00
1.600804e+01	3.438919e+00	2.868676e-04	143708022.000000	0.000000e+00
1.601004e+01	3.438847e+00	2.869843e-04	143585170.000000	0.000000e+00
1.601203e+01	3.438958e+00	2.871127e-04	143465958.000000	0.000000e+00
1.601403e+01	3.438895e+00	2.871281e-04	143445316.000000	0.000000e+00
1.601602e+01	3.439627e+00	2.872955e-04	143339218.000000	0.000000e+00
1.601802e+01	3.439824e+00	2.874298e-04	143221722.000000	0.000000e+00
1.602001e+01	3.440277e+00	2.875161e-04	143173384.000000	0.000000e+00
1.602200e+01	3.439642e+00	2.875231e-04	143113680.000000	0.000000e+00
1.602400e+01	3.440123e+00	2.876874e-04	142990246.000000	0.000000e+00
1.602599e+01	3.439811e+00	2.877429e-04	142909056.000000	0.000000e+00
1.602799e+01	3.440778e+00	2.878687e-04	142864486.000000	0.000000e+00
1.602998e+01	3.440696e+00	2.880143e-04	142713310.000000	0.000000e+00
1.603198e+01	3.440575e+00	2.880339e-04	142683858.000000	0.000000e+00
1.603397e+01	3.440385e+00	2.881263e-04	142576624.000000	0.000000e+00
1.603597e+01	3.440806e+00	2.882169e-04	142521846.000000	0.000000e+00
1.603796e+01	3.441446e+00	2.883466e-04	142446688.000000	0.000000e+00
1.603996e+01	3.440851e+00	2.884668e-04	142278772.000000	0.000000e+00
1.604195e+01	3.441765e+00	2.885399e-04	142282230.000000	0.000000e+00
1.604395e+01	3.441519e+00	2.886449e-04	142158478.000000	0.000000e+00
1.604594e+01	3.441881e+00	2.887453e-04	142089432.000000	0.000000e+00
1.604794e+01	3.441973e+00	2.888307e-04	142013002.000000	0.000000e+00
1.604993e+01	3.441959e+00	2.889225e-04	141921630.000000	0.000000e+00
1.605192e+01	3.442435e+00	2.890312e-04	141854188.000000	0.000000e+00
1.605392e+01	3.442134e+00	2.891436e-04	141719056.000000	0.000000e+00
1.605591e+01	3.442486e+00	2.892127e-04	141680364.000000	0.000000e+00
1.605791e+01	3.442738e+00	2.893200e-04	141596032.000000	0.000000e+00
1.605990e+01	3.443584e+00	2.894830e-04	141506088.000000	0.000000e+00
1.606190e+01	3.442868e+00	2.895265e-04	141404842.000000	0.000000e+00
1.606389e+01	3.443156e+00	2.896267e-04	141330570.000000	0.000000e+00
1.606589e+01	3.443506e+00	2.897462e-04	141242746.000000	0.000000e+00
1.606788e+01	3.443578e+00	2.898237e-04	141173122.000000	0.000000e+00
1.606988e+01	3.443584e+00	2.899104e-04	141089172.000000	0.000000e+00
1.607187e+01	3.444051e+00	2.900274e-04	141013588.000000	0.000000e+00
1.607387e+01	3.443601e+00	2.901301e-04	140877036.000000	0.000000e+00
1.607586e+01	3.444185e+00	2.902024e-04	140854600.000000	0.000000e+00
1.607786e+01	3.444743e+00	2.903624e-04	140745012.000000	0.000000e+00
1.607985e+01	3.444003e+00	2.903733e-04	140673934.000000	0.000000e+00
1.608184e+01	3.445168e+00	2.905795e-04	140569414.000000	0.000000e+00
1.608384e+01	3.444428e+00	2.905970e-04	140492148.000000	0.000000e+00
1.608583e+01	3.445341e+00	2.907511e-04	140417614.000000	0.000000e+00
1.608783e+01	3.445353e+00	2.908560e-04	140317350.000000	0.000000e+00
1.608982e+01	3.445844e+00	2.909617e-04	140255416.000000	0.000000e+00
1.609182e+01	3.445415e+00	2.910368e-04	140148118.000000	0.000000e+00
1.609381e+01	3.445155e+00	2.910718e-04	140093250.000000	0.000000e+00
1.609581e+01	3.445574e+00	2.911919e-04	140011750.000000	0.000000e+00
1.609780e+01	3.445976e+00	2.913573e-04	139885530.000000	0.000000e+00
1.609980e+01	3.445790e+00	2.914036e-04	139826014.000000	0.000000e+00
1.610179e+01	3.446327e+00	2.915321e-04	139746276.000000	0.000000e+00
1.610379e+01	3.446532e+00	2.916271e-04	139671886.000000	0.000000e+00
1.610578e+01	3.446538e+00	2.917463e-04	139558198.000000	0.000000e+00
1.610777e+01	3.447078e+00	2.918963e-04	139458534.000000	0.000000e+00
1.610977e+01	3.447328e+00	2.919388e-04	139438150.000000	0.000000e+00
1.611176e+01	3.446808e+00	2.920462e-04	139293552.000000	0.000000e+00
1.611376e+01	3.447215e+00	2.921173e-04	139258660.000000	0.000000e+00
1.611575e+01	3.447740e+00	2.922964e-04	139130448.000000	0.000000e+00
1.611775e+01	3.447658e+00	2.923692e-04	139054534.000000	0.000000e+00
1.611974e+01	3.447840e+00	2.924280e-04	139013326.000000	0.000000e+00
1.612174e+01	3.447744e+00	2.925695e-04	138871122.000000	0.000000e+00
1.612373e+01	3.448337e+00	2.926704e-04	138823132.000000	0.000000e+00
1.612573e+01	3.448356e+00	2.927466e-04	138752436.000000	0.000000e+00
1.612772e+01	3.449051e+00	2.929311e-04	138633550.000000	0.000000e+00
1.612972e+01	3.448565e+00	2.929824e-04	138545952.000000	0.000000e+00
1.613171e+01	3.449500e+00	2.931368e-04	138475150.000000	0.000000e+00
1.613371e+01	3.449667e+00	2.932239e-04	138406210.000000	0.000000e+00
1.613570e+01	3.449576e+00	2.933416e-04	138287940.000000	0.000000e+00
1.613769e+01	3.449547e+00	2.933931e-04	138236998.000000	0.000000e+00
1.613969e+01	3.450464e+00	2.935813e-04	138133230.000000	0.000000e+00
1.614168e+01	3.450957e+00	2.937253e-04	138037276.000000	0.000000e+00
1.614368e+01	3.450467e+00	2.937326e-04	137991292.000000	0.000000e+00
1.614567e+01	3.450476e+00	2.938896e-04	137844558.000000	0.000000e+00
1.614767e+01	3.449927e+00	2.938577e-04	137830654.000000	0.000000e+00
1.614966e+01	3.450963e+00	2.940829e-04	137702280.000000	0.000000e+00
1.615166e+01	3.451404e+00	2.942043e-04	137623834.000000	0.000000e+00
1.615365e+01	3.451338e+00	2.942668e-04	137560086.000000	0.000000e+00
1.615565e+01	3.451250e+00	2.943874e-04	137440372.000000	0.000000e+00
1.615764e+01	3.452356e+00	2.945295e-04	137395816.000000	0.000000e+00
1.615964e+01	3.452194e+00	2.946422e-04	137277858.000000	0.000000e+00
1.616163e+01	3.452165e+00	2.947163e-04	137206558.000000	0.000000e+00
1.616363e+01	3.452375e+00	2.947872e-04	137157192.000000	0.000000e+00
1.616562e+01	3.452648e+00	2.949688e-04	137010088.000000	0.000000e+00
1.616761e+01	3.452772e+00	2.950397e-04	136953984.000000	0.000000e+00
1.616961e+01	3.452816e+00	2.951383e-04	136866004.000000	0.000000e+00
1.617160e+01	3.453309e+00	2.952747e-04	136778626.000000	0.000000e+00
1.617360e+01	3.452940e+00	2.953540e-04	136675980.000000	0.000000e+00
1.617559e+01	3.453486e+00	2.954574e-04	136623586.000000	0.000000e+00
1.617759e+01	3.454025e+00	2.955913e-04	136542444.000000	0.000000e+00
1.617958e+01	3.454206e+00	2.957591e-04	136401820.000000	0.000000e+00
1.618158e+01	3.454383e+00	2.957969e-04	136380988.000000	0.000000e+00
1.618357e+01	3.454140e+00	2.959176e-04	136250580.000000	0.000000e+00
1.618557e+01	3.454570e+00	2.960109e-04	136198534.000000	0.000000e+00
1.618756e+01	3.454826e+00	2.961246e-04	136114242.000000	0.000000e+00
1.618956e+01	3.455220e+00	2.962969e-04	135986974.000000	0.000000e+00
1.619155e+01	3.455256e+00	2.963374e-04	135952602.000000	0.000000e+00
1.619354e+01	3.455334e+00	2.964680e-04	135838990.000000	0.000000e+00
1.619554e+01	3.455880e+00	2.965920e-04	135768286.000000	0.000000e+00
1.619753e+01	3.455350e+00	2.966533e-04	135670620.000000	0.000000e+00
1.619953e+01	3.456080e+00	2.968102e-04	135584488.000000	0.000000e+00
1.620152e+01	3.456623e+00	2.969516e-04	135497880.000000	0.000000e+00
1.620352e+01	3.456473e+00	2.970521e-04	135394516.000000	0.000000e+00
1.620551e+01	3.457174e+00	2.971618e-04	135349410.000000	0.000000e+00
1.620751e+01	3.457629e+00	2.973175e-04	135243376.000000	0.000000e+00
1.620950e+01	3.457383e+00	2.973929e-04	135155518.000000	0.000000e+00
1.621150e+01	3.457376e+00	2.974671e-04	135087504.000000	0.000000e+00
1.621349e+01	3.458165e+00	2.976391e-04	134993056.000000	0.000000e+00
1.621549e+01	3.458391e+00	2.977590e-04	134901996.000000	0.000000e+00
1.621748e+01	3.458603e+00	2.978871e-04	134802460.000000	0.000000e+00
1.621947e+01	3.458619e+00	2.979603e-04	134737554.000000	0.000000e+00
1.622147e+01	3.458500e+00	2.980551e-04	134642542.000000	0.000000e+00
1.622346e+01	3.458857e+00	2.981585e-04	134576968.000000	0.000000e+00
1.622546e+01	3.459248e+00	2.982966e-04	134482884.000000	0.000000e+00
1.622745e+01	3.459259e+00	2.984057e-04	134385358.000000	0.000000e+00
1.622945e+01	3.459600e+00	2.985122e-04	134315994.000000	0.000000e+00
1.623144e+01	3.460500e+00	2.987002e-04	134216680.000000	0.000000e+00
1.623344e+01	3.460378e+00	2.987944e-04	134122714.000000	0.000000e+00
1.623543e+01	3.459620e+00	2.988098e-04	134050074.000000	0.000000e+00
1.623743e+01	3.460630e+00	2.989950e-04	133962292.000000	0.000000e+00
1.623942e+01	3.460870e+00	2.991052e-04	133882122.000000	0.000000e+00
1.624142e+01	3.461245e+00	2.992657e-04	133767544.000000	0.000000e+00
1.624341e+01	3.461197e+00	2.993131e-04	133721466.000000	0.000000e+00
1.624541e+01	3.461780e+00	2.994737e-04	133623160.000000	0.000000e+00
1.624740e+01	3.462058e+00	2.996129e-04	133520482.000000	0.000000e+00
1.624939e+01	3.461791e+00	2.996776e-04	133442154.000000	0.000000e+00
1.625139e+01	3.462232e+00	2.998197e-04	133349728.000000	0.000000e+00
1.625338e+01	3.462834e+00	2.999358e-04	133292766.000000	0.000000e+00
1.625538e+01	3.462613e+00	3.000254e-04	133196206.000000	0.000000e+00
1.625737e+01	3.462851e+00	3.001736e-04	133082964.000000	0.000000e+00
1.625937e+01	3.463743e+00	3.003233e-04	133018900.000000	0.000000e+00
1.626136e+01	3.463942e+00	3.004469e-04	132924724.000000	0.000000e+00
1.626336e+01	3.464019e+00	3.005331e-04	132854400.000000	0.000000e+00
1.626535e+01	3.463842e+00	3.006564e-04	132731932.000000	0.000000e+00
1.626735e+01	3.464290e+00	3.007656e-04	132669846.000000	0.000000e+00
1.626934e+01	3.464053e+00	3.008076e-04	132614602.000000	0.000000e+00
1.627134e+01	3.464891e+00	3.010336e-04	132479706.000000	0.000000e+00
1.627333e+01	3.465390e+00	3.011233e-04	132438856.000000	0.000000e+00
1.627533e+01	3.465050e+00	3.012427e-04	132307960.000000	0.000000e+00
1.627732e+01	3.465150e+00	3.013334e-04	132235998.000000	0.000000e+00
1.627931e+01	3.466082e+00	3.014994e-04	132161464.000000	0.000000e+00
1.628131e+01	3.465559e+00	3.015549e-04	132072978.000000	0.000000e+00
1.628330e+01	3.466382e+00	3.017426e-04	131971330.000000	0.000000e+00
1.628530e+01	3.466606e+00	3.018970e-04	131853442.000000	0.000000e+00
1.628729e+01	3.466749e+00	3.019214e-04	131842980.000000	0.000000e+00
1.628929e+01	3.467327e+00	3.021049e-04	131726818.000000	0.000000e+00
1.629128e+01	3.467016e+00	3.021855e-04	131632902.000000	0.000000e+00
1.629328e+01	3.467892e+00	3.023629e-04	131544898.000000	0.000000e+00
1.629527e+01	3.468318e+00	3.025101e-04	131449194.000000	0.000000e+00
1.629727e+01	3.467973e+00	3.025374e-04	131399386.000000	0.000000e+00
1.629926e+01	3.468215e+00	3.027142e-04	131264230.000000	0.000000e+00
1.630126e+01	3.468401e+00	3.027784e-04	131222652.000000	0.000000e+00
1.630325e+01	3.469587e+00	3.030318e-04	131092906.000000	0.000000e+00
1.630524e+01	3.469036e+00	3.030318e-04	131051274.000000	0.000000e+00
1.630724e+01	3.468987e+00	3.031513e-04	130944208.000000	0.000000e+00
1.630923e+01	3.469376e+00	3.032920e-04	130852152.000000	0.000000e+00
1.631123e+01	3.470009e+00	3.034366e-04	130775182.000000	0.000000e+00
1.631322e+01	3.470897e+00	3.036266e-04	130678378.000000	0.000000e+00
1.631522e+01	3.470801e+00	3.037204e-04	130590504.000000	0.000000e+00
1.631721e+01	3.470928e+00	3.038411e-04	130496332.000000	0.000000e+00
1.631921e+01	3.470763e+00	3.039208e-04	130415460.000000	0.000000e+00
1.632120e+01	3.471830e+00	3.040893e-04	130351036.000000	0.000000e+00
1.632320e+01	3.472483e+00	3.042550e-04	130258144.000000	0.000000e+00
1.632519e+01	3.471940e+00	3.043334e-04	130150320.000000	0.000000e+00
1.632719e+01	3.472490e+00	3.044548e-04	130087738.000000	0.000000e+00
1.632918e+01	3.472567e+00	3.046115e-04	129959718.000000	0.000000e+00
1.633118e+01	3.473092e+00	3.046984e-04	129924832.000000	0.000000e+00
1.633317e+01	3.473325e+00	3.048923e-04	129777072.000000	0.000000e+00
1.633516e+01	3.473781e+00	3.049685e-04	129746332.000000	0.000000e+00
1.633716e+01	3.473736e+00	3.050884e-04	129640996.000000	0.000000e+00
1.633915e+01	3.473787e+00	3.052086e-04	129542688.000000	0.000000e+00
1.634115e+01	3.473983e+00	3.053083e-04	129472654.000000	0.000000e+00
1.634314e+01	3.474538e+00	3.054868e-04	129362742.000000	0.000000e+00
1.634514e+01	3.475315e+00	3.056503e-04	129282250.000000	0.000000e+00
1.634713e+01	3.475076e+00	3.057148e-04	129209844.000000	0.000000e+00
1.634913e+01	3.475849e+00	3.059179e-04	129095818.000000	0.000000e+00
1.635112e+01	3.475481e+00	3.059446e-04	129045940.000000	0.000000e+00
1.635312e+01	3.475902e+00	3.061067e-04	128940468.000000	0.000000e+00
1.635511e+01	3.476732e+00	3.062645e-04	128869234.000000	0.000000e+00
1.635711e+01	3.476408e+00	3.063810e-04	128747226.000000	0.000000e+00
1.635910e+01	3.477019e+00	3.064937e-04	128697778.000000	0.000000e+00
1.636110e+01	3.477345e+00	3.066611e-04	128581416.000000	0.000000e+00
1.636309e+01	3.477043e+00	3.067133e-04	128515354.000000	0.000000e+00
1.636508e+01	3.477564e+00	3.068752e-04	128418214.000000	0.000000e+00
1.636708e+01	3.478348e+00	3.070940e-04	128293182.000000	0.000000e+00
1.636907e+01	3.478156e+00	3.071153e-04	128261182.000000	0.000000e+00
1.637107e+01	3.478662e+00	3.072691e-04	128170098.000000	0.000000e+00
1.637306e+01	3.478517e+00	3.073903e-04	128058334.000000	0.000000e+00
1.637506e+01	3.479182e+00	3.075645e-04	127962244.000000	0.000000e+00
1.637705e+01	3.479885e+00	3.077057e-04	127896534.000000	0.000000e+00
1.637905e+01	3.479806e+00	3.077717e-04	127835854.000000	0.000000e+00
1.638104e+01	3.479651e+00	3.079161e-04	127704600.000000	0.000000e+00
1.638304e+01	3.480265e+00	3.080994e-04	127597774.000000	0.000000e+00
1.638503e+01	3.480333e+00	3.081420e-04	127567470.000000	0.000000e+00
1.638703e+01	3.480927e+00	3.083442e-04	127443604.000000	0.000000e+00
1.638902e+01	3.481860e+00	3.085214e-04	127365580.000000	0.000000e+00
1.639101e+01	3.481553e+00	3.086060e-04	127273296.000000	0.000000e+00
1.639301e+01	3.482506e+00	3.087717e-04	127206328.000000	0.000000e+00
1.639500e+01	3.482071e+00	3.088708e-04	127092978.000000	0.000000e+00
1.639700e+01	3.482577e+00	3.090030e-04	127021192.000000	0.000000e+00
1.639899e+01	3.483167e+00	3.091747e-04	126923058.000000	0.000000e+00
1.640099e+01	3.482752e+00	3.093009e-04	126789334.000000	0.000000e+00
1.640298e+01	3.483375e+00	3.093543e-04	126790888.000000	0.000000e+00
1.640498e+01	3.483734e+00	3.095291e-04	126673848.000000	0.000000e+00
1.640697e+01	3.483807e+00	3.096938e-04	126544426.000000	0.000000e+00
1.640897e+01	3.484723e+00	3.098020e-04	126522570.000000	0.000000e+00
1.641096e+01	3.484878e+00	3.099925e-04	126378412.000000	0.000000e+00
1.641296e+01	3.484905e+00	3.100851e-04	126304908.000000	0.000000e+00
1.641495e+01	3.485092e+00	3.102086e-04	126217912.000000	0.000000e+00
1.641695e+01	3.485856e+00	3.103755e-04	126137428.000000	0.000000e+00
1.641894e+01	3.486392e+00	3.105312e-04	126049728.000000	0.000000e+00
1.642093e+01	3.486405e+00	3.106564e-04	125949100.000000	0.000000e+00
1.642293e+01	3.486466e+00	3.107577e-04	125871402.000000	0.000000e+00
1.642492e+01	3.486909e+00	3.108976e-04	125790106.000000	0.000000e+00
1.642692e+01	3.487618e+00	3.110699e-04	125701828.000000	0.000000e+00
1.642891e+01	3.487957e+00	3.112174e-04	125607192.000000	0.000000e+00
1.643091e+01	3.488190e+00	3.113492e-04	125517598.000000	0.000000e+00
1.643290e+01	3.488002e+00	3.114338e-04	125435934.000000	0.000000e+00
1.643490e+01	3.488032e+00	3.115943e-04	125308906.000000	0.000000e+00
1.643689e+01	3.488993e+00	3.117165e-04	125279724.000000	0.000000e+00
1.643889e+01	3.489288e+00	3.118957e-04	125156878.000000	0.000000e+00
1.644088e+01	3.489645e+00	3.120239e-04	125079658.000000	0.000000e+00
1.644288e+01	3.490425e+00	3.122224e-04	124976544.000000	0.000000e+00
1.644487e+01	3.490360e+00	3.122992e-04	124910446.000000	0.000000e+00
1.644686e+01	3.490667e+00	3.124678e-04	124797648.000000	0.000000e+00
1.644886e+01	3.491258e+00	3.126316e-04	124709110.000000	0.000000e+00
1.645085e+01	3.491470e+00	3.127298e-04	124645896.000000	0.000000e+00
1.645285e+01	3.492536e+00	3.129336e-04	124559680.000000	0.000000e+00
1.645484e+01	3.492049e+00	3.130535e-04	124429576.000000	0.000000e+00
1.645684e+01	3.492557e+00	3.131766e-04	124367880.000000	0.000000e+00
1.645883e+01	3.492497e+00	3.132768e-04	124284094.000000	0.000000e+00
1.646083e+01	3.493211e+00	3.134255e-04	124216986.000000	0.000000e+00
1.646282e+01	3.493105e+00	3.135996e-04	124071562.000000	0.000000e+00
1.646482e+01	3.493567e+00	3.137124e-04	124015200.000000	0.000000e+00
1.646681e+01	3.493624e+00	3.138246e-04	123930532.000000	0.000000e+00
1.646881e+01	3.494111e+00	3.139998e-04	123826822.000000	0.000000e+00
1.647080e+01	3.494539e+00	3.141313e-04	123753462.000000	0.000000e+00
1.647280e+01	3.495206e+00	3.143356e-04	123639850.000000	0.000000e+00
1.647479e+01	3.495154e+00	3.143965e-04	123588258.000000	0.000000e+00
1.647678e+01	3.496278e+00	3.146408e-04	123475780.000000	0.000000e+00
1.647878e+01	3.496380e+00	3.147767e-04	123376396.000000	0.000000e+00
1.648077e+01	3.496541e+00	3.148777e-04	123308664.000000	0.000000e+00
1.648277e+01	3.497412e+00	3.150816e-04	123210460.000000	0.000000e+00
1.648476e+01	3.496983e+00	3.151527e-04	123124578.000000	0.000000e+00
1.648676e+01	3.497226e+00	3.152623e-04	123056170.000000	0.000000e+00
1.648875e+01	3.497327e+00	3.154262e-04	122935362.000000	0.000000e+00
1.649075e+01	3.498228e+00	3.155952e-04	122867050.000000	0.000000e+00
1.649274e+01	3.498496e+00	3.157840e-04	122739010.000000	0.000000e+00
1.649474e+01	3.499121e+00	3.158818e-04	122706846.000000	0.000000e+00
1.649673e+01	3.499129e+00	3.160371e-04	122586790.000000	0.000000e+00
1.649873e+01	3.499584e+00	3.161804e-04	122507556.000000	0.000000e+00
1.650072e+01	3.499631e+00	3.162903e-04	122425726.000000	0.000000e+00
1.650272e+01	3.500673e+00	3.165316e-04	122311962.000000	0.000000e+00
1.650471e+01	3.500267e+00	3.165879e-04	122240056.000000	0.000000e+00
1.650670e+01	3.500897e+00	3.167952e-04	122124196.000000	0.000000e+00
1.650870e+01	3.501374e+00	3.169157e-04	122064588.000000	0.000000e+00
1.651069e+01	3.501904e+00	3.171132e-04	121949422.000000	0.000000e+00
1.651269e+01	3.502236e+00	3.172204e-04	121890150.000000	0.000000e+00
1.651468e+01	3.502413e+00	3.173706e-04	121787116.000000	0.000000e+00
1.651668e+01	3.502675e+00	3.175567e-04	121662616.000000	0.000000e+00
1.651867e+01	3.503271e+00	3.176413e-04	121639206.000000	0.000000e+00
1.652067e+01	3.503036e+00	3.177748e-04	121520710.000000	0.000000e+00
1.652266e+01	3.503539e+00	3.179249e-04	121440840.000000	0.000000e+00
1.652466e+01	3.504097e+00	3.181262e-04	121325842.000000	0.000000e+00
1.652665e+01	3.503604e+00	3.181633e-04	121263432.000000	0.000000e+00
1.652865e+01	3.504688e+00	3.184052e-04	121154176.000000	0.000000e+00
1.653064e+01	3.505310e+00	3.186041e-04	121045936.000000	0.000000e+00
1.653263e+01	3.505599e+00	3.186794e-04	121008678.000000	0.000000e+00
1.653463e+01	3.505384e+00	3.188032e-04	120899872.000000	0.000000e+00
1.653662e+01	3.506616e+00	3.190581e-04	120791634.000000	0.000000e+00
1.653862e+01	3.506738e+00	3.191728e-04	120713260.000000	0.000000e+00
1.654061e+01	3.506971e+00	3.193615e-04	120586668.000000	0.000000e+00
1.654261e+01	3.507705e+00	3.194511e-04	120569440.000000	0.000000e+00
1.654460e+01	3.507359e+00	3.195752e-04	120452050.000000	0.000000e+00
1.654660e+01	3.507525e+00	3.197530e-04	120329484.000000	0.000000e+00
1.654859e+01	3.508159e+00	3.198926e-04	120268000.000000	0.000000e+00
1.655059e+01	3.508555e+00	3.200455e-04	120180264.000000	0.000000e+00
1.655258e+01	3.510060e+00	3.203021e-04	120090724.000000	0.000000e+00
1.655458e+01	3.509152e+00	3.203340e-04	120004692.000000	0.000000e+00
1.655657e+01	3.509390e+00	3.205026e-04	119894734.000000	0.000000e+00
1.655857e+01	3.510113e+00	3.206499e-04	119833990.000000	0.000000e+00
1.656056e+01	3.510416e+00	3.208491e-04	119705904.000000	0.000000e+00
1.656255e+01	3.511225e+00	3.209967e-04	119650936.000000	0.000000e+00
1.656455e+01	3.511566e+00	3.211809e-04	119536956.000000	0.000000e+00
1.656654e+01	3.511331e+00	3.212700e-04	119454682.000000	0.000000e+00
1.656854e+01	3.512410e+00	3.214797e-04	119372230.000000	0.000000e+00
1.657053e+01	3.512257e+00	3.215873e-04	119281998.000000	0.000000e+00
1.657253e+01	3.512444e+00	3.217526e-04	119172124.000000	0.000000e+00
1.657452e+01	3.513334e+00	3.219553e-04	119082438.000000	0.000000e+00
1.657652e+01	3.514118e+00	3.220939e-04	119033086.000000	0.000000e+00
1.657851e+01	3.513758e+00	3.222523e-04	118891740.000000	0.000000e+00
1.658051e+01	3.514271e+00	3.223657e-04	118842748.000000	0.000000e+00
1.658250e+01	3.515362e+00	3.226163e-04	118731910.000000	0.000000e+00
1.658450e+01	3.514790e+00	3.226819e-04	118645026.000000	0.000000e+00
1.658649e+01	3.515637e+00	3.228738e-04	118561156.000000	0.000000e+00
1.658848e+01	3.515871e+00	3.230441e-04	118451964.000000	0.000000e+00
1.659048e+01	3.516565e+00	3.231895e-04	118392136.000000	0.000000e+00
1.659247e+01	3.516338e+00	3.233311e-04	118273134.000000	0.000000e+00
1.659447e+01	3.517569e+00	3.235492e-04	118196500.000000	0.000000e+00
1.659646e+01	3.517942e+00	3.236939e-04	118115860.000000	0.000000e+00
1.659846e+01	3.517492e+00	3.238222e-04	117992088.000000	0.000000e+00
1.660045e+01	3.518545e+00	3.239762e-04	117950578.000000	0.000000e+00
1.660245e+01	3.518511e+00	3.241507e-04	117821334.000000	0.000000e+00
1.660444e+01	3.518879e+00	3.243199e-04	117723040.000000	0.000000e+00
1.660644e+01	3.519452e+00	3.244743e-04	117649356.000000	0.000000e+00
1.660843e+01	3.520154e+00	3.246650e-04	117558034.000000	0.000000e+00
1.661043e+01	3.520047e+00	3.247574e-04	117484006.000000	0.000000e+00
1.661242e+01	3.520739e+00	3.249917e-04	117360840.000000	0.000000e+00
1.661442e+01	3.521512e+00	3.251369e-04	117307462.000000	0.000000e+00
1.661641e+01	3.521909e+00	3.253163e-04	117204594.000000	0.000000e+00
1.661840e+01	3.521975e+00	3.254789e-04	117091894.000000	0.000000e+00
1.662040e+01	3.522327e+00	3.256010e-04	117027484.000000	0.000000e+00
1.662239e+01	3.522290e+00	3.257450e-04	116921532.000000	0.000000e+00
1.662439e+01	3.523067e+00	3.259133e-04	116852404.000000	0.000000e+00
1.662638e+01	3.523226e+00	3.260913e-04	116735406.000000	0.000000e+00
1.662838e+01	3.523665e+00	3.262559e-04	116646748.000000	0.000000e+00
1.663037e+01	3.524004e+00	3.263938e-04	116570622.000000	0.000000e+00
1.663237e+01	3.524280e+00	3.265665e-04	116465596.000000	0.000000e+00
1.663436e+01	3.525095e+00	3.267407e-04	116395210.000000	0.000000e+00
1.663636e+01	3.524773e+00	3.268778e-04	116276370.000000	0.000000e+00
1.663835e+01	3.525633e+00	3.270425e-04	116215942.000000	0.000000e+00
1.664035e+01	3.526226e+00	3.272335e-04	116119416.000000	0.000000e+00
1.664234e+01	3.526650e+00	3.274530e-04	115991662.000000	0.000000e+00
1.664433e+01	3.527245e+00	3.275828e-04	115938870.000000	0.000000e+00
1.664633e+01	3.527240e+00	3.277464e-04	115822804.000000	0.000000e+00
1.664832e+01	3.527930e+00	3.278926e-04	115764862.000000	0.000000e+00
1.665032e+01	3.528219e+00	3.281156e-04	115626510.000000	0.000000e+00
1.665231e+01	3.528423e+00	3.282011e-04	115579594.000000	0.000000e+00
1.665431e+01	3.528984e+00	3.283870e-04	115485498.000000	0.000000e+00
1.665630e+01	3.529477e+00	3.286048e-04	115364734.000000	0.000000e+00
1.665830e+01	3.530196e+00	3.287666e-04	115298130.000000	0.000000e+00
1.666029e+01	3.530152e+00	3.289056e-04	115197814.000000	0.000000e+00
1.666229e+01	3.531208e+00	3.291130e-04	115121524.000000	0.000000e+00
1.666428e+01	3.530385e+00	3.291978e-04	115008600.000000	0.000000e+00
1.666628e+01	3.531530e+00	3.294618e-04	114898852.000000	0.000000e+00
1.666827e+01	3.531398e+00	3.294746e-04	114881370.000000	0.000000e+00
1.667027e+01	3.532404e+00	3.298111e-04	114712390.000000	0.000000e+00
1.667226e+01	3.532655e+00	3.299030e-04	114664798.000000	0.000000e+00
1.667425e+01	3.532984e+00	3.300827e-04	114561228.000000	0.000000e+00
1.667625e+01	3.533529e+00	3.302914e-04	114451834.000000	0.000000e+00
1.667824e+01	3.533709e+00	3.303995e-04	114388614.000000	0.000000e+00
1.668024e+01	3.533789e+00	3.305774e-04	114270760.000000	0.000000e+00
1.668223e+01	3.534039e+00	3.306690e-04	114223560.000000	0.000000e+00
1.668423e+01	3.535374e+00	3.309933e-04	114085972.000000	0.000000e+00
1.668622e+01	3.535589e+00	3.311223e-04	114010948.000000	0.000000e+00
1.668822e+01	3.535928e+00	3.312770e-04	113926314.000000	0.000000e+00
1.669021e+01	3.536488e+00	3.315113e-04	113801404.000000	0.000000e+00
1.669221e+01	3.536411e+00	3.315413e-04	113775870.000000	0.000000e+00
1.669420e+01	3.537348e+00	3.318380e-04	113632714.000000	0.000000e+00
1.669620e+01	3.537833e+00	3.319883e-04	113561028.000000	0.000000e+00
1.669819e+01	3.537927e+00	3.321382e-04	113464516.000000	0.000000e+00
1.670019e+01	3.539290e+00	3.324108e-04	113365804.000000	0.000000e+00
1.670218e+01	3.538393e+00	3.324794e-04	113261562.000000	0.000000e+00
1.670417e+01	3.539506e+00	3.327091e-04	113176450.000000	0.000000e+00
1.670617e+01	3.539602e+00	3.327971e-04	113122722.000000	0.000000e+00
1.670816e+01	3.540159e+00	3.330173e-04	113008678.000000	0.000000e+00
1.671016e+01	3.540580e+00	3.332511e-04	112877062.000000	0.000000e+00
1.671215e+01	3.541669e+00	3.334141e-04	112836054.000000	0.000000e+00
1.671415e+01	3.541524e+00	3.335332e-04	112746262.000000	0.000000e+00
1.671614e+01	3.542699e+00	3.338203e-04	112627128.000000	0.000000e+00
1.671814e+01	3.542177e+00	3.338904e-04	112546672.000000	0.000000e+00
1.672013e+01	3.543199e+00	3.341063e-04	112466100.000000	0.000000e+00
1.672213e+01	3.543174e+00	3.342676e-04	112356082.000000	0.000000e+00
1.672412e+01	3.543739e+00	3.344740e-04	112253224.000000	0.000000e+00
1.672612e+01	3.544413e+00	3.346279e-04	112192668.000000	0.000000e+00
1.672811e+01	3.543998e+00	3.347810e-04	112063816.000000	0.000000e+00
1.673010e+01	3.545087e+00	3.349758e-04	112002318.000000	0.000000e+00
1.673210e+01	3.545213e+00	3.351223e-04	111912382.000000	0.000000e+00
1.673409e+01	3.545649e+00	3.353306e-04	111800862.000000	0.000000e+00
1.673609e+01	3.546370e+00	3.355331e-04	111711310.000000	0.000000e+00
1.673808e+01	3.546618e+00	3.357341e-04	111593224.000000	0.000000e+00
1.674008e+01	3.547176e+00	3.358378e-04	111559428.000000	0.000000e+00
1.674207e+01	3.547631e+00	3.360725e-04	111432250.000000	0.000000e+00
1.674407e+01	3.547902e+00	3.362132e-04	111356004.000000	0.000000e+00
1.674606e+01	3.548738e+00	3.364316e-04	111263848.000000	0.000000e+00
1.674806e+01	3.548789e+00	3.366047e-04	111152676.000000	0.000000e+00
1.675005e+01	3.549264e+00	3.367251e-04	111102970.000000	0.000000e+00
1.675205e+01	3.548700e+00	3.369006e-04	110951926.000000	0.000000e+00
1.675404e+01	3.550862e+00	3.371861e-04	110899158.000000	0.000000e+00
1.675604e+01	3.550863e+00	3.373574e-04	110786596.000000	0.000000e+00
1.675803e+01	3.551250e+00	3.375085e-04	110711580.000000	0.000000e+00
1.676002e+01	3.551361e+00	3.376688e-04	110613400.000000	0.000000e+00
1.676202e+01	3.551975e+00	3.379250e-04	110483944.000000	0.000000e+00
1.676401e+01	3.552458e+00	3.380178e-04	110453280.000000	0.000000e+00
1.676601e+01	3.552534e+00	3.382169e-04	110328046.000000	0.000000e+00
1.676800e+01	3.552842e+00	3.384107e-04	110220810.000000	0.000000e+00
1.677000e+01	3.553216e+00	3.385399e-04	110159860.000000	0.000000e+00
1.677199e+01	3.553349e+00	3.387470e-04	110033430.000000	0.000000e+00
1.677399e+01	3.555708e+00	3.390620e-04	109974934.000000	0.000000e+00
1.677598e+01	3.554697e+00	3.391225e-04	109873246.000000	0.000000e+00
1.677798e+01	3.555300e+00	3.393367e-04	109771812.000000	0.000000e+00
1.677997e+01	3.555265e+00	3.394395e-04	109703164.000000	0.000000e+00
1.678197e+01	3.555511e+00	3.396674e-04	109571220.000000	0.000000e+00
1.678396e+01	3.556847e+00	3.398897e-04	109510126.000000	0.000000e+00
1.678595e+01	3.556684e+00	3.400534e-04	109394682.000000	0.000000e+00
1.678795e+01	3.557674e+00	3.402287e-04	109342846.000000	0.000000e+00
1.678994e+01	3.557902e+00	3.404869e-04	109191076.000000	0.000000e+00
1.679194e+01	3.558509e+00	3.406393e-04	109130574.000000	0.000000e+00
1.679393e+01	3.558637e+00	3.407928e-04	109040176.000000	0.000000e+00
1.679593e+01	3.559141e+00	3.410176e-04	108927342.000000	0.000000e+00
1.679792e+01	3.560246e+00	3.412161e-04	108868168.000000	0.000000e+00
1.679992e+01	3.559823e+00	3.413804e-04	108737628.000000	0.000000e+00
1.680191e+01	3.560961e+00	3.415903e-04	108673396.000000	0.000000e+00
1.680391e+01	3.561198e+00	3.417792e-04	108567814.000000	0.000000e+00
1.680590e+01	3.561365e+00	3.419528e-04	108467700.000000	0.000000e+00
1.680790e+01	3.561810e+00	3.421217e-04	108387748.000000	0.000000e+00
1.680989e+01	3.562446e+00	3.423372e-04	108289992.000000	0.000000e+00
1.681189e+01	3.562914e+00	3.425058e-04	108211882.000000	0.000000e+00
1.681388e+01	3.564042e+00	3.427705e-04	108113170.000000	0.000000e+00
1.681587e+01	3.563845e+00	3.429747e-04	107972574.000000	0.000000e+00
1.681787e+01	3.564299e+00	3.430479e-04	107953936.000000	0.000000e+00
1.681986e+01	3.564494e+00	3.433254e-04	107791332.000000	0.000000e+00
1.682186e+01	3.565795e+00	3.435091e-04	107754748.000000	0.000000e+00
1.682385e+01	3.565358e+00	3.436516e-04	107638926.000000	0.000000e+00
1.682585e+01	3.565603e+00	3.438372e-04	107537566.000000	0.000000e+00
1.682784e+01	3.566313e+00	3.440126e-04	107470744.000000	0.000000e+00
1.682984e+01	3.566946e+00	3.442878e-04	107337096.000000	0.000000e+00
1.683183e+01	3.568311e+00	3.445107e-04	107280286.000000	0.000000e+00
1.683383e+01	3.567737e+00	3.446406e-04	107164998.000000	0.000000e+00
1.683582e+01	3.568418e+00	3.448376e-04	107083450.000000	0.000000e+00
1.683782e+01	3.568708e+00	3.450448e-04	106972224.000000	0.000000e+00
1.683981e+01	3.569459e+00	3.452248e-04	106905670.000000	0.000000e+00
1.684181e+01	3.569670e+00	3.454131e-04	106801834.000000	0.000000e+00
1.684380e+01	3.569926e+00	3.456387e-04	106677738.000000	0.000000e+00
1.684579e+01	3.570508e+00	3.457711e-04	106630744.000000	0.000000e+00
1.684779e+01	3.571002e+00	3.459988e-04	106519944.000000	0.000000e+00
1.684978e+01	3.571719e+00	3.462101e-04	106432660.000000	0.000000e+00
1.685178e+01	3.571702e+00	3.463968e-04	106317006.000000	0.000000e+00
1.685377e+01	3.571611e+00	3.465229e-04	106234180.000000	0.000000e+00
1.685577e+01	3.573739e+00	3.468449e-04	106163440.000000	0.000000e+00
1.685776e+01	3.573154e+00	3.469909e-04	106039410.000000	0.000000e+00
1.685976e+01	3.573999e+00	3.472174e-04	105951190.000000	0.000000e+00
1.686175e+01	3.573850e+00	3.473052e-04	105888822.000000	0.000000e+00
1.686375e+01	3.574288e+00	3.475700e-04	105753466.000000	0.000000e+00
1.686574e+01	3.575683e+00	3.478245e-04	105681208.000000	0.000000e+00
1.686774e+01	3.575565e+00	3.480067e-04	105563544.000000	0.000000e+00
1.686973e+01	3.576417e+00	3.481828e-04	105507076.000000	0.000000e+00
1.687172e+01	3.576624e+00	3.484148e-04	105378822.000000	0.000000e+00
1.687372e+01	3.576519e+00	3.485520e-04	105289696.000000	0.000000e+00
1.687571e+01	3.577494e+00	3.487368e-04	105235512.000000	0.000000e+00
1.687771e+01	3.577681e+00	3.489866e-04	105095872.000000	0.000000e+00
1.687970e+01	3.578861e+00	3.492251e-04	105021610.000000	0.000000e+00
1.688170e+01	3.578591e+00	3.493512e-04	104930022.000000	0.000000e+00
1.688369e+01	3.578967e+00	3.495742e-04	104818162.000000	0.000000e+00
1.688569e+01	3.580069e+00	3.497812e-04	104758632.000000	0.000000e+00
1.688768e+01	3.580659e+00	3.500869e-04	104610250.000000	0.000000e+00
1.688968e+01	3.580904e+00	3.501403e-04	104592618.000000	0.000000e+00
1.689167e+01	3.580823e+00	3.503950e-04	104435932.000000	0.000000e+00
1.689367e+01	3.582146e+00	3.506434e-04	104365084.000000	0.000000e+00
1.689566e+01	3.582559e+00	3.508502e-04	104266092.000000	0.000000e+00
1.689766e+01	3.582770e+00	3.510514e-04	104158924.000000	0.000000e+00
1.689965e+01	3.583047e+00	3.511737e-04	104102502.000000	0.000000e+00
1.690164e+01	3.583321e+00	3.514583e-04	103949878.000000	0.000000e+00
1.690364e+01	3.583984e+00	3.516210e-04	103892110.000000	0.000000e+00
1.690563e+01	3.583844e+00	3.517553e-04	103804716.000000	0.000000e+00
1.690763e+01	3.584977e+00	3.520338e-04	103706026.000000	0.000000e+00
1.690962e+01	3.585600e+00	3.522533e-04	103612806.000000	0.000000e+00
1.691162e+01	3.585504e+00	3.524611e-04	103485130.000000	0.000000e+00
1.691361e+01	3.586261e+00	3.526018e-04	103446192.000000	0.000000e+00
1.691561e+01	3.586302e+00	3.528268e-04	103316752.000000	0.000000e+00
1.691760e+01	3.587227e+00	3.530731e-04	103225864.000000	0.000000e+00
1.691960e+01	3.587867e+00	3.532711e-04	103146966.000000	0.000000e+00
1.692159e+01	3.588515e+00	3.535494e-04	103021840.000000	0.000000e+00
1.692359e+01	3.588833e+00	3.536715e-04	102968928.000000	0.000000e+00
1.692558e+01	3.588986e+00	3.539207e-04	102832750.000000	0.000000e+00
1.692757e+01	3.589116e+00	3.540547e-04	102762378.000000	0.000000e+00
1.692957e+01	3.589962e+00	3.543193e-04	102657358.000000	0.000000e+00
1.693156e+01	3.590478e+00	3.545291e-04	102565354.000000	0.000000e+00
1.693356e+01	3.590888e+00	3.547334e-04	102470628.000000	0.000000e+00
1.693555e+01	3.590822e+00	3.549162e-04	102361372.000000	0.000000e+00
1.693755e+01	3.591649e+00	3.550670e-04	102321564.000000	0.000000e+00
1.693954e+01	3.592193e+00	3.553752e-04	102175126.000000	0.000000e+00
1.694154e+01	3.593191e+00	3.556252e-04	102088176.000000	0.000000e+00
1.694353e+01	3.593238e+00	3.557516e-04	102018328.000000	0.000000e+00
1.694553e+01	3.593940e+00	3.560248e-04	101901628.000000	0.000000e+00
1.694752e+01	3.594487e+00	3.562375e-04	101810982.000000	0.000000e+00
1.694952e+01	3.593963e+00	3.563714e-04	101704798.000000	0.000000e+00
1.695151e+01	3.594417e+00	3.565510e-04	101628030.000000	0.000000e+00
1.695351e+01	3.595421e+00	3.568169e-04	101533360.000000	0.000000e+00
1.695550e+01	3.596082e+00	3.570708e-04	101426278.000000	0.000000e+00
1.695749e+01	3.596569e+00	3.572542e-04	101349618.000000	0.000000e+00
1.695949e+01	3.596452e+00	3.574607e-04	101225938.000000	0.000000e+00
1.696148e+01	3.597877e+00	3.577528e-04	101140848.000000	0.000000e+00
1.696348e+01	3.597695e+00	3.578769e-04	101060518.000000	0.000000e+00
1.696547e+01	3.597902e+00	3.580969e-04	100947966.000000	0.000000e+00
1.696747e+01	3.598486e+00	3.583093e-04	100861096.000000	0.000000e+00
1.696946e+01	3.599400e+00	3.585761e-04	100762198.000000	0.000000e+00
1.697146e+01	3.599680e+00	3.587589e-04	100675194.000000	0.000000e+00
1.697345e+01	3.599788e+00	3.589618e-04	100567462.000000	0.000000e+00
1.697545e+01	3.600693e+00	3.591783e-04	100496748.000000	0.000000e+00
1.697744e+01	3.600969e+00	3.593997e-04	100388332.000000	0.000000e+00
1.697944e+01	3.601920e+00	3.596755e-04	100287396.000000	0.000000e+00
1.698143e+01	3.602411e+00	3.598563e-04	100214014.000000	0.000000e+00
1.698343e+01	3.602115e+00	3.600797e-04	100073254.000000	0.000000e+00
1.698542e+01	3.604118e+00	3.603899e-04	100012182.000000	0.000000e+00
1.698741e+01	3.603385e+00	3.605095e-04	99905164.000000	0.000000e+00
1.698941e+01	3.603779e+00	3.606893e-04	99827418.000000	0.000000e+00
1.699140e+01	3.605071e+00	3.610159e-04	99718354.000000	0.000000e+00
1.699340e+01	3.604547e+00	3.611823e-04	99597534.000000	0.000000e+00
1.699539e+01	3.605258e+00	3.613401e-04	99549784.000000	0.000000e+00
1.699739e+01	3.605793e+00	3.616052e-04	99433372.000000	0.000000e+00
1.699938e+01	3.606337e+00	3.618478e-04	99330048.000000	0.000000e+00
1.700138e+01	3.606387e+00	3.620014e-04	99248536.000000	0.000000e+00
1.700337e+01	3.607211e+00	3.622816e-04	99140364.000000	0.000000e+00
1.700537e+01	3.607740e+00	3.624582e-04	99072784.000000	0.000000e+00
1.700736e+01	3.607862e+00	3.627242e-04	98934280.000000	0.000000e+00
1.700936e+01	3.609006e+00	3.629439e-04	98877234.000000	0.000000e+00
1.701135e+01	3.609478e+00	3.632146e-04	98755726.000000	0.000000e+00
1.701334e+01	3.609387e+00	3.633454e-04	98679630.000000	0.000000e+00
1.701534e+01	3.609616e+00	3.635708e-04	98569816.000000	0.000000e+00
1.701733e+01	3.610510e+00	3.638914e-04	98444940.000000	0.000000e+00
1.701933e+01	3.611531e+00	3.640747e-04	98401480.000000	0.000000e+00
1.702132e+01	3.611415e+00	3.642780e-04	98285350.000000	0.000000e+00
1.702332e+01	3.611958e+00	3.644974e-04	98196588.000000	0.000000e+00
1.702531e+01	3.612831e+00	3.647766e-04	98093728.000000	0.000000e+00
1.702731e+01	3.612700e+00	3.649564e-04	97990008.000000	0.000000e+00
1.702930e+01	3.613729e+00	3.652007e-04	97914730.000000	0.000000e+00
1.703130e+01	3.613645e+00	3.654102e-04	97797948.000000	0.000000e+00
1.703329e+01	3.614029e+00	3.656005e-04	97716880.000000	0.000000e+00
1.703529e+01	3.614666e+00	3.658237e-04	97632106.000000	0.000000e+00
1.703728e+01	3.615068e+00	3.661066e-04	97502988.000000	0.000000e+00
1.703928e+01	3.616252e+00	3.663592e-04	97432324.000000	0.000000e+00
1.704127e+01	3.615825e+00	3.665543e-04	97305648.000000	0.000000e+00
1.704326e+01	3.617837e+00	3.668405e-04	97262044.000000	0.000000e+00
1.704526e+01	3.617972e+00	3.671461e-04	97107462.000000	0.000000e+00
1.704725e+01	3.617671e+00	3.672283e-04	97047838.000000	0.000000e+00
1.704925e+01	3.618104e+00	3.674626e-04	96947284.000000	0.000000e+00
1.705124e+01	3.618092e+00	3.676804e-04	96831870.000000	0.000000e+00
1.705324e+01	3.618999e+00	3.678768e-04	96776998.000000	0.000000e+00
1.705523e+01	3.619209e+00	3.681507e-04	96644286.000000	0.000000e+00
1.705723e+01	3.619712e+00	3.683618e-04	96560380.000000	0.000000e+00
1.705922e+01	3.620240e+00	3.686048e-04	96461188.000000	0.000000e+00
1.706122e+01	3.620375e+00	3.687973e-04	96367740.000000	0.000000e+00
1.706321e+01	3.621474e+00	3.690740e-04	96281710.000000	0.000000e+00
1.706521e+01	3.621834e+00	3.693655e-04	96148914.000000	0.000000e+00
1.706720e+01	3.621909e+00	3.694710e-04	96097978.000000	0.000000e+00
1.706919e+01	3.623833e+00	3.698839e-04	95985492.000000	0.000000e+00
1.707119e+01	3.623293e+00	3.700449e-04	95873362.000000	0.000000e+00
1.707318e+01	3.623646e+00	3.702154e-04	95803714.000000	0.000000e+00
1.707518e+01	3.623495e+00	3.704533e-04	95672766.000000	0.000000e+00
1.707717e+01	3.624097e+00	3.706156e-04	95620774.000000	0.000000e+00
1.707917e+01	3.625108e+00	3.709735e-04	95489634.000000	0.000000e+00
1.708116e+01	3.625348e+00	3.711803e-04	95395870.000000	0.000000e+00
1.708316e+01	3.626043e+00	3.714013e-04	95318940.000000	0.000000e+00
1.708515e+01	3.626340e+00	3.716845e-04	95189278.000000	0.000000e+00
1.708715e+01	3.627105e+00	3.718534e-04	95142976.000000	0.000000e+00
1.708914e+01	3.627072e+00	3.721384e-04	94995570.000000	0.000000e+00
1.709114e+01	3.628312e+00	3.724018e-04	94926112.000000	0.000000e+00
1.709313e+01	3.628675e+00	3.726275e-04	94830156.000000	0.000000e+00
1.709513e+01	3.628537e+00	3.728226e-04	94723708.000000	0.000000e+00
1.709712e+01	3.629046e+00	3.730640e-04	94627738.000000	0.000000e+00
1.709911e+01	3.629662e+00	3.733284e-04	94525770.000000	0.000000e+00
1.710111e+01	3.630939e+00	3.736105e-04	94449490.000000	0.000000e+00
1.710310e+01	3.630779e+00	3.737990e-04	94345992.000000	0.000000e+00
1.710510e+01	3.630912e+00	3.740418e-04	94230406.000000	0.000000e+00
1.710709e+01	3.630696e+00	3.741621e-04	94158654.000000	0.000000e+00
1.710909e+01	3.631307e+00	3.744653e-04	94037878.000000	0.000000e+00
1.711108e+01	3.632257e+00	3.747193e-04	93959560.000000	0.000000e+00
1.711308e+01	3.632377e+00	3.749622e-04	93844080.000000	0.000000e+00
1.711507e+01	3.633274e+00	3.751821e-04	93780424.000000	0.000000e+00
1.711707e+01	3.634094e+00	3.755049e-04	93661482.000000	0.000000e+00
1.711906e+01	3.634677e+00	3.757592e-04	93564790.000000	0.000000e+00
1.712106e+01	3.633994e+00	3.758843e-04	93467370.000000	0.000000e+00
1.712305e+01	3.634297e+00	3.761352e-04	93358246.000000	0.000000e+00
1.712504e+01	3.635146e+00	3.763516e-04	93294496.000000	0.000000e+00
1.712704e+01	3.636944e+00	3.768156e-04	93156996.000000	0.000000e+00
1.712903e+01	3.636559e+00	3.769239e-04	93083764.000000	0.000000e+00
1.713103e+01	3.637138e+00	3.771655e-04	92994174.000000	0.000000e+00
1.713302e+01	3.636427e+00	3.773328e-04	92875360.000000	0.000000e+00
1.713502e+01	3.638903e+00	3.777414e-04	92800794.000000	0.000000e+00
1.713701e+01	3.637739e+00	3.778374e-04	92694364.000000	0.000000e+00
1.713901e+01	3.638697e+00	3.781217e-04	92603782.000000	0.000000e+00
1.714100e+01	3.639096e+00	3.783877e-04	92493906.000000	0.000000e+00
1.714300e+01	3.639291e+00	3.786077e-04	92396302.000000	0.000000e+00
1.714499e+01	3.639383e+00	3.787852e-04	92314416.000000	0.000000e+00
1.714699e+01	3.641054e+00	3.792149e-04	92189932.000000	0.000000e+00
1.714898e+01	3.640972e+00	3.793486e-04	92120848.000000	0.000000e+00
1.715098e+01	3.641302e+00	3.796116e-04	92009874.000000	0.000000e+00
1.715297e+01	3.641492e+00	3.798076e-04	91924570.000000	0.000000e+00
1.715496e+01	3.642499e+00	3.801551e-04	91807290.000000	0.000000e+00
1.715696e+01	3.641437e+00	3.802741e-04	91696354.000000	0.000000e+00
1.715895e+01	3.642962e+00	3.805129e-04	91658064.000000	0.000000e+00
1.716095e+01	3.643832e+00	3.809387e-04	91496908.000000	0.000000e+00
1.716294e+01	3.644239e+00	3.811354e-04	91422892.000000	0.000000e+00
1.716494e+01	3.644838e+00	3.813590e-04	91345782.000000	0.000000e+00
1.716693e+01	3.644325e+00	3.815882e-04	91210360.000000	0.000000e+00
1.716893e+01	3.645327e+00	3.817952e-04	91161624.000000	0.000000e+00
1.717092e+01	3.645973e+00	3.821335e-04	91032556.000000	0.000000e+00
1.717292e+01	3.645813e+00	3.823113e-04	90939906.000000	0.000000e+00
1.717491e+01	3.646301e+00	3.825476e-04	90851902.000000	0.000000e+00
1.717691e+01	3.646918e+00	3.828633e-04	90732826.000000	0.000000e+00
1.717890e+01	3.647468e+00	3.831008e-04	90647712.000000	0.000000e+00
1.718089e+01	3.647562e+00	3.833419e-04	90538384.000000	0.000000e+00
1.718289e+01	3.648393e+00	3.835841e-04	90465294.000000	0.000000e+00
1.718488e+01	3.648880e+00	3.839091e-04	90336268.000000	0.000000e+00
1.718688e+01	3.649395e+00	3.841261e-04	90259740.000000	0.000000e+00
1.718887e+01	3.649365e+00	3.842978e-04	90177646.000000	0.000000e+00
1.719087e+01	3.649681e+00	3.846501e-04	90028126.000000	0.000000e+00
1.719286e+01	3.650941e+00	3.848770e-04	89984088.000000	0.000000e+00
1.719486e+01	3.650393e+00	3.851184e-04	89844340.000000	0.000000e+00
1.719685e+01	3.650703e+00	3.852767e-04	89785764.000000	0.000000e+00
1.719885e+01	3.651355e+00	3.856168e-04	89659450.000000	0.000000e+00
1.720084e+01	3.651823e+00	3.858702e-04	89564716.000000	0.000000e+00
1.720284e+01	3.652157e+00	3.860673e-04	89489676.000000	0.000000e+00
1.720483e+01	3.653078e+00	3.864151e-04	89373700.000000	0.000000e+00
1.720683e+01	3.653132e+00	3.866555e-04	89265258.000000	0.000000e+00
1.720882e+01	3.653540e+00	3.868743e-04	89184190.000000	0.000000e+00
1.721081e+01	3.654217e+00	3.871693e-04	89081358.000000	0.000000e+00
1.721281e+01	3.654028e+00	3.873764e-04	88976950.000000	0.000000e+00
1.721480e+01	3.655884e+00	3.878128e-04	88866994.000000	0.000000e+00
1.721680e+01	3.655395e+00	3.879066e-04	88800306.000000	0.000000e+00
1.721879e+01	3.655948e+00	3.882167e-04	88685272.000000	0.000000e+00
1.722079e+01	3.656117e+00	3.884180e-04	88601562.000000	0.000000e+00
1.722278e+01	3.656727e+00	3.887535e-04	88478230.000000	0.000000e+00
1.722478e+01	3.657186e+00	3.890276e-04	88375782.000000	0.000000e+00
1.722677e+01	3.656931e+00	3.891163e-04	88323184.000000	0.000000e+00
1.722877e+01	3.656733e+00	3.894034e-04	88183432.000000	0.000000e+00
1.723076e+01	3.658559e+00	3.897830e-04	88099680.000000	0.000000e+00
1.723276e+01	3.658600e+00	3.899959e-04	88005478.000000	0.000000e+00
1.723475e+01	3.659190e+00	3.902952e-04	87898896.000000	0.000000e+00
1.723675e+01	3.659646e+00	3.905220e-04	87818764.000000	0.000000e+00
1.723874e+01	3.659322e+00	3.908183e-04	87670066.000000	0.000000e+00
1.724073e+01	3.660119e+00	3.910179e-04	87618780.000000	0.000000e+00
1.724273e+01	3.660199e+00	3.912857e-04	87502672.000000	0.000000e+00
1.724472e+01	3.661317e+00	3.916259e-04	87404130.000000	0.000000e+00
1.724672e+01	3.661616e+00	3.918610e-04	87313534.000000	0.000000e+00
1.724871e+01	3.661635e+00	3.920988e-04	87208560.000000	0.000000e+00
1.725071e+01	3.661662e+00	3.922538e-04	87140944.000000	0.000000e+00
1.725270e+01	3.662089e+00	3.926432e-04	86988424.000000	0.000000e+00
1.725470e+01	3.662734e+00	3.928755e-04	86916210.000000	0.000000e+00
1.725669e+01	3.663511e+00	3.931559e-04	86829118.000000	0.000000e+00
1.725869e+01	3.663017e+00	3.934023e-04	86696970.000000	0.000000e+00
1.726068e+01	3.664349e+00	3.936605e-04	86646316.000000	0.000000e+00
1.726268e+01	3.663730e+00	3.939226e-04	86501820.000000	0.000000e+00
1.726467e+01	3.664680e+00	3.941671e-04	86439310.000000	0.000000e+00
1.726667e+01	3.664524e+00	3.944213e-04	86320600.000000	0.000000e+00
1.726866e+01	3.665189e+00	3.947415e-04	86211870.000000	0.000000e+00
1.727065e+01	3.665622e+00	3.949504e-04	86141050.000000	0.000000e+00
1.727265e+01	3.665323e+00	3.952321e-04	86004294.000000	0.000000e+00
1.727464e+01	3.666636e+00	3.954920e-04	85952872.000000	0.000000e+00
1.727664e+01	3.666732e+00	3.958183e-04	85815684.000000	0.000000e+00
1.727863e+01	3.666956e+00	3.960325e-04	85733344.000000	0.000000e+00
1.728063e+01	3.668162e+00	3.963899e-04	85635130.000000	0.000000e+00
1.728262e+01	3.667934e+00	3.966325e-04	85519752.000000	0.000000e+00
1.728462e+01	3.668007e+00	3.968088e-04	85447192.000000	0.000000e+00
1.728661e+01	3.669088e+00	3.972113e-04	85324374.000000	0.000000e+00
1.728861e+01	3.669759e+00	3.974828e-04	85239004.000000	0.000000e+00
1.729060e+01	3.669346e+00	3.976990e-04	85127200.000000	0.000000e+00
1.729260e+01	3.669572e+00	3.979420e-04	85033716.000000	0.000000e+00
1.729459e+01	3.670449e+00	3.982309e-04	84950986.000000	0.000000e+00
1.729658e+01	3.669907e+00	3.984609e-04	84827862.000000	0.000000e+00
1.729858e+01	3.671962e+00	3.988730e-04	84747514.000000	0.000000e+00
1.730057e+01	3.671498e+00	3.990594e-04	84646980.000000	0.000000e+00
1.730257e+01	3.671526e+00	3.993442e-04	84527614.000000	0.000000e+00
1.730456e+01	3.673006e+00	3.997219e-04	84435946.000000	0.000000e+00
1.730656e+01	3.671669e+00	3.998037e-04	84339966.000000	0.000000e+00
1.730855e+01	3.673456e+00	4.001672e-04	84268738.000000	0.000000e+00
1.731055e+01	3.672247e+00	4.003799e-04	84123864.000000	0.000000e+00
1.731254e+01	3.673619e+00	4.007537e-04	84029758.000000	0.000000e+00
1.731454e+01	3.674132e+00	4.009871e-04	83955432.000000	0.000000e+00
1.731653e+01	3.673081e+00	4.011193e-04	83852086.000000	0.000000e+00
1.731853e+01	3.674418e+00	4.015193e-04	83746078.000000	0.000000e+00
1.732052e+01	3.674305e+00	4.017829e-04	83631030.000000	0.000000e+00
1.732251e+01	3.675312e+00	4.020467e-04	83567116.000000	0.000000e+00
1.732451e+01	3.675252e+00	4.023529e-04	83437260.000000	0.000000e+00
1.732650e+01	3.676102e+00	4.026820e-04	83339440.000000	0.000000e+00
1.732850e+01	3.676398e+00	4.029175e-04	83255466.000000	0.000000e+00
1.733049e+01	3.674890e+00	4.030415e-04	83136010.000000	0.000000e+00
1.733249e+01	3.677487e+00	4.034985e-04	83065090.000000	0.000000e+00
1.733448e+01	3.676070e+00	4.036272e-04	82948146.000000	0.000000e+00
1.733648e+01	3.677312e+00	4.039981e-04	82851868.000000	0.000000e+00
1.733847e+01	3.677568e+00	4.042447e-04	82762320.000000	0.000000e+00
1.734047e+01	3.677346e+00	4.045624e-04	82622440.000000	0.000000e+00
1.734246e+01	3.678359e+00	4.047893e-04	82575286.000000	0.000000e+00
1.734446e+01	3.678237e+00	4.051089e-04	82439562.000000	0.000000e+00
1.734645e+01	3.678879e+00	4.053685e-04	82362790.000000	0.000000e+00
1.734845e+01	3.678796e+00	4.056652e-04	82238652.000000	0.000000e+00
1.735044e+01	3.679146e+00	4.059298e-04	82147114.000000	0.000000e+00
1.735243e+01	3.679653e+00	4.061826e-04	82067472.000000	0.000000e+00
1.735443e+01	3.679827e+00	4.065289e-04	81935500.000000	0.000000e+00
1.735642e+01	3.680428e+00	4.067770e-04	81862318.000000	0.000000e+00
1.735842e+01	3.681228e+00	4.071837e-04	81734370.000000	0.000000e+00
1.736041e+01	3.680857e+00	4.073112e-04	81666706.000000	0.000000e+00
1.736241e+01	3.681256e+00	4.076303e-04	81556632.000000	0.000000e+00
1.736440e+01	3.680526e+00	4.078634e-04	81431110.000000	0.000000e+00
1.736640e+01	3.682011e+00	4.081584e-04	81379062.000000	0.000000e+00
1.736839e+01	3.681120e+00	4.084322e-04	81230686.000000	0.000000e+00
1.737039e+01	3.682904e+00	4.087933e-04	81165850.000000	0.000000e+00
1.737238e+01	3.682409e+00	4.090599e-04	81038286.000000	0.000000e+00
1.737438e+01	3.682786e+00	4.093107e-04	80955562.000000	0.000000e+00
1.737637e+01	3.683679e+00	4.096358e-04	80866308.000000	0.000000e+00
1.737837e+01	3.683021e+00	4.099216e-04	80724784.000000	0.000000e+00
1.738036e+01	3.683893e+00	4.101951e-04	80655312.000000	0.000000e+00
1.738235e+01	3.684712e+00	4.105512e-04	80551270.000000	0.000000e+00
1.738435e+01	3.684558e+00	4.107746e-04	80456956.000000	0.000000e+00
1.738634e+01	3.684629e+00	4.110786e-04	80341140.000000	0.000000e+00
1.738834e+01	3.684019e+00	4.112624e-04	80242744.000000	0.000000e+00
1.739033e+01	3.685195e+00	4.116180e-04	80155296.000000	0.000000e+00
1.739233e+01	3.684564e+00	4.118079e-04	80053972.000000	0.000000e+00
1.739432e+01	3.684787e+00	4.121263e-04	79939960.000000	0.000000e+00
1.739632e+01	3.684689e+00	4.123072e-04	79865622.000000	0.000000e+00
1.739831e+01	3.684919e+00	4.126844e-04	79729636.000000	0.000000e+00
1.740031e+01	3.686188e+00	4.129897e-04	79666668.000000	0.000000e+00
1.740230e+01	3.685638e+00	4.133035e-04	79521976.000000	0.000000e+00
1.740430e+01	3.687197e+00	4.136435e-04	79458462.000000	0.000000e+00
1.740629e+01	3.686505e+00	4.138361e-04	79354732.000000	0.000000e+00
1.740828e+01	3.687082e+00	4.142280e-04	79229428.000000	0.000000e+00
1.741028e+01	3.687436e+00	4.144853e-04	79146318.000000	0.000000e+00
1.741227e+01	3.687090e+00	4.147809e-04	79018690.000000	0.000000e+00
1.741427e+01	3.687686e+00	4.149583e-04	78976674.000000	0.000000e+00
1.741626e+01	3.686953e+00	4.152460e-04	78835972.000000	0.000000e+00
1.741826e+01	3.688424e+00	4.157079e-04	78723630.000000	0.000000e+00
1.742025e+01	3.688403e+00	4.158435e-04	78671398.000000	0.000000e+00
1.742225e+01	3.687609e+00	4.161566e-04	78519250.000000	0.000000e+00
1.742424e+01	3.689342e+00	4.165586e-04	78441474.000000	0.000000e+00
1.742624e+01	3.687742e+00	4.166618e-04	78334630.000000	0.000000e+00
1.742823e+01	3.689094e+00	4.170411e-04	78249510.000000	0.000000e+00
1.743023e+01	3.688550e+00	4.172740e-04	78139120.000000	0.000000e+00
1.743222e+01	3.688730e+00	4.176217e-04	78016714.000000	0.000000e+00
1.743422e+01	3.690165e+00	4.179394e-04	77958762.000000	0.000000e+00
1.743621e+01	3.688787e+00	4.181747e-04	77812918.000000	0.000000e+00
1.743820e+01	3.690392e+00	4.185429e-04	77743656.000000	0.000000e+00
1.744020e+01	3.689397e+00	4.187830e-04	77612680.000000	0.000000e+00
1.744219e+01	3.689767e+00	4.190139e-04	77542710.000000	0.000000e+00
1.744419e+01	3.689711e+00	4.192650e-04	77447512.000000	0.000000e+00
1.744618e+01	3.688852e+00	4.195856e-04	77293222.000000	0.000000e+00
1.744818e+01	3.691248e+00	4.199662e-04	77253426.000000	0.000000e+00
1.745017e+01	3.690304e+00	4.202364e-04	77114650.000000	0.000000e+00
1.745217e+01	3.690703e+00	4.204753e-04	77043720.000000	0.000000e+00
1.745416e+01	3.690432e+00	4.208036e-04	76912240.000000	0.000000e+00
1.745616e+01	3.690961e+00	4.211062e-04	76823772.000000	0.000000e+00
1.745815e+01	3.691402e+00	4.213907e-04	76738426.000000	0.000000e+00
1.746015e+01	3.690565e+00	4.216645e-04	76604032.000000	0.000000e+00
1.746214e+01	3.691070e+00	4.219494e-04	76521540.000000	0.000000e+00
1.746413e+01	3.691036e+00	4.222421e-04	76414102.000000	0.000000e+00
1.746613e+01	3.691789e+00	4.225783e-04	76323684.000000	0.000000e+00
1.746812e+01	3.691700e+00	4.228915e-04	76206988.000000	0.000000e+00
1.747012e+01	3.690920e+00	4.230809e-04	76106616.000000	0.000000e+00
1.747211e+01	3.692219e+00	4.234305e-04	76034482.000000	0.000000e+00
1.747411e+01	3.691718e+00	4.237669e-04	75893206.000000	0.000000e+00
1.747610e+01	3.692497e+00	4.240642e-04	75818826.000000	0.000000e+00
1.747810e+01	3.691756e+00	4.242745e-04	75713302.000000	0.000000e+00
1.748009e+01	3.691452e+00	4.245434e-04	75604956.000000	0.000000e+00
1.748209e+01	3.692566e+00	4.249337e-04	75511672.000000	0.000000e+00
1.748408e+01	3.691972e+00	4.252039e-04	75391504.000000	0.000000e+00
1.748608e+01	3.692752e+00	4.255207e-04	75311070.000000	0.000000e+00
1.748807e+01	3.692434e+00	4.257585e-04	75214036.000000	0.000000e+00
1.749007e+01	3.692200e+00	4.261144e-04	75078930.000000	0.000000e+00
1.749206e+01	3.693584e+00	4.265012e-04	74999002.000000	0.000000e+00
1.749405e+01	3.692546e+00	4.267129e-04	74882502.000000	0.000000e+00
1.749605e+01	3.692801e+00	4.269570e-04	74807206.000000	0.000000e+00
1.749804e+01	3.693480e+00	4.273797e-04	74686804.000000	0.000000e+00
1.750004e+01	3.692908e+00	4.275704e-04	74597070.000000	0.000000e+00
1.750203e+01	3.692883e+00	4.278392e-04	74502346.000000	0.000000e+00
1.750403e+01	3.692379e+00	4.281767e-04	74364618.000000	0.000000e+00
1.750602e+01	3.694179e+00	4.285511e-04	74307148.000000	0.000000e+00
1.750802e+01	3.692844e+00	4.287934e-04	74169564.000000	0.000000e+00
1.751001e+01	3.693749e+00	4.291163e-04	74094262.000000	0.000000e+00
1.751201e+01	3.693306e+00	4.293961e-04	73980004.000000	0.000000e+00
1.751400e+01	3.692323e+00	4.296124e-04	73866222.000000	0.000000e+00
1.751600e+01	3.693298e+00	4.299609e-04	73785466.000000	0.000000e+00
1.751799e+01	3.692701e+00	4.302749e-04	73653978.000000	0.000000e+00
1.751999e+01	3.693855e+00	4.305787e-04	73596064.000000	0.000000e+00
1.752198e+01	3.692965e+00	4.308903e-04	73454244.000000	0.000000e+00
1.752397e+01	3.693543e+00	4.312227e-04	73364014.000000	0.000000e+00
1.752597e+01	3.693262e+00	4.313889e-04	73296328.000000	0.000000e+00
1.752796e+01	3.692083e+00	4.317692e-04	73120578.000000	0.000000e+00
1.752996e+01	3.693846e+00	4.320679e-04	73089250.000000	0.000000e+00
1.753195e+01	3.692068e+00	4.322462e-04	72958686.000000	0.000000e+00
1.753395e+01	3.693396e+00	4.326903e-04	72861412.000000	0.000000e+00
1.753594e+01	3.692619e+00	4.329297e-04	72750220.000000	0.000000e+00
1.753794e+01	3.692189e+00	4.331807e-04	72649014.000000	0.000000e+00
1.753993e+01	3.693945e+00	4.336358e-04	72565564.000000	0.000000e+00
1.754193e+01	3.691976e+00	4.338259e-04	72424704.000000	0.000000e+00
1.754392e+01	3.692448e+00	4.340843e-04	72357016.000000	0.000000e+00
1.754592e+01	3.691847e+00	4.343403e-04	72248238.000000	0.000000e+00
1.754791e+01	3.692843e+00	4.347934e-04	72136636.000000	0.000000e+00
1.754990e+01	3.692971e+00	4.350858e-04	72044680.000000	0.000000e+00
1.755190e+01	3.692347e+00	4.354129e-04	71912160.000000	0.000000e+00
1.755389e+01	3.693312e+00	4.356788e-04	71861986.000000	0.000000e+00
1.755589e+01	3.691498e+00	4.358739e-04	71727144.000000	0.000000e+00
1.755788e+01	3.692582e+00	4.362833e-04	71634640.000000	0.000000e+00
1.755988e+01	3.692724e+00	4.366242e-04	71528334.000000	0.000000e+00
1.756187e+01	3.691797e+00	4.368701e-04	71411968.000000	0.000000e+00
1.756387e+01	3.692067e+00	4.371167e-04	71341864.000000	0.000000e+00
1.756586e+01	3.691729e+00	4.375220e-04	71196708.000000	0.000000e+00
1.756786e+01	3.691886e+00	4.377886e-04	71116066.000000	0.000000e+00
1.756985e+01	3.692208e+00	4.380837e-04	71032656.000000	0.000000e+00
1.757185e+01	3.691773e+00	4.384259e-04	70905088.000000	0.000000e+00
1.757384e+01	3.690910e+00	4.386696e-04	70793226.000000	0.000000e+00
1.757583e+01	3.690995e+00	4.389059e-04	70720294.000000	0.000000e+00
1.757783e+01	3.691989e+00	4.393801e-04	70605754.000000	0.000000e+00
1.757982e+01	3.691401e+00	4.396665e-04	70491348.000000	0.000000e+00
1.758182e+01	3.690567e+00	4.398671e-04	70395262.000000	0.000000e+00
1.758381e+01	3.690479e+00	4.401013e-04	70316952.000000	0.000000e+00
1.758581e+01	3.690460e+00	4.405610e-04	70169584.000000	0.000000e+00
1.758780e+01	3.690900e+00	4.408141e-04	70105762.000000	0.000000e+00
1.758980e+01	3.688770e+00	4.409855e-04	69970422.000000	0.000000e+00
1.759179e+01	3.690133e+00	4.414034e-04	69889630.000000	0.000000e+00
1.759379e+01	3.690602e+00	4.417532e-04	69796692.000000	0.000000e+00
1.759578e+01	3.688629e+00	4.419946e-04	69645970.000000	0.000000e+00
1.759778e+01	3.689768e+00	4.422442e-04	69610356.000000	0.000000e+00
1.759977e+01	3.688902e+00	4.426464e-04	69451300.000000	0.000000e+00
1.760177e+01	3.689322e+00	4.429601e-04	69368758.000000	0.000000e+00
1.760376e+01	3.688407e+00	4.431482e-04	69275502.000000	0.000000e+00
1.760575e+01	3.688366e+00	4.435351e-04	69153154.000000	0.000000e+00
1.760775e+01	3.687911e+00	4.437436e-04	69071136.000000	0.000000e+00
1.760974e+01	3.687190e+00	4.441094e-04	68930458.000000	0.000000e+00
1.761174e+01	3.688795e+00	4.444629e-04	68880756.000000	0.000000e+00
1.761373e+01	3.686635e+00	4.446576e-04	68739904.000000	0.000000e+00
1.761573e+01	3.687231e+00	4.450019e-04	68655754.000000	0.000000e+00
1.761772e+01	3.686220e+00	4.452360e-04	68545962.000000	0.000000e+00
1.761972e+01	3.685540e+00	4.455655e-04	68419366.000000	0.000000e+00
1.762171e+01	3.687321e+00	4.459354e-04	68371968.000000	0.000000e+00
1.762371e+01	3.684928e+00	4.461840e-04	68207200.000000	0.000000e+00
1.762570e+01	3.686662e+00	4.466052e-04	68142682.000000	0.000000e+00
1.762770e+01	3.685742e+00	4.468576e-04	68031744.000000	0.000000e+00
1.762969e+01	3.684452e+00	4.471132e-04	67906438.000000	0.000000e+00
1.763169e+01	3.684921e+00	4.474012e-04	67836282.000000	0.000000e+00
1.763368e+01	3.683357e+00	4.476776e-04	67695046.000000	0.000000e+00
1.763567e+01	3.683626e+00	4.479246e-04	67630296.000000	0.000000e+00
1.763767e+01	3.683395e+00	4.483164e-04	67503652.000000	0.000000e+00
1.763966e+01	3.683949e+00	4.486617e-04	67420090.000000	0.000000e+00
1.764166e+01	3.683003e+00	4.489202e-04	67307868.000000	0.000000e+00
1.764365e+01	3.681983e+00	4.492480e-04	67172446.000000	0.000000e+00
1.764565e+01	3.682923e+00	4.495225e-04	67124706.000000	0.000000e+00
1.764764e+01	3.681057e+00	4.497982e-04	66974518.000000	0.000000e+00
1.764964e+01	3.682161e+00	4.501335e-04	66914910.000000	0.000000e+00
1.765163e+01	3.680208e+00	4.503995e-04	66764998.000000	0.000000e+00
1.765363e+01	3.680335e+00	4.506880e-04	66684154.000000	0.000000e+00
1.765562e+01	3.679889e+00	4.509602e-04	66587544.000000	0.000000e+00
1.765762e+01	3.678501e+00	4.512647e-04	66447568.000000	0.000000e+00
1.765961e+01	3.680266e+00	4.516966e-04	66384204.000000	0.000000e+00
1.766160e+01	3.678687e+00	4.519040e-04	66266374.000000	0.000000e+00
1.766360e+01	3.678486e+00	4.522547e-04	66156450.000000	0.000000e+00
1.766559e+01	3.678540e+00	4.525328e-04	66077080.000000	0.000000e+00
1.766759e+01	3.675582e+00	4.526659e-04	65932078.000000	0.000000e+00
1.766958e+01	3.678090e+00	4.531563e-04	65879232.000000	0.000000e+00
1.767158e+01	3.675080e+00	4.532762e-04	65736652.000000	0.000000e+00
1.767357e+01	3.675501e+00	4.535751e-04	65665104.000000	0.000000e+00
1.767557e+01	3.674641e+00	4.539826e-04	65516590.000000	0.000000e+00
1.767756e+01	3.675209e+00	4.543751e-04	65423686.000000	0.000000e+00
1.767956e+01	3.674926e+00	4.545853e-04	65353158.000000	0.000000e+00
1.768155e+01	3.672591e+00	4.548080e-04	65206222.000000	0.000000e+00
1.768355e+01	3.674228e+00	4.552564e-04	65135856.000000	0.000000e+00
1.768554e+01	3.673109e+00	4.555311e-04	65017684.000000	0.000000e+00
1.768754e+01	3.671902e+00	4.557082e-04	64924488.000000	0.000000e+00
1.768953e+01	3.671625e+00	4.560871e-04	64806862.000000	0.000000e+00
1.769152e+01	3.669600e+00	4.562609e-04	64686100.000000	0.000000e+00
1.769352e+01	3.671662e+00	4.567577e-04	64618032.000000	0.000000e+00
1.769551e+01	3.669450e+00	4.569057e-04	64498354.000000	0.000000e+00
1.769751e+01	3.669265e+00	4.571900e-04	64411692.000000	0.000000e+00
1.769950e+01	3.668860e+00	4.576319e-04	64273192.000000	0.000000e+00
1.770150e+01	3.667327e+00	4.577690e-04	64180986.000000	0.000000e+00
1.770349e+01	3.667242e+00	4.580385e-04	64102540.000000	0.000000e+00
1.770549e+01	3.666190e+00	4.584206e-04	63958996.000000	0.000000e+00
1.770748e+01	3.666719e+00	4.587769e-04	63878148.000000	0.000000e+00
1.770948e+01	3.664681e+00	4.588787e-04	63778846.000000	0.000000e+00
1.771147e+01	3.664744e+00	4.592850e-04	63668208.000000	0.000000e+00
1.771347e+01	3.663469e+00	4.595365e-04	63554308.000000	0.000000e+00
1.771546e+01	3.663123e+00	4.599180e-04	63436926.000000	0.000000e+00
1.771745e+01	3.662602e+00	4.600982e-04	63369220.000000	0.000000e+00
1.771945e+01	3.661101e+00	4.603660e-04	63243628.000000	0.000000e+00
1.772144e+01	3.661180e+00	4.607417e-04	63143268.000000	0.000000e+00
1.772344e+01	3.660104e+00	4.610147e-04	63031450.000000	0.000000e+00
1.772543e+01	3.659294e+00	4.612567e-04	62937462.000000	0.000000e+00
1.772743e+01	3.659647e+00	4.616548e-04	62841106.000000	0.000000e+00
1.772942e+01	3.658086e+00	4.619796e-04	62699230.000000	0.000000e+00
1.773142e+01	3.657589e+00	4.621238e-04	62643072.000000	0.000000e+00
1.773341e+01	3.656570e+00	4.625056e-04	62504836.000000	0.000000e+00
1.773541e+01	3.655859e+00	4.627472e-04	62415324.000000	0.000000e+00
1.773740e+01	3.655614e+00	4.631401e-04	62301118.000000	0.000000e+00
1.773940e+01	3.653110e+00	4.632327e-04	62190960.000000	0.000000e+00
1.774139e+01	3.653268e+00	4.635555e-04	62109712.000000	0.000000e+00
1.774339e+01	3.652082e+00	4.638650e-04	61986622.000000	0.000000e+00
1.774538e+01	3.651143e+00	4.641720e-04	61872792.000000	0.000000e+00
1.774737e+01	3.650822e+00	4.644847e-04	61778668.000000	0.000000e+00
1.774937e+01	3.649642e+00	4.646701e-04	61689474.000000	0.000000e+00
1.775136e+01	3.648775e+00	4.650384e-04	61562560.000000	0.000000e+00
1.775336e+01	3.648353e+00	4.653648e-04	61461996.000000	0.000000e+00
1.775535e+01	3.648004e+00	4.656283e-04	61380700.000000	0.000000e+00
1.775735e+01	3.645502e+00	4.658152e-04	61247350.000000	0.000000e+00
1.775934e+01	3.645570e+00	4.661644e-04	61157904.000000	0.000000e+00
1.776134e+01	3.644581e+00	4.665040e-04	61035784.000000	0.000000e+00
1.776333e+01	3.643204e+00	4.666662e-04	60947274.000000	0.000000e+00
1.776533e+01	3.643756e+00	4.671527e-04	60838816.000000	0.000000e+00
1.776732e+01	3.641017e+00	4.672601e-04	60719460.000000	0.000000e+00
1.776932e+01	3.639898e+00	4.674575e-04	60630928.000000	0.000000e+00
1.777131e+01	3.639080e+00	4.677070e-04	60539024.500000	0.000000e+00
1.777331e+01	3.638387e+00	4.681486e-04	60401880.000000	0.000000e+00
1.777530e+01	3.637735e+00	4.684448e-04	60303889.000000	0.000000e+00
1.777729e+01	3.636106e+00	4.685120e-04	60232623.000000	0.000000e+00
1.777929e+01	3.636247e+00	4.690063e-04	60110368.000000	0.000000e+00
1.778128e+01	3.635420e+00	4.692486e-04	60020980.000000	0.000000e+00
1.778328e+01	3.635650e+00	4.696629e-04	59922726.000000	0.000000e+00
1.778527e+01	3.634398e+00	4.699075e-04	59819161.000000	0.000000e+00
1.778727e+01	3.633361e+00	4.701075e-04	59734134.000000	0.000000e+00
1.778926e+01	3.633134e+00	4.705123e-04	59623951.000000	0.000000e+00
1.779126e+01	3.631285e+00	4.706379e-04	59531517.000000	0.000000e+00
1.779325e+01	3.630771e+00	4.709124e-04	59445286.000000	0.000000e+00
1.779525e+01	3.631024e+00	4.713672e-04	59338894.000000	0.000000e+00
1.779724e+01	3.630865e+00	4.717437e-04	59239044.000000	0.000000e+00
1.779924e+01	3.630424e+00	4.719976e-04	59160940.000000	0.000000e+00
1.780123e+01	3.629168e+00	4.721699e-04	59076873.000000	0.000000e+00
1.780322e+01	3.628302e+00	4.725194e-04	58961377.000000	0.000000e+00
1.780522e+01	3.627747e+00	4.727764e-04	58879254.000000	0.000000e+00
1.780721e+01	3.626587e+00	4.729977e-04	58786558.000000	0.000000e+00
1.780921e+01	3.627017e+00	4.734059e-04	58699138.000000	0.000000e+00
1.781120e+01	3.626836e+00	4.737966e-04	58596543.000000	0.000000e+00
1.781320e+01	3.625359e+00	4.739796e-04	58503628.000000	0.000000e+00
1.781519e+01	3.624837e+00	4.742026e-04	58431759.000000	0.000000e+00
1.781719e+01	3.625195e+00	4.746990e-04	58321144.000000	0.000000e+00
1.781918e+01	3.624417e+00	4.749640e-04	58231117.000000	0.000000e+00
1.782118e+01	3.623985e+00	4.751786e-04	58164636.000000	0.000000e+00
1.782317e+01	3.624361e+00	4.756510e-04	58061221.000000	0.000000e+00
1.782517e+01	3.623585e+00	4.759570e-04	57961725.000000	0.000000e+00
1.782716e+01	3.622778e+00	4.761915e-04	57878902.000000	0.000000e+00
1.782916e+01	3.621505e+00	4.763367e-04	57802941.000000	0.000000e+00
1.783115e+01	3.621106e+00	4.767257e-04	57695938.000000	0.000000e+00
1.783314e+01	3.622061e+00	4.771561e-04	57622282.000000	0.000000e+00
1.783514e+01	3.621242e+00	4.774717e-04	57520134.000000	0.000000e+00
1.783713e+01	3.620867e+00	4.777342e-04	57445042.000000	0.000000e+00
1.783913e+01	3.619783e+00	4.779679e-04	57354519.000000	0.000000e+00
1.784112e+01	3.619276e+00	4.782765e-04	57264463.000000	0.000000e+00
1.784312e+01	3.620177e+00	4.787653e-04	57176082.000000	0.000000e+00
1.784511e+01	3.619072e+00	4.789701e-04	57092311.000000	0.000000e+00
1.784711e+01	3.617539e+00	4.791247e-04	57007156.000000	0.000000e+00
1.784910e+01	3.619013e+00	4.797280e-04	56910207.000000	0.000000e+00
1.785110e+01	3.618147e+00	4.799140e-04	56838871.000000	0.000000e+00
1.785309e+01	3.617052e+00	4.801514e-04	56748324.000000	0.000000e+00
1.785509e+01	3.616564e+00	4.804274e-04	56667859.000000	0.000000e+00
1.785708e+01	3.616564e+00	4.808943e-04	56557872.000000	0.000000e+00
1.785907e+01	3.615638e+00	4.810040e-04	56503144.000000	0.000000e+00
1.786107e+01	3.615423e+00	4.813982e-04	56403916.000000	0.000000e+00
1.786306e+01	3.615897e+00	4.818370e-04	56316000.000000	0.000000e+00
1.786506e+01	3.615760e+00	4.821565e-04	56237140.000000	0.000000e+00
1.786705e+01	3.616144e+00	4.825490e-04	56157609.000000	0.000000e+00
1.786905e+01	3.614695e+00	4.827526e-04	56065300.000000	0.000000e+00
1.787104e+01	3.614240e+00	4.830424e-04	55983925.000000	0.000000e+00
1.787304e+01	3.614378e+00	4.834179e-04	55901268.000000	0.000000e+00
1.787503e+01	3.613530e+00	4.836324e-04	55825501.000000	0.000000e+00
1.787703e+01	3.613783e+00	4.840895e-04	55727913.000000	0.000000e+00
1.787902e+01	3.613621e+00	4.844127e-04	55648591.000000	0.000000e+00
1.788102e+01	3.612796e+00	4.846546e-04	55567668.000000	0.000000e+00
1.788301e+01	3.612113e+00	4.849158e-04	55486834.000000	0.000000e+00
1.788501e+01	3.612283e+00	4.852867e-04	55407253.000000	0.000000e+00
1.788700e+01	3.612367e+00	4.856624e-04	55324161.000000	0.000000e+00
1.788899e+01	3.612084e+00	4.860312e-04	55231585.000000	0.000000e+00
1.789099e+01	3.611412e+00	4.862474e-04	55161945.000000	0.000000e+00
1.789298e+01	3.611367e+00	4.866631e-04	55066366.000000	0.000000e+00
1.789498e+01	3.610037e+00	4.867875e-04	54997701.000000	0.000000e+00
1.789697e+01	3.611758e+00	4.873554e-04	54921910.000000	0.000000e+00
1.789897e+01	3.610631e+00	4.876452e-04	54822457.000000	0.000000e+00
1.790096e+01	3.610036e+00	4.879301e-04	54740370.000000	0.000000e+00
1.790296e+01	3.610298e+00	4.882789e-04	54670162.000000	0.000000e+00
1.790495e+01	3.610159e+00	4.885972e-04	54594726.000000	0.000000e+00
1.790695e+01	3.608019e+00	4.887355e-04	54499165.000000	0.000000e+00
1.790894e+01	3.609208e+00	4.892335e-04	54424110.000000	0.000000e+00
1.791094e+01	3.609795e+00	4.896218e-04	54355510.000000	0.000000e+00
1.791293e+01	3.608722e+00	4.898602e-04	54270334.000000	0.000000e+00
1.791493e+01	3.609662e+00	4.903816e-04	54183222.000000	0.000000e+00
1.791692e+01	3.607482e+00	4.904307e-04	54106951.000000	0.000000e+00
1.791891e+01	3.607854e+00	4.908310e-04	54029862.000000	0.000000e+00
1.792091e+01	3.608077e+00	4.912303e-04	53948734.000000	0.000000e+00
1.792290e+01	3.607719e+00	4.915454e-04	53868910.000000	0.000000e+00
1.792490e+01	3.607126e+00	4.918163e-04	53791911.000000	0.000000e+00
1.792689e+01	3.607377e+00	4.922337e-04	53708182.000000	0.000000e+00
1.792889e+01	3.607795e+00	4.926003e-04	53640690.000000	0.000000e+00
1.793088e+01	3.607174e+00	4.929505e-04	53546059.000000	0.000000e+00
1.793288e+01	3.605804e+00	4.930767e-04	53478030.000000	0.000000e+00
1.793487e+01	3.606476e+00	4.935166e-04	53402623.000000	0.000000e+00
1.793687e+01	3.606602e+00	4.939527e-04	53312083.000000	0.000000e+00
1.793886e+01	3.606279e+00	4.942258e-04	53243646.000000	0.000000e+00
1.794086e+01	3.606205e+00	4.946210e-04	53156395.000000	0.000000e+00
1.794285e+01	3.606278e+00	4.948612e-04	53106975.000000	0.000000e+00
1.794485e+01	3.606243e+00	4.953555e-04	53000011.000000	0.000000e+00
1.794684e+01	3.604579e+00	4.954839e-04	52923678.000000	0.000000e+00
1.794883e+01	3.605918e+00	4.959137e-04	52871239.000000	0.000000e+00
1.795083e+01	3.605288e+00	4.963152e-04	52767283.000000	0.000000e+00
1.795282e+01	3.606144e+00	4.967728e-04	52695135.000000	0.000000e+00
1.795482e+01	3.606016e+00	4.970809e-04	52626115.000000	0.000000e+00
1.795681e+01	3.604935e+00	4.972672e-04	52555167.000000	0.000000e+00
1.795881e+01	3.604408e+00	4.975791e-04	52473931.000000	0.000000e+00
1.796080e+01	3.604801e+00	4.980813e-04	52379611.000000	0.000000e+00
1.796280e+01	3.604262e+00	4.982754e-04	52323123.000000	0.000000e+00
1.796479e+01	3.605038e+00	4.987545e-04	52245160.000000	0.000000e+00
1.796679e+01	3.604423e+00	4.990628e-04	52162827.000000	0.000000e+00
1.796878e+01	3.603453e+00	4.993089e-04	52083367.000000	0.000000e+00
1.797078e+01	3.603835e+00	4.996215e-04	52029243.000000	0.000000e+00
1.797277e+01	3.603900e+00	5.000916e-04	51933364.000000	0.000000e+00
1.797476e+01	3.602684e+00	5.002990e-04	51855307.000000	0.000000e+00
1.797676e+01	3.603311e+00	5.006590e-04	51798783.000000	0.000000e+00
1.797875e+01	3.603846e+00	5.011787e-04	51706756.000000	0.000000e+00
1.798075e+01	3.601636e+00	5.011651e-04	51646155.000000	0.000000e+00
1.798274e+01	3.603649e+00	5.018652e-04	51559744.000000	0.000000e+00
1.798474e+01	3.602915e+00	5.020838e-04	51493863.000000	0.000000e+00
1.798673e+01	3.602128e+00	5.024167e-04	51403204.000000	0.000000e+00
1.798873e+01	3.603075e+00	5.028171e-04	51348343.000000	0.000000e+00
1.799072e+01	3.602883e+00	5.032536e-04	51253848.000000	0.000000e+00
1.799272e+01	3.602791e+00	5.034792e-04	51205339.000000	0.000000e+00
1.799471e+01	3.601961e+00	5.037643e-04	51123804.000000	0.000000e+00
1.799671e+01	3.602475e+00	5.042974e-04	51030352.000000	0.000000e+00
1.799870e+01	3.602472e+00	5.045955e-04	50969967.000000	0.000000e+00
1.800070e+01	3.602336e+00	5.049115e-04	50902360.000000	0.000000e+00
1.800269e+01	3.601560e+00	5.052257e-04	50817160.000000	0.000000e+00
1.800468e+01	3.600863e+00	5.054574e-04	50750943.000000	0.000000e+00
1.800668e+01	3.600748e+00	5.057901e-04	50680948.000000	0.000000e+00
1.800867e+01	3.602083e+00	5.063667e-04	50603100.000000	0.000000e+00
1.801067e+01	3.601672e+00	5.067168e-04	50521684.000000	0.000000e+00
1.801266e+01	3.601809e+00	5.070836e-04	50452456.000000	0.000000e+00
1.801466e+01	3.601710e+00	5.073477e-04	50397156.000000	0.000000e+00
1.801665e+01	3.601606e+00	5.077912e-04	50306260.000000	0.000000e+00
1.801865e+01	3.601211e+00	5.081204e-04	50230080.000000	0.000000e+00
1.802064e+01	3.601157e+00	5.083942e-04	50174479.000000	0.000000e+00
1.802264e+01	3.600700e+00	5.087565e-04	50090316.000000	0.000000e+00
1.802463e+01	3.600860e+00	5.091366e-04	50020024.000000	0.000000e+00
1.802663e+01	3.601491e+00	5.095756e-04	49951369.000000	0.000000e+00
1.802862e+01	3.600970e+00	5.098430e-04	49884552.000000	0.000000e+00
1.803061e+01	3.600588e+00	5.102248e-04	49799344.000000	0.000000e+00
1.803261e+01	3.600951e+00	5.105838e-04	49739364.000000	0.000000e+00
1.803460e+01	3.601093e+00	5.110206e-04	49658296.000000	0.000000e+00
1.803660e+01	3.600441e+00	5.112529e-04	49595220.000000	0.000000e+00
1.803859e+01	3.599915e+00	5.115392e-04	49525252.000000	0.000000e+00
1.804059e+01	3.600286e+00	5.120300e-04	49440520.000000	0.000000e+00
1.804258e+01	3.600999e+00	5.124593e-04	49377309.000000	0.000000e+00
1.804458e+01	3.600613e+00	5.127572e-04	49309348.000000	0.000000e+00
1.804657e+01	3.600112e+00	5.130692e-04	49235700.000000	0.000000e+00
1.804857e+01	3.601545e+00	5.137325e-04	49147756.000000	0.000000e+00
1.805056e+01	3.600329e+00	5.138213e-04	49097577.000000	0.000000e+00
1.805256e+01	3.600239e+00	5.141110e-04	49039816.000000	0.000000e+00
1.805455e+01	3.600819e+00	5.146643e-04	48950188.000000	0.000000e+00
1.805655e+01	3.599044e+00	5.148399e-04	48868593.000000	0.000000e+00
1.805854e+01	3.600456e+00	5.152512e-04	48828904.000000	0.000000e+00
1.806053e+01	3.600653e+00	5.157423e-04	48741288.000000	0.000000e+00
1.806253e+01	3.599507e+00	5.159756e-04	48666247.000000	0.000000e+00
1.806452e+01	3.600061e+00	5.164043e-04	48600412.000000	0.000000e+00
1.806652e+01	3.599804e+00	5.167534e-04	48527841.000000	0.000000e+00
1.806851e+01	3.599969e+00	5.171035e-04	48466588.000000	0.000000e+00
1.807051e+01	3.601057e+00	5.176370e-04	48395997.000000	0.000000e+00
1.807250e+01	3.598581e+00	5.177154e-04	48314812.000000	0.000000e+00
1.807450e+01	3.599957e+00	5.182333e-04	48255177.000000	0.000000e+00
1.807649e+01	3.599551e+00	5.185087e-04	48193072.000000	0.000000e+00
1.807849e+01	3.599318e+00	5.188914e-04	48115765.000000	0.000000e+00
1.808048e+01	3.599699e+00	5.193542e-04	48040236.000000	0.000000e+00
1.808248e+01	3.600241e+00	5.197041e-04	47990005.000000	0.000000e+00
1.808447e+01	3.600705e+00	5.202452e-04	47902596.000000	0.000000e+00
1.808646e+01	3.599972e+00	5.204566e-04	47844193.000000	0.000000e+00
1.808846e+01	3.601127e+00	5.210357e-04	47768541.000000	0.000000e+00
1.809045e+01	3.599694e+00	5.211734e-04	47705320.000000	0.000000e+00
1.809245e+01	3.599843e+00	5.215564e-04	47639197.000000	0.000000e+00
1.809444e+01	3.599601e+00	5.219660e-04	47558061.000000	0.000000e+00
1.809644e+01	3.598951e+00	5.222168e-04	47495248.000000	0.000000e+00
1.809843e+01	3.600724e+00	5.227520e-04	47444769.000000	0.000000e+00
1.810043e+01	3.600330e+00	5.231999e-04	47353189.000000	0.000000e+00
1.810242e+01	3.600243e+00	5.235720e-04	47283633.000000	0.000000e+00
1.810442e+01	3.600230e+00	5.238112e-04	47240116.000000	0.000000e+00
1.810641e+01	3.599563e+00	5.242142e-04	47150017.000000	0.000000e+00
1.810841e+01	3.600549e+00	5.246804e-04	47092077.000000	0.000000e+00
1.811040e+01	3.600586e+00	5.250976e-04	47018245.000000	0.000000e+00
1.811240e+01	3.599323e+00	5.252411e-04	46959573.000000	0.000000e+00
1.811439e+01	3.600533e+00	5.257917e-04	46892788.000000	0.000000e+00
1.811638e+01	3.599517e+00	5.260660e-04	46817461.000000	0.000000e+00
1.811838e+01	3.600115e+00	5.265360e-04	46749465.000000	0.000000e+00
1.812037e+01	3.600432e+00	5.268767e-04	46697233.000000	0.000000e+00
1.812237e+01	3.599612e+00	5.271743e-04	46623297.000000	0.000000e+00
1.812436e+01	3.599805e+00	5.276896e-04	46537261.000000	0.000000e+00
1.812636e+01	3.601099e+00	5.280653e-04	46504497.000000	0.000000e+00
1.812835e+01	3.600868e+00	5.285398e-04	46415065.000000	0.000000e+00
1.813035e+01	3.600767e+00	5.289251e-04	46344877.000000	0.000000e+00
1.813234e+01	3.600140e+00	5.291444e-04	46290333.000000	0.000000e+00
1.813434e+01	3.600208e+00	5.295250e-04	46225573.000000	0.000000e+00
1.813633e+01	3.600319e+00	5.299445e-04	46155261.000000	0.000000e+00
1.813833e+01	3.601287e+00	5.305003e-04	46083373.000000	0.000000e+00
1.814032e+01	3.600469e+00	5.307511e-04	46018917.000000	0.000000e+00
1.814231e+01	3.601059e+00	5.311731e-04	45960865.000000	0.000000e+00
1.814431e+01	3.601375e+00	5.315796e-04	45898669.000000	0.000000e+00
1.814630e+01	3.601985e+00	5.322116e-04	45805245.000000	0.000000e+00
1.814830e+01	3.600380e+00	5.321622e-04	45772909.000000	0.000000e+00
1.815029e+01	3.600336e+00	5.325904e-04	45698229.000000	0.000000e+00
1.815229e+01	3.600721e+00	5.330838e-04	45623425.000000	0.000000e+00
1.815428e+01	3.600977e+00	5.335313e-04	45553393.000000	0.000000e+00
1.815628e+01	3.600660e+00	5.337378e-04	45510141.000000	0.000000e+00
1.815827e+01	3.601772e+00	5.343878e-04	45427549.000000	0.000000e+00
1.816027e+01	3.600378e+00	5.345091e-04	45371793.000000	0.000000e+00
1.816226e+01	3.600916e+00	5.350554e-04	45292738.000000	0.000000e+00
1.816426e+01	3.600378e+00	5.352683e-04	45243189.000000	0.000000e+00
1.816625e+01	3.601487e+00	5.358543e-04	45172105.000000	0.000000e+00
1.816825e+01	3.601250e+00	5.362193e-04	45104677.000000	0.000000e+00
1.817024e+01	3.601434e+00	5.366331e-04	45039753.000000	0.000000e+00
1.817223e+01	3.601350e+00	5.369641e-04	44982151.000000	0.000000e+00
1.817423e+01	3.599913e+00	5.371651e-04	44912622.000000	0.000000e+00
1.817622e+01	3.602522e+00	5.379531e-04	44846077.000000	0.000000e+00
1.817822e+01	3.603099e+00	5.383733e-04	44790453.000000	0.000000e+00
1.818021e+01	3.602233e+00	5.386754e-04	44718709.000000	0.000000e+00
1.818221e+01	3.602592e+00	5.390749e-04	44661358.000000	0.000000e+00
1.818420e+01	3.603676e+00	5.397240e-04	44580813.000000	0.000000e+00
1.818620e+01	3.601976e+00	5.397328e-04	44537317.000000	0.000000e+00
1.818819e+01	3.602604e+00	5.402205e-04	44472438.000000	0.000000e+00
1.819019e+01	3.601789e+00	5.406164e-04	44387233.000000	0.000000e+00
1.819218e+01	3.602971e+00	5.410935e-04	44338077.000000	0.000000e+00
1.819418e+01	3.601834e+00	5.412882e-04	44278234.000000	0.000000e+00
1.819617e+01	3.602140e+00	5.417450e-04	44211097.000000	0.000000e+00
1.819817e+01	3.602948e+00	5.422884e-04	44142333.000000	0.000000e+00
1.820016e+01	3.603608e+00	5.427759e-04	44079226.000000	0.000000e+00
1.820215e+01	3.603899e+00	5.431160e-04	44031141.000000	0.000000e+00
1.820415e+01	3.603538e+00	5.435761e-04	43947853.000000	0.000000e+00
1.820614e+01	3.603818e+00	5.439354e-04	43896622.000000	0.000000e+00
1.820814e+01	3.603100e+00	5.442572e-04	43827261.000000	0.000000e+00
1.821013e+01	3.603472e+00	5.446548e-04	43772326.000000	0.000000e+00
1.821213e+01	3.602925e+00	5.450451e-04	43696377.000000	0.000000e+00
1.821412e+01	3.603940e+00	5.455004e-04	43648057.000000	0.000000e+00
1.821612e+01	3.603588e+00	5.458363e-04	43585842.000000	0.000000e+00
1.821811e+01	3.604090e+00	5.463458e-04	43516717.000000	0.000000e+00
1.822011e+01	3.603773e+00	5.466958e-04	43453354.000000	0.000000e+00
1.822210e+01	3.604175e+00	5.471283e-04	43394373.000000	0.000000e+00
1.822410e+01	3.604622e+00	5.476336e-04	43325086.000000	0.000000e+00
1.822609e+01	3.603838e+00	5.478406e-04	43273509.000000	0.000000e+00
1.822808e+01	3.604745e+00	5.484829e-04	43193938.000000	0.000000e+00
1.823008e+01	3.605123e+00	5.488175e-04	43150341.000000	0.000000e+00
1.823207e+01	3.605107e+00	5.491827e-04	43092598.000000	0.000000e+00
1.823407e+01	3.605182e+00	5.496776e-04	43016821.000000	0.000000e+00
1.823606e+01	3.604997e+00	5.501489e-04	42938730.000000	0.000000e+00
1.823806e+01	3.605806e+00	5.504717e-04	42907657.000000	0.000000e+00
1.824005e+01	3.604883e+00	5.507707e-04	42839130.000000	0.000000e+00
1.824205e+01	3.605172e+00	5.512566e-04	42770506.000000	0.000000e+00
1.824404e+01	3.605601e+00	5.517756e-04	42700257.000000	0.000000e+00
1.824604e+01	3.606339e+00	5.521251e-04	42663670.000000	0.000000e+00
1.824803e+01	3.606071e+00	5.525769e-04	42587593.000000	0.000000e+00
1.825003e+01	3.606277e+00	5.530543e-04	42518958.000000	0.000000e+00
1.825202e+01	3.605486e+00	5.532598e-04	42468742.000000	0.000000e+00
1.825402e+01	3.606320e+00	5.537359e-04	42415353.000000	0.000000e+00
1.825601e+01	3.606441e+00	5.542543e-04	42338902.000000	0.000000e+00
1.825800e+01	3.607574e+00	5.548703e-04	42271507.000000	0.000000e+00
1.826000e+01	3.606655e+00	5.549823e-04	42232902.000000	0.000000e+00
1.826199e+01	3.606651e+00	5.554403e-04	42163174.000000	0.000000e+00
1.826399e+01	3.606923e+00	5.559274e-04	42095673.000000	0.000000e+00
1.826598e+01	3.606680e+00	5.562550e-04	42040450.000000	0.000000e+00
1.826798e+01	3.606065e+00	5.565396e-04	41983158.000000	0.000000e+00
1.826997e+01	3.608098e+00	5.572682e-04	41920657.000000	0.000000e+00
1.827197e+01	3.607271e+00	5.575862e-04	41853658.000000	0.000000e+00
1.827396e+01	3.608331e+00	5.581136e-04	41799162.000000	0.000000e+00
1.827596e+01	3.607876e+00	5.584110e-04	41744110.000000	0.000000e+00
1.827795e+01	3.608213e+00	5.589034e-04	41678385.000000	0.000000e+00
1.827995e+01	3.608652e+00	5.594128e-04	41612626.000000	0.000000e+00
1.828194e+01	3.608993e+00	5.598263e-04	41559030.000000	0.000000e+00
1.828394e+01	3.608130e+00	5.600648e-04	41503789.000000	0.000000e+00
1.828593e+01	3.608644e+00	5.605751e-04	41440054.000000	0.000000e+00
1.828792e+01	3.609659e+00	5.612197e-04	41368194.000000	0.000000e+00
1.828992e+01	3.608589e+00	5.613241e-04	41328310.000000	0.000000e+00
1.829191e+01	3.609576e+00	5.619557e-04	41257998.000000	0.000000e+00
1.829391e+01	3.610171e+00	5.624710e-04	41196013.000000	0.000000e+00
1.829590e+01	3.609817e+00	5.628319e-04	41135130.000000	0.000000e+00
1.829790e+01	3.609334e+00	5.631060e-04	41084098.000000	0.000000e+00
1.829989e+01	3.610554e+00	5.636720e-04	41029378.000000	0.000000e+00
1.830189e+01	3.610553e+00	5.641816e-04	40955262.000000	0.000000e+00
1.830388e+01	3.611264e+00	5.646668e-04	40901005.000000	0.000000e+00
1.830588e+01	3.610574e+00	5.648749e-04	40855254.000000	0.000000e+00
1.830787e+01	3.611169e+00	5.655176e-04	40775878.000000	0.000000e+00
1.830987e+01	3.610882e+00	5.657956e-04	40729354.000000	0.000000e+00
1.831186e+01	3.611586e+00	5.662768e-04	40675998.000000	0.000000e+00
1.831385e+01	3.611480e+00	5.667750e-04	40602154.000000	0.000000e+00
1.831585e+01	3.610649e+00	5.670081e-04	40550109.000000	0.000000e+00
1.831784e+01	3.612328e+00	5.677157e-04	40486714.000000	0.000000e+00
1.831984e+01	3.611779e+00	5.679663e-04	40438698.000000	0.000000e+00
1.832183e+01	3.613459e+00	5.686747e-04	40375534.000000	0.000000e+00
1.832383e+01	3.613385e+00	5.691242e-04	40310146.000000	0.000000e+00
1.832582e+01	3.612726e+00	5.693946e-04	40257186.000000	0.000000e+00
1.832782e+01	3.612802e+00	5.697629e-04	40206850.000000	0.000000e+00
1.832981e+01	3.612518e+00	5.701828e-04	40141350.000000	0.000000e+00
1.833181e+01	3.612660e+00	5.706295e-04	40081672.000000	0.000000e+00
1.833380e+01	3.613779e+00	5.712304e-04	40022166.000000	0.000000e+00
1.833580e+01	3.614007e+00	5.715861e-04	39977422.000000	0.000000e+00
1.833779e+01	3.614021e+00	5.721223e-04	39902833.000000	0.000000e+00
1.833978e+01	3.614308e+00	5.726014e-04	39842394.000000	0.000000e+00
1.834178e+01	3.614806e+00	5.729719e-04	39801862.000000	0.000000e+00
1.834377e+01	3.615225e+00	5.734617e-04	39743106.000000	0.000000e+00
1.834577e+01	3.615097e+00	5.739354e-04	39674722.000000	0.000000e+00
1.834776e+01	3.615027e+00	5.743645e-04	39613942.000000	0.000000e+00
1.834976e+01	3.616287e+00	5.748643e-04	39572634.000000	0.000000e+00
1.835175e+01	3.614564e+00	5.750631e-04	39507622.000000	0.000000e+00
1.835375e+01	3.615969e+00	5.757865e-04	39439050.000000	0.000000e+00
1.835574e+01	3.615856e+00	5.761113e-04	39392134.000000	0.000000e+00
1.835774e+01	3.616039e+00	5.765166e-04	39340734.000000	0.000000e+00
1.835973e+01	3.616273e+00	5.770227e-04	39276850.000000	0.000000e+00
1.836173e+01	3.616585e+00	5.775064e-04	39217858.000000	0.000000e+00
1.836372e+01	3.616908e+00	5.779364e-04	39166494.000000	0.000000e+00
1.836572e+01	3.616513e+00	5.782840e-04	39110878.000000	0.000000e+00
1.836771e+01	3.617440e+00	5.788851e-04	39049722.000000	0.000000e+00
1.836970e+01	3.617582e+00	5.793557e-04	38989363.000000	0.000000e+00
1.837170e+01	3.618502e+00	5.799236e-04	38932830.000000	0.000000e+00
1.837369e+01	3.617693e+00	5.800973e-04	38892130.000000	0.000000e+00
1.837569e+01	3.618393e+00	5.807828e-04	38815390.000000	0.000000e+00
1.837768e+01	3.618941e+00	5.812634e-04	38762970.000000	0.000000e+00
1.837968e+01	3.619773e+00	5.817395e-04	38717350.000000	0.000000e+00
1.838167e+01	3.619830e+00	5.822221e-04	38654406.000000	0.000000e+00
1.838367e+01	3.618572e+00	5.824943e-04	38591458.000000	0.000000e+00
1.838566e+01	3.620958e+00	5.832483e-04	38542506.000000	0.000000e+00
1.838766e+01	3.619793e+00	5.834895e-04	38485870.000000	0.000000e+00
1.838965e+01	3.620525e+00	5.839590e-04	38439562.000000	0.000000e+00
1.839165e+01	3.619217e+00	5.843124e-04	38365338.000000	0.000000e+00
1.839364e+01	3.620611e+00	5.849114e-04	38316307.000000	0.000000e+00
1.839564e+01	3.620999e+00	5.853487e-04	38267262.000000	0.000000e+00
1.839763e+01	3.621166e+00	5.858487e-04	38205508.000000	0.000000e+00
1.839962e+01	3.622327e+00	5.864929e-04	38146078.000000	0.000000e+00
1.840162e+01	3.622596e+00	5.868744e-04	38102154.000000	0.000000e+00
1.840361e+01	3.622366e+00	5.873371e-04	38037310.000000	0.000000e+00
1.840561e+01	3.622631e+00	5.877997e-04	37983018.000000	0.000000e+00
1.840760e+01	3.623410e+00	5.884158e-04	37919827.000000	0.000000e+00
1.840960e+01	3.622371e+00	5.885488e-04	37880958.000000	0.000000e+00
1.841159e+01	3.624014e+00	5.893538e-04	37811818.000000	0.000000e+00
1.841359e+01	3.622831e+00	5.894805e-04	37770898.000000	0.000000e+00
1.841558e+01	3.623916e+00	5.902393e-04	37696410.000000	0.000000e+00
1.841758e+01	3.623818e+00	5.904802e-04	37663618.000000	0.000000e+00
1.841957e+01	3.624625e+00	5.911617e-04	37593567.000000	0.000000e+00
1.842157e+01	3.624984e+00	5.916228e-04	37542442.000000	0.000000e+00
1.842356e+01	3.624474e+00	5.919742e-04	37487334.000000	0.000000e+00
1.842556e+01	3.624381e+00	5.923612e-04	37436434.000000	0.000000e+00
1.842755e+01	3.625963e+00	5.930747e-04	37379023.000000	0.000000e+00
1.842954e+01	3.624985e+00	5.934121e-04	37316382.000000	0.000000e+00
1.843154e+01	3.625822e+00	5.938921e-04	37273306.000000	0.000000e+00
1.843353e+01	3.625559e+00	5.943520e-04	37210242.000000	0.000000e+00
1.843553e+01	3.627554e+00	5.950837e-04	37159642.000000	0.000000e+00
1.843752e+01	3.625665e+00	5.952782e-04	37096707.000000	0.000000e+00
1.843952e+01	3.626703e+00	5.957195e-04	37062982.000000	0.000000e+00
1.844151e+01	3.627638e+00	5.964016e-04	36997318.000000	0.000000e+00
1.844351e+01	3.626947e+00	5.967838e-04	36935874.000000	0.000000e+00
1.844550e+01	3.628528e+00	5.974059e-04	36891127.000000	0.000000e+00
1.844750e+01	3.630079e+00	5.980821e-04	36839238.000000	0.000000e+00
1.844949e+01	3.627906e+00	5.982610e-04	36773146.000000	0.000000e+00
1.845149e+01	3.629154e+00	5.988590e-04	36724975.000000	0.000000e+00
1.845348e+01	3.628761e+00	5.991785e-04	36677886.000000	0.000000e+00
1.845547e+01	3.628828e+00	5.996844e-04	36617374.000000	0.000000e+00
1.845747e+01	3.631014e+00	6.005041e-04	36561492.000000	0.000000e+00
1.845946e+01	3.630401e+00	6.008157e-04	36511243.000000	0.000000e+00
1.846146e+01	3.630510e+00	6.012862e-04	36456318.000000	0.000000e+00
1.846345e+01	3.631569e+00	6.018849e-04	36405058.000000	0.000000e+00
1.846545e+01	3.630779e+00	6.022056e-04	36350467.000000	0.000000e+00
1.846744e+01	3.631051e+00	6.027644e-04	36288546.000000	0.000000e+00
1.846944e+01	3.631713e+00	6.032437e-04	36244114.000000	0.000000e+00
1.847143e+01	3.632348e+00	6.037909e-04	36191091.000000	0.000000e+00
1.847343e+01	3.631198e+00	6.040416e-04	36138166.000000	0.000000e+00
1.847542e+01	3.633053e+00	6.048176e-04	36082326.000000	0.000000e+00
1.847742e+01	3.632494e+00	6.051032e-04	36037195.000000	0.000000e+00
1.847941e+01	3.632664e+00	6.056521e-04	35975266.000000	0.000000e+00
1.848140e+01	3.634368e+00	6.064725e-04	35911674.000000	0.000000e+00
1.848340e+01	3.634228e+00	6.067134e-04	35880391.000000	0.000000e+00
1.848539e+01	3.634392e+00	6.072459e-04	35820714.000000	0.000000e+00
1.848739e+01	3.634934e+00	6.078275e-04	35762875.000000	0.000000e+00
1.848938e+01	3.635026e+00	6.083402e-04	35704422.000000	0.000000e+00
1.849138e+01	3.635377e+00	6.086995e-04	35669170.000000	0.000000e+00
1.849337e+01	3.634977e+00	6.092140e-04	35601103.000000	0.000000e+00
1.849537e+01	3.636242e+00	6.098105e-04	35556234.000000	0.000000e+00
1.849736e+01	3.636542e+00	6.103079e-04	35504158.000000	0.000000e+00
1.849936e+01	3.636436e+00	6.107125e-04	35455071.000000	0.000000e+00
1.850135e+01	3.637187e+00	6.114127e-04	35388514.000000	0.000000e+00
1.850335e+01	3.638311e+00	6.119561e-04	35347531.000000	0.000000e+00
1.850534e+01	3.636656e+00	6.121553e-04	35292402.000000	0.000000e+00
1.850734e+01	3.638434e+00	6.129242e-04	35238346.000000	0.000000e+00
1.850933e+01	3.637208e+00	6.131278e-04	35191215.000000	0.000000e+00
1.851132e+01	3.638177e+00	6.137824e-04	35134906.000000	0.000000e+00
1.851332e+01	3.639233e+00	6.143784e-04	35087121.000000	0.000000e+00
1.851531e+01	3.638594e+00	6.147322e-04	35034454.000000	0.000000e+00
1.851731e+01	3.639895e+00	6.154743e-04	34975003.000000	0.000000e+00
1.851930e+01	3.640515e+00	6.160281e-04	34924038.000000	0.000000e+00
1.852130e+01	3.640114e+00	6.163062e-04	34884859.000000	0.000000e+00
1.852329e+01	3.640332e+00	6.168308e-04	34829718.000000	0.000000e+00
1.852529e+01	3.641360e+00	6.175851e-04	34764322.000000	0.000000e+00
1.852728e+01	3.641565e+00	6.180178e-04	34719555.000000	0.000000e+00
1.852928e+01	3.641153e+00	6.183331e-04	34676314.000000	0.000000e+00
1.853127e+01	3.643383e+00	6.192596e-04	34614979.000000	0.000000e+00
1.853327e+01	3.642439e+00	6.195624e-04	34563246.000000	0.000000e+00
1.853526e+01	3.641675e+00	6.197961e-04	34522687.000000	0.000000e+00
1.853726e+01	3.643129e+00	6.205117e-04	34470630.000000	0.000000e+00
1.853925e+01	3.643803e+00	6.211815e-04	34409059.000000	0.000000e+00
1.854124e+01	3.645248e+00	6.219048e-04	34356298.000000	0.000000e+00
1.854324e+01	3.644735e+00	6.221485e-04	34319715.000000	0.000000e+00
1.854523e+01	3.644255e+00	6.226390e-04	34256662.000000	0.000000e+00
1.854723e+01	3.645090e+00	6.232239e-04	34208055.000000	0.000000e+00
1.854922e+01	3.645483e+00	6.237653e-04	34156054.000000	0.000000e+00
1.855122e+01	3.645681e+00	6.242382e-04	34108035.000000	0.000000e+00
1.855321e+01	3.647163e+00	6.249528e-04	34057750.000000	0.000000e+00
1.855521e+01	3.647016e+00	6.254388e-04	34002091.000000	0.000000e+00
1.855720e+01	3.646959e+00	6.258542e-04	33955914.000000	0.000000e+00
1.855920e+01	3.647115e+00	6.263090e-04	33909523.000000	0.000000e+00
1.856119e+01	3.648578e+00	6.270300e-04	33858726.000000	0.000000e+00
1.856319e+01	3.648649e+00	6.276393e-04	33794335.000000	0.000000e+00
1.856518e+01	3.649706e+00	6.281918e-04	33754461.000000	0.000000e+00
1.856717e+01	3.649055e+00	6.285287e-04	33706258.000000	0.000000e+00
1.856917e+01	3.649651e+00	6.290633e-04	33659995.000000	0.000000e+00
1.857116e+01	3.650346e+00	6.299098e-04	33582366.000000	0.000000e+00
1.857316e+01	3.649667e+00	6.299931e-04	33561007.000000	0.000000e+00
1.857515e+01	3.650950e+00	6.307718e-04	33501726.000000	0.000000e+00
1.857715e+01	3.652356e+00	6.314991e-04	33450355.000000	0.000000e+00
1.857914e+01	3.651649e+00	6.318702e-04	33398142.000000	0.000000e+00
1.858114e+01	3.652125e+00	6.323962e-04	33351307.000000	0.000000e+00
1.858313e+01	3.652676e+00	6.329416e-04	33303907.000000	0.000000e+00
1.858513e+01	3.653288e+00	6.336057e-04	33245262.000000	0.000000e+00
1.858712e+01	3.653410e+00	6.340168e-04	33204379.000000	0.000000e+00
1.858912e+01	3.654289e+00	6.345951e-04	33159834.000000	0.000000e+00
1.859111e+01	3.654304e+00	6.352020e-04	33096763.000000	0.000000e+00
1.859311e+01	3.654396e+00	6.356967e-04	33046939.000000	0.000000e+00
1.859510e+01	3.655095e+00	6.361824e-04	33009114.000000	0.000000e+00
1.859709e+01	3.656615e+00	6.369544e-04	32956555.000000	0.000000e+00
1.859909e+01	3.655534e+00	6.373232e-04	32898954.000000	0.000000e+00
1.860108e+01	3.655919e+00	6.378443e-04	32852155.000000	0.000000e+00
1.860308e+01	3.658082e+00	6.385921e-04	32814051.000000	0.000000e+00
1.860507e+01	3.657391e+00	6.391219e-04	32747302.000000	0.000000e+00
1.860707e+01	3.657886e+00	6.395713e-04	32710147.000000	0.000000e+00
1.860906e+01	3.658392e+00	6.402033e-04	32654622.000000	0.000000e+00
1.861106e+01	3.658619e+00	6.406775e-04	32610343.000000	0.000000e+00
1.861305e+01	3.658125e+00	6.410613e-04	32562519.000000	0.000000e+00
1.861505e+01	3.660766e+00	6.421090e-04	32503228.000000	0.000000e+00
1.861704e+01	3.660264e+00	6.424848e-04	32456307.000000	0.000000e+00
1.861904e+01	3.659343e+00	6.426423e-04	32424079.000000	0.000000e+00
1.862103e+01	3.660551e+00	6.434768e-04	32361394.000000	0.000000e+00
1.862303e+01	3.662243e+00	6.442926e-04	32309331.000000	0.000000e+00
1.862502e+01	3.661197e+00	6.445828e-04	32261815.000000	0.000000e+00
1.862701e+01	3.661421e+00	6.449626e-04	32227770.000000	0.000000e+00
1.862901e+01	3.663184e+00	6.459524e-04	32160031.000000	0.000000e+00
1.863100e+01	3.661883e+00	6.461834e-04	32114223.000000	0.000000e+00
1.863300e+01	3.664392e+00	6.469645e-04	32080630.000000	0.000000e+00
1.863499e+01	3.663062e+00	6.473130e-04	32022847.000000	0.000000e+00
1.863699e+01	3.664054e+00	6.480589e-04	31966479.000000	0.000000e+00
1.863898e+01	3.662631e+00	6.482051e-04	31927246.000000	0.000000e+00
1.864098e+01	3.664654e+00	6.489724e-04	31886991.000000	0.000000e+00
1.864297e+01	3.665117e+00	6.496868e-04	31824943.000000	0.000000e+00
1.864497e+01	3.665095e+00	6.502174e-04	31772638.000000	0.000000e+00
1.864696e+01	3.666455e+00	6.507709e-04	31742163.000000	0.000000e+00
1.864896e+01	3.668358e+00	6.517162e-04	31682995.000000	0.000000e+00
1.865095e+01	3.667566e+00	6.521074e-04	31631343.000000	0.000000e+00
1.865294e+01	3.666784e+00	6.523445e-04	31594870.000000	0.000000e+00
1.865494e+01	3.668605e+00	6.532237e-04	31541187.000000	0.000000e+00
1.865693e+01	3.668014e+00	6.535402e-04	31500487.000000	0.000000e+00
1.865893e+01	3.667371e+00	6.540081e-04	31444414.000000	0.000000e+00
1.866092e+01	3.671019e+00	6.552616e-04	31386561.000000	0.000000e+00
1.866292e+01	3.668585e+00	6.551409e-04	31356511.000000	0.000000e+00
1.866491e+01	3.668934e+00	6.557428e-04	31304931.000000	0.000000e+00
1.866691e+01	3.671673e+00	6.567448e-04	31256098.000000	0.000000e+00
1.866890e+01	3.671949e+00	6.574249e-04	31196151.000000	0.000000e+00
1.867090e+01	3.672355e+00	6.577175e-04	31175299.000000	0.000000e+00
1.867289e+01	3.673047e+00	6.585972e-04	31103782.000000	0.000000e+00
1.867489e+01	3.672478e+00	6.589549e-04	31060407.000000	0.000000e+00
1.867688e+01	3.673440e+00	6.595245e-04	31023007.000000	0.000000e+00
1.867888e+01	3.673860e+00	6.601092e-04	30975171.000000	0.000000e+00
1.868087e+01	3.674344e+00	6.608314e-04	30915646.000000	0.000000e+00
1.868286e+01	3.675811e+00	6.616276e-04	30865915.000000	0.000000e+00
1.868486e+01	3.675424e+00	6.618014e-04	30843207.000000	0.000000e+00
1.868685e+01	3.675345e+00	6.624421e-04	30782251.000000	0.000000e+00
1.868885e+01	3.676147e+00	6.631194e-04	30732819.000000	0.000000e+00
1.869084e+01	3.677168e+00	6.638067e-04	30686242.000000	0.000000e+00
1.869284e+01	3.677239e+00	6.642756e-04	30644127.000000	0.000000e+00
1.869483e+01	3.677980e+00	6.649992e-04	30589795.000000	0.000000e+00
1.869683e+01	3.678025e+00	6.654242e-04	30551479.000000	0.000000e+00
1.869882e+01	3.678220e+00	6.660774e-04	30494814.000000	0.000000e+00
1.870082e+01	3.677742e+00	6.664066e-04	30456775.000000	0.000000e+00
1.870281e+01	3.679812e+00	6.672770e-04	30411567.000000	0.000000e+00
1.870481e+01	3.679102e+00	6.677847e-04	30353635.000000	0.000000e+00
1.870680e+01	3.680736e+00	6.685000e-04	30315621.000000	0.000000e+00
1.870879e+01	3.680635e+00	6.689532e-04	30272902.000000	0.000000e+00
1.871079e+01	3.681876e+00	6.697728e-04	30219223.000000	0.000000e+00
1.871278e+01	3.683465e+00	6.706457e-04	30166635.000000	0.000000e+00
1.871478e+01	3.682091e+00	6.707544e-04	30134359.000000	0.000000e+00
1.871677e+01	3.682946e+00	6.714578e-04	30085227.000000	0.000000e+00
1.871877e+01	3.684579e+00	6.723529e-04	30031786.000000	0.000000e+00
1.872076e+01	3.683609e+00	6.726823e-04	29986599.000000	0.000000e+00
1.872276e+01	3.682728e+00	6.729058e-04	29952331.000000	0.000000e+00
1.872475e+01	3.685825e+00	6.740799e-04	29898319.000000	0.000000e+00
1.872675e+01	3.684922e+00	6.745297e-04	29843823.000000	0.000000e+00
1.872874e+01	3.686326e+00	6.751649e-04	29810407.000000	0.000000e+00
1.873074e+01	3.687299e+00	6.758864e-04	29762490.000000	0.000000e+00
1.873273e+01	3.687265e+00	6.764184e-04	29715151.000000	0.000000e+00
1.873473e+01	3.687867e+00	6.771387e-04	29661643.000000	0.000000e+00
1.873672e+01	3.688916e+00	6.777161e-04	29627979.000000	0.000000e+00
1.873871e+01	3.688644e+00	6.783315e-04	29569879.000000	0.000000e+00
1.874071e+01	3.690453e+00	6.791298e-04	29529351.000000	0.000000e+00
1.874270e+01	3.690793e+00	6.796795e-04	29487034.000000	0.000000e+00
1.874470e+01	3.691392e+00	6.803207e-04	29441031.000000	0.000000e+00
1.874669e+01	3.691701e+00	6.808438e-04	29400727.000000	0.000000e+00
1.874869e+01	3.692009e+00	6.816051e-04	29339989.000000	0.000000e+00
1.875068e+01	3.692071e+00	6.820309e-04	29304339.000000	0.000000e+00
1.875268e+01	3.692436e+00	6.825968e-04	29261551.000000	0.000000e+00
1.875467e+01	3.693993e+00	6.833597e-04	29220891.000000	0.000000e+00
1.875667e+01	3.695010e+00	6.843372e-04	29153515.000000	0.000000e+00
1.875866e+01	3.694846e+00	6.846170e-04	29127102.000000	0.000000e+00
1.876066e+01	3.694638e+00	6.851196e-04	29081107.000000	0.000000e+00
1.876265e+01	3.696601e+00	6.860541e-04	29032759.000000	0.000000e+00
1.876464e+01	3.696036e+00	6.865767e-04	28979727.000000	0.000000e+00
1.876664e+01	3.696174e+00	6.869526e-04	28950187.000000	0.000000e+00
1.876863e+01	3.696090e+00	6.875419e-04	28899255.000000	0.000000e+00
1.877063e+01	3.697508e+00	6.884575e-04	28844563.000000	0.000000e+00
1.877262e+01	3.698998e+00	6.891750e-04	28807731.000000	0.000000e+00
1.877462e+01	3.698949e+00	6.896173e-04	28770031.000000	0.000000e+00
1.877661e+01	3.699233e+00	6.902863e-04	28718698.000000	0.000000e+00
1.877861e+01	3.701290e+00	6.913259e-04	28664247.000000	0.000000e+00
1.878060e+01	3.699283e+00	6.913124e-04	28634287.000000	0.000000e+00
1.878260e+01	3.701294e+00	6.922032e-04	28591695.000000	0.000000e+00
1.878459e+01	3.702158e+00	6.930961e-04	28531399.000000	0.000000e+00
1.878659e+01	3.702274e+00	6.935443e-04	28496323.000000	0.000000e+00
1.878858e+01	3.702691e+00	6.941881e-04	28449891.000000	0.000000e+00
1.879058e+01	3.703758e+00	6.948329e-04	28413493.000000	0.000000e+00
1.879257e+01	3.703156e+00	6.953841e-04	28359231.000000	0.000000e+00
1.879456e+01	3.703685e+00	6.960534e-04	28312807.000000	0.000000e+00
1.879656e+01	3.704229e+00	6.965375e-04	28281771.000000	0.000000e+00
1.879855e+01	3.705684e+00	6.974921e-04	28226575.000000	0.000000e+00
1.880055e+01	3.707343e+00	6.982945e-04	28186954.000000	0.000000e+00
1.880254e+01	3.707270e+00	6.989029e-04	28136799.000000	0.000000e+00
1.880454e+01	3.706102e+00	6.991225e-04	28101415.000000	0.000000e+00
1.880653e+01	3.708286e+00	7.001159e-04	28054767.000000	0.000000e+00
1.880853e+01	3.710191e+00	7.011508e-04	28000747.000000	0.000000e+00
1.881052e+01	3.707892e+00	7.010931e-04	27970659.000000	0.000000e+00
1.881252e+01	3.709939e+00	7.019946e-04	27929683.000000	0.000000e+00
1.881451e+01	3.710330e+00	7.027504e-04	27875515.000000	0.000000e+00
1.881651e+01	3.711404e+00	7.036045e-04	27823983.000000	0.000000e+00
1.881850e+01	3.711649e+00	7.040502e-04	27792427.000000	0.000000e+00
1.882050e+01	3.712508e+00	7.046960e-04	27754359.000000	0.000000e+00
1.882249e+01	3.712996e+00	7.054891e-04	27699271.000000	0.000000e+00
1.882448e+01	3.713697e+00	7.061759e-04	27655851.000000	0.000000e+00
1.882648e+01	3.715304e+00	7.068990e-04	27623203.000000	0.000000e+00
1.882847e+01	3.714685e+00	7.074479e-04	27571159.000000	0.000000e+00
1.883047e+01	3.715865e+00	7.082457e-04	27526557.000000	0.000000e+00
1.883246e+01	3.716615e+00	7.088843e-04	27488071.000000	0.000000e+00
1.883446e+01	3.716562e+00	7.093962e-04	27447639.000000	0.000000e+00
1.883645e+01	3.716506e+00	7.100815e-04	27393859.000000	0.000000e+00
1.883845e+01	3.718579e+00	7.109517e-04	27357331.000000	0.000000e+00
1.884044e+01	3.716933e+00	7.111557e-04	27317451.000000	0.000000e+00
1.884244e+01	3.719058e+00	7.122226e-04	27266815.000000	0.000000e+00
1.884443e+01	3.718650e+00	7.125896e-04	27232755.000000	0.000000e+00
1.884643e+01	3.722734e+00	7.141214e-04	27175639.000000	0.000000e+00
1.884842e+01	3.721905e+00	7.144053e-04	27141963.000000	0.000000e+00
1.885041e+01	3.720989e+00	7.147241e-04	27104407.000000	0.000000e+00
1.885241e+01	3.723018e+00	7.157961e-04	27052759.000000	0.000000e+00
1.885440e+01	3.722803e+00	7.163888e-04	27004899.000000	0.000000e+00
1.885640e+01	3.722975e+00	7.167665e-04	26978935.000000	0.000000e+00
1.885839e+01	3.725056e+00	7.179129e-04	26922915.000000	0.000000e+00
1.886039e+01	3.723699e+00	7.181554e-04	26885143.000000	0.000000e+00
1.886238e+01	3.726349e+00	7.193019e-04	26837667.000000	0.000000e+00
1.886438e+01	3.726146e+00	7.196730e-04	26807071.000000	0.000000e+00
1.886637e+01	3.726661e+00	7.204558e-04	26756239.000000	0.000000e+00
1.886837e+01	3.728857e+00	7.216312e-04	26700591.000000	0.000000e+00
1.887036e+01	3.727304e+00	7.215950e-04	26681029.000000	0.000000e+00
1.887236e+01	3.728128e+00	7.224234e-04	26631639.000000	0.000000e+00
1.887435e+01	3.729573e+00	7.233236e-04	26586007.000000	0.000000e+00
1.887634e+01	3.729328e+00	7.239524e-04	26536351.000000	0.000000e+00
1.887834e+01	3.729366e+00	7.243154e-04	26510295.000000	0.000000e+00
1.888033e+01	3.730834e+00	7.252148e-04	26465407.000000	0.000000e+00
1.888233e+01	3.732515e+00	7.262260e-04	26415543.000000	0.000000e+00
1.888432e+01	3.731294e+00	7.266083e-04	26370487.000000	0.000000e+00
1.888632e+01	3.734895e+00	7.277373e-04	26339499.000000	0.000000e+00
1.888831e+01	3.733174e+00	7.280951e-04	26289367.000000	0.000000e+00
1.889031e+01	3.734072e+00	7.288374e-04	26248471.000000	0.000000e+00
1.889230e+01	3.735925e+00	7.297446e-04	26209239.000000	0.000000e+00
1.889430e+01	3.734946e+00	7.301797e-04	26164303.000000	0.000000e+00
1.889629e+01	3.736979e+00	7.310137e-04	26133063.000000	0.000000e+00
1.889829e+01	3.737325e+00	7.319044e-04	26074315.000000	0.000000e+00
1.890028e+01	3.737972e+00	7.325442e-04	26037804.000000	0.000000e+00
1.890228e+01	3.738534e+00	7.330893e-04	26006923.000000	0.000000e+00
1.890427e+01	3.739665e+00	7.340433e-04	25955059.000000	0.000000e+00
1.890626e+01	3.739572e+00	7.347435e-04	25904325.000000	0.000000e+00
1.890826e+01	3.740065e+00	7.351470e-04	25882723.000000	0.000000e+00
1.891025e+01	3.740845e+00	7.359057e-04	25840155.000000	0.000000e+00
1.891225e+01	3.741802e+00	7.369368e-04	25781083.000000	0.000000e+00
1.891424e+01	3.741815e+00	7.374270e-04	25746999.000000	0.000000e+00
1.891624e+01	3.743256e+00	7.380838e-04	25720999.000000	0.000000e+00
1.891823e+01	3.744228e+00	7.390641e-04	25666135.000000	0.000000e+00
1.892023e+01	3.744771e+00	7.398528e-04	25618875.000000	0.000000e+00
1.892222e+01	3.745913e+00	7.405446e-04	25586623.000000	0.000000e+00
1.892422e+01	3.744976e+00	7.408701e-04	25551363.000000	0.000000e+00
1.892621e+01	3.745627e+00	7.418110e-04	25495444.000000	0.000000e+00
1.892821e+01	3.747332e+00	7.427185e-04	25456327.000000	0.000000e+00
1.893020e+01	3.747082e+00	7.431043e-04	25426515.000000	0.000000e+00
1.893220e+01	3.748328e+00	7.440581e-04	25378243.000000	0.000000e+00
1.893419e+01	3.748801e+00	7.447067e-04	25340439.000000	0.000000e+00
1.893618e+01	3.750046e+00	7.456366e-04	25294075.000000	0.000000e+00
1.893818e+01	3.750922e+00	7.463174e-04	25259751.000000	0.000000e+00
1.894017e+01	3.751532e+00	7.470371e-04	25219291.000000	0.000000e+00
1.894217e+01	3.751536e+00	7.477593e-04	25170655.000000	0.000000e+00
1.894416e+01	3.751295e+00	7.483138e-04	25130145.000000	0.000000e+00
1.894616e+01	3.754407e+00	7.494336e-04	25096684.000000	0.000000e+00
1.894815e+01	3.753401e+00	7.497493e-04	25062123.000000	0.000000e+00
1.895015e+01	3.755847e+00	7.511684e-04	25000063.000000	0.000000e+00
1.895214e+01	3.754979e+00	7.514695e-04	24968487.000000	0.000000e+00
1.895414e+01	3.756344e+00	7.520752e-04	24946423.000000	0.000000e+00
1.895613e+01	3.756627e+00	7.530542e-04	24885343.000000	0.000000e+00
1.895813e+01	3.757741e+00	7.539435e-04	24841407.000000	0.000000e+00
1.896012e+01	3.757238e+00	7.541024e-04	24824287.000000	0.000000e+00
1.896212e+01	3.759321e+00	7.554014e-04	24766428.000000	0.000000e+00
1.896411e+01	3.760336e+00	7.562303e-04	24725503.000000	0.000000e+00
1.896610e+01	3.760984e+00	7.570126e-04	24682935.000000	0.000000e+00
1.896810e+01	3.761312e+00	7.574410e-04	24659323.000000	0.000000e+00
1.897009e+01	3.761961e+00	7.583197e-04	24610699.000000	0.000000e+00
1.897209e+01	3.762458e+00	7.592234e-04	24558627.000000	0.000000e+00
1.897408e+01	3.763394e+00	7.597782e-04	24534979.000000	0.000000e+00
1.897608e+01	3.763334e+00	7.604145e-04	24493152.000000	0.000000e+00
1.897807e+01	3.765450e+00	7.615646e-04	24446707.000000	0.000000e+00
1.898007e+01	3.764850e+00	7.620955e-04	24404869.000000	0.000000e+00
1.898206e+01	3.766727e+00	7.629828e-04	24372435.000000	0.000000e+00
1.898406e+01	3.767308e+00	7.637813e-04	24328999.000000	0.000000e+00
1.898605e+01	3.768723e+00	7.646875e-04	24289611.000000	0.000000e+00
1.898805e+01	3.767961e+00	7.653161e-04	24239920.000000	0.000000e+00
1.899004e+01	3.767761e+00	7.655954e-04	24219663.000000	0.000000e+00
1.899203e+01	3.770207e+00	7.668491e-04	24171883.000000	0.000000e+00
1.899403e+01	3.770092e+00	7.675501e-04	24126283.000000	0.000000e+00
1.899602e+01	3.771113e+00	7.683908e-04	24086559.000000	0.000000e+00
1.899802e+01	3.773330e+00	7.692614e-04	24060331.000000	0.000000e+00
1.900001e+01	3.773004e+00	7.699701e-04	24011916.000000	0.000000e+00
1.900201e+01	3.773293e+00	7.707289e-04	23968327.000000	0.000000e+00
1.900400e+01	3.775213e+00	7.716753e-04	23933919.000000	0.000000e+00
1.900600e+01	3.776115e+00	7.723647e-04	23902627.000000	0.000000e+00
1.900799e+01	3.775602e+00	7.730695e-04	23852575.000000	0.000000e+00
1.900999e+01	3.778138e+00	7.742853e-04	23809683.000000	0.000000e+00
1.901198e+01	3.778210e+00	7.747450e-04	23782336.000000	0.000000e+00
1.901398e+01	3.778143e+00	7.754300e-04	23739501.000000	0.000000e+00
1.901597e+01	3.779275e+00	7.764484e-04	23691463.000000	0.000000e+00
1.901796e+01	3.779796e+00	7.771939e-04	23652555.000000	0.000000e+00
1.901996e+01	3.781076e+00	7.778118e-04	23630983.000000	0.000000e+00
1.902195e+01	3.780928e+00	7.785970e-04	23581492.000000	0.000000e+00
1.902395e+01	3.780972e+00	7.793426e-04	23536947.000000	0.000000e+00
1.902594e+01	3.783245e+00	7.804375e-04	23499175.000000	0.000000e+00
1.902794e+01	3.784613e+00	7.810303e-04	23480499.000000	0.000000e+00
1.902993e+01	3.784183e+00	7.820300e-04	23415175.000000	0.000000e+00
1.903193e+01	3.785965e+00	7.829270e-04	23383564.000000	0.000000e+00
1.903392e+01	3.784935e+00	7.832332e-04	23352567.000000	0.000000e+00
1.903592e+01	3.787436e+00	7.845332e-04	23306011.000000	0.000000e+00
1.903791e+01	3.787659e+00	7.851078e-04	23274651.000000	0.000000e+00
1.903991e+01	3.789038e+00	7.861592e-04	23229343.000000	0.000000e+00
1.904190e+01	3.790051e+00	7.869634e-04	23194296.000000	0.000000e+00
1.904390e+01	3.789126e+00	7.874210e-04	23156023.000000	0.000000e+00
1.904589e+01	3.790616e+00	7.884534e-04	23113603.000000	0.000000e+00
1.904788e+01	3.791599e+00	7.893919e-04	23070633.000000	0.000000e+00
1.904988e+01	3.792045e+00	7.899058e-04	23046040.000000	0.000000e+00
1.905187e+01	3.793117e+00	7.908093e-04	23006415.000000	0.000000e+00
1.905387e+01	3.792765e+00	7.915596e-04	22958563.000000	0.000000e+00
1.905586e+01	3.795297e+00	7.927324e-04	22921251.000000	0.000000e+00
1.905786e+01	3.795906e+00	7.932792e-04	22897003.000000	0.000000e+00
1.905985e+01	3.797216e+00	7.944331e-04	22846300.000000	0.000000e+00
1.906185e+01	3.796592e+00	7.950923e-04	22800939.000000	0.000000e+00
1.906384e+01	3.798037e+00	7.957626e-04	22779871.000000	0.000000e+00
1.906584e+01	3.798729e+00	7.966081e-04	22739823.000000	0.000000e+00
1.906783e+01	3.799006e+00	7.975544e-04	22689208.000000	0.000000e+00
1.906983e+01	3.801286e+00	7.986779e-04	22652587.000000	0.000000e+00
1.907182e+01	3.801406e+00	7.991642e-04	22626447.000000	0.000000e+00
1.907382e+01	3.801815e+00	7.999985e-04	22584139.000000	0.000000e+00
1.907581e+01	3.801359e+00	8.006646e-04	22541172.000000	0.000000e+00
1.907780e+01	3.806363e+00	8.023426e-04	22506127.000000	0.000000e+00
1.907980e+01	3.803975e+00	8.024544e-04	22471623.000000	0.000000e+00
1.908179e+01	3.805110e+00	8.034506e-04	22429321.000000	0.000000e+00
1.908379e+01	3.807938e+00	8.046858e-04	22393768.000000	0.000000e+00
1.908578e+01	3.808722e+00	8.055780e-04	22353387.000000	0.000000e+00
1.908778e+01	3.807454e+00	8.058860e-04	22321435.000000	0.000000e+00
1.908977e+01	3.808654e+00	8.068158e-04	22284051.000000	0.000000e+00
1.909177e+01	3.811567e+00	8.082408e-04	22239532.000000	0.000000e+00
1.909376e+01	3.810754e+00	8.086747e-04	22206195.000000	0.000000e+00
1.909576e+01	3.811815e+00	8.095680e-04	22169551.000000	0.000000e+00
1.909775e+01	3.811901e+00	8.103023e-04	22130395.000000	0.000000e+00
1.909975e+01	3.813531e+00	8.115671e-04	22080336.000000	0.000000e+00
1.910174e+01	3.814318e+00	8.119245e-04	22070011.000000	0.000000e+00
1.910374e+01	3.815069e+00	8.129251e-04	22024383.000000	0.000000e+00
1.910573e+01	3.816221e+00	8.140726e-04	21975604.000000	0.000000e+00
1.910772e+01	3.816100e+00	8.147148e-04	21939579.000000	0.000000e+00
1.910972e+01	3.817541e+00	8.154276e-04	21917779.000000	0.000000e+00
1.911171e+01	3.818429e+00	8.165107e-04	21869839.000000	0.000000e+00
1.911371e+01	3.819365e+00	8.175155e-04	21826812.000000	0.000000e+00
1.911570e+01	3.818989e+00	8.179084e-04	21801553.000000	0.000000e+00
1.911770e+01	3.821893e+00	8.193009e-04	21760563.000000	0.000000e+00
1.911969e+01	3.821027e+00	8.198507e-04	21721540.000000	0.000000e+00
1.912169e+01	3.823671e+00	8.211647e-04	21682063.000000	0.000000e+00
1.912368e+01	3.824039e+00	8.217592e-04	21654867.000000	0.000000e+00
1.912568e+01	3.824690e+00	8.227386e-04	21610699.000000	0.000000e+00
1.912767e+01	3.825672e+00	8.236250e-04	21575280.000000	0.000000e+00
1.912967e+01	3.826951e+00	8.247262e-04	21532087.000000	0.000000e+00
1.913166e+01	3.827484e+00	8.253059e-04	21507843.000000	0.000000e+00
1.913365e+01	3.827436e+00	8.260299e-04	21469624.000000	0.000000e+00
1.913565e+01	3.830619e+00	8.275271e-04	21427591.000000	0.000000e+00
1.913764e+01	3.830360e+00	8.282283e-04	21388443.000000	0.000000e+00
1.913964e+01	3.831531e+00	8.291151e-04	21355756.000000	0.000000e+00
1.914163e+01	3.831543e+00	8.297178e-04	21324879.000000	0.000000e+00
1.914363e+01	3.832083e+00	8.308212e-04	21274267.000000	0.000000e+00
1.914562e+01	3.833392e+00	8.315873e-04	21249603.000000	0.000000e+00
1.914762e+01	3.833971e+00	8.322629e-04	21221530.000000	0.000000e+00
1.914961e+01	3.834381e+00	8.334309e-04	21166615.000000	0.000000e+00
1.915161e+01	3.835906e+00	8.344674e-04	21130863.000000	0.000000e+00
1.915360e+01	3.837260e+00	8.351787e-04	21109780.000000	0.000000e+00
1.915560e+01	3.837363e+00	8.360207e-04	21068415.000000	0.000000e+00
1.915759e+01	3.839178e+00	8.373487e-04	21021499.000000	0.000000e+00
1.915958e+01	3.840123e+00	8.382385e-04	20987232.000000	0.000000e+00
1.916158e+01	3.841021e+00	8.388355e-04	20967163.000000	0.000000e+00
1.916357e+01	3.842156e+00	8.400939e-04	20916751.000000	0.000000e+00
1.916557e+01	3.843508e+00	8.410435e-04	20884236.000000	0.000000e+00
1.916756e+01	3.841895e+00	8.413466e-04	20851687.000000	0.000000e+00
1.916956e+01	3.843890e+00	8.424865e-04	20816895.000000	0.000000e+00
1.917155e+01	3.845625e+00	8.437121e-04	20775208.000000	0.000000e+00
1.917355e+01	3.845127e+00	8.443813e-04	20736919.000000	0.000000e+00
1.917554e+01	3.846166e+00	8.451779e-04	20709027.000000	0.000000e+00
1.917754e+01	3.846920e+00	8.461511e-04	20669530.000000	0.000000e+00
1.917953e+01	3.849797e+00	8.475038e-04	20634423.000000	0.000000e+00
1.918153e+01	3.849719e+00	8.482791e-04	20595883.000000	0.000000e+00
1.918352e+01	3.849471e+00	8.488528e-04	20565408.000000	0.000000e+00
1.918552e+01	3.851665e+00	8.500940e-04	20528779.000000	0.000000e+00
1.918751e+01	3.851608e+00	8.508529e-04	20491567.000000	0.000000e+00
1.918950e+01	3.853977e+00	8.522475e-04	20449692.000000	0.000000e+00
1.919150e+01	3.854063e+00	8.527124e-04	20428315.000000	0.000000e+00
1.919349e+01	3.855054e+00	8.538176e-04	20385939.000000	0.000000e+00
1.919549e+01	3.856626e+00	8.550430e-04	20344132.000000	0.000000e+00
1.919748e+01	3.857795e+00	8.558778e-04	20316771.000000	0.000000e+00
1.919948e+01	3.857783e+00	8.565092e-04	20286700.000000	0.000000e+00
1.920147e+01	3.858111e+00	8.574617e-04	20245099.000000	0.000000e+00
1.920347e+01	3.860135e+00	8.589469e-04	20196327.000000	0.000000e+00
1.920546e+01	3.861592e+00	8.595911e-04	20181292.000000	0.000000e+00
1.920746e+01	3.861627e+00	8.603933e-04	20144043.000000	0.000000e+00
1.920945e+01	3.863072e+00	8.616739e-04	20099245.000000	0.000000e+00
1.921145e+01	3.866291e+00	8.630977e-04	20066388.000000	0.000000e+00
1.921344e+01	3.864025e+00	8.631581e-04	20040067.000000	0.000000e+00
1.921544e+01	3.866013e+00	8.645034e-04	19998307.000000	0.000000e+00
1.921743e+01	3.866625e+00	8.654714e-04	19959912.000000	0.000000e+00
1.921942e+01	3.867353e+00	8.664214e-04	19923667.000000	0.000000e+00
1.922142e+01	3.867962e+00	8.670494e-04	19901088.000000	0.000000e+00
1.922341e+01	3.869292e+00	8.683093e-04	19857019.000000	0.000000e+00
1.922541e+01	3.869234e+00	8.690618e-04	19822051.000000	0.000000e+00
1.922740e+01	3.871767e+00	8.702847e-04	19792272.000000	0.000000e+00
1.922940e+01	3.872471e+00	8.712391e-04	19756123.000000	0.000000e+00
1.923139e+01	3.873531e+00	8.722522e-04	19721043.000000	0.000000e+00
1.923339e+01	3.874644e+00	8.734526e-04	19678180.000000	0.000000e+00
1.923538e+01	3.875236e+00	8.740172e-04	19658775.000000	0.000000e+00
1.923738e+01	3.874671e+00	8.747609e-04	19619632.000000	0.000000e+00
1.923937e+01	3.877975e+00	8.763704e-04	19580989.000000	0.000000e+00
1.924137e+01	3.879603e+00	8.777682e-04	19535067.000000	0.000000e+00
1.924336e+01	3.878339e+00	8.777926e-04	19521256.000000	0.000000e+00
1.924536e+01	3.880293e+00	8.790550e-04	19484847.000000	0.000000e+00
1.924735e+01	3.882107e+00	8.805472e-04	19437016.000000	0.000000e+00
1.924934e+01	3.881535e+00	8.810899e-04	19407363.000000	0.000000e+00
1.925134e+01	3.883950e+00	8.821084e-04	19386679.000000	0.000000e+00
1.925333e+01	3.886033e+00	8.837688e-04	19334620.000000	0.000000e+00
1.925533e+01	3.885160e+00	8.842836e-04	19303443.000000	0.000000e+00
1.925732e+01	3.886833e+00	8.853161e-04	19275028.000000	0.000000e+00
1.925932e+01	3.888747e+00	8.864614e-04	19244199.000000	0.000000e+00
1.926131e+01	3.888468e+00	8.873632e-04	19202347.000000	0.000000e+00
1.926331e+01	3.889958e+00	8.886022e-04	19163512.000000	0.000000e+00
1.926530e+01	3.891539e+00	8.893215e-04	19148079.000000	0.000000e+00
1.926730e+01	3.891312e+00	8.903864e-04	19100080.000000	0.000000e+00
1.926929e+01	3.892616e+00	8.914712e-04	19066389.000000	0.000000e+00
1.927128e+01	3.894390e+00	8.926561e-04	19033147.000000	0.000000e+00
1.927328e+01	3.893786e+00	8.931486e-04	19006260.000000	0.000000e+00
1.927527e+01	3.897519e+00	8.948839e-04	18968935.000000	0.000000e+00
1.927727e+01	3.896992e+00	8.956266e-04	18932368.000000	0.000000e+00
1.927926e+01	3.897132e+00	8.964652e-04	18898323.000000	0.000000e+00
1.928126e+01	3.898526e+00	8.974441e-04	18870616.000000	0.000000e+00
1.928325e+01	3.897643e+00	8.981303e-04	18833259.000000	0.000000e+00
1.928525e+01	3.901687e+00	9.000273e-04	18792883.000000	0.000000e+00
1.928724e+01	3.900580e+00	9.003728e-04	18767808.000000	0.000000e+00
1.928924e+01	3.902701e+00	9.016298e-04	18735883.000000	0.000000e+00
1.929123e+01	3.904683e+00	9.029879e-04	18698536.000000	0.000000e+00
1.929323e+01	3.904192e+00	9.040328e-04	18650655.000000	0.000000e+00
1.929522e+01	3.904755e+00	9.043897e-04	18641308.000000	0.000000e+00
1.929722e+01	3.907588e+00	9.058798e-04	18606999.000000	0.000000e+00
1.929921e+01	3.908934e+00	9.074470e-04	18555565.000000	0.000000e+00
1.930120e+01	3.908966e+00	9.081524e-04	18527052.000000	0.000000e+00
1.930320e+01	3.908930e+00	9.086701e-04	18505603.000000	0.000000e+00
1.930519e+01	3.911510e+00	9.102016e-04	18467740.000000	0.000000e+00
1.930719e+01	3.911954e+00	9.113522e-04	18425319.000000	0.000000e+00
1.930918e+01	3.913698e+00	9.124155e-04	18398788.000000	0.000000e+00
1.931118e+01	3.914211e+00	9.131581e-04	18373695.000000	0.000000e+00
1.931317e+01	3.914232e+00	9.143651e-04	18325420.000000	0.000000e+00
1.931517e+01	3.916994e+00	9.156382e-04	18300295.000000	0.000000e+00
1.931716e+01	3.917555e+00	9.165552e-04	18268923.000000	0.000000e+00
1.931916e+01	3.918987e+00	9.177932e-04	18232996.000000	0.000000e+00
1.932115e+01	3.920255e+00	9.188584e-04	18202515.000000	0.000000e+00
1.932315e+01	3.922881e+00	9.206034e-04	18157876.000000	0.000000e+00
1.932514e+01	3.921162e+00	9.205777e-04	18142983.000000	0.000000e+00
1.932714e+01	3.922798e+00	9.219931e-04	18102418.000000	0.000000e+00
1.932913e+01	3.925043e+00	9.233656e-04	18069307.000000	0.000000e+00
1.933112e+01	3.926282e+00	9.245557e-04	18034200.000000	0.000000e+00
1.933312e+01	3.925785e+00	9.252601e-04	18002191.000000	0.000000e+00
1.933511e+01	3.926367e+00	9.259886e-04	17979204.000000	0.000000e+00
1.933711e+01	3.930257e+00	9.282389e-04	17927611.000000	0.000000e+00
1.933910e+01	3.932599e+00	9.293156e-04	17907411.000000	0.000000e+00
1.934110e+01	3.930719e+00	9.295663e-04	17880652.000000	0.000000e+00
1.934309e+01	3.931409e+00	9.307775e-04	17840407.000000	0.000000e+00
1.934509e+01	3.932266e+00	9.320944e-04	17797788.000000	0.000000e+00
1.934708e+01	3.934935e+00	9.330585e-04	17785147.000000	0.000000e+00
1.934908e+01	3.934193e+00	9.339103e-04	17746020.000000	0.000000e+00
1.935107e+01	3.933758e+00	9.349371e-04	17703151.000000	0.000000e+00
1.935307e+01	3.938524e+00	9.367944e-04	17675772.000000	0.000000e+00
1.935506e+01	3.936051e+00	9.367720e-04	17654431.000000	0.000000e+00
1.935706e+01	3.939704e+00	9.387477e-04	17612842.000000	0.000000e+00
1.935905e+01	3.939769e+00	9.397165e-04	17577123.000000	0.000000e+00
1.936104e+01	3.940165e+00	9.404536e-04	17553112.000000	0.000000e+00
1.936304e+01	3.943703e+00	9.421581e-04	17521083.000000	0.000000e+00
1.936503e+01	3.941966e+00	9.427379e-04	17484124.000000	0.000000e+00
1.936703e+01	3.944638e+00	9.443532e-04	17447995.000000	0.000000e+00
1.936902e+01	3.945283e+00	9.451080e-04	17425824.000000	0.000000e+00
1.937102e+01	3.946234e+00	9.463156e-04	17389759.000000	0.000000e+00
1.937301e+01	3.949163e+00	9.478492e-04	17359272.000000	0.000000e+00
1.937501e+01	3.949742e+00	9.491004e-04	17318611.000000	0.000000e+00
1.937700e+01	3.950637e+00	9.499573e-04	17295216.000000	0.000000e+00
1.937900e+01	3.952323e+00	9.511311e-04	17267287.000000	0.000000e+00
1.938099e+01	3.954584e+00	9.527057e-04	17229952.000000	0.000000e+00
1.938299e+01	3.953517e+00	9.536214e-04	17187603.000000	0.000000e+00
1.938498e+01	3.954800e+00	9.542847e-04	17174854.000000	0.000000e+00
1.938698e+01	3.957145e+00	9.559629e-04	17134911.000000	0.000000e+00
1.938897e+01	3.959181e+00	9.573833e-04	17101684.000000	0.000000e+00
1.939096e+01	3.958106e+00	9.580147e-04	17069883.000000	0.000000e+00
1.939296e+01	3.961203e+00	9.594893e-04	17044096.000000	0.000000e+00
1.939495e+01	3.960224e+00	9.601472e-04	17012335.000000	0.000000e+00
1.939695e+01	3.962991e+00	9.622130e-04	16963044.000000	0.000000e+00
1.939894e+01	3.964775e+00	9.629316e-04	16952983.000000	0.000000e+00
1.940094e+01	3.966531e+00	9.643490e-04	16918164.000000	0.000000e+00
1.940293e+01	3.964806e+00	9.652263e-04	16872739.000000	0.000000e+00
1.940493e+01	3.967923e+00	9.666252e-04	16850400.000000	0.000000e+00
1.940692e+01	3.967792e+00	9.672929e-04	16826035.000000	0.000000e+00
1.940892e+01	3.968855e+00	9.685526e-04	16791292.000000	0.000000e+00
1.941091e+01	3.969292e+00	9.697829e-04	16752399.000000	0.000000e+00
1.941291e+01	3.968965e+00	9.705550e-04	16723006.000000	0.000000e+00
1.941490e+01	3.972263e+00	9.719902e-04	16701375.000000	0.000000e+00
1.941689e+01	3.974041e+00	9.736691e-04	16658728.000000	0.000000e+00
1.941889e+01	3.975795e+00	9.748625e-04	16632643.000000	0.000000e+00
1.942088e+01	3.976524e+00	9.760362e-04	16598748.000000	0.000000e+00
1.942288e+01	3.975747e+00	9.765484e-04	16574863.000000	0.000000e+00
1.942487e+01	3.979070e+00	9.783283e-04	16542228.000000	0.000000e+00
1.942687e+01	3.981756e+00	9.803002e-04	16497991.000000	0.000000e+00
1.942886e+01	3.980600e+00	9.804482e-04	16483440.000000	0.000000e+00
1.943086e+01	3.982551e+00	9.819155e-04	16450327.000000	0.000000e+00
1.943285e+01	3.983418e+00	9.832676e-04	16412260.000000	0.000000e+00
1.943485e+01	3.984407e+00	9.845539e-04	16377531.000000	0.000000e+00
1.943684e+01	3.987047e+00	9.856237e-04	16363660.000000	0.000000e+00
1.943884e+01	3.987422e+00	9.869359e-04	16323249.000000	0.000000e+00
1.944083e+01	3.987323e+00	9.880257e-04	16286452.000000	0.000000e+00
1.944282e+01	3.991602e+00	9.899214e-04	16258971.000000	0.000000e+00
1.944482e+01	3.989135e+00	9.899429e-04	16238176.000000	0.000000e+00
1.944681e+01	3.991619e+00	9.917873e-04	16197988.000000	0.000000e+00
1.944881e+01	3.993664e+00	9.933351e-04	16164099.000000	0.000000e+00
1.945080e+01	3.994500e+00	9.941311e-04	16144984.000000	0.000000e+00
1.945280e+01	3.996485e+00	9.956249e-04	16112571.000000	0.000000e+00
1.945479e+01	3.997935e+00	9.972105e-04	16073032.000000	0.000000e+00
1.945679e+01	3.997567e+00	9.979620e-04	16045879.000000	0.000000e+00
1.945878e+01	3.999436e+00	9.991138e-04	16023876.000000	0.000000e+00
1.946078e+01	4.001112e+00	1.000635e-03	15988579.000000	0.000000e+00
1.946277e+01	4.001918e+00	1.001978e-03	15952176.000000	0.000000e+00
1.946477e+01	4.002907e+00	1.003048e-03	15926035.000000	0.000000e+00
1.946676e+01	4.004473e+00	1.004394e-03	15895818.000000	0.000000e+00
1.946876e+01	4.007319e+00	1.005956e-03	15869008.000000	0.000000e+00
1.947075e+01	4.006760e+00	1.007001e-03	15831691.000000	0.000000e+00
1.947274e+01	4.010825e+00	1.008851e-03	15805680.000000	0.000000e+00
1.947474e+01	4.010259e+00	1.009549e-03	15779383.000000	0.000000e+00
1.947673e+01	4.009627e+00	1.010393e-03	15748068.000000	0.000000e+00
1.947873e+01	4.012321e+00	1.012371e-03	15707671.000000	0.000000e+00
1.948072e+01	4.013167e+00	1.013304e-03	15685392.000000	0.000000e+00
1.948272e+01	4.014818e+00	1.014529e-03	15660403.000000	0.000000e+00
1.948471e+01	4.016579e+00	1.016117e-03	15625180.000000	0.000000e+00
1.948671e+01	4.017978e+00	1.017753e-03	15585852.000000	0.000000e+00
1.948870e+01	4.018445e+00	1.018230e-03	15574879.000000	0.000000e+00
1.949070e+01	4.019453e+00	1.019745e-03	15536424.000000	0.000000e+00
1.949269e+01	4.022666e+00	1.021671e-03	15502657.000000	0.000000e+00
1.949469e+01	4.023199e+00	1.022882e-03	15470052.000000	0.000000e+00
1.949668e+01	4.024541e+00	1.023744e-03	15454315.000000	0.000000e+00
1.949868e+01	4.025580e+00	1.025160e-03	15419608.000000	0.000000e+00
1.950067e+01	4.026488e+00	1.026699e-03	15380352.000000	0.000000e+00
1.950266e+01	4.025924e+00	1.027255e-03	15359407.000000	0.000000e+00
1.950466e+01	4.030124e+00	1.029180e-03	15333948.000000	0.000000e+00
1.950665e+01	4.029504e+00	1.030384e-03	15293443.000000	0.000000e+00
1.950865e+01	4.032671e+00	1.032166e-03	15264640.000000	0.000000e+00
1.951064e+01	4.033453e+00	1.033073e-03	15243759.000000	0.000000e+00
1.951264e+01	4.032851e+00	1.034056e-03	15210244.000000	0.000000e+00
1.951463e+01	4.036537e+00	1.035957e-03	15182196.000000	0.000000e+00
1.951663e+01	4.036876e+00	1.037466e-03	15140599.000000	0.000000e+00
1.951862e+01	4.038372e+00	1.038192e-03	15130644.000000	0.000000e+00
1.952062e+01	4.038591e+00	1.039499e-03	15094261.000000	0.000000e+00
1.952261e+01	4.041892e+00	1.041554e-03	15059320.000000	0.000000e+00
1.952461e+01	4.043298e+00	1.042988e-03	15028407.000000	0.000000e+00
1.952660e+01	4.040354e+00	1.042838e-03	15010840.000000	0.000000e+00
1.952860e+01	4.044902e+00	1.045099e-03	14979636.000000	0.000000e+00
1.953059e+01	4.046503e+00	1.047060e-03	14935387.000000	0.000000e+00
1.953258e+01	4.046487e+00	1.047588e-03	14920212.000000	0.000000e+00
1.953458e+01	4.047610e+00	1.048751e-03	14895427.000000	0.000000e+00
1.953657e+01	4.050216e+00	1.050871e-03	14854492.000000	0.000000e+00
1.953857e+01	4.049724e+00	1.051865e-03	14822820.000000	0.000000e+00
1.954056e+01	4.050940e+00	1.052597e-03	14811103.000000	0.000000e+00
1.954256e+01	4.051933e+00	1.054168e-03	14774232.000000	0.000000e+00
1.954455e+01	4.055049e+00	1.056290e-03	14737567.000000	0.000000e+00
1.954655e+01	4.057191e+00	1.057861e-03	14709366.000000	0.000000e+00
1.954854e+01	4.056885e+00	1.058246e-03	14696428.000000	0.000000e+00
1.955054e+01	4.059176e+00	1.060373e-03	14654071.000000	0.000000e+00
1.955253e+01	4.061492e+00	1.062088e-03	14623452.000000	0.000000e+00
1.955453e+01	4.061947e+00	1.062981e-03	14602159.000000	0.000000e+00
1.955652e+01	4.064849e+00	1.064826e-03	14572428.000000	0.000000e+00
1.955851e+01	4.063100e+00	1.065571e-03	14539516.000000	0.000000e+00
1.956051e+01	4.065883e+00	1.067445e-03	14508367.000000	0.000000e+00
1.956250e+01	4.066007e+00	1.068235e-03	14487804.000000	0.000000e+00
1.956450e+01	4.069923e+00	1.070403e-03	14456971.000000	0.000000e+00
1.956649e+01	4.071419e+00	1.071751e-03	14431236.000000	0.000000e+00
1.956849e+01	4.071903e+00	1.073292e-03	14393272.000000	0.000000e+00
1.957048e+01	4.072953e+00	1.074480e-03	14368863.000000	0.000000e+00
1.957248e+01	4.073837e+00	1.075341e-03	14352082.000000	0.000000e+00
1.957447e+01	4.075716e+00	1.077369e-03	14311288.000000	0.000000e+00
1.957647e+01	4.077276e+00	1.079107e-03	14276151.000000	0.000000e+00
1.957846e+01	4.077507e+00	1.079585e-03	14265124.000000	0.000000e+00
1.958046e+01	4.081009e+00	1.081862e-03	14229543.000000	0.000000e+00
1.958245e+01	4.081256e+00	1.083131e-03	14197960.000000	0.000000e+00
1.958444e+01	4.082727e+00	1.084588e-03	14170044.000000	0.000000e+00
1.958644e+01	4.083340e+00	1.085444e-03	14151943.000000	0.000000e+00
1.958843e+01	4.084767e+00	1.087198e-03	14116192.000000	0.000000e+00
1.959043e+01	4.086794e+00	1.089269e-03	14076507.000000	0.000000e+00
1.959242e+01	4.086991e+00	1.089586e-03	14069692.000000	0.000000e+00
1.959442e+01	4.087708e+00	1.091196e-03	14033124.000000	0.000000e+00
1.959641e+01	4.091357e+00	1.093531e-03	13998199.000000	0.000000e+00
1.959841e+01	4.096159e+00	1.095811e-03	13972774.000000	0.000000e+00
1.960040e+01	4.094020e+00	1.096009e-03	13953132.000000	0.000000e+00
1.960240e+01	4.095992e+00	1.097775e-03	13921663.000000	0.000000e+00
1.960439e+01	4.097442e+00	1.099399e-03	13890408.000000	0.000000e+00
1.960639e+01	4.098525e+00	1.100886e-03	13860223.000000	0.000000e+00
1.960838e+01	4.098609e+00	1.101511e-03	13845072.000000	0.000000e+00
1.961038e+01	4.100165e+00	1.103594e-03	13803328.000000	0.000000e+00
1.961237e+01	4.102506e+00	1.105257e-03	13777543.000000	0.000000e+00
1.961436e+01	4.105143e+00	1.106815e-03	13756452.000000	0.000000e+00
1.961636e+01	4.104779e+00	1.107918e-03	13726648.000000	0.000000e+00
1.961835e+01	4.109347e+00	1.110147e-03	13702023.000000	0.000000e+00
1.962035e+01	4.109738e+00	1.111915e-03	13661068.000000	0.000000e+00
1.962234e+01	4.109545e+00	1.112392e-03	13648098.000000	0.000000e+00
1.962434e+01	4.111683e+00	1.114227e-03	13617331.000000	0.000000e+00
1.962633e+01	4.112949e+00	1.115876e-03	13585468.000000	0.000000e+00
1.962833e+01	4.115556e+00	1.117901e-03	13553460.000000	0.000000e+00
1.963032e+01	4.115548e+00	1.118452e-03	13540063.000000	0.000000e+00
1.963232e+01	4.116718e+00	1.120023e-03	13509780.000000	0.000000e+00
1.963431e+01	4.116981e+00	1.121672e-03	13471819.000000	0.000000e+00
1.963631e+01	4.123099e+00	1.124196e-03	13451268.000000	0.000000e+00
1.963830e+01	4.121603e+00	1.124832e-03	13426312.000000	0.000000e+00
1.964030e+01	4.123072e+00	1.126572e-03	13394419.000000	0.000000e+00
1.964229e+01	4.123728e+00	1.127947e-03	13366032.000000	0.000000e+00
1.964428e+01	4.124434e+00	1.129202e-03	13340896.000000	0.000000e+00
1.964628e+01	4.128247e+00	1.131178e-03	13318935.000000	0.000000e+00
1.964827e+01	4.129122e+00	1.132843e-03	13285450.000000	0.000000e+00
1.965027e+01	4.130431e+00	1.134601e-03	13252708.000000	0.000000e+00
1.965226e+01	4.132444e+00	1.135602e-03	13242255.000000	0.000000e+00
1.965426e+01	4.132545e+00	1.137214e-03	13205380.000000	0.000000e+00
1.965625e+01	4.134296e+00	1.138888e-03	13177740.000000	0.000000e+00
1.965825e+01	4.135653e+00	1.140594e-03	13146991.000000	0.000000e+00
1.966024e+01	4.139678e+00	1.142412e-03	13130700.000000	0.000000e+00
1.966224e+01	4.139661e+00	1.143668e-03	13101760.000000	0.000000e+00
1.966423e+01	4.143898e+00	1.146388e-03	13066375.000000	0.000000e+00
1.966623e+01	4.141753e+00	1.146873e-03	13041816.000000	0.000000e+00
1.966822e+01	4.144333e+00	1.148387e-03	13023664.000000	0.000000e+00
1.967022e+01	4.145318e+00	1.150135e-03	12990279.000000	0.000000e+00
1.967221e+01	4.149837e+00	1.152767e-03	12959230.000000	0.000000e+00
1.967420e+01	4.148450e+00	1.153265e-03	12939372.000000	0.000000e+00
1.967620e+01	4.148167e+00	1.154285e-03	12914755.000000	0.000000e+00
1.967819e+01	4.151287e+00	1.156495e-03	12884800.000000	0.000000e+00
1.968019e+01	4.155080e+00	1.159204e-03	12848112.000000	0.000000e+00
1.968218e+01	4.155552e+00	1.159782e-03	12838207.000000	0.000000e+00
1.968418e+01	4.155826e+00	1.161259e-03	12807264.000000	0.000000e+00
1.968617e+01	4.158668e+00	1.163571e-03	12773872.000000	0.000000e+00
1.968817e+01	4.159079e+00	1.164981e-03	12745503.000000	0.000000e+00
1.969016e+01	4.161188e+00	1.166230e-03	12731104.000000	0.000000e+00
1.969216e+01	4.160826e+00	1.167506e-03	12701092.000000	0.000000e+00
1.969415e+01	4.163045e+00	1.169877e-03	12663147.000000	0.000000e+00
1.969614e+01	4.164673e+00	1.170921e-03	12650458.000000	0.000000e+00
1.969814e+01	4.168558e+00	1.173227e-03	12624312.000000	0.000000e+00
1.970014e+01	4.167887e+00	1.174567e-03	12591463.000000	0.000000e+00
1.970213e+01	4.170730e+00	1.176671e-03	12563608.000000	0.000000e+00
1.970412e+01	4.169760e+00	1.177473e-03	12540648.000000	0.000000e+00
1.970612e+01	4.171631e+00	1.179101e-03	12517279.000000	0.000000e+00
1.970811e+01	4.172342e+00	1.180725e-03	12487116.000000	0.000000e+00
1.971011e+01	4.176061e+00	1.183367e-03	12453604.000000	0.000000e+00
1.971210e+01	4.176227e+00	1.183828e-03	12444888.000000	0.000000e+00
1.971410e+01	4.177362e+00	1.185762e-03	12411067.000000	0.000000e+00
1.971609e+01	4.181189e+00	1.188187e-03	12383116.000000	0.000000e+00
1.971809e+01	4.182683e+00	1.190096e-03	12352248.000000	0.000000e+00
1.972008e+01	4.183233e+00	1.190882e-03	12339187.000000	0.000000e+00
1.972208e+01	4.186890e+00	1.193556e-03	12305454.000000	0.000000e+00
1.972407e+01	4.185047e+00	1.194537e-03	12274444.000000	0.000000e+00
1.972606e+01	4.188433e+00	1.196280e-03	12258507.000000	0.000000e+00
1.972806e+01	4.190600e+00	1.198201e-03	12231880.000000	0.000000e+00
1.973005e+01	4.192282e+00	1.200156e-03	12201844.000000	0.000000e+00
1.973205e+01	4.193044e+00	1.201883e-03	12171219.000000	0.000000e+00
1.973404e+01	4.194256e+00	1.203067e-03	12154300.000000	0.000000e+00
1.973604e+01	4.198372e+00	1.205406e-03	12130956.000000	0.000000e+00
1.973803e+01	4.199219e+00	1.207432e-03	12095152.000000	0.000000e+00
1.974003e+01	4.200379e+00	1.209124e-03	12068007.000000	0.000000e+00
1.974202e+01	4.202564e+00	1.210392e-03	12055264.000000	0.000000e+00
1.974402e+01	4.205242e+00	1.212766e-03	12023416.000000	0.000000e+00
1.974601e+01	4.205014e+00	1.214171e-03	11994309.000000	0.000000e+00
1.974801e+01	4.206716e+00	1.215842e-03	11971048.000000	0.000000e+00
1.975000e+01	4.209058e+00	1.217568e-03	11950428.000000	0.000000e+00
1.975200e+01	4.208862e+00	1.218885e-03	11923504.000000	0.000000e+00
1.975399e+01	4.213242e+00	1.221980e-03	11887879.000000	0.000000e+00
1.975598e+01	4.213343e+00	1.222852e-03	11871504.000000	0.000000e+00
1.975798e+01	4.214061e+00	1.224305e-03	11847388.000000	0.000000e+00
1.975997e+01	4.216064e+00	1.226259e-03	11820891.000000	0.000000e+00
1.976197e+01	4.218789e+00	1.228660e-03	11789956.000000	0.000000e+00
1.976396e+01	4.218270e+00	1.229467e-03	11771592.000000	0.000000e+00
1.976596e+01	4.223476e+00	1.232246e-03	11747488.000000	0.000000e+00
1.976795e+01	4.223517e+00	1.233985e-03	11714635.000000	0.000000e+00
1.976995e+01	4.225040e+00	1.235769e-03	11689266.000000	0.000000e+00
1.977194e+01	4.227807e+00	1.237489e-03	11672056.000000	0.000000e+00
1.977394e+01	4.227392e+00	1.238811e-03	11644875.000000	0.000000e+00
1.977593e+01	4.230452e+00	1.241169e-03	11617480.000000	0.000000e+00
1.977793e+01	4.231250e+00	1.242926e-03	11589024.000000	0.000000e+00
1.977992e+01	4.229187e+00	1.243061e-03	11575216.000000	0.000000e+00
1.978192e+01	4.233571e+00	1.246029e-03	11544031.000000	0.000000e+00
1.978391e+01	4.236681e+00	1.248988e-03	11506272.000000	0.000000e+00
1.978590e+01	4.237879e+00	1.249777e-03	11498260.000000	0.000000e+00
1.978790e+01	4.237460e+00	1.251121e-03	11471295.000000	0.000000e+00
1.978989e+01	4.241563e+00	1.253693e-03	11446420.000000	0.000000e+00
1.979189e+01	4.243158e+00	1.256193e-03	11409484.000000	0.000000e+00
1.979388e+01	4.241953e+00	1.256181e-03	11403210.000000	0.000000e+00
1.979588e+01	4.245427e+00	1.259022e-03	11370403.000000	0.000000e+00
1.979787e+01	4.246609e+00	1.261166e-03	11338092.000000	0.000000e+00
1.979987e+01	4.251625e+00	1.263769e-03	11318128.000000	0.000000e+00
1.980186e+01	4.250042e+00	1.264284e-03	11300496.000000	0.000000e+00
1.980386e+01	4.253925e+00	1.267038e-03	11271979.000000	0.000000e+00
1.980585e+01	4.253653e+00	1.268689e-03	11241232.000000	0.000000e+00
1.980784e+01	4.258041e+00	1.271246e-03	11219172.000000	0.000000e+00
1.980984e+01	4.258890e+00	1.272192e-03	11206948.000000	0.000000e+00
1.981184e+01	4.260136e+00	1.274934e-03	11165319.000000	0.000000e+00
1.981383e+01	4.260136e+00	1.276022e-03	11146300.000000	0.000000e+00
1.981582e+01	4.264152e+00	1.278332e-03	11127006.000000	0.000000e+00
1.981782e+01	4.265273e+00	1.280237e-03	11099743.000000	0.000000e+00
1.981981e+01	4.266818e+00	1.282181e-03	11074132.000000	0.000000e+00
1.982181e+01	4.268978e+00	1.284740e-03	11041224.000000	0.000000e+00
1.982380e+01	4.271207e+00	1.285770e-03	11035060.000000	0.000000e+00
1.982580e+01	4.272432e+00	1.287888e-03	11005107.000000	0.000000e+00
1.982779e+01	4.272170e+00	1.289784e-03	10971424.000000	0.000000e+00
1.982979e+01	4.275598e+00	1.291930e-03	10952556.000000	0.000000e+00
1.983178e+01	4.275416e+00	1.293034e-03	10932940.000000	0.000000e+00
1.983378e+01	4.276604e+00	1.294929e-03	10907023.000000	0.000000e+00
1.983577e+01	4.282383e+00	1.298609e-03	10874616.000000	0.000000e+00
1.983776e+01	4.280742e+00	1.299237e-03	10855792.000000	0.000000e+00
1.983976e+01	4.282091e+00	1.300734e-03	10837638.000000	0.000000e+00
1.984175e+01	4.282758e+00	1.302578e-03	10810351.000000	0.000000e+00
1.984375e+01	4.287278e+00	1.306046e-03	10775716.000000	0.000000e+00
1.984574e+01	4.288348e+00	1.306892e-03	10767144.000000	0.000000e+00
1.984774e+01	4.291934e+00	1.309665e-03	10739536.000000	0.000000e+00
1.984973e+01	4.294703e+00	1.312225e-03	10711491.000000	0.000000e+00
1.985173e+01	4.297372e+00	1.314869e-03	10681708.000000	0.000000e+00
1.985372e+01	4.297167e+00	1.315405e-03	10671996.000000	0.000000e+00
1.985572e+01	4.298504e+00	1.317504e-03	10644628.000000	0.000000e+00
1.985771e+01	4.299336e+00	1.319803e-03	10611691.000000	0.000000e+00
1.985971e+01	4.302560e+00	1.321892e-03	10594044.000000	0.000000e+00
1.986170e+01	4.303337e+00	1.323371e-03	10574194.000000	0.000000e+00
1.986370e+01	4.304054e+00	1.325423e-03	10545000.000000	0.000000e+00
1.986569e+01	4.308735e+00	1.328517e-03	10518784.000000	0.000000e+00
1.986768e+01	4.309270e+00	1.329987e-03	10498155.000000	0.000000e+00
1.986968e+01	4.309910e+00	1.331053e-03	10484452.000000	0.000000e+00
1.987167e+01	4.312862e+00	1.334280e-03	10448092.000000	0.000000e+00
1.987367e+01	4.315405e+00	1.336811e-03	10420848.000000	0.000000e+00
1.987566e+01	4.317868e+00	1.338121e-03	10412335.000000	0.000000e+00
1.987766e+01	4.318621e+00	1.340255e-03	10382820.000000	0.000000e+00
1.987965e+01	4.318115e+00	1.341831e-03	10356016.000000	0.000000e+00
1.988165e+01	4.325318e+00	1.345963e-03	10326900.000000	0.000000e+00
1.988364e+01	4.325785e+00	1.346631e-03	10318879.000000	0.000000e+00
1.988564e+01	4.326181e+00	1.348533e-03	10291678.000000	0.000000e+00
1.988763e+01	4.330524e+00	1.352255e-03	10255668.000000	0.000000e+00
1.988963e+01	4.333199e+00	1.353935e-03	10242868.000000	0.000000e+00
1.989162e+01	4.329699e+00	1.354191e-03	10222464.000000	0.000000e+00
1.989362e+01	4.332153e+00	1.356594e-03	10197823.000000	0.000000e+00
1.989561e+01	4.333442e+00	1.359313e-03	10163116.000000	0.000000e+00
1.989760e+01	4.338442e+00	1.361734e-03	10150392.000000	0.000000e+00
1.989960e+01	4.340446e+00	1.363612e-03	10131808.000000	0.000000e+00
1.990159e+01	4.337681e+00	1.365171e-03	10095807.000000	0.000000e+00
1.990359e+01	4.342971e+00	1.368340e-03	10073620.000000	0.000000e+00
1.990558e+01	4.344779e+00	1.369393e-03	10066512.000000	0.000000e+00
1.990758e+01	4.347109e+00	1.372332e-03	10034206.000000	0.000000e+00
1.990957e+01	4.349110e+00	1.374861e-03	10006516.000000	0.000000e+00
1.991157e+01	4.351695e+00	1.377350e-03	9982251.000000	0.000000e+00
1.991356e+01	4.351600e+00	1.378126e-03	9970576.000000	0.000000e+00
1.991556e+01	4.355729e+00	1.381503e-03	9940728.000000	0.000000e+00
1.991755e+01	4.354675e+00	1.383075e-03	9913336.000000	0.000000e+00
1.991955e+01	4.356393e+00	1.384750e-03	9897183.000000	0.000000e+00
1.992154e+01	4.359649e+00	1.387139e-03	9877864.000000	0.000000e+00
1.992354e+01	4.359329e+00	1.389024e-03	9849628.000000	0.000000e+00
1.992553e+01	4.363314e+00	1.392392e-03	9819960.000000	0.000000e+00
1.992752e+01	4.364943e+00	1.393576e-03	9810604.000000	0.000000e+00
1.992952e+01	4.367591e+00	1.396260e-03	9784791.000000	0.000000e+00
1.993151e+01	4.366049e+00	1.397868e-03	9755398.000000	0.000000e+00
1.993351e+01	4.372817e+00	1.401903e-03	9729408.000000	0.000000e+00
1.993550e+01	4.371927e+00	1.402174e-03	9721696.000000	0.000000e+00
1.993750e+01	4.375333e+00	1.405169e-03	9695380.000000	0.000000e+00
1.993949e+01	4.376244e+00	1.407689e-03	9664731.000000	0.000000e+00
1.994149e+01	4.379218e+00	1.410248e-03	9642772.000000	0.000000e+00
1.994348e+01	4.380397e+00	1.411526e-03	9630516.000000	0.000000e+00
1.994548e+01	4.379404e+00	1.413326e-03	9601636.000000	0.000000e+00
1.994747e+01	4.385263e+00	1.417377e-03	9572392.000000	0.000000e+00
1.994946e+01	4.390185e+00	1.420005e-03	9558411.000000	0.000000e+00
1.995146e+01	4.391708e+00	1.421892e-03	9539680.000000	0.000000e+00
1.995346e+01	4.388994e+00	1.423022e-03	9512766.000000	0.000000e+00
1.995545e+01	4.390431e+00	1.425822e-03	9481648.000000	0.000000e+00
1.995744e+01	4.393758e+00	1.427767e-03	9470160.000000	0.000000e+00
1.995944e+01	4.396338e+00	1.429936e-03	9452551.000000	0.000000e+00
1.996143e+01	4.396099e+00	1.432523e-03	9417412.000000	0.000000e+00
1.996343e+01	4.400853e+00	1.435552e-03	9398016.000000	0.000000e+00
1.996542e+01	4.402519e+00	1.437135e-03	9384424.000000	0.000000e+00
1.996742e+01	4.403755e+00	1.439448e-03	9359544.000000	0.000000e+00
1.996941e+01	4.407495e+00	1.442911e-03	9330487.000000	0.000000e+00
1.997141e+01	4.409377e+00	1.445302e-03	9307596.000000	0.000000e+00
1.997340e+01	4.409424e+00	1.445923e-03	9299788.000000	0.000000e+00
1.997540e+01	4.413156e+00	1.449675e-03	9267394.000000	0.000000e+00
1.997739e+01	4.414326e+00	1.452136e-03	9240900.000000	0.000000e+00
1.997938e+01	4.413523e+00	1.452908e-03	9227719.000000	0.000000e+00
1.998138e+01	4.417406e+00	1.456093e-03	9203568.000000	0.000000e+00
1.998337e+01	4.422204e+00	1.459424e-03	9181516.000000	0.000000e+00
1.998537e+01	4.421581e+00	1.461478e-03	9153148.000000	0.000000e+00
1.998736e+01	4.423427e+00	1.462804e-03	9144192.000000	0.000000e+00
1.998936e+01	4.425760e+00	1.465744e-03	9117163.000000	0.000000e+00
1.999135e+01	4.424901e+00	1.467647e-03	9090000.000000	0.000000e+00
1.999335e+01	4.430271e+00	1.471250e-03	9067504.000000	0.000000e+00
1.999534e+01	4.433401e+00	1.473163e-03	9056748.000000	0.000000e+00
1.999734e+01	4.435366e+00	1.476133e-03	9028342.000000	0.000000e+00
1.999933e+01	4.433852e+00	1.477673e-03	9003388.000000	0.000000e+00
2.000133e+01	4.439828e+00	1.481127e-03	8985615.000000	0.000000e+00
2.000332e+01	4.442387e+00	1.483162e-03	8971300.000000	0.000000e+00
2.000532e+01	4.442323e+00	1.485704e-03	8940372.000000	0.000000e+00
2.000731e+01	4.445708e+00	1.489017e-03	8914204.000000	0.000000e+00
2.000930e+01	4.445607e+00	1.489947e-03	8902680.000000	0.000000e+00
2.001130e+01	4.448630e+00	1.492640e-03	8882644.000000	0.000000e+00
2.001329e+01	4.451690e+00	1.496111e-03	8853643.000000	0.000000e+00
2.001529e+01	4.450936e+00	1.498099e-03	8827176.000000	0.000000e+00
2.001728e+01	4.456430e+00	1.500294e-03	8823100.000000	0.000000e+00
2.001928e+01	4.456227e+00	1.502740e-03	8793606.000000	0.000000e+00
2.002127e+01	4.458319e+00	1.505790e-03	8766244.000000	0.000000e+00
2.002327e+01	4.463696e+00	1.509223e-03	8747463.000000	0.000000e+00
2.002526e+01	4.462534e+00	1.510068e-03	8733136.000000	0.000000e+00
2.002726e+01	4.466343e+00	1.513349e-03	8710156.000000	0.000000e+00
2.002925e+01	4.466237e+00	1.515814e-03	8681436.000000	0.000000e+00
2.003125e+01	4.469811e+00	1.518587e-03	8663608.000000	0.000000e+00
2.003324e+01	4.472836e+00	1.520655e-03	8651760.000000	0.000000e+00
2.003524e+01	4.473917e+00	1.523835e-03	8619859.000000	0.000000e+00
2.003723e+01	4.476083e+00	1.526597e-03	8597008.000000	0.000000e+00
2.003922e+01	4.478031e+00	1.528213e-03	8586312.000000	0.000000e+00
2.004122e+01	4.479852e+00	1.531140e-03	8560474.000000	0.000000e+00
2.004321e+01	4.480963e+00	1.533603e-03	8537232.000000	0.000000e+00
2.004521e+01	4.484923e+00	1.537504e-03	8508976.000000	0.000000e+00
2.004720e+01	4.486269e+00	1.538097e-03	8507523.000000	0.000000e+00
2.004920e+01	4.487624e+00	1.541497e-03	8475148.000000	0.000000e+00
2.005119e+01	4.492356e+00	1.545328e-03	8450980.000000	0.000000e+00
2.005319e+01	4.491430e+00	1.546561e-03	8434032.000000	0.000000e+00
2.005518e+01	4.494503e+00	1.549169e-03	8417164.000000	0.000000e+00
2.005718e+01	4.497434e+00	1.552182e-03	8395452.000000	0.000000e+00
2.005917e+01	4.499950e+00	1.555783e-03	8365984.000000	0.000000e+00
2.006116e+01	4.503716e+00	1.558554e-03	8350227.000000	0.000000e+00
2.006316e+01	4.504524e+00	1.560041e-03	8337310.000000	0.000000e+00
2.006516e+01	4.507138e+00	1.563913e-03	8305708.000000	0.000000e+00
2.006715e+01	4.507834e+00	1.566156e-03	8284488.000000	0.000000e+00
2.006914e+01	4.508964e+00	1.567361e-03	8275900.000000	0.000000e+00
2.007114e+01	4.512036e+00	1.570882e-03	8250072.000000	0.000000e+00
2.007313e+01	4.513933e+00	1.574071e-03	8223595.000000	0.000000e+00
2.007513e+01	4.517425e+00	1.577739e-03	8198064.000000	0.000000e+00
2.007712e+01	4.519565e+00	1.578571e-03	8197192.000000	0.000000e+00
2.007912e+01	4.519748e+00	1.581657e-03	8165896.000000	0.000000e+00
2.008111e+01	4.522436e+00	1.584750e-03	8143728.000000	0.000000e+00
2.008311e+01	4.524467e+00	1.587340e-03	8124466.000000	0.000000e+00
2.008510e+01	4.526303e+00	1.589436e-03	8109636.000000	0.000000e+00
2.008710e+01	4.529847e+00	1.593217e-03	8083831.000000	0.000000e+00
2.008909e+01	4.532661e+00	1.596873e-03	8056864.000000	0.000000e+00
2.009108e+01	4.534748e+00	1.598422e-03	8048652.000000	0.000000e+00
2.009308e+01	4.536616e+00	1.601221e-03	8027152.000000	0.000000e+00
2.009508e+01	4.539199e+00	1.604731e-03	8001180.000000	0.000000e+00
2.009707e+01	4.541110e+00	1.607928e-03	7976104.000000	0.000000e+00
2.009906e+01	4.543627e+00	1.609292e-03	7971420.000000	0.000000e+00
2.010106e+01	4.545664e+00	1.612650e-03	7945375.000000	0.000000e+00
2.010305e+01	4.547762e+00	1.616154e-03	7918264.000000	0.000000e+00
2.010505e+01	4.548168e+00	1.618288e-03	7898802.000000	0.000000e+00
2.010704e+01	4.550806e+00	1.620380e-03	7887568.000000	0.000000e+00
2.010904e+01	4.554461e+00	1.623868e-03	7866336.000000	0.000000e+00
2.011103e+01	4.556993e+00	1.627789e-03	7837192.000000	0.000000e+00
2.011303e+01	4.555628e+00	1.628951e-03	7821324.000000	0.000000e+00
2.011502e+01	4.564283e+00	1.633510e-03	7807315.000000	0.000000e+00
2.011702e+01	4.562062e+00	1.635301e-03	7782640.000000	0.000000e+00
2.011901e+01	4.564277e+00	1.638671e-03	7758192.000000	0.000000e+00
2.012100e+01	4.564757e+00	1.640042e-03	7746856.000000	0.000000e+00
2.012300e+01	4.570645e+00	1.644264e-03	7727016.000000	0.000000e+00
2.012499e+01	4.571665e+00	1.647657e-03	7698658.000000	0.000000e+00
2.012699e+01	4.575818e+00	1.651508e-03	7676724.000000	0.000000e+00
2.012898e+01	4.576506e+00	1.652130e-03	7673260.000000	0.000000e+00
2.013098e+01	4.580195e+00	1.656402e-03	7646035.000000	0.000000e+00
2.013297e+01	4.578711e+00	1.658520e-03	7621584.000000	0.000000e+00
2.013497e+01	4.585416e+00	1.663297e-03	7600072.000000	0.000000e+00
2.013696e+01	4.586852e+00	1.664498e-03	7593864.000000	0.000000e+00
2.013896e+01	4.592683e+00	1.669772e-03	7565164.000000	0.000000e+00
2.014095e+01	4.589547e+00	1.671569e-03	7538608.000000	0.000000e+00
2.014295e+01	4.588035e+00	1.671974e-03	7529988.000000	0.000000e+00
2.014494e+01	4.595556e+00	1.676705e-03	7512124.000000	0.000000e+00
2.014694e+01	4.598935e+00	1.680700e-03	7487457.000000	0.000000e+00
2.014893e+01	4.601752e+00	1.684639e-03	7461616.000000	0.000000e+00
2.015092e+01	4.602038e+00	1.685747e-03	7452732.000000	0.000000e+00
2.015292e+01	4.605394e+00	1.689280e-03	7432420.000000	0.000000e+00
2.015491e+01	4.609244e+00	1.693414e-03	7408552.000000	0.000000e+00
2.015691e+01	4.608803e+00	1.696223e-03	7382616.000000	0.000000e+00
2.015890e+01	4.611989e+00	1.697880e-03	7378408.000000	0.000000e+00
2.016090e+01	4.612667e+00	1.700840e-03	7354908.000000	0.000000e+00
2.016289e+01	4.617875e+00	1.705563e-03	7330759.000000	0.000000e+00
2.016489e+01	4.619456e+00	1.708528e-03	7310340.000000	0.000000e+00
2.016688e+01	4.620576e+00	1.710245e-03	7299202.000000	0.000000e+00
2.016888e+01	4.621323e+00	1.713360e-03	7275040.000000	0.000000e+00
2.017087e+01	4.624587e+00	1.717436e-03	7250784.000000	0.000000e+00
2.017286e+01	4.628320e+00	1.720328e-03	7238092.000000	0.000000e+00
2.017486e+01	4.631382e+00	1.723142e-03	7224024.000000	0.000000e+00
2.017686e+01	4.633205e+00	1.726972e-03	7197676.000000	0.000000e+00
2.017885e+01	4.634420e+00	1.730745e-03	7170088.000000	0.000000e+00
2.018084e+01	4.639902e+00	1.732851e-03	7169607.000000	0.000000e+00
2.018284e+01	4.640856e+00	1.736370e-03	7143508.000000	0.000000e+00
2.018483e+01	4.644392e+00	1.740516e-03	7120356.000000	0.000000e+00
2.018683e+01	4.646327e+00	1.743759e-03	7099804.000000	0.000000e+00
2.018882e+01	4.647142e+00	1.745188e-03	7090674.000000	0.000000e+00
2.019082e+01	4.650309e+00	1.749249e-03	7067416.000000	0.000000e+00
2.019281e+01	4.651502e+00	1.752956e-03	7041160.000000	0.000000e+00
2.019481e+01	4.655161e+00	1.755849e-03	7029024.000000	0.000000e+00
2.019680e+01	4.655609e+00	1.757564e-03	7016668.000000	0.000000e+00
2.019880e+01	4.656169e+00	1.761188e-03	6989499.000000	0.000000e+00
2.020079e+01	4.663479e+00	1.766819e-03	6966844.000000	0.000000e+00
2.020278e+01	4.667024e+00	1.769505e-03	6956268.000000	0.000000e+00
2.020478e+01	4.666305e+00	1.771304e-03	6940012.000000	0.000000e+00
2.020678e+01	4.668951e+00	1.775849e-03	6912364.000000	0.000000e+00
2.020877e+01	4.671624e+00	1.779603e-03	6891114.000000	0.000000e+00
2.021076e+01	4.675135e+00	1.781324e-03	6888148.000000	0.000000e+00
2.021276e+01	4.676577e+00	1.785328e-03	6861516.000000	0.000000e+00
2.021475e+01	4.678454e+00	1.788865e-03	6839896.000000	0.000000e+00
2.021675e+01	4.680452e+00	1.792412e-03	6818676.000000	0.000000e+00
2.021874e+01	4.685221e+00	1.795188e-03	6811459.000000	0.000000e+00
2.022074e+01	4.688169e+00	1.799697e-03	6785908.000000	0.000000e+00
2.022273e+01	4.688847e+00	1.802603e-03	6765996.000000	0.000000e+00
2.022473e+01	4.690613e+00	1.805542e-03	6749068.000000	0.000000e+00
2.022672e+01	4.692695e+00	1.807587e-03	6739788.000000	0.000000e+00
2.022872e+01	4.696798e+00	1.813092e-03	6710638.000000	0.000000e+00
2.023071e+01	4.698436e+00	1.816679e-03	6688828.000000	0.000000e+00
2.023270e+01	4.699052e+00	1.818127e-03	6679932.000000	0.000000e+00
2.023470e+01	4.701438e+00	1.821497e-03	6661996.000000	0.000000e+00
2.023670e+01	4.706500e+00	1.826759e-03	6637944.000000	0.000000e+00
2.023869e+01	4.711300e+00	1.832033e-03	6613252.000000	0.000000e+00
2.024068e+01	4.712501e+00	1.832415e-03	6613863.000000	0.000000e+00
2.024268e+01	4.715098e+00	1.836964e-03	6588400.000000	0.000000e+00
2.024467e+01	4.716273e+00	1.841113e-03	6562012.000000	0.000000e+00
2.024667e+01	4.723492e+00	1.846095e-03	6546636.000000	0.000000e+00
2.024866e+01	4.722465e+00	1.846734e-03	6539260.000000	0.000000e+00
2.025066e+01	4.723434e+00	1.850762e-03	6513498.000000	0.000000e+00
2.025265e+01	4.726144e+00	1.855405e-03	6488380.000000	0.000000e+00
2.025465e+01	4.733098e+00	1.859310e-03	6480180.000000	0.000000e+00
2.025664e+01	4.735398e+00	1.862531e-03	6464068.000000	0.000000e+00
2.025864e+01	4.733824e+00	1.865461e-03	6439492.000000	0.000000e+00
2.026063e+01	4.735933e+00	1.869393e-03	6418152.000000	0.000000e+00
2.026262e+01	4.738097e+00	1.871224e-03	6411448.000000	0.000000e+00
2.026462e+01	4.743614e+00	1.876312e-03	6391587.000000	0.000000e+00
2.026662e+01	4.746405e+00	1.881036e-03	6367012.000000	0.000000e+00
2.026861e+01	4.747632e+00	1.884634e-03	6345996.000000	0.000000e+00
2.027060e+01	4.749665e+00	1.886105e-03	6341530.000000	0.000000e+00
2.027260e+01	4.751863e+00	1.890341e-03	6318988.000000	0.000000e+00
2.027459e+01	4.755806e+00	1.895313e-03	6296316.000000	0.000000e+00
2.027659e+01	4.757107e+00	1.898292e-03	6280000.000000	0.000000e+00
2.027858e+01	4.764583e+00	1.902822e-03	6269796.000000	0.000000e+00
2.028058e+01	4.762551e+00	1.905255e-03	6248464.000000	0.000000e+00
2.028257e+01	4.764868e+00	1.910453e-03	6220552.000000	0.000000e+00
2.028456e+01	4.767231e+00	1.912658e-03	6212376.000000	0.000000e+00
2.028656e+01	4.770116e+00	1.915974e-03	6198388.000000	0.000000e+00
2.028856e+01	4.774427e+00	1.921086e-03	6176592.000000	0.000000e+00
2.029055e+01	4.776967e+00	1.926141e-03	6150757.000000	0.000000e+00
2.029254e+01	4.778022e+00	1.926886e-03	6148716.000000	0.000000e+00
2.029454e+01	4.782168e+00	1.931919e-03	6127336.000000	0.000000e+00
2.029653e+01	4.782558e+00	1.935821e-03	6103660.000000	0.000000e+00
2.029853e+01	4.785316e+00	1.940156e-03	6083424.000000	0.000000e+00
2.030052e+01	4.785681e+00	1.941307e-03	6077140.000000	0.000000e+00
2.030252e+01	4.789159e+00	1.946066e-03	6056244.000000	0.000000e+00
2.030451e+01	4.793421e+00	1.951550e-03	6032980.000000	0.000000e+00
2.030651e+01	4.797210e+00	1.955212e-03	6019908.000000	0.000000e+00
2.030850e+01	4.797905e+00	1.957235e-03	6009208.000000	0.000000e+00
2.031050e+01	4.801542e+00	1.962801e-03	5984242.000000	0.000000e+00
2.031249e+01	4.804103e+00	1.967494e-03	5962080.000000	0.000000e+00
2.031448e+01	4.809071e+00	1.970865e-03	5953996.000000	0.000000e+00
2.031648e+01	4.811727e+00	1.974383e-03	5939352.000000	0.000000e+00
2.031848e+01	4.814396e+00	1.979570e-03	5914828.000000	0.000000e+00
2.032047e+01	4.813765e+00	1.983269e-03	5891239.000000	0.000000e+00
2.032246e+01	4.818586e+00	1.985014e-03	5892672.000000	0.000000e+00
2.032446e+01	4.822992e+00	1.991037e-03	5867788.000000	0.000000e+00
2.032645e+01	4.822579e+00	1.994583e-03	5845944.000000	0.000000e+00
2.032845e+01	4.821464e+00	1.996972e-03	5829268.000000	0.000000e+00
2.033044e+01	4.826854e+00	2.000633e-03	5820942.000000	0.000000e+00
2.033244e+01	4.834712e+00	2.007773e-03	5798452.000000	0.000000e+00
2.033443e+01	4.833950e+00	2.011340e-03	5776084.000000	0.000000e+00
2.033643e+01	4.838126e+00	2.015032e-03	5764884.000000	0.000000e+00
2.033842e+01	4.840666e+00	2.018016e-03	5753884.000000	0.000000e+00
2.034042e+01	4.841836e+00	2.022717e-03	5729940.000000	0.000000e+00
2.034241e+01	4.846292e+00	2.028724e-03	5706544.000000	0.000000e+00
2.034440e+01	4.845960e+00	2.029226e-03	5702940.000000	0.000000e+00
2.034640e+01	4.853876e+00	2.035968e-03	5683756.000000	0.000000e+00
2.034840e+01	4.857079e+00	2.041213e-03	5662048.000000	0.000000e+00
2.035039e+01	4.860392e+00	2.046806e-03	5638830.000000	0.000000e+00
2.035238e+01	4.859936e+00	2.046802e-03	5637796.000000	0.000000e+00
2.035438e+01	4.863712e+00	2.051756e-03	5619324.000000	0.000000e+00
2.035637e+01	4.865099e+00	2.057011e-03	5593843.000000	0.000000e+00
2.035837e+01	4.869150e+00	2.061584e-03	5578332.000000	0.000000e+00
2.036036e+01	4.866055e+00	2.061835e-03	5569888.000000	0.000000e+00
2.036236e+01	4.873572e+00	2.069266e-03	5547052.000000	0.000000e+00
2.036435e+01	4.878285e+00	2.075139e-03	5526372.000000	0.000000e+00
2.036635e+01	4.882074e+00	2.078730e-03	5515852.000000	0.000000e+00
2.036834e+01	4.882877e+00	2.081102e-03	5505096.000000	0.000000e+00
2.037034e+01	4.884593e+00	2.086453e-03	5480746.000000	0.000000e+00
2.037233e+01	4.886390e+00	2.091239e-03	5459704.000000	0.000000e+00
2.037432e+01	4.892170e+00	2.094611e-03	5455020.000000	0.000000e+00
2.037632e+01	4.894360e+00	2.099116e-03	5436496.000000	0.000000e+00
2.037832e+01	4.896867e+00	2.104418e-03	5414676.000000	0.000000e+00
2.038031e+01	4.898476e+00	2.109278e-03	5393296.000000	0.000000e+00
2.038230e+01	4.903595e+00	2.111788e-03	5391732.000000	0.000000e+00
2.038430e+01	4.904651e+00	2.116330e-03	5370928.000000	0.000000e+00
2.038629e+01	4.905950e+00	2.121227e-03	5348992.000000	0.000000e+00
2.038829e+01	4.913220e+00	2.127064e-03	5335452.000000	0.000000e+00
2.039028e+01	4.909748e+00	2.127759e-03	5324434.000000	0.000000e+00
2.039228e+01	4.920351e+00	2.136772e-03	5302440.000000	0.000000e+00
2.039427e+01	4.919417e+00	2.140592e-03	5281528.000000	0.000000e+00
2.039627e+01	4.924840e+00	2.143856e-03	5277072.000000	0.000000e+00
2.039826e+01	4.926375e+00	2.148225e-03	5258908.000000	0.000000e+00
2.040026e+01	4.927798e+00	2.153166e-03	5237824.000000	0.000000e+00
2.040225e+01	4.932444e+00	2.159845e-03	5215299.000000	0.000000e+00
2.040424e+01	4.931286e+00	2.159457e-03	5214724.000000	0.000000e+00
2.040624e+01	4.936407e+00	2.165666e-03	5195640.000000	0.000000e+00
2.040823e+01	4.938964e+00	2.171626e-03	5172514.000000	0.000000e+00
2.041023e+01	4.944496e+00	2.177607e-03	5155668.000000	0.000000e+00
2.041222e+01	4.944658e+00	2.178682e-03	5150920.000000	0.000000e+00
2.041422e+01	4.946398e+00	2.183795e-03	5130436.000000	0.000000e+00
2.041621e+01	4.949668e+00	2.190204e-03	5107200.000000	0.000000e+00
2.041821e+01	4.953667e+00	2.194382e-03	5095996.000000	0.000000e+00
2.042020e+01	4.958845e+00	2.198386e-03	5088072.000000	0.000000e+00
2.042220e+01	4.960236e+00	2.204026e-03	5064904.000000	0.000000e+00
2.042419e+01	4.964111e+00	2.210237e-03	5044348.000000	0.000000e+00
2.042619e+01	4.963520e+00	2.211299e-03	5038308.000000	0.000000e+00
2.042818e+01	4.968204e+00	2.217223e-03	5020882.000000	0.000000e+00
2.043018e+01	4.972694e+00	2.223677e-03	5000808.000000	0.000000e+00
2.043217e+01	4.976117e+00	2.229963e-03	4979500.000000	0.000000e+00
2.043416e+01	4.978581e+00	2.230389e-03	4982532.000000	0.000000e+00
2.043616e+01	4.979392e+00	2.236119e-03	4958644.000000	0.000000e+00
2.043815e+01	4.983460e+00	2.242860e-03	4936936.000000	0.000000e+00
2.044015e+01	4.985934e+00	2.247074e-03	4923324.000000	0.000000e+00
2.044214e+01	4.989429e+00	2.250662e-03	4914520.000000	0.000000e+00
2.044414e+01	4.992084e+00	2.255963e-03	4896660.000000	0.000000e+00
2.044613e+01	4.995270e+00	2.262634e-03	4874044.000000	0.000000e+00
2.044813e+01	4.995877e+00	2.265036e-03	4864890.000000	0.000000e+00
2.045012e+01	5.004958e+00	2.271596e-03	4854436.000000	0.000000e+00
2.045212e+01	5.005109e+00	2.276760e-03	4832728.000000	0.000000e+00
2.045411e+01	5.008621e+00	2.283445e-03	4811220.000000	0.000000e+00
2.045610e+01	5.010012e+00	2.284837e-03	4808032.000000	0.000000e+00
2.045810e+01	5.008184e+00	2.287996e-03	4791264.000000	0.000000e+00
2.046010e+01	5.018496e+00	2.297949e-03	4769428.000000	0.000000e+00
2.046209e+01	5.021040e+00	2.303521e-03	4751196.000000	0.000000e+00
2.046408e+01	5.024216e+00	2.305198e-03	4750288.000000	0.000000e+00
2.046608e+01	5.021501e+00	2.309111e-03	4729090.000000	0.000000e+00
2.046807e+01	5.032188e+00	2.319372e-03	4707312.000000	0.000000e+00
2.047007e+01	5.034627e+00	2.323604e-03	4694728.000000	0.000000e+00
2.047206e+01	5.036584e+00	2.325911e-03	4689060.000000	0.000000e+00
2.047406e+01	5.038103e+00	2.332211e-03	4666576.000000	0.000000e+00
2.047605e+01	5.044581e+00	2.340237e-03	4646548.000000	0.000000e+00
2.047805e+01	5.040981e+00	2.340530e-03	4638756.000000	0.000000e+00
2.048004e+01	5.045974e+00	2.346069e-03	4626028.000000	0.000000e+00
2.048204e+01	5.048972e+00	2.352388e-03	4606680.000000	0.000000e+00
2.048403e+01	5.053326e+00	2.360297e-03	4583752.000000	0.000000e+00
2.048602e+01	5.050413e+00	2.358572e-03	4585170.000000	0.000000e+00
2.048802e+01	5.063133e+00	2.369738e-03	4564972.000000	0.000000e+00
2.049002e+01	5.060339e+00	2.373752e-03	4544524.000000	0.000000e+00
2.049201e+01	5.064188e+00	2.379794e-03	4528359.000000	0.000000e+00
2.049400e+01	5.069291e+00	2.383086e-03	4524964.000000	0.000000e+00
2.049600e+01	5.072312e+00	2.389881e-03	4504632.000000	0.000000e+00
2.049799e+01	5.074796e+00	2.396531e-03	4484056.000000	0.000000e+00
2.049999e+01	5.078350e+00	2.401053e-03	4473444.000000	0.000000e+00
2.050198e+01	5.085698e+00	2.406120e-03	4467520.000000	0.000000e+00
2.050398e+01	5.089151e+00	2.414096e-03	4444078.000000	0.000000e+00
2.050597e+01	5.094457e+00	2.422047e-03	4424160.000000	0.000000e+00
2.050797e+01	5.092358e+00	2.422556e-03	4418656.000000	0.000000e+00
2.050996e+01	5.097168e+00	2.428280e-03	4406160.000000	0.000000e+00
2.051196e+01	5.096673e+00	2.434107e-03	4384240.000000	0.000000e+00
2.051395e+01	5.105422e+00	2.443672e-03	4364932.000000	0.000000e+00
2.051594e+01	5.103618e+00	2.442346e-03	4366584.000000	0.000000e+00
2.051794e+01	5.107869e+00	2.450252e-03	4345684.000000	0.000000e+00
2.051994e+01	5.108266e+00	2.456314e-03	4324932.000000	0.000000e+00
2.052193e+01	5.114809e+00	2.463594e-03	4310428.000000	0.000000e+00
2.052392e+01	5.112710e+00	2.463475e-03	4307310.000000	0.000000e+00
2.052592e+01	5.122433e+00	2.474067e-03	4286764.000000	0.000000e+00
2.052791e+01	5.126784e+00	2.482064e-03	4266424.000000	0.000000e+00
2.052991e+01	5.127614e+00	2.484883e-03	4258128.000000	0.000000e+00
2.053190e+01	5.131064e+00	2.489597e-03	4247728.000000	0.000000e+00
2.053390e+01	5.131061e+00	2.495611e-03	4227276.000000	0.000000e+00
2.053589e+01	5.136814e+00	2.504051e-03	4208248.000000	0.000000e+00
2.053788e+01	5.140534e+00	2.506627e-03	4205688.000000	0.000000e+00
2.053988e+01	5.141935e+00	2.511763e-03	4190788.000000	0.000000e+00
2.054188e+01	5.148940e+00	2.521542e-03	4169686.000000	0.000000e+00
2.054387e+01	5.149630e+00	2.527651e-03	4150668.000000	0.000000e+00
2.054586e+01	5.152638e+00	2.528943e-03	4151272.000000	0.000000e+00
2.054786e+01	5.158989e+00	2.537462e-03	4133616.000000	0.000000e+00
2.054986e+01	5.164307e+00	2.546729e-03	4112053.000000	0.000000e+00
2.055185e+01	5.165168e+00	2.551685e-03	4097460.000000	0.000000e+00
2.055384e+01	5.162459e+00	2.551052e-03	4095196.000000	0.000000e+00
2.055584e+01	5.170487e+00	2.561297e-03	4075144.000000	0.000000e+00
2.055783e+01	5.175399e+00	2.569861e-03	4055724.000000	0.000000e+00
2.055983e+01	5.181116e+00	2.575474e-03	4046992.000000	0.000000e+00
2.056182e+01	5.177394e+00	2.576941e-03	4036578.000000	0.000000e+00
2.056382e+01	5.186719e+00	2.588290e-03	4015684.000000	0.000000e+00
2.056581e+01	5.186664e+00	2.593383e-03	3999844.000000	0.000000e+00
2.056780e+01	5.185452e+00	2.593459e-03	3997740.000000	0.000000e+00
2.056980e+01	5.194519e+00	2.603507e-03	3980824.000000	0.000000e+00
2.057180e+01	5.198084e+00	2.612258e-03	3959628.000000	0.000000e+00
2.057379e+01	5.202123e+00	2.619663e-03	3943396.000000	0.000000e+00
2.057578e+01	5.205693e+00	2.621318e-03	3943824.000000	0.000000e+00
2.057778e+01	5.204874e+00	2.627669e-03	3923548.000000	0.000000e+00
2.057977e+01	5.209292e+00	2.636036e-03	3905302.000000	0.000000e+00
2.058177e+01	5.217118e+00	2.644147e-03	3893052.000000	0.000000e+00
2.058376e+01	5.211935e+00	2.642822e-03	3889216.000000	0.000000e+00
2.058576e+01	5.223622e+00	2.655897e-03	3868308.000000	0.000000e+00
2.058775e+01	5.228259e+00	2.665328e-03	3847804.000000	0.000000e+00
2.058975e+01	5.224283e+00	2.665135e-03	3842508.000000	0.000000e+00
2.059174e+01	5.228155e+00	2.670615e-03	3832432.000000	0.000000e+00
2.059374e+01	5.233909e+00	2.680357e-03	3813004.000000	0.000000e+00
2.059573e+01	5.238306e+00	2.689483e-03	3793536.000000	0.000000e+00
2.059772e+01	5.236480e+00	2.688227e-03	3794434.000000	0.000000e+00
2.059972e+01	5.243072e+00	2.697855e-03	3776892.000000	0.000000e+00
2.060172e+01	5.249981e+00	2.708599e-03	3756868.000000	0.000000e+00
2.060371e+01	5.251497e+00	2.714882e-03	3741660.000000	0.000000e+00
2.060570e+01	5.252225e+00	2.715418e-03	3741220.000000	0.000000e+00
2.060770e+01	5.261059e+00	2.726829e-03	3722464.000000	0.000000e+00
2.060969e+01	5.262517e+00	2.734971e-03	3702384.000000	0.000000e+00
2.061169e+01	5.266189e+00	2.740589e-03	3692368.000000	0.000000e+00
2.061368e+01	5.267877e+00	2.743137e-03	3687876.000000	0.000000e+00
2.061568e+01	5.273331e+00	2.753714e-03	3667180.000000	0.000000e+00
2.061767e+01	5.273829e+00	2.761287e-03	3647782.000000	0.000000e+00
2.061966e+01	5.281691e+00	2.766477e-03	3644952.000000	0.000000e+00
2.062166e+01	5.280182e+00	2.770043e-03	3633496.000000	0.000000e+00
2.062366e+01	5.285429e+00	2.780240e-03	3614064.000000	0.000000e+00
2.062565e+01	5.290458e+00	2.790823e-03	3593536.000000	0.000000e+00
2.062764e+01	5.290306e+00	2.789254e-03	3597372.000000	0.000000e+00
2.062964e+01	5.297860e+00	2.800790e-03	3577996.000000	0.000000e+00
2.063164e+01	5.303804e+00	2.810600e-03	3561040.000000	0.000000e+00
2.063363e+01	5.304870e+00	2.816977e-03	3546360.000000	0.000000e+00
2.063562e+01	5.307199e+00	2.818916e-03	3544594.000000	0.000000e+00
2.063762e+01	5.313019e+00	2.830133e-03	3524268.000000	0.000000e+00
2.063961e+01	5.317504e+00	2.839457e-03	3507076.000000	0.000000e+00
2.064161e+01	5.316162e+00	2.841529e-03	3500196.000000	0.000000e+00
2.064360e+01	5.323808e+00	2.849408e-03	3490885.000000	0.000000e+00
2.064560e+01	5.327616e+00	2.859413e-03	3471460.000000	0.000000e+00
2.064759e+01	5.332590e+00	2.869084e-03	3454536.000000	0.000000e+00
2.064958e+01	5.333510e+00	2.870690e-03	3451864.000000	0.000000e+00
2.065158e+01	5.334474e+00	2.876279e-03	3439704.000000	0.000000e+00
2.065358e+01	5.342792e+00	2.889412e-03	3419146.000000	0.000000e+00
2.065557e+01	5.341384e+00	2.895686e-03	3402552.000000	0.000000e+00
2.065756e+01	5.346025e+00	2.897515e-03	3404164.000000	0.000000e+00
2.065956e+01	5.352860e+00	2.908457e-03	3387244.000000	0.000000e+00
2.066156e+01	5.359552e+00	2.920113e-03	3368664.000000	0.000000e+00
2.066355e+01	5.356744e+00	2.925169e-03	3353512.000000	0.000000e+00
2.066554e+01	5.356820e+00	2.924705e-03	3354672.000000	0.000000e+00
2.066754e+01	5.368847e+00	2.940059e-03	3334648.000000	0.000000e+00
2.066953e+01	5.366333e+00	2.946598e-03	3316756.000000	0.000000e+00
2.067153e+01	5.377061e+00	2.955842e-03	3309234.000000	0.000000e+00
2.067352e+01	5.379641e+00	2.960290e-03	3302464.000000	0.000000e+00
2.067552e+01	5.376349e+00	2.967281e-03	3282900.000000	0.000000e+00
2.067751e+01	5.389974e+00	2.983558e-03	3263656.000000	0.000000e+00
2.067950e+01	5.385103e+00	2.979035e-03	3267660.000000	0.000000e+00
2.068150e+01	5.393635e+00	2.992094e-03	3249472.000000	0.000000e+00
2.068350e+01	5.390965e+00	2.998390e-03	3232636.000000	0.000000e+00
2.068549e+01	5.400431e+00	3.011498e-03	3215820.000000	0.000000e+00
2.068748e+01	5.401276e+00	3.010356e-03	3219268.000000	0.000000e+00
2.068948e+01	5.408152e+00	3.023431e-03	3199614.000000	0.000000e+00
2.069148e+01	5.415155e+00	3.036329e-03	3180709.000000	0.000000e+00
2.069347e+01	5.407884e+00	3.036461e-03	3171900.000000	0.000000e+00
2.069546e+01	5.418067e+00	3.044556e-03	3166948.000000	0.000000e+00
2.069746e+01	5.418146e+00	3.052551e-03	3150472.000000	0.000000e+00
2.069945e+01	5.427570e+00	3.067258e-03	3131196.000000	0.000000e+00
2.070145e+01	5.431074e+00	3.071079e-03	3127444.000000	0.000000e+00
2.070344e+01	5.434152e+00	3.077678e-03	3117576.000000	0.000000e+00
2.070544e+01	5.427085e+00	3.082491e-03	3099772.000000	0.000000e+00
2.070743e+01	5.439511e+00	3.098706e-03	3081478.000000	0.000000e+00
2.070942e+01	5.441249e+00	3.098989e-03	3082884.000000	0.000000e+00
2.071142e+01	5.448409e+00	3.110179e-03	3068800.000000	0.000000e+00
2.071342e+01	5.444390e+00	3.117796e-03	3049320.000000	0.000000e+00
2.071541e+01	5.464733e+00	3.135595e-03	3037372.000000	0.000000e+00
2.071740e+01	5.460000e+00	3.133420e-03	3036324.000000	0.000000e+00
2.071940e+01	5.467460e+00	3.147179e-03	3018064.000000	0.000000e+00
2.072139e+01	5.467699e+00	3.156144e-03	3001204.000000	0.000000e+00
2.072339e+01	5.471653e+00	3.163080e-03	2992380.000000	0.000000e+00
2.072538e+01	5.473385e+00	3.165939e-03	2988868.000000	0.000000e+00
2.072738e+01	5.479549e+00	3.180177e-03	2968842.000000	0.000000e+00
2.072937e+01	5.480604e+00	3.190563e-03	2950681.000000	0.000000e+00
2.073136e+01	5.488290e+00	3.194031e-03	2952540.000000	0.000000e+00
2.073336e+01	5.487979e+00	3.201005e-03	2939356.000000	0.000000e+00
2.073536e+01	5.491031e+00	3.213125e-03	2920468.000000	0.000000e+00
2.073735e+01	5.493028e+00	3.224294e-03	2902380.000000	0.000000e+00
2.073934e+01	5.499289e+00	3.223957e-03	2909608.000000	0.000000e+00
2.074134e+01	5.500617e+00	3.234672e-03	2891760.000000	0.000000e+00
2.074334e+01	5.510396e+00	3.251802e-03	2871556.000000	0.000000e+00
2.074533e+01	5.516696e+00	3.260394e-03	2862978.000000	0.000000e+00
2.074732e+01	5.517581e+00	3.262984e-03	2859352.000000	0.000000e+00
2.074932e+01	5.524665e+00	3.276094e-03	2843800.000000	0.000000e+00
2.075131e+01	5.526935e+00	3.287516e-03	2826396.000000	0.000000e+00
2.075331e+01	5.528815e+00	3.292646e-03	2819512.000000	0.000000e+00
2.075530e+01	5.529368e+00	3.297008e-03	2812620.000000	0.000000e+00
2.075730e+01	5.537794e+00	3.311396e-03	2796736.000000	0.000000e+00
2.075929e+01	5.545635e+00	3.326563e-03	2779144.000000	0.000000e+00
2.076129e+01	5.546196e+00	3.327101e-03	2778807.000000	0.000000e+00
2.076328e+01	5.550219e+00	3.337762e-03	2765092.000000	0.000000e+00
2.076528e+01	5.552728e+00	3.348696e-03	2749548.000000	0.000000e+00
2.076727e+01	5.557427e+00	3.361651e-03	2733016.000000	0.000000e+00
2.076926e+01	5.562487e+00	3.362095e-03	2737272.000000	0.000000e+00
2.077126e+01	5.567033e+00	3.376220e-03	2718856.000000	0.000000e+00
2.077326e+01	5.573072e+00	3.390373e-03	2702056.000000	0.000000e+00
2.077525e+01	5.574862e+00	3.397861e-03	2691888.000000	0.000000e+00
2.077724e+01	5.584527e+00	3.404053e-03	2691412.000000	0.000000e+00
2.077924e+01	5.577872e+00	3.411537e-03	2673234.000000	0.000000e+00
2.078123e+01	5.591388e+00	3.431276e-03	2655388.000000	0.000000e+00
2.078323e+01	5.585165e+00	3.429630e-03	2652024.000000	0.000000e+00
2.078522e+01	5.589526e+00	3.436436e-03	2645656.000000	0.000000e+00
2.078722e+01	5.598961e+00	3.454362e-03	2627116.000000	0.000000e+00
2.078921e+01	5.601991e+00	3.468398e-03	2608716.000000	0.000000e+00
2.079120e+01	5.606912e+00	3.468661e-03	2612905.000000	0.000000e+00
2.079320e+01	5.608803e+00	3.478951e-03	2599224.000000	0.000000e+00
2.079520e+01	5.614270e+00	3.493729e-03	2582308.000000	0.000000e+00
2.079719e+01	5.614454e+00	3.503560e-03	2568006.000000	0.000000e+00
2.079918e+01	5.622972e+00	3.507279e-03	2570344.000000	0.000000e+00
2.080118e+01	5.628800e+00	3.522486e-03	2553484.000000	0.000000e+00
2.080318e+01	5.631106e+00	3.535314e-03	2537064.000000	0.000000e+00
2.080517e+01	5.639010e+00	3.545451e-03	2529664.000000	0.000000e+00
2.080716e+01	5.640031e+00	3.549372e-03	2524992.000000	0.000000e+00
2.080916e+01	5.643297e+00	3.563520e-03	2507884.000000	0.000000e+00
2.081115e+01	5.644701e+00	3.575303e-03	2492620.000000	0.000000e+00
2.081315e+01	5.650550e+00	3.580002e-03	2491236.000000	0.000000e+00
2.081514e+01	5.649683e+00	3.587924e-03	2479486.000000	0.000000e+00
2.081714e+01	5.658173e+00	3.604244e-03	2464473.000000	0.000000e+00
2.081913e+01	5.664317e+00	3.619955e-03	2448436.000000	0.000000e+00
2.082112e+01	5.660476e+00	3.614369e-03	2452680.000000	0.000000e+00
2.082312e+01	5.667364e+00	3.630775e-03	2436484.000000	0.000000e+00
2.082512e+01	5.680927e+00	3.651959e-03	2419840.000000	0.000000e+00
2.082711e+01	5.678203e+00	3.658603e-03	2408748.000000	0.000000e+00
2.082910e+01	5.682939e+00	3.660794e-03	2409880.000000	0.000000e+00
2.083110e+01	5.690087e+00	3.677849e-03	2393592.000000	0.000000e+00
2.083309e+01	5.695494e+00	3.694659e-03	2376370.000000	0.000000e+00
2.083509e+01	5.694079e+00	3.699226e-03	2369328.000000	0.000000e+00
2.083708e+01	5.697155e+00	3.702844e-03	2367256.000000	0.000000e+00
2.083908e+01	5.708158e+00	3.723259e-03	2350420.000000	0.000000e+00
2.084107e+01	5.713111e+00	3.740472e-03	2332881.000000	0.000000e+00
2.084306e+01	5.716076e+00	3.741955e-03	2333452.000000	0.000000e+00
2.084506e+01	5.717256e+00	3.750395e-03	2323920.000000	0.000000e+00
2.084706e+01	5.726421e+00	3.770419e-03	2306680.000000	0.000000e+00
2.084905e+01	5.728867e+00	3.785418e-03	2290392.000000	0.000000e+00
2.085104e+01	5.734097e+00	3.783546e-03	2296846.000000	0.000000e+00
2.085304e+01	5.740912e+00	3.802169e-03	2279812.000000	0.000000e+00
2.085504e+01	5.739148e+00	3.814298e-03	2263944.000000	0.000000e+00
2.085703e+01	5.739039e+00	3.820962e-03	2255968.000000	0.000000e+00
2.085902e+01	5.742339e+00	3.824220e-03	2254716.000000	0.000000e+00
2.086102e+01	5.762711e+00	3.852679e-03	2237320.000000	0.000000e+00
2.086301e+01	5.755968e+00	3.861514e-03	2221885.000000	0.000000e+00
2.086501e+01	5.759574e+00	3.866074e-03	2219424.000000	0.000000e+00
2.086700e+01	5.766868e+00	3.876998e-03	2212528.000000	0.000000e+00
2.086900e+01	5.773589e+00	3.896325e-03	2195742.000000	0.000000e+00
2.087099e+01	5.773476e+00	3.910166e-03	2180140.000000	0.000000e+00
2.087298e+01	5.769403e+00	3.905562e-03	2182200.000000	0.000000e+00
2.087498e+01	5.792938e+00	3.930721e-03	2171968.000000	0.000000e+00
2.087698e+01	5.786755e+00	3.942425e-03	2154484.000000	0.000000e+00
2.087897e+01	5.791125e+00	3.958702e-03	2140032.000000	0.000000e+00
2.088096e+01	5.798467e+00	3.958028e-03	2146192.000000	0.000000e+00
2.088296e+01	5.799493e+00	3.974049e-03	2129676.000000	0.000000e+00
2.088496e+01	5.805006e+00	3.992584e-03	2113963.000000	0.000000e+00
2.088695e+01	5.814645e+00	4.007726e-03	2104992.000000	0.000000e+00
2.088894e+01	5.806832e+00	4.002599e-03	2104720.000000	0.000000e+00
2.089094e+01	5.815315e+00	4.023581e-03	2088916.000000	0.000000e+00
2.089293e+01	5.819338e+00	4.041569e-03	2073228.000000	0.000000e+00
2.089493e+01	5.831293e+00	4.052790e-03	2070244.000000	0.000000e+00
2.089692e+01	5.826228e+00	4.055131e-03	2064264.000000	0.000000e+00
2.089892e+01	5.834464e+00	4.076780e-03	2048176.000000	0.000000e+00
2.090091e+01	5.840721e+00	4.096760e-03	2032600.000000	0.000000e+00
2.090290e+01	5.844797e+00	4.094941e-03	2037246.000000	0.000000e+00
2.090490e+01	5.856243e+00	4.117251e-03	2023129.000000	0.000000e+00
2.090690e+01	5.854063e+00	4.131111e-03	2008080.000000	0.000000e+00
2.090889e+01	5.864141e+00	4.150352e-03	1996360.000000	0.000000e+00
2.091088e+01	5.859201e+00	4.142455e-03	2000604.000000	0.000000e+00
2.091288e+01	5.869669e+00	4.168572e-03	1982680.000000	0.000000e+00
2.091487e+01	5.872756e+00	4.186159e-03	1968124.000000	0.000000e+00
2.091687e+01	5.882158e+00	4.197782e-03	1963512.000000	0.000000e+00
2.091886e+01	5.880684e+00	4.199936e-03	1960516.000000	0.000000e+00
2.092086e+01	5.884454e+00	4.221101e-03	1943394.000000	0.000000e+00
2.092285e+01	5.883098e+00	4.236064e-03	1928800.000000	0.000000e+00
2.092484e+01	5.894038e+00	4.242879e-03	1929765.000000	0.000000e+00
2.092684e+01	5.897539e+00	4.253985e-03	1921984.000000	0.000000e+00
2.092884e+01	5.902556e+00	4.276563e-03	1904980.000000	0.000000e+00
2.093083e+01	5.902823e+00	4.294108e-03	1889616.000000	0.000000e+00
2.093282e+01	5.913904e+00	4.293653e-03	1897120.000000	0.000000e+00
2.093482e+01	5.915974e+00	4.310771e-03	1883400.000000	0.000000e+00
2.093682e+01	5.920681e+00	4.333560e-03	1866610.000000	0.000000e+00
2.093881e+01	5.927139e+00	4.350848e-03	1855848.000000	0.000000e+00
2.094080e+01	5.927450e+00	4.347251e-03	1859116.000000	0.000000e+00
2.094280e+01	5.940839e+00	4.374231e-03	1844557.000000	0.000000e+00
2.094480e+01	5.948994e+00	4.399528e-03	1828416.000000	0.000000e+00
2.094679e+01	5.951036e+00	4.405850e-03	1824424.000000	0.000000e+00
2.094878e+01	5.942243e+00	4.404650e-03	1820028.000000	0.000000e+00
2.095078e+01	5.954733e+00	4.430129e-03	1806724.000000	0.000000e+00
2.095277e+01	5.953567e+00	4.449016e-03	1790716.000000	0.000000e+00
2.095476e+01	5.958795e+00	4.450996e-03	1792266.000000	0.000000e+00
2.095676e+01	5.965853e+00	4.467667e-03	1783132.000000	0.000000e+00
2.095876e+01	5.969807e+00	4.488704e-03	1768800.000000	0.000000e+00
2.096075e+01	5.983658e+00	4.517852e-03	1754161.000000	0.000000e+00
2.096274e+01	5.984813e+00	4.510141e-03	1760844.000000	0.000000e+00
2.096474e+01	5.985648e+00	4.530850e-03	1745272.000000	0.000000e+00
2.096674e+01	5.993415e+00	4.555261e-03	1731100.000000	0.000000e+00
2.096873e+01	6.002760e+00	4.572332e-03	1723560.000000	0.000000e+00
2.097072e+01	5.996041e+00	4.566883e-03	1723810.000000	0.000000e+00
2.097272e+01	6.001816e+00	4.592428e-03	1707972.000000	0.000000e+00
2.097471e+01	6.016701e+00	4.622508e-03	1694188.000000	0.000000e+00
2.097670e+01	6.007936e+00	4.617271e-03	1693089.000000	0.000000e+00
2.097870e+01	6.026070e+00	4.638470e-03	1687792.000000	0.000000e+00
2.098070e+01	6.030119e+00	4.664827e-03	1671016.000000	0.000000e+00
2.098269e+01	6.028815e+00	4.683253e-03	1657176.000000	0.000000e+00
2.098468e+01	6.042355e+00	4.685122e-03	1663300.000000	0.000000e+00
2.098669e+01	6.038478e+00	4.698523e-03	1651704.000000	0.000000e+00
2.098868e+01	6.042093e+00	4.725519e-03	1634842.000000	0.000000e+00
2.099067e+01	6.052999e+00	4.751183e-03	1623072.000000	0.000000e+00
2.099266e+01	6.055580e+00	4.742293e-03	1630552.000000	0.000000e+00
2.099466e+01	6.063061e+00	4.769493e-03	1615993.000000	0.000000e+00
2.099666e+01	6.064083e+00	4.793977e-03	1600068.000000	0.000000e+00
2.099865e+01	6.072968e+00	4.811416e-03	1593148.000000	0.000000e+00
2.100064e+01	6.075066e+00	4.811925e-03	1593912.000000	0.000000e+00
2.100264e+01	6.091834e+00	4.846060e-03	1580224.000000	0.000000e+00
2.100463e+01	6.082843e+00	4.862355e-03	1565020.000000	0.000000e+00
2.100662e+01	6.084533e+00	4.865699e-03	1563738.000000	0.000000e+00
2.100862e+01	6.097092e+00	4.883640e-03	1558684.000000	0.000000e+00
2.101062e+01	6.103369e+00	4.910256e-03	1545009.000000	0.000000e+00
2.101261e+01	6.104232e+00	4.934102e-03	1530544.000000	0.000000e+00
2.101460e+01	6.108838e+00	4.929683e-03	1535604.000000	0.000000e+00
2.101660e+01	6.118729e+00	4.957748e-03	1523188.000000	0.000000e+00
2.101860e+01	6.119361e+00	4.979212e-03	1510396.000000	0.000000e+00
2.102059e+01	6.123314e+00	5.000505e-03	1499496.000000	0.000000e+00
2.102258e+01	6.135635e+00	5.004087e-03	1503382.000000	0.000000e+00
2.102458e+01	6.140024e+00	5.033219e-03	1488156.000000	0.000000e+00
2.102658e+01	6.138838e+00	5.053562e-03	1475629.000000	0.000000e+00
2.102857e+01	6.142937e+00	5.063386e-03	1471872.000000	0.000000e+00
2.103057e+01	6.146182e+00	5.070107e-03	1469524.000000	0.000000e+00
2.103256e+01	6.154782e+00	5.104577e-03	1453804.000000	0.000000e+00
2.103455e+01	6.162641e+00	5.134315e-03	1440684.000000	0.000000e+00
2.103654e+01	6.160680e+00	5.126060e-03	1444408.000000	0.000000e+00
2.103855e+01	6.167779e+00	5.146446e-03	1436292.000000	0.000000e+00
2.104054e+01	6.183587e+00	5.189234e-03	1419955.000000	0.000000e+00
2.104253e+01	6.169534e+00	5.202323e-03	1406404.000000	0.000000e+00
2.104452e+01	6.184004e+00	5.195373e-03	1416792.000000	0.000000e+00
2.104653e+01	6.196333e+00	5.231957e-03	1402624.000000	0.000000e+00
2.104852e+01	6.195681e+00	5.260591e-03	1387104.000000	0.000000e+00
2.105050e+01	6.199146e+00	5.279168e-03	1378900.000000	0.000000e+00
2.105250e+01	6.212038e+00	5.280169e-03	1384116.000000	0.000000e+00
2.105450e+01	6.215836e+00	5.311462e-03	1369528.000000	0.000000e+00
2.105650e+01	6.222793e+00	5.347165e-03	1354327.000000	0.000000e+00
2.105848e+01	6.228452e+00	5.356767e-03	1351932.000000	0.000000e+00
2.106048e+01	6.213371e+00	5.346280e-03	1350676.000000	0.000000e+00
2.106248e+01	6.225314e+00	5.383777e-03	1337052.000000	0.000000e+00
2.106447e+01	6.242623e+00	5.429822e-03	1321792.000000	0.000000e+00
2.106646e+01	6.251665e+00	5.429174e-03	1325940.000000	0.000000e+00
2.106846e+01	6.248759e+00	5.442922e-03	1318024.000000	0.000000e+00
2.107046e+01	6.259373e+00	5.480741e-03	1304317.000000	0.000000e+00
2.107245e+01	6.269865e+00	5.517909e-03	1291122.000000	0.000000e+00
2.107444e+01	6.264327e+00	5.497351e-03	1298500.000000	0.000000e+00
2.107644e+01	6.272548e+00	5.531373e-03	1285944.000000	0.000000e+00
2.107844e+01	6.290039e+00	5.577424e-03	1271860.000000	0.000000e+00
2.108043e+01	6.280166e+00	5.581384e-03	1266072.000000	0.000000e+00
2.108242e+01	6.288827e+00	5.588172e-03	1266484.000000	0.000000e+00
2.108442e+01	6.294751e+00	5.621745e-03	1253761.000000	0.000000e+00
2.108641e+01	6.296632e+00	5.653922e-03	1240272.000000	0.000000e+00
2.108840e+01	6.298404e+00	5.654383e-03	1240768.000000	0.000000e+00
2.109041e+01	6.313033e+00	5.680740e-03	1234998.000000	0.000000e+00
2.109240e+01	6.318886e+00	5.715577e-03	1222252.000000	0.000000e+00
2.109439e+01	6.322858e+00	5.750163e-03	1209112.000000	0.000000e+00
2.109638e+01	6.312954e+00	5.724769e-03	1216044.000000	0.000000e+00
2.109839e+01	6.325564e+00	5.764601e-03	1204093.000000	0.000000e+00
2.110038e+01	6.327732e+00	5.798391e-03	1190916.000000	0.000000e+00
2.110236e+01	6.328418e+00	5.823176e-03	1181056.000000	0.000000e+00
2.110436e+01	6.337021e+00	5.812411e-03	1188660.000000	0.000000e+00
2.110637e+01	6.347536e+00	5.859477e-03	1173526.000000	0.000000e+00
2.110836e+01	6.357372e+00	5.903079e-03	1159840.000000	0.000000e+00
2.111034e+01	6.360309e+00	5.912335e-03	1157280.000000	0.000000e+00
2.111234e+01	6.363904e+00	5.914294e-03	1157821.000000	0.000000e+00
2.111435e+01	6.364243e+00	5.952457e-03	1143144.000000	0.000000e+00
2.111633e+01	6.378929e+00	6.002300e-03	1129432.000000	0.000000e+00
2.111832e+01	6.383283e+00	5.995112e-03	1133688.000000	0.000000e+00
2.112033e+01	6.385532e+00	6.012635e-03	1127884.000000	0.000000e+00
2.112232e+01	6.386498e+00	6.053071e-03	1113202.000000	0.000000e+00
2.112431e+01	6.402978e+00	6.105922e-03	1099668.000000	0.000000e+00
2.112630e+01	6.408046e+00	6.084745e-03	1109089.000000	0.000000e+00
2.112831e+01	6.395605e+00	6.102788e-03	1098264.000000	0.000000e+00
2.113030e+01	6.418902e+00	6.163923e-03	1084444.000000	0.000000e+00
2.113229e+01	6.422347e+00	6.197110e-03	1074012.000000	0.000000e+00
2.113428e+01	6.422041e+00	6.175793e-03	1081336.000000	0.000000e+00
2.113629e+01	6.429996e+00	6.219891e-03	1068700.000000	0.000000e+00
2.113828e+01	6.438714e+00	6.266706e-03	1055649.000000	0.000000e+00
2.114026e+01	6.443278e+00	6.284447e-03	1051186.000000	0.000000e+00
2.114226e+01	6.445002e+00	6.283470e-03	1052076.000000	0.000000e+00
2.114426e+01	6.446694e+00	6.322063e-03	1039816.000000	0.000000e+00
2.114625e+01	6.459867e+00	6.376324e-03	1026376.000000	0.000000e+00
2.114824e+01	6.472995e+00	6.381241e-03	1028964.000000	0.000000e+00
2.115024e+01	6.472476e+00	6.399214e-03	1023028.000000	0.000000e+00
2.115224e+01	6.470174e+00	6.434316e-03	1011177.000000	0.000000e+00
2.115423e+01	6.465574e+00	6.471867e-03	998056.000000	0.000000e+00
2.115622e+01	6.486051e+00	6.462319e-03	1007358.000000	0.000000e+00
2.115823e+01	6.492189e+00	6.510850e-03	994276.000000	0.000000e+00
2.116022e+01	6.506037e+00	6.563549e-03	982552.000000	0.000000e+00
2.116221e+01	6.496224e+00	6.572110e-03	977040.000000	0.000000e+00
2.116420e+01	6.509168e+00	6.579063e-03	978865.000000	0.000000e+00
2.116621e+01	6.515503e+00	6.630080e-03	965736.000000	0.000000e+00
2.116819e+01	6.512213e+00	6.665132e-03	954640.000000	0.000000e+00
2.117018e+01	6.525296e+00	6.677110e-03	955044.000000	0.000000e+00
2.117219e+01	6.531723e+00	6.695102e-03	951790.000000	0.000000e+00
2.117418e+01	6.532174e+00	6.742590e-03	938560.000000	0.000000e+00
2.117617e+01	6.550308e+00	6.802949e-03	927105.000000	0.000000e+00
2.117816e+01	6.537646e+00	6.767126e-03	933328.000000	0.000000e+00
2.118017e+01	6.555612e+00	6.816747e-03	924852.000000	0.000000e+00
2.118216e+01	6.553676e+00	6.867901e-03	910588.000000	0.000000e+00
2.118414e+01	6.563624e+00	6.913737e-03	901284.000000	0.000000e+00
2.118614e+01	6.576138e+00	6.887085e-03	911740.000000	0.000000e+00
2.118815e+01	6.575473e+00	6.940008e-03	897706.000000	0.000000e+00
2.119014e+01	6.573261e+00	6.992052e-03	883797.000000	0.000000e+00
2.119212e+01	6.600424e+00	7.031715e-03	881092.000000	0.000000e+00
2.119412e+01	6.598183e+00	7.015454e-03	884580.000000	0.000000e+00
2.119613e+01	6.606564e+00	7.078133e-03	871192.000000	0.000000e+00
2.119811e+01	6.615033e+00	7.145364e-03	857068.000000	0.000000e+00
2.120010e+01	6.597644e+00	7.110538e-03	860940.000000	0.000000e+00
2.120211e+01	6.620706e+00	7.148052e-03	857893.000000	0.000000e+00
2.120411e+01	6.632668e+00	7.212354e-03	845712.000000	0.000000e+00
2.120609e+01	6.623947e+00	7.267986e-03	830626.000000	0.000000e+00
2.120808e+01	6.635496e+00	7.236199e-03	840864.000000	0.000000e+00
2.121009e+01	6.640682e+00	7.279437e-03	832204.000000	0.000000e+00
2.121208e+01	6.647642e+00	7.343457e-03	819472.000000	0.000000e+00
2.121406e+01	6.647111e+00	7.390292e-03	808989.000000	0.000000e+00
2.121606e+01	6.647355e+00	7.352675e-03	817348.000000	0.000000e+00
2.121807e+01	6.661343e+00	7.417995e-03	806400.000000	0.000000e+00
2.122006e+01	6.673387e+00	7.486797e-03	794512.000000	0.000000e+00
2.122204e+01	6.671811e+00	7.509788e-03	789282.000000	0.000000e+00
2.122404e+01	6.684629e+00	7.510933e-03	792076.000000	0.000000e+00
2.122605e+01	6.686664e+00	7.564753e-03	781321.000000	0.000000e+00
2.122803e+01	6.703389e+00	7.643610e-03	769116.000000	0.000000e+00
2.123002e+01	6.692128e+00	7.621895e-03	770908.000000	0.000000e+00
2.123203e+01	6.698336e+00	7.648297e-03	767016.000000	0.000000e+00
2.123402e+01	6.711743e+00	7.718176e-03	756208.000000	0.000000e+00
2.123601e+01	6.719559e+00	7.792560e-03	743569.000000	0.000000e+00
2.123800e+01	6.728771e+00	7.753820e-03	753078.000000	0.000000e+00
2.124001e+01	6.740241e+00	7.821895e-03	742552.000000	0.000000e+00
2.124200e+01	6.738988e+00	7.882100e-03	730980.000000	0.000000e+00
2.124398e+01	6.729237e+00	7.900234e-03	725524.000000	0.000000e+00
2.124598e+01	6.754240e+00	7.907992e-03	729492.000000	0.000000e+00
2.124799e+01	6.739266e+00	7.955300e-03	717649.000000	0.000000e+00
2.124997e+01	6.749908e+00	8.027123e-03	707092.000000	0.000000e+00
2.125196e+01	6.753668e+00	8.030867e-03	707220.000000	0.000000e+00
2.125397e+01	6.774203e+00	8.063579e-03	705766.000000	0.000000e+00
2.125597e+01	6.770815e+00	8.129219e-03	693720.000000	0.000000e+00
2.125795e+01	6.788365e+00	8.211213e-03	683464.000000	0.000000e+00
2.125994e+01	6.796833e+00	8.183083e-03	689889.000000	0.000000e+00
2.126195e+01	6.785826e+00	8.216008e-03	682156.000000	0.000000e+00
2.126394e+01	6.794914e+00	8.301457e-03	669976.000000	0.000000e+00
2.126592e+01	6.814105e+00	8.384993e-03	660408.000000	0.000000e+00
2.126792e+01	6.802304e+00	8.295418e-03	672412.000000	0.000000e+00
2.126993e+01	6.821504e+00	8.405541e-03	658611.000000	0.000000e+00
2.127192e+01	6.837707e+00	8.500246e-03	647080.000000	0.000000e+00
2.127390e+01	6.827612e+00	8.510560e-03	643608.000000	0.000000e+00
2.127590e+01	6.838845e+00	8.487037e-03	649312.000000	0.000000e+00
2.127791e+01	6.832152e+00	8.568109e-03	635836.000000	0.000000e+00
2.127989e+01	6.841315e+00	8.662585e-03	623712.000000	0.000000e+00
2.128188e+01	6.888999e+00	8.696810e-03	627469.000000	0.000000e+00
2.128389e+01	6.875612e+00	8.686314e-03	626544.000000	0.000000e+00
2.128589e+01	6.867903e+00	8.766801e-03	613714.000000	0.000000e+00
2.128787e+01	6.871360e+00	8.864567e-03	600856.000000	0.000000e+00
2.128985e+01	6.877956e+00	8.797355e-03	611244.000000	0.000000e+00
2.129187e+01	6.858945e+00	8.823497e-03	604273.000000	0.000000e+00
2.129387e+01	6.903941e+00	8.976731e-03	591504.000000	0.000000e+00
2.129584e+01	6.912697e+00	9.065475e-03	581452.000000	0.000000e+00
2.129784e+01	6.898446e+00	8.960774e-03	592668.000000	0.000000e+00
2.129985e+01	6.912664e+00	9.058144e-03	582388.000000	0.000000e+00
2.130184e+01	6.936264e+00	9.190612e-03	569590.000000	0.000000e+00
2.130382e+01	6.917812e+00	9.196933e-03	565785.000000	0.000000e+00
2.130582e+01	6.931208e+00	9.170254e-03	571288.000000	0.000000e+00
2.130783e+01	6.944196e+00	9.272687e-03	560832.000000	0.000000e+00
2.130982e+01	6.942270e+00	9.377440e-03	548068.000000	0.000000e+00
2.131180e+01	6.946319e+00	9.361344e-03	550596.000000	0.000000e+00
2.131381e+01	6.952653e+00	9.373038e-03	550225.000000	0.000000e+00
2.131581e+01	6.969699e+00	9.490220e-03	539356.000000	0.000000e+00
2.131779e+01	6.967992e+00	9.600025e-03	526830.000000	0.000000e+00
2.131977e+01	6.992200e+00	9.550866e-03	535972.000000	0.000000e+00
2.132179e+01	6.975307e+00	9.591932e-03	528828.000000	0.000000e+00
2.132379e+01	6.986736e+00	9.700199e-03	518785.000000	0.000000e+00
2.132576e+01	6.998309e+00	9.795215e-03	510456.000000	0.000000e+00
2.132776e+01	6.996354e+00	9.726131e-03	517444.000000	0.000000e+00
2.132977e+01	7.018436e+00	9.848499e-03	507856.000000	0.000000e+00
2.133176e+01	7.020569e+00	9.945506e-03	498300.000000	0.000000e+00
2.133374e+01	7.021460e+00	9.968176e-03	496162.000000	0.000000e+00
2.133574e+01	7.020165e+00	9.957201e-03	497073.000000	0.000000e+00
2.133775e+01	7.031150e+00	1.006325e-02	488176.000000	0.000000e+00
2.133973e+01	7.065966e+00	1.022375e-02	477664.000000	0.000000e+00
2.134172e+01	7.038975e+00	1.013307e-02	482544.000000	0.000000e+00
2.134373e+01	7.054537e+00	1.021235e-02	477184.000000	0.000000e+00
2.134573e+01	7.088295e+00	1.036357e-02	467805.000000	0.000000e+00
2.134770e+01	7.083079e+00	1.046721e-02	457912.000000	0.000000e+00
2.134970e+01	7.068266e+00	1.031581e-02	469482.000000	0.000000e+00
2.135171e+01	7.087672e+00	1.048445e-02	457000.000000	0.000000e+00
2.135370e+01	7.079594e+00	1.056797e-02	448780.000000	0.000000e+00
2.135568e+01	7.085183e+00	1.062753e-02	444465.000000	0.000000e+00
2.135768e+01	7.129816e+00	1.062789e-02	450052.000000	0.000000e+00
2.135969e+01	7.101271e+00	1.073307e-02	437748.000000	0.000000e+00
2.136167e+01	7.132721e+00	1.088353e-02	429508.000000	0.000000e+00
2.136366e+01	7.107745e+00	1.081770e-02	431712.000000	0.000000e+00
2.136567e+01	7.126976e+00	1.085050e-02	431431.000000	0.000000e+00
2.136767e+01	7.152550e+00	1.105316e-02	418744.000000	0.000000e+00
2.136964e+01	7.144244e+00	1.115265e-02	410352.000000	0.000000e+00
2.137163e+01	7.147835e+00	1.103403e-02	419644.000000	0.000000e+00
2.137366e+01	7.169487e+00	1.116580e-02	412284.000000	0.000000e+00
2.137565e+01	7.176870e+00	1.134189e-02	400405.000000	0.000000e+00
2.137761e+01	7.164649e+00	1.142613e-02	393180.000000	0.000000e+00
2.137961e+01	7.154289e+00	1.122421e-02	406276.000000	0.000000e+00
2.138164e+01	7.174594e+00	1.143731e-02	393502.000000	0.000000e+00
2.138362e+01	7.194498e+00	1.163665e-02	382248.000000	0.000000e+00
2.138559e+01	7.198678e+00	1.165529e-02	381469.000000	0.000000e+00
2.138760e+01	7.179686e+00	1.151958e-02	388452.000000	0.000000e+00
2.138962e+01	7.202526e+00	1.175240e-02	375592.000000	0.000000e+00
2.139159e+01	7.201965e+00	1.193478e-02	364144.000000	0.000000e+00
2.139357e+01	7.229444e+00	1.188289e-02	370140.000000	0.000000e+00
2.139559e+01	7.240184e+00	1.189224e-02	370657.000000	0.000000e+00
2.139760e+01	7.233088e+00	1.209259e-02	357774.000000	0.000000e+00
2.139956e+01	7.253718e+00	1.231781e-02	346780.000000	0.000000e+00
2.140154e+01	7.266453e+00	1.212390e-02	359220.000000	0.000000e+00
2.140358e+01	7.251141e+00	1.220226e-02	353128.000000	0.000000e+00
2.140558e+01	7.266989e+00	1.245427e-02	340465.000000	0.000000e+00
2.140753e+01	7.279876e+00	1.262475e-02	332508.000000	0.000000e+00
2.140953e+01	7.275486e+00	1.237858e-02	345448.000000	0.000000e+00
2.141156e+01	7.276664e+00	1.254851e-02	336264.000000	0.000000e+00
2.141355e+01	7.278806e+00	1.280664e-02	323035.000000	0.000000e+00
2.141551e+01	7.307432e+00	1.286671e-02	322548.000000	0.000000e+00
2.141752e+01	7.312667e+00	1.275285e-02	328804.000000	0.000000e+00
2.141954e+01	7.297215e+00	1.290591e-02	319696.000000	0.000000e+00
2.142152e+01	7.321345e+00	1.323260e-02	306120.000000	0.000000e+00
2.142348e+01	7.326732e+00	1.310610e-02	312517.000000	0.000000e+00
2.142551e+01	7.316499e+00	1.308932e-02	312444.000000	0.000000e+00
2.142752e+01	7.358765e+00	1.336315e-02	303244.000000	0.000000e+00
2.142948e+01	7.330384e+00	1.362257e-02	289558.000000	0.000000e+00
2.143146e+01	7.356037e+00	1.336357e-02	303000.000000	0.000000e+00
2.143349e+01	7.352044e+00	1.350200e-02	296497.000000	0.000000e+00
2.143550e+01	7.373833e+00	1.375524e-02	287376.000000	0.000000e+00
2.143745e+01	7.365877e+00	1.396215e-02	278320.000000	0.000000e+00
2.143945e+01	7.374633e+00	1.372410e-02	288744.000000	0.000000e+00
2.144148e+01	7.375729e+00	1.391439e-02	280984.000000	0.000000e+00
2.144347e+01	7.403257e+00	1.420186e-02	271741.000000	0.000000e+00
2.144543e+01	7.387444e+00	1.424519e-02	268938.000000	0.000000e+00
2.144744e+01	7.391812e+00	1.413527e-02	273460.000000	0.000000e+00
2.144946e+01	7.421767e+00	1.439625e-02	265776.000000	0.000000e+00
2.145143e+01	7.384310e+00	1.458846e-02	256213.000000	0.000000e+00
2.145341e+01	7.421144e+00	1.455395e-02	260004.000000	0.000000e+00
2.145543e+01	7.444677e+00	1.464127e-02	258544.000000	0.000000e+00
2.145744e+01	7.432604e+00	1.483994e-02	250852.000000	0.000000e+00
2.145939e+01	7.468685e+00	1.520931e-02	241140.000000	0.000000e+00
2.146138e+01	7.479247e+00	1.492049e-02	251275.000000	0.000000e+00
2.146342e+01	7.475145e+00	1.513051e-02	244080.000000	0.000000e+00
2.146541e+01	7.470239e+00	1.536527e-02	236368.000000	0.000000e+00
2.146737e+01	7.484790e+00	1.551713e-02	232668.000000	0.000000e+00
2.146938e+01	7.493333e+00	1.539948e-02	236776.000000	0.000000e+00
2.147140e+01	7.491235e+00	1.562707e-02	229801.000000	0.000000e+00
2.147338e+01	7.482124e+00	1.587306e-02	222192.000000	0.000000e+00
2.147536e+01	7.513124e+00	1.584949e-02	224704.000000	0.000000e+00
2.147737e+01	7.538387e+00	1.598444e-02	222414.000000	0.000000e+00
2.147938e+01	7.540507e+00	1.622996e-02	215857.000000	0.000000e+00
2.148134e+01	7.537086e+00	1.651092e-02	208384.000000	0.000000e+00
2.148333e+01	7.547065e+00	1.621125e-02	216732.000000	0.000000e+00
2.148536e+01	7.557267e+00	1.653895e-02	208792.000000	0.000000e+00
2.148735e+01	7.569471e+00	1.682503e-02	202404.000000	0.000000e+00
2.148930e+01	7.567666e+00	1.706244e-02	196717.000000	0.000000e+00
2.149131e+01	7.589191e+00	1.668224e-02	206958.000000	0.000000e+00
2.149335e+01	7.575262e+00	1.712703e-02	195628.000000	0.000000e+00
2.149532e+01	7.587119e+00	1.744299e-02	189196.000000	0.000000e+00
2.149728e+01	7.587522e+00	1.739960e-02	190161.000000	0.000000e+00
2.149931e+01	7.598241e+00	1.728964e-02	193132.000000	0.000000e+00
2.150133e+01	7.574706e+00	1.771087e-02	182916.000000	0.000000e+00
2.150328e+01	7.632748e+00	1.817610e-02	176344.000000	0.000000e+00
2.150526e+01	7.632576e+00	1.781116e-02	183636.000000	0.000000e+00
2.150731e+01	7.651461e+00	1.805057e-02	179683.000000	0.000000e+00
2.150931e+01	7.670406e+00	1.858533e-02	170332.000000	0.000000e+00
2.151123e+01	7.642579e+00	1.887108e-02	164016.000000	0.000000e+00
2.151324e+01	7.657568e+00	1.817839e-02	177448.000000	0.000000e+00
2.151530e+01	7.667424e+00	1.878611e-02	166581.000000	0.000000e+00
2.151727e+01	7.674059e+00	1.928959e-02	158272.000000	0.000000e+00
2.151920e+01	7.687796e+00	1.947857e-02	155772.000000	0.000000e+00
2.152124e+01	7.690448e+00	1.876657e-02	167932.000000	0.000000e+00
2.152330e+01	7.677839e+00	1.958900e-02	153622.000000	0.000000e+00
2.152523e+01	7.705927e+00	2.012266e-02	146649.000000	0.000000e+00
2.152718e+01	7.727868e+00	1.992195e-02	150472.000000	0.000000e+00
2.152925e+01	7.704943e+00	1.951676e-02	155856.000000	0.000000e+00
2.153128e+01	7.740613e+00	2.059898e-02	141208.000000	0.000000e+00
2.153318e+01	7.767002e+00	2.110996e-02	135373.000000	0.000000e+00
2.153516e+01	7.746097e+00	2.030391e-02	145548.000000	0.000000e+00
2.153725e+01	7.736712e+00	2.039029e-02	143968.000000	0.000000e+00
2.153925e+01	7.746786e+00	2.154130e-02	129330.000000	0.000000e+00
2.154111e+01	7.731229e+00	2.192262e-02	124369.000000	0.000000e+00
2.154313e+01	7.774210e+00	2.069044e-02	141180.000000	0.000000e+00
2.154525e+01	7.758275e+00	2.137598e-02	131728.000000	0.000000e+00
2.154721e+01	7.813971e+00	2.270812e-02	118408.000000	0.000000e+00
2.154909e+01	7.817690e+00	2.265512e-02	119076.000000	0.000000e+00
2.155115e+01	7.754827e+00	2.137939e-02	131569.000000	0.000000e+00
2.155325e+01	7.762929e+00	2.243265e-02	119754.000000	0.000000e+00
2.155516e+01	7.858952e+00	2.390429e-02	108088.000000	0.000000e+00
2.155707e+01	7.830185e+00	2.306630e-02	115236.000000	0.000000e+00
2.155916e+01	7.831074e+00	2.249519e-02	121189.000000	0.000000e+00
2.156123e+01	7.848679e+00	2.387702e-02	108052.000000	0.000000e+00
2.156309e+01	7.861337e+00	2.510239e-02	98076.000000	0.000000e+00
2.156504e+01	7.882509e+00	2.357245e-02	111820.000000	0.000000e+00
2.156718e+01	7.879300e+00	2.365133e-02	110985.000000	0.000000e+00
2.156921e+01	7.904157e+00	2.539679e-02	96862.000000	0.000000e+00
2.157101e+01	7.886594e+00	2.640331e-02	89220.000000	0.000000e+00
2.157302e+01	7.870030e+00	2.394996e-02	107980.000000	0.000000e+00
2.157519e+01	7.878069e+00	2.478692e-02	101017.000000	0.000000e+00
2.157717e+01	7.879793e+00	2.686550e-02	86028.000000	0.000000e+00
2.157898e+01	7.937400e+00	2.698235e-02	86536.000000	0.000000e+00
2.158104e+01	7.885269e+00	2.509909e-02	98700.000000	0.000000e+00
2.158319e+01	7.920585e+00	2.622710e-02	91204.000000	0.000000e+00
2.158511e+01	7.944242e+00	2.888471e-02	75643.000000	0.000000e+00
2.158695e+01	7.908497e+00	2.724219e-02	84276.000000	0.000000e+00
2.158907e+01	7.992361e+00	2.666195e-02	89860.000000	0.000000e+00
2.159119e+01	7.992143e+00	2.804831e-02	81192.000000	0.000000e+00
2.159301e+01	8.006517e+00	3.114245e-02	66097.000000	0.000000e+00
2.159492e+01	8.018614e+00	2.793959e-02	82368.000000	0.000000e+00
2.159709e+01	7.975146e+00	2.797557e-02	81268.000000	0.000000e+00
2.159917e+01	7.976741e+00	3.003490e-02	70534.000000	0.000000e+00
2.160091e+01	8.019463e+00	3.264560e-02	60345.000000	0.000000e+00
2.160291e+01	7.985738e+00	2.851613e-02	78424.000000	0.000000e+00
2.160512e+01	8.008540e+00	2.964419e-02	72984.000000	0.000000e+00
2.160712e+01	8.033560e+00	3.277285e-02	60088.000000	0.000000e+00
2.160887e+01	8.035336e+00	3.303703e-02	59157.000000	0.000000e+00
2.161094e+01	7.998411e+00	3.006921e-02	70756.000000	0.000000e+00
2.161314e+01	8.060698e+00	3.162931e-02	64948.000000	0.000000e+00
2.161505e+01	8.079873e+00	3.609605e-02	50106.000000	0.000000e+00
2.161683e+01	8.099399e+00	3.356242e-02	58237.000000	0.000000e+00
2.161898e+01	8.141678e+00	3.232658e-02	63432.000000	0.000000e+00
2.162115e+01	8.054439e+00	3.370324e-02	57112.000000	0.000000e+00
2.162292e+01	8.091197e+00	4.015000e-02	40612.000000	0.000000e+00
2.162478e+01	8.128409e+00	3.384458e-02	57681.000000	0.000000e+00
2.162701e+01	8.140067e+00	3.425644e-02	56464.000000	0.000000e+00
2.162916e+01	8.057042e+00	3.631952e-02	49212.000000	0.000000e+00
2.163084e+01	8.130110e+00	4.286492e-02	35974.000000	0.000000e+00
2.163278e+01	8.133375e+00	3.521338e-02	53349.000000	0.000000e+00
2.163504e+01	8.159937e+00	3.652889e-02	49900.000000	0.000000e+00
2.163712e+01	8.170717e+00	4.067702e-02	40348.000000	0.000000e+00
2.163878e+01	8.274431e+00	4.408283e-02	35232.000000	0.000000e+00
2.164082e+01	8.126702e+00	3.745024e-02	47089.000000	0.000000e+00
2.164308e+01	8.206855e+00	3.931092e-02	43584.000000	0.000000e+00
2.164503e+01	8.125697e+00	4.620903e-02	30922.000000	0.000000e+00
2.164669e+01	8.173392e+00	4.321462e-02	35772.000000	0.000000e+00
2.164886e+01	8.268962e+00	4.073380e-02	41209.000000	0.000000e+00
2.165111e+01	8.255800e+00	4.262367e-02	37516.000000	0.000000e+00
2.165282e+01	8.281890e+00	5.604065e-02	21840.000000	0.000000e+00
2.165461e+01	8.219551e+00	4.289869e-02	36712.000000	0.000000e+00
2.165689e+01	8.268502e+00	4.374685e-02	35724.000000	0.000000e+00
2.165913e+01	8.219329e+00	4.623076e-02	31609.000000	0.000000e+00
2.166079e+01	8.276517e+00	5.975864e-02	19182.000000	0.000000e+00
2.166264e+01	8.238536e+00	4.602319e-02	32044.000000	0.000000e+00
2.166494e+01	8.253519e+00	4.716297e-02	30625.000000	0.000000e+00
2.166713e+01	8.233340e+00	5.153493e-02	25524.000000	0.000000e+00
2.166875e+01	8.276350e+00	6.197123e-02	17836.000000	0.000000e+00
2.167068e+01	8.287779e+00	5.022619e-02	27228.000000	0.000000e+00
2.167298e+01	8.252640e+00	5.127050e-02	25909.000000	0.000000e+00
2.167504e+01	8.380220e+00	6.275954e-02	17830.000000	0.000000e+00
2.167660e+01	8.276106e+00	6.052736e-02	18696.000000	0.000000e+00
2.167872e+01	8.299063e+00	5.495707e-02	22804.000000	0.000000e+00
2.168102e+01	8.354398e+00	5.688004e-02	21573.000000	0.000000e+00
2.168275e+01	8.242472e+00	8.079302e-02	10408.000000	0.000000e+00
2.168447e+01	8.359308e+00	5.928140e-02	19884.000000	0.000000e+00
2.168677e+01	8.431767e+00	6.154083e-02	18772.000000	0.000000e+00
2.168906e+01	8.531959e+00	6.439077e-02	17557.000000	0.000000e+00
2.169079e+01	8.394975e+00	9.059911e-02	8586.000000	0.000000e+00
2.169252e+01	8.489004e+00	6.683634e-02	16132.000000	0.000000e+00
2.169482e+01	8.393593e+00	6.823383e-02	15132.000000	0.000000e+00
2.169709e+01	8.325793e+00	7.121267e-02	13669.000000	0.000000e+00
2.169878e+01	8.448084e+00	9.939610e-02	7224.000000	0.000000e+00
2.170056e+01	8.470281e+00	7.494944e-02	12772.000000	0.000000e+00
2.170286e+01	8.309704e+00	7.622619e-02	11884.000000	0.000000e+00
2.170503e+01	8.471419e+00	8.872177e-02	9117.000000	0.000000e+00
2.170660e+01	8.640654e+00	1.024447e-01	7114.000000	0.000000e+00
2.170861e+01	8.545933e+00	8.630935e-02	9804.000000	0.000000e+00
2.171091e+01	8.477649e+00	8.922358e-02	9028.000000	0.000000e+00
2.171265e+01	8.447273e+00	1.298352e-01	4233.000000	0.000000e+00
2.171436e+01	8.405954e+00	9.443104e-02	7924.000000	0.000000e+00
2.171666e+01	8.624854e+00	1.014478e-01	7228.000000	0.000000e+00
2.171896e+01	8.492883e+00	1.048264e-01	6564.000000	0.000000e+00
2.172070e+01	8.364124e+00	1.516245e-01	3043.000000	0.000000e+00
2.172241e+01	8.588786e+00	1.144866e-01	5628.000000	0.000000e+00
2.172471e+01	8.522247e+00	1.199960e-01	5044.000000	0.000000e+00
2.172701e+01	8.733640e+00	1.303093e-01	4492.000000	0.000000e+00
2.172876e+01	8.782490e+00	1.940201e-01	2049.000000	0.000000e+00
2.173046e+01	8.584964e+00	1.406804e-01	3724.000000	0.000000e+00
2.173276e+01	8.677122e+00	1.521600e-01	3252.000000	0.000000e+00
2.173504e+01	8.591763e+00	1.656864e-01	2689.000000	0.000000e+00
2.173671e+01	8.752295e+00	2.361177e-01	1374.000000	0.000000e+00
2.173851e+01	8.567104e+00	1.821552e-01	2212.000000	0.000000e+00
2.174081e+01	8.265254e+00	1.920595e-01	1852.000000	0.000000e+00
2.174257e+01	7.665777e+00	2.708569e-01	801.000000	0.000000e+00
2.174426e+01	9.115119e+00	2.460851e-01	1372.000000	0.000000e+00
2.174656e+01	9.069616e+00	2.744591e-01	1092.000000	0.000000e+00
2.174886e+01	8.641576e+00	2.974553e-01	844.000000	0.000000e+00
2.175062e+01	9.516108e+00	5.168440e-01	339.000000	0.000000e+00
2.175230e+01	8.441321e+00	3.659777e-01	532.000000	0.000000e+00
2.175459e+01	7.656471e+00	4.013081e-01	364.000000	0.000000e+00
2.175688e+01	7.983753e+00	5.287370e-01	228.000000	0.000000e+00
2.175868e+01	7.644817e+00	8.947582e-01	73.000000	0.000000e+00
2.176029e+01	9.532779e+00	1.040112e+00	84.000000	0.000000e+00
2.176251e+01	1.088457e+01	2.056990e+00	28.000000	0.000000e+00
2.176444e+01	1.511668e+01	8.727616e+00	3.000000	0.000000e+00
