# [<k> (h/Mpc)]	[<P_0(k)> (Mpc/h)^3]	[ErrorBar (Mpc/h)^3]	nModes	[<P_2(k)> (Mpc/h)^3]
2.825283e-03	3.290360e+03	9.125817e+02	13.000000	0.000000e+00
4.787023e-03	5.583857e+03	9.720247e+02	33.000000	0.000000e+00
6.808858e-03	6.733646e+03	7.575944e+02	79.000000	0.000000e+00
8.837018e-03	9.599508e+03	8.874748e+02	117.000000	0.000000e+00
1.090508e-02	7.697343e+03	5.376058e+02	205.000000	0.000000e+00
1.285043e-02	9.507920e+03	6.202283e+02	235.000000	0.000000e+00
1.484672e-02	9.357824e+03	4.871489e+02	369.000000	0.000000e+00
1.685151e-02	9.055166e+03	4.351635e+02	433.000000	0.000000e+00
1.887417e-02	8.787545e+03	3.633203e+02	585.000000	0.000000e+00
2.087690e-02	8.501025e+03	3.262394e+02	679.000000	0.000000e+00
2.284645e-02	8.172840e+03	2.866340e+02	813.000000	0.000000e+00
2.485035e-02	7.873619e+03	2.508744e+02	985.000000	0.000000e+00
2.689016e-02	8.011010e+03	2.329136e+02	1183.000000	0.000000e+00
2.887890e-02	7.658434e+03	2.149855e+02	1269.000000	0.000000e+00
3.085965e-02	6.908233e+03	1.762098e+02	1537.000000	0.000000e+00
3.284962e-02	6.428891e+03	1.581247e+02	1653.000000	0.000000e+00
3.484370e-02	6.171088e+03	1.392841e+02	1963.000000	0.000000e+00
3.684264e-02	6.100708e+03	1.324677e+02	2121.000000	0.000000e+00
3.884666e-02	5.602370e+03	1.140494e+02	2413.000000	0.000000e+00
4.085134e-02	5.344071e+03	1.041075e+02	2635.000000	0.000000e+00
4.284129e-02	5.091730e+03	9.492824e+01	2877.000000	0.000000e+00
4.482380e-02	4.973012e+03	8.834020e+01	3169.000000	0.000000e+00
4.682964e-02	4.802726e+03	8.109983e+01	3507.000000	0.000000e+00
4.882111e-02	4.659837e+03	7.676301e+01	3685.000000	0.000000e+00
5.081452e-02	4.320814e+03	6.695115e+01	4165.000000	0.000000e+00
5.282512e-02	4.311440e+03	6.516796e+01	4377.000000	0.000000e+00
5.483161e-02	4.180323e+03	5.999502e+01	4855.000000	0.000000e+00
5.681794e-02	4.107017e+03	5.849882e+01	4929.000000	0.000000e+00
5.880488e-02	3.851692e+03	5.155794e+01	5581.000000	0.000000e+00
6.078752e-02	4.013208e+03	5.325443e+01	5679.000000	0.000000e+00
6.279015e-02	3.866770e+03	4.839136e+01	6385.000000	0.000000e+00
6.479167e-02	3.736593e+03	4.615893e+01	6553.000000	0.000000e+00
6.679172e-02	3.635380e+03	4.306827e+01	7125.000000	0.000000e+00
6.879078e-02	3.514981e+03	4.073167e+01	7447.000000	0.000000e+00
7.078414e-02	3.457399e+03	3.882758e+01	7929.000000	0.000000e+00
7.278159e-02	3.320534e+03	3.633178e+01	8353.000000	0.000000e+00
7.476640e-02	3.286810e+03	3.508739e+01	8775.000000	0.000000e+00
7.675907e-02	3.172105e+03	3.287023e+01	9313.000000	0.000000e+00
7.875735e-02	2.991648e+03	3.015719e+01	9841.000000	0.000000e+00
8.074579e-02	2.946865e+03	2.919119e+01	10191.000000	0.000000e+00
8.274077e-02	2.812109e+03	2.693883e+01	10897.000000	0.000000e+00
8.473833e-02	2.721547e+03	2.560102e+01	11301.000000	0.000000e+00
8.674360e-02	2.582763e+03	2.355277e+01	12025.000000	0.000000e+00
8.874697e-02	2.520353e+03	2.261247e+01	12423.000000	0.000000e+00
9.074179e-02	2.404005e+03	2.106751e+01	13021.000000	0.000000e+00
9.272623e-02	2.320275e+03	2.004039e+01	13405.000000	0.000000e+00
9.471269e-02	2.220000e+03	1.859907e+01	14247.000000	0.000000e+00
9.671056e-02	2.141787e+03	1.765736e+01	14713.000000	0.000000e+00
9.870727e-02	2.060084e+03	1.655287e+01	15489.000000	0.000000e+00
1.007038e-01	1.998774e+03	1.584483e+01	15913.000000	0.000000e+00
1.027044e-01	1.946512e+03	1.498248e+01	16879.000000	0.000000e+00
1.047038e-01	1.861206e+03	1.419445e+01	17193.000000	0.000000e+00
1.067040e-01	1.833921e+03	1.361001e+01	18157.000000	0.000000e+00
1.086889e-01	1.808570e+03	1.335511e+01	18339.000000	0.000000e+00
1.106818e-01	1.767342e+03	1.263258e+01	19573.000000	0.000000e+00
1.126797e-01	1.731676e+03	1.226290e+01	19941.000000	0.000000e+00
1.146640e-01	1.715270e+03	1.194245e+01	20629.000000	0.000000e+00
1.166593e-01	1.667665e+03	1.133260e+01	21655.000000	0.000000e+00
1.186555e-01	1.628343e+03	1.095020e+01	22113.000000	0.000000e+00
1.206557e-01	1.606940e+03	1.055349e+01	23185.000000	0.000000e+00
1.226521e-01	1.591790e+03	1.034699e+01	23667.000000	0.000000e+00
1.246394e-01	1.570093e+03	1.005458e+01	24385.000000	0.000000e+00
1.266433e-01	1.539321e+03	9.592881e+00	25749.000000	0.000000e+00
1.286372e-01	1.520760e+03	9.490860e+00	25675.000000	0.000000e+00
1.306323e-01	1.478432e+03	8.930069e+00	27409.000000	0.000000e+00
1.326290e-01	1.462881e+03	8.836782e+00	27405.000000	0.000000e+00
1.346159e-01	1.446009e+03	8.532997e+00	28717.000000	0.000000e+00
1.366167e-01	1.402892e+03	8.154833e+00	29595.000000	0.000000e+00
1.386146e-01	1.374768e+03	7.897707e+00	30301.000000	0.000000e+00
1.406031e-01	1.336172e+03	7.576614e+00	31101.000000	0.000000e+00
1.425916e-01	1.323469e+03	7.395757e+00	32023.000000	0.000000e+00
1.445846e-01	1.269790e+03	6.992401e+00	32977.000000	0.000000e+00
1.465916e-01	1.236251e+03	6.660675e+00	34449.000000	0.000000e+00
1.485919e-01	1.201724e+03	6.465274e+00	34549.000000	0.000000e+00
1.505868e-01	1.172603e+03	6.170656e+00	36111.000000	0.000000e+00
1.525827e-01	1.149506e+03	6.013415e+00	36541.000000	0.000000e+00
1.545720e-01	1.116456e+03	5.748744e+00	37717.000000	0.000000e+00
1.565618e-01	1.078232e+03	5.486705e+00	38619.000000	0.000000e+00
1.585558e-01	1.056329e+03	5.304172e+00	39661.000000	0.000000e+00
1.605447e-01	1.037471e+03	5.152376e+00	40545.000000	0.000000e+00
1.625373e-01	1.013038e+03	4.954044e+00	41815.000000	0.000000e+00
1.645437e-01	9.966311e+02	4.799211e+00	43125.000000	0.000000e+00
1.665425e-01	9.682706e+02	4.632874e+00	43681.000000	0.000000e+00
1.685320e-01	9.570182e+02	4.530140e+00	44629.000000	0.000000e+00
1.705261e-01	9.413309e+02	4.378189e+00	46227.000000	0.000000e+00
1.725263e-01	9.232769e+02	4.262888e+00	46909.000000	0.000000e+00
1.745216e-01	9.135959e+02	4.159719e+00	48237.000000	0.000000e+00
1.765059e-01	9.040925e+02	4.101764e+00	48583.000000	0.000000e+00
1.785033e-01	8.922864e+02	3.951227e+00	50997.000000	0.000000e+00
1.805083e-01	8.773360e+02	3.869876e+00	51397.000000	0.000000e+00
1.825017e-01	8.643560e+02	3.772754e+00	52489.000000	0.000000e+00
1.844937e-01	8.588129e+02	3.703053e+00	53787.000000	0.000000e+00
1.864887e-01	8.510930e+02	3.631947e+00	54913.000000	0.000000e+00
1.884818e-01	8.393438e+02	3.547603e+00	55977.000000	0.000000e+00
1.904753e-01	8.243507e+02	3.440324e+00	57415.000000	0.000000e+00
1.924660e-01	8.087488e+02	3.355111e+00	58105.000000	0.000000e+00
1.944594e-01	8.066570e+02	3.292258e+00	60033.000000	0.000000e+00
1.964596e-01	7.958284e+02	3.223563e+00	60949.000000	0.000000e+00
1.984543e-01	7.774437e+02	3.116388e+00	62235.000000	0.000000e+00
2.004453e-01	7.677694e+02	3.053322e+00	63229.000000	0.000000e+00
2.024446e-01	7.592577e+02	2.975012e+00	65133.000000	0.000000e+00
2.044399e-01	7.448153e+02	2.905647e+00	65707.000000	0.000000e+00
2.064345e-01	7.284323e+02	2.802471e+00	67561.000000	0.000000e+00
2.084313e-01	7.217987e+02	2.757750e+00	68505.000000	0.000000e+00
2.104244e-01	7.038387e+02	2.661344e+00	69943.000000	0.000000e+00
2.124186e-01	6.897949e+02	2.586987e+00	71097.000000	0.000000e+00
2.144149e-01	6.780853e+02	2.509345e+00	73021.000000	0.000000e+00
2.164075e-01	6.695170e+02	2.472631e+00	73317.000000	0.000000e+00
2.183998e-01	6.571975e+02	2.387065e+00	75799.000000	0.000000e+00
2.203919e-01	6.432970e+02	2.333161e+00	76021.000000	0.000000e+00
2.223865e-01	6.376068e+02	2.272058e+00	78753.000000	0.000000e+00
2.243849e-01	6.290527e+02	2.233959e+00	79291.000000	0.000000e+00
2.263816e-01	6.176820e+02	2.168587e+00	81129.000000	0.000000e+00
2.283784e-01	6.038190e+02	2.102980e+00	82441.000000	0.000000e+00
2.303757e-01	6.010595e+02	2.074482e+00	83949.000000	0.000000e+00
2.323699e-01	5.885425e+02	2.017225e+00	85123.000000	0.000000e+00
2.343653e-01	5.841147e+02	1.981143e+00	86929.000000	0.000000e+00
2.363576e-01	5.767626e+02	1.946601e+00	87789.000000	0.000000e+00
2.383451e-01	5.696504e+02	1.902824e+00	89623.000000	0.000000e+00
2.403415e-01	5.634604e+02	1.864363e+00	91341.000000	0.000000e+00
2.423378e-01	5.575792e+02	1.829900e+00	92845.000000	0.000000e+00
2.443322e-01	5.507151e+02	1.795404e+00	94087.000000	0.000000e+00
2.463300e-01	5.454527e+02	1.757396e+00	96333.000000	0.000000e+00
2.483279e-01	5.386860e+02	1.727401e+00	97249.000000	0.000000e+00
2.503275e-01	5.316750e+02	1.685514e+00	99501.000000	0.000000e+00
2.523142e-01	5.265550e+02	1.671115e+00	99283.000000	0.000000e+00
2.543013e-01	5.205067e+02	1.625497e+00	102537.000000	0.000000e+00
2.562973e-01	5.140205e+02	1.597933e+00	103477.000000	0.000000e+00
2.582930e-01	5.098653e+02	1.567882e+00	105751.000000	0.000000e+00
2.602906e-01	5.021475e+02	1.536050e+00	106869.000000	0.000000e+00
2.622842e-01	4.986740e+02	1.512544e+00	108697.000000	0.000000e+00
2.642824e-01	4.932333e+02	1.483269e+00	110577.000000	0.000000e+00
2.662844e-01	4.854148e+02	1.446874e+00	112555.000000	0.000000e+00
2.682741e-01	4.778964e+02	1.424223e+00	112593.000000	0.000000e+00
2.702629e-01	4.754220e+02	1.398463e+00	115573.000000	0.000000e+00
2.722603e-01	4.683714e+02	1.367643e+00	117283.000000	0.000000e+00
2.742558e-01	4.645025e+02	1.348902e+00	118581.000000	0.000000e+00
2.762488e-01	4.577122e+02	1.317874e+00	120625.000000	0.000000e+00
2.782426e-01	4.512098e+02	1.292154e+00	121935.000000	0.000000e+00
2.802382e-01	4.461675e+02	1.264784e+00	124441.000000	0.000000e+00
2.822328e-01	4.413348e+02	1.245710e+00	125517.000000	0.000000e+00
2.842249e-01	4.365094e+02	1.223157e+00	127357.000000	0.000000e+00
2.862208e-01	4.311860e+02	1.196378e+00	129895.000000	0.000000e+00
2.882169e-01	4.248069e+02	1.175038e+00	130701.000000	0.000000e+00
2.902141e-01	4.213833e+02	1.151471e+00	133921.000000	0.000000e+00
2.922105e-01	4.177258e+02	1.140345e+00	134187.000000	0.000000e+00
2.942043e-01	4.132183e+02	1.115890e+00	137125.000000	0.000000e+00
2.962008e-01	4.090998e+02	1.099441e+00	138457.000000	0.000000e+00
2.981989e-01	4.032665e+02	1.074186e+00	140937.000000	0.000000e+00
3.001897e-01	3.983115e+02	1.059373e+00	141367.000000	0.000000e+00
3.021797e-01	3.953795e+02	1.040541e+00	144381.000000	0.000000e+00
3.041718e-01	3.905838e+02	1.023787e+00	145549.000000	0.000000e+00
3.061699e-01	3.874471e+02	1.003268e+00	149139.000000	0.000000e+00
3.081700e-01	3.847231e+02	9.945417e-01	149641.000000	0.000000e+00
3.101613e-01	3.824238e+02	9.814615e-01	151825.000000	0.000000e+00
3.121531e-01	3.777825e+02	9.643932e-01	153453.000000	0.000000e+00
3.141451e-01	3.737133e+02	9.465284e-01	155887.000000	0.000000e+00
3.161415e-01	3.701300e+02	9.308068e-01	158121.000000	0.000000e+00
3.181385e-01	3.671809e+02	9.184088e-01	159841.000000	0.000000e+00
3.201285e-01	3.620762e+02	9.018849e-01	161175.000000	0.000000e+00
3.221251e-01	3.592361e+02	8.852451e-01	164677.000000	0.000000e+00
3.241246e-01	3.577866e+02	8.780019e-01	166057.000000	0.000000e+00
3.261187e-01	3.532732e+02	8.626612e-01	167703.000000	0.000000e+00
3.281140e-01	3.509367e+02	8.504740e-01	170269.000000	0.000000e+00
3.301103e-01	3.479520e+02	8.383606e-01	172257.000000	0.000000e+00
3.321038e-01	3.424415e+02	8.217605e-01	173653.000000	0.000000e+00
3.340963e-01	3.412806e+02	8.120689e-01	176619.000000	0.000000e+00
3.360891e-01	3.379544e+02	8.020093e-01	177565.000000	0.000000e+00
3.380839e-01	3.342539e+02	7.850467e-01	181285.000000	0.000000e+00
3.400815e-01	3.309986e+02	7.747093e-01	182547.000000	0.000000e+00
3.420775e-01	3.292963e+02	7.656129e-01	184993.000000	0.000000e+00
3.440714e-01	3.251616e+02	7.523805e-01	186777.000000	0.000000e+00
3.460660e-01	3.222150e+02	7.410218e-01	189073.000000	0.000000e+00
3.480602e-01	3.185389e+02	7.279277e-01	191491.000000	0.000000e+00
3.500575e-01	3.173216e+02	7.207296e-01	193845.000000	0.000000e+00
3.520518e-01	3.151429e+02	7.133271e-01	195181.000000	0.000000e+00
3.540398e-01	3.117561e+02	7.018277e-01	197319.000000	0.000000e+00
3.560324e-01	3.099516e+02	6.926694e-01	200233.000000	0.000000e+00
3.580294e-01	3.060157e+02	6.791350e-01	203037.000000	0.000000e+00
3.600284e-01	3.039235e+02	6.714660e-01	204871.000000	0.000000e+00
3.620203e-01	3.020321e+02	6.650995e-01	206221.000000	0.000000e+00
3.640124e-01	2.992468e+02	6.537435e-01	209529.000000	0.000000e+00
3.660135e-01	2.964931e+02	6.431157e-01	212545.000000	0.000000e+00
3.680092e-01	2.935970e+02	6.358444e-01	213207.000000	0.000000e+00
3.700028e-01	2.923367e+02	6.281700e-01	216577.000000	0.000000e+00
3.719978e-01	2.886881e+02	6.180284e-01	218193.000000	0.000000e+00
3.739960e-01	2.871323e+02	6.091973e-01	222151.000000	0.000000e+00
3.759897e-01	2.854399e+02	6.063029e-01	221641.000000	0.000000e+00
3.779792e-01	2.826079e+02	5.942427e-01	226173.000000	0.000000e+00
3.799721e-01	2.799385e+02	5.875813e-01	226981.000000	0.000000e+00
3.819688e-01	2.780625e+02	5.774165e-01	231903.000000	0.000000e+00
3.839641e-01	2.769190e+02	5.755510e-01	231493.000000	0.000000e+00
3.859568e-01	2.739172e+02	5.638006e-01	236041.000000	0.000000e+00
3.879523e-01	2.716510e+02	5.577321e-01	237231.000000	0.000000e+00
3.899494e-01	2.697912e+02	5.496507e-01	240925.000000	0.000000e+00
3.919470e-01	2.675715e+02	5.430543e-01	242769.000000	0.000000e+00
3.939372e-01	2.663955e+02	5.395707e-01	243757.000000	0.000000e+00
3.959285e-01	2.622835e+02	5.266960e-01	247983.000000	0.000000e+00
3.979255e-01	2.613424e+02	5.223996e-01	250273.000000	0.000000e+00
3.999206e-01	2.586909e+02	5.149436e-01	252373.000000	0.000000e+00
4.019150e-01	2.569548e+02	5.084009e-01	255447.000000	0.000000e+00
4.039099e-01	2.556957e+02	5.042915e-01	257089.000000	0.000000e+00
4.059061e-01	2.539915e+02	4.969376e-01	261237.000000	0.000000e+00
4.079005e-01	2.511137e+02	4.909033e-01	261667.000000	0.000000e+00
4.098970e-01	2.505328e+02	4.849527e-01	266889.000000	0.000000e+00
4.118939e-01	2.487727e+02	4.814013e-01	267049.000000	0.000000e+00
4.138863e-01	2.469704e+02	4.747878e-01	270577.000000	0.000000e+00
4.158785e-01	2.446631e+02	4.685665e-01	272643.000000	0.000000e+00
4.178735e-01	2.434943e+02	4.633114e-01	276205.000000	0.000000e+00
4.198688e-01	2.414527e+02	4.578021e-01	278169.000000	0.000000e+00
4.218621e-01	2.400932e+02	4.530714e-01	280819.000000	0.000000e+00
4.238555e-01	2.382021e+02	4.472706e-01	283629.000000	0.000000e+00
4.258541e-01	2.366969e+02	4.412602e-01	287737.000000	0.000000e+00
4.278511e-01	2.351843e+02	4.380659e-01	288229.000000	0.000000e+00
4.298418e-01	2.335538e+02	4.325671e-01	291519.000000	0.000000e+00
4.318357e-01	2.325473e+02	4.283744e-01	294697.000000	0.000000e+00
4.338304e-01	2.300471e+02	4.222526e-01	296817.000000	0.000000e+00
4.358259e-01	2.286057e+02	4.168619e-01	300739.000000	0.000000e+00
4.378207e-01	2.273506e+02	4.137609e-01	301921.000000	0.000000e+00
4.398126e-01	2.245626e+02	4.063145e-01	305457.000000	0.000000e+00
4.418091e-01	2.243868e+02	4.037673e-01	308839.000000	0.000000e+00
4.438046e-01	2.222473e+02	3.987560e-01	310641.000000	0.000000e+00
4.457993e-01	2.208096e+02	3.937477e-01	314485.000000	0.000000e+00
4.477952e-01	2.191517e+02	3.897837e-01	316113.000000	0.000000e+00
4.497898e-01	2.187677e+02	3.865643e-01	320275.000000	0.000000e+00
4.517835e-01	2.167686e+02	3.825341e-01	321109.000000	0.000000e+00
4.537771e-01	2.162288e+02	3.786380e-01	326121.000000	0.000000e+00
4.557736e-01	2.145721e+02	3.748152e-01	327727.000000	0.000000e+00
4.577705e-01	2.130603e+02	3.698713e-01	331821.000000	0.000000e+00
4.597631e-01	2.116096e+02	3.669792e-01	332497.000000	0.000000e+00
4.617563e-01	2.104815e+02	3.623862e-01	337353.000000	0.000000e+00
4.637522e-01	2.093099e+02	3.591965e-01	339559.000000	0.000000e+00
4.657493e-01	2.077942e+02	3.546426e-01	343309.000000	0.000000e+00
4.677438e-01	2.061490e+02	3.510951e-01	344757.000000	0.000000e+00
4.697365e-01	2.052946e+02	3.476560e-01	348703.000000	0.000000e+00
4.717321e-01	2.041877e+02	3.445201e-01	351261.000000	0.000000e+00
4.737250e-01	2.032032e+02	3.415007e-01	354061.000000	0.000000e+00
4.757151e-01	2.014680e+02	3.376066e-01	356115.000000	0.000000e+00
4.777098e-01	2.007811e+02	3.338622e-01	361669.000000	0.000000e+00
4.797067e-01	1.989597e+02	3.302752e-01	362893.000000	0.000000e+00
4.817021e-01	1.978163e+02	3.264895e-01	367101.000000	0.000000e+00
4.836980e-01	1.966500e+02	3.235360e-01	369439.000000	0.000000e+00
4.856946e-01	1.956906e+02	3.203067e-01	373257.000000	0.000000e+00
4.876921e-01	1.944700e+02	3.171670e-01	375949.000000	0.000000e+00
4.896859e-01	1.932852e+02	3.143606e-01	378043.000000	0.000000e+00
4.916774e-01	1.927187e+02	3.121725e-01	381117.000000	0.000000e+00
4.936740e-01	1.915618e+02	3.081505e-01	386449.000000	0.000000e+00
4.956690e-01	1.908130e+02	3.069666e-01	386397.000000	0.000000e+00
4.976600e-01	1.888228e+02	3.018500e-01	391315.000000	0.000000e+00
4.996551e-01	1.880370e+02	2.994520e-01	394305.000000	0.000000e+00
5.016519e-01	1.866065e+02	2.957625e-01	398077.000000	0.000000e+00
5.036462e-01	1.853684e+02	2.931228e-01	399919.000000	0.000000e+00
5.056381e-01	1.850320e+02	2.914294e-01	403113.000000	0.000000e+00
5.076338e-01	1.837689e+02	2.876206e-01	408229.000000	0.000000e+00
5.096324e-01	1.828730e+02	2.854908e-01	410313.000000	0.000000e+00
5.116253e-01	1.815685e+02	2.826377e-01	412687.000000	0.000000e+00
5.136183e-01	1.806025e+02	2.798142e-01	416589.000000	0.000000e+00
5.156137e-01	1.796767e+02	2.772667e-01	419941.000000	0.000000e+00
5.176078e-01	1.786698e+02	2.747158e-01	422995.000000	0.000000e+00
5.196028e-01	1.776501e+02	2.720419e-01	426441.000000	0.000000e+00
5.215957e-01	1.772620e+02	2.706139e-01	429073.000000	0.000000e+00
5.235886e-01	1.763596e+02	2.681764e-01	432471.000000	0.000000e+00
5.255851e-01	1.752689e+02	2.649498e-01	437605.000000	0.000000e+00
5.275802e-01	1.743791e+02	2.633606e-01	438417.000000	0.000000e+00
5.295745e-01	1.734001e+02	2.602933e-01	443785.000000	0.000000e+00
5.315675e-01	1.727676e+02	2.590691e-01	444727.000000	0.000000e+00
5.335612e-01	1.718900e+02	2.561096e-01	450453.000000	0.000000e+00
5.355583e-01	1.707489e+02	2.535922e-01	453361.000000	0.000000e+00
5.375541e-01	1.696057e+02	2.510413e-01	456447.000000	0.000000e+00
5.395464e-01	1.685727e+02	2.489866e-01	458377.000000	0.000000e+00
5.415432e-01	1.677572e+02	2.458522e-01	465601.000000	0.000000e+00
5.435403e-01	1.675778e+02	2.457108e-01	465141.000000	0.000000e+00
5.455338e-01	1.663001e+02	2.423296e-01	470947.000000	0.000000e+00
5.475270e-01	1.652695e+02	2.406129e-01	471789.000000	0.000000e+00
5.495209e-01	1.649686e+02	2.386221e-01	477949.000000	0.000000e+00
5.515191e-01	1.642455e+02	2.367538e-01	481275.000000	0.000000e+00
5.535108e-01	1.627960e+02	2.346707e-01	481249.000000	0.000000e+00
5.555021e-01	1.623864e+02	2.323571e-01	488413.000000	0.000000e+00
5.575004e-01	1.608888e+02	2.294819e-01	491535.000000	0.000000e+00
5.594964e-01	1.603034e+02	2.280553e-01	494089.000000	0.000000e+00
5.614893e-01	1.596693e+02	2.263637e-01	497541.000000	0.000000e+00
5.634832e-01	1.587215e+02	2.242149e-01	501121.000000	0.000000e+00
5.654804e-01	1.584030e+02	2.225185e-01	506751.000000	0.000000e+00
5.674733e-01	1.575974e+02	2.216235e-01	505669.000000	0.000000e+00
5.694666e-01	1.569256e+02	2.187791e-01	514489.000000	0.000000e+00
5.714632e-01	1.560227e+02	2.175174e-01	514503.000000	0.000000e+00
5.734584e-01	1.550122e+02	2.148598e-01	520501.000000	0.000000e+00
5.754516e-01	1.543983e+02	2.138470e-01	521289.000000	0.000000e+00
5.774446e-01	1.539593e+02	2.120578e-01	527113.000000	0.000000e+00
5.794400e-01	1.531588e+02	2.103180e-01	530311.000000	0.000000e+00
5.814361e-01	1.522930e+02	2.083102e-01	534489.000000	0.000000e+00
5.834313e-01	1.519055e+02	2.072774e-01	537085.000000	0.000000e+00
5.854261e-01	1.510499e+02	2.051946e-01	541887.000000	0.000000e+00
5.874218e-01	1.501569e+02	2.034084e-01	544945.000000	0.000000e+00
5.894178e-01	1.498417e+02	2.021824e-01	549261.000000	0.000000e+00
5.914114e-01	1.491191e+02	2.008887e-01	551005.000000	0.000000e+00
5.934041e-01	1.480876e+02	1.985061e-01	556531.000000	0.000000e+00
5.953995e-01	1.477028e+02	1.973823e-01	559965.000000	0.000000e+00
5.973956e-01	1.468989e+02	1.956086e-01	563977.000000	0.000000e+00
5.993886e-01	1.462466e+02	1.943801e-01	566067.000000	0.000000e+00
6.013797e-01	1.457144e+02	1.929281e-01	570445.000000	0.000000e+00
6.033767e-01	1.449326e+02	1.907912e-01	577053.000000	0.000000e+00
6.053748e-01	1.442021e+02	1.895855e-01	578539.000000	0.000000e+00
6.073667e-01	1.437668e+02	1.886136e-01	580993.000000	0.000000e+00
6.093587e-01	1.433631e+02	1.871707e-01	586677.000000	0.000000e+00
6.113538e-01	1.425521e+02	1.855805e-01	590041.000000	0.000000e+00
6.133526e-01	1.422379e+02	1.841108e-01	596859.000000	0.000000e+00
6.153452e-01	1.411790e+02	1.831868e-01	593953.000000	0.000000e+00
6.173353e-01	1.407913e+02	1.813139e-01	602961.000000	0.000000e+00
6.193326e-01	1.396436e+02	1.793142e-01	606475.000000	0.000000e+00
6.213311e-01	1.395149e+02	1.784801e-01	611029.000000	0.000000e+00
6.233265e-01	1.388295e+02	1.773289e-01	612921.000000	0.000000e+00
6.253179e-01	1.379990e+02	1.758428e-01	615889.000000	0.000000e+00
6.273130e-01	1.374301e+02	1.740493e-01	623475.000000	0.000000e+00
6.293122e-01	1.372460e+02	1.734314e-01	626245.000000	0.000000e+00
6.313064e-01	1.364647e+02	1.721705e-01	628237.000000	0.000000e+00
6.332981e-01	1.358254e+02	1.707370e-01	632859.000000	0.000000e+00
6.352932e-01	1.354915e+02	1.696529e-01	637825.000000	0.000000e+00
6.372885e-01	1.352308e+02	1.688275e-01	641601.000000	0.000000e+00
6.392814e-01	1.347187e+02	1.678825e-01	643939.000000	0.000000e+00
6.412738e-01	1.336449e+02	1.658441e-01	649389.000000	0.000000e+00
6.432707e-01	1.332041e+02	1.646030e-01	654877.000000	0.000000e+00
6.452688e-01	1.328461e+02	1.637187e-01	658417.000000	0.000000e+00
6.472597e-01	1.323506e+02	1.631033e-01	658455.000000	0.000000e+00
6.492521e-01	1.314581e+02	1.609512e-01	667093.000000	0.000000e+00
6.512503e-01	1.309796e+02	1.599320e-01	670713.000000	0.000000e+00
6.532472e-01	1.303784e+02	1.587331e-01	674647.000000	0.000000e+00
6.552421e-01	1.298485e+02	1.577653e-01	677409.000000	0.000000e+00
6.572351e-01	1.293861e+02	1.567083e-01	681697.000000	0.000000e+00
6.592311e-01	1.289488e+02	1.555243e-01	687445.000000	0.000000e+00
6.612259e-01	1.283510e+02	1.545658e-01	689559.000000	0.000000e+00
6.632165e-01	1.278461e+02	1.535883e-01	692881.000000	0.000000e+00
6.652114e-01	1.274172e+02	1.522477e-01	700413.000000	0.000000e+00
6.672061e-01	1.270065e+02	1.516287e-01	701599.000000	0.000000e+00
6.692014e-01	1.261617e+02	1.498391e-01	708933.000000	0.000000e+00
6.711970e-01	1.256861e+02	1.490859e-01	710725.000000	0.000000e+00
6.731898e-01	1.253905e+02	1.483027e-01	714877.000000	0.000000e+00
6.751840e-01	1.252590e+02	1.476004e-01	720183.000000	0.000000e+00
6.771803e-01	1.244207e+02	1.460783e-01	725461.000000	0.000000e+00
6.791765e-01	1.238293e+02	1.451276e-01	728025.000000	0.000000e+00
6.811703e-01	1.235668e+02	1.443429e-01	732847.000000	0.000000e+00
6.831642e-01	1.232316e+02	1.436393e-01	736033.000000	0.000000e+00
6.851614e-01	1.226826e+02	1.421896e-01	744441.000000	0.000000e+00
6.871573e-01	1.221946e+02	1.417065e-01	743575.000000	0.000000e+00
6.891516e-01	1.216872e+02	1.403611e-01	751617.000000	0.000000e+00
6.911457e-01	1.213038e+02	1.398258e-01	752617.000000	0.000000e+00
6.931383e-01	1.206917e+02	1.385727e-01	758577.000000	0.000000e+00
6.951321e-01	1.202304e+02	1.376475e-01	762943.000000	0.000000e+00
6.971274e-01	1.201405e+02	1.370962e-01	767941.000000	0.000000e+00
6.991227e-01	1.196045e+02	1.361375e-01	771861.000000	0.000000e+00
7.011176e-01	1.193352e+02	1.354255e-01	776491.000000	0.000000e+00
7.031125e-01	1.184920e+02	1.341145e-01	780597.000000	0.000000e+00
7.051071e-01	1.182335e+02	1.334109e-01	785413.000000	0.000000e+00
7.070999e-01	1.177284e+02	1.326398e-01	787797.000000	0.000000e+00
7.090964e-01	1.172426e+02	1.313040e-01	797287.000000	0.000000e+00
7.110914e-01	1.170591e+02	1.312373e-01	795601.000000	0.000000e+00
7.130842e-01	1.166839e+02	1.301037e-01	804345.000000	0.000000e+00
7.150803e-01	1.159685e+02	1.290456e-01	807595.000000	0.000000e+00
7.170741e-01	1.157540e+02	1.285358e-01	811005.000000	0.000000e+00
7.190690e-01	1.151869e+02	1.273745e-01	817789.000000	0.000000e+00
7.210619e-01	1.148664e+02	1.269585e-01	818583.000000	0.000000e+00
7.230561e-01	1.144559e+02	1.258252e-01	827449.000000	0.000000e+00
7.250536e-01	1.137908e+02	1.248282e-01	830977.000000	0.000000e+00
7.270476e-01	1.136366e+02	1.244977e-01	833133.000000	0.000000e+00
7.290418e-01	1.130917e+02	1.233222e-01	840967.000000	0.000000e+00
7.310364e-01	1.128518e+02	1.229745e-01	842145.000000	0.000000e+00
7.330319e-01	1.126864e+02	1.221430e-01	851149.000000	0.000000e+00
7.350274e-01	1.121607e+02	1.215582e-01	851359.000000	0.000000e+00
7.370219e-01	1.117619e+02	1.205664e-01	859281.000000	0.000000e+00
7.390166e-01	1.111403e+02	1.197460e-01	861433.000000	0.000000e+00
7.410089e-01	1.107946e+02	1.190722e-01	865797.000000	0.000000e+00
7.430036e-01	1.106141e+02	1.183627e-01	873355.000000	0.000000e+00
7.449973e-01	1.101715e+02	1.178413e-01	874065.000000	0.000000e+00
7.469934e-01	1.098392e+02	1.167704e-01	884809.000000	0.000000e+00
7.489888e-01	1.095132e+02	1.165293e-01	883207.000000	0.000000e+00
7.509812e-01	1.091681e+02	1.156563e-01	890949.000000	0.000000e+00
7.529763e-01	1.086886e+02	1.148376e-01	895777.000000	0.000000e+00
7.549714e-01	1.082429e+02	1.140978e-01	900003.000000	0.000000e+00
7.569669e-01	1.080116e+02	1.134900e-01	905785.000000	0.000000e+00
7.589617e-01	1.075553e+02	1.128078e-01	909045.000000	0.000000e+00
7.609524e-01	1.072380e+02	1.123517e-01	911041.000000	0.000000e+00
7.629473e-01	1.067945e+02	1.111505e-01	923155.000000	0.000000e+00
7.649457e-01	1.064742e+02	1.107940e-01	923541.000000	0.000000e+00
7.669414e-01	1.062272e+02	1.101276e-01	930421.000000	0.000000e+00
7.689348e-01	1.056467e+02	1.094938e-01	930963.000000	0.000000e+00
7.709274e-01	1.055033e+02	1.088609e-01	939265.000000	0.000000e+00
7.729233e-01	1.053909e+02	1.084557e-01	944281.000000	0.000000e+00
7.749191e-01	1.047456e+02	1.075646e-01	948273.000000	0.000000e+00
7.769132e-01	1.044684e+02	1.070324e-01	952663.000000	0.000000e+00
7.789076e-01	1.043133e+02	1.065344e-01	958737.000000	0.000000e+00
7.809031e-01	1.040034e+02	1.059884e-01	962893.000000	0.000000e+00
7.828987e-01	1.036151e+02	1.052462e-01	969243.000000	0.000000e+00
7.848915e-01	1.030703e+02	1.046885e-01	969325.000000	0.000000e+00
7.868833e-01	1.029473e+02	1.040527e-01	978865.000000	0.000000e+00
7.888804e-01	1.025402e+02	1.033568e-01	984261.000000	0.000000e+00
7.908771e-01	1.024599e+02	1.030713e-01	988171.000000	0.000000e+00
7.928676e-01	1.020629e+02	1.026587e-01	988425.000000	0.000000e+00
7.948626e-01	1.015189e+02	1.014181e-01	1001989.000000	0.000000e+00
7.968598e-01	1.013522e+02	1.012684e-01	1001655.000000	0.000000e+00
7.988545e-01	1.009199e+02	1.004911e-01	1008553.000000	0.000000e+00
8.008504e-01	1.006333e+02	9.996042e-02	1013509.000000	0.000000e+00
8.028453e-01	1.003311e+02	9.946772e-02	1017435.000000	0.000000e+00
8.048390e-01	1.001311e+02	9.902692e-02	1022425.000000	0.000000e+00
8.068333e-01	9.972949e+01	9.834696e-02	1028313.000000	0.000000e+00
8.088264e-01	9.950638e+01	9.799875e-02	1031005.000000	0.000000e+00
8.108207e-01	9.899732e+01	9.706557e-02	1040199.000000	0.000000e+00
8.128165e-01	9.890243e+01	9.687155e-02	1042369.000000	0.000000e+00
8.148139e-01	9.852475e+01	9.604057e-02	1052401.000000	0.000000e+00
8.168081e-01	9.836426e+01	9.602703e-02	1049271.000000	0.000000e+00
8.188002e-01	9.794318e+01	9.512073e-02	1060225.000000	0.000000e+00
8.207967e-01	9.779285e+01	9.478361e-02	1064505.000000	0.000000e+00
8.227922e-01	9.720208e+01	9.400021e-02	1069285.000000	0.000000e+00
8.247842e-01	9.700213e+01	9.371093e-02	1071475.000000	0.000000e+00
8.267774e-01	9.670021e+01	9.301430e-02	1080825.000000	0.000000e+00
8.287741e-01	9.648801e+01	9.262202e-02	1085221.000000	0.000000e+00
8.307694e-01	9.637481e+01	9.229259e-02	1090419.000000	0.000000e+00
8.327612e-01	9.579527e+01	9.169631e-02	1091401.000000	0.000000e+00
8.347561e-01	9.575385e+01	9.110754e-02	1104597.000000	0.000000e+00
8.367530e-01	9.540228e+01	9.080173e-02	1103899.000000	0.000000e+00
8.387474e-01	9.505650e+01	9.013059e-02	1112293.000000	0.000000e+00
8.407404e-01	9.491431e+01	8.994016e-02	1113669.000000	0.000000e+00
8.427374e-01	9.458558e+01	8.912905e-02	1126189.000000	0.000000e+00
8.447334e-01	9.426903e+01	8.891694e-02	1124007.000000	0.000000e+00
8.467264e-01	9.406843e+01	8.837424e-02	1133017.000000	0.000000e+00
8.487214e-01	9.368653e+01	8.784366e-02	1137453.000000	0.000000e+00
8.507177e-01	9.337402e+01	8.726533e-02	1144903.000000	0.000000e+00
8.527137e-01	9.324709e+01	8.705436e-02	1147333.000000	0.000000e+00
8.547066e-01	9.291659e+01	8.652858e-02	1153101.000000	0.000000e+00
8.566997e-01	9.248358e+01	8.596030e-02	1157533.000000	0.000000e+00
8.586939e-01	9.244723e+01	8.562649e-02	1165659.000000	0.000000e+00
8.606895e-01	9.217722e+01	8.523925e-02	1169413.000000	0.000000e+00
8.626845e-01	9.199842e+01	8.482980e-02	1176153.000000	0.000000e+00
8.646771e-01	9.146206e+01	8.427901e-02	1177723.000000	0.000000e+00
8.666737e-01	9.141551e+01	8.376102e-02	1191121.000000	0.000000e+00
8.686687e-01	9.117815e+01	8.367655e-02	1187337.000000	0.000000e+00
8.706613e-01	9.090308e+01	8.302510e-02	1198777.000000	0.000000e+00
8.726576e-01	9.066221e+01	8.265417e-02	1203159.000000	0.000000e+00
8.746526e-01	9.032619e+01	8.218168e-02	1208029.000000	0.000000e+00
8.766473e-01	9.024333e+01	8.191934e-02	1213549.000000	0.000000e+00
8.786425e-01	8.978196e+01	8.127694e-02	1220235.000000	0.000000e+00
8.806361e-01	8.970106e+01	8.113996e-02	1222153.000000	0.000000e+00
8.826306e-01	8.935330e+01	8.048132e-02	1232625.000000	0.000000e+00
8.846261e-01	8.923581e+01	8.030641e-02	1234747.000000	0.000000e+00
8.866198e-01	8.886781e+01	7.977886e-02	1240833.000000	0.000000e+00
8.886129e-01	8.861036e+01	7.938005e-02	1246081.000000	0.000000e+00
8.906092e-01	8.842941e+01	7.892888e-02	1255225.000000	0.000000e+00
8.926060e-01	8.813434e+01	7.855963e-02	1258611.000000	0.000000e+00
8.945977e-01	8.799563e+01	7.840578e-02	1259581.000000	0.000000e+00
8.965906e-01	8.770700e+01	7.779122e-02	1271181.000000	0.000000e+00
8.985880e-01	8.747702e+01	7.739538e-02	1277491.000000	0.000000e+00
9.005838e-01	8.729386e+01	7.717059e-02	1279569.000000	0.000000e+00
9.025779e-01	8.689727e+01	7.658431e-02	1287457.000000	0.000000e+00
9.045696e-01	8.678152e+01	7.649762e-02	1286941.000000	0.000000e+00
9.065641e-01	8.651645e+01	7.579152e-02	1303035.000000	0.000000e+00
9.085608e-01	8.605833e+01	7.543229e-02	1301581.000000	0.000000e+00
9.105556e-01	8.621214e+01	7.529939e-02	1310853.000000	0.000000e+00
9.125491e-01	8.593148e+01	7.500454e-02	1312591.000000	0.000000e+00
9.145430e-01	8.564691e+01	7.449020e-02	1321981.000000	0.000000e+00
9.165388e-01	8.548734e+01	7.419845e-02	1327437.000000	0.000000e+00
9.185338e-01	8.516902e+01	7.380422e-02	1331683.000000	0.000000e+00
9.205260e-01	8.504707e+01	7.359379e-02	1335477.000000	0.000000e+00
9.225196e-01	8.476807e+01	7.307698e-02	1345561.000000	0.000000e+00
9.245166e-01	8.447091e+01	7.267233e-02	1351065.000000	0.000000e+00
9.265116e-01	8.437336e+01	7.248070e-02	1355083.000000	0.000000e+00
9.285045e-01	8.413051e+01	7.215668e-02	1359421.000000	0.000000e+00
9.305006e-01	8.394802e+01	7.168301e-02	1371477.000000	0.000000e+00
9.324963e-01	8.371212e+01	7.150571e-02	1370551.000000	0.000000e+00
9.344905e-01	8.349691e+01	7.105235e-02	1380969.000000	0.000000e+00
9.364841e-01	8.324003e+01	7.081458e-02	1381717.000000	0.000000e+00
9.384788e-01	8.304293e+01	7.033585e-02	1393965.000000	0.000000e+00
9.404757e-01	8.286877e+01	7.010997e-02	1397083.000000	0.000000e+00
9.424709e-01	8.273438e+01	6.984122e-02	1403293.000000	0.000000e+00
9.444637e-01	8.229072e+01	6.942052e-02	1405161.000000	0.000000e+00
9.464579e-01	8.222317e+01	6.905350e-02	1417807.000000	0.000000e+00
9.484531e-01	8.196875e+01	6.883949e-02	1417821.000000	0.000000e+00
9.504465e-01	8.196124e+01	6.858768e-02	1427989.000000	0.000000e+00
9.524403e-01	8.161533e+01	6.825143e-02	1429947.000000	0.000000e+00
9.544356e-01	8.143823e+01	6.782590e-02	1441669.000000	0.000000e+00
9.564314e-01	8.137376e+01	6.772712e-02	1443589.000000	0.000000e+00
9.584264e-01	8.104409e+01	6.726466e-02	1451673.000000	0.000000e+00
9.604198e-01	8.087647e+01	6.706131e-02	1454455.000000	0.000000e+00
9.624139e-01	8.070617e+01	6.671506e-02	1463409.000000	0.000000e+00
9.644094e-01	8.049044e+01	6.639360e-02	1469725.000000	0.000000e+00
9.664057e-01	8.021728e+01	6.601499e-02	1476559.000000	0.000000e+00
9.684002e-01	8.003115e+01	6.581044e-02	1478865.000000	0.000000e+00
9.703940e-01	7.981580e+01	6.543077e-02	1488037.000000	0.000000e+00
9.723898e-01	7.960212e+01	6.513472e-02	1493565.000000	0.000000e+00
9.743840e-01	7.941894e+01	6.486849e-02	1498927.000000	0.000000e+00
9.763785e-01	7.930867e+01	6.463908e-02	1505397.000000	0.000000e+00
9.783734e-01	7.908641e+01	6.431879e-02	1511917.000000	0.000000e+00
9.803685e-01	7.888939e+01	6.401835e-02	1518547.000000	0.000000e+00
9.823637e-01	7.874061e+01	6.378703e-02	1523817.000000	0.000000e+00
9.843574e-01	7.864083e+01	6.359503e-02	1529149.000000	0.000000e+00
9.863523e-01	7.842914e+01	6.324970e-02	1537581.000000	0.000000e+00
9.883468e-01	7.816137e+01	6.295989e-02	1541191.000000	0.000000e+00
9.903414e-01	7.795758e+01	6.260829e-02	1550433.000000	0.000000e+00
9.923355e-01	7.792690e+01	6.254268e-02	1552465.000000	0.000000e+00
9.943301e-01	7.758296e+01	6.203868e-02	1563895.000000	0.000000e+00
9.963253e-01	7.739997e+01	6.185246e-02	1565913.000000	0.000000e+00
9.983198e-01	7.728053e+01	6.156826e-02	1575529.000000	0.000000e+00
1.000313e+00	7.710895e+01	6.141166e-02	1576551.000000	0.000000e+00
1.002307e+00	7.689917e+01	6.100064e-02	1589185.000000	0.000000e+00
1.004304e+00	7.663601e+01	6.071454e-02	1593237.000000	0.000000e+00
1.006299e+00	7.648063e+01	6.048009e-02	1599109.000000	0.000000e+00
1.008293e+00	7.638202e+01	6.030253e-02	1604395.000000	0.000000e+00
1.010286e+00	7.619540e+01	6.003314e-02	1610925.000000	0.000000e+00
1.012281e+00	7.593516e+01	5.966050e-02	1619989.000000	0.000000e+00
1.014278e+00	7.584396e+01	5.947657e-02	1626111.000000	0.000000e+00
1.016273e+00	7.561211e+01	5.923166e-02	1629577.000000	0.000000e+00
1.018266e+00	7.552826e+01	5.901839e-02	1637737.000000	0.000000e+00
1.020261e+00	7.537029e+01	5.880246e-02	1642893.000000	0.000000e+00
1.022257e+00	7.512777e+01	5.842879e-02	1653283.000000	0.000000e+00
1.024250e+00	7.489515e+01	5.826942e-02	1652061.000000	0.000000e+00
1.026244e+00	7.479795e+01	5.793841e-02	1666657.000000	0.000000e+00
1.028241e+00	7.458744e+01	5.771115e-02	1670367.000000	0.000000e+00
1.030236e+00	7.445973e+01	5.752915e-02	1675201.000000	0.000000e+00
1.032228e+00	7.432866e+01	5.734169e-02	1680241.000000	0.000000e+00
1.034224e+00	7.413945e+01	5.699274e-02	1692231.000000	0.000000e+00
1.036220e+00	7.387319e+01	5.673923e-02	1695145.000000	0.000000e+00
1.038214e+00	7.376828e+01	5.654276e-02	1702101.000000	0.000000e+00
1.040208e+00	7.352339e+01	5.625869e-02	1707937.000000	0.000000e+00
1.042203e+00	7.366338e+01	5.622040e-02	1716783.000000	0.000000e+00
1.044197e+00	7.340874e+01	5.599675e-02	1718581.000000	0.000000e+00
1.046189e+00	7.307528e+01	5.560974e-02	1726789.000000	0.000000e+00
1.048183e+00	7.296428e+01	5.536331e-02	1736907.000000	0.000000e+00
1.050179e+00	7.290728e+01	5.523487e-02	1742269.000000	0.000000e+00
1.052174e+00	7.261872e+01	5.491692e-02	1748577.000000	0.000000e+00
1.054169e+00	7.246454e+01	5.470050e-02	1754965.000000	0.000000e+00
1.056163e+00	7.235432e+01	5.455091e-02	1759239.000000	0.000000e+00
1.058157e+00	7.218200e+01	5.424703e-02	1770541.000000	0.000000e+00
1.060154e+00	7.198758e+01	5.401933e-02	1775893.000000	0.000000e+00
1.062148e+00	7.185916e+01	5.384857e-02	1780803.000000	0.000000e+00
1.064143e+00	7.176688e+01	5.367250e-02	1787905.000000	0.000000e+00
1.066137e+00	7.154765e+01	5.340583e-02	1794789.000000	0.000000e+00
1.068131e+00	7.142108e+01	5.321780e-02	1801105.000000	0.000000e+00
1.070126e+00	7.124796e+01	5.296148e-02	1809775.000000	0.000000e+00
1.072119e+00	7.097269e+01	5.275089e-02	1810185.000000	0.000000e+00
1.074114e+00	7.096952e+01	5.248230e-02	1828597.000000	0.000000e+00
1.076113e+00	7.088129e+01	5.240516e-02	1829427.000000	0.000000e+00
1.078107e+00	7.063304e+01	5.215379e-02	1834189.000000	0.000000e+00
1.080099e+00	7.045304e+01	5.195283e-02	1838997.000000	0.000000e+00
1.082092e+00	7.032010e+01	5.173059e-02	1847839.000000	0.000000e+00
1.084089e+00	7.025057e+01	5.147319e-02	1862677.000000	0.000000e+00
1.086085e+00	7.006185e+01	5.140008e-02	1857957.000000	0.000000e+00
1.088077e+00	6.979654e+01	5.103492e-02	1870393.000000	0.000000e+00
1.090073e+00	6.969645e+01	5.086602e-02	1877439.000000	0.000000e+00
1.092068e+00	6.964017e+01	5.073151e-02	1884361.000000	0.000000e+00
1.094062e+00	6.953335e+01	5.060623e-02	1887897.000000	0.000000e+00
1.096057e+00	6.931240e+01	5.029224e-02	1899415.000000	0.000000e+00
1.098053e+00	6.918192e+01	5.012976e-02	1904557.000000	0.000000e+00
1.100048e+00	6.901714e+01	4.991082e-02	1912161.000000	0.000000e+00
1.102043e+00	6.888649e+01	4.976712e-02	1915945.000000	0.000000e+00
1.104036e+00	6.872773e+01	4.953758e-02	1924839.000000	0.000000e+00
1.106029e+00	6.862641e+01	4.941224e-02	1928917.000000	0.000000e+00
1.108023e+00	6.849880e+01	4.917571e-02	1940281.000000	0.000000e+00
1.110020e+00	6.836044e+01	4.897364e-02	1948431.000000	0.000000e+00
1.112015e+00	6.822186e+01	4.884145e-02	1951057.000000	0.000000e+00
1.114010e+00	6.805965e+01	4.859672e-02	1961397.000000	0.000000e+00
1.116005e+00	6.788951e+01	4.842108e-02	1965787.000000	0.000000e+00
1.117998e+00	6.782564e+01	4.829978e-02	1971957.000000	0.000000e+00
1.119992e+00	6.758371e+01	4.800535e-02	1982005.000000	0.000000e+00
1.121988e+00	6.757349e+01	4.792069e-02	1988413.000000	0.000000e+00
1.123983e+00	6.736610e+01	4.766469e-02	1997511.000000	0.000000e+00
1.125977e+00	6.727165e+01	4.759074e-02	1998109.000000	0.000000e+00
1.127972e+00	6.710334e+01	4.730045e-02	2012601.000000	0.000000e+00
1.129966e+00	6.695475e+01	4.718743e-02	2013307.000000	0.000000e+00
1.131961e+00	6.682277e+01	4.694021e-02	2026557.000000	0.000000e+00
1.133958e+00	6.674065e+01	4.682028e-02	2031949.000000	0.000000e+00
1.135953e+00	6.659792e+01	4.665518e-02	2037613.000000	0.000000e+00
1.137947e+00	6.639134e+01	4.643079e-02	2044611.000000	0.000000e+00
1.139941e+00	6.637171e+01	4.635876e-02	2049757.000000	0.000000e+00
1.141933e+00	6.616630e+01	4.613721e-02	2056701.000000	0.000000e+00
1.143926e+00	6.606971e+01	4.596033e-02	2066515.000000	0.000000e+00
1.145922e+00	6.584120e+01	4.570391e-02	2075337.000000	0.000000e+00
1.147919e+00	6.579990e+01	4.558056e-02	2083969.000000	0.000000e+00
1.149913e+00	6.558718e+01	4.542633e-02	2084599.000000	0.000000e+00
1.151906e+00	6.545950e+01	4.522322e-02	2095185.000000	0.000000e+00
1.153901e+00	6.530649e+01	4.501831e-02	2104429.000000	0.000000e+00
1.155897e+00	6.526290e+01	4.492495e-02	2110365.000000	0.000000e+00
1.157894e+00	6.507367e+01	4.468116e-02	2121103.000000	0.000000e+00
1.159888e+00	6.494823e+01	4.460986e-02	2119693.000000	0.000000e+00
1.161881e+00	6.483351e+01	4.437936e-02	2134209.000000	0.000000e+00
1.163877e+00	6.475560e+01	4.426375e-02	2140219.000000	0.000000e+00
1.165871e+00	6.460836e+01	4.414205e-02	2142261.000000	0.000000e+00
1.167864e+00	6.448130e+01	4.391704e-02	2155765.000000	0.000000e+00
1.169859e+00	6.444947e+01	4.385599e-02	2159637.000000	0.000000e+00
1.171854e+00	6.422439e+01	4.358362e-02	2171467.000000	0.000000e+00
1.173850e+00	6.406924e+01	4.344420e-02	2174881.000000	0.000000e+00
1.175844e+00	6.398375e+01	4.329226e-02	2184333.000000	0.000000e+00
1.177839e+00	6.391296e+01	4.317731e-02	2191123.000000	0.000000e+00
1.179834e+00	6.375985e+01	4.300502e-02	2198145.000000	0.000000e+00
1.181828e+00	6.357942e+01	4.282149e-02	2204497.000000	0.000000e+00
1.183822e+00	6.349484e+01	4.267811e-02	2213433.000000	0.000000e+00
1.185817e+00	6.338205e+01	4.254183e-02	2219731.000000	0.000000e+00
1.187809e+00	6.323341e+01	4.239127e-02	2225053.000000	0.000000e+00
1.189803e+00	6.310175e+01	4.221321e-02	2234529.000000	0.000000e+00
1.191799e+00	6.300705e+01	4.202043e-02	2248315.000000	0.000000e+00
1.193796e+00	6.291504e+01	4.192796e-02	2251653.000000	0.000000e+00
1.195792e+00	6.277133e+01	4.176044e-02	2259397.000000	0.000000e+00
1.197785e+00	6.263661e+01	4.164934e-02	2261727.000000	0.000000e+00
1.199779e+00	6.254811e+01	4.146924e-02	2274973.000000	0.000000e+00
1.201773e+00	6.236587e+01	4.133392e-02	2276569.000000	0.000000e+00
1.203767e+00	6.225746e+01	4.113179e-02	2291013.000000	0.000000e+00
1.205763e+00	6.211941e+01	4.098718e-02	2296987.000000	0.000000e+00
1.207758e+00	6.205240e+01	4.088724e-02	2303253.000000	0.000000e+00
1.209754e+00	6.196262e+01	4.073477e-02	2313817.000000	0.000000e+00
1.211748e+00	6.180720e+01	4.061590e-02	2315719.000000	0.000000e+00
1.213743e+00	6.163520e+01	4.038323e-02	2329461.000000	0.000000e+00
1.215737e+00	6.160546e+01	4.035592e-02	2330365.000000	0.000000e+00
1.217730e+00	6.149636e+01	4.018703e-02	2341677.000000	0.000000e+00
1.219726e+00	6.141129e+01	4.003065e-02	2353483.000000	0.000000e+00
1.221721e+00	6.125892e+01	3.993559e-02	2352981.000000	0.000000e+00
1.223715e+00	6.114831e+01	3.974878e-02	2366581.000000	0.000000e+00
1.225710e+00	6.100773e+01	3.960697e-02	2372611.000000	0.000000e+00
1.227704e+00	6.098202e+01	3.954958e-02	2377497.000000	0.000000e+00
1.229699e+00	6.084389e+01	3.934406e-02	2391529.000000	0.000000e+00
1.231694e+00	6.076509e+01	3.927073e-02	2394255.000000	0.000000e+00
1.233689e+00	6.055160e+01	3.903702e-02	2406013.000000	0.000000e+00
1.235683e+00	6.047514e+01	3.896726e-02	2408541.000000	0.000000e+00
1.237678e+00	6.030593e+01	3.876868e-02	2419681.000000	0.000000e+00
1.239673e+00	6.027055e+01	3.866801e-02	2429443.000000	0.000000e+00
1.241668e+00	6.014793e+01	3.857304e-02	2431497.000000	0.000000e+00
1.243663e+00	6.003274e+01	3.837519e-02	2447233.000000	0.000000e+00
1.245659e+00	5.991040e+01	3.827680e-02	2449815.000000	0.000000e+00
1.247653e+00	5.975179e+01	3.812295e-02	2456569.000000	0.000000e+00
1.249644e+00	5.969298e+01	3.807336e-02	2458125.000000	0.000000e+00
1.251638e+00	5.963595e+01	3.787121e-02	2479693.000000	0.000000e+00
1.253636e+00	5.949329e+01	3.774223e-02	2484739.000000	0.000000e+00
1.255632e+00	5.940865e+01	3.764020e-02	2491125.000000	0.000000e+00
1.257626e+00	5.933445e+01	3.755826e-02	2495761.000000	0.000000e+00
1.259621e+00	5.924412e+01	3.741768e-02	2506899.000000	0.000000e+00
1.261615e+00	5.915034e+01	3.733033e-02	2510677.000000	0.000000e+00
1.263609e+00	5.896812e+01	3.710950e-02	2525017.000000	0.000000e+00
1.265604e+00	5.888815e+01	3.706035e-02	2524857.000000	0.000000e+00
1.267598e+00	5.878442e+01	3.688080e-02	2540527.000000	0.000000e+00
1.269593e+00	5.860141e+01	3.674255e-02	2543769.000000	0.000000e+00
1.271588e+00	5.859937e+01	3.666116e-02	2554897.000000	0.000000e+00
1.273582e+00	5.843860e+01	3.651874e-02	2560755.000000	0.000000e+00
1.275577e+00	5.835496e+01	3.639892e-02	2570269.000000	0.000000e+00
1.277572e+00	5.829080e+01	3.631763e-02	2576113.000000	0.000000e+00
1.279565e+00	5.815954e+01	3.618396e-02	2583507.000000	0.000000e+00
1.281558e+00	5.803537e+01	3.604066e-02	2592985.000000	0.000000e+00
1.283553e+00	5.800342e+01	3.594723e-02	2603613.000000	0.000000e+00
1.285549e+00	5.787650e+01	3.582333e-02	2610193.000000	0.000000e+00
1.287543e+00	5.773577e+01	3.568940e-02	2617047.000000	0.000000e+00
1.289538e+00	5.767866e+01	3.559287e-02	2626057.000000	0.000000e+00
1.291534e+00	5.756631e+01	3.544451e-02	2637781.000000	0.000000e+00
1.293528e+00	5.740080e+01	3.533761e-02	2638527.000000	0.000000e+00
1.295521e+00	5.729120e+01	3.519508e-02	2649793.000000	0.000000e+00
1.297517e+00	5.720125e+01	3.505810e-02	2662161.000000	0.000000e+00
1.299511e+00	5.713376e+01	3.501213e-02	2662861.000000	0.000000e+00
1.301506e+00	5.706126e+01	3.486358e-02	2678791.000000	0.000000e+00
1.303501e+00	5.691906e+01	3.475730e-02	2681781.000000	0.000000e+00
1.305496e+00	5.685824e+01	3.465345e-02	2692117.000000	0.000000e+00
1.307491e+00	5.675636e+01	3.453712e-02	2700579.000000	0.000000e+00
1.309485e+00	5.665594e+01	3.444711e-02	2705113.000000	0.000000e+00
1.311479e+00	5.658317e+01	3.432524e-02	2717361.000000	0.000000e+00
1.313474e+00	5.648167e+01	3.421702e-02	2724775.000000	0.000000e+00
1.315469e+00	5.638604e+01	3.410390e-02	2733601.000000	0.000000e+00
1.317464e+00	5.631188e+01	3.400686e-02	2741997.000000	0.000000e+00
1.319459e+00	5.618134e+01	3.388909e-02	2748301.000000	0.000000e+00
1.321454e+00	5.603787e+01	3.374094e-02	2758347.000000	0.000000e+00
1.323447e+00	5.595555e+01	3.366548e-02	2762593.000000	0.000000e+00
1.325442e+00	5.586426e+01	3.352180e-02	2777241.000000	0.000000e+00
1.327438e+00	5.578077e+01	3.343302e-02	2783671.000000	0.000000e+00
1.329433e+00	5.569624e+01	3.333085e-02	2792281.000000	0.000000e+00
1.331427e+00	5.559358e+01	3.323902e-02	2797389.000000	0.000000e+00
1.333421e+00	5.551488e+01	3.314470e-02	2805373.000000	0.000000e+00
1.335416e+00	5.541216e+01	3.299787e-02	2819931.000000	0.000000e+00
1.337412e+00	5.536601e+01	3.293496e-02	2826001.000000	0.000000e+00
1.339407e+00	5.524909e+01	3.282941e-02	2832201.000000	0.000000e+00
1.341402e+00	5.509996e+01	3.266898e-02	2844667.000000	0.000000e+00
1.343396e+00	5.503792e+01	3.264352e-02	2842693.000000	0.000000e+00
1.345387e+00	5.497796e+01	3.252462e-02	2857281.000000	0.000000e+00
1.347382e+00	5.485699e+01	3.238977e-02	2868457.000000	0.000000e+00
1.349378e+00	5.475385e+01	3.227469e-02	2878095.000000	0.000000e+00
1.351373e+00	5.474974e+01	3.224400e-02	2883145.000000	0.000000e+00
1.353369e+00	5.461043e+01	3.208971e-02	2896141.000000	0.000000e+00
1.355363e+00	5.452107e+01	3.203221e-02	2897043.000000	0.000000e+00
1.357357e+00	5.434325e+01	3.185197e-02	2910841.000000	0.000000e+00
1.359352e+00	5.430507e+01	3.179752e-02	2916717.000000	0.000000e+00
1.361346e+00	5.421033e+01	3.169034e-02	2926243.000000	0.000000e+00
1.363341e+00	5.417473e+01	3.160878e-02	2937501.000000	0.000000e+00
1.365335e+00	5.402259e+01	3.150250e-02	2940769.000000	0.000000e+00
1.367330e+00	5.392490e+01	3.137392e-02	2954209.000000	0.000000e+00
1.369325e+00	5.383991e+01	3.128065e-02	2962491.000000	0.000000e+00
1.371320e+00	5.378134e+01	3.121466e-02	2968561.000000	0.000000e+00
1.373315e+00	5.367284e+01	3.109275e-02	2979825.000000	0.000000e+00
1.375310e+00	5.357477e+01	3.099516e-02	2987671.000000	0.000000e+00
1.377305e+00	5.350386e+01	3.091256e-02	2995713.000000	0.000000e+00
1.379299e+00	5.342919e+01	3.084112e-02	3001213.000000	0.000000e+00
1.381291e+00	5.336315e+01	3.076342e-02	3008941.000000	0.000000e+00
1.383286e+00	5.326444e+01	3.061380e-02	3027195.000000	0.000000e+00
1.385283e+00	5.319209e+01	3.055110e-02	3031381.000000	0.000000e+00
1.387277e+00	5.307747e+01	3.045660e-02	3037089.000000	0.000000e+00
1.389271e+00	5.303750e+01	3.038037e-02	3047755.000000	0.000000e+00
1.391265e+00	5.288265e+01	3.025511e-02	3055125.000000	0.000000e+00
1.393258e+00	5.281232e+01	3.017405e-02	3063397.000000	0.000000e+00
1.395253e+00	5.280594e+01	3.010089e-02	3077563.000000	0.000000e+00
1.397249e+00	5.261557e+01	2.996917e-02	3082329.000000	0.000000e+00
1.399243e+00	5.260511e+01	2.991444e-02	3092389.000000	0.000000e+00
1.401239e+00	5.251225e+01	2.981316e-02	3102453.000000	0.000000e+00
1.403233e+00	5.244115e+01	2.975072e-02	3107059.000000	0.000000e+00
1.405226e+00	5.241442e+01	2.968718e-02	3117193.000000	0.000000e+00
1.407222e+00	5.227593e+01	2.954864e-02	3129885.000000	0.000000e+00
1.409216e+00	5.221464e+01	2.949474e-02	3133975.000000	0.000000e+00
1.411211e+00	5.208474e+01	2.936098e-02	3146877.000000	0.000000e+00
1.413206e+00	5.197285e+01	2.927106e-02	3152653.000000	0.000000e+00
1.415201e+00	5.187943e+01	2.915379e-02	3166653.000000	0.000000e+00
1.417197e+00	5.178253e+01	2.907764e-02	3171379.000000	0.000000e+00
1.419191e+00	5.176530e+01	2.903023e-02	3179629.000000	0.000000e+00
1.421187e+00	5.168515e+01	2.892592e-02	3192693.000000	0.000000e+00
1.423181e+00	5.157013e+01	2.885083e-02	3195067.000000	0.000000e+00
1.425175e+00	5.153695e+01	2.877164e-02	3208545.000000	0.000000e+00
1.427168e+00	5.142307e+01	2.869668e-02	3211093.000000	0.000000e+00
1.429161e+00	5.138112e+01	2.861785e-02	3223539.000000	0.000000e+00
1.431157e+00	5.123152e+01	2.844794e-02	3243193.000000	0.000000e+00
1.433155e+00	5.120869e+01	2.842837e-02	3244765.000000	0.000000e+00
1.435149e+00	5.108699e+01	2.834380e-02	3248661.000000	0.000000e+00
1.437142e+00	5.103339e+01	2.825506e-02	3262243.000000	0.000000e+00
1.439138e+00	5.094067e+01	2.815591e-02	3273333.000000	0.000000e+00
1.441132e+00	5.086205e+01	2.810832e-02	3274297.000000	0.000000e+00
1.443123e+00	5.079417e+01	2.802681e-02	3284583.000000	0.000000e+00
1.445118e+00	5.066669e+01	2.788055e-02	3302497.000000	0.000000e+00
1.447115e+00	5.063364e+01	2.782977e-02	3310237.000000	0.000000e+00
1.449110e+00	5.057166e+01	2.777454e-02	3315285.000000	0.000000e+00
1.451106e+00	5.051907e+01	2.769134e-02	3328303.000000	0.000000e+00
1.453101e+00	5.039421e+01	2.760503e-02	3332613.000000	0.000000e+00
1.455095e+00	5.035199e+01	2.752964e-02	3345277.000000	0.000000e+00
1.457090e+00	5.023551e+01	2.743475e-02	3352891.000000	0.000000e+00
1.459084e+00	5.018197e+01	2.738743e-02	3357321.000000	0.000000e+00
1.461078e+00	5.008126e+01	2.725870e-02	3375517.000000	0.000000e+00
1.463073e+00	5.003036e+01	2.722095e-02	3378009.000000	0.000000e+00
1.465068e+00	4.992744e+01	2.711228e-02	3391147.000000	0.000000e+00
1.467062e+00	4.988185e+01	2.706492e-02	3396813.000000	0.000000e+00
1.469058e+00	4.976122e+01	2.693293e-02	3413617.000000	0.000000e+00
1.471053e+00	4.969684e+01	2.689466e-02	3414487.000000	0.000000e+00
1.473046e+00	4.960072e+01	2.680493e-02	3424101.000000	0.000000e+00
1.475040e+00	4.955264e+01	2.673526e-02	3435301.000000	0.000000e+00
1.477034e+00	4.950787e+01	2.667492e-02	3444627.000000	0.000000e+00
1.479030e+00	4.935451e+01	2.653753e-02	3458857.000000	0.000000e+00
1.481024e+00	4.932248e+01	2.652663e-02	3457209.000000	0.000000e+00
1.483018e+00	4.921689e+01	2.639189e-02	3477661.000000	0.000000e+00
1.485014e+00	4.922777e+01	2.638224e-02	3481747.000000	0.000000e+00
1.487008e+00	4.912277e+01	2.628486e-02	3492645.000000	0.000000e+00
1.489002e+00	4.902239e+01	2.621227e-02	3497677.000000	0.000000e+00
1.490997e+00	4.898374e+01	2.612433e-02	3515715.000000	0.000000e+00
1.492993e+00	4.884763e+01	2.604641e-02	3517153.000000	0.000000e+00
1.494987e+00	4.878474e+01	2.595899e-02	3531769.000000	0.000000e+00
1.496982e+00	4.873076e+01	2.591101e-02	3537021.000000	0.000000e+00
1.498975e+00	4.863347e+01	2.582287e-02	3547003.000000	0.000000e+00
1.500970e+00	4.860445e+01	2.576222e-02	3559473.000000	0.000000e+00
1.502966e+00	4.850568e+01	2.567559e-02	3568981.000000	0.000000e+00
1.504960e+00	4.846710e+01	2.563380e-02	3574935.000000	0.000000e+00
1.506955e+00	4.835656e+01	2.553180e-02	3587137.000000	0.000000e+00
1.508949e+00	4.827939e+01	2.547113e-02	3592753.000000	0.000000e+00
1.510943e+00	4.820044e+01	2.538047e-02	3606639.000000	0.000000e+00
1.512938e+00	4.814981e+01	2.532367e-02	3615229.000000	0.000000e+00
1.514933e+00	4.810082e+01	2.526059e-02	3625917.000000	0.000000e+00
1.516927e+00	4.805225e+01	2.522330e-02	3629305.000000	0.000000e+00
1.518923e+00	4.790142e+01	2.506218e-02	3653079.000000	0.000000e+00
1.520918e+00	4.786976e+01	2.507938e-02	3643249.000000	0.000000e+00
1.522911e+00	4.781488e+01	2.496979e-02	3666877.000000	0.000000e+00
1.524905e+00	4.772719e+01	2.492440e-02	3666759.000000	0.000000e+00
1.526901e+00	4.763128e+01	2.478952e-02	3691885.000000	0.000000e+00
1.528897e+00	4.762519e+01	2.480597e-02	3686049.000000	0.000000e+00
1.530892e+00	4.747308e+01	2.466318e-02	3705073.000000	0.000000e+00
1.532887e+00	4.747772e+01	2.464739e-02	3710547.000000	0.000000e+00
1.534882e+00	4.736797e+01	2.455400e-02	3721561.000000	0.000000e+00
1.536875e+00	4.728640e+01	2.450911e-02	3722353.000000	0.000000e+00
1.538868e+00	4.723672e+01	2.441747e-02	3742467.000000	0.000000e+00
1.540864e+00	4.721232e+01	2.437604e-02	3751321.000000	0.000000e+00
1.542860e+00	4.706674e+01	2.426905e-02	3761169.000000	0.000000e+00
1.544854e+00	4.701727e+01	2.423235e-02	3764641.000000	0.000000e+00
1.546848e+00	4.701832e+01	2.417956e-02	3781267.000000	0.000000e+00
1.548843e+00	4.689791e+01	2.410536e-02	3785121.000000	0.000000e+00
1.550838e+00	4.681033e+01	2.400533e-02	3802489.000000	0.000000e+00
1.552832e+00	4.678378e+01	2.399005e-02	3803019.000000	0.000000e+00
1.554826e+00	4.670848e+01	2.389721e-02	3820297.000000	0.000000e+00
1.556822e+00	4.662990e+01	2.382908e-02	3829257.000000	0.000000e+00
1.558817e+00	4.653274e+01	2.375009e-02	3838723.000000	0.000000e+00
1.560812e+00	4.646310e+01	2.369938e-02	3843637.000000	0.000000e+00
1.562805e+00	4.642093e+01	2.363773e-02	3856701.000000	0.000000e+00
1.564800e+00	4.638696e+01	2.359295e-02	3865693.000000	0.000000e+00
1.566794e+00	4.631192e+01	2.351717e-02	3878067.000000	0.000000e+00
1.568788e+00	4.621833e+01	2.345170e-02	3884005.000000	0.000000e+00
1.570782e+00	4.615546e+01	2.338329e-02	3896145.000000	0.000000e+00
1.572778e+00	4.607082e+01	2.330044e-02	3909523.000000	0.000000e+00
1.574774e+00	4.598152e+01	2.322256e-02	3920545.000000	0.000000e+00
1.576769e+00	4.591244e+01	2.318226e-02	3922377.000000	0.000000e+00
1.578764e+00	4.590956e+01	2.313141e-02	3939145.000000	0.000000e+00
1.580758e+00	4.585124e+01	2.308768e-02	3944043.000000	0.000000e+00
1.582753e+00	4.571933e+01	2.298130e-02	3957769.000000	0.000000e+00
1.584747e+00	4.565268e+01	2.294138e-02	3959985.000000	0.000000e+00
1.586740e+00	4.562404e+01	2.287713e-02	3977263.000000	0.000000e+00
1.588734e+00	4.555122e+01	2.282504e-02	3982693.000000	0.000000e+00
1.590730e+00	4.549447e+01	2.273294e-02	4005033.000000	0.000000e+00
1.592726e+00	4.545048e+01	2.272428e-02	4000339.000000	0.000000e+00
1.594721e+00	4.534377e+01	2.260106e-02	4025109.000000	0.000000e+00
1.596716e+00	4.533663e+01	2.261810e-02	4017781.000000	0.000000e+00
1.598709e+00	4.523351e+01	2.250423e-02	4040101.000000	0.000000e+00
1.600704e+00	4.519060e+01	2.247433e-02	4043175.000000	0.000000e+00
1.602699e+00	4.508318e+01	2.237789e-02	4058737.000000	0.000000e+00
1.604693e+00	4.504767e+01	2.234693e-02	4063581.000000	0.000000e+00
1.606688e+00	4.494824e+01	2.224953e-02	4081159.000000	0.000000e+00
1.608683e+00	4.490027e+01	2.221566e-02	4084881.000000	0.000000e+00
1.610678e+00	4.484343e+01	2.214629e-02	4100113.000000	0.000000e+00
1.612672e+00	4.479724e+01	2.212538e-02	4099405.000000	0.000000e+00
1.614666e+00	4.474111e+01	2.203624e-02	4122291.000000	0.000000e+00
1.616661e+00	4.461822e+01	2.197297e-02	4123321.000000	0.000000e+00
1.618656e+00	4.459666e+01	2.191092e-02	4142697.000000	0.000000e+00
1.620650e+00	4.447948e+01	2.185643e-02	4141531.000000	0.000000e+00
1.622645e+00	4.441161e+01	2.176564e-02	4163421.000000	0.000000e+00
1.624641e+00	4.442167e+01	2.175489e-02	4169425.000000	0.000000e+00
1.626636e+00	4.434728e+01	2.169472e-02	4178551.000000	0.000000e+00
1.628630e+00	4.430398e+01	2.165178e-02	4186953.000000	0.000000e+00
1.630625e+00	4.419824e+01	2.156542e-02	4200433.000000	0.000000e+00
1.632619e+00	4.414962e+01	2.152870e-02	4205505.000000	0.000000e+00
1.634614e+00	4.410571e+01	2.145846e-02	4224667.000000	0.000000e+00
1.636608e+00	4.401546e+01	2.141922e-02	4222825.000000	0.000000e+00
1.638602e+00	4.398114e+01	2.134417e-02	4245945.000000	0.000000e+00
1.640597e+00	4.394485e+01	2.132397e-02	4246975.000000	0.000000e+00
1.642592e+00	4.387582e+01	2.124406e-02	4265553.000000	0.000000e+00
1.644587e+00	4.380149e+01	2.119942e-02	4269037.000000	0.000000e+00
1.646582e+00	4.373751e+01	2.113581e-02	4282233.000000	0.000000e+00
1.648576e+00	4.365818e+01	2.107517e-02	4291303.000000	0.000000e+00
1.650570e+00	4.361042e+01	2.103657e-02	4297645.000000	0.000000e+00
1.652565e+00	4.356422e+01	2.096381e-02	4318365.000000	0.000000e+00
1.654560e+00	4.351482e+01	2.093365e-02	4321003.000000	0.000000e+00
1.656555e+00	4.342041e+01	2.085273e-02	4335729.000000	0.000000e+00
1.658548e+00	4.334792e+01	2.081851e-02	4335481.000000	0.000000e+00
1.660542e+00	4.334803e+01	2.075439e-02	4362333.000000	0.000000e+00
1.662537e+00	4.322423e+01	2.070287e-02	4359067.000000	0.000000e+00
1.664532e+00	4.319098e+01	2.063742e-02	4380013.000000	0.000000e+00
1.666526e+00	4.313910e+01	2.061648e-02	4378377.000000	0.000000e+00
1.668520e+00	4.306776e+01	2.052213e-02	4404127.000000	0.000000e+00
1.670516e+00	4.302154e+01	2.049890e-02	4404645.000000	0.000000e+00
1.672511e+00	4.293400e+01	2.042016e-02	4420633.000000	0.000000e+00
1.674506e+00	4.292402e+01	2.040372e-02	4425699.000000	0.000000e+00
1.676501e+00	4.284856e+01	2.032887e-02	4442689.000000	0.000000e+00
1.678497e+00	4.278044e+01	2.027769e-02	4450957.000000	0.000000e+00
1.680491e+00	4.268515e+01	2.022605e-02	4453809.000000	0.000000e+00
1.682484e+00	4.264161e+01	2.016910e-02	4469863.000000	0.000000e+00
1.684479e+00	4.258358e+01	2.011270e-02	4482741.000000	0.000000e+00
1.686473e+00	4.256132e+01	2.009086e-02	4487797.000000	0.000000e+00
1.688468e+00	4.247920e+01	2.001076e-02	4506355.000000	0.000000e+00
1.690463e+00	4.243614e+01	1.998007e-02	4511049.000000	0.000000e+00
1.692459e+00	4.236232e+01	1.990384e-02	4529869.000000	0.000000e+00
1.694454e+00	4.230982e+01	1.987784e-02	4530477.000000	0.000000e+00
1.696448e+00	4.224516e+01	1.980973e-02	4547755.000000	0.000000e+00
1.698443e+00	4.223322e+01	1.979535e-02	4551789.000000	0.000000e+00
1.700437e+00	4.218439e+01	1.974125e-02	4566193.000000	0.000000e+00
1.702432e+00	4.208519e+01	1.966723e-02	4579015.000000	0.000000e+00
1.704427e+00	4.201697e+01	1.962062e-02	4585893.000000	0.000000e+00
1.706421e+00	4.197822e+01	1.957574e-02	4598449.000000	0.000000e+00
1.708416e+00	4.193410e+01	1.953166e-02	4609527.000000	0.000000e+00
1.710410e+00	4.186251e+01	1.947891e-02	4618717.000000	0.000000e+00
1.712404e+00	4.181605e+01	1.942978e-02	4631805.000000	0.000000e+00
1.714399e+00	4.174416e+01	1.937682e-02	4641157.000000	0.000000e+00
1.716394e+00	4.174462e+01	1.935110e-02	4653607.000000	0.000000e+00
1.718388e+00	4.160865e+01	1.927468e-02	4660077.000000	0.000000e+00
1.720383e+00	4.158110e+01	1.922836e-02	4676353.000000	0.000000e+00
1.722378e+00	4.152283e+01	1.918793e-02	4682931.000000	0.000000e+00
1.724373e+00	4.149473e+01	1.913585e-02	4702081.000000	0.000000e+00
1.726369e+00	4.144177e+01	1.910318e-02	4706145.000000	0.000000e+00
1.728363e+00	4.137975e+01	1.906156e-02	4712581.000000	0.000000e+00
1.730356e+00	4.131704e+01	1.900507e-02	4726279.000000	0.000000e+00
1.732349e+00	4.123638e+01	1.894974e-02	4735377.000000	0.000000e+00
1.734343e+00	4.122058e+01	1.891374e-02	4749781.000000	0.000000e+00
1.736339e+00	4.113738e+01	1.883740e-02	4769043.000000	0.000000e+00
1.738334e+00	4.108205e+01	1.881977e-02	4765141.000000	0.000000e+00
1.740328e+00	4.105258e+01	1.876075e-02	4788289.000000	0.000000e+00
1.742324e+00	4.102674e+01	1.874015e-02	4792785.000000	0.000000e+00
1.744318e+00	4.094573e+01	1.868389e-02	4802671.000000	0.000000e+00
1.746312e+00	4.087150e+01	1.862371e-02	4816245.000000	0.000000e+00
1.748307e+00	4.082173e+01	1.858025e-02	4827025.000000	0.000000e+00
1.750301e+00	4.073686e+01	1.852264e-02	4836927.000000	0.000000e+00
1.752297e+00	4.072004e+01	1.848473e-02	4852777.000000	0.000000e+00
1.754292e+00	4.067875e+01	1.844713e-02	4862701.000000	0.000000e+00
1.756286e+00	4.060546e+01	1.840882e-02	4865379.000000	0.000000e+00
1.758280e+00	4.051644e+01	1.833222e-02	4884637.000000	0.000000e+00
1.760276e+00	4.050969e+01	1.830605e-02	4896981.000000	0.000000e+00
1.762271e+00	4.046372e+01	1.828301e-02	4898197.000000	0.000000e+00
1.764264e+00	4.037050e+01	1.820202e-02	4919139.000000	0.000000e+00
1.766259e+00	4.034567e+01	1.818511e-02	4922233.000000	0.000000e+00
1.768253e+00	4.032230e+01	1.814269e-02	4939549.000000	0.000000e+00
1.770248e+00	4.024794e+01	1.809359e-02	4948095.000000	0.000000e+00
1.772243e+00	4.019277e+01	1.804465e-02	4961341.000000	0.000000e+00
1.774237e+00	4.014685e+01	1.800917e-02	4969533.000000	0.000000e+00
1.776233e+00	4.008340e+01	1.794466e-02	4989517.000000	0.000000e+00
1.778228e+00	4.001496e+01	1.791753e-02	4987563.000000	0.000000e+00
1.780222e+00	4.000451e+01	1.787916e-02	5006377.000000	0.000000e+00
1.782216e+00	3.992848e+01	1.783141e-02	5014117.000000	0.000000e+00
1.784211e+00	3.989190e+01	1.778464e-02	5031291.000000	0.000000e+00
1.786206e+00	3.984015e+01	1.775537e-02	5034805.000000	0.000000e+00
1.788201e+00	3.977039e+01	1.769096e-02	5053785.000000	0.000000e+00
1.790195e+00	3.970155e+01	1.765460e-02	5057071.000000	0.000000e+00
1.792190e+00	3.964959e+01	1.760019e-02	5075077.000000	0.000000e+00
1.794185e+00	3.959665e+01	1.756501e-02	5081829.000000	0.000000e+00
1.796179e+00	3.959646e+01	1.753961e-02	5096509.000000	0.000000e+00
1.798175e+00	3.946521e+01	1.746281e-02	5107407.000000	0.000000e+00
1.800168e+00	3.943916e+01	1.744326e-02	5112109.000000	0.000000e+00
1.802163e+00	3.939388e+01	1.738866e-02	5132457.000000	0.000000e+00
1.804158e+00	3.935850e+01	1.736008e-02	5140123.000000	0.000000e+00
1.806152e+00	3.933721e+01	1.733919e-02	5146945.000000	0.000000e+00
1.808146e+00	3.924885e+01	1.726655e-02	5167053.000000	0.000000e+00
1.810142e+00	3.919210e+01	1.722746e-02	5175529.000000	0.000000e+00
1.812137e+00	3.919094e+01	1.720567e-02	5188335.000000	0.000000e+00
1.814131e+00	3.911452e+01	1.717068e-02	5189209.000000	0.000000e+00
1.816125e+00	3.904452e+01	1.709917e-02	5213985.000000	0.000000e+00
1.818121e+00	3.902485e+01	1.707240e-02	5225083.000000	0.000000e+00
1.820116e+00	3.896513e+01	1.704472e-02	5226037.000000	0.000000e+00
1.822110e+00	3.890115e+01	1.698461e-02	5245821.000000	0.000000e+00
1.824104e+00	3.887046e+01	1.696466e-02	5249875.000000	0.000000e+00
1.826098e+00	3.880031e+01	1.690744e-02	5266413.000000	0.000000e+00
1.828093e+00	3.873435e+01	1.685573e-02	5280769.000000	0.000000e+00
1.830088e+00	3.871215e+01	1.683804e-02	5285809.000000	0.000000e+00
1.832082e+00	3.867584e+01	1.679778e-02	5301219.000000	0.000000e+00
1.834077e+00	3.861310e+01	1.675397e-02	5311705.000000	0.000000e+00
1.836072e+00	3.857921e+01	1.671175e-02	5329209.000000	0.000000e+00
1.838067e+00	3.850340e+01	1.667659e-02	5330695.000000	0.000000e+00
1.840062e+00	3.845412e+01	1.662408e-02	5350701.000000	0.000000e+00
1.842057e+00	3.841851e+01	1.659887e-02	5357029.000000	0.000000e+00
1.844051e+00	3.835482e+01	1.655734e-02	5366101.000000	0.000000e+00
1.846045e+00	3.830480e+01	1.650322e-02	5387271.000000	0.000000e+00
1.848041e+00	3.828327e+01	1.648723e-02	5391661.000000	0.000000e+00
1.850034e+00	3.824145e+01	1.645566e-02	5400549.000000	0.000000e+00
1.852029e+00	3.818092e+01	1.639735e-02	5421823.000000	0.000000e+00
1.854024e+00	3.809848e+01	1.635729e-02	5424909.000000	0.000000e+00
1.856018e+00	3.806036e+01	1.631440e-02	5442565.000000	0.000000e+00
1.858013e+00	3.800486e+01	1.628420e-02	5446849.000000	0.000000e+00
1.860007e+00	3.799616e+01	1.624738e-02	5469063.000000	0.000000e+00
1.862003e+00	3.795075e+01	1.621711e-02	5476381.000000	0.000000e+00
1.863998e+00	3.787727e+01	1.616937e-02	5487453.000000	0.000000e+00
1.865993e+00	3.782630e+01	1.613284e-02	5497507.000000	0.000000e+00
1.867987e+00	3.778443e+01	1.609529e-02	5510973.000000	0.000000e+00
1.869983e+00	3.774499e+01	1.605776e-02	5525209.000000	0.000000e+00
1.871977e+00	3.768855e+01	1.602760e-02	5529451.000000	0.000000e+00
1.873971e+00	3.769308e+01	1.600789e-02	5544405.000000	0.000000e+00
1.875965e+00	3.758855e+01	1.594487e-02	5557369.000000	0.000000e+00
1.877960e+00	3.757363e+01	1.591600e-02	5573121.000000	0.000000e+00
1.879954e+00	3.749658e+01	1.588059e-02	5575063.000000	0.000000e+00
1.881948e+00	3.746139e+01	1.584236e-02	5591497.000000	0.000000e+00
1.883943e+00	3.741292e+01	1.579398e-02	5611257.000000	0.000000e+00
1.885940e+00	3.734917e+01	1.575426e-02	5620387.000000	0.000000e+00
1.887934e+00	3.730678e+01	1.572793e-02	5626425.000000	0.000000e+00
1.889927e+00	3.727806e+01	1.570491e-02	5634241.000000	0.000000e+00
1.891922e+00	3.721656e+01	1.564843e-02	5656281.000000	0.000000e+00
1.893917e+00	3.715467e+01	1.560833e-02	5666491.000000	0.000000e+00
1.895912e+00	3.710879e+01	1.557767e-02	5674777.000000	0.000000e+00
1.897907e+00	3.707661e+01	1.553972e-02	5692641.000000	0.000000e+00
1.899902e+00	3.705530e+01	1.552413e-02	5697523.000000	0.000000e+00
1.901896e+00	3.699885e+01	1.548031e-02	5712381.000000	0.000000e+00
1.903890e+00	3.694234e+01	1.544354e-02	5722093.000000	0.000000e+00
1.905883e+00	3.688102e+01	1.540910e-02	5728635.000000	0.000000e+00
1.907879e+00	3.683315e+01	1.534689e-02	5760193.000000	0.000000e+00
1.909876e+00	3.682408e+01	1.533862e-02	5763565.000000	0.000000e+00
1.911870e+00	3.675914e+01	1.531083e-02	5764125.000000	0.000000e+00
1.913863e+00	3.671447e+01	1.526292e-02	5786275.000000	0.000000e+00
1.915858e+00	3.666606e+01	1.523258e-02	5794041.000000	0.000000e+00
1.917854e+00	3.663603e+01	1.519044e-02	5816689.000000	0.000000e+00
1.919848e+00	3.659281e+01	1.517686e-02	5813367.000000	0.000000e+00
1.921842e+00	3.654298e+01	1.513336e-02	5830921.000000	0.000000e+00
1.923837e+00	3.647240e+01	1.507942e-02	5850049.000000	0.000000e+00
1.925832e+00	3.646815e+01	1.507144e-02	5854881.000000	0.000000e+00
1.927827e+00	3.640690e+01	1.502403e-02	5872111.000000	0.000000e+00
1.929821e+00	3.634907e+01	1.499591e-02	5875449.000000	0.000000e+00
1.931815e+00	3.630952e+01	1.495144e-02	5897593.000000	0.000000e+00
1.933810e+00	3.625191e+01	1.492020e-02	5903539.000000	0.000000e+00
1.935805e+00	3.621557e+01	1.488097e-02	5922813.000000	0.000000e+00
1.937800e+00	3.617852e+01	1.485939e-02	5927881.000000	0.000000e+00
1.939795e+00	3.614499e+01	1.482722e-02	5942601.000000	0.000000e+00
1.941790e+00	3.610639e+01	1.479072e-02	5959219.000000	0.000000e+00
1.943785e+00	3.601271e+01	1.475058e-02	5960649.000000	0.000000e+00
1.945778e+00	3.599767e+01	1.472761e-02	5974261.000000	0.000000e+00
1.947773e+00	3.594659e+01	1.467592e-02	5999359.000000	0.000000e+00
1.949769e+00	3.589413e+01	1.465013e-02	6002937.000000	0.000000e+00
1.951763e+00	3.587253e+01	1.462905e-02	6013009.000000	0.000000e+00
1.953756e+00	3.584912e+01	1.460808e-02	6022419.000000	0.000000e+00
1.955751e+00	3.578524e+01	1.455009e-02	6048901.000000	0.000000e+00
1.957746e+00	3.572808e+01	1.452951e-02	6046689.000000	0.000000e+00
1.959739e+00	3.568382e+01	1.449427e-02	6061081.000000	0.000000e+00
1.961734e+00	3.566755e+01	1.446211e-02	6082519.000000	0.000000e+00
1.963729e+00	3.560745e+01	1.443027e-02	6088821.000000	0.000000e+00
1.965725e+00	3.555103e+01	1.438677e-02	6106297.000000	0.000000e+00
1.967719e+00	3.551643e+01	1.436581e-02	6112215.000000	0.000000e+00
1.969713e+00	3.547479e+01	1.433628e-02	6123037.000000	0.000000e+00
1.971708e+00	3.542025e+01	1.428623e-02	6147069.000000	0.000000e+00
1.973704e+00	3.538255e+01	1.427120e-02	6146917.000000	0.000000e+00
1.975698e+00	3.536972e+01	1.424400e-02	6165943.000000	0.000000e+00
1.977691e+00	3.528615e+01	1.420722e-02	6168657.000000	0.000000e+00
1.979687e+00	3.527070e+01	1.416442e-02	6200557.000000	0.000000e+00
1.981682e+00	3.519981e+01	1.414013e-02	6196887.000000	0.000000e+00
1.983676e+00	3.517778e+01	1.410958e-02	6215965.000000	0.000000e+00
1.985672e+00	3.511975e+01	1.407224e-02	6228397.000000	0.000000e+00
1.987666e+00	3.510027e+01	1.405661e-02	6235335.000000	0.000000e+00
1.989660e+00	3.503326e+01	1.401395e-02	6249421.000000	0.000000e+00
1.991655e+00	3.499841e+01	1.397833e-02	6268821.000000	0.000000e+00
1.993649e+00	3.496741e+01	1.396196e-02	6272401.000000	0.000000e+00
1.995644e+00	3.491709e+01	1.391780e-02	6294123.000000	0.000000e+00
1.997640e+00	3.488852e+01	1.389670e-02	6302917.000000	0.000000e+00
1.999635e+00	3.482919e+01	1.385859e-02	6316093.000000	0.000000e+00
2.001627e+00	3.477918e+01	1.384237e-02	6312735.000000	0.000000e+00
2.003622e+00	3.475315e+01	1.378575e-02	6355177.000000	0.000000e+00
2.005619e+00	3.470828e+01	1.377261e-02	6350877.000000	0.000000e+00
2.007614e+00	3.467789e+01	1.374399e-02	6366193.000000	0.000000e+00
2.009608e+00	3.464124e+01	1.372301e-02	6372183.000000	0.000000e+00
2.011602e+00	3.460415e+01	1.368378e-02	6395053.000000	0.000000e+00
2.013597e+00	3.455276e+01	1.365736e-02	6400765.000000	0.000000e+00
2.015592e+00	3.449475e+01	1.361624e-02	6417879.000000	0.000000e+00
2.017586e+00	3.447516e+01	1.360501e-02	6421177.000000	0.000000e+00
2.019579e+00	3.440803e+01	1.355779e-02	6440829.000000	0.000000e+00
2.021574e+00	3.439116e+01	1.353845e-02	6452917.000000	0.000000e+00
2.023568e+00	3.434538e+01	1.350628e-02	6466435.000000	0.000000e+00
2.025562e+00	3.429970e+01	1.347571e-02	6478545.000000	0.000000e+00
2.027557e+00	3.424359e+01	1.343922e-02	6492481.000000	0.000000e+00
2.029553e+00	3.422356e+01	1.341323e-02	6510039.000000	0.000000e+00
2.031548e+00	3.417995e+01	1.338705e-02	6518881.000000	0.000000e+00
2.033543e+00	3.415466e+01	1.336335e-02	6532353.000000	0.000000e+00
2.035537e+00	3.408330e+01	1.333010e-02	6537571.000000	0.000000e+00
2.037532e+00	3.405296e+01	1.329764e-02	6557833.000000	0.000000e+00
2.039526e+00	3.402595e+01	1.327757e-02	6567249.000000	0.000000e+00
2.041520e+00	3.396981e+01	1.324429e-02	6578533.000000	0.000000e+00
2.043515e+00	3.394414e+01	1.321167e-02	6601071.000000	0.000000e+00
2.045510e+00	3.390508e+01	1.319430e-02	6603241.000000	0.000000e+00
2.047505e+00	3.387436e+01	1.315976e-02	6625917.000000	0.000000e+00
2.049500e+00	3.380816e+01	1.313143e-02	6628555.000000	0.000000e+00
2.051494e+00	3.379936e+01	1.310965e-02	6647137.000000	0.000000e+00
2.053489e+00	3.374591e+01	1.307571e-02	6660573.000000	0.000000e+00
2.055484e+00	3.369422e+01	1.304467e-02	6671821.000000	0.000000e+00
2.057478e+00	3.365277e+01	1.301571e-02	6685071.000000	0.000000e+00
2.059472e+00	3.359901e+01	1.298402e-02	6696301.000000	0.000000e+00
2.061467e+00	3.358398e+01	1.296102e-02	6714069.000000	0.000000e+00
2.063463e+00	3.354570e+01	1.292991e-02	6731047.000000	0.000000e+00
2.065458e+00	3.349082e+01	1.291306e-02	6726565.000000	0.000000e+00
2.067451e+00	3.343113e+01	1.286289e-02	6754989.000000	0.000000e+00
2.069447e+00	3.342501e+01	1.285237e-02	6763579.000000	0.000000e+00
2.071442e+00	3.337551e+01	1.282162e-02	6775953.000000	0.000000e+00
2.073435e+00	3.333158e+01	1.279650e-02	6784681.000000	0.000000e+00
2.075430e+00	3.329977e+01	1.276718e-02	6802873.000000	0.000000e+00
2.077424e+00	3.325011e+01	1.273663e-02	6815175.000000	0.000000e+00
2.079420e+00	3.321778e+01	1.270547e-02	6835333.000000	0.000000e+00
2.081415e+00	3.317364e+01	1.268843e-02	6835497.000000	0.000000e+00
2.083408e+00	3.314106e+01	1.265779e-02	6855151.000000	0.000000e+00
2.085403e+00	3.311856e+01	1.263709e-02	6868293.000000	0.000000e+00
2.087397e+00	3.306472e+01	1.260796e-02	6877657.000000	0.000000e+00
2.089392e+00	3.303164e+01	1.258094e-02	6893413.000000	0.000000e+00
2.091386e+00	3.297720e+01	1.254654e-02	6908439.000000	0.000000e+00
2.093381e+00	3.293937e+01	1.252019e-02	6921637.000000	0.000000e+00
2.095376e+00	3.289520e+01	1.249115e-02	6935217.000000	0.000000e+00
2.097371e+00	3.287787e+01	1.247700e-02	6943639.000000	0.000000e+00
2.099365e+00	3.283525e+01	1.244598e-02	6960213.000000	0.000000e+00
2.101360e+00	3.279361e+01	1.241477e-02	6977521.000000	0.000000e+00
2.103355e+00	3.275916e+01	1.239639e-02	6983527.000000	0.000000e+00
2.105350e+00	3.271498e+01	1.236214e-02	7003353.000000	0.000000e+00
2.107344e+00	3.265698e+01	1.233664e-02	7007425.000000	0.000000e+00
2.109339e+00	3.263651e+01	1.230696e-02	7032441.000000	0.000000e+00
2.111333e+00	3.258775e+01	1.228931e-02	7031599.000000	0.000000e+00
2.113327e+00	3.256003e+01	1.226118e-02	7051881.000000	0.000000e+00
2.115322e+00	3.251735e+01	1.222814e-02	7071469.000000	0.000000e+00
2.117318e+00	3.249540e+01	1.220937e-02	7083655.000000	0.000000e+00
2.119313e+00	3.245912e+01	1.218672e-02	7094145.000000	0.000000e+00
2.121306e+00	3.241620e+01	1.216838e-02	7096729.000000	0.000000e+00
2.123301e+00	3.236947e+01	1.212703e-02	7124625.000000	0.000000e+00
2.125296e+00	3.235405e+01	1.211079e-02	7136947.000000	0.000000e+00
2.127291e+00	3.230826e+01	1.209015e-02	7141081.000000	0.000000e+00
2.129285e+00	3.226712e+01	1.205509e-02	7164393.000000	0.000000e+00
2.131281e+00	3.220265e+01	1.202080e-02	7176559.000000	0.000000e+00
2.133275e+00	3.219931e+01	1.201579e-02	7181061.000000	0.000000e+00
2.135268e+00	3.215491e+01	1.198975e-02	7192405.000000	0.000000e+00
2.137263e+00	3.212736e+01	1.195500e-02	7221885.000000	0.000000e+00
2.139259e+00	3.209677e+01	1.193629e-02	7230763.000000	0.000000e+00
2.141255e+00	3.204501e+01	1.190676e-02	7243249.000000	0.000000e+00
2.143249e+00	3.200389e+01	1.189001e-02	7245045.000000	0.000000e+00
2.145242e+00	3.198182e+01	1.186226e-02	7268947.000000	0.000000e+00
2.147237e+00	3.193154e+01	1.183142e-02	7283937.000000	0.000000e+00
2.149233e+00	3.189964e+01	1.180607e-02	7300645.000000	0.000000e+00
2.151227e+00	3.185441e+01	1.179106e-02	7298499.000000	0.000000e+00
2.153221e+00	3.184067e+01	1.176407e-02	7325701.000000	0.000000e+00
2.155216e+00	3.179470e+01	1.174034e-02	7334125.000000	0.000000e+00
2.157211e+00	3.174240e+01	1.170896e-02	7349241.000000	0.000000e+00
2.159205e+00	3.170123e+01	1.168454e-02	7360867.000000	0.000000e+00
2.161199e+00	3.168202e+01	1.166880e-02	7371801.000000	0.000000e+00
2.163193e+00	3.163287e+01	1.163462e-02	7392181.000000	0.000000e+00
2.165188e+00	3.157734e+01	1.160687e-02	7401519.000000	0.000000e+00
2.167184e+00	3.157231e+01	1.158711e-02	7424425.000000	0.000000e+00
2.169179e+00	3.151316e+01	1.156137e-02	7429597.000000	0.000000e+00
2.171173e+00	3.149420e+01	1.154435e-02	7442565.000000	0.000000e+00
2.173168e+00	3.144436e+01	1.151285e-02	7459675.000000	0.000000e+00
2.175163e+00	3.143195e+01	1.149708e-02	7474245.000000	0.000000e+00
2.177158e+00	3.140679e+01	1.147825e-02	7486789.000000	0.000000e+00
2.179152e+00	3.134731e+01	1.145246e-02	7492087.000000	0.000000e+00
2.181146e+00	3.131174e+01	1.142129e-02	7515957.000000	0.000000e+00
2.183141e+00	3.127805e+01	1.140096e-02	7526557.000000	0.000000e+00
2.185135e+00	3.123835e+01	1.137840e-02	7537263.000000	0.000000e+00
2.187130e+00	3.119837e+01	1.135039e-02	7555141.000000	0.000000e+00
2.189125e+00	3.117395e+01	1.132876e-02	7572141.000000	0.000000e+00
2.191120e+00	3.113681e+01	1.130976e-02	7579513.000000	0.000000e+00
2.193115e+00	3.110542e+01	1.128251e-02	7600819.000000	0.000000e+00
2.195109e+00	3.107593e+01	1.127127e-02	7601553.000000	0.000000e+00
2.197104e+00	3.103096e+01	1.123156e-02	7633261.000000	0.000000e+00
2.199100e+00	3.097861e+01	1.121204e-02	7634043.000000	0.000000e+00
2.201094e+00	3.097746e+01	1.119904e-02	7651213.000000	0.000000e+00
2.203088e+00	3.092307e+01	1.117402e-02	7658553.000000	0.000000e+00
2.205082e+00	3.087361e+01	1.114419e-02	7674985.000000	0.000000e+00
2.207077e+00	3.086114e+01	1.112096e-02	7700863.000000	0.000000e+00
2.209072e+00	3.081168e+01	1.109987e-02	7705389.000000	0.000000e+00
2.211067e+00	3.080069e+01	1.108385e-02	7722181.000000	0.000000e+00
2.213061e+00	3.074661e+01	1.106002e-02	7728279.000000	0.000000e+00
2.215055e+00	3.071790e+01	1.103483e-02	7749109.000000	0.000000e+00
2.217050e+00	3.068761e+01	1.101186e-02	7766137.000000	0.000000e+00
2.219045e+00	3.064771e+01	1.099353e-02	7771797.000000	0.000000e+00
2.221039e+00	3.061942e+01	1.097081e-02	7789627.000000	0.000000e+00
2.223034e+00	3.056400e+01	1.093782e-02	7808337.000000	0.000000e+00
2.225029e+00	3.053586e+01	1.092181e-02	7816837.000000	0.000000e+00
2.227024e+00	3.050851e+01	1.089765e-02	7837479.000000	0.000000e+00
2.229018e+00	3.047409e+01	1.088490e-02	7838137.000000	0.000000e+00
2.231013e+00	3.041982e+01	1.084673e-02	7865305.000000	0.000000e+00
2.233008e+00	3.041378e+01	1.083601e-02	7877751.000000	0.000000e+00
2.235003e+00	3.035950e+01	1.081300e-02	7883101.000000	0.000000e+00
2.236996e+00	3.034155e+01	1.079506e-02	7899969.000000	0.000000e+00
2.238992e+00	3.029916e+01	1.076364e-02	7923973.000000	0.000000e+00
2.240986e+00	3.028181e+01	1.075611e-02	7925979.000000	0.000000e+00
2.242981e+00	3.026196e+01	1.073419e-02	7947961.000000	0.000000e+00
2.244976e+00	3.018757e+01	1.070186e-02	7956793.000000	0.000000e+00
2.246970e+00	3.013707e+01	1.067477e-02	7970487.000000	0.000000e+00
2.248965e+00	3.010866e+01	1.065083e-02	7991269.000000	0.000000e+00
2.250960e+00	3.011017e+01	1.064428e-02	8001909.000000	0.000000e+00
2.252954e+00	3.007384e+01	1.062574e-02	8010493.000000	0.000000e+00
2.254948e+00	3.003584e+01	1.059565e-02	8035719.000000	0.000000e+00
2.256943e+00	2.998703e+01	1.057592e-02	8039521.000000	0.000000e+00
2.258939e+00	2.995126e+01	1.054472e-02	8067901.000000	0.000000e+00
2.260933e+00	2.991826e+01	1.053734e-02	8061399.000000	0.000000e+00
2.262927e+00	2.990716e+01	1.051028e-02	8096953.000000	0.000000e+00
2.264923e+00	2.987519e+01	1.049635e-02	8101113.000000	0.000000e+00
2.266918e+00	2.984002e+01	1.047386e-02	8116795.000000	0.000000e+00
2.268912e+00	2.979771e+01	1.045459e-02	8123665.000000	0.000000e+00
2.270906e+00	2.974631e+01	1.042481e-02	8141973.000000	0.000000e+00
2.272900e+00	2.972441e+01	1.040911e-02	8154541.000000	0.000000e+00
2.274895e+00	2.969525e+01	1.038217e-02	8180835.000000	0.000000e+00
2.276890e+00	2.964780e+01	1.036780e-02	8177329.000000	0.000000e+00
2.278883e+00	2.962784e+01	1.034543e-02	8201685.000000	0.000000e+00
2.280878e+00	2.960451e+01	1.032595e-02	8219695.000000	0.000000e+00
2.282873e+00	2.955799e+01	1.030414e-02	8228617.000000	0.000000e+00
2.284867e+00	2.953574e+01	1.028831e-02	8241525.000000	0.000000e+00
2.286862e+00	2.949155e+01	1.025954e-02	8263033.000000	0.000000e+00
2.288857e+00	2.946013e+01	1.024375e-02	8270871.000000	0.000000e+00
2.290852e+00	2.943494e+01	1.022163e-02	8292505.000000	0.000000e+00
2.292847e+00	2.941186e+01	1.020979e-02	8298717.000000	0.000000e+00
2.294842e+00	2.936954e+01	1.017829e-02	8326159.000000	0.000000e+00
2.296837e+00	2.931770e+01	1.016412e-02	8319937.000000	0.000000e+00
2.298831e+00	2.930958e+01	1.014288e-02	8350197.000000	0.000000e+00
2.300825e+00	2.926911e+01	1.012530e-02	8356099.000000	0.000000e+00
2.302820e+00	2.924609e+01	1.010512e-02	8376309.000000	0.000000e+00
2.304815e+00	2.919405e+01	1.007931e-02	8389333.000000	0.000000e+00
2.306809e+00	2.917303e+01	1.006647e-02	8398641.000000	0.000000e+00
2.308803e+00	2.914135e+01	1.004224e-02	8420887.000000	0.000000e+00
2.310799e+00	2.910761e+01	1.002047e-02	8437957.000000	0.000000e+00
2.312794e+00	2.907932e+01	1.000597e-02	8445981.000000	0.000000e+00
2.314788e+00	2.904439e+01	9.988404e-03	8455363.000000	0.000000e+00
2.316782e+00	2.901245e+01	9.964868e-03	8476677.000000	0.000000e+00
2.318778e+00	2.900401e+01	9.946013e-03	8503897.000000	0.000000e+00
2.320773e+00	2.895700e+01	9.935054e-03	8495065.000000	0.000000e+00
2.322766e+00	2.890666e+01	9.902756e-03	8520867.000000	0.000000e+00
2.324761e+00	2.888362e+01	9.887584e-03	8533417.000000	0.000000e+00
2.326756e+00	2.885466e+01	9.863921e-03	8557221.000000	0.000000e+00
2.328751e+00	2.882559e+01	9.850855e-03	8562655.000000	0.000000e+00
2.330745e+00	2.878894e+01	9.832316e-03	8573133.000000	0.000000e+00
2.332739e+00	2.874026e+01	9.804348e-03	8592985.000000	0.000000e+00
2.334733e+00	2.874355e+01	9.802464e-03	8598253.000000	0.000000e+00
2.336728e+00	2.870206e+01	9.766925e-03	8635959.000000	0.000000e+00
2.338724e+00	2.865519e+01	9.750692e-03	8636461.000000	0.000000e+00
2.340718e+00	2.863369e+01	9.734366e-03	8652453.000000	0.000000e+00
2.342712e+00	2.860711e+01	9.718736e-03	8664199.000000	0.000000e+00
2.344707e+00	2.857435e+01	9.695506e-03	8685837.000000	0.000000e+00
2.346702e+00	2.852895e+01	9.676332e-03	8692609.000000	0.000000e+00
2.348697e+00	2.850007e+01	9.653799e-03	8715559.000000	0.000000e+00
2.350691e+00	2.847384e+01	9.641199e-03	8722281.000000	0.000000e+00
2.352686e+00	2.845661e+01	9.621249e-03	8747893.000000	0.000000e+00
2.354680e+00	2.841654e+01	9.609139e-03	8745273.000000	0.000000e+00
2.356674e+00	2.836848e+01	9.577153e-03	8774035.000000	0.000000e+00
2.358670e+00	2.834110e+01	9.559926e-03	8788693.000000	0.000000e+00
2.360665e+00	2.832334e+01	9.546226e-03	8802897.000000	0.000000e+00
2.362659e+00	2.828148e+01	9.526763e-03	8812795.000000	0.000000e+00
2.364654e+00	2.826328e+01	9.509231e-03	8833941.000000	0.000000e+00
2.366649e+00	2.822908e+01	9.491174e-03	8846137.000000	0.000000e+00
2.368644e+00	2.820439e+01	9.477014e-03	8857077.000000	0.000000e+00
2.370638e+00	2.816928e+01	9.455843e-03	8874643.000000	0.000000e+00
2.372633e+00	2.814944e+01	9.440485e-03	8891005.000000	0.000000e+00
2.374628e+00	2.810884e+01	9.419381e-03	8905149.000000	0.000000e+00
2.376622e+00	2.806229e+01	9.397593e-03	8916883.000000	0.000000e+00
2.378617e+00	2.803320e+01	9.376618e-03	8938257.000000	0.000000e+00
2.380611e+00	2.802693e+01	9.370871e-03	8945221.000000	0.000000e+00
2.382604e+00	2.798029e+01	9.349890e-03	8955531.000000	0.000000e+00
2.384600e+00	2.795948e+01	9.320274e-03	8999137.000000	0.000000e+00
2.386597e+00	2.793190e+01	9.314259e-03	8992993.000000	0.000000e+00
2.388591e+00	2.788034e+01	9.289194e-03	9008241.000000	0.000000e+00
2.390585e+00	2.785890e+01	9.276017e-03	9019963.000000	0.000000e+00
2.392579e+00	2.783478e+01	9.257267e-03	9040869.000000	0.000000e+00
2.394574e+00	2.778111e+01	9.232194e-03	9055021.000000	0.000000e+00
2.396569e+00	2.777959e+01	9.222360e-03	9073347.000000	0.000000e+00
2.398563e+00	2.773640e+01	9.204932e-03	9079441.000000	0.000000e+00
2.400558e+00	2.770783e+01	9.180645e-03	9108745.000000	0.000000e+00
2.402553e+00	2.766817e+01	9.167596e-03	9108561.000000	0.000000e+00
2.404547e+00	2.765658e+01	9.149860e-03	9136255.000000	0.000000e+00
2.406542e+00	2.761529e+01	9.133947e-03	9140757.000000	0.000000e+00
2.408536e+00	2.758254e+01	9.111928e-03	9163213.000000	0.000000e+00
2.410532e+00	2.756585e+01	9.096360e-03	9183487.000000	0.000000e+00
2.412527e+00	2.752653e+01	9.081465e-03	9187365.000000	0.000000e+00
2.414520e+00	2.750434e+01	9.069094e-03	9197605.000000	0.000000e+00
2.416514e+00	2.746254e+01	9.042426e-03	9223833.000000	0.000000e+00
2.418509e+00	2.742638e+01	9.023526e-03	9238135.000000	0.000000e+00
2.420504e+00	2.741500e+01	9.009584e-03	9259065.000000	0.000000e+00
2.422500e+00	2.739652e+01	8.999606e-03	9267097.000000	0.000000e+00
2.424495e+00	2.735490e+01	8.977305e-03	9284923.000000	0.000000e+00
2.426489e+00	2.732482e+01	8.965010e-03	9289941.000000	0.000000e+00
2.428484e+00	2.729754e+01	8.939021e-03	9325393.000000	0.000000e+00
2.430478e+00	2.725957e+01	8.930631e-03	9316947.000000	0.000000e+00
2.432473e+00	2.722357e+01	8.902348e-03	9351493.000000	0.000000e+00
2.434468e+00	2.721036e+01	8.895726e-03	9356337.000000	0.000000e+00
2.436463e+00	2.718288e+01	8.875364e-03	9380341.000000	0.000000e+00
2.438457e+00	2.714578e+01	8.863860e-03	9379051.000000	0.000000e+00
2.440450e+00	2.711152e+01	8.839541e-03	9406941.000000	0.000000e+00
2.442446e+00	2.709064e+01	8.823725e-03	9426157.000000	0.000000e+00
2.444441e+00	2.705385e+01	8.806965e-03	9436383.000000	0.000000e+00
2.446435e+00	2.702457e+01	8.793415e-03	9445009.000000	0.000000e+00
2.448429e+00	2.701258e+01	8.778521e-03	9468681.000000	0.000000e+00
2.450424e+00	2.697418e+01	8.760695e-03	9480241.000000	0.000000e+00
2.452418e+00	2.694592e+01	8.742837e-03	9499075.000000	0.000000e+00
2.454413e+00	2.690224e+01	8.721434e-03	9514833.000000	0.000000e+00
2.456408e+00	2.689981e+01	8.713295e-03	9530893.000000	0.000000e+00
2.458403e+00	2.686128e+01	8.694730e-03	9544239.000000	0.000000e+00
2.460398e+00	2.683055e+01	8.677538e-03	9560185.000000	0.000000e+00
2.462392e+00	2.679400e+01	8.660748e-03	9571153.000000	0.000000e+00
2.464386e+00	2.677922e+01	8.646748e-03	9591579.000000	0.000000e+00
2.466380e+00	2.675939e+01	8.636756e-03	9599557.000000	0.000000e+00
2.468375e+00	2.671676e+01	8.607152e-03	9634929.000000	0.000000e+00
2.470371e+00	2.667961e+01	8.595755e-03	9633649.000000	0.000000e+00
2.472366e+00	2.664537e+01	8.573000e-03	9660015.000000	0.000000e+00
2.474360e+00	2.662055e+01	8.566527e-03	9656605.000000	0.000000e+00
2.476354e+00	2.660602e+01	8.547741e-03	9688513.000000	0.000000e+00
2.478349e+00	2.658223e+01	8.536058e-03	9697683.000000	0.000000e+00
2.480344e+00	2.656648e+01	8.522614e-03	9716785.000000	0.000000e+00
2.482338e+00	2.651310e+01	8.498842e-03	9731985.000000	0.000000e+00
2.484333e+00	2.648689e+01	8.483266e-03	9748453.000000	0.000000e+00
2.486329e+00	2.645483e+01	8.463732e-03	9769815.000000	0.000000e+00
2.488323e+00	2.643257e+01	8.457725e-03	9767233.000000	0.000000e+00
2.490317e+00	2.639962e+01	8.433284e-03	9799453.000000	0.000000e+00
2.492312e+00	2.638836e+01	8.425778e-03	9808551.000000	0.000000e+00
2.494307e+00	2.633922e+01	8.404430e-03	9821761.000000	0.000000e+00
2.496302e+00	2.632155e+01	8.387181e-03	9848973.000000	0.000000e+00
2.498296e+00	2.630124e+01	8.382834e-03	9843979.000000	0.000000e+00
2.500288e+00	2.627851e+01	8.368124e-03	9861549.000000	0.000000e+00
2.502283e+00	2.623620e+01	8.337493e-03	9902185.000000	0.000000e+00
2.504280e+00	2.621567e+01	8.329424e-03	9905857.000000	0.000000e+00
2.506274e+00	2.618466e+01	8.315082e-03	9916551.000000	0.000000e+00
2.508269e+00	2.614014e+01	8.292712e-03	9936253.000000	0.000000e+00
2.510263e+00	2.613449e+01	8.287525e-03	9944397.000000	0.000000e+00
2.512257e+00	2.611317e+01	8.270338e-03	9969487.000000	0.000000e+00
2.514252e+00	2.607858e+01	8.252514e-03	9986089.000000	0.000000e+00
2.516247e+00	2.604065e+01	8.235584e-03	9998037.000000	0.000000e+00
2.518242e+00	2.602168e+01	8.221644e-03	10017361.000000	0.000000e+00
2.520237e+00	2.598527e+01	8.204652e-03	10030767.000000	0.000000e+00
2.522230e+00	2.595617e+01	8.192688e-03	10037569.000000	0.000000e+00
2.524225e+00	2.593242e+01	8.173193e-03	10067061.000000	0.000000e+00
2.526220e+00	2.590294e+01	8.159690e-03	10077451.000000	0.000000e+00
2.528214e+00	2.587364e+01	8.144448e-03	10092337.000000	0.000000e+00
2.530210e+00	2.585616e+01	8.128318e-03	10118745.000000	0.000000e+00
2.532204e+00	2.582627e+01	8.118785e-03	10119085.000000	0.000000e+00
2.534199e+00	2.579392e+01	8.096119e-03	10150347.000000	0.000000e+00
2.536194e+00	2.577544e+01	8.090940e-03	10148785.000000	0.000000e+00
2.538188e+00	2.576421e+01	8.074988e-03	10180053.000000	0.000000e+00
2.540183e+00	2.570765e+01	8.053090e-03	10190599.000000	0.000000e+00
2.542178e+00	2.568223e+01	8.041092e-03	10200829.000000	0.000000e+00
2.544173e+00	2.566238e+01	8.023455e-03	10229889.000000	0.000000e+00
2.546167e+00	2.563325e+01	8.014651e-03	10229119.000000	0.000000e+00
2.548162e+00	2.561935e+01	7.994965e-03	10268409.000000	0.000000e+00
2.550157e+00	2.558733e+01	7.988972e-03	10258129.000000	0.000000e+00
2.552151e+00	2.555658e+01	7.967612e-03	10288429.000000	0.000000e+00
2.554146e+00	2.553878e+01	7.957049e-03	10301403.000000	0.000000e+00
2.556140e+00	2.548702e+01	7.936906e-03	10311829.000000	0.000000e+00
2.558133e+00	2.546035e+01	7.921466e-03	10330413.000000	0.000000e+00
2.560128e+00	2.542244e+01	7.899537e-03	10356931.000000	0.000000e+00
2.562123e+00	2.543209e+01	7.902315e-03	10357509.000000	0.000000e+00
2.564118e+00	2.538444e+01	7.871829e-03	10398817.000000	0.000000e+00
2.566114e+00	2.534670e+01	7.861486e-03	10395217.000000	0.000000e+00
2.568108e+00	2.534684e+01	7.855305e-03	10411695.000000	0.000000e+00
2.570102e+00	2.532052e+01	7.838888e-03	10433653.000000	0.000000e+00
2.572098e+00	2.527658e+01	7.817940e-03	10453269.000000	0.000000e+00
2.574093e+00	2.527276e+01	7.813598e-03	10461727.000000	0.000000e+00
2.576087e+00	2.524066e+01	7.798874e-03	10474605.000000	0.000000e+00
2.578081e+00	2.522607e+01	7.786686e-03	10495273.000000	0.000000e+00
2.580076e+00	2.519391e+01	7.768068e-03	10518775.000000	0.000000e+00
2.582071e+00	2.516010e+01	7.756369e-03	10522233.000000	0.000000e+00
2.584065e+00	2.512617e+01	7.735675e-03	10550089.000000	0.000000e+00
2.586060e+00	2.510603e+01	7.726427e-03	10558413.000000	0.000000e+00
2.588055e+00	2.507242e+01	7.707057e-03	10583155.000000	0.000000e+00
2.590050e+00	2.503147e+01	7.691285e-03	10591929.000000	0.000000e+00
2.592045e+00	2.502993e+01	7.683461e-03	10612201.000000	0.000000e+00
2.594039e+00	2.499326e+01	7.669873e-03	10618651.000000	0.000000e+00
2.596033e+00	2.495932e+01	7.648238e-03	10649829.000000	0.000000e+00
2.598028e+00	2.495822e+01	7.647611e-03	10650637.000000	0.000000e+00
2.600022e+00	2.493543e+01	7.629055e-03	10682973.000000	0.000000e+00
2.602018e+00	2.489344e+01	7.612217e-03	10694179.000000	0.000000e+00
2.604012e+00	2.485933e+01	7.598291e-03	10704025.000000	0.000000e+00
2.606006e+00	2.486233e+01	7.594923e-03	10716105.000000	0.000000e+00
2.608000e+00	2.482764e+01	7.572572e-03	10749391.000000	0.000000e+00
2.609995e+00	2.480259e+01	7.563720e-03	10752837.000000	0.000000e+00
2.611990e+00	2.476135e+01	7.539479e-03	10786141.000000	0.000000e+00
2.613986e+00	2.473864e+01	7.533104e-03	10784589.000000	0.000000e+00
2.615980e+00	2.471373e+01	7.517296e-03	10808203.000000	0.000000e+00
2.617974e+00	2.468936e+01	7.506513e-03	10817905.000000	0.000000e+00
2.619969e+00	2.466445e+01	7.490350e-03	10842729.000000	0.000000e+00
2.621963e+00	2.463750e+01	7.478860e-03	10852315.000000	0.000000e+00
2.623958e+00	2.461269e+01	7.461347e-03	10881369.000000	0.000000e+00
2.625953e+00	2.459520e+01	7.453961e-03	10887457.000000	0.000000e+00
2.627948e+00	2.455530e+01	7.434684e-03	10908507.000000	0.000000e+00
2.629942e+00	2.453958e+01	7.426255e-03	10919293.000000	0.000000e+00
2.631937e+00	2.450238e+01	7.406904e-03	10943173.000000	0.000000e+00
2.633932e+00	2.447613e+01	7.395190e-03	10954353.000000	0.000000e+00
2.635927e+00	2.446276e+01	7.384854e-03	10973047.000000	0.000000e+00
2.637921e+00	2.441346e+01	7.365781e-03	10985529.000000	0.000000e+00
2.639916e+00	2.441417e+01	7.356150e-03	11014957.000000	0.000000e+00
2.641910e+00	2.437961e+01	7.347733e-03	11008971.000000	0.000000e+00
2.643904e+00	2.437925e+01	7.336562e-03	11042197.000000	0.000000e+00
2.645899e+00	2.433591e+01	7.319169e-03	11055325.000000	0.000000e+00
2.647895e+00	2.431104e+01	7.302486e-03	11083209.000000	0.000000e+00
2.649890e+00	2.427492e+01	7.290087e-03	11087923.000000	0.000000e+00
2.651884e+00	2.426386e+01	7.282538e-03	11100801.000000	0.000000e+00
2.653878e+00	2.423162e+01	7.267144e-03	11118277.000000	0.000000e+00
2.655873e+00	2.421201e+01	7.253030e-03	11143531.000000	0.000000e+00
2.657867e+00	2.418082e+01	7.240884e-03	11152161.000000	0.000000e+00
2.659862e+00	2.415461e+01	7.226749e-03	11171569.000000	0.000000e+00
2.661856e+00	2.413769e+01	7.215253e-03	11191503.000000	0.000000e+00
2.663851e+00	2.411137e+01	7.203348e-03	11204053.000000	0.000000e+00
2.665845e+00	2.408664e+01	7.190033e-03	11222529.000000	0.000000e+00
2.667840e+00	2.405551e+01	7.175515e-03	11238877.000000	0.000000e+00
2.669835e+00	2.402815e+01	7.161407e-03	11257555.000000	0.000000e+00
2.671830e+00	2.402586e+01	7.154989e-03	11275605.000000	0.000000e+00
2.673825e+00	2.399073e+01	7.136276e-03	11301697.000000	0.000000e+00
2.675820e+00	2.397296e+01	7.133868e-03	11292579.000000	0.000000e+00
2.677813e+00	2.395156e+01	7.116908e-03	11326213.000000	0.000000e+00
2.679809e+00	2.390248e+01	7.096004e-03	11346405.000000	0.000000e+00
2.681804e+00	2.389311e+01	7.089788e-03	11357401.000000	0.000000e+00
2.683798e+00	2.386793e+01	7.078857e-03	11368507.000000	0.000000e+00
2.685793e+00	2.384526e+01	7.062799e-03	11398569.000000	0.000000e+00
2.687788e+00	2.381584e+01	7.051573e-03	11406697.000000	0.000000e+00
2.689782e+00	2.380143e+01	7.041317e-03	11426103.000000	0.000000e+00
2.691776e+00	2.375884e+01	7.025903e-03	11435269.000000	0.000000e+00
2.693771e+00	2.373776e+01	7.010406e-03	11465505.000000	0.000000e+00
2.695766e+00	2.371983e+01	7.002194e-03	11475061.000000	0.000000e+00
2.697761e+00	2.370372e+01	6.990149e-03	11499007.000000	0.000000e+00
2.699756e+00	2.367358e+01	6.979746e-03	11503989.000000	0.000000e+00
2.701749e+00	2.364610e+01	6.966074e-03	11522401.000000	0.000000e+00
2.703744e+00	2.362775e+01	6.951623e-03	11552403.000000	0.000000e+00
2.705739e+00	2.359586e+01	6.940409e-03	11558497.000000	0.000000e+00
2.707733e+00	2.356902e+01	6.927473e-03	11575333.000000	0.000000e+00
2.709728e+00	2.355102e+01	6.914451e-03	11601231.000000	0.000000e+00
2.711723e+00	2.352477e+01	6.905708e-03	11604709.000000	0.000000e+00
2.713717e+00	2.350511e+01	6.890561e-03	11636313.000000	0.000000e+00
2.715712e+00	2.348023e+01	6.882515e-03	11638861.000000	0.000000e+00
2.717706e+00	2.345783e+01	6.866243e-03	11671791.000000	0.000000e+00
2.719701e+00	2.343583e+01	6.859644e-03	11672329.000000	0.000000e+00
2.721695e+00	2.341073e+01	6.843437e-03	11702569.000000	0.000000e+00
2.723690e+00	2.338900e+01	6.835182e-03	11709087.000000	0.000000e+00
2.725685e+00	2.335710e+01	6.816565e-03	11741041.000000	0.000000e+00
2.727680e+00	2.332919e+01	6.805377e-03	11751549.000000	0.000000e+00
2.729675e+00	2.330871e+01	6.794293e-03	11769229.000000	0.000000e+00
2.731669e+00	2.328429e+01	6.785236e-03	11775951.000000	0.000000e+00
2.733664e+00	2.326151e+01	6.769892e-03	11806261.000000	0.000000e+00
2.735659e+00	2.325915e+01	6.764706e-03	11821969.000000	0.000000e+00
2.737654e+00	2.321263e+01	6.748220e-03	11832327.000000	0.000000e+00
2.739647e+00	2.321024e+01	6.746479e-03	11835997.000000	0.000000e+00
2.741641e+00	2.317457e+01	6.722223e-03	11884953.000000	0.000000e+00
2.743638e+00	2.314356e+01	6.710798e-03	11893567.000000	0.000000e+00
2.745632e+00	2.313619e+01	6.706690e-03	11900557.000000	0.000000e+00
2.747627e+00	2.310685e+01	6.692307e-03	11921469.000000	0.000000e+00
2.749622e+00	2.307828e+01	6.677038e-03	11946457.000000	0.000000e+00
2.751617e+00	2.305537e+01	6.667266e-03	11957727.000000	0.000000e+00
2.753611e+00	2.303773e+01	6.661867e-03	11958793.000000	0.000000e+00
2.755604e+00	2.299541e+01	6.639158e-03	11996553.000000	0.000000e+00
2.757600e+00	2.299073e+01	6.631446e-03	12019579.000000	0.000000e+00
2.759595e+00	2.295598e+01	6.623267e-03	12012877.000000	0.000000e+00
2.761589e+00	2.292729e+01	6.605542e-03	12047265.000000	0.000000e+00
2.763583e+00	2.291240e+01	6.600744e-03	12049117.000000	0.000000e+00
2.765577e+00	2.290123e+01	6.587470e-03	12085935.000000	0.000000e+00
2.767573e+00	2.287517e+01	6.575555e-03	12102181.000000	0.000000e+00
2.769567e+00	2.283508e+01	6.562593e-03	12107493.000000	0.000000e+00
2.771562e+00	2.282038e+01	6.550093e-03	12138103.000000	0.000000e+00
2.773558e+00	2.279710e+01	6.539600e-03	12152257.000000	0.000000e+00
2.775552e+00	2.277259e+01	6.530737e-03	12159069.000000	0.000000e+00
2.777546e+00	2.274662e+01	6.518782e-03	12175891.000000	0.000000e+00
2.779540e+00	2.272623e+01	6.505135e-03	12205125.000000	0.000000e+00
2.781535e+00	2.271493e+01	6.497618e-03	12221221.000000	0.000000e+00
2.783530e+00	2.268259e+01	6.484139e-03	12237165.000000	0.000000e+00
2.785525e+00	2.266602e+01	6.475681e-03	12251227.000000	0.000000e+00
2.787519e+00	2.264300e+01	6.464753e-03	12267721.000000	0.000000e+00
2.789514e+00	2.260734e+01	6.447938e-03	12292977.000000	0.000000e+00
2.791509e+00	2.259837e+01	6.441407e-03	12308155.000000	0.000000e+00
2.793504e+00	2.257466e+01	6.430029e-03	12325845.000000	0.000000e+00
2.795498e+00	2.254581e+01	6.419924e-03	12333085.000000	0.000000e+00
2.797493e+00	2.252611e+01	6.406375e-03	12363673.000000	0.000000e+00
2.799488e+00	2.249943e+01	6.395571e-03	12376119.000000	0.000000e+00
2.801482e+00	2.248311e+01	6.386298e-03	12394081.000000	0.000000e+00
2.803477e+00	2.245213e+01	6.374061e-03	12407457.000000	0.000000e+00
2.805471e+00	2.244316e+01	6.365427e-03	12431203.000000	0.000000e+00
2.807466e+00	2.242482e+01	6.356558e-03	12445545.000000	0.000000e+00
2.809460e+00	2.237783e+01	6.337806e-03	12466885.000000	0.000000e+00
2.811455e+00	2.237255e+01	6.332747e-03	12480925.000000	0.000000e+00
2.813450e+00	2.234410e+01	6.317837e-03	12508023.000000	0.000000e+00
2.815444e+00	2.232544e+01	6.313945e-03	12502549.000000	0.000000e+00
2.817438e+00	2.229805e+01	6.295931e-03	12543357.000000	0.000000e+00
2.819433e+00	2.227361e+01	6.287102e-03	12551059.000000	0.000000e+00
2.821428e+00	2.225339e+01	6.276068e-03	12572373.000000	0.000000e+00
2.823424e+00	2.222962e+01	6.262826e-03	12598633.000000	0.000000e+00
2.825418e+00	2.222878e+01	6.262792e-03	12597811.000000	0.000000e+00
2.827413e+00	2.219538e+01	6.245429e-03	12629925.000000	0.000000e+00
2.829407e+00	2.216848e+01	6.235778e-03	12638353.000000	0.000000e+00
2.831402e+00	2.214230e+01	6.223190e-03	12659577.000000	0.000000e+00
2.833396e+00	2.211507e+01	6.211172e-03	12677383.000000	0.000000e+00
2.835391e+00	2.209966e+01	6.202427e-03	12695445.000000	0.000000e+00
2.837385e+00	2.208007e+01	6.192893e-03	12711997.000000	0.000000e+00
2.839380e+00	2.206616e+01	6.182818e-03	12737395.000000	0.000000e+00
2.841375e+00	2.202277e+01	6.169134e-03	12743697.000000	0.000000e+00
2.843370e+00	2.201478e+01	6.159040e-03	12776233.000000	0.000000e+00
2.845365e+00	2.198599e+01	6.148294e-03	12787413.000000	0.000000e+00
2.847360e+00	2.196568e+01	6.139315e-03	12801163.000000	0.000000e+00
2.849354e+00	2.195236e+01	6.130282e-03	12823345.000000	0.000000e+00
2.851349e+00	2.192986e+01	6.121223e-03	12834981.000000	0.000000e+00
2.853343e+00	2.190145e+01	6.107984e-03	12857311.000000	0.000000e+00
2.855337e+00	2.188117e+01	6.099697e-03	12868401.000000	0.000000e+00
2.857332e+00	2.187104e+01	6.090362e-03	12895933.000000	0.000000e+00
2.859326e+00	2.183365e+01	6.078185e-03	12903423.000000	0.000000e+00
2.861321e+00	2.182070e+01	6.066859e-03	12936289.000000	0.000000e+00
2.863316e+00	2.180392e+01	6.059837e-03	12946345.000000	0.000000e+00
2.865311e+00	2.177650e+01	6.046771e-03	12969681.000000	0.000000e+00
2.867306e+00	2.174549e+01	6.033886e-03	12988063.000000	0.000000e+00
2.869301e+00	2.172716e+01	6.026358e-03	12998589.000000	0.000000e+00
2.871295e+00	2.171445e+01	6.017893e-03	13019929.000000	0.000000e+00
2.873290e+00	2.167655e+01	6.003148e-03	13038339.000000	0.000000e+00
2.875285e+00	2.166358e+01	5.996119e-03	13053289.000000	0.000000e+00
2.877279e+00	2.166338e+01	5.991371e-03	13073749.000000	0.000000e+00
2.879273e+00	2.162844e+01	5.979124e-03	13085049.000000	0.000000e+00
2.881268e+00	2.159947e+01	5.962480e-03	13122979.000000	0.000000e+00
2.883263e+00	2.157862e+01	5.958576e-03	13114821.000000	0.000000e+00
2.885257e+00	2.157090e+01	5.948487e-03	13149937.000000	0.000000e+00
2.887251e+00	2.153623e+01	5.936565e-03	13160391.000000	0.000000e+00
2.889246e+00	2.152544e+01	5.927074e-03	13189345.000000	0.000000e+00
2.891241e+00	2.149054e+01	5.914750e-03	13201453.000000	0.000000e+00
2.893236e+00	2.147308e+01	5.904921e-03	13223925.000000	0.000000e+00
2.895231e+00	2.144827e+01	5.895947e-03	13233583.000000	0.000000e+00
2.897226e+00	2.143102e+01	5.884869e-03	13262097.000000	0.000000e+00
2.899221e+00	2.142700e+01	5.882284e-03	13268773.000000	0.000000e+00
2.901215e+00	2.140634e+01	5.871646e-03	13291231.000000	0.000000e+00
2.903209e+00	2.136875e+01	5.858112e-03	13305861.000000	0.000000e+00
2.905203e+00	2.135083e+01	5.848292e-03	13328197.000000	0.000000e+00
2.907198e+00	2.133736e+01	5.839794e-03	13350159.000000	0.000000e+00
2.909193e+00	2.131709e+01	5.830301e-03	13368229.000000	0.000000e+00
2.911187e+00	2.129032e+01	5.821134e-03	13376709.000000	0.000000e+00
2.913182e+00	2.127012e+01	5.809967e-03	13402705.000000	0.000000e+00
2.915177e+00	2.125104e+01	5.799853e-03	13425379.000000	0.000000e+00
2.917171e+00	2.121507e+01	5.789324e-03	13428669.000000	0.000000e+00
2.919165e+00	2.121049e+01	5.781187e-03	13460689.000000	0.000000e+00
2.921160e+00	2.118480e+01	5.770403e-03	13478343.000000	0.000000e+00
2.923155e+00	2.116631e+01	5.763033e-03	13489261.000000	0.000000e+00
2.925149e+00	2.113929e+01	5.750438e-03	13513845.000000	0.000000e+00
2.927144e+00	2.111513e+01	5.740002e-03	13532041.000000	0.000000e+00
2.929140e+00	2.109337e+01	5.727740e-03	13562047.000000	0.000000e+00
2.931134e+00	2.108411e+01	5.727096e-03	13553193.000000	0.000000e+00
2.933129e+00	2.105226e+01	5.709222e-03	13597021.000000	0.000000e+00
2.935124e+00	2.103040e+01	5.701441e-03	13605855.000000	0.000000e+00
2.937118e+00	2.102133e+01	5.697711e-03	13611925.000000	0.000000e+00
2.939112e+00	2.099561e+01	5.682873e-03	13649629.000000	0.000000e+00
2.941107e+00	2.097640e+01	5.676009e-03	13657647.000000	0.000000e+00
2.943102e+00	2.095378e+01	5.665497e-03	13678825.000000	0.000000e+00
2.945097e+00	2.095157e+01	5.659551e-03	13704693.000000	0.000000e+00
2.947091e+00	2.092363e+01	5.652178e-03	13703845.000000	0.000000e+00
2.949085e+00	2.090217e+01	5.640528e-03	13732299.000000	0.000000e+00
2.951080e+00	2.087375e+01	5.627010e-03	13760857.000000	0.000000e+00
2.953075e+00	2.084762e+01	5.618579e-03	13767649.000000	0.000000e+00
2.955070e+00	2.083485e+01	5.609327e-03	13796187.000000	0.000000e+00
2.957064e+00	2.082006e+01	5.603777e-03	13803913.000000	0.000000e+00
2.959059e+00	2.079175e+01	5.591165e-03	13828581.000000	0.000000e+00
2.961053e+00	2.077209e+01	5.583097e-03	13842361.000000	0.000000e+00
2.963048e+00	2.074906e+01	5.571501e-03	13869231.000000	0.000000e+00
2.965042e+00	2.073184e+01	5.565241e-03	13877389.000000	0.000000e+00
2.967037e+00	2.070996e+01	5.552355e-03	13912465.000000	0.000000e+00
2.969032e+00	2.069121e+01	5.546355e-03	13917351.000000	0.000000e+00
2.971027e+00	2.066658e+01	5.534993e-03	13941289.000000	0.000000e+00
2.973021e+00	2.065571e+01	5.529410e-03	13954761.000000	0.000000e+00
2.975016e+00	2.062779e+01	5.517544e-03	13976995.000000	0.000000e+00
2.977011e+00	2.060914e+01	5.508273e-03	13998729.000000	0.000000e+00
2.979005e+00	2.059466e+01	5.502741e-03	14007193.000000	0.000000e+00
2.980999e+00	2.057526e+01	5.492087e-03	14035105.000000	0.000000e+00
2.982994e+00	2.054878e+01	5.481217e-03	14054583.000000	0.000000e+00
2.984990e+00	2.052436e+01	5.470154e-03	14077981.000000	0.000000e+00
2.986985e+00	2.051466e+01	5.464629e-03	14093121.000000	0.000000e+00
2.988979e+00	2.049274e+01	5.456705e-03	14103895.000000	0.000000e+00
2.990974e+00	2.047824e+01	5.448085e-03	14128549.000000	0.000000e+00
2.992968e+00	2.045219e+01	5.438223e-03	14143785.000000	0.000000e+00
2.994963e+00	2.043142e+01	5.429100e-03	14162545.000000	0.000000e+00
2.996957e+00	2.041321e+01	5.420377e-03	14182851.000000	0.000000e+00
2.998951e+00	2.040107e+01	5.413898e-03	14199913.000000	0.000000e+00
3.000946e+00	2.036759e+01	5.399731e-03	14227713.000000	0.000000e+00
3.002940e+00	2.034564e+01	5.394340e-03	14225443.000000	0.000000e+00
3.004935e+00	2.033231e+01	5.380965e-03	14277529.000000	0.000000e+00
3.006932e+00	2.031573e+01	5.374171e-03	14290317.000000	0.000000e+00
3.008926e+00	2.029999e+01	5.372081e-03	14279281.000000	0.000000e+00
3.010920e+00	2.027273e+01	5.356354e-03	14324715.000000	0.000000e+00
3.012915e+00	2.026372e+01	5.353071e-03	14329549.000000	0.000000e+00
3.014910e+00	2.023246e+01	5.338024e-03	14366013.000000	0.000000e+00
3.016905e+00	2.021409e+01	5.333269e-03	14365519.000000	0.000000e+00
3.018899e+00	2.019988e+01	5.325036e-03	14389729.000000	0.000000e+00
3.020893e+00	2.017790e+01	5.314911e-03	14413185.000000	0.000000e+00
3.022888e+00	2.016455e+01	5.307552e-03	14434063.000000	0.000000e+00
3.024883e+00	2.014707e+01	5.300572e-03	14447025.000000	0.000000e+00
3.026877e+00	2.011257e+01	5.287454e-03	14469109.000000	0.000000e+00
3.028872e+00	2.010403e+01	5.282277e-03	14485185.000000	0.000000e+00
3.030867e+00	2.009062e+01	5.274495e-03	14508583.000000	0.000000e+00
3.032861e+00	2.005806e+01	5.264243e-03	14517973.000000	0.000000e+00
3.034856e+00	2.004672e+01	5.253580e-03	14560485.000000	0.000000e+00
3.036851e+00	2.002690e+01	5.249099e-03	14556535.000000	0.000000e+00
3.038846e+00	1.999111e+01	5.234125e-03	14587665.000000	0.000000e+00
3.040840e+00	1.998718e+01	5.231410e-03	14597065.000000	0.000000e+00
3.042834e+00	1.995830e+01	5.220845e-03	14613877.000000	0.000000e+00
3.044829e+00	1.994635e+01	5.210294e-03	14655567.000000	0.000000e+00
3.046824e+00	1.992256e+01	5.205131e-03	14649637.000000	0.000000e+00
3.048818e+00	1.990280e+01	5.194187e-03	14682273.000000	0.000000e+00
3.050812e+00	1.988410e+01	5.187855e-03	14690491.000000	0.000000e+00
3.052807e+00	1.986523e+01	5.175851e-03	14730705.000000	0.000000e+00
3.054803e+00	1.984664e+01	5.169709e-03	14738113.000000	0.000000e+00
3.056797e+00	1.983545e+01	5.165043e-03	14748103.000000	0.000000e+00
3.058791e+00	1.980375e+01	5.152651e-03	14771805.000000	0.000000e+00
3.060786e+00	1.979631e+01	5.145193e-03	14803525.000000	0.000000e+00
3.062781e+00	1.977538e+01	5.138611e-03	14810109.000000	0.000000e+00
3.064776e+00	1.975240e+01	5.128148e-03	14836063.000000	0.000000e+00
3.066770e+00	1.973472e+01	5.121069e-03	14850477.000000	0.000000e+00
3.068765e+00	1.972829e+01	5.114737e-03	14877577.000000	0.000000e+00
3.070760e+00	1.969272e+01	5.102964e-03	14892451.000000	0.000000e+00
3.072755e+00	1.967786e+01	5.096211e-03	14909421.000000	0.000000e+00
3.074749e+00	1.966486e+01	5.091464e-03	14917513.000000	0.000000e+00
3.076743e+00	1.963248e+01	5.076864e-03	14954061.000000	0.000000e+00
3.078738e+00	1.962207e+01	5.071447e-03	14970139.000000	0.000000e+00
3.080733e+00	1.961535e+01	5.065193e-03	14996853.000000	0.000000e+00
3.082727e+00	1.959003e+01	5.060005e-03	14988853.000000	0.000000e+00
3.084721e+00	1.956876e+01	5.046837e-03	15034471.000000	0.000000e+00
3.086717e+00	1.955026e+01	5.039490e-03	15049845.000000	0.000000e+00
3.088711e+00	1.953473e+01	5.033707e-03	15060481.000000	0.000000e+00
3.090705e+00	1.951186e+01	5.024295e-03	15081585.000000	0.000000e+00
3.092700e+00	1.950377e+01	5.017314e-03	15111055.000000	0.000000e+00
3.094695e+00	1.947209e+01	5.007013e-03	15124033.000000	0.000000e+00
3.096689e+00	1.945584e+01	5.000318e-03	15139257.000000	0.000000e+00
3.098684e+00	1.943784e+01	4.991548e-03	15164419.000000	0.000000e+00
3.100679e+00	1.942633e+01	4.985198e-03	15185061.000000	0.000000e+00
3.102674e+00	1.940746e+01	4.976023e-03	15211525.000000	0.000000e+00
3.104669e+00	1.938227e+01	4.968644e-03	15217155.000000	0.000000e+00
3.106663e+00	1.935924e+01	4.959692e-03	15235861.000000	0.000000e+00
3.108657e+00	1.933441e+01	4.948797e-03	15263797.000000	0.000000e+00
3.110652e+00	1.933116e+01	4.945843e-03	15276897.000000	0.000000e+00
3.112647e+00	1.930709e+01	4.935301e-03	15304051.000000	0.000000e+00
3.114641e+00	1.928763e+01	4.928218e-03	15317157.000000	0.000000e+00
3.116636e+00	1.926727e+01	4.918518e-03	15345181.000000	0.000000e+00
3.118631e+00	1.925737e+01	4.914521e-03	15354351.000000	0.000000e+00
3.120626e+00	1.923394e+01	4.903122e-03	15388321.000000	0.000000e+00
3.122620e+00	1.921536e+01	4.898547e-03	15387301.000000	0.000000e+00
3.124615e+00	1.919692e+01	4.888601e-03	15420345.000000	0.000000e+00
3.126609e+00	1.918441e+01	4.883171e-03	15434515.000000	0.000000e+00
3.128604e+00	1.916188e+01	4.873693e-03	15458241.000000	0.000000e+00
3.130598e+00	1.915218e+01	4.868547e-03	15475249.000000	0.000000e+00
3.132593e+00	1.912601e+01	4.858291e-03	15498223.000000	0.000000e+00
3.134588e+00	1.911487e+01	4.852510e-03	15517077.000000	0.000000e+00
3.136583e+00	1.909448e+01	4.843170e-03	15543769.000000	0.000000e+00
3.138577e+00	1.907417e+01	4.838179e-03	15542727.000000	0.000000e+00
3.140571e+00	1.905357e+01	4.826513e-03	15584245.000000	0.000000e+00
3.142566e+00	1.904612e+01	4.823623e-03	15590733.000000	0.000000e+00
3.144561e+00	1.901761e+01	4.812017e-03	15619153.000000	0.000000e+00
3.146555e+00	1.900142e+01	4.805573e-03	15634423.000000	0.000000e+00
3.148550e+00	1.898124e+01	4.797375e-03	15654585.000000	0.000000e+00
3.150545e+00	1.896517e+01	4.788954e-03	15683101.000000	0.000000e+00
3.152540e+00	1.894787e+01	4.782892e-03	15694215.000000	0.000000e+00
3.154535e+00	1.892791e+01	4.775145e-03	15712021.000000	0.000000e+00
3.156529e+00	1.891180e+01	4.767007e-03	15738885.000000	0.000000e+00
3.158524e+00	1.889793e+01	4.761369e-03	15753049.000000	0.000000e+00
3.160519e+00	1.887842e+01	4.753308e-03	15773911.000000	0.000000e+00
3.162513e+00	1.886342e+01	4.747573e-03	15786921.000000	0.000000e+00
3.164508e+00	1.884038e+01	4.734894e-03	15832837.000000	0.000000e+00
3.166504e+00	1.881528e+01	4.729469e-03	15826923.000000	0.000000e+00
3.168497e+00	1.880174e+01	4.723130e-03	15846613.000000	0.000000e+00
3.170491e+00	1.878273e+01	4.714522e-03	15872385.000000	0.000000e+00
3.172486e+00	1.876172e+01	4.705424e-03	15898183.000000	0.000000e+00
3.174481e+00	1.874944e+01	4.700369e-03	15911557.000000	0.000000e+00
3.176475e+00	1.873350e+01	4.692871e-03	15935313.000000	0.000000e+00
3.178470e+00	1.871908e+01	4.686078e-03	15956953.000000	0.000000e+00
3.180465e+00	1.869328e+01	4.676535e-03	15978003.000000	0.000000e+00
3.182460e+00	1.867553e+01	4.670780e-03	15987013.000000	0.000000e+00
3.184455e+00	1.865611e+01	4.660552e-03	16023877.000000	0.000000e+00
3.186450e+00	1.865219e+01	4.658151e-03	16033647.000000	0.000000e+00
3.188445e+00	1.862417e+01	4.647999e-03	16055425.000000	0.000000e+00
3.190439e+00	1.859934e+01	4.639195e-03	16073481.000000	0.000000e+00
3.192434e+00	1.859129e+01	4.634125e-03	16094725.000000	0.000000e+00
3.194428e+00	1.857817e+01	4.629058e-03	16107219.000000	0.000000e+00
3.196422e+00	1.856499e+01	4.621282e-03	16138549.000000	0.000000e+00
3.198417e+00	1.854843e+01	4.615054e-03	16153285.000000	0.000000e+00
3.200411e+00	1.851908e+01	4.605497e-03	16169103.000000	0.000000e+00
3.202406e+00	1.851368e+01	4.599581e-03	16201273.000000	0.000000e+00
3.204401e+00	1.848254e+01	4.589392e-03	16218597.000000	0.000000e+00
3.206395e+00	1.847088e+01	4.585051e-03	16228813.000000	0.000000e+00
3.208390e+00	1.846342e+01	4.577723e-03	16267671.000000	0.000000e+00
3.210386e+00	1.843810e+01	4.570296e-03	16275853.000000	0.000000e+00
3.212380e+00	1.841259e+01	4.562204e-03	16288465.000000	0.000000e+00
3.214374e+00	1.839704e+01	4.554621e-03	16315167.000000	0.000000e+00
3.216368e+00	1.837961e+01	4.547611e-03	16334497.000000	0.000000e+00
3.218363e+00	1.836773e+01	4.541138e-03	16359945.000000	0.000000e+00
3.220358e+00	1.835565e+01	4.535648e-03	16378003.000000	0.000000e+00
3.222353e+00	1.833458e+01	4.527861e-03	16396677.000000	0.000000e+00
3.224347e+00	1.831043e+01	4.518070e-03	16424473.000000	0.000000e+00
3.226342e+00	1.830742e+01	4.517355e-03	16424257.000000	0.000000e+00
3.228336e+00	1.827875e+01	4.505203e-03	16461315.000000	0.000000e+00
3.230331e+00	1.826077e+01	4.498129e-03	16480657.000000	0.000000e+00
3.232326e+00	1.825251e+01	4.492988e-03	16503441.000000	0.000000e+00
3.234320e+00	1.822727e+01	4.485021e-03	16516351.000000	0.000000e+00
3.236316e+00	1.822064e+01	4.477857e-03	16557193.000000	0.000000e+00
3.238311e+00	1.820150e+01	4.474060e-03	16550493.000000	0.000000e+00
3.240305e+00	1.817943e+01	4.465090e-03	16576777.000000	0.000000e+00
3.242299e+00	1.816167e+01	4.457081e-03	16603923.000000	0.000000e+00
3.244294e+00	1.813870e+01	4.449338e-03	16619641.000000	0.000000e+00
3.246288e+00	1.813632e+01	4.446618e-03	16635609.000000	0.000000e+00
3.248283e+00	1.811416e+01	4.435446e-03	16678675.000000	0.000000e+00
3.250279e+00	1.809606e+01	4.430570e-03	16682029.000000	0.000000e+00
3.252272e+00	1.807512e+01	4.424136e-03	16691877.000000	0.000000e+00
3.254267e+00	1.805521e+01	4.413559e-03	16735063.000000	0.000000e+00
3.256262e+00	1.804737e+01	4.411151e-03	16738785.000000	0.000000e+00
3.258256e+00	1.802696e+01	4.403300e-03	16760557.000000	0.000000e+00
3.260250e+00	1.801191e+01	4.396731e-03	16782621.000000	0.000000e+00
3.262245e+00	1.799321e+01	4.388007e-03	16814455.000000	0.000000e+00
3.264240e+00	1.797874e+01	4.382505e-03	16829593.000000	0.000000e+00
3.266235e+00	1.796159e+01	4.376578e-03	16843017.000000	0.000000e+00
3.268230e+00	1.793598e+01	4.366430e-03	16873195.000000	0.000000e+00
3.270224e+00	1.792464e+01	4.363027e-03	16878165.000000	0.000000e+00
3.272218e+00	1.791472e+01	4.356691e-03	16908565.000000	0.000000e+00
3.274213e+00	1.789398e+01	4.349293e-03	16926865.000000	0.000000e+00
3.276208e+00	1.788277e+01	4.341633e-03	16965375.000000	0.000000e+00
3.278203e+00	1.785583e+01	4.335192e-03	16964593.000000	0.000000e+00
3.280197e+00	1.784261e+01	4.328694e-03	16990377.000000	0.000000e+00
3.282192e+00	1.782597e+01	4.321209e-03	17017495.000000	0.000000e+00
3.284187e+00	1.781206e+01	4.314929e-03	17040453.000000	0.000000e+00
3.286181e+00	1.780034e+01	4.313079e-03	17032645.000000	0.000000e+00
3.288175e+00	1.777762e+01	4.301152e-03	17083537.000000	0.000000e+00
3.290170e+00	1.776561e+01	4.297121e-03	17092467.000000	0.000000e+00
3.292165e+00	1.774615e+01	4.288158e-03	17126437.000000	0.000000e+00
3.294160e+00	1.772716e+01	4.282902e-03	17131761.000000	0.000000e+00
3.296154e+00	1.771614e+01	4.278505e-03	17145655.000000	0.000000e+00
3.298149e+00	1.770466e+01	4.269425e-03	17196357.000000	0.000000e+00
3.300144e+00	1.767699e+01	4.263348e-03	17191561.000000	0.000000e+00
3.302138e+00	1.766473e+01	4.256997e-03	17218975.000000	0.000000e+00
3.304132e+00	1.764457e+01	4.251752e-03	17222109.000000	0.000000e+00
3.306126e+00	1.763596e+01	4.242675e-03	17279005.000000	0.000000e+00
3.308122e+00	1.762336e+01	4.239714e-03	17278425.000000	0.000000e+00
3.310117e+00	1.760308e+01	4.231298e-03	17307331.000000	0.000000e+00
3.312111e+00	1.758215e+01	4.224506e-03	17321757.000000	0.000000e+00
3.314106e+00	1.756632e+01	4.217382e-03	17349061.000000	0.000000e+00
3.316101e+00	1.755109e+01	4.211417e-03	17368087.000000	0.000000e+00
3.318096e+00	1.753728e+01	4.205823e-03	17386905.000000	0.000000e+00
3.320090e+00	1.751876e+01	4.199906e-03	17399137.000000	0.000000e+00
3.322085e+00	1.750188e+01	4.190510e-03	17443581.000000	0.000000e+00
3.324080e+00	1.749106e+01	4.189446e-03	17430871.000000	0.000000e+00
3.326074e+00	1.747266e+01	4.178913e-03	17482009.000000	0.000000e+00
3.328069e+00	1.745999e+01	4.174910e-03	17490165.000000	0.000000e+00
3.330064e+00	1.743536e+01	4.165206e-03	17522215.000000	0.000000e+00
3.332059e+00	1.742039e+01	4.162211e-03	17517321.000000	0.000000e+00
3.334052e+00	1.741091e+01	4.156121e-03	17549569.000000	0.000000e+00
3.336047e+00	1.739556e+01	4.148907e-03	17579607.000000	0.000000e+00
3.338042e+00	1.738075e+01	4.142671e-03	17602561.000000	0.000000e+00
3.340037e+00	1.736010e+01	4.135797e-03	17619181.000000	0.000000e+00
3.342032e+00	1.734187e+01	4.129116e-03	17639145.000000	0.000000e+00
3.344026e+00	1.732167e+01	4.122670e-03	17653159.000000	0.000000e+00
3.346021e+00	1.731105e+01	4.116393e-03	17685321.000000	0.000000e+00
3.348016e+00	1.729608e+01	4.110973e-03	17701345.000000	0.000000e+00
3.350010e+00	1.728479e+01	4.105480e-03	17725587.000000	0.000000e+00
3.352005e+00	1.726617e+01	4.100086e-03	17733973.000000	0.000000e+00
3.353999e+00	1.724795e+01	4.091479e-03	17771101.000000	0.000000e+00
3.355994e+00	1.722427e+01	4.084570e-03	17782353.000000	0.000000e+00
3.357989e+00	1.721375e+01	4.078176e-03	17816371.000000	0.000000e+00
3.359984e+00	1.720367e+01	4.075114e-03	17822265.000000	0.000000e+00
3.361978e+00	1.718628e+01	4.067140e-03	17856049.000000	0.000000e+00
3.363973e+00	1.716056e+01	4.060912e-03	17857299.000000	0.000000e+00
3.365967e+00	1.715479e+01	4.053892e-03	17907145.000000	0.000000e+00
3.367962e+00	1.713600e+01	4.049959e-03	17902657.000000	0.000000e+00
3.369956e+00	1.712564e+01	4.044352e-03	17930625.000000	0.000000e+00
3.371951e+00	1.710358e+01	4.035505e-03	17962975.000000	0.000000e+00
3.373946e+00	1.708493e+01	4.028773e-03	17983773.000000	0.000000e+00
3.375941e+00	1.706999e+01	4.024572e-03	17989825.000000	0.000000e+00
3.377935e+00	1.705994e+01	4.018261e-03	18025147.000000	0.000000e+00
3.379930e+00	1.704721e+01	4.014200e-03	18034689.000000	0.000000e+00
3.381925e+00	1.702519e+01	4.005659e-03	18064921.000000	0.000000e+00
3.383919e+00	1.701518e+01	4.001139e-03	18084471.000000	0.000000e+00
3.385914e+00	1.700001e+01	3.995250e-03	18105493.000000	0.000000e+00
3.387908e+00	1.698086e+01	3.989134e-03	18120153.000000	0.000000e+00
3.389903e+00	1.696586e+01	3.982403e-03	18149353.000000	0.000000e+00
3.391898e+00	1.695372e+01	3.976783e-03	18174655.000000	0.000000e+00
3.393893e+00	1.693769e+01	3.971830e-03	18185577.000000	0.000000e+00
3.395886e+00	1.691891e+01	3.966103e-03	18197713.000000	0.000000e+00
3.397881e+00	1.690159e+01	3.956541e-03	18248355.000000	0.000000e+00
3.399877e+00	1.688937e+01	3.952411e-03	18260077.000000	0.000000e+00
3.401871e+00	1.687521e+01	3.948595e-03	18264729.000000	0.000000e+00
3.403865e+00	1.685550e+01	3.940505e-03	18296977.000000	0.000000e+00
3.405860e+00	1.683967e+01	3.934361e-03	18319723.000000	0.000000e+00
3.407855e+00	1.683469e+01	3.930441e-03	18345417.000000	0.000000e+00
3.409850e+00	1.681158e+01	3.923201e-03	18362665.000000	0.000000e+00
3.411845e+00	1.679416e+01	3.916665e-03	18385851.000000	0.000000e+00
3.413840e+00	1.678849e+01	3.913537e-03	18402829.000000	0.000000e+00
3.415834e+00	1.676477e+01	3.905736e-03	18424233.000000	0.000000e+00
3.417828e+00	1.675722e+01	3.902513e-03	18438067.000000	0.000000e+00
3.419823e+00	1.674376e+01	3.895670e-03	18473185.000000	0.000000e+00
3.421817e+00	1.672260e+01	3.889496e-03	18485073.000000	0.000000e+00
3.423812e+00	1.670263e+01	3.881881e-03	18513349.000000	0.000000e+00
3.425807e+00	1.669629e+01	3.877565e-03	18540507.000000	0.000000e+00
3.427801e+00	1.668151e+01	3.873376e-03	18547765.000000	0.000000e+00
3.429796e+00	1.666353e+01	3.864889e-03	18589177.000000	0.000000e+00
3.431791e+00	1.664458e+01	3.860445e-03	18589635.000000	0.000000e+00
3.433785e+00	1.663079e+01	3.854663e-03	18614557.000000	0.000000e+00
3.435780e+00	1.661070e+01	3.845950e-03	18653841.000000	0.000000e+00
3.437775e+00	1.660238e+01	3.843429e-03	18659629.000000	0.000000e+00
3.439770e+00	1.658512e+01	3.835771e-03	18695283.000000	0.000000e+00
3.441765e+00	1.657406e+01	3.832926e-03	18698077.000000	0.000000e+00
3.443759e+00	1.654757e+01	3.823637e-03	18729013.000000	0.000000e+00
3.445753e+00	1.653897e+01	3.820453e-03	18740763.000000	0.000000e+00
3.447748e+00	1.652260e+01	3.812714e-03	18779677.000000	0.000000e+00
3.449743e+00	1.651262e+01	3.808137e-03	18802125.000000	0.000000e+00
3.451737e+00	1.649277e+01	3.803639e-03	18801319.000000	0.000000e+00
3.453732e+00	1.648496e+01	3.797464e-03	18844653.000000	0.000000e+00
3.455727e+00	1.646555e+01	3.791858e-03	18855961.000000	0.000000e+00
3.457721e+00	1.645040e+01	3.786227e-03	18877285.000000	0.000000e+00
3.459715e+00	1.643570e+01	3.780371e-03	18901983.000000	0.000000e+00
3.461711e+00	1.642063e+01	3.773601e-03	18935101.000000	0.000000e+00
3.463705e+00	1.640876e+01	3.770759e-03	18936237.000000	0.000000e+00
3.465699e+00	1.639382e+01	3.764067e-03	18969043.000000	0.000000e+00
3.467694e+00	1.637720e+01	3.758427e-03	18987469.000000	0.000000e+00
3.469689e+00	1.636322e+01	3.752518e-03	19014801.000000	0.000000e+00
3.471683e+00	1.634957e+01	3.747563e-03	19033333.000000	0.000000e+00
3.473677e+00	1.634374e+01	3.745220e-03	19043571.000000	0.000000e+00
3.475672e+00	1.632171e+01	3.735558e-03	19090621.000000	0.000000e+00
3.477668e+00	1.630268e+01	3.730371e-03	19099149.000000	0.000000e+00
3.479662e+00	1.629144e+01	3.725869e-03	19118947.000000	0.000000e+00
3.481657e+00	1.627619e+01	3.720028e-03	19143133.000000	0.000000e+00
3.483651e+00	1.626406e+01	3.714815e-03	19168305.000000	0.000000e+00
3.485646e+00	1.624728e+01	3.708899e-03	19189837.000000	0.000000e+00
3.487641e+00	1.623329e+01	3.704570e-03	19201599.000000	0.000000e+00
3.489635e+00	1.621973e+01	3.698715e-03	19230277.000000	0.000000e+00
3.491630e+00	1.620290e+01	3.692121e-03	19258989.000000	0.000000e+00
3.493625e+00	1.618506e+01	3.685771e-03	19282879.000000	0.000000e+00
3.495619e+00	1.617294e+01	3.683565e-03	19277089.000000	0.000000e+00
3.497614e+00	1.615545e+01	3.674668e-03	19328661.000000	0.000000e+00
3.499609e+00	1.614645e+01	3.671099e-03	19344703.000000	0.000000e+00
3.501604e+00	1.612990e+01	3.665975e-03	19359069.000000	0.000000e+00
3.503598e+00	1.611837e+01	3.661330e-03	19380481.000000	0.000000e+00
3.505592e+00	1.610213e+01	3.654997e-03	19408533.000000	0.000000e+00
3.507587e+00	1.609060e+01	3.649707e-03	19436971.000000	0.000000e+00
3.509582e+00	1.607080e+01	3.644542e-03	19444153.000000	0.000000e+00
3.511577e+00	1.605974e+01	3.638753e-03	19479237.000000	0.000000e+00
3.513572e+00	1.604476e+01	3.633726e-03	19496731.000000	0.000000e+00
3.515566e+00	1.602869e+01	3.628931e-03	19509177.000000	0.000000e+00
3.517561e+00	1.601383e+01	3.621718e-03	19550653.000000	0.000000e+00
3.519555e+00	1.599553e+01	3.617548e-03	19550989.000000	0.000000e+00
3.521551e+00	1.598476e+01	3.609974e-03	19606683.000000	0.000000e+00
3.523545e+00	1.597066e+01	3.609049e-03	19582141.000000	0.000000e+00
3.525538e+00	1.596504e+01	3.603719e-03	19626297.000000	0.000000e+00
3.527533e+00	1.594767e+01	3.597477e-03	19651639.000000	0.000000e+00
3.529529e+00	1.593325e+01	3.590512e-03	19692285.000000	0.000000e+00
3.531524e+00	1.591988e+01	3.588217e-03	19684393.000000	0.000000e+00
3.533518e+00	1.590381e+01	3.581537e-03	19718023.000000	0.000000e+00
3.535513e+00	1.588096e+01	3.574326e-03	19740813.000000	0.000000e+00
3.537507e+00	1.587882e+01	3.572069e-03	19760449.000000	0.000000e+00
3.539501e+00	1.585888e+01	3.567292e-03	19763685.000000	0.000000e+00
3.541495e+00	1.584227e+01	3.558294e-03	19822171.000000	0.000000e+00
3.543491e+00	1.583029e+01	3.554969e-03	19829229.000000	0.000000e+00
3.545486e+00	1.581909e+01	3.549663e-03	19860421.000000	0.000000e+00
3.547481e+00	1.579553e+01	3.543410e-03	19871263.000000	0.000000e+00
3.549475e+00	1.578897e+01	3.539869e-03	19894497.000000	0.000000e+00
3.551470e+00	1.577743e+01	3.535321e-03	19916593.000000	0.000000e+00
3.553464e+00	1.575877e+01	3.528884e-03	19942041.000000	0.000000e+00
3.555459e+00	1.574888e+01	3.524274e-03	19969159.000000	0.000000e+00
3.557454e+00	1.573296e+01	3.520213e-03	19974825.000000	0.000000e+00
3.559448e+00	1.572119e+01	3.514679e-03	20007793.000000	0.000000e+00
3.561443e+00	1.570803e+01	3.508586e-03	20043763.000000	0.000000e+00
3.563438e+00	1.568752e+01	3.504377e-03	20039517.000000	0.000000e+00
3.565431e+00	1.567762e+01	3.499530e-03	20069689.000000	0.000000e+00
3.567426e+00	1.566183e+01	3.492417e-03	20110965.000000	0.000000e+00
3.569422e+00	1.564763e+01	3.487842e-03	20127223.000000	0.000000e+00
3.571417e+00	1.563905e+01	3.485392e-03	20133421.000000	0.000000e+00
3.573410e+00	1.562179e+01	3.480063e-03	20150565.000000	0.000000e+00
3.575404e+00	1.560573e+01	3.472818e-03	20193163.000000	0.000000e+00
3.577400e+00	1.559755e+01	3.468496e-03	20222289.000000	0.000000e+00
3.579395e+00	1.558131e+01	3.464116e-03	20231257.000000	0.000000e+00
3.581389e+00	1.556909e+01	3.460267e-03	20244507.000000	0.000000e+00
3.583384e+00	1.555362e+01	3.453121e-03	20288017.000000	0.000000e+00
3.585379e+00	1.554070e+01	3.448778e-03	20305357.000000	0.000000e+00
3.587373e+00	1.552160e+01	3.443948e-03	20312325.000000	0.000000e+00
3.589367e+00	1.550884e+01	3.438517e-03	20343055.000000	0.000000e+00
3.591361e+00	1.549904e+01	3.434749e-03	20361969.000000	0.000000e+00
3.593356e+00	1.548295e+01	3.427649e-03	20403961.000000	0.000000e+00
3.595352e+00	1.547185e+01	3.423977e-03	20418459.000000	0.000000e+00
3.597346e+00	1.546176e+01	3.421093e-03	20426221.000000	0.000000e+00
3.599341e+00	1.544767e+01	3.414595e-03	20466673.000000	0.000000e+00
3.601336e+00	1.543695e+01	3.411284e-03	20477973.000000	0.000000e+00
3.603330e+00	1.541482e+01	3.404901e-03	20495935.000000	0.000000e+00
3.605324e+00	1.540306e+01	3.398820e-03	20537973.000000	0.000000e+00
3.607319e+00	1.538785e+01	3.394868e-03	20545177.000000	0.000000e+00
3.609314e+00	1.537533e+01	3.389592e-03	20575683.000000	0.000000e+00
3.611308e+00	1.535978e+01	3.385421e-03	20584693.000000	0.000000e+00
3.613303e+00	1.534794e+01	3.379925e-03	20619889.000000	0.000000e+00
3.615297e+00	1.533691e+01	3.375866e-03	20639787.000000	0.000000e+00
3.617292e+00	1.531921e+01	3.369128e-03	20674621.000000	0.000000e+00
3.619287e+00	1.530744e+01	3.365860e-03	20682969.000000	0.000000e+00
3.621282e+00	1.529345e+01	3.360010e-03	20717149.000000	0.000000e+00
3.623277e+00	1.528289e+01	3.357680e-03	20717251.000000	0.000000e+00
3.625271e+00	1.526844e+01	3.351320e-03	20756661.000000	0.000000e+00
3.627266e+00	1.525332e+01	3.345947e-03	20782165.000000	0.000000e+00
3.629261e+00	1.524537e+01	3.342340e-03	20805339.000000	0.000000e+00
3.631256e+00	1.523751e+01	3.339105e-03	20824177.000000	0.000000e+00
3.633250e+00	1.521739e+01	3.333234e-03	20842449.000000	0.000000e+00
3.635244e+00	1.519546e+01	3.326704e-03	20864077.000000	0.000000e+00
3.637239e+00	1.518492e+01	3.321088e-03	20905663.000000	0.000000e+00
3.639234e+00	1.517058e+01	3.318052e-03	20904405.000000	0.000000e+00
3.641229e+00	1.516498e+01	3.313380e-03	20947921.000000	0.000000e+00
3.643224e+00	1.514280e+01	3.307503e-03	20960979.000000	0.000000e+00
3.645218e+00	1.514328e+01	3.306954e-03	20969293.000000	0.000000e+00
3.647212e+00	1.511644e+01	3.297286e-03	21017721.000000	0.000000e+00
3.649207e+00	1.510716e+01	3.295456e-03	21015259.000000	0.000000e+00
3.651201e+00	1.509701e+01	3.290061e-03	21055897.000000	0.000000e+00
3.653196e+00	1.508149e+01	3.283962e-03	21090765.000000	0.000000e+00
3.655191e+00	1.507354e+01	3.282074e-03	21092773.000000	0.000000e+00
3.657186e+00	1.505390e+01	3.274859e-03	21130647.000000	0.000000e+00
3.659181e+00	1.504309e+01	3.272074e-03	21136237.000000	0.000000e+00
3.661175e+00	1.503033e+01	3.266890e-03	21167437.000000	0.000000e+00
3.663170e+00	1.501437e+01	3.261005e-03	21198795.000000	0.000000e+00
3.665165e+00	1.500105e+01	3.257148e-03	21211357.000000	0.000000e+00
3.667159e+00	1.498679e+01	3.252672e-03	21229353.000000	0.000000e+00
3.669154e+00	1.497857e+01	3.247532e-03	21273253.000000	0.000000e+00
3.671149e+00	1.496561e+01	3.244223e-03	21279807.000000	0.000000e+00
3.673144e+00	1.494377e+01	3.237321e-03	21308293.000000	0.000000e+00
3.675138e+00	1.494146e+01	3.236566e-03	21311653.000000	0.000000e+00
3.677132e+00	1.492759e+01	3.229145e-03	21369987.000000	0.000000e+00
3.679127e+00	1.490969e+01	3.225344e-03	21369049.000000	0.000000e+00
3.681122e+00	1.490497e+01	3.221607e-03	21405105.000000	0.000000e+00
3.683116e+00	1.488020e+01	3.216002e-03	21408445.000000	0.000000e+00
3.685111e+00	1.487453e+01	3.210546e-03	21464883.000000	0.000000e+00
3.687106e+00	1.485658e+01	3.207444e-03	21454573.000000	0.000000e+00
3.689099e+00	1.484665e+01	3.203308e-03	21481249.000000	0.000000e+00
3.691094e+00	1.483483e+01	3.196558e-03	21537723.000000	0.000000e+00
3.693090e+00	1.481771e+01	3.193274e-03	21532273.000000	0.000000e+00
3.695084e+00	1.480849e+01	3.188895e-03	21564597.000000	0.000000e+00
3.697079e+00	1.479019e+01	3.183884e-03	21579079.000000	0.000000e+00
3.699073e+00	1.478172e+01	3.179734e-03	21610677.000000	0.000000e+00
3.701068e+00	1.476971e+01	3.176038e-03	21625801.000000	0.000000e+00
3.703063e+00	1.475487e+01	3.169864e-03	21666541.000000	0.000000e+00
3.705057e+00	1.473997e+01	3.166657e-03	21666627.000000	0.000000e+00
3.707052e+00	1.472760e+01	3.160717e-03	21711637.000000	0.000000e+00
3.709047e+00	1.472493e+01	3.159192e-03	21724725.000000	0.000000e+00
3.711042e+00	1.470390e+01	3.152986e-03	21748063.000000	0.000000e+00
3.713036e+00	1.469085e+01	3.148647e-03	21769357.000000	0.000000e+00
3.715031e+00	1.468075e+01	3.144520e-03	21796545.000000	0.000000e+00
3.717025e+00	1.467371e+01	3.142003e-03	21810541.000000	0.000000e+00
3.719020e+00	1.465093e+01	3.133740e-03	21857703.000000	0.000000e+00
3.721015e+00	1.463540e+01	3.130244e-03	21860125.000000	0.000000e+00
3.723010e+00	1.463774e+01	3.128718e-03	21888465.000000	0.000000e+00
3.725004e+00	1.461480e+01	3.122722e-03	21903775.000000	0.000000e+00
3.726998e+00	1.460488e+01	3.118354e-03	21935389.000000	0.000000e+00
3.728992e+00	1.459166e+01	3.113999e-03	21956973.000000	0.000000e+00
3.730987e+00	1.457977e+01	3.109183e-03	21989167.000000	0.000000e+00
3.732983e+00	1.456457e+01	3.104269e-03	22012857.000000	0.000000e+00
3.734977e+00	1.455497e+01	3.100980e-03	22030525.000000	0.000000e+00
3.736972e+00	1.453525e+01	3.096032e-03	22041165.000000	0.000000e+00
3.738966e+00	1.452544e+01	3.090189e-03	22094719.000000	0.000000e+00
3.740961e+00	1.451249e+01	3.087995e-03	22086685.000000	0.000000e+00
3.742956e+00	1.450183e+01	3.082770e-03	22129077.000000	0.000000e+00
3.744950e+00	1.449161e+01	3.079584e-03	22143655.000000	0.000000e+00
3.746945e+00	1.447906e+01	3.074759e-03	22174737.000000	0.000000e+00
3.748939e+00	1.446536e+01	3.070878e-03	22188769.000000	0.000000e+00
3.750934e+00	1.445385e+01	3.066288e-03	22219833.000000	0.000000e+00
3.752929e+00	1.444263e+01	3.061925e-03	22248655.000000	0.000000e+00
3.754924e+00	1.442700e+01	3.057106e-03	22270549.000000	0.000000e+00
3.756919e+00	1.441884e+01	3.054392e-03	22284933.000000	0.000000e+00
3.758913e+00	1.440379e+01	3.049614e-03	22308175.000000	0.000000e+00
3.760907e+00	1.439116e+01	3.045451e-03	22329969.000000	0.000000e+00
3.762902e+00	1.437983e+01	3.040052e-03	22374097.000000	0.000000e+00
3.764897e+00	1.436719e+01	3.037358e-03	22374433.000000	0.000000e+00
3.766891e+00	1.434785e+01	3.030450e-03	22416063.000000	0.000000e+00
3.768886e+00	1.434560e+01	3.028819e-03	22433173.000000	0.000000e+00
3.770881e+00	1.432806e+01	3.023796e-03	22452765.000000	0.000000e+00
3.772875e+00	1.431763e+01	3.019683e-03	22481191.000000	0.000000e+00
3.774870e+00	1.430146e+01	3.015109e-03	22498545.000000	0.000000e+00
3.776865e+00	1.428847e+01	3.009797e-03	22537057.000000	0.000000e+00
3.778860e+00	1.427950e+01	3.007658e-03	22540783.000000	0.000000e+00
3.780854e+00	1.426838e+01	3.002884e-03	22577325.000000	0.000000e+00
3.782848e+00	1.425618e+01	2.999106e-03	22595521.000000	0.000000e+00
3.784843e+00	1.424331e+01	2.994798e-03	22619709.000000	0.000000e+00
3.786838e+00	1.423346e+01	2.990574e-03	22652263.000000	0.000000e+00
3.788833e+00	1.422142e+01	2.986590e-03	22674345.000000	0.000000e+00
3.790827e+00	1.421583e+01	2.984536e-03	22687717.000000	0.000000e+00
3.792822e+00	1.419695e+01	2.978319e-03	22722043.000000	0.000000e+00
3.794817e+00	1.417767e+01	2.972998e-03	22741581.000000	0.000000e+00
3.796811e+00	1.416868e+01	2.970163e-03	22756117.000000	0.000000e+00
3.798806e+00	1.416213e+01	2.966409e-03	22792665.000000	0.000000e+00
3.800801e+00	1.414560e+01	2.961158e-03	22820191.000000	0.000000e+00
3.802795e+00	1.412856e+01	2.956849e-03	22831677.000000	0.000000e+00
3.804790e+00	1.413120e+01	2.954874e-03	22870729.000000	0.000000e+00
3.806785e+00	1.411369e+01	2.950901e-03	22875571.000000	0.000000e+00
3.808779e+00	1.410062e+01	2.946014e-03	22909041.000000	0.000000e+00
3.810773e+00	1.408722e+01	2.942189e-03	22925017.000000	0.000000e+00
3.812767e+00	1.407293e+01	2.937219e-03	22956015.000000	0.000000e+00
3.814763e+00	1.406438e+01	2.932274e-03	23005513.000000	0.000000e+00
3.816759e+00	1.404914e+01	2.929423e-03	23000377.000000	0.000000e+00
3.818753e+00	1.403774e+01	2.925305e-03	23027781.000000	0.000000e+00
3.820747e+00	1.402446e+01	2.921256e-03	23047987.000000	0.000000e+00
3.822742e+00	1.401771e+01	2.918019e-03	23076933.000000	0.000000e+00
3.824736e+00	1.400141e+01	2.912950e-03	23103493.000000	0.000000e+00
3.826731e+00	1.399455e+01	2.910058e-03	23126751.000000	0.000000e+00
3.828726e+00	1.397865e+01	2.905056e-03	23153761.000000	0.000000e+00
3.830721e+00	1.396850e+01	2.902186e-03	23165905.000000	0.000000e+00
3.832715e+00	1.395298e+01	2.896797e-03	23200521.000000	0.000000e+00
3.834709e+00	1.394339e+01	2.893934e-03	23214523.000000	0.000000e+00
3.836704e+00	1.393435e+01	2.890085e-03	23246205.000000	0.000000e+00
3.838699e+00	1.391482e+01	2.883358e-03	23289385.000000	0.000000e+00
3.840694e+00	1.390887e+01	2.882444e-03	23284227.000000	0.000000e+00
3.842689e+00	1.389606e+01	2.877345e-03	23323801.000000	0.000000e+00
3.844683e+00	1.388163e+01	2.874177e-03	23326717.000000	0.000000e+00
3.846677e+00	1.387343e+01	2.870044e-03	23366331.000000	0.000000e+00
3.848672e+00	1.385815e+01	2.864843e-03	23399605.000000	0.000000e+00
3.850666e+00	1.384779e+01	2.861959e-03	23411769.000000	0.000000e+00
3.852661e+00	1.383760e+01	2.857332e-03	23453077.000000	0.000000e+00
3.854656e+00	1.383046e+01	2.855316e-03	23461999.000000	0.000000e+00
3.856651e+00	1.380664e+01	2.848714e-03	23489757.000000	0.000000e+00
3.858646e+00	1.379912e+01	2.845557e-03	23516269.000000	0.000000e+00
3.860640e+00	1.379135e+01	2.843125e-03	23529987.000000	0.000000e+00
3.862635e+00	1.377518e+01	2.837206e-03	23572873.000000	0.000000e+00
3.864630e+00	1.376360e+01	2.834409e-03	23579733.000000	0.000000e+00
3.866624e+00	1.374780e+01	2.829817e-03	23602045.000000	0.000000e+00
3.868618e+00	1.374551e+01	2.827748e-03	23628715.000000	0.000000e+00
3.870612e+00	1.373144e+01	2.823255e-03	23655513.000000	0.000000e+00
3.872607e+00	1.372137e+01	2.818867e-03	23694385.000000	0.000000e+00
3.874602e+00	1.371172e+01	2.816211e-03	23705739.000000	0.000000e+00
3.876597e+00	1.369838e+01	2.812162e-03	23727805.000000	0.000000e+00
3.878591e+00	1.368424e+01	2.807368e-03	23759793.000000	0.000000e+00
3.880586e+00	1.367810e+01	2.804580e-03	23785693.000000	0.000000e+00
3.882581e+00	1.366254e+01	2.800856e-03	23794759.000000	0.000000e+00
3.884575e+00	1.365137e+01	2.796429e-03	23831157.000000	0.000000e+00
3.886570e+00	1.363784e+01	2.791975e-03	23859877.000000	0.000000e+00
3.888564e+00	1.362966e+01	2.789744e-03	23869407.000000	0.000000e+00
3.890559e+00	1.361479e+01	2.784126e-03	23913565.000000	0.000000e+00
3.892554e+00	1.360562e+01	2.781857e-03	23920329.000000	0.000000e+00
3.894548e+00	1.359369e+01	2.777579e-03	23952007.000000	0.000000e+00
3.896543e+00	1.358425e+01	2.773401e-03	23990869.000000	0.000000e+00
3.898539e+00	1.356856e+01	2.769356e-03	24005469.000000	0.000000e+00
3.900533e+00	1.356059e+01	2.766712e-03	24023101.000000	0.000000e+00
3.902527e+00	1.354750e+01	2.763274e-03	24036459.000000	0.000000e+00
3.904521e+00	1.353730e+01	2.758774e-03	24078613.000000	0.000000e+00
3.906516e+00	1.352229e+01	2.754765e-03	24095245.000000	0.000000e+00
3.908511e+00	1.351310e+01	2.750977e-03	24128823.000000	0.000000e+00
3.910506e+00	1.350165e+01	2.747366e-03	24151321.000000	0.000000e+00
3.912500e+00	1.348691e+01	2.742802e-03	24178881.000000	0.000000e+00
3.914495e+00	1.347744e+01	2.740223e-03	24190405.000000	0.000000e+00
3.916490e+00	1.346849e+01	2.735548e-03	24240927.000000	0.000000e+00
3.918485e+00	1.345946e+01	2.734436e-03	24228121.000000	0.000000e+00
3.920479e+00	1.344223e+01	2.727884e-03	24282373.000000	0.000000e+00
3.922474e+00	1.343642e+01	2.726106e-03	24293031.000000	0.000000e+00
3.924468e+00	1.342284e+01	2.721450e-03	24326965.000000	0.000000e+00
3.926463e+00	1.341501e+01	2.718657e-03	24348549.000000	0.000000e+00
3.928458e+00	1.340119e+01	2.714978e-03	24364303.000000	0.000000e+00
3.930452e+00	1.339016e+01	2.710792e-03	24399405.000000	0.000000e+00
3.932447e+00	1.337611e+01	2.706203e-03	24430885.000000	0.000000e+00
3.934442e+00	1.336887e+01	2.704299e-03	24438793.000000	0.000000e+00
3.936436e+00	1.335896e+01	2.700913e-03	24463803.000000	0.000000e+00
3.938431e+00	1.334208e+01	2.695471e-03	24500641.000000	0.000000e+00
3.940426e+00	1.333458e+01	2.692687e-03	24523773.000000	0.000000e+00
3.942420e+00	1.332589e+01	2.690075e-03	24539371.000000	0.000000e+00
3.944415e+00	1.330919e+01	2.684184e-03	24585465.000000	0.000000e+00
3.946410e+00	1.329873e+01	2.681806e-03	24590401.000000	0.000000e+00
3.948405e+00	1.329021e+01	2.678601e-03	24617713.000000	0.000000e+00
3.950399e+00	1.327932e+01	2.675208e-03	24639759.000000	0.000000e+00
3.952394e+00	1.326400e+01	2.670030e-03	24678409.000000	0.000000e+00
3.954389e+00	1.325454e+01	2.667856e-03	24683385.000000	0.000000e+00
3.956383e+00	1.324177e+01	2.663004e-03	24725695.000000	0.000000e+00
3.958378e+00	1.322784e+01	2.659440e-03	24739873.000000	0.000000e+00
3.960372e+00	1.322236e+01	2.656474e-03	24774609.000000	0.000000e+00
3.962367e+00	1.321118e+01	2.653849e-03	24781705.000000	0.000000e+00
3.964362e+00	1.319960e+01	2.648954e-03	24829767.000000	0.000000e+00
3.966356e+00	1.318972e+01	2.647216e-03	24825169.000000	0.000000e+00
3.968350e+00	1.317987e+01	2.642474e-03	24877149.000000	0.000000e+00
3.970345e+00	1.317071e+01	2.639951e-03	24890107.000000	0.000000e+00
3.972339e+00	1.315818e+01	2.636005e-03	24917209.000000	0.000000e+00
3.974335e+00	1.314510e+01	2.630851e-03	24965205.000000	0.000000e+00
3.976330e+00	1.313828e+01	2.629724e-03	24960679.000000	0.000000e+00
3.978324e+00	1.312400e+01	2.625027e-03	24995673.000000	0.000000e+00
3.980319e+00	1.310995e+01	2.620953e-03	25019785.000000	0.000000e+00
3.982314e+00	1.310495e+01	2.618515e-03	25047261.000000	0.000000e+00
3.984308e+00	1.308898e+01	2.614538e-03	25062331.000000	0.000000e+00
3.986303e+00	1.307948e+01	2.610868e-03	25096405.000000	0.000000e+00
3.988297e+00	1.306746e+01	2.607365e-03	25117617.000000	0.000000e+00
3.990292e+00	1.305942e+01	2.603812e-03	25155235.000000	0.000000e+00
3.992287e+00	1.304612e+01	2.600835e-03	25161549.000000	0.000000e+00
3.994282e+00	1.303807e+01	2.596691e-03	25210777.000000	0.000000e+00
3.996277e+00	1.302653e+01	2.594336e-03	25211857.000000	0.000000e+00
3.998271e+00	1.301331e+01	2.590000e-03	25245027.000000	0.000000e+00
4.000266e+00	1.300523e+01	2.587243e-03	25267477.000000	0.000000e+00
4.002260e+00	1.299584e+01	2.584090e-03	25292613.000000	0.000000e+00
4.004253e+00	1.298206e+01	2.581671e-03	25286287.000000	0.000000e+00
4.006248e+00	1.297408e+01	2.575740e-03	25371669.000000	0.000000e+00
4.008243e+00	1.296117e+01	2.573117e-03	25372837.000000	0.000000e+00
4.010238e+00	1.295157e+01	2.569474e-03	25407151.000000	0.000000e+00
4.012233e+00	1.293746e+01	2.566862e-03	25403469.000000	0.000000e+00
4.014227e+00	1.292740e+01	2.561597e-03	25468357.000000	0.000000e+00
4.016223e+00	1.291879e+01	2.559914e-03	25467885.000000	0.000000e+00
4.018217e+00	1.290639e+01	2.556438e-03	25488199.000000	0.000000e+00
4.020211e+00	1.289924e+01	2.552869e-03	25531185.000000	0.000000e+00
4.022206e+00	1.288252e+01	2.548673e-03	25548985.000000	0.000000e+00
4.024201e+00	1.287475e+01	2.545880e-03	25574179.000000	0.000000e+00
4.026196e+00	1.286386e+01	2.541701e-03	25614957.000000	0.000000e+00
4.028191e+00	1.285631e+01	2.540465e-03	25609801.000000	0.000000e+00
4.030185e+00	1.283870e+01	2.535262e-03	25644633.000000	0.000000e+00
4.032179e+00	1.283149e+01	2.532501e-03	25671715.000000	0.000000e+00
4.034174e+00	1.281808e+01	2.527713e-03	25715229.000000	0.000000e+00
4.036169e+00	1.280892e+01	2.526333e-03	25706569.000000	0.000000e+00
4.038163e+00	1.280188e+01	2.522372e-03	25759027.000000	0.000000e+00
4.040158e+00	1.279163e+01	2.519327e-03	25779969.000000	0.000000e+00
4.042153e+00	1.278259e+01	2.515985e-03	25811977.000000	0.000000e+00
4.044147e+00	1.277162e+01	2.513808e-03	25812345.000000	0.000000e+00
4.046141e+00	1.275641e+01	2.508842e-03	25852951.000000	0.000000e+00
4.048136e+00	1.274536e+01	2.505001e-03	25887373.000000	0.000000e+00
4.050131e+00	1.273692e+01	2.502295e-03	25909077.000000	0.000000e+00
4.052126e+00	1.273085e+01	2.501001e-03	25911163.000000	0.000000e+00
4.054120e+00	1.271356e+01	2.494513e-03	25975425.000000	0.000000e+00
4.056116e+00	1.271136e+01	2.493981e-03	25977517.000000	0.000000e+00
4.058110e+00	1.269521e+01	2.489349e-03	26008095.000000	0.000000e+00
4.060105e+00	1.268206e+01	2.485556e-03	26033497.000000	0.000000e+00
4.062100e+00	1.267426e+01	2.482676e-03	26061841.000000	0.000000e+00
4.064094e+00	1.265838e+01	2.478752e-03	26078937.000000	0.000000e+00
4.066089e+00	1.265635e+01	2.477183e-03	26103607.000000	0.000000e+00
4.068083e+00	1.264657e+01	2.473899e-03	26132529.000000	0.000000e+00
4.070078e+00	1.263024e+01	2.469238e-03	26163589.000000	0.000000e+00
4.072073e+00	1.262547e+01	2.467018e-03	26190903.000000	0.000000e+00
4.074068e+00	1.261213e+01	2.463218e-03	26216293.000000	0.000000e+00
4.076062e+00	1.259841e+01	2.459767e-03	26232745.000000	0.000000e+00
4.078057e+00	1.259276e+01	2.457376e-03	26260245.000000	0.000000e+00
4.080051e+00	1.258417e+01	2.454043e-03	26295691.000000	0.000000e+00
4.082046e+00	1.257260e+01	2.451483e-03	26302197.000000	0.000000e+00
4.084040e+00	1.256502e+01	2.448224e-03	26340493.000000	0.000000e+00
4.086035e+00	1.255145e+01	2.444494e-03	26363919.000000	0.000000e+00
4.088030e+00	1.253818e+01	2.440243e-03	26399941.000000	0.000000e+00
4.090024e+00	1.253022e+01	2.437873e-03	26417737.000000	0.000000e+00
4.092019e+00	1.252017e+01	2.435089e-03	26435703.000000	0.000000e+00
4.094014e+00	1.251323e+01	2.431287e-03	26489077.000000	0.000000e+00
4.096009e+00	1.250167e+01	2.428822e-03	26493801.000000	0.000000e+00
4.098004e+00	1.248826e+01	2.425601e-03	26507281.000000	0.000000e+00
4.099998e+00	1.247974e+01	2.422250e-03	26544427.000000	0.000000e+00
4.101992e+00	1.246621e+01	2.418000e-03	26580069.000000	0.000000e+00
4.103987e+00	1.246384e+01	2.417401e-03	26583157.000000	0.000000e+00
4.105981e+00	1.244697e+01	2.412184e-03	26626047.000000	0.000000e+00
4.107975e+00	1.243876e+01	2.410210e-03	26634493.000000	0.000000e+00
4.109970e+00	1.242857e+01	2.404915e-03	26708097.000000	0.000000e+00
4.111966e+00	1.241734e+01	2.403785e-03	26684929.000000	0.000000e+00
4.113960e+00	1.241225e+01	2.400472e-03	26736703.000000	0.000000e+00
4.115955e+00	1.239629e+01	2.397159e-03	26741733.000000	0.000000e+00
4.117949e+00	1.238720e+01	2.393580e-03	26782477.000000	0.000000e+00
4.119944e+00	1.237429e+01	2.389488e-03	26818275.000000	0.000000e+00
4.121939e+00	1.236648e+01	2.387528e-03	26828425.000000	0.000000e+00
4.123934e+00	1.235936e+01	2.384985e-03	26854737.000000	0.000000e+00
4.125928e+00	1.234859e+01	2.381953e-03	26876227.000000	0.000000e+00
4.127923e+00	1.233554e+01	2.377539e-03	26919133.000000	0.000000e+00
4.129917e+00	1.232859e+01	2.375882e-03	26926329.000000	0.000000e+00
4.131911e+00	1.231785e+01	2.372871e-03	26947681.000000	0.000000e+00
4.133907e+00	1.230052e+01	2.366222e-03	27023151.000000	0.000000e+00
4.135902e+00	1.229771e+01	2.367158e-03	26989441.000000	0.000000e+00
4.137896e+00	1.229213e+01	2.363770e-03	27042297.000000	0.000000e+00
4.139890e+00	1.228113e+01	2.360511e-03	27068539.000000	0.000000e+00
4.141885e+00	1.226524e+01	2.356361e-03	27093709.000000	0.000000e+00
4.143880e+00	1.225517e+01	2.353407e-03	27117213.000000	0.000000e+00
4.145874e+00	1.224939e+01	2.351450e-03	27136741.000000	0.000000e+00
4.147868e+00	1.223624e+01	2.347797e-03	27162831.000000	0.000000e+00
4.149863e+00	1.222765e+01	2.344729e-03	27195709.000000	0.000000e+00
4.151858e+00	1.222323e+01	2.342165e-03	27235609.000000	0.000000e+00
4.153853e+00	1.220791e+01	2.338682e-03	27248355.000000	0.000000e+00
4.155848e+00	1.219805e+01	2.335996e-03	27266965.000000	0.000000e+00
4.157843e+00	1.219071e+01	2.332278e-03	27321021.000000	0.000000e+00
4.159838e+00	1.217709e+01	2.329984e-03	27313741.000000	0.000000e+00
4.161832e+00	1.216800e+01	2.326288e-03	27359715.000000	0.000000e+00
4.163826e+00	1.215857e+01	2.324408e-03	27361537.000000	0.000000e+00
4.165821e+00	1.214720e+01	2.320067e-03	27412681.000000	0.000000e+00
4.167815e+00	1.213765e+01	2.317470e-03	27430935.000000	0.000000e+00
4.169810e+00	1.212749e+01	2.314497e-03	27455473.000000	0.000000e+00
4.171805e+00	1.211816e+01	2.311256e-03	27490173.000000	0.000000e+00
4.173799e+00	1.211222e+01	2.309488e-03	27505303.000000	0.000000e+00
4.175794e+00	1.209420e+01	2.304510e-03	27542133.000000	0.000000e+00
4.177789e+00	1.208921e+01	2.302652e-03	27563809.000000	0.000000e+00
4.179783e+00	1.208028e+01	2.300231e-03	27581053.000000	0.000000e+00
4.181777e+00	1.207377e+01	2.297809e-03	27609483.000000	0.000000e+00
4.183772e+00	1.205718e+01	2.293105e-03	27646717.000000	0.000000e+00
4.185767e+00	1.205268e+01	2.290771e-03	27682413.000000	0.000000e+00
4.187762e+00	1.204123e+01	2.287917e-03	27698803.000000	0.000000e+00
4.189757e+00	1.203194e+01	2.285377e-03	27717601.000000	0.000000e+00
4.191752e+00	1.202005e+01	2.281743e-03	27751041.000000	0.000000e+00
4.193746e+00	1.201018e+01	2.279578e-03	27758137.000000	0.000000e+00
4.195740e+00	1.200108e+01	2.275637e-03	27812163.000000	0.000000e+00
4.197735e+00	1.199252e+01	2.273736e-03	27818965.000000	0.000000e+00
4.199730e+00	1.198202e+01	2.269698e-03	27869145.000000	0.000000e+00
4.201725e+00	1.197185e+01	2.267409e-03	27878047.000000	0.000000e+00
4.203719e+00	1.196389e+01	2.265057e-03	27898897.000000	0.000000e+00
4.205714e+00	1.195317e+01	2.261734e-03	27930753.000000	0.000000e+00
4.207708e+00	1.194846e+01	2.259805e-03	27956443.000000	0.000000e+00
4.209703e+00	1.193549e+01	2.255923e-03	27991869.000000	0.000000e+00
4.211698e+00	1.192254e+01	2.252487e-03	28016437.000000	0.000000e+00
4.213693e+00	1.191534e+01	2.250390e-03	28034805.000000	0.000000e+00
4.215687e+00	1.190661e+01	2.247566e-03	28064131.000000	0.000000e+00
4.217682e+00	1.189341e+01	2.243717e-03	28098073.000000	0.000000e+00
4.219677e+00	1.188242e+01	2.240978e-03	28114785.000000	0.000000e+00
4.221671e+00	1.188215e+01	2.239712e-03	28145263.000000	0.000000e+00
4.223666e+00	1.186620e+01	2.235594e-03	28173285.000000	0.000000e+00
4.225660e+00	1.185936e+01	2.233264e-03	28199569.000000	0.000000e+00
4.227655e+00	1.184855e+01	2.230537e-03	28217061.000000	0.000000e+00
4.229649e+00	1.183866e+01	2.227189e-03	28254715.000000	0.000000e+00
4.231644e+00	1.182750e+01	2.224377e-03	28272817.000000	0.000000e+00
4.233639e+00	1.181826e+01	2.220789e-03	28319949.000000	0.000000e+00
4.235634e+00	1.180946e+01	2.218536e-03	28335259.000000	0.000000e+00
4.237629e+00	1.180191e+01	2.216594e-03	28348629.000000	0.000000e+00
4.239623e+00	1.179074e+01	2.213091e-03	28384657.000000	0.000000e+00
4.241617e+00	1.178012e+01	2.210440e-03	28401565.000000	0.000000e+00
4.243612e+00	1.177446e+01	2.207230e-03	28456851.000000	0.000000e+00
4.245607e+00	1.176391e+01	2.205111e-03	28460485.000000	0.000000e+00
4.247601e+00	1.175455e+01	2.202240e-03	28489353.000000	0.000000e+00
4.249596e+00	1.174468e+01	2.198883e-03	28528459.000000	0.000000e+00
4.251591e+00	1.173536e+01	2.196895e-03	28534761.000000	0.000000e+00
4.253586e+00	1.172458e+01	2.192922e-03	28585681.000000	0.000000e+00
4.255580e+00	1.171548e+01	2.191190e-03	28586419.000000	0.000000e+00
4.257575e+00	1.170994e+01	2.188269e-03	28635729.000000	0.000000e+00
4.259570e+00	1.169522e+01	2.184849e-03	28653253.000000	0.000000e+00
4.261565e+00	1.168766e+01	2.182132e-03	28687521.000000	0.000000e+00
4.263559e+00	1.167818e+01	2.179955e-03	28698235.000000	0.000000e+00
4.265554e+00	1.167309e+01	2.177679e-03	28733193.000000	0.000000e+00
4.267548e+00	1.166009e+01	2.174172e-03	28761793.000000	0.000000e+00
4.269543e+00	1.165592e+01	2.172824e-03	28776907.000000	0.000000e+00
4.271537e+00	1.164231e+01	2.169382e-03	28800933.000000	0.000000e+00
4.273532e+00	1.163321e+01	2.165156e-03	28868281.000000	0.000000e+00
4.275527e+00	1.162431e+01	2.164108e-03	28852017.000000	0.000000e+00
4.277521e+00	1.161827e+01	2.161399e-03	28894351.000000	0.000000e+00
4.279515e+00	1.160583e+01	2.158217e-03	28917597.000000	0.000000e+00
4.281510e+00	1.159209e+01	2.153869e-03	28965769.000000	0.000000e+00
4.283505e+00	1.158739e+01	2.153167e-03	28961143.000000	0.000000e+00
4.285500e+00	1.157611e+01	2.149143e-03	29013141.000000	0.000000e+00
4.287494e+00	1.156898e+01	2.147281e-03	29027665.000000	0.000000e+00
4.289489e+00	1.155846e+01	2.144642e-03	29046267.000000	0.000000e+00
4.291483e+00	1.154909e+01	2.141245e-03	29091253.000000	0.000000e+00
4.293478e+00	1.154390e+01	2.139199e-03	29120749.000000	0.000000e+00
4.295473e+00	1.153250e+01	2.136872e-03	29126589.000000	0.000000e+00
4.297468e+00	1.151842e+01	2.132138e-03	29184715.000000	0.000000e+00
4.299463e+00	1.151747e+01	2.132111e-03	29180613.000000	0.000000e+00
4.301457e+00	1.150416e+01	2.128350e-03	29216173.000000	0.000000e+00
4.303452e+00	1.149407e+01	2.125043e-03	29255811.000000	0.000000e+00
4.305447e+00	1.148312e+01	2.122734e-03	29263669.000000	0.000000e+00
4.307441e+00	1.148274e+01	2.121278e-03	29301901.000000	0.000000e+00
4.309436e+00	1.146895e+01	2.117904e-03	29324817.000000	0.000000e+00
4.311431e+00	1.145727e+01	2.114190e-03	29367991.000000	0.000000e+00
4.313425e+00	1.145009e+01	2.113126e-03	29360745.000000	0.000000e+00
4.315419e+00	1.143984e+01	2.109255e-03	29415889.000000	0.000000e+00
4.317414e+00	1.143147e+01	2.106836e-03	29440347.000000	0.000000e+00
4.319409e+00	1.142220e+01	2.104276e-03	29464129.000000	0.000000e+00
4.321403e+00	1.141905e+01	2.102863e-03	29487505.000000	0.000000e+00
4.323398e+00	1.140291e+01	2.098686e-03	29521347.000000	0.000000e+00
4.325392e+00	1.139258e+01	2.096384e-03	29532625.000000	0.000000e+00
4.327387e+00	1.138652e+01	2.093484e-03	29583021.000000	0.000000e+00
4.329382e+00	1.137763e+01	2.091314e-03	29598193.000000	0.000000e+00
4.331376e+00	1.136952e+01	2.088837e-03	29626155.000000	0.000000e+00
4.333371e+00	1.135760e+01	2.085792e-03	29650429.000000	0.000000e+00
4.335366e+00	1.134852e+01	2.082201e-03	29705233.000000	0.000000e+00
4.337361e+00	1.134513e+01	2.082080e-03	29690931.000000	0.000000e+00
4.339355e+00	1.133177e+01	2.077863e-03	29741425.000000	0.000000e+00
4.341350e+00	1.132313e+01	2.075040e-03	29776977.000000	0.000000e+00
4.343345e+00	1.131996e+01	2.074315e-03	29781097.000000	0.000000e+00
4.345339e+00	1.130596e+01	2.070768e-03	29809303.000000	0.000000e+00
4.347334e+00	1.129594e+01	2.067417e-03	29853057.000000	0.000000e+00
4.349329e+00	1.128891e+01	2.065230e-03	29879089.000000	0.000000e+00
4.351324e+00	1.128102e+01	2.062715e-03	29910135.000000	0.000000e+00
4.353319e+00	1.127147e+01	2.060927e-03	29911345.000000	0.000000e+00
4.355313e+00	1.126171e+01	2.057180e-03	29968461.000000	0.000000e+00
4.357308e+00	1.125489e+01	2.055780e-03	29972941.000000	0.000000e+00
4.359302e+00	1.124174e+01	2.052432e-03	30000571.000000	0.000000e+00
4.361296e+00	1.123653e+01	2.050289e-03	30035481.000000	0.000000e+00
4.363291e+00	1.122790e+01	2.047372e-03	30074845.000000	0.000000e+00
4.365286e+00	1.121639e+01	2.044775e-03	30089547.000000	0.000000e+00
4.367280e+00	1.120823e+01	2.042083e-03	30125041.000000	0.000000e+00
4.369275e+00	1.119907e+01	2.039545e-03	30150669.000000	0.000000e+00
4.371269e+00	1.118767e+01	2.037223e-03	30157987.000000	0.000000e+00
4.373264e+00	1.118331e+01	2.034476e-03	30215917.000000	0.000000e+00
4.375259e+00	1.117307e+01	2.032514e-03	30218865.000000	0.000000e+00
4.377253e+00	1.116264e+01	2.029083e-03	30264553.000000	0.000000e+00
4.379248e+00	1.115505e+01	2.026945e-03	30287211.000000	0.000000e+00
4.381243e+00	1.115007e+01	2.025140e-03	30314149.000000	0.000000e+00
4.383238e+00	1.114013e+01	2.022325e-03	30344413.000000	0.000000e+00
4.385232e+00	1.113007e+01	2.019712e-03	30368079.000000	0.000000e+00
4.387227e+00	1.112078e+01	2.016693e-03	30408229.000000	0.000000e+00
4.389222e+00	1.111215e+01	2.014944e-03	30413769.000000	0.000000e+00
4.391216e+00	1.110506e+01	2.012600e-03	30445753.000000	0.000000e+00
4.393210e+00	1.109886e+01	2.010842e-03	30464967.000000	0.000000e+00
4.395205e+00	1.108421e+01	2.006307e-03	30522133.000000	0.000000e+00
4.397200e+00	1.107461e+01	2.004304e-03	30530221.000000	0.000000e+00
4.399195e+00	1.107071e+01	2.002320e-03	30569211.000000	0.000000e+00
4.401189e+00	1.105922e+01	1.999874e-03	30580465.000000	0.000000e+00
4.403184e+00	1.105248e+01	1.997481e-03	30616389.000000	0.000000e+00
4.405178e+00	1.104089e+01	1.994333e-03	30648727.000000	0.000000e+00
4.407173e+00	1.103232e+01	1.992047e-03	30671433.000000	0.000000e+00
4.409168e+00	1.102398e+01	1.989394e-03	30706837.000000	0.000000e+00
4.411162e+00	1.101294e+01	1.986816e-03	30724921.000000	0.000000e+00
4.413157e+00	1.101006e+01	1.985443e-03	30751371.000000	0.000000e+00
4.415151e+00	1.099852e+01	1.982210e-03	30787141.000000	0.000000e+00
4.417146e+00	1.099041e+01	1.979559e-03	30824121.000000	0.000000e+00
4.419141e+00	1.098549e+01	1.978643e-03	30825067.000000	0.000000e+00
4.421136e+00	1.097167e+01	1.974411e-03	30879525.000000	0.000000e+00
4.423130e+00	1.096363e+01	1.972575e-03	30891685.000000	0.000000e+00
4.425125e+00	1.095659e+01	1.970597e-03	30913969.000000	0.000000e+00
4.427119e+00	1.094736e+01	1.967283e-03	30966003.000000	0.000000e+00
4.429114e+00	1.094175e+01	1.966485e-03	30959365.000000	0.000000e+00
4.431109e+00	1.093619e+01	1.963214e-03	31031097.000000	0.000000e+00
4.433104e+00	1.092080e+01	1.960519e-03	31028923.000000	0.000000e+00
4.435098e+00	1.091401e+01	1.958216e-03	31063297.000000	0.000000e+00
4.437093e+00	1.090722e+01	1.956407e-03	31082025.000000	0.000000e+00
4.439087e+00	1.089593e+01	1.952907e-03	31129009.000000	0.000000e+00
4.441082e+00	1.088999e+01	1.951694e-03	31133763.000000	0.000000e+00
4.443076e+00	1.087693e+01	1.948123e-03	31173133.000000	0.000000e+00
4.445071e+00	1.087220e+01	1.946055e-03	31212249.000000	0.000000e+00
4.447066e+00	1.086887e+01	1.944379e-03	31246891.000000	0.000000e+00
4.449061e+00	1.085639e+01	1.942403e-03	31238653.000000	0.000000e+00
4.451055e+00	1.084555e+01	1.938513e-03	31301565.000000	0.000000e+00
4.453050e+00	1.083474e+01	1.936778e-03	31295143.000000	0.000000e+00
4.455044e+00	1.082847e+01	1.933719e-03	31357917.000000	0.000000e+00
4.457039e+00	1.082109e+01	1.932072e-03	31368625.000000	0.000000e+00
4.459034e+00	1.081266e+01	1.929556e-03	31401489.000000	0.000000e+00
4.461029e+00	1.080566e+01	1.927144e-03	31439371.000000	0.000000e+00
4.463024e+00	1.079446e+01	1.924881e-03	31448065.000000	0.000000e+00
4.465018e+00	1.078928e+01	1.922954e-03	31480869.000000	0.000000e+00
4.467013e+00	1.077996e+01	1.920093e-03	31520287.000000	0.000000e+00
4.469008e+00	1.076851e+01	1.917916e-03	31524765.000000	0.000000e+00
4.471002e+00	1.076095e+01	1.914689e-03	31586737.000000	0.000000e+00
4.472997e+00	1.075695e+01	1.914428e-03	31571841.000000	0.000000e+00
4.474991e+00	1.074372e+01	1.910323e-03	31629763.000000	0.000000e+00
4.476985e+00	1.073916e+01	1.909001e-03	31646713.000000	0.000000e+00
4.478981e+00	1.072980e+01	1.905778e-03	31698477.000000	0.000000e+00
4.480975e+00	1.072100e+01	1.904115e-03	31701811.000000	0.000000e+00
4.482970e+00	1.071254e+01	1.901156e-03	31750425.000000	0.000000e+00
4.484965e+00	1.070648e+01	1.899944e-03	31755001.000000	0.000000e+00
4.486959e+00	1.069767e+01	1.897479e-03	31785187.000000	0.000000e+00
4.488954e+00	1.068692e+01	1.894398e-03	31824621.000000	0.000000e+00
4.490948e+00	1.068152e+01	1.892576e-03	31853641.000000	0.000000e+00
4.492943e+00	1.067102e+01	1.890083e-03	31874997.000000	0.000000e+00
4.494937e+00	1.066383e+01	1.888236e-03	31894351.000000	0.000000e+00
4.496932e+00	1.065210e+01	1.884223e-03	31959957.000000	0.000000e+00
4.498927e+00	1.064465e+01	1.883054e-03	31954873.000000	0.000000e+00
4.500922e+00	1.063556e+01	1.880140e-03	31999303.000000	0.000000e+00
4.502916e+00	1.063191e+01	1.879238e-03	32008005.000000	0.000000e+00
4.504911e+00	1.062305e+01	1.876123e-03	32060881.000000	0.000000e+00
4.506906e+00	1.061346e+01	1.874187e-03	32069169.000000	0.000000e+00
4.508901e+00	1.060446e+01	1.871149e-03	32118883.000000	0.000000e+00
4.510896e+00	1.059766e+01	1.869571e-03	32131869.000000	0.000000e+00
4.512890e+00	1.058984e+01	1.867432e-03	32158033.000000	0.000000e+00
4.514884e+00	1.058329e+01	1.865501e-03	32184751.000000	0.000000e+00
4.516879e+00	1.057308e+01	1.862594e-03	32223045.000000	0.000000e+00
4.518874e+00	1.056436e+01	1.860563e-03	32240209.000000	0.000000e+00
4.520868e+00	1.055566e+01	1.858174e-03	32269911.000000	0.000000e+00
4.522862e+00	1.055234e+01	1.856420e-03	32310613.000000	0.000000e+00
4.524857e+00	1.053983e+01	1.853441e-03	32337705.000000	0.000000e+00
4.526852e+00	1.053733e+01	1.852661e-03	32349649.000000	0.000000e+00
4.528846e+00	1.052715e+01	1.849592e-03	32394403.000000	0.000000e+00
4.530841e+00	1.051599e+01	1.846761e-03	32424945.000000	0.000000e+00
4.532836e+00	1.050785e+01	1.844308e-03	32460913.000000	0.000000e+00
4.534831e+00	1.049946e+01	1.842637e-03	32467935.000000	0.000000e+00
4.536826e+00	1.049147e+01	1.840387e-03	32497837.000000	0.000000e+00
4.538820e+00	1.048561e+01	1.838233e-03	32537665.000000	0.000000e+00
4.540815e+00	1.047523e+01	1.835724e-03	32562117.000000	0.000000e+00
4.542809e+00	1.047008e+01	1.834272e-03	32581603.000000	0.000000e+00
4.544804e+00	1.045782e+01	1.831030e-03	32620569.000000	0.000000e+00
4.546798e+00	1.045534e+01	1.829892e-03	32645653.000000	0.000000e+00
4.548793e+00	1.044485e+01	1.827069e-03	32680947.000000	0.000000e+00
4.550788e+00	1.043744e+01	1.825276e-03	32698729.000000	0.000000e+00
4.552782e+00	1.043089e+01	1.823266e-03	32729737.000000	0.000000e+00
4.554777e+00	1.041771e+01	1.820004e-03	32764233.000000	0.000000e+00
4.556772e+00	1.041199e+01	1.818086e-03	32797339.000000	0.000000e+00
4.558767e+00	1.040666e+01	1.816415e-03	32824077.000000	0.000000e+00
4.560761e+00	1.039431e+01	1.813625e-03	32847061.000000	0.000000e+00
4.562756e+00	1.038980e+01	1.811977e-03	32878251.000000	0.000000e+00
4.564750e+00	1.037982e+01	1.809641e-03	32899885.000000	0.000000e+00
4.566745e+00	1.037463e+01	1.807541e-03	32943421.000000	0.000000e+00
4.568740e+00	1.036377e+01	1.805498e-03	32948931.000000	0.000000e+00
4.570734e+00	1.035349e+01	1.802393e-03	32997049.000000	0.000000e+00
4.572729e+00	1.034801e+01	1.800540e-03	33029949.000000	0.000000e+00
4.574724e+00	1.033988e+01	1.798508e-03	33052681.000000	0.000000e+00
4.576718e+00	1.033431e+01	1.797422e-03	33056935.000000	0.000000e+00
4.578712e+00	1.032406e+01	1.794247e-03	33108297.000000	0.000000e+00
4.580708e+00	1.031904e+01	1.792086e-03	33155917.000000	0.000000e+00
4.582703e+00	1.030928e+01	1.790073e-03	33167667.000000	0.000000e+00
4.584697e+00	1.030273e+01	1.788578e-03	33180949.000000	0.000000e+00
4.586691e+00	1.029557e+01	1.786323e-03	33218577.000000	0.000000e+00
4.588686e+00	1.028541e+01	1.783788e-03	33247345.000000	0.000000e+00
4.590681e+00	1.027520e+01	1.780437e-03	33306355.000000	0.000000e+00
4.592676e+00	1.027095e+01	1.779879e-03	33299697.000000	0.000000e+00
4.594671e+00	1.026539e+01	1.777580e-03	33349741.000000	0.000000e+00
4.596665e+00	1.025398e+01	1.775416e-03	33356799.000000	0.000000e+00
4.598660e+00	1.024473e+01	1.772710e-03	33398437.000000	0.000000e+00
4.600655e+00	1.024082e+01	1.771155e-03	33431529.000000	0.000000e+00
4.602649e+00	1.023371e+01	1.769644e-03	33442171.000000	0.000000e+00
4.604644e+00	1.022537e+01	1.767057e-03	33485521.000000	0.000000e+00
4.606638e+00	1.021359e+01	1.764585e-03	33502089.000000	0.000000e+00
4.608632e+00	1.021040e+01	1.762873e-03	33546193.000000	0.000000e+00
4.610627e+00	1.020089e+01	1.760453e-03	33575835.000000	0.000000e+00
4.612622e+00	1.018937e+01	1.758079e-03	33590593.000000	0.000000e+00
4.614616e+00	1.018418e+01	1.755968e-03	33637101.000000	0.000000e+00
4.616611e+00	1.017479e+01	1.753669e-03	33663235.000000	0.000000e+00
4.618606e+00	1.016861e+01	1.752324e-03	33673945.000000	0.000000e+00
4.620601e+00	1.016092e+01	1.749566e-03	33729129.000000	0.000000e+00
4.622596e+00	1.015644e+01	1.748375e-03	33745345.000000	0.000000e+00
4.624590e+00	1.014468e+01	1.745859e-03	33764379.000000	0.000000e+00
4.626585e+00	1.013400e+01	1.742787e-03	33812185.000000	0.000000e+00
4.628580e+00	1.013079e+01	1.741650e-03	33834901.000000	0.000000e+00
4.630574e+00	1.012032e+01	1.739317e-03	33855615.000000	0.000000e+00
4.632569e+00	1.011465e+01	1.737512e-03	33888013.000000	0.000000e+00
4.634563e+00	1.010832e+01	1.736098e-03	33900765.000000	0.000000e+00
4.636557e+00	1.009982e+01	1.733325e-03	33952141.000000	0.000000e+00
4.638552e+00	1.009316e+01	1.731001e-03	33998511.000000	0.000000e+00
4.640547e+00	1.008612e+01	1.729428e-03	34012897.000000	0.000000e+00
4.642542e+00	1.007812e+01	1.727701e-03	34026865.000000	0.000000e+00
4.644536e+00	1.007306e+01	1.726075e-03	34056807.000000	0.000000e+00
4.646530e+00	1.006480e+01	1.723965e-03	34084201.000000	0.000000e+00
4.648525e+00	1.005287e+01	1.720447e-03	34142673.000000	0.000000e+00
4.650520e+00	1.004760e+01	1.719337e-03	34150939.000000	0.000000e+00
4.652515e+00	1.004180e+01	1.717250e-03	34194489.000000	0.000000e+00
4.654510e+00	1.002965e+01	1.714931e-03	34204093.000000	0.000000e+00
4.656504e+00	1.002485e+01	1.712836e-03	34255021.000000	0.000000e+00
4.658499e+00	1.001680e+01	1.711383e-03	34258119.000000	0.000000e+00
4.660493e+00	1.001107e+01	1.709490e-03	34294729.000000	0.000000e+00
4.662488e+00	1.000352e+01	1.707057e-03	34340757.000000	0.000000e+00
4.664483e+00	9.995202e+00	1.705323e-03	34353391.000000	0.000000e+00
4.666477e+00	9.987012e+00	1.703010e-03	34390365.000000	0.000000e+00
4.668472e+00	9.983081e+00	1.701854e-03	34410001.000000	0.000000e+00
4.670466e+00	9.970595e+00	1.698769e-03	34448761.000000	0.000000e+00
4.672461e+00	9.964953e+00	1.697305e-03	34469151.000000	0.000000e+00
4.674456e+00	9.956719e+00	1.694233e-03	34537117.000000	0.000000e+00
4.676451e+00	9.948760e+00	1.693528e-03	34510641.000000	0.000000e+00
4.678445e+00	9.942110e+00	1.690728e-03	34578787.000000	0.000000e+00
4.680440e+00	9.933199e+00	1.689130e-03	34582165.000000	0.000000e+00
4.682434e+00	9.928126e+00	1.686974e-03	34635189.000000	0.000000e+00
4.684429e+00	9.921462e+00	1.685468e-03	34650571.000000	0.000000e+00
4.686424e+00	9.913737e+00	1.683385e-03	34682301.000000	0.000000e+00
4.688418e+00	9.905635e+00	1.681388e-03	34707949.000000	0.000000e+00
4.690413e+00	9.898709e+00	1.679009e-03	34757685.000000	0.000000e+00
4.692408e+00	9.888838e+00	1.677463e-03	34752403.000000	0.000000e+00
4.694402e+00	9.881199e+00	1.674654e-03	34815205.000000	0.000000e+00
4.696397e+00	9.875716e+00	1.673566e-03	34821825.000000	0.000000e+00
4.698392e+00	9.871244e+00	1.671319e-03	34883911.000000	0.000000e+00
4.700387e+00	9.860518e+00	1.669769e-03	34872777.000000	0.000000e+00
4.702381e+00	9.851544e+00	1.667046e-03	34923145.000000	0.000000e+00
4.704376e+00	9.845715e+00	1.665377e-03	34951785.000000	0.000000e+00
4.706370e+00	9.836567e+00	1.663219e-03	34977439.000000	0.000000e+00
4.708365e+00	9.831818e+00	1.662003e-03	34994845.000000	0.000000e+00
4.710360e+00	9.823049e+00	1.658950e-03	35061117.000000	0.000000e+00
4.712355e+00	9.818528e+00	1.658077e-03	35065759.000000	0.000000e+00
4.714349e+00	9.810246e+00	1.655836e-03	35101473.000000	0.000000e+00
4.716344e+00	9.801588e+00	1.654212e-03	35108353.000000	0.000000e+00
4.718338e+00	9.794920e+00	1.651651e-03	35169433.000000	0.000000e+00
4.720333e+00	9.788618e+00	1.650180e-03	35186823.000000	0.000000e+00
4.722328e+00	9.781602e+00	1.648322e-03	35215681.000000	0.000000e+00
4.724322e+00	9.772407e+00	1.646015e-03	35248065.000000	0.000000e+00
4.726317e+00	9.766091e+00	1.644484e-03	35268091.000000	0.000000e+00
4.728311e+00	9.759555e+00	1.642229e-03	35317713.000000	0.000000e+00
4.730307e+00	9.749988e+00	1.640166e-03	35337217.000000	0.000000e+00
4.732301e+00	9.744021e+00	1.638732e-03	35355799.000000	0.000000e+00
4.734295e+00	9.738047e+00	1.636798e-03	35395953.000000	0.000000e+00
4.736290e+00	9.732365e+00	1.634764e-03	35442697.000000	0.000000e+00
4.738285e+00	9.723134e+00	1.633289e-03	35439417.000000	0.000000e+00
4.740280e+00	9.714181e+00	1.630454e-03	35497279.000000	0.000000e+00
4.742274e+00	9.709448e+00	1.629468e-03	35505657.000000	0.000000e+00
4.744269e+00	9.698464e+00	1.626615e-03	35549737.000000	0.000000e+00
4.746264e+00	9.690363e+00	1.624637e-03	35576839.000000	0.000000e+00
4.748258e+00	9.685540e+00	1.623616e-03	35586141.000000	0.000000e+00
4.750252e+00	9.677763e+00	1.621099e-03	35639425.000000	0.000000e+00
4.752247e+00	9.670826e+00	1.619477e-03	35659677.000000	0.000000e+00
4.754242e+00	9.660982e+00	1.616657e-03	35711371.000000	0.000000e+00
4.756236e+00	9.655611e+00	1.615911e-03	35704629.000000	0.000000e+00
4.758231e+00	9.649445e+00	1.613534e-03	35764201.000000	0.000000e+00
4.760226e+00	9.639214e+00	1.611178e-03	35792851.000000	0.000000e+00
4.762220e+00	9.637558e+00	1.610801e-03	35797281.000000	0.000000e+00
4.764215e+00	9.629072e+00	1.608144e-03	35852473.000000	0.000000e+00
4.766209e+00	9.621018e+00	1.606488e-03	35866347.000000	0.000000e+00
4.768204e+00	9.612250e+00	1.603988e-03	35912701.000000	0.000000e+00
4.770199e+00	9.609263e+00	1.602901e-03	35939041.000000	0.000000e+00
4.772194e+00	9.600662e+00	1.600936e-03	35962881.000000	0.000000e+00
4.774189e+00	9.593338e+00	1.598898e-03	35999635.000000	0.000000e+00
4.776183e+00	9.588363e+00	1.597557e-03	36022701.000000	0.000000e+00
4.778178e+00	9.580537e+00	1.595614e-03	36051577.000000	0.000000e+00
4.780172e+00	9.571707e+00	1.593631e-03	36074751.000000	0.000000e+00
4.782167e+00	9.565715e+00	1.591606e-03	36121345.000000	0.000000e+00
4.784162e+00	9.558655e+00	1.589800e-03	36150049.000000	0.000000e+00
4.786157e+00	9.551525e+00	1.587609e-03	36195825.000000	0.000000e+00
4.788152e+00	9.542456e+00	1.586178e-03	36192343.000000	0.000000e+00
4.790146e+00	9.537622e+00	1.584867e-03	36215505.000000	0.000000e+00
4.792140e+00	9.529793e+00	1.582254e-03	36275569.000000	0.000000e+00
4.794135e+00	9.518107e+00	1.579729e-03	36302463.000000	0.000000e+00
4.796130e+00	9.516302e+00	1.578999e-03	36322225.000000	0.000000e+00
4.798124e+00	9.508490e+00	1.576974e-03	36355849.000000	0.000000e+00
4.800118e+00	9.498818e+00	1.575045e-03	36370839.000000	0.000000e+00
4.802113e+00	9.493593e+00	1.572681e-03	36440113.000000	0.000000e+00
4.804108e+00	9.486545e+00	1.571400e-03	36445401.000000	0.000000e+00
4.806103e+00	9.478535e+00	1.569702e-03	36462625.000000	0.000000e+00
4.808097e+00	9.472095e+00	1.567552e-03	36513063.000000	0.000000e+00
4.810092e+00	9.467545e+00	1.566116e-03	36544897.000000	0.000000e+00
4.812087e+00	9.457695e+00	1.564026e-03	36566425.000000	0.000000e+00
4.814081e+00	9.451325e+00	1.562252e-03	36600171.000000	0.000000e+00
4.816076e+00	9.446702e+00	1.560747e-03	36634945.000000	0.000000e+00
4.818071e+00	9.436171e+00	1.558566e-03	36655653.000000	0.000000e+00
4.820065e+00	9.432876e+00	1.557415e-03	36684217.000000	0.000000e+00
4.822060e+00	9.423514e+00	1.555008e-03	36724891.000000	0.000000e+00
4.824055e+00	9.417747e+00	1.553686e-03	36742413.000000	0.000000e+00
4.826049e+00	9.410503e+00	1.551393e-03	36794437.000000	0.000000e+00
4.828044e+00	9.400264e+00	1.549448e-03	36806619.000000	0.000000e+00
4.830039e+00	9.395477e+00	1.548022e-03	36836917.000000	0.000000e+00
4.832033e+00	9.390332e+00	1.546376e-03	36874989.000000	0.000000e+00
4.834028e+00	9.381118e+00	1.544376e-03	36898033.000000	0.000000e+00
4.836023e+00	9.374070e+00	1.542302e-03	36941767.000000	0.000000e+00
4.838017e+00	9.367542e+00	1.541123e-03	36946797.000000	0.000000e+00
4.840011e+00	9.363944e+00	1.539596e-03	36991669.000000	0.000000e+00
4.842006e+00	9.356183e+00	1.537544e-03	37029015.000000	0.000000e+00
4.844001e+00	9.345947e+00	1.535129e-03	37064377.000000	0.000000e+00
4.845996e+00	9.342372e+00	1.534110e-03	37085241.000000	0.000000e+00
4.847991e+00	9.334062e+00	1.532041e-03	37119343.000000	0.000000e+00
4.849985e+00	9.327596e+00	1.530508e-03	37142269.000000	0.000000e+00
4.851980e+00	9.319722e+00	1.528433e-03	37180293.000000	0.000000e+00
4.853975e+00	9.316655e+00	1.527369e-03	37207621.000000	0.000000e+00
4.855969e+00	9.305976e+00	1.524979e-03	37238859.000000	0.000000e+00
4.857964e+00	9.301263e+00	1.523857e-03	37255945.000000	0.000000e+00
4.859958e+00	9.291127e+00	1.521043e-03	37312461.000000	0.000000e+00
4.861953e+00	9.287192e+00	1.520188e-03	37322815.000000	0.000000e+00
4.863947e+00	9.280385e+00	1.518388e-03	37356505.000000	0.000000e+00
4.865942e+00	9.273939e+00	1.516432e-03	37400949.000000	0.000000e+00
4.867937e+00	9.267038e+00	1.515020e-03	37414945.000000	0.000000e+00
4.869931e+00	9.260245e+00	1.513036e-03	37458147.000000	0.000000e+00
4.871926e+00	9.255425e+00	1.511905e-03	37475161.000000	0.000000e+00
4.873921e+00	9.245426e+00	1.509288e-03	37524037.000000	0.000000e+00
4.875915e+00	9.240417e+00	1.508185e-03	37538223.000000	0.000000e+00
4.877910e+00	9.233628e+00	1.506457e-03	37569121.000000	0.000000e+00
4.879905e+00	9.227102e+00	1.504279e-03	37624761.000000	0.000000e+00
4.881900e+00	9.219052e+00	1.502849e-03	37630687.000000	0.000000e+00
4.883894e+00	9.213379e+00	1.501234e-03	37665261.000000	0.000000e+00
4.885889e+00	9.205752e+00	1.499129e-03	37708609.000000	0.000000e+00
4.887884e+00	9.198372e+00	1.497742e-03	37717921.000000	0.000000e+00
4.889878e+00	9.194501e+00	1.496473e-03	37750119.000000	0.000000e+00
4.891872e+00	9.186532e+00	1.494570e-03	37780777.000000	0.000000e+00
4.893866e+00	9.179061e+00	1.492261e-03	37836153.000000	0.000000e+00
4.895862e+00	9.171624e+00	1.490458e-03	37866307.000000	0.000000e+00
4.897857e+00	9.168729e+00	1.489847e-03	37873437.000000	0.000000e+00
4.899851e+00	9.160646e+00	1.487666e-03	37917661.000000	0.000000e+00
4.901846e+00	9.155975e+00	1.486308e-03	37948249.000000	0.000000e+00
4.903840e+00	9.147633e+00	1.484499e-03	37971507.000000	0.000000e+00
4.905835e+00	9.140826e+00	1.482486e-03	38018017.000000	0.000000e+00
4.907830e+00	9.132629e+00	1.481271e-03	38012181.000000	0.000000e+00
4.909825e+00	9.126547e+00	1.478397e-03	38109295.000000	0.000000e+00
4.911820e+00	9.118743e+00	1.477710e-03	38079517.000000	0.000000e+00
4.913814e+00	9.111669e+00	1.475607e-03	38128905.000000	0.000000e+00
4.915808e+00	9.107896e+00	1.474464e-03	38156461.000000	0.000000e+00
4.917803e+00	9.098956e+00	1.472049e-03	38206635.000000	0.000000e+00
4.919798e+00	9.091503e+00	1.470756e-03	38211133.000000	0.000000e+00
4.921793e+00	9.089134e+00	1.469210e-03	38271657.000000	0.000000e+00
4.923787e+00	9.081461e+00	1.467993e-03	38270431.000000	0.000000e+00
4.925781e+00	9.074927e+00	1.466254e-03	38306077.000000	0.000000e+00
4.927776e+00	9.067420e+00	1.463914e-03	38365113.000000	0.000000e+00
4.929771e+00	9.062292e+00	1.462864e-03	38376751.000000	0.000000e+00
4.931766e+00	9.057446e+00	1.461518e-03	38406381.000000	0.000000e+00
4.933760e+00	9.047442e+00	1.459595e-03	38422597.000000	0.000000e+00
4.935754e+00	9.039455e+00	1.456993e-03	38491929.000000	0.000000e+00
4.937750e+00	9.036526e+00	1.456264e-03	38505475.000000	0.000000e+00
4.939744e+00	9.026992e+00	1.454356e-03	38525185.000000	0.000000e+00
4.941739e+00	9.021238e+00	1.452406e-03	38579445.000000	0.000000e+00
4.943734e+00	9.014710e+00	1.451119e-03	38591995.000000	0.000000e+00
4.945728e+00	9.009124e+00	1.449578e-03	38626197.000000	0.000000e+00
4.947723e+00	9.003982e+00	1.447975e-03	38667613.000000	0.000000e+00
4.949718e+00	8.993106e+00	1.446098e-03	38674437.000000	0.000000e+00
4.951712e+00	8.988592e+00	1.444381e-03	38727523.000000	0.000000e+00
4.953707e+00	8.981349e+00	1.442804e-03	38749717.000000	0.000000e+00
4.955702e+00	8.975521e+00	1.441064e-03	38792973.000000	0.000000e+00
4.957696e+00	8.968825e+00	1.439877e-03	38798959.000000	0.000000e+00
4.959691e+00	8.963836e+00	1.437821e-03	38866761.000000	0.000000e+00
4.961686e+00	8.958677e+00	1.436894e-03	38872129.000000	0.000000e+00
4.963680e+00	8.949270e+00	1.434807e-03	38903455.000000	0.000000e+00
4.965675e+00	8.945260e+00	1.433357e-03	38947305.000000	0.000000e+00
4.967670e+00	8.938749e+00	1.431819e-03	38974213.000000	0.000000e+00
4.969665e+00	8.931298e+00	1.430153e-03	38999973.000000	0.000000e+00
4.971659e+00	8.925625e+00	1.428777e-03	39025519.000000	0.000000e+00
4.973653e+00	8.916828e+00	1.427056e-03	39042609.000000	0.000000e+00
4.975647e+00	8.909918e+00	1.424575e-03	39118033.000000	0.000000e+00
4.977642e+00	8.905618e+00	1.424237e-03	39098803.000000	0.000000e+00
4.979636e+00	8.898799e+00	1.421500e-03	39189441.000000	0.000000e+00
4.981632e+00	8.892554e+00	1.420675e-03	39179917.000000	0.000000e+00
4.983626e+00	8.885557e+00	1.418639e-03	39230637.000000	0.000000e+00
4.985621e+00	8.881502e+00	1.417286e-03	39269731.000000	0.000000e+00
4.987616e+00	8.872340e+00	1.415879e-03	39266685.000000	0.000000e+00
4.989610e+00	8.867252e+00	1.414201e-03	39314773.000000	0.000000e+00
4.991605e+00	8.860326e+00	1.412374e-03	39354979.000000	0.000000e+00
4.993600e+00	8.852943e+00	1.410760e-03	39379425.000000	0.000000e+00
4.995594e+00	8.847915e+00	1.409629e-03	39397825.000000	0.000000e+00
4.997589e+00	8.838103e+00	1.407217e-03	39445359.000000	0.000000e+00
4.999583e+00	8.834307e+00	1.406130e-03	39472441.000000	0.000000e+00
5.001578e+00	8.828080e+00	1.404847e-03	39488853.000000	0.000000e+00
5.003572e+00	8.820692e+00	1.402407e-03	39560077.000000	0.000000e+00
5.005567e+00	8.817381e+00	1.401936e-03	39556951.000000	0.000000e+00
5.007562e+00	8.809636e+00	1.399926e-03	39600945.000000	0.000000e+00
5.009557e+00	8.806830e+00	1.398782e-03	39640489.000000	0.000000e+00
5.011552e+00	8.795727e+00	1.396596e-03	39664503.000000	0.000000e+00
5.013546e+00	8.790817e+00	1.395311e-03	39693229.000000	0.000000e+00
5.015541e+00	8.784046e+00	1.393771e-03	39719761.000000	0.000000e+00
5.017536e+00	8.779504e+00	1.392066e-03	39775905.000000	0.000000e+00
5.019531e+00	8.774789e+00	1.391121e-03	39787207.000000	0.000000e+00
5.021525e+00	8.767371e+00	1.389620e-03	39805809.000000	0.000000e+00
5.023519e+00	8.759447e+00	1.387708e-03	39843469.000000	0.000000e+00
5.025514e+00	8.752382e+00	1.385664e-03	39896643.000000	0.000000e+00
5.027509e+00	8.746511e+00	1.384387e-03	39916705.000000	0.000000e+00
5.029504e+00	8.741592e+00	1.382736e-03	39967081.000000	0.000000e+00
5.031499e+00	8.735634e+00	1.381927e-03	39959361.000000	0.000000e+00
5.033493e+00	8.726560e+00	1.379544e-03	40014295.000000	0.000000e+00
5.035487e+00	8.723987e+00	1.378706e-03	40039341.000000	0.000000e+00
5.037482e+00	8.715071e+00	1.376764e-03	40070341.000000	0.000000e+00
5.039476e+00	8.710186e+00	1.375392e-03	40105287.000000	0.000000e+00
5.041471e+00	8.704340e+00	1.373842e-03	40141909.000000	0.000000e+00
5.043466e+00	8.699004e+00	1.372441e-03	40174597.000000	0.000000e+00
5.045460e+00	8.693565e+00	1.371399e-03	40185363.000000	0.000000e+00
5.047455e+00	8.683331e+00	1.368644e-03	40252405.000000	0.000000e+00
5.049450e+00	8.678342e+00	1.367860e-03	40252245.000000	0.000000e+00
5.051445e+00	8.672706e+00	1.366109e-03	40303129.000000	0.000000e+00
5.053439e+00	8.668029e+00	1.364963e-03	40327275.000000	0.000000e+00
5.055433e+00	8.660686e+00	1.363546e-03	40342693.000000	0.000000e+00
5.057428e+00	8.654085e+00	1.361479e-03	40403641.000000	0.000000e+00
5.059423e+00	8.649301e+00	1.360343e-03	40426395.000000	0.000000e+00
5.061417e+00	8.639592e+00	1.358480e-03	40446409.000000	0.000000e+00
5.063412e+00	8.635836e+00	1.356965e-03	40501509.000000	0.000000e+00
5.065407e+00	8.631541e+00	1.356180e-03	40508113.000000	0.000000e+00
5.067402e+00	8.627480e+00	1.354598e-03	40564579.000000	0.000000e+00
5.069396e+00	8.618450e+00	1.352939e-03	40579065.000000	0.000000e+00
5.071391e+00	8.611893e+00	1.351233e-03	40619677.000000	0.000000e+00
5.073386e+00	8.604593e+00	1.349781e-03	40638171.000000	0.000000e+00
5.075380e+00	8.597930e+00	1.347941e-03	40686121.000000	0.000000e+00
5.077375e+00	8.593063e+00	1.346708e-03	40714485.000000	0.000000e+00
5.079370e+00	8.584172e+00	1.344834e-03	40743631.000000	0.000000e+00
5.081364e+00	8.582446e+00	1.344183e-03	40766701.000000	0.000000e+00
5.083358e+00	8.572517e+00	1.342209e-03	40792161.000000	0.000000e+00
5.085353e+00	8.566526e+00	1.340126e-03	40861849.000000	0.000000e+00
5.087348e+00	8.564620e+00	1.339851e-03	40860459.000000	0.000000e+00
5.089342e+00	8.554534e+00	1.337675e-03	40896997.000000	0.000000e+00
5.091337e+00	8.550145e+00	1.336034e-03	40955469.000000	0.000000e+00
5.093332e+00	8.544199e+00	1.335157e-03	40952251.000000	0.000000e+00
5.095326e+00	8.538726e+00	1.333566e-03	40997473.000000	0.000000e+00
5.097321e+00	8.533517e+00	1.332223e-03	41030049.000000	0.000000e+00
5.099316e+00	8.526327e+00	1.330213e-03	41084809.000000	0.000000e+00
5.101311e+00	8.521499e+00	1.329534e-03	41080239.000000	0.000000e+00
5.103305e+00	8.513174e+00	1.327355e-03	41134729.000000	0.000000e+00
5.105300e+00	8.509223e+00	1.326256e-03	41164741.000000	0.000000e+00
5.107294e+00	8.501340e+00	1.324852e-03	41175591.000000	0.000000e+00
5.109289e+00	8.495947e+00	1.322929e-03	41243005.000000	0.000000e+00
5.111283e+00	8.490358e+00	1.322177e-03	41235645.000000	0.000000e+00
5.113278e+00	8.483644e+00	1.320231e-03	41291905.000000	0.000000e+00
5.115273e+00	8.480669e+00	1.318947e-03	41343363.000000	0.000000e+00
5.117267e+00	8.471199e+00	1.317704e-03	41328913.000000	0.000000e+00
5.119262e+00	8.466460e+00	1.315915e-03	41395009.000000	0.000000e+00
5.121257e+00	8.459778e+00	1.314489e-03	41419419.000000	0.000000e+00
5.123252e+00	8.451392e+00	1.312525e-03	41461141.000000	0.000000e+00
5.125246e+00	8.450403e+00	1.312240e-03	41469441.000000	0.000000e+00
5.127241e+00	8.444216e+00	1.310300e-03	41531443.000000	0.000000e+00
5.129236e+00	8.436051e+00	1.308976e-03	41535045.000000	0.000000e+00
5.131230e+00	8.430779e+00	1.307422e-03	41581837.000000	0.000000e+00
5.133225e+00	8.425357e+00	1.306259e-03	41602381.000000	0.000000e+00
5.135219e+00	8.419077e+00	1.304467e-03	41654607.000000	0.000000e+00
5.137214e+00	8.413067e+00	1.303252e-03	41672737.000000	0.000000e+00
5.139209e+00	8.407115e+00	1.301617e-03	41718393.000000	0.000000e+00
5.141203e+00	8.402221e+00	1.300565e-03	41737279.000000	0.000000e+00
5.143198e+00	8.398206e+00	1.299366e-03	41774373.000000	0.000000e+00
5.145193e+00	8.388871e+00	1.297243e-03	41818081.000000	0.000000e+00
5.147187e+00	8.382920e+00	1.296380e-03	41814433.000000	0.000000e+00
5.149182e+00	8.378395e+00	1.294514e-03	41889783.000000	0.000000e+00
5.151177e+00	8.373088e+00	1.293398e-03	41908945.000000	0.000000e+00
5.153172e+00	8.366306e+00	1.291934e-03	41935953.000000	0.000000e+00
5.155166e+00	8.362802e+00	1.290939e-03	41965447.000000	0.000000e+00
5.157161e+00	8.356223e+00	1.289635e-03	41984233.000000	0.000000e+00
5.159155e+00	8.349018e+00	1.287506e-03	42050613.000000	0.000000e+00
5.161150e+00	8.341822e+00	1.286340e-03	42054307.000000	0.000000e+00
5.163145e+00	8.337881e+00	1.284896e-03	42109017.000000	0.000000e+00
5.165139e+00	8.330788e+00	1.283893e-03	42103165.000000	0.000000e+00
5.167134e+00	8.324162e+00	1.281544e-03	42190413.000000	0.000000e+00
5.169129e+00	8.318801e+00	1.280685e-03	42192655.000000	0.000000e+00
5.171124e+00	8.314200e+00	1.279308e-03	42236773.000000	0.000000e+00
5.173118e+00	8.307160e+00	1.278166e-03	42240633.000000	0.000000e+00
5.175113e+00	8.302082e+00	1.276121e-03	42324355.000000	0.000000e+00
5.177108e+00	8.296969e+00	1.275453e-03	42316557.000000	0.000000e+00
5.179102e+00	8.293532e+00	1.274358e-03	42354169.000000	0.000000e+00
5.181097e+00	8.283652e+00	1.272143e-03	42400557.000000	0.000000e+00
5.183092e+00	8.280894e+00	1.271329e-03	42426643.000000	0.000000e+00
5.185086e+00	8.273480e+00	1.269966e-03	42441637.000000	0.000000e+00
5.187081e+00	8.268347e+00	1.268360e-03	42496401.000000	0.000000e+00
5.189075e+00	8.261772e+00	1.267283e-03	42501007.000000	0.000000e+00
5.191069e+00	8.254983e+00	1.265185e-03	42572013.000000	0.000000e+00
5.193065e+00	8.252856e+00	1.264519e-03	42594901.000000	0.000000e+00
5.195059e+00	8.242845e+00	1.262829e-03	42605475.000000	0.000000e+00
5.197053e+00	8.240913e+00	1.261941e-03	42645433.000000	0.000000e+00
5.199048e+00	8.235005e+00	1.260071e-03	42710833.000000	0.000000e+00
5.201043e+00	8.227515e+00	1.259012e-03	42704901.000000	0.000000e+00
5.203037e+00	8.221604e+00	1.257397e-03	42753175.000000	0.000000e+00
5.205032e+00	8.216437e+00	1.256344e-03	42771069.000000	0.000000e+00
5.207027e+00	8.210645e+00	1.254381e-03	42844561.000000	0.000000e+00
5.209022e+00	8.204569e+00	1.253536e-03	42838891.000000	0.000000e+00
5.211017e+00	8.199799e+00	1.251995e-03	42894477.000000	0.000000e+00
5.213011e+00	8.192590e+00	1.250917e-03	42892921.000000	0.000000e+00
5.215005e+00	8.188456e+00	1.249370e-03	42955785.000000	0.000000e+00
5.217000e+00	8.179443e+00	1.247597e-03	42983191.000000	0.000000e+00
5.218995e+00	8.175434e+00	1.246448e-03	43020297.000000	0.000000e+00
5.220989e+00	8.169474e+00	1.245328e-03	43034905.000000	0.000000e+00
5.222984e+00	8.165572e+00	1.244015e-03	43084579.000000	0.000000e+00
5.224979e+00	8.159835e+00	1.242576e-03	43123773.000000	0.000000e+00
5.226974e+00	8.152404e+00	1.241212e-03	43139953.000000	0.000000e+00
5.228968e+00	8.146625e+00	1.239859e-03	43172865.000000	0.000000e+00
5.230962e+00	8.142047e+00	1.238651e-03	43208539.000000	0.000000e+00
5.232958e+00	8.136412e+00	1.236933e-03	43268637.000000	0.000000e+00
5.234952e+00	8.130945e+00	1.236501e-03	43240717.000000	0.000000e+00
5.236946e+00	8.126466e+00	1.234499e-03	43333303.000000	0.000000e+00
5.238941e+00	8.119150e+00	1.233371e-03	43334493.000000	0.000000e+00
5.240936e+00	8.113245e+00	1.231904e-03	43374613.000000	0.000000e+00
5.242930e+00	8.106427e+00	1.230257e-03	43417767.000000	0.000000e+00
5.244925e+00	8.101121e+00	1.229083e-03	43443829.000000	0.000000e+00
5.246920e+00	8.096574e+00	1.228054e-03	43467813.000000	0.000000e+00
5.248914e+00	8.092142e+00	1.226933e-03	43499605.000000	0.000000e+00
5.250909e+00	8.086638e+00	1.225142e-03	43567555.000000	0.000000e+00
5.252904e+00	8.081853e+00	1.224365e-03	43571277.000000	0.000000e+00
5.254898e+00	8.074202e+00	1.222886e-03	43594069.000000	0.000000e+00
5.256893e+00	8.067694e+00	1.221080e-03	43652643.000000	0.000000e+00
5.258888e+00	8.064513e+00	1.220230e-03	43679029.000000	0.000000e+00
5.260883e+00	8.055410e+00	1.218459e-03	43707253.000000	0.000000e+00
5.262877e+00	8.052554e+00	1.217670e-03	43732893.000000	0.000000e+00
5.264872e+00	8.048771e+00	1.216460e-03	43778767.000000	0.000000e+00
5.266866e+00	8.041430e+00	1.215052e-03	43800261.000000	0.000000e+00
5.268861e+00	8.037862e+00	1.213855e-03	43847785.000000	0.000000e+00
5.270856e+00	8.031016e+00	1.212547e-03	43867575.000000	0.000000e+00
5.272850e+00	8.027425e+00	1.211607e-03	43896445.000000	0.000000e+00
5.274845e+00	8.019071e+00	1.209553e-03	43953985.000000	0.000000e+00
5.276840e+00	8.013799e+00	1.208584e-03	43966623.000000	0.000000e+00
5.278834e+00	8.009043e+00	1.207271e-03	44010025.000000	0.000000e+00
5.280829e+00	8.004335e+00	1.205944e-03	44055093.000000	0.000000e+00
5.282824e+00	7.996517e+00	1.204796e-03	44052913.000000	0.000000e+00
5.284818e+00	7.992220e+00	1.203541e-03	44097411.000000	0.000000e+00
5.286813e+00	7.987253e+00	1.201953e-03	44159077.000000	0.000000e+00
5.288808e+00	7.980360e+00	1.200752e-03	44171089.000000	0.000000e+00
5.290802e+00	7.974569e+00	1.199477e-03	44200851.000000	0.000000e+00
5.292797e+00	7.970581e+00	1.198380e-03	44237533.000000	0.000000e+00
5.294791e+00	7.964397e+00	1.197062e-03	44266233.000000	0.000000e+00
5.296786e+00	7.960125e+00	1.195782e-03	44313505.000000	0.000000e+00
5.298781e+00	7.954550e+00	1.194722e-03	44330011.000000	0.000000e+00
5.300775e+00	7.949745e+00	1.193339e-03	44379129.000000	0.000000e+00
5.302770e+00	7.942447e+00	1.191782e-03	44413489.000000	0.000000e+00
5.304765e+00	7.937103e+00	1.190569e-03	44444151.000000	0.000000e+00
5.306759e+00	7.930799e+00	1.189432e-03	44458501.000000	0.000000e+00
5.308754e+00	7.923917e+00	1.187722e-03	44509245.000000	0.000000e+00
5.310749e+00	7.920881e+00	1.186817e-03	44543005.000000	0.000000e+00
5.312743e+00	7.915520e+00	1.185611e-03	44573275.000000	0.000000e+00
5.314738e+00	7.910277e+00	1.184368e-03	44607705.000000	0.000000e+00
5.316733e+00	7.905159e+00	1.183132e-03	44643133.000000	0.000000e+00
5.318727e+00	7.898142e+00	1.181976e-03	44651139.000000	0.000000e+00
5.320721e+00	7.893919e+00	1.180472e-03	44717125.000000	0.000000e+00
5.322716e+00	7.889680e+00	1.179566e-03	44737773.000000	0.000000e+00
5.324711e+00	7.885241e+00	1.178298e-03	44783683.000000	0.000000e+00
5.326706e+00	7.877949e+00	1.176787e-03	44815777.000000	0.000000e+00
5.328700e+00	7.871030e+00	1.175731e-03	44817477.000000	0.000000e+00
5.330694e+00	7.866628e+00	1.174277e-03	44878261.000000	0.000000e+00
5.332690e+00	7.860247e+00	1.172642e-03	44930559.000000	0.000000e+00
5.334684e+00	7.854378e+00	1.172046e-03	44909089.000000	0.000000e+00
5.336679e+00	7.852075e+00	1.170369e-03	45011469.000000	0.000000e+00
5.338674e+00	7.843544e+00	1.169432e-03	44985727.000000	0.000000e+00
5.340668e+00	7.839687e+00	1.168073e-03	45046165.000000	0.000000e+00
5.342663e+00	7.835194e+00	1.166870e-03	45087309.000000	0.000000e+00
5.344658e+00	7.828094e+00	1.165362e-03	45122245.000000	0.000000e+00
5.346652e+00	7.823178e+00	1.164530e-03	45129975.000000	0.000000e+00
5.348647e+00	7.818884e+00	1.163120e-03	45189829.000000	0.000000e+00
5.350642e+00	7.813047e+00	1.162096e-03	45201949.000000	0.000000e+00
5.352637e+00	7.805141e+00	1.159984e-03	45274911.000000	0.000000e+00
5.354631e+00	7.802479e+00	1.160054e-03	45238585.000000	0.000000e+00
5.356626e+00	7.798348e+00	1.158085e-03	45344481.000000	0.000000e+00
5.358620e+00	7.791541e+00	1.157392e-03	45319543.000000	0.000000e+00
5.360615e+00	7.785458e+00	1.155473e-03	45399225.000000	0.000000e+00
5.362610e+00	7.781122e+00	1.154840e-03	45398425.000000	0.000000e+00
5.364604e+00	7.779088e+00	1.153931e-03	45446185.000000	0.000000e+00
5.366599e+00	7.771830e+00	1.152331e-03	45487515.000000	0.000000e+00
5.368593e+00	7.767133e+00	1.151268e-03	45516469.000000	0.000000e+00
5.370588e+00	7.761832e+00	1.150027e-03	45552501.000000	0.000000e+00
5.372583e+00	7.755377e+00	1.148865e-03	45568855.000000	0.000000e+00
5.374577e+00	7.749217e+00	1.147133e-03	45633921.000000	0.000000e+00
5.376573e+00	7.743959e+00	1.145972e-03	45664417.000000	0.000000e+00
5.378567e+00	7.739694e+00	1.145375e-03	45661717.000000	0.000000e+00
5.380561e+00	7.733309e+00	1.143651e-03	45723963.000000	0.000000e+00
5.382556e+00	7.728155e+00	1.142515e-03	45753889.000000	0.000000e+00
5.384550e+00	7.723448e+00	1.141593e-03	45772017.000000	0.000000e+00
5.386545e+00	7.718666e+00	1.139974e-03	45845311.000000	0.000000e+00
5.388540e+00	7.712154e+00	1.138933e-03	45851661.000000	0.000000e+00
5.390535e+00	7.709140e+00	1.138150e-03	45878905.000000	0.000000e+00
5.392529e+00	7.704556e+00	1.137155e-03	45904537.000000	0.000000e+00
5.394524e+00	7.696464e+00	1.135009e-03	45981603.000000	0.000000e+00
5.396519e+00	7.690928e+00	1.134299e-03	45972985.000000	0.000000e+00
5.398513e+00	7.688024e+00	1.133263e-03	46022253.000000	0.000000e+00
5.400507e+00	7.682942e+00	1.132017e-03	46062667.000000	0.000000e+00
5.402502e+00	7.677264e+00	1.130903e-03	46085257.000000	0.000000e+00
5.404497e+00	7.674452e+00	1.129860e-03	46136613.000000	0.000000e+00
5.406492e+00	7.667293e+00	1.128576e-03	46155415.000000	0.000000e+00
5.408486e+00	7.662889e+00	1.127280e-03	46208481.000000	0.000000e+00
5.410481e+00	7.656721e+00	1.126047e-03	46235173.000000	0.000000e+00
5.412476e+00	7.649422e+00	1.124834e-03	46246665.000000	0.000000e+00
5.414470e+00	7.646183e+00	1.123652e-03	46304803.000000	0.000000e+00
5.416465e+00	7.638123e+00	1.122384e-03	46311685.000000	0.000000e+00
5.418459e+00	7.635055e+00	1.121411e-03	46354797.000000	0.000000e+00
5.420453e+00	7.630742e+00	1.120084e-03	46412203.000000	0.000000e+00
5.422449e+00	7.625430e+00	1.119017e-03	46436061.000000	0.000000e+00
5.424443e+00	7.620129e+00	1.117719e-03	46479313.000000	0.000000e+00
5.426438e+00	7.616876e+00	1.117025e-03	46497285.000000	0.000000e+00
5.428433e+00	7.610007e+00	1.115470e-03	46542967.000000	0.000000e+00
5.430428e+00	7.605735e+00	1.114596e-03	46563697.000000	0.000000e+00
5.432422e+00	7.600713e+00	1.113418e-03	46600665.000000	0.000000e+00
5.434417e+00	7.595577e+00	1.112220e-03	46638043.000000	0.000000e+00
5.436411e+00	7.591052e+00	1.111069e-03	46679013.000000	0.000000e+00
5.438406e+00	7.584963e+00	1.109834e-03	46707997.000000	0.000000e+00
5.440401e+00	7.578980e+00	1.108597e-03	46738399.000000	0.000000e+00
5.442395e+00	7.575394e+00	1.107687e-03	46770981.000000	0.000000e+00
5.444390e+00	7.569177e+00	1.106388e-03	46803937.000000	0.000000e+00
5.446384e+00	7.564573e+00	1.105182e-03	46849089.000000	0.000000e+00
5.448379e+00	7.558934e+00	1.104087e-03	46872127.000000	0.000000e+00
5.450374e+00	7.554965e+00	1.102957e-03	46918881.000000	0.000000e+00
5.452369e+00	7.549371e+00	1.101750e-03	46952113.000000	0.000000e+00
5.454364e+00	7.543057e+00	1.100340e-03	46993843.000000	0.000000e+00
5.456358e+00	7.537480e+00	1.099310e-03	47012385.000000	0.000000e+00
5.458353e+00	7.532183e+00	1.098178e-03	47043133.000000	0.000000e+00
5.460347e+00	7.528961e+00	1.097225e-03	47084613.000000	0.000000e+00
5.462342e+00	7.524429e+00	1.096040e-03	47129623.000000	0.000000e+00
5.464337e+00	7.517846e+00	1.094874e-03	47147445.000000	0.000000e+00
5.466331e+00	7.513668e+00	1.094070e-03	47164333.000000	0.000000e+00
5.468326e+00	7.510077e+00	1.092679e-03	47239303.000000	0.000000e+00
5.470320e+00	7.505249e+00	1.091947e-03	47241849.000000	0.000000e+00
5.472315e+00	7.498503e+00	1.090396e-03	47291257.000000	0.000000e+00
5.474309e+00	7.494190e+00	1.089332e-03	47329179.000000	0.000000e+00
5.476304e+00	7.488309e+00	1.088097e-03	47362273.000000	0.000000e+00
5.478299e+00	7.483304e+00	1.086992e-03	47395197.000000	0.000000e+00
5.480293e+00	7.479110e+00	1.085986e-03	47429773.000000	0.000000e+00
5.482288e+00	7.473123e+00	1.084571e-03	47477575.000000	0.000000e+00
5.484283e+00	7.469303e+00	1.084036e-03	47475861.000000	0.000000e+00
5.486278e+00	7.463853e+00	1.082192e-03	47568325.000000	0.000000e+00
5.488272e+00	7.459713e+00	1.081958e-03	47536107.000000	0.000000e+00
5.490267e+00	7.453042e+00	1.080116e-03	47613073.000000	0.000000e+00
5.492262e+00	7.449042e+00	1.079296e-03	47634337.000000	0.000000e+00
5.494256e+00	7.442809e+00	1.078002e-03	47668881.000000	0.000000e+00
5.496250e+00	7.436657e+00	1.076781e-03	47698063.000000	0.000000e+00
5.498245e+00	7.433394e+00	1.075673e-03	47754405.000000	0.000000e+00
5.500240e+00	7.428214e+00	1.074724e-03	47772133.000000	0.000000e+00
5.502235e+00	7.423755e+00	1.073618e-03	47813175.000000	0.000000e+00
5.504229e+00	7.419729e+00	1.072803e-03	47833909.000000	0.000000e+00
5.506224e+00	7.412766e+00	1.071231e-03	47884453.000000	0.000000e+00
5.508219e+00	7.410316e+00	1.070569e-03	47912025.000000	0.000000e+00
5.510213e+00	7.403392e+00	1.069071e-03	47956639.000000	0.000000e+00
5.512208e+00	7.399720e+00	1.068375e-03	47971437.000000	0.000000e+00
5.514203e+00	7.396249e+00	1.067168e-03	48034945.000000	0.000000e+00
5.516197e+00	7.389098e+00	1.066147e-03	48033951.000000	0.000000e+00
5.518191e+00	7.383808e+00	1.064930e-03	48074965.000000	0.000000e+00
5.520186e+00	7.379342e+00	1.063586e-03	48138205.000000	0.000000e+00
5.522181e+00	7.375500e+00	1.062877e-03	48152247.000000	0.000000e+00
5.524176e+00	7.370245e+00	1.061500e-03	48208489.000000	0.000000e+00
5.526171e+00	7.364409e+00	1.060551e-03	48218421.000000	0.000000e+00
5.528165e+00	7.359952e+00	1.059458e-03	48259465.000000	0.000000e+00
5.530160e+00	7.356048e+00	1.058490e-03	48296487.000000	0.000000e+00
5.532154e+00	7.348518e+00	1.057205e-03	48314869.000000	0.000000e+00
5.534149e+00	7.345238e+00	1.056079e-03	48374809.000000	0.000000e+00
5.536144e+00	7.340348e+00	1.054932e-03	48415503.000000	0.000000e+00
5.538139e+00	7.333171e+00	1.053637e-03	48439681.000000	0.000000e+00
5.540133e+00	7.332812e+00	1.053225e-03	48472881.000000	0.000000e+00
5.542128e+00	7.326629e+00	1.052289e-03	48477253.000000	0.000000e+00
5.544122e+00	7.321013e+00	1.050607e-03	48558127.000000	0.000000e+00
5.546117e+00	7.316260e+00	1.049730e-03	48576153.000000	0.000000e+00
5.548112e+00	7.311416e+00	1.048534e-03	48622573.000000	0.000000e+00
5.550106e+00	7.304676e+00	1.047512e-03	48627735.000000	0.000000e+00
5.552101e+00	7.301169e+00	1.046354e-03	48688669.000000	0.000000e+00
5.554096e+00	7.297194e+00	1.045505e-03	48714681.000000	0.000000e+00
5.556090e+00	7.291125e+00	1.044458e-03	48731227.000000	0.000000e+00
5.558085e+00	7.284938e+00	1.042839e-03	48799681.000000	0.000000e+00
5.560079e+00	7.283241e+00	1.042412e-03	48816933.000000	0.000000e+00
5.562074e+00	7.276678e+00	1.041024e-03	48858985.000000	0.000000e+00
5.564069e+00	7.272821e+00	1.039975e-03	48905787.000000	0.000000e+00
5.566064e+00	7.269456e+00	1.039477e-03	48907381.000000	0.000000e+00
5.568058e+00	7.260883e+00	1.037680e-03	48961185.000000	0.000000e+00
5.570053e+00	7.259599e+00	1.037081e-03	49000399.000000	0.000000e+00
5.572047e+00	7.252788e+00	1.035814e-03	49028245.000000	0.000000e+00
5.574042e+00	7.249779e+00	1.034785e-03	49085025.000000	0.000000e+00
5.576037e+00	7.242947e+00	1.033853e-03	49080961.000000	0.000000e+00
5.578032e+00	7.237989e+00	1.032406e-03	49151235.000000	0.000000e+00
5.580026e+00	7.235272e+00	1.032052e-03	49148089.000000	0.000000e+00
5.582021e+00	7.229482e+00	1.030466e-03	49220613.000000	0.000000e+00
5.584015e+00	7.226684e+00	1.029944e-03	49232395.000000	0.000000e+00
5.586010e+00	7.219489e+00	1.028304e-03	49291297.000000	0.000000e+00
5.588005e+00	7.216017e+00	1.027551e-03	49316073.000000	0.000000e+00
5.589999e+00	7.210552e+00	1.026804e-03	49313053.000000	0.000000e+00
5.591994e+00	7.206414e+00	1.025269e-03	49404051.000000	0.000000e+00
5.593989e+00	7.201388e+00	1.024483e-03	49410913.000000	0.000000e+00
5.595983e+00	7.196549e+00	1.023421e-03	49446973.000000	0.000000e+00
5.597978e+00	7.189780e+00	1.021813e-03	49509435.000000	0.000000e+00
5.599973e+00	7.186371e+00	1.021361e-03	49506277.000000	0.000000e+00
5.601967e+00	7.182780e+00	1.020160e-03	49573425.000000	0.000000e+00
5.603962e+00	7.178558e+00	1.019524e-03	49576891.000000	0.000000e+00
5.605956e+00	7.173419e+00	1.018176e-03	49637181.000000	0.000000e+00
5.607951e+00	7.167965e+00	1.017051e-03	49671385.000000	0.000000e+00
5.609946e+00	7.162424e+00	1.016074e-03	49690021.000000	0.000000e+00
5.611940e+00	7.158277e+00	1.014988e-03	49738779.000000	0.000000e+00
5.613935e+00	7.155731e+00	1.014400e-03	49761049.000000	0.000000e+00
5.615930e+00	7.148759e+00	1.012614e-03	49839525.000000	0.000000e+00
5.617924e+00	7.143764e+00	1.012336e-03	49797223.000000	0.000000e+00
5.619919e+00	7.140237e+00	1.010785e-03	49900821.000000	0.000000e+00
5.621913e+00	7.135475e+00	1.010269e-03	49885177.000000	0.000000e+00
5.623908e+00	7.131210e+00	1.008791e-03	49971733.000000	0.000000e+00
5.625902e+00	7.124981e+00	1.008045e-03	49958247.000000	0.000000e+00
5.627897e+00	7.123697e+00	1.007042e-03	50039809.000000	0.000000e+00
5.629892e+00	7.116250e+00	1.005736e-03	50065065.000000	0.000000e+00
5.631887e+00	7.114019e+00	1.005121e-03	50094859.000000	0.000000e+00
5.633882e+00	7.106618e+00	1.004027e-03	50099677.000000	0.000000e+00
5.635876e+00	7.101546e+00	1.002586e-03	50172117.000000	0.000000e+00
5.637871e+00	7.097572e+00	1.001855e-03	50189167.000000	0.000000e+00
5.639866e+00	7.096151e+00	1.001110e-03	50243745.000000	0.000000e+00
5.641860e+00	7.086618e+00	9.998738e-04	50232829.000000	0.000000e+00
5.643854e+00	7.083952e+00	9.985594e-04	50327265.000000	0.000000e+00
5.645849e+00	7.079193e+00	9.977740e-04	50338831.000000	0.000000e+00
5.647844e+00	7.075436e+00	9.967653e-04	50387245.000000	0.000000e+00
5.649839e+00	7.070465e+00	9.959285e-04	50401053.000000	0.000000e+00
5.651833e+00	7.066192e+00	9.949352e-04	50440723.000000	0.000000e+00
5.653828e+00	7.061646e+00	9.938765e-04	50483217.000000	0.000000e+00
5.655823e+00	7.054284e+00	9.924697e-04	50520937.000000	0.000000e+00
5.657817e+00	7.050689e+00	9.917868e-04	50538981.000000	0.000000e+00
5.659812e+00	7.048377e+00	9.907381e-04	50612815.000000	0.000000e+00
5.661807e+00	7.042848e+00	9.902197e-04	50586361.000000	0.000000e+00
5.663801e+00	7.037660e+00	9.886511e-04	50672277.000000	0.000000e+00
5.665796e+00	7.032679e+00	9.876584e-04	50702347.000000	0.000000e+00
5.667791e+00	7.030341e+00	9.871266e-04	50723253.000000	0.000000e+00
5.669785e+00	7.024352e+00	9.858664e-04	50766409.000000	0.000000e+00
5.671779e+00	7.020235e+00	9.851545e-04	50780223.000000	0.000000e+00
5.673774e+00	7.015835e+00	9.837304e-04	50863525.000000	0.000000e+00
5.675769e+00	7.009827e+00	9.828029e-04	50872333.000000	0.000000e+00
5.677764e+00	7.006385e+00	9.819709e-04	50908545.000000	0.000000e+00
5.679758e+00	7.002051e+00	9.811047e-04	50935411.000000	0.000000e+00
5.681753e+00	6.998070e+00	9.800293e-04	50989221.000000	0.000000e+00
5.683748e+00	6.991870e+00	9.788352e-04	51023185.000000	0.000000e+00
5.685742e+00	6.988276e+00	9.784190e-04	51014107.000000	0.000000e+00
5.687736e+00	6.984156e+00	9.769592e-04	51106365.000000	0.000000e+00
5.689731e+00	6.980197e+00	9.761911e-04	51128809.000000	0.000000e+00
5.691726e+00	6.976566e+00	9.752528e-04	51173949.000000	0.000000e+00
5.693721e+00	6.970272e+00	9.742984e-04	51181795.000000	0.000000e+00
5.695715e+00	6.967766e+00	9.735020e-04	51228705.000000	0.000000e+00
5.697710e+00	6.959074e+00	9.719357e-04	51265813.000000	0.000000e+00
5.699705e+00	6.956551e+00	9.711764e-04	51308791.000000	0.000000e+00
5.701699e+00	6.950652e+00	9.700797e-04	51337677.000000	0.000000e+00
5.703694e+00	6.946574e+00	9.691315e-04	51377845.000000	0.000000e+00
5.705689e+00	6.943691e+00	9.684741e-04	51404925.000000	0.000000e+00
5.707683e+00	6.939102e+00	9.673308e-04	51458431.000000	0.000000e+00
5.709678e+00	6.934712e+00	9.665959e-04	51471513.000000	0.000000e+00
5.711672e+00	6.928517e+00	9.653269e-04	51514765.000000	0.000000e+00
5.713667e+00	6.924582e+00	9.643534e-04	51560215.000000	0.000000e+00
5.715662e+00	6.920657e+00	9.635047e-04	51592545.000000	0.000000e+00
5.717656e+00	6.915869e+00	9.626618e-04	51611449.000000	0.000000e+00
5.719650e+00	6.909967e+00	9.614842e-04	51649683.000000	0.000000e+00
5.721645e+00	6.906944e+00	9.605451e-04	51705457.000000	0.000000e+00
5.723640e+00	6.903146e+00	9.594841e-04	51762897.000000	0.000000e+00
5.725635e+00	6.899536e+00	9.589692e-04	51764317.000000	0.000000e+00
5.727630e+00	6.894521e+00	9.579765e-04	51796267.000000	0.000000e+00
5.729624e+00	6.889339e+00	9.568794e-04	51837093.000000	0.000000e+00
5.731619e+00	6.883722e+00	9.553480e-04	51918661.000000	0.000000e+00
5.733614e+00	6.880425e+00	9.551347e-04	51892107.000000	0.000000e+00
5.735609e+00	6.876009e+00	9.537662e-04	51974341.000000	0.000000e+00
5.737603e+00	6.869984e+00	9.531062e-04	51955177.000000	0.000000e+00
5.739598e+00	6.866358e+00	9.518923e-04	52032813.000000	0.000000e+00
5.741592e+00	6.863261e+00	9.511809e-04	52063675.000000	0.000000e+00
5.743587e+00	6.857959e+00	9.501107e-04	52100445.000000	0.000000e+00
5.745582e+00	6.852999e+00	9.493070e-04	52113229.000000	0.000000e+00
5.747576e+00	6.848717e+00	9.479769e-04	52194291.000000	0.000000e+00
5.749572e+00	6.846383e+00	9.475551e-04	52205161.000000	0.000000e+00
5.751566e+00	6.840861e+00	9.464902e-04	52238329.000000	0.000000e+00
5.753560e+00	6.836774e+00	9.457527e-04	52257327.000000	0.000000e+00
5.755555e+00	6.831443e+00	9.442093e-04	52346593.000000	0.000000e+00
5.757550e+00	6.826321e+00	9.437491e-04	52319097.000000	0.000000e+00
5.759544e+00	6.823996e+00	9.428962e-04	52378093.000000	0.000000e+00
5.761539e+00	6.818337e+00	9.415441e-04	52441551.000000	0.000000e+00
5.763533e+00	6.814586e+00	9.410796e-04	52435597.000000	0.000000e+00
5.765528e+00	6.809483e+00	9.396915e-04	52511905.000000	0.000000e+00
5.767522e+00	6.803843e+00	9.389273e-04	52510323.000000	0.000000e+00
5.769517e+00	6.802359e+00	9.379556e-04	52596217.000000	0.000000e+00
5.771512e+00	6.798212e+00	9.374152e-04	52592685.000000	0.000000e+00
5.773507e+00	6.792704e+00	9.361040e-04	52654693.000000	0.000000e+00
5.775502e+00	6.788540e+00	9.353609e-04	52673763.000000	0.000000e+00
5.777496e+00	6.781996e+00	9.341141e-04	52712689.000000	0.000000e+00
5.779491e+00	6.780715e+00	9.336036e-04	52750417.000000	0.000000e+00
5.781486e+00	6.774196e+00	9.324433e-04	52780143.000000	0.000000e+00
5.783480e+00	6.771957e+00	9.317102e-04	52828309.000000	0.000000e+00
5.785475e+00	6.767135e+00	9.308807e-04	52847157.000000	0.000000e+00
5.787469e+00	6.761668e+00	9.298077e-04	52883653.000000	0.000000e+00
5.789464e+00	6.758290e+00	9.288821e-04	52936159.000000	0.000000e+00
5.791459e+00	6.754318e+00	9.279267e-04	52982889.000000	0.000000e+00
5.793454e+00	6.749138e+00	9.268931e-04	53019709.000000	0.000000e+00
5.795448e+00	6.747185e+00	9.266805e-04	53013339.000000	0.000000e+00
5.797442e+00	6.739350e+00	9.250540e-04	53076457.000000	0.000000e+00
5.799437e+00	6.736045e+00	9.242052e-04	53121849.000000	0.000000e+00
5.801432e+00	6.732805e+00	9.234652e-04	53155843.000000	0.000000e+00
5.803426e+00	6.728965e+00	9.227865e-04	53173357.000000	0.000000e+00
5.805421e+00	6.721722e+00	9.212225e-04	53239257.000000	0.000000e+00
5.807416e+00	6.718855e+00	9.207114e-04	53252929.000000	0.000000e+00
5.809410e+00	6.714032e+00	9.197502e-04	53287707.000000	0.000000e+00
5.811405e+00	6.712858e+00	9.191394e-04	53339893.000000	0.000000e+00
5.813400e+00	6.707764e+00	9.181838e-04	53369877.000000	0.000000e+00
5.815394e+00	6.703255e+00	9.171987e-04	53412715.000000	0.000000e+00
5.817389e+00	6.698370e+00	9.162850e-04	53441317.000000	0.000000e+00
5.819384e+00	6.693996e+00	9.153636e-04	53479029.000000	0.000000e+00
5.821378e+00	6.688556e+00	9.142929e-04	53517289.000000	0.000000e+00
5.823373e+00	6.686646e+00	9.137277e-04	53552919.000000	0.000000e+00
5.825368e+00	6.680991e+00	9.126109e-04	53593297.000000	0.000000e+00
5.827363e+00	6.676716e+00	9.116230e-04	53640805.000000	0.000000e+00
5.829357e+00	6.672100e+00	9.109201e-04	53649351.000000	0.000000e+00
5.831352e+00	6.667964e+00	9.099666e-04	53695213.000000	0.000000e+00
5.833346e+00	6.663989e+00	9.090006e-04	53745261.000000	0.000000e+00
5.835341e+00	6.658642e+00	9.080883e-04	53766919.000000	0.000000e+00
5.837335e+00	6.656685e+00	9.075182e-04	53802849.000000	0.000000e+00
5.839330e+00	6.649985e+00	9.062498e-04	53845009.000000	0.000000e+00
5.841325e+00	6.647633e+00	9.054830e-04	53898097.000000	0.000000e+00
5.843320e+00	6.643203e+00	9.046835e-04	53921475.000000	0.000000e+00
5.845314e+00	6.639759e+00	9.038241e-04	53968057.000000	0.000000e+00
5.847309e+00	6.635382e+00	9.030869e-04	53984961.000000	0.000000e+00
5.849304e+00	6.631402e+00	9.020926e-04	54039139.000000	0.000000e+00
5.851298e+00	6.625191e+00	9.010233e-04	54066057.000000	0.000000e+00
5.853293e+00	6.622434e+00	9.004974e-04	54084181.000000	0.000000e+00
5.855287e+00	6.617642e+00	8.993867e-04	54139429.000000	0.000000e+00
5.857282e+00	6.614126e+00	8.984848e-04	54190527.000000	0.000000e+00
5.859277e+00	6.609839e+00	8.975651e-04	54231277.000000	0.000000e+00
5.861272e+00	6.606029e+00	8.969806e-04	54239397.000000	0.000000e+00
5.863266e+00	6.599554e+00	8.957990e-04	54276031.000000	0.000000e+00
5.865261e+00	6.597067e+00	8.947916e-04	54357309.000000	0.000000e+00
5.867256e+00	6.592827e+00	8.941946e-04	54359977.000000	0.000000e+00
5.869250e+00	6.587174e+00	8.932412e-04	54382705.000000	0.000000e+00
5.871244e+00	6.584162e+00	8.923858e-04	54437199.000000	0.000000e+00
5.873239e+00	6.580410e+00	8.914321e-04	54491569.000000	0.000000e+00
5.875234e+00	6.574725e+00	8.906216e-04	54496509.000000	0.000000e+00
5.877228e+00	6.571197e+00	8.896710e-04	54554431.000000	0.000000e+00
5.879223e+00	6.567409e+00	8.888895e-04	54587413.000000	0.000000e+00
5.881218e+00	6.563281e+00	8.882143e-04	54601737.000000	0.000000e+00
5.883212e+00	6.561291e+00	8.873274e-04	54677767.000000	0.000000e+00
5.885207e+00	6.556856e+00	8.865078e-04	54704889.000000	0.000000e+00
5.887202e+00	6.549675e+00	8.855155e-04	54707533.000000	0.000000e+00
5.889196e+00	6.546542e+00	8.843761e-04	54796137.000000	0.000000e+00
5.891191e+00	6.543527e+00	8.838590e-04	54809755.000000	0.000000e+00
5.893186e+00	6.539442e+00	8.831247e-04	54832405.000000	0.000000e+00
5.895180e+00	6.533932e+00	8.819941e-04	54880485.000000	0.000000e+00
5.897174e+00	6.529484e+00	8.814065e-04	54878887.000000	0.000000e+00
5.899169e+00	6.525401e+00	8.798571e-04	55003473.000000	0.000000e+00
5.901164e+00	6.521781e+00	8.795791e-04	54977197.000000	0.000000e+00
5.903159e+00	6.517452e+00	8.784372e-04	55047069.000000	0.000000e+00
5.905153e+00	6.513622e+00	8.779100e-04	55048447.000000	0.000000e+00
5.907148e+00	6.510149e+00	8.767584e-04	55134313.000000	0.000000e+00
5.909143e+00	6.504943e+00	8.762039e-04	55115877.000000	0.000000e+00
5.911137e+00	6.501154e+00	8.750624e-04	55195399.000000	0.000000e+00
5.913132e+00	6.496766e+00	8.742818e-04	55219389.000000	0.000000e+00
5.915127e+00	6.492234e+00	8.732619e-04	55271257.000000	0.000000e+00
5.917122e+00	6.489237e+00	8.728771e-04	55268931.000000	0.000000e+00
5.919116e+00	6.485093e+00	8.716751e-04	55350709.000000	0.000000e+00
5.921111e+00	6.482484e+00	8.713432e-04	55348309.000000	0.000000e+00
5.923105e+00	6.476862e+00	8.702240e-04	55394565.000000	0.000000e+00
5.925100e+00	6.474115e+00	8.694597e-04	55444927.000000	0.000000e+00
5.927095e+00	6.470847e+00	8.687322e-04	55481781.000000	0.000000e+00
5.929089e+00	6.465964e+00	8.677701e-04	55520989.000000	0.000000e+00
5.931084e+00	6.459617e+00	8.667369e-04	55544227.000000	0.000000e+00
5.933079e+00	6.457591e+00	8.660846e-04	55593045.000000	0.000000e+00
5.935073e+00	6.453975e+00	8.652678e-04	55635697.000000	0.000000e+00
5.937068e+00	6.450035e+00	8.646331e-04	55649385.000000	0.000000e+00
5.939063e+00	6.444777e+00	8.633344e-04	55725979.000000	0.000000e+00
5.941057e+00	6.440991e+00	8.628687e-04	55720617.000000	0.000000e+00
5.943052e+00	6.437848e+00	8.619541e-04	55784461.000000	0.000000e+00
5.945047e+00	6.433045e+00	8.610382e-04	55819807.000000	0.000000e+00
5.947041e+00	6.429148e+00	8.605616e-04	55813977.000000	0.000000e+00
5.949035e+00	6.425950e+00	8.592546e-04	55928209.000000	0.000000e+00
5.951031e+00	6.421362e+00	8.586623e-04	55925451.000000	0.000000e+00
5.953025e+00	6.415560e+00	8.575960e-04	55963333.000000	0.000000e+00
5.955020e+00	6.412079e+00	8.568863e-04	55995261.000000	0.000000e+00
5.957014e+00	6.409930e+00	8.562042e-04	56046925.000000	0.000000e+00
5.959009e+00	6.405184e+00	8.554873e-04	56057803.000000	0.000000e+00
5.961003e+00	6.400533e+00	8.543200e-04	56129493.000000	0.000000e+00
5.962998e+00	6.397474e+00	8.537095e-04	56156089.000000	0.000000e+00
5.964993e+00	6.393097e+00	8.528475e-04	56192691.000000	0.000000e+00
5.966987e+00	6.388269e+00	8.521536e-04	56199253.000000	0.000000e+00
5.968982e+00	6.384694e+00	8.509636e-04	56293485.000000	0.000000e+00
5.970977e+00	6.381086e+00	8.506141e-04	56276101.000000	0.000000e+00
5.972971e+00	6.376987e+00	8.494566e-04	56357095.000000	0.000000e+00
5.974966e+00	6.372160e+00	8.487538e-04	56365053.000000	0.000000e+00
5.976961e+00	6.369064e+00	8.477936e-04	56437909.000000	0.000000e+00
5.978956e+00	6.365221e+00	8.472223e-04	56445879.000000	0.000000e+00
5.980950e+00	6.359431e+00	8.461363e-04	56487961.000000	0.000000e+00
5.982945e+00	6.357576e+00	8.456071e-04	56525689.000000	0.000000e+00
5.984939e+00	6.353306e+00	8.446626e-04	56576109.000000	0.000000e+00
5.986934e+00	6.349188e+00	8.439173e-04	56602627.000000	0.000000e+00
5.988929e+00	6.347423e+00	8.433662e-04	56645121.000000	0.000000e+00
5.990923e+00	6.341531e+00	8.425469e-04	56650021.000000	0.000000e+00
5.992918e+00	6.337924e+00	8.413786e-04	56742855.000000	0.000000e+00
5.994913e+00	6.332507e+00	8.406788e-04	56740249.000000	0.000000e+00
5.996907e+00	6.329038e+00	8.397343e-04	56805649.000000	0.000000e+00
5.998902e+00	6.326217e+00	8.391943e-04	56828103.000000	0.000000e+00
6.000897e+00	6.321702e+00	8.382371e-04	56876689.000000	0.000000e+00
6.002891e+00	6.317997e+00	8.376581e-04	56888601.000000	0.000000e+00
6.004886e+00	6.314655e+00	8.367441e-04	56952649.000000	0.000000e+00
6.006880e+00	6.310474e+00	8.361605e-04	56956683.000000	0.000000e+00
6.008875e+00	6.305129e+00	8.348099e-04	57044377.000000	0.000000e+00
6.010870e+00	6.302324e+00	8.343051e-04	57062617.000000	0.000000e+00
6.012865e+00	6.298384e+00	8.335252e-04	57097995.000000	0.000000e+00
6.014859e+00	6.295355e+00	8.329071e-04	57127789.000000	0.000000e+00
6.016854e+00	6.291001e+00	8.319279e-04	57183153.000000	0.000000e+00
6.018849e+00	6.287201e+00	8.312275e-04	57210385.000000	0.000000e+00
6.020843e+00	6.282297e+00	8.303555e-04	57241207.000000	0.000000e+00
6.022838e+00	6.278532e+00	8.295264e-04	57286977.000000	0.000000e+00
6.024833e+00	6.273775e+00	8.286315e-04	57323797.000000	0.000000e+00
6.026827e+00	6.270800e+00	8.279757e-04	57360219.000000	0.000000e+00
6.028822e+00	6.265389e+00	8.270271e-04	57392701.000000	0.000000e+00
6.030816e+00	6.262146e+00	8.262910e-04	57435489.000000	0.000000e+00
6.032811e+00	6.259805e+00	8.256340e-04	57483931.000000	0.000000e+00
6.034806e+00	6.254950e+00	8.249114e-04	57495409.000000	0.000000e+00
6.036800e+00	6.251874e+00	8.239936e-04	57566901.000000	0.000000e+00
6.038795e+00	6.248690e+00	8.236716e-04	57553237.000000	0.000000e+00
6.040789e+00	6.243926e+00	8.224530e-04	57635931.000000	0.000000e+00
6.042784e+00	6.239281e+00	8.215817e-04	57672337.000000	0.000000e+00
6.044779e+00	6.236463e+00	8.208866e-04	57717885.000000	0.000000e+00
6.046774e+00	6.233964e+00	8.203813e-04	57742699.000000	0.000000e+00
6.048769e+00	6.229431e+00	8.194322e-04	57792385.000000	0.000000e+00
6.050763e+00	6.224339e+00	8.187054e-04	57800433.000000	0.000000e+00
6.052758e+00	6.221296e+00	8.179164e-04	57855409.000000	0.000000e+00
6.054752e+00	6.215411e+00	8.169082e-04	57888627.000000	0.000000e+00
6.056746e+00	6.212853e+00	8.163645e-04	57918049.000000	0.000000e+00
6.058741e+00	6.209720e+00	8.155715e-04	57972225.000000	0.000000e+00
6.060736e+00	6.205283e+00	8.147105e-04	58011823.000000	0.000000e+00
6.062730e+00	6.201689e+00	8.140093e-04	58044529.000000	0.000000e+00
6.064725e+00	6.197074e+00	8.129634e-04	58107381.000000	0.000000e+00
6.066720e+00	6.192999e+00	8.125397e-04	58091533.000000	0.000000e+00
6.068714e+00	6.188936e+00	8.113981e-04	58178703.000000	0.000000e+00
6.070709e+00	6.185001e+00	8.107524e-04	58197337.000000	0.000000e+00
6.072704e+00	6.182558e+00	8.099858e-04	58261489.000000	0.000000e+00
6.074699e+00	6.176962e+00	8.092408e-04	58263195.000000	0.000000e+00
6.076694e+00	6.173263e+00	8.084086e-04	58313305.000000	0.000000e+00
6.078688e+00	6.170428e+00	8.078701e-04	58337457.000000	0.000000e+00
6.080682e+00	6.168103e+00	8.072194e-04	58387519.000000	0.000000e+00
6.082677e+00	6.163692e+00	8.062820e-04	58439685.000000	0.000000e+00
6.084672e+00	6.159730e+00	8.056795e-04	58451917.000000	0.000000e+00
6.086666e+00	6.156713e+00	8.048678e-04	58512493.000000	0.000000e+00
6.088661e+00	6.151700e+00	8.039478e-04	58551027.000000	0.000000e+00
6.090656e+00	6.147662e+00	8.032464e-04	58576357.000000	0.000000e+00
6.092650e+00	6.145494e+00	8.026468e-04	58622529.000000	0.000000e+00
6.094645e+00	6.140947e+00	8.017936e-04	58660471.000000	0.000000e+00
6.096640e+00	6.137896e+00	8.011660e-04	58694049.000000	0.000000e+00
6.098635e+00	6.132247e+00	7.999695e-04	58761433.000000	0.000000e+00
6.100629e+00	6.129478e+00	7.997806e-04	58736125.000000	0.000000e+00
6.102623e+00	6.126792e+00	7.987248e-04	58839903.000000	0.000000e+00
6.104618e+00	6.121871e+00	7.981927e-04	58823773.000000	0.000000e+00
6.106613e+00	6.118194e+00	7.971258e-04	58910505.000000	0.000000e+00
6.108607e+00	6.115753e+00	7.967632e-04	58917091.000000	0.000000e+00
6.110602e+00	6.110343e+00	7.955888e-04	58986669.000000	0.000000e+00
6.112597e+00	6.107135e+00	7.950660e-04	59002261.000000	0.000000e+00
6.114592e+00	6.103720e+00	7.944297e-04	59030755.000000	0.000000e+00
6.116586e+00	6.099364e+00	7.934202e-04	59096613.000000	0.000000e+00
6.118581e+00	6.096680e+00	7.929737e-04	59111125.000000	0.000000e+00
6.120575e+00	6.093293e+00	7.922583e-04	59152161.000000	0.000000e+00
6.122570e+00	6.089485e+00	7.914160e-04	59204059.000000	0.000000e+00
6.124565e+00	6.085950e+00	7.907626e-04	59233093.000000	0.000000e+00
6.126559e+00	6.081824e+00	7.900330e-04	59262117.000000	0.000000e+00
6.128554e+00	6.078116e+00	7.889933e-04	59345971.000000	0.000000e+00
6.130549e+00	6.074373e+00	7.885874e-04	59333937.000000	0.000000e+00
6.132543e+00	6.070000e+00	7.875699e-04	59401741.000000	0.000000e+00
6.134538e+00	6.066931e+00	7.869087e-04	59441445.000000	0.000000e+00
6.136533e+00	6.063466e+00	7.862799e-04	59468587.000000	0.000000e+00
6.138528e+00	6.060651e+00	7.857260e-04	59497165.000000	0.000000e+00
6.140522e+00	6.053793e+00	7.845601e-04	59539161.000000	0.000000e+00
6.142517e+00	6.050587e+00	7.837785e-04	59594791.000000	0.000000e+00
6.144511e+00	6.046813e+00	7.833023e-04	59592873.000000	0.000000e+00
6.146506e+00	6.043573e+00	7.823490e-04	59674189.000000	0.000000e+00
6.148501e+00	6.039196e+00	7.815244e-04	59713575.000000	0.000000e+00
6.150495e+00	6.036991e+00	7.811708e-04	59724013.000000	0.000000e+00
6.152489e+00	6.034217e+00	7.805355e-04	59766325.000000	0.000000e+00
6.154484e+00	6.028874e+00	7.794238e-04	59830833.000000	0.000000e+00
6.156479e+00	6.024697e+00	7.786289e-04	59870023.000000	0.000000e+00
6.158474e+00	6.022530e+00	7.783533e-04	59869329.000000	0.000000e+00
6.160468e+00	6.019635e+00	7.774491e-04	59951005.000000	0.000000e+00
6.162463e+00	6.015422e+00	7.767973e-04	59967615.000000	0.000000e+00
6.164458e+00	6.009667e+00	7.756739e-04	60026425.000000	0.000000e+00
6.166452e+00	6.006278e+00	7.752962e-04	60017173.000000	0.000000e+00
6.168447e+00	6.002476e+00	7.743239e-04	60091845.000000	0.000000e+00
6.170441e+00	6.000843e+00	7.738392e-04	60134419.000000	0.000000e+00
6.172436e+00	5.997817e+00	7.734313e-04	60137157.000000	0.000000e+00
6.174430e+00	5.993183e+00	7.722408e-04	60229549.000000	0.000000e+00
6.176425e+00	5.989240e+00	7.717219e-04	60231235.000000	0.000000e+00
6.178420e+00	5.986144e+00	7.708887e-04	60299121.000000	0.000000e+00
6.180415e+00	5.981600e+00	7.700590e-04	60337417.000000	0.000000e+00
6.182410e+00	5.977684e+00	7.695034e-04	60345501.000000	0.000000e+00
6.184404e+00	5.973945e+00	7.686065e-04	60410767.000000	0.000000e+00
6.186399e+00	5.971095e+00	7.680925e-04	60433929.000000	0.000000e+00
6.188394e+00	5.967978e+00	7.674375e-04	60473965.000000	0.000000e+00
6.190388e+00	5.963414e+00	7.665917e-04	60514807.000000	0.000000e+00
6.192383e+00	5.960288e+00	7.659013e-04	60560409.000000	0.000000e+00
6.194378e+00	5.956447e+00	7.651418e-04	60602521.000000	0.000000e+00
6.196372e+00	5.953288e+00	7.645642e-04	60629775.000000	0.000000e+00
6.198366e+00	5.949588e+00	7.640410e-04	60637381.000000	0.000000e+00
6.200361e+00	5.946416e+00	7.629535e-04	60745557.000000	0.000000e+00
6.202356e+00	5.942957e+00	7.624307e-04	60758137.000000	0.000000e+00
6.204351e+00	5.940821e+00	7.620404e-04	60776671.000000	0.000000e+00
6.206345e+00	5.935284e+00	7.610360e-04	60823665.000000	0.000000e+00
6.208340e+00	5.932071e+00	7.604017e-04	60859237.000000	0.000000e+00
6.210335e+00	5.928928e+00	7.595359e-04	60933447.000000	0.000000e+00
6.212329e+00	5.922849e+00	7.587574e-04	60933397.000000	0.000000e+00
6.214324e+00	5.921083e+00	7.582430e-04	60979729.000000	0.000000e+00
6.216319e+00	5.917775e+00	7.574497e-04	61039269.000000	0.000000e+00
6.218314e+00	5.914005e+00	7.567388e-04	61076107.000000	0.000000e+00
6.220308e+00	5.911332e+00	7.564424e-04	61068753.000000	0.000000e+00
6.222302e+00	5.905753e+00	7.553804e-04	61125037.000000	0.000000e+00
6.224297e+00	5.902190e+00	7.543862e-04	61212327.000000	0.000000e+00
6.226292e+00	5.901263e+00	7.541684e-04	61228453.000000	0.000000e+00
6.228287e+00	5.896231e+00	7.533207e-04	61261717.000000	0.000000e+00
6.230281e+00	5.892074e+00	7.525992e-04	61292715.000000	0.000000e+00
6.232276e+00	5.888032e+00	7.518616e-04	61328809.000000	0.000000e+00
6.234270e+00	5.886079e+00	7.513442e-04	61372557.000000	0.000000e+00
6.236265e+00	5.882294e+00	7.505797e-04	61418581.000000	0.000000e+00
6.238259e+00	5.879063e+00	7.500258e-04	61441791.000000	0.000000e+00
6.240254e+00	5.874759e+00	7.490064e-04	61518973.000000	0.000000e+00
6.242249e+00	5.872006e+00	7.485846e-04	61530613.000000	0.000000e+00
6.244243e+00	5.867843e+00	7.478935e-04	61557003.000000	0.000000e+00
6.246238e+00	5.865266e+00	7.472072e-04	61615981.000000	0.000000e+00
6.248232e+00	5.861227e+00	7.464805e-04	61651005.000000	0.000000e+00
6.250227e+00	5.856713e+00	7.455579e-04	61708525.000000	0.000000e+00
6.252222e+00	5.854118e+00	7.451055e-04	61728735.000000	0.000000e+00
6.254217e+00	5.850378e+00	7.443346e-04	61777657.000000	0.000000e+00
6.256211e+00	5.847606e+00	7.438831e-04	61794061.000000	0.000000e+00
6.258206e+00	5.842549e+00	7.428037e-04	61866639.000000	0.000000e+00
6.260201e+00	5.840724e+00	7.425544e-04	61869517.000000	0.000000e+00
6.262195e+00	5.837253e+00	7.416037e-04	61954557.000000	0.000000e+00
6.264190e+00	5.832434e+00	7.409936e-04	61954213.000000	0.000000e+00
6.266185e+00	5.830054e+00	7.403612e-04	62009455.000000	0.000000e+00
6.268179e+00	5.826189e+00	7.396554e-04	62045493.000000	0.000000e+00
6.270174e+00	5.822771e+00	7.389203e-04	62096077.000000	0.000000e+00
6.272168e+00	5.819157e+00	7.384024e-04	62106051.000000	0.000000e+00
6.274163e+00	5.814685e+00	7.374058e-04	62178361.000000	0.000000e+00
6.276158e+00	5.810784e+00	7.367557e-04	62204589.000000	0.000000e+00
6.278153e+00	5.807240e+00	7.360512e-04	62247727.000000	0.000000e+00
6.280147e+00	5.805087e+00	7.356218e-04	62274217.000000	0.000000e+00
6.282142e+00	5.800685e+00	7.347084e-04	62334525.000000	0.000000e+00
6.284136e+00	5.798874e+00	7.343989e-04	62348125.000000	0.000000e+00
6.286131e+00	5.794974e+00	7.335219e-04	62413263.000000	0.000000e+00
6.288126e+00	5.790596e+00	7.327629e-04	62448157.000000	0.000000e+00
6.290121e+00	5.787465e+00	7.321364e-04	62487441.000000	0.000000e+00
6.292115e+00	5.783225e+00	7.314449e-04	62513947.000000	0.000000e+00
6.294110e+00	5.780212e+00	7.308672e-04	62547577.000000	0.000000e+00
6.296104e+00	5.777488e+00	7.300556e-04	62627673.000000	0.000000e+00
6.298099e+00	5.773768e+00	7.296814e-04	62611213.000000	0.000000e+00
6.300094e+00	5.770558e+00	7.286509e-04	62718627.000000	0.000000e+00
6.302089e+00	5.768315e+00	7.285410e-04	62688793.000000	0.000000e+00
6.304083e+00	5.763079e+00	7.273939e-04	62772549.000000	0.000000e+00
6.306077e+00	5.761067e+00	7.270808e-04	62782783.000000	0.000000e+00
6.308072e+00	5.757383e+00	7.261916e-04	62856145.000000	0.000000e+00
6.310067e+00	5.753829e+00	7.255847e-04	62883633.000000	0.000000e+00
6.312062e+00	5.749480e+00	7.248596e-04	62914291.000000	0.000000e+00
6.314056e+00	5.746650e+00	7.243163e-04	62946705.000000	0.000000e+00
6.316051e+00	5.742807e+00	7.234151e-04	63019249.000000	0.000000e+00
6.318046e+00	5.739277e+00	7.229037e-04	63030901.000000	0.000000e+00
6.320040e+00	5.735736e+00	7.221916e-04	63077343.000000	0.000000e+00
6.322035e+00	5.732808e+00	7.217364e-04	63092473.000000	0.000000e+00
6.324029e+00	5.729495e+00	7.208134e-04	63181077.000000	0.000000e+00
6.326024e+00	5.726943e+00	7.203891e-04	63199183.000000	0.000000e+00
6.328019e+00	5.721379e+00	7.195175e-04	63229353.000000	0.000000e+00
6.330013e+00	5.718541e+00	7.188742e-04	63279745.000000	0.000000e+00
6.332008e+00	5.715305e+00	7.182121e-04	63324733.000000	0.000000e+00
6.334003e+00	5.711905e+00	7.175916e-04	63358839.000000	0.000000e+00
6.335997e+00	5.709643e+00	7.171449e-04	63387565.000000	0.000000e+00
6.337992e+00	5.706820e+00	7.164808e-04	63442353.000000	0.000000e+00
6.339987e+00	5.702350e+00	7.156408e-04	63491791.000000	0.000000e+00
6.341982e+00	5.698466e+00	7.151357e-04	63494925.000000	0.000000e+00
6.343976e+00	5.696135e+00	7.145053e-04	63554989.000000	0.000000e+00
6.345970e+00	5.692586e+00	7.139037e-04	63582835.000000	0.000000e+00
6.347965e+00	5.688040e+00	7.129444e-04	63652293.000000	0.000000e+00
6.349960e+00	5.685582e+00	7.124878e-04	63678805.000000	0.000000e+00
6.351955e+00	5.682600e+00	7.118496e-04	63726141.000000	0.000000e+00
6.353949e+00	5.678517e+00	7.112898e-04	63734803.000000	0.000000e+00
6.355944e+00	5.674984e+00	7.104564e-04	63804973.000000	0.000000e+00
6.357939e+00	5.672121e+00	7.098247e-04	63854097.000000	0.000000e+00
6.359933e+00	5.669138e+00	7.093531e-04	63871795.000000	0.000000e+00
6.361928e+00	5.665948e+00	7.087651e-04	63905841.000000	0.000000e+00
6.363923e+00	5.662217e+00	7.079059e-04	63976717.000000	0.000000e+00
6.365918e+00	5.659591e+00	7.074743e-04	63995409.000000	0.000000e+00
6.367912e+00	5.656330e+00	7.069315e-04	64019887.000000	0.000000e+00
6.369906e+00	5.651197e+00	7.060294e-04	64067149.000000	0.000000e+00
6.371901e+00	5.649997e+00	7.055317e-04	64130313.000000	0.000000e+00
6.373896e+00	5.645684e+00	7.047680e-04	64171291.000000	0.000000e+00
6.375890e+00	5.641283e+00	7.041889e-04	64176705.000000	0.000000e+00
6.377885e+00	5.638859e+00	7.034104e-04	64263565.000000	0.000000e+00
6.379880e+00	5.635087e+00	7.029445e-04	64262733.000000	0.000000e+00
6.381874e+00	5.632095e+00	7.022742e-04	64317103.000000	0.000000e+00
6.383869e+00	5.629138e+00	7.016711e-04	64360081.000000	0.000000e+00
6.385864e+00	5.624733e+00	7.009364e-04	64394193.000000	0.000000e+00
6.387858e+00	5.621717e+00	7.002903e-04	64443895.000000	0.000000e+00
6.389853e+00	5.618350e+00	6.996961e-04	64476081.000000	0.000000e+00
6.391847e+00	5.614886e+00	6.990500e-04	64515697.000000	0.000000e+00
6.393842e+00	5.612665e+00	6.985652e-04	64554171.000000	0.000000e+00
6.395837e+00	5.608510e+00	6.977073e-04	64617241.000000	0.000000e+00
6.397832e+00	5.604620e+00	6.971398e-04	64632745.000000	0.000000e+00
6.399827e+00	5.601649e+00	6.963288e-04	64714713.000000	0.000000e+00
6.401821e+00	5.599281e+00	6.961252e-04	64697839.000000	0.000000e+00
6.403816e+00	5.596214e+00	6.954481e-04	64752885.000000	0.000000e+00
6.405810e+00	5.592318e+00	6.947243e-04	64797577.000000	0.000000e+00
6.407804e+00	5.589953e+00	6.943607e-04	64810591.000000	0.000000e+00
6.409799e+00	5.586751e+00	6.933657e-04	64922301.000000	0.000000e+00
6.411794e+00	5.582846e+00	6.928700e-04	64924381.000000	0.000000e+00
6.413789e+00	5.577613e+00	6.920913e-04	64948617.000000	0.000000e+00
6.415783e+00	5.577206e+00	6.918054e-04	64992835.000000	0.000000e+00
6.417778e+00	5.572374e+00	6.907636e-04	65076117.000000	0.000000e+00
6.419773e+00	5.569187e+00	6.904085e-04	65068585.000000	0.000000e+00
6.421767e+00	5.567733e+00	6.899355e-04	65123815.000000	0.000000e+00
6.423762e+00	5.563246e+00	6.891707e-04	65163285.000000	0.000000e+00
6.425757e+00	5.559209e+00	6.883392e-04	65226037.000000	0.000000e+00
6.427751e+00	5.556440e+00	6.880080e-04	65223831.000000	0.000000e+00
6.429746e+00	5.553053e+00	6.872827e-04	65281897.000000	0.000000e+00
6.431740e+00	5.550517e+00	6.867058e-04	65331921.000000	0.000000e+00
6.433735e+00	5.545712e+00	6.859295e-04	65366557.000000	0.000000e+00
6.435729e+00	5.543972e+00	6.855474e-04	65398411.000000	0.000000e+00
6.437724e+00	5.540357e+00	6.847954e-04	65456661.000000	0.000000e+00
6.439719e+00	5.537107e+00	6.841628e-04	65500849.000000	0.000000e+00
6.441714e+00	5.534152e+00	6.835590e-04	65546607.000000	0.000000e+00
6.443709e+00	5.530599e+00	6.830728e-04	65555701.000000	0.000000e+00
6.445703e+00	5.527797e+00	6.824105e-04	65616453.000000	0.000000e+00
6.447698e+00	5.524005e+00	6.818620e-04	65631913.000000	0.000000e+00
6.449692e+00	5.523069e+00	6.813414e-04	65709991.000000	0.000000e+00
6.451687e+00	5.519328e+00	6.808339e-04	65718885.000000	0.000000e+00
6.453681e+00	5.514532e+00	6.799074e-04	65783617.000000	0.000000e+00
6.455676e+00	5.511604e+00	6.794174e-04	65808603.000000	0.000000e+00
6.457671e+00	5.507060e+00	6.785819e-04	65862025.000000	0.000000e+00
6.459666e+00	5.504952e+00	6.780815e-04	65908777.000000	0.000000e+00
6.461660e+00	5.502019e+00	6.776368e-04	65925009.000000	0.000000e+00
6.463655e+00	5.496481e+00	6.766519e-04	65984023.000000	0.000000e+00
6.465650e+00	5.494510e+00	6.762789e-04	66009489.000000	0.000000e+00
6.467644e+00	5.492225e+00	6.758292e-04	66042397.000000	0.000000e+00
6.469639e+00	5.488738e+00	6.749803e-04	66124551.000000	0.000000e+00
6.471634e+00	5.485582e+00	6.745046e-04	66141757.000000	0.000000e+00
6.473628e+00	5.482910e+00	6.740164e-04	66173065.000000	0.000000e+00
6.475623e+00	5.478683e+00	6.732135e-04	66228771.000000	0.000000e+00
6.477618e+00	5.476128e+00	6.727059e-04	66266917.000000	0.000000e+00
6.479612e+00	5.472689e+00	6.721386e-04	66295485.000000	0.000000e+00
6.481607e+00	5.468813e+00	6.714738e-04	66332749.000000	0.000000e+00
6.483601e+00	5.466829e+00	6.708729e-04	66403431.000000	0.000000e+00
6.485596e+00	5.463818e+00	6.705182e-04	66400501.000000	0.000000e+00
6.487591e+00	5.459612e+00	6.695459e-04	66491005.000000	0.000000e+00
6.489585e+00	5.457441e+00	6.693236e-04	66482271.000000	0.000000e+00
6.491580e+00	5.456073e+00	6.687703e-04	66558937.000000	0.000000e+00
6.493575e+00	5.450564e+00	6.679135e-04	66595113.000000	0.000000e+00
6.495569e+00	5.447688e+00	6.673261e-04	66642049.000000	0.000000e+00
6.497564e+00	5.444667e+00	6.669589e-04	66641439.000000	0.000000e+00
6.499558e+00	5.441975e+00	6.661737e-04	66732625.000000	0.000000e+00
6.501553e+00	5.438925e+00	6.657630e-04	66740089.000000	0.000000e+00
6.503548e+00	5.435132e+00	6.649866e-04	66802755.000000	0.000000e+00
6.505542e+00	5.430635e+00	6.643063e-04	66828925.000000	0.000000e+00
6.507537e+00	5.429083e+00	6.638252e-04	66887589.000000	0.000000e+00
6.509532e+00	5.427671e+00	6.635295e-04	66912391.000000	0.000000e+00
6.511526e+00	5.421770e+00	6.626690e-04	66940489.000000	0.000000e+00
6.513520e+00	5.418885e+00	6.620325e-04	66997917.000000	0.000000e+00
6.515516e+00	5.416799e+00	6.614464e-04	67065013.000000	0.000000e+00
6.517510e+00	5.411911e+00	6.607777e-04	67079607.000000	0.000000e+00
6.519505e+00	5.411233e+00	6.606223e-04	67094353.000000	0.000000e+00
6.521499e+00	5.408027e+00	6.597731e-04	67187493.000000	0.000000e+00
6.523494e+00	5.404952e+00	6.592969e-04	67208107.000000	0.000000e+00
6.525489e+00	5.401527e+00	6.587086e-04	67242901.000000	0.000000e+00
6.527484e+00	5.397940e+00	6.580592e-04	67286241.000000	0.000000e+00
6.529478e+00	5.393792e+00	6.573522e-04	67327465.000000	0.000000e+00
6.531473e+00	5.391494e+00	6.568996e-04	67362819.000000	0.000000e+00
6.533467e+00	5.388041e+00	6.562537e-04	67409053.000000	0.000000e+00
6.535462e+00	5.385022e+00	6.557238e-04	67442421.000000	0.000000e+00
6.537457e+00	5.382979e+00	6.551045e-04	67518727.000000	0.000000e+00
6.539451e+00	5.378750e+00	6.546210e-04	67512277.000000	0.000000e+00
6.541446e+00	5.375690e+00	6.538774e-04	67588965.000000	0.000000e+00
6.543441e+00	5.372617e+00	6.534632e-04	67597333.000000	0.000000e+00
6.545435e+00	5.368972e+00	6.526061e-04	67683075.000000	0.000000e+00
6.547430e+00	5.367682e+00	6.524405e-04	67684885.000000	0.000000e+00
6.549425e+00	5.363682e+00	6.516983e-04	67738093.000000	0.000000e+00
6.551419e+00	5.359863e+00	6.509675e-04	67793607.000000	0.000000e+00
6.553414e+00	5.357826e+00	6.506508e-04	67808065.000000	0.000000e+00
6.555409e+00	5.355512e+00	6.500623e-04	67872225.000000	0.000000e+00
6.557403e+00	5.351470e+00	6.494496e-04	67897735.000000	0.000000e+00
6.559398e+00	5.348520e+00	6.488650e-04	67945161.000000	0.000000e+00
6.561392e+00	5.344107e+00	6.481416e-04	67984585.000000	0.000000e+00
6.563387e+00	5.342307e+00	6.477220e-04	68026861.000000	0.000000e+00
6.565382e+00	5.339523e+00	6.471491e-04	68076363.000000	0.000000e+00
6.567376e+00	5.335588e+00	6.465067e-04	68111197.000000	0.000000e+00
6.569371e+00	5.333521e+00	6.459166e-04	68182857.000000	0.000000e+00
6.571366e+00	5.330080e+00	6.455051e-04	68181739.000000	0.000000e+00
6.573360e+00	5.327294e+00	6.450186e-04	68213277.000000	0.000000e+00
6.575355e+00	5.324280e+00	6.442492e-04	68298937.000000	0.000000e+00
6.577350e+00	5.320676e+00	6.438193e-04	68297629.000000	0.000000e+00
6.579344e+00	5.316927e+00	6.430567e-04	68363271.000000	0.000000e+00
6.581339e+00	5.314452e+00	6.425920e-04	68398477.000000	0.000000e+00
6.583334e+00	5.311887e+00	6.419138e-04	68476941.000000	0.000000e+00
6.585329e+00	5.308502e+00	6.415876e-04	68459251.000000	0.000000e+00
6.587323e+00	5.305853e+00	6.409160e-04	68534337.000000	0.000000e+00
6.589318e+00	5.302658e+00	6.404243e-04	68556973.000000	0.000000e+00
6.591312e+00	5.298732e+00	6.396335e-04	68624875.000000	0.000000e+00
6.593307e+00	5.297780e+00	6.393975e-04	68650857.000000	0.000000e+00
6.595301e+00	5.294205e+00	6.389493e-04	68654449.000000	0.000000e+00
6.597296e+00	5.289412e+00	6.378833e-04	68759421.000000	0.000000e+00
6.599291e+00	5.287956e+00	6.376806e-04	68765287.000000	0.000000e+00
6.601285e+00	5.283343e+00	6.368375e-04	68827249.000000	0.000000e+00
6.603280e+00	5.282307e+00	6.365954e-04	68852577.000000	0.000000e+00
6.605275e+00	5.278526e+00	6.358521e-04	68914915.000000	0.000000e+00
6.607269e+00	5.275364e+00	6.354671e-04	68915805.000000	0.000000e+00
6.609264e+00	5.272874e+00	6.348479e-04	68985133.000000	0.000000e+00
6.611258e+00	5.268422e+00	6.340978e-04	69031713.000000	0.000000e+00
6.613253e+00	5.265918e+00	6.335860e-04	69077575.000000	0.000000e+00
6.615248e+00	5.262749e+00	6.331510e-04	69089281.000000	0.000000e+00
6.617242e+00	5.260353e+00	6.324786e-04	69173229.000000	0.000000e+00
6.619238e+00	5.257135e+00	6.319691e-04	69200071.000000	0.000000e+00
6.621232e+00	5.254392e+00	6.314956e-04	69231585.000000	0.000000e+00
6.623227e+00	5.251399e+00	6.310324e-04	69254305.000000	0.000000e+00
6.625221e+00	5.248358e+00	6.303297e-04	69328431.000000	0.000000e+00
6.627216e+00	5.245325e+00	6.297931e-04	69366361.000000	0.000000e+00
6.629211e+00	5.242730e+00	6.293588e-04	69393433.000000	0.000000e+00
6.631205e+00	5.239007e+00	6.286708e-04	69446673.000000	0.000000e+00
6.633200e+00	5.236371e+00	6.282456e-04	69470731.000000	0.000000e+00
6.635194e+00	5.233567e+00	6.276329e-04	69531897.000000	0.000000e+00
6.637189e+00	5.229878e+00	6.270393e-04	69565465.000000	0.000000e+00
6.639184e+00	5.227478e+00	6.265034e-04	69620583.000000	0.000000e+00
6.641179e+00	5.224977e+00	6.261243e-04	69638233.000000	0.000000e+00
6.643173e+00	5.220555e+00	6.253706e-04	69688069.000000	0.000000e+00
6.645168e+00	5.218364e+00	6.248370e-04	69748569.000000	0.000000e+00
6.647163e+00	5.215997e+00	6.243382e-04	69796687.000000	0.000000e+00
6.649157e+00	5.212448e+00	6.240111e-04	69774837.000000	0.000000e+00
6.651152e+00	5.209683e+00	6.231960e-04	69883273.000000	0.000000e+00
6.653147e+00	5.206799e+00	6.227036e-04	69916363.000000	0.000000e+00
6.655141e+00	5.203640e+00	6.222894e-04	69924549.000000	0.000000e+00
6.657135e+00	5.200725e+00	6.216956e-04	69979717.000000	0.000000e+00
6.659130e+00	5.197294e+00	6.211225e-04	70016457.000000	0.000000e+00
6.661125e+00	5.193761e+00	6.203026e-04	70106263.000000	0.000000e+00
6.663120e+00	5.192650e+00	6.202562e-04	70086741.000000	0.000000e+00
6.665114e+00	5.189063e+00	6.195333e-04	70153381.000000	0.000000e+00
6.667109e+00	5.184767e+00	6.187352e-04	70218067.000000	0.000000e+00
6.669103e+00	5.183291e+00	6.185815e-04	70212945.000000	0.000000e+00
6.671098e+00	5.180648e+00	6.178479e-04	70308061.000000	0.000000e+00
6.673093e+00	5.176762e+00	6.174356e-04	70296387.000000	0.000000e+00
6.675087e+00	5.174444e+00	6.169546e-04	70343017.000000	0.000000e+00
6.677082e+00	5.171787e+00	6.162500e-04	70431585.000000	0.000000e+00
6.679077e+00	5.168706e+00	6.158125e-04	70447681.000000	0.000000e+00
6.681071e+00	5.165370e+00	6.151440e-04	70509763.000000	0.000000e+00
6.683066e+00	5.161986e+00	6.147326e-04	70511697.000000	0.000000e+00
6.685061e+00	5.160176e+00	6.141627e-04	70593073.000000	0.000000e+00
6.687055e+00	5.156542e+00	6.136672e-04	70607571.000000	0.000000e+00
6.689050e+00	5.153728e+00	6.130932e-04	70662649.000000	0.000000e+00
6.691045e+00	5.150943e+00	6.126392e-04	70690953.000000	0.000000e+00
6.693039e+00	5.148156e+00	6.119927e-04	70763773.000000	0.000000e+00
6.695034e+00	5.145019e+00	6.115809e-04	70772755.000000	0.000000e+00
6.697028e+00	5.142488e+00	6.111003e-04	70814397.000000	0.000000e+00
6.699023e+00	5.137847e+00	6.103006e-04	70872001.000000	0.000000e+00
6.701018e+00	5.136390e+00	6.099111e-04	70922331.000000	0.000000e+00
6.703013e+00	5.133562e+00	6.094413e-04	70953493.000000	0.000000e+00
6.705007e+00	5.130001e+00	6.087826e-04	71008525.000000	0.000000e+00
6.707002e+00	5.128037e+00	6.085463e-04	71009271.000000	0.000000e+00
6.708996e+00	5.125474e+00	6.078446e-04	71102185.000000	0.000000e+00
6.710991e+00	5.122925e+00	6.074131e-04	71132433.000000	0.000000e+00
6.712986e+00	5.120230e+00	6.069440e-04	71167513.000000	0.000000e+00
6.714980e+00	5.116673e+00	6.064724e-04	71179227.000000	0.000000e+00
6.716975e+00	5.113276e+00	6.056784e-04	71271217.000000	0.000000e+00
6.718970e+00	5.110364e+00	6.051786e-04	71307709.000000	0.000000e+00
6.720965e+00	5.107682e+00	6.047448e-04	71335107.000000	0.000000e+00
6.722959e+00	5.105406e+00	6.044834e-04	71333209.000000	0.000000e+00
6.724953e+00	5.100803e+00	6.035707e-04	71420157.000000	0.000000e+00
6.726948e+00	5.099017e+00	6.032090e-04	71455789.000000	0.000000e+00
6.728943e+00	5.096046e+00	6.025135e-04	71537391.000000	0.000000e+00
6.730938e+00	5.093972e+00	6.022661e-04	71537917.000000	0.000000e+00
6.732933e+00	5.090141e+00	6.014867e-04	71615581.000000	0.000000e+00
6.734927e+00	5.087082e+00	6.011903e-04	71600091.000000	0.000000e+00
6.736921e+00	5.085265e+00	6.006484e-04	71678101.000000	0.000000e+00
6.738916e+00	5.082042e+00	6.002435e-04	71683905.000000	0.000000e+00
6.740910e+00	5.079329e+00	5.995311e-04	71777653.000000	0.000000e+00
6.742905e+00	5.075154e+00	5.988644e-04	71819335.000000	0.000000e+00
6.744900e+00	5.072978e+00	5.984792e-04	71850177.000000	0.000000e+00
6.746895e+00	5.069797e+00	5.979533e-04	71886373.000000	0.000000e+00
6.748890e+00	5.067660e+00	5.975631e-04	71919615.000000	0.000000e+00
6.750884e+00	5.064100e+00	5.969931e-04	71955817.000000	0.000000e+00
6.752878e+00	5.062519e+00	5.965433e-04	72019377.000000	0.000000e+00
6.754873e+00	5.060018e+00	5.960496e-04	72067459.000000	0.000000e+00
6.756868e+00	5.054847e+00	5.952611e-04	72110929.000000	0.000000e+00
6.758862e+00	5.054246e+00	5.952626e-04	72093417.000000	0.000000e+00
6.760857e+00	5.050518e+00	5.943414e-04	72210433.000000	0.000000e+00
6.762852e+00	5.048400e+00	5.940123e-04	72229863.000000	0.000000e+00
6.764847e+00	5.045463e+00	5.934314e-04	72287137.000000	0.000000e+00
6.766841e+00	5.041428e+00	5.928992e-04	72301185.000000	0.000000e+00
6.768836e+00	5.039356e+00	5.924266e-04	72357079.000000	0.000000e+00
6.770831e+00	5.036203e+00	5.919163e-04	72391201.000000	0.000000e+00
6.772825e+00	5.033232e+00	5.914076e-04	72430269.000000	0.000000e+00
6.774819e+00	5.030375e+00	5.908791e-04	72477553.000000	0.000000e+00
6.776815e+00	5.029879e+00	5.904591e-04	72566379.000000	0.000000e+00
6.778809e+00	5.025452e+00	5.900772e-04	72532477.000000	0.000000e+00
6.780804e+00	5.021992e+00	5.892142e-04	72644985.000000	0.000000e+00
6.782799e+00	5.019869e+00	5.890108e-04	72633703.000000	0.000000e+00
6.784793e+00	5.017560e+00	5.885319e-04	72685057.000000	0.000000e+00
6.786787e+00	5.015246e+00	5.880358e-04	72740601.000000	0.000000e+00
6.788782e+00	5.011139e+00	5.873469e-04	72791959.000000	0.000000e+00
6.790777e+00	5.008051e+00	5.868197e-04	72832977.000000	0.000000e+00
6.792772e+00	5.006612e+00	5.865675e-04	72853753.000000	0.000000e+00
6.794766e+00	5.003623e+00	5.860094e-04	72905473.000000	0.000000e+00
6.796761e+00	5.000385e+00	5.853868e-04	72966087.000000	0.000000e+00
6.798756e+00	4.998512e+00	5.850670e-04	72991153.000000	0.000000e+00
6.800750e+00	4.995330e+00	5.845603e-04	73024713.000000	0.000000e+00
6.802745e+00	4.992570e+00	5.839380e-04	73099567.000000	0.000000e+00
6.804740e+00	4.989000e+00	5.834360e-04	73120737.000000	0.000000e+00
6.806734e+00	4.986731e+00	5.830059e-04	73162081.000000	0.000000e+00
6.808729e+00	4.983194e+00	5.824003e-04	73210333.000000	0.000000e+00
6.810724e+00	4.980687e+00	5.818696e-04	73270167.000000	0.000000e+00
6.812718e+00	4.978680e+00	5.816140e-04	73275493.000000	0.000000e+00
6.814713e+00	4.975465e+00	5.809767e-04	73341501.000000	0.000000e+00
6.816707e+00	4.972197e+00	5.805086e-04	73363387.000000	0.000000e+00
6.818702e+00	4.969420e+00	5.797705e-04	73468149.000000	0.000000e+00
6.820697e+00	4.966692e+00	5.795705e-04	73438201.000000	0.000000e+00
6.822691e+00	4.963725e+00	5.789114e-04	73517587.000000	0.000000e+00
6.824686e+00	4.961909e+00	5.786029e-04	73542153.000000	0.000000e+00
6.826681e+00	4.958998e+00	5.779694e-04	73617013.000000	0.000000e+00
6.828675e+00	4.956464e+00	5.776593e-04	73620777.000000	0.000000e+00
6.830670e+00	4.954581e+00	5.771716e-04	73689235.000000	0.000000e+00
6.832665e+00	4.950947e+00	5.766215e-04	73721601.000000	0.000000e+00
6.834659e+00	4.947427e+00	5.760216e-04	73770253.000000	0.000000e+00
6.836654e+00	4.944650e+00	5.755355e-04	73811983.000000	0.000000e+00
6.838648e+00	4.942495e+00	5.751346e-04	73850505.000000	0.000000e+00
6.840643e+00	4.939447e+00	5.746406e-04	73886329.000000	0.000000e+00
6.842638e+00	4.936936e+00	5.740855e-04	73954017.000000	0.000000e+00
6.844633e+00	4.934796e+00	5.735937e-04	74016691.000000	0.000000e+00
6.846627e+00	4.930821e+00	5.732415e-04	73988353.000000	0.000000e+00
6.848622e+00	4.928456e+00	5.726351e-04	74073993.000000	0.000000e+00
6.850616e+00	4.925881e+00	5.722106e-04	74106439.000000	0.000000e+00
6.852611e+00	4.922325e+00	5.715923e-04	74159661.000000	0.000000e+00
6.854605e+00	4.920750e+00	5.712496e-04	74201185.000000	0.000000e+00
6.856600e+00	4.917379e+00	5.706338e-04	74259573.000000	0.000000e+00
6.858595e+00	4.916712e+00	5.704325e-04	74291827.000000	0.000000e+00
6.860590e+00	4.912041e+00	5.698158e-04	74311333.000000	0.000000e+00
6.862584e+00	4.910183e+00	5.693590e-04	74374317.000000	0.000000e+00
6.864579e+00	4.906661e+00	5.687315e-04	74431651.000000	0.000000e+00
6.866574e+00	4.904050e+00	5.683777e-04	74445033.000000	0.000000e+00
6.868568e+00	4.901983e+00	5.679075e-04	74505529.000000	0.000000e+00
6.870563e+00	4.898852e+00	5.673820e-04	74548239.000000	0.000000e+00
6.872558e+00	4.895843e+00	5.669040e-04	74582317.000000	0.000000e+00
6.874552e+00	4.893098e+00	5.663814e-04	74636257.000000	0.000000e+00
6.876547e+00	4.891313e+00	5.660589e-04	74666829.000000	0.000000e+00
6.878541e+00	4.888241e+00	5.654457e-04	74734903.000000	0.000000e+00
6.880536e+00	4.884723e+00	5.649934e-04	74746893.000000	0.000000e+00
6.882531e+00	4.883800e+00	5.645996e-04	74822917.000000	0.000000e+00
6.884525e+00	4.880663e+00	5.642248e-04	74826123.000000	0.000000e+00
6.886520e+00	4.877235e+00	5.634901e-04	74916049.000000	0.000000e+00
6.888515e+00	4.875112e+00	5.631589e-04	74938897.000000	0.000000e+00
6.890510e+00	4.871338e+00	5.626260e-04	74964717.000000	0.000000e+00
6.892504e+00	4.869597e+00	5.621551e-04	75036715.000000	0.000000e+00
6.894499e+00	4.867278e+00	5.618353e-04	75050637.000000	0.000000e+00
6.896493e+00	4.863427e+00	5.611560e-04	75113425.000000	0.000000e+00
6.898488e+00	4.861378e+00	5.607887e-04	75148519.000000	0.000000e+00
6.900482e+00	4.858806e+00	5.603326e-04	75191253.000000	0.000000e+00
6.902477e+00	4.856170e+00	5.598109e-04	75249757.000000	0.000000e+00
6.904472e+00	4.853043e+00	5.593924e-04	75265359.000000	0.000000e+00
6.906466e+00	4.850614e+00	5.588658e-04	75331813.000000	0.000000e+00
6.908461e+00	4.848094e+00	5.584653e-04	75361533.000000	0.000000e+00
6.910456e+00	4.845526e+00	5.578998e-04	75434401.000000	0.000000e+00
6.912451e+00	4.842773e+00	5.574689e-04	75465235.000000	0.000000e+00
6.914445e+00	4.839318e+00	5.570595e-04	75468393.000000	0.000000e+00
6.916439e+00	4.837160e+00	5.564645e-04	75562441.000000	0.000000e+00
6.918434e+00	4.834415e+00	5.560495e-04	75589431.000000	0.000000e+00
6.920429e+00	4.832279e+00	5.556144e-04	75640945.000000	0.000000e+00
6.922424e+00	4.829553e+00	5.552432e-04	75656697.000000	0.000000e+00
6.924418e+00	4.826538e+00	5.546229e-04	75731377.000000	0.000000e+00
6.926413e+00	4.823991e+00	5.542339e-04	75757699.000000	0.000000e+00
6.928407e+00	4.820874e+00	5.537377e-04	75795489.000000	0.000000e+00
6.930402e+00	4.818489e+00	5.532281e-04	75860065.000000	0.000000e+00
6.932397e+00	4.815625e+00	5.527324e-04	75905883.000000	0.000000e+00
6.934392e+00	4.814256e+00	5.524679e-04	75935401.000000	0.000000e+00
6.936386e+00	4.810594e+00	5.518771e-04	75982345.000000	0.000000e+00
6.938381e+00	4.808121e+00	5.514407e-04	76024437.000000	0.000000e+00
6.940376e+00	4.805910e+00	5.509840e-04	76080487.000000	0.000000e+00
6.942371e+00	4.803682e+00	5.506379e-04	76105545.000000	0.000000e+00
6.944365e+00	4.800296e+00	5.501077e-04	76144861.000000	0.000000e+00
6.946359e+00	4.797998e+00	5.496426e-04	76200771.000000	0.000000e+00
6.948354e+00	4.794547e+00	5.491125e-04	76238197.000000	0.000000e+00
6.950349e+00	4.791700e+00	5.485285e-04	76309885.000000	0.000000e+00
6.952343e+00	4.788887e+00	5.482470e-04	76298607.000000	0.000000e+00
6.954338e+00	4.787168e+00	5.477291e-04	76388113.000000	0.000000e+00
6.956333e+00	4.784930e+00	5.473280e-04	76428585.000000	0.000000e+00
6.958328e+00	4.781319e+00	5.467765e-04	76467313.000000	0.000000e+00
6.960322e+00	4.778435e+00	5.463509e-04	76494123.000000	0.000000e+00
6.962317e+00	4.776685e+00	5.459580e-04	76548181.000000	0.000000e+00
6.964311e+00	4.774292e+00	5.455156e-04	76595545.000000	0.000000e+00
6.966306e+00	4.770884e+00	5.449752e-04	76638015.000000	0.000000e+00
6.968301e+00	4.769156e+00	5.445656e-04	76697749.000000	0.000000e+00
6.970295e+00	4.766744e+00	5.442871e-04	76698621.000000	0.000000e+00
6.972290e+00	4.764561e+00	5.437474e-04	76780597.000000	0.000000e+00
6.974284e+00	4.761071e+00	5.432580e-04	76806315.000000	0.000000e+00
6.976279e+00	4.758560e+00	5.428007e-04	76854685.000000	0.000000e+00
6.978274e+00	4.756240e+00	5.423330e-04	76912249.000000	0.000000e+00
6.980268e+00	4.754003e+00	5.420285e-04	76926255.000000	0.000000e+00
6.982263e+00	4.750667e+00	5.413576e-04	77008861.000000	0.000000e+00
6.984258e+00	4.748177e+00	5.410144e-04	77025801.000000	0.000000e+00
6.986252e+00	4.746311e+00	5.405965e-04	77084311.000000	0.000000e+00
6.988247e+00	4.742759e+00	5.400415e-04	77127253.000000	0.000000e+00
6.990242e+00	4.740481e+00	5.396606e-04	77161977.000000	0.000000e+00
6.992236e+00	4.738603e+00	5.393440e-04	77191417.000000	0.000000e+00
6.994231e+00	4.735775e+00	5.387727e-04	77262891.000000	0.000000e+00
6.996225e+00	4.733025e+00	5.383951e-04	77281501.000000	0.000000e+00
6.998220e+00	4.730741e+00	5.378585e-04	77361045.000000	0.000000e+00
7.000215e+00	4.728427e+00	5.375321e-04	77379259.000000	0.000000e+00
7.002210e+00	4.725033e+00	5.369424e-04	77438029.000000	0.000000e+00
7.004204e+00	4.722900e+00	5.365556e-04	77479725.000000	0.000000e+00
7.006199e+00	4.720255e+00	5.362074e-04	77493505.000000	0.000000e+00
7.008193e+00	4.717739e+00	5.356300e-04	77577891.000000	0.000000e+00
7.010188e+00	4.715244e+00	5.352455e-04	77607253.000000	0.000000e+00
7.012183e+00	4.712579e+00	5.347953e-04	77650137.000000	0.000000e+00
7.014178e+00	4.709332e+00	5.342600e-04	77698603.000000	0.000000e+00
7.016172e+00	4.707882e+00	5.339545e-04	77739661.000000	0.000000e+00
7.018167e+00	4.704551e+00	5.334994e-04	77762205.000000	0.000000e+00
7.020161e+00	4.702903e+00	5.330817e-04	77829547.000000	0.000000e+00
7.022156e+00	4.699683e+00	5.324789e-04	77899053.000000	0.000000e+00
7.024151e+00	4.696985e+00	5.321605e-04	77902825.000000	0.000000e+00
7.026145e+00	4.695504e+00	5.317833e-04	77964165.000000	0.000000e+00
7.028140e+00	4.691820e+00	5.312009e-04	78012679.000000	0.000000e+00
7.030135e+00	4.689417e+00	5.308810e-04	78026737.000000	0.000000e+00
7.032129e+00	4.687365e+00	5.304418e-04	78087585.000000	0.000000e+00
7.034124e+00	4.684905e+00	5.298955e-04	78166591.000000	0.000000e+00
7.036119e+00	4.681568e+00	5.295447e-04	78158709.000000	0.000000e+00
7.038113e+00	4.680087e+00	5.290763e-04	78247645.000000	0.000000e+00
7.040108e+00	4.677046e+00	5.286993e-04	78257461.000000	0.000000e+00
7.042102e+00	4.674906e+00	5.282742e-04	78311775.000000	0.000000e+00
7.044097e+00	4.672322e+00	5.278080e-04	78363445.000000	0.000000e+00
7.046092e+00	4.669604e+00	5.273550e-04	78406845.000000	0.000000e+00
7.048087e+00	4.667880e+00	5.270132e-04	78450631.000000	0.000000e+00
7.050081e+00	4.664194e+00	5.264799e-04	78485505.000000	0.000000e+00
7.052076e+00	4.661724e+00	5.260903e-04	78518593.000000	0.000000e+00
7.054070e+00	4.659261e+00	5.255943e-04	78583777.000000	0.000000e+00
7.056065e+00	4.657101e+00	5.251615e-04	78640395.000000	0.000000e+00
7.058060e+00	4.654074e+00	5.247155e-04	78671749.000000	0.000000e+00
7.060055e+00	4.652120e+00	5.243001e-04	78730281.000000	0.000000e+00
7.062049e+00	4.649593e+00	5.239785e-04	78741355.000000	0.000000e+00
7.064044e+00	4.647317e+00	5.235523e-04	78792405.000000	0.000000e+00
7.066038e+00	4.645770e+00	5.230965e-04	78877237.000000	0.000000e+00
7.068033e+00	4.641337e+00	5.226199e-04	78870451.000000	0.000000e+00
7.070027e+00	4.640080e+00	5.222779e-04	78931005.000000	0.000000e+00
7.072022e+00	4.637374e+00	5.217611e-04	78995245.000000	0.000000e+00
7.074017e+00	4.635192e+00	5.214387e-04	79018521.000000	0.000000e+00
7.076012e+00	4.631855e+00	5.208564e-04	79081327.000000	0.000000e+00
7.078006e+00	4.628835e+00	5.205358e-04	79075549.000000	0.000000e+00
7.080000e+00	4.627430e+00	5.200420e-04	79177689.000000	0.000000e+00
7.081995e+00	4.623875e+00	5.194932e-04	79223227.000000	0.000000e+00
7.083990e+00	4.622220e+00	5.192721e-04	79233933.000000	0.000000e+00
7.085984e+00	4.619666e+00	5.188042e-04	79289221.000000	0.000000e+00
7.087979e+00	4.618077e+00	5.183664e-04	79368573.000000	0.000000e+00
7.089974e+00	4.613832e+00	5.179286e-04	79356751.000000	0.000000e+00
7.091969e+00	4.611897e+00	5.174379e-04	79440649.000000	0.000000e+00
7.093963e+00	4.610021e+00	5.171572e-04	79462233.000000	0.000000e+00
7.095958e+00	4.607523e+00	5.166310e-04	79537879.000000	0.000000e+00
7.097953e+00	4.604286e+00	5.162159e-04	79553961.000000	0.000000e+00
7.099947e+00	4.602640e+00	5.158621e-04	79606177.000000	0.000000e+00
7.101942e+00	4.600046e+00	5.153837e-04	79664175.000000	0.000000e+00
7.103937e+00	4.598065e+00	5.151129e-04	79679281.000000	0.000000e+00
7.105931e+00	4.595339e+00	5.145674e-04	79753645.000000	0.000000e+00
7.107926e+00	4.592114e+00	5.140968e-04	79787637.000000	0.000000e+00
7.109921e+00	4.590708e+00	5.138522e-04	79814731.000000	0.000000e+00
7.111915e+00	4.587496e+00	5.133658e-04	79854177.000000	0.000000e+00
7.113910e+00	4.584808e+00	5.128001e-04	79936705.000000	0.000000e+00
7.115904e+00	4.583127e+00	5.125338e-04	79961115.000000	0.000000e+00
7.117899e+00	4.580818e+00	5.120399e-04	80034721.000000	0.000000e+00
7.119894e+00	4.577562e+00	5.116777e-04	80034193.000000	0.000000e+00
7.121889e+00	4.575127e+00	5.111180e-04	80124249.000000	0.000000e+00
7.123884e+00	4.574125e+00	5.109451e-04	80143363.000000	0.000000e+00
7.125878e+00	4.570451e+00	5.104249e-04	80177877.000000	0.000000e+00
7.127872e+00	4.567692e+00	5.100050e-04	80213005.000000	0.000000e+00
7.129867e+00	4.565425e+00	5.095472e-04	80277451.000000	0.000000e+00
7.131861e+00	4.564261e+00	5.092934e-04	80316525.000000	0.000000e+00
7.133856e+00	4.559961e+00	5.085601e-04	80396617.000000	0.000000e+00
7.135851e+00	4.558014e+00	5.084189e-04	80372613.000000	0.000000e+00
7.137845e+00	4.557294e+00	5.079680e-04	80489887.000000	0.000000e+00
7.139840e+00	4.553679e+00	5.074760e-04	80518137.000000	0.000000e+00
7.141835e+00	4.551765e+00	5.071497e-04	80554045.000000	0.000000e+00
7.143830e+00	4.550285e+00	5.069351e-04	80569843.000000	0.000000e+00
7.145824e+00	4.546714e+00	5.062823e-04	80651013.000000	0.000000e+00
7.147819e+00	4.543862e+00	5.059082e-04	80669017.000000	0.000000e+00
7.149813e+00	4.541460e+00	5.055123e-04	80710035.000000	0.000000e+00
7.151808e+00	4.538560e+00	5.049843e-04	80775613.000000	0.000000e+00
7.153803e+00	4.536884e+00	5.045912e-04	80841801.000000	0.000000e+00
7.155797e+00	4.534359e+00	5.042632e-04	80856937.000000	0.000000e+00
7.157792e+00	4.532405e+00	5.038915e-04	80906467.000000	0.000000e+00
7.159787e+00	4.530201e+00	5.034529e-04	80968713.000000	0.000000e+00
7.161782e+00	4.527372e+00	5.030248e-04	81005317.000000	0.000000e+00
7.163776e+00	4.525296e+00	5.026401e-04	81054987.000000	0.000000e+00
7.165771e+00	4.522622e+00	5.023696e-04	81046417.000000	0.000000e+00
7.167765e+00	4.518725e+00	5.016013e-04	81154881.000000	0.000000e+00
7.169760e+00	4.516914e+00	5.013054e-04	81185569.000000	0.000000e+00
7.171755e+00	4.515164e+00	5.009737e-04	81230131.000000	0.000000e+00
7.173749e+00	4.512320e+00	5.005940e-04	81250977.000000	0.000000e+00
7.175744e+00	4.510730e+00	5.001805e-04	81328021.000000	0.000000e+00
7.177739e+00	4.508173e+00	4.997680e-04	81369999.000000	0.000000e+00
7.179733e+00	4.505144e+00	4.993872e-04	81384673.000000	0.000000e+00
7.181728e+00	4.503494e+00	4.989230e-04	81476461.000000	0.000000e+00
7.183723e+00	4.501060e+00	4.986416e-04	81480279.000000	0.000000e+00
7.185717e+00	4.499864e+00	4.984054e-04	81514177.000000	0.000000e+00
7.187711e+00	4.496629e+00	4.977632e-04	81607233.000000	0.000000e+00
7.189706e+00	4.493571e+00	4.973698e-04	81625225.000000	0.000000e+00
7.191701e+00	4.492276e+00	4.970108e-04	81696099.000000	0.000000e+00
7.193696e+00	4.489304e+00	4.966341e-04	81711829.000000	0.000000e+00
7.195691e+00	4.486625e+00	4.961331e-04	81779245.000000	0.000000e+00
7.197685e+00	4.483752e+00	4.957150e-04	81812379.000000	0.000000e+00
7.199680e+00	4.481786e+00	4.953372e-04	81865393.000000	0.000000e+00
7.201675e+00	4.479732e+00	4.949962e-04	81903081.000000	0.000000e+00
7.203669e+00	4.477131e+00	4.946297e-04	81929305.000000	0.000000e+00
7.205664e+00	4.474164e+00	4.941000e-04	81996279.000000	0.000000e+00
7.207658e+00	4.472733e+00	4.938743e-04	82018729.000000	0.000000e+00
7.209653e+00	4.470049e+00	4.933234e-04	82103389.000000	0.000000e+00
7.211647e+00	4.467914e+00	4.929987e-04	82133067.000000	0.000000e+00
7.213642e+00	4.465498e+00	4.926827e-04	82149565.000000	0.000000e+00
7.215636e+00	4.463042e+00	4.921084e-04	82250853.000000	0.000000e+00
7.217631e+00	4.460633e+00	4.918344e-04	82253665.000000	0.000000e+00
7.219626e+00	4.457936e+00	4.913505e-04	82316103.000000	0.000000e+00
7.221621e+00	4.456425e+00	4.910031e-04	82376749.000000	0.000000e+00
7.223615e+00	4.453837e+00	4.907358e-04	82370785.000000	0.000000e+00
7.225610e+00	4.451452e+00	4.901985e-04	82463079.000000	0.000000e+00
7.227604e+00	4.448964e+00	4.898223e-04	82497457.000000	0.000000e+00
7.229599e+00	4.447028e+00	4.894935e-04	82536477.000000	0.000000e+00
7.231594e+00	4.444203e+00	4.890551e-04	82579471.000000	0.000000e+00
7.233589e+00	4.442159e+00	4.885801e-04	82664053.000000	0.000000e+00
7.235583e+00	4.439578e+00	4.882826e-04	82668657.000000	0.000000e+00
7.237578e+00	4.437877e+00	4.879139e-04	82730233.000000	0.000000e+00
7.239573e+00	4.434616e+00	4.874514e-04	82765515.000000	0.000000e+00
7.241567e+00	4.433100e+00	4.872252e-04	82785781.000000	0.000000e+00
7.243562e+00	4.430223e+00	4.866067e-04	82888629.000000	0.000000e+00
7.245557e+00	4.428513e+00	4.864281e-04	82885495.000000	0.000000e+00
7.247551e+00	4.425888e+00	4.859848e-04	82938385.000000	0.000000e+00
7.249546e+00	4.423987e+00	4.855430e-04	83017989.000000	0.000000e+00
7.251541e+00	4.420807e+00	4.850697e-04	83060569.000000	0.000000e+00
7.253535e+00	4.419352e+00	4.848636e-04	83076447.000000	0.000000e+00
7.255530e+00	4.416279e+00	4.843938e-04	83121985.000000	0.000000e+00
7.257524e+00	4.413406e+00	4.839337e-04	83171817.000000	0.000000e+00
7.259519e+00	4.412631e+00	4.836842e-04	83228383.000000	0.000000e+00
7.261514e+00	4.409740e+00	4.832016e-04	83285497.000000	0.000000e+00
7.263509e+00	4.406683e+00	4.827714e-04	83318337.000000	0.000000e+00
7.265503e+00	4.405138e+00	4.824689e-04	83364343.000000	0.000000e+00
7.267498e+00	4.402982e+00	4.821113e-04	83406357.000000	0.000000e+00
7.269493e+00	4.400147e+00	4.816461e-04	83459977.000000	0.000000e+00
7.271487e+00	4.398839e+00	4.814839e-04	83466565.000000	0.000000e+00
7.273482e+00	4.396460e+00	4.808982e-04	83579535.000000	0.000000e+00
7.275476e+00	4.393638e+00	4.806081e-04	83573077.000000	0.000000e+00
7.277471e+00	4.390893e+00	4.800889e-04	83649297.000000	0.000000e+00
7.279465e+00	4.389540e+00	4.799307e-04	83652895.000000	0.000000e+00
7.281460e+00	4.387376e+00	4.794285e-04	83745585.000000	0.000000e+00
7.283455e+00	4.384181e+00	4.789911e-04	83776477.000000	0.000000e+00
7.285450e+00	4.381417e+00	4.785378e-04	83829445.000000	0.000000e+00
7.287444e+00	4.379985e+00	4.782818e-04	83864367.000000	0.000000e+00
7.289439e+00	4.377648e+00	4.778403e-04	83929765.000000	0.000000e+00
7.291433e+00	4.375294e+00	4.776282e-04	83914041.000000	0.000000e+00
7.293428e+00	4.373326e+00	4.770843e-04	84029827.000000	0.000000e+00
7.295423e+00	4.370805e+00	4.767885e-04	84037149.000000	0.000000e+00
7.297417e+00	4.368655e+00	4.763103e-04	84123145.000000	0.000000e+00
7.299412e+00	4.367175e+00	4.761567e-04	84120391.000000	0.000000e+00
7.301407e+00	4.364380e+00	4.756219e-04	84201801.000000	0.000000e+00
7.303401e+00	4.361765e+00	4.753017e-04	84214285.000000	0.000000e+00
7.305396e+00	4.360698e+00	4.749973e-04	84280989.000000	0.000000e+00
7.307391e+00	4.357615e+00	4.744724e-04	84348223.000000	0.000000e+00
7.309385e+00	4.355053e+00	4.741507e-04	84363417.000000	0.000000e+00
7.311380e+00	4.353120e+00	4.737570e-04	84428689.000000	0.000000e+00
7.313375e+00	4.350056e+00	4.733597e-04	84451435.000000	0.000000e+00
7.315369e+00	4.347597e+00	4.728798e-04	84527313.000000	0.000000e+00
7.317364e+00	4.346253e+00	4.727546e-04	84519793.000000	0.000000e+00
7.319358e+00	4.343580e+00	4.721966e-04	84615477.000000	0.000000e+00
7.321353e+00	4.341630e+00	4.718520e-04	84663055.000000	0.000000e+00
7.323348e+00	4.338708e+00	4.714534e-04	84692161.000000	0.000000e+00
7.325343e+00	4.336797e+00	4.711117e-04	84740385.000000	0.000000e+00
7.327337e+00	4.335134e+00	4.707859e-04	84792655.000000	0.000000e+00
7.329332e+00	4.332535e+00	4.703667e-04	84842025.000000	0.000000e+00
7.331327e+00	4.330346e+00	4.700528e-04	84869569.000000	0.000000e+00
7.333321e+00	4.328131e+00	4.696740e-04	84919581.000000	0.000000e+00
7.335316e+00	4.325797e+00	4.692835e-04	84969223.000000	0.000000e+00
7.337310e+00	4.323617e+00	4.688726e-04	85032445.000000	0.000000e+00
7.339305e+00	4.321385e+00	4.685578e-04	85058865.000000	0.000000e+00
7.341300e+00	4.319048e+00	4.681835e-04	85102795.000000	0.000000e+00
7.343294e+00	4.317035e+00	4.678828e-04	85132845.000000	0.000000e+00
7.345289e+00	4.314744e+00	4.672675e-04	85266613.000000	0.000000e+00
7.347284e+00	4.313193e+00	4.672212e-04	85222191.000000	0.000000e+00
7.349278e+00	4.309595e+00	4.666332e-04	85294645.000000	0.000000e+00
7.351273e+00	4.308042e+00	4.663784e-04	85326289.000000	0.000000e+00
7.353267e+00	4.306806e+00	4.660854e-04	85384593.000000	0.000000e+00
7.355262e+00	4.303699e+00	4.655831e-04	85445539.000000	0.000000e+00
7.357257e+00	4.301277e+00	4.652407e-04	85475049.000000	0.000000e+00
7.359251e+00	4.299213e+00	4.648771e-04	85526677.000000	0.000000e+00
7.361246e+00	4.297566e+00	4.645819e-04	85569783.000000	0.000000e+00
7.363241e+00	4.295454e+00	4.641741e-04	85636009.000000	0.000000e+00
7.365235e+00	4.292848e+00	4.638367e-04	85656613.000000	0.000000e+00
7.367230e+00	4.290721e+00	4.634597e-04	85711017.000000	0.000000e+00
7.369225e+00	4.287454e+00	4.629402e-04	85772731.000000	0.000000e+00
7.371219e+00	4.285200e+00	4.626236e-04	85799865.000000	0.000000e+00
7.373214e+00	4.283527e+00	4.623050e-04	85851121.000000	0.000000e+00
7.375209e+00	4.281874e+00	4.620190e-04	85891111.000000	0.000000e+00
7.377203e+00	4.279498e+00	4.616415e-04	85936197.000000	0.000000e+00
7.379198e+00	4.276594e+00	4.611626e-04	85997905.000000	0.000000e+00
7.381193e+00	4.275051e+00	4.608496e-04	86052651.000000	0.000000e+00
7.383187e+00	4.272631e+00	4.605241e-04	86076781.000000	0.000000e+00
7.385182e+00	4.270401e+00	4.601637e-04	86121729.000000	0.000000e+00
7.387176e+00	4.267859e+00	4.597244e-04	86183677.000000	0.000000e+00
7.389171e+00	4.266622e+00	4.594935e-04	86220343.000000	0.000000e+00
7.391166e+00	4.264110e+00	4.590287e-04	86293329.000000	0.000000e+00
7.393161e+00	4.262665e+00	4.588386e-04	86306317.000000	0.000000e+00
7.395155e+00	4.259081e+00	4.582833e-04	86370183.000000	0.000000e+00
7.397150e+00	4.256335e+00	4.579037e-04	86401909.000000	0.000000e+00
7.399145e+00	4.255614e+00	4.576352e-04	86474025.000000	0.000000e+00
7.401139e+00	4.252447e+00	4.573051e-04	86470033.000000	0.000000e+00
7.403134e+00	4.250770e+00	4.567965e-04	86594383.000000	0.000000e+00
7.405129e+00	4.248969e+00	4.566693e-04	86569209.000000	0.000000e+00
7.407123e+00	4.246698e+00	4.561884e-04	86659117.000000	0.000000e+00
7.409118e+00	4.243896e+00	4.558722e-04	86664903.000000	0.000000e+00
7.411112e+00	4.242541e+00	4.555082e-04	86748049.000000	0.000000e+00
7.413107e+00	4.240161e+00	4.551008e-04	86805933.000000	0.000000e+00
7.415102e+00	4.237726e+00	4.548412e-04	86805301.000000	0.000000e+00
7.417096e+00	4.236022e+00	4.543951e-04	86905903.000000	0.000000e+00
7.419091e+00	4.233205e+00	4.540999e-04	86903181.000000	0.000000e+00
7.421086e+00	4.231789e+00	4.537765e-04	86968933.000000	0.000000e+00
7.423081e+00	4.228853e+00	4.532597e-04	87046419.000000	0.000000e+00
7.425075e+00	4.227043e+00	4.530550e-04	87050533.000000	0.000000e+00
7.427069e+00	4.225148e+00	4.527787e-04	87078685.000000	0.000000e+00
7.429064e+00	4.222948e+00	4.522795e-04	87180171.000000	0.000000e+00
7.431059e+00	4.220247e+00	4.519244e-04	87205537.000000	0.000000e+00
7.433053e+00	4.218445e+00	4.516339e-04	87243225.000000	0.000000e+00
7.435048e+00	4.216510e+00	4.513360e-04	87278329.000000	0.000000e+00
7.437042e+00	4.213876e+00	4.508325e-04	87364107.000000	0.000000e+00
7.439037e+00	4.211448e+00	4.505049e-04	87390397.000000	0.000000e+00
7.441032e+00	4.209382e+00	4.501633e-04	87437269.000000	0.000000e+00
7.443027e+00	4.207785e+00	4.498350e-04	87498531.000000	0.000000e+00
7.445022e+00	4.205287e+00	4.494800e-04	87532741.000000	0.000000e+00
7.447016e+00	4.203141e+00	4.491034e-04	87590145.000000	0.000000e+00
7.449011e+00	4.202079e+00	4.489738e-04	87596437.000000	0.000000e+00
7.451005e+00	4.199368e+00	4.484735e-04	87678711.000000	0.000000e+00
7.453000e+00	4.196626e+00	4.480584e-04	87726577.000000	0.000000e+00
7.454995e+00	4.194914e+00	4.477770e-04	87765253.000000	0.000000e+00
7.456989e+00	4.192485e+00	4.473926e-04	87814323.000000	0.000000e+00
7.458984e+00	4.189729e+00	4.469992e-04	87853381.000000	0.000000e+00
7.460979e+00	4.187833e+00	4.465961e-04	87932409.000000	0.000000e+00
7.462973e+00	4.186278e+00	4.463905e-04	87948043.000000	0.000000e+00
7.464968e+00	4.183439e+00	4.459583e-04	87999121.000000	0.000000e+00
7.466962e+00	4.181654e+00	4.456517e-04	88045077.000000	0.000000e+00
7.468957e+00	4.179549e+00	4.453042e-04	88093789.000000	0.000000e+00
7.470952e+00	4.177036e+00	4.448758e-04	88157427.000000	0.000000e+00
7.472947e+00	4.175182e+00	4.446217e-04	88179901.000000	0.000000e+00
7.474941e+00	4.173395e+00	4.442908e-04	88235697.000000	0.000000e+00
7.476935e+00	4.170052e+00	4.438514e-04	88268911.000000	0.000000e+00
7.478931e+00	4.168949e+00	4.434484e-04	88382629.000000	0.000000e+00
7.480925e+00	4.166713e+00	4.433224e-04	88338033.000000	0.000000e+00
7.482919e+00	4.165388e+00	4.429876e-04	88415401.000000	0.000000e+00
7.484914e+00	4.162972e+00	4.425358e-04	88493247.000000	0.000000e+00
7.486909e+00	4.161047e+00	4.422718e-04	88517029.000000	0.000000e+00
7.488904e+00	4.158709e+00	4.418798e-04	88574481.000000	0.000000e+00
7.490898e+00	4.156631e+00	4.415529e-04	88617067.000000	0.000000e+00
7.492893e+00	4.153996e+00	4.411655e-04	88660273.000000	0.000000e+00
7.494888e+00	4.153127e+00	4.409567e-04	88707141.000000	0.000000e+00
7.496882e+00	4.150250e+00	4.405586e-04	88744423.000000	0.000000e+00
7.498877e+00	4.148167e+00	4.402095e-04	88796037.000000	0.000000e+00
7.500871e+00	4.146072e+00	4.397998e-04	88871761.000000	0.000000e+00
7.502866e+00	4.143468e+00	4.395494e-04	88861281.000000	0.000000e+00
7.504861e+00	4.142045e+00	4.390744e-04	88992487.000000	0.000000e+00
7.506856e+00	4.139431e+00	4.388273e-04	88980337.000000	0.000000e+00
7.508850e+00	4.137138e+00	4.384184e-04	89047665.000000	0.000000e+00
7.510845e+00	4.135991e+00	4.382343e-04	89073079.000000	0.000000e+00
7.512839e+00	4.133236e+00	4.378048e-04	89129073.000000	0.000000e+00
7.514834e+00	4.131188e+00	4.374679e-04	89177941.000000	0.000000e+00
7.516828e+00	4.129233e+00	4.371149e-04	89237533.000000	0.000000e+00
7.518823e+00	4.127015e+00	4.367684e-04	89283195.000000	0.000000e+00
7.520818e+00	4.124393e+00	4.364333e-04	89306761.000000	0.000000e+00
7.522812e+00	4.122791e+00	4.360526e-04	89393265.000000	0.000000e+00
7.524807e+00	4.120806e+00	4.358408e-04	89394019.000000	0.000000e+00
7.526802e+00	4.119369e+00	4.354544e-04	89490321.000000	0.000000e+00
7.528797e+00	4.117416e+00	4.351916e-04	89513509.000000	0.000000e+00
7.530791e+00	4.114420e+00	4.347946e-04	89546581.000000	0.000000e+00
7.532785e+00	4.112824e+00	4.345092e-04	89594667.000000	0.000000e+00
7.534780e+00	4.110331e+00	4.341019e-04	89654125.000000	0.000000e+00
7.536775e+00	4.108238e+00	4.337093e-04	89725053.000000	0.000000e+00
7.538770e+00	4.105695e+00	4.333448e-04	89764819.000000	0.000000e+00
7.540765e+00	4.104348e+00	4.331098e-04	89803329.000000	0.000000e+00
7.542759e+00	4.102582e+00	4.328168e-04	89847541.000000	0.000000e+00
7.544754e+00	4.100284e+00	4.325381e-04	89862619.000000	0.000000e+00
7.546748e+00	4.097698e+00	4.320554e-04	89949945.000000	0.000000e+00
7.548743e+00	4.096027e+00	4.317821e-04	89990461.000000	0.000000e+00
7.550738e+00	4.093727e+00	4.313596e-04	90065553.000000	0.000000e+00
7.552733e+00	4.091279e+00	4.310816e-04	90073939.000000	0.000000e+00
7.554727e+00	4.089633e+00	4.308431e-04	90101157.000000	0.000000e+00
7.556722e+00	4.087664e+00	4.303985e-04	90200485.000000	0.000000e+00
7.558716e+00	4.085868e+00	4.301826e-04	90211735.000000	0.000000e+00
7.560711e+00	4.083228e+00	4.297455e-04	90278553.000000	0.000000e+00
7.562706e+00	4.081623e+00	4.294485e-04	90332449.000000	0.000000e+00
7.564700e+00	4.079812e+00	4.292014e-04	90356217.000000	0.000000e+00
7.566695e+00	4.077641e+00	4.287688e-04	90442303.000000	0.000000e+00
7.568690e+00	4.076197e+00	4.285641e-04	90464605.000000	0.000000e+00
7.570684e+00	4.073815e+00	4.283044e-04	90468525.000000	0.000000e+00
7.572678e+00	4.071455e+00	4.278365e-04	90561523.000000	0.000000e+00
7.574673e+00	4.069073e+00	4.274692e-04	90611049.000000	0.000000e+00
7.576668e+00	4.067234e+00	4.271123e-04	90680521.000000	0.000000e+00
7.578663e+00	4.065263e+00	4.269154e-04	90676251.000000	0.000000e+00
7.580657e+00	4.063477e+00	4.264975e-04	90774265.000000	0.000000e+00
7.582652e+00	4.061796e+00	4.262216e-04	90816649.000000	0.000000e+00
7.584647e+00	4.059067e+00	4.259055e-04	90829305.000000	0.000000e+00
7.586641e+00	4.057067e+00	4.255712e-04	90882403.000000	0.000000e+00
7.588636e+00	4.055414e+00	4.252528e-04	90944409.000000	0.000000e+00
7.590631e+00	4.053568e+00	4.248978e-04	91013557.000000	0.000000e+00
7.592625e+00	4.051108e+00	4.246720e-04	90999795.000000	0.000000e+00
7.594620e+00	4.048894e+00	4.241819e-04	91110517.000000	0.000000e+00
7.596614e+00	4.047217e+00	4.240119e-04	91108057.000000	0.000000e+00
7.598609e+00	4.045740e+00	4.236267e-04	91207221.000000	0.000000e+00
7.600604e+00	4.043345e+00	4.233211e-04	91230871.000000	0.000000e+00
7.602599e+00	4.041954e+00	4.230262e-04	91295265.000000	0.000000e+00
7.604593e+00	4.039202e+00	4.227054e-04	91309405.000000	0.000000e+00
7.606588e+00	4.037483e+00	4.223956e-04	91365591.000000	0.000000e+00
7.608582e+00	4.035048e+00	4.220223e-04	91416925.000000	0.000000e+00
7.610577e+00	4.033749e+00	4.217467e-04	91477513.000000	0.000000e+00
7.612572e+00	4.031204e+00	4.214240e-04	91502073.000000	0.000000e+00
7.614567e+00	4.028674e+00	4.209256e-04	91603807.000000	0.000000e+00
7.616562e+00	4.027281e+00	4.207837e-04	91602261.000000	0.000000e+00
7.618556e+00	4.025004e+00	4.204188e-04	91657573.000000	0.000000e+00
7.620550e+00	4.022447e+00	4.200719e-04	91692403.000000	0.000000e+00
7.622545e+00	4.020778e+00	4.196890e-04	91783581.000000	0.000000e+00
7.624540e+00	4.019625e+00	4.195789e-04	91779097.000000	0.000000e+00
7.626534e+00	4.016920e+00	4.191181e-04	91857255.000000	0.000000e+00
7.628529e+00	4.015632e+00	4.189324e-04	91879789.000000	0.000000e+00
7.630523e+00	4.013418e+00	4.184787e-04	91977597.000000	0.000000e+00
7.632518e+00	4.010380e+00	4.181465e-04	91984405.000000	0.000000e+00
7.634513e+00	4.008349e+00	4.177933e-04	92046679.000000	0.000000e+00
7.636507e+00	4.007089e+00	4.175938e-04	92076741.000000	0.000000e+00
7.638502e+00	4.005238e+00	4.172572e-04	92140177.000000	0.000000e+00
7.640497e+00	4.002933e+00	4.168396e-04	92218647.000000	0.000000e+00
7.642491e+00	4.000754e+00	4.166227e-04	92214217.000000	0.000000e+00
7.644486e+00	3.998971e+00	4.163114e-04	92269869.000000	0.000000e+00
7.646480e+00	3.996747e+00	4.158917e-04	92353369.000000	0.000000e+00
7.648475e+00	3.994786e+00	4.156813e-04	92356207.000000	0.000000e+00
7.650470e+00	3.993304e+00	4.152899e-04	92461713.000000	0.000000e+00
7.652465e+00	3.991133e+00	4.150026e-04	92489101.000000	0.000000e+00
7.654459e+00	3.989071e+00	4.147703e-04	92497131.000000	0.000000e+00
7.656454e+00	3.987641e+00	4.144346e-04	92580625.000000	0.000000e+00
7.658448e+00	3.984431e+00	4.139965e-04	92627365.000000	0.000000e+00
7.660443e+00	3.983345e+00	4.137724e-04	92677167.000000	0.000000e+00
7.662438e+00	3.980218e+00	4.133354e-04	92727517.000000	0.000000e+00
7.664432e+00	3.978649e+00	4.131055e-04	92757537.000000	0.000000e+00
7.666427e+00	3.976579e+00	4.127492e-04	92821153.000000	0.000000e+00
7.668422e+00	3.975552e+00	4.125526e-04	92861583.000000	0.000000e+00
7.670416e+00	3.973589e+00	4.122561e-04	92903413.000000	0.000000e+00
7.672411e+00	3.971857e+00	4.119080e-04	92979409.000000	0.000000e+00
7.674406e+00	3.969811e+00	4.115888e-04	93027747.000000	0.000000e+00
7.676401e+00	3.967923e+00	4.113906e-04	93028849.000000	0.000000e+00
7.678395e+00	3.965343e+00	4.109296e-04	93116505.000000	0.000000e+00
7.680389e+00	3.963114e+00	4.106811e-04	93124429.000000	0.000000e+00
7.682384e+00	3.962063e+00	4.103049e-04	93245799.000000	0.000000e+00
7.684379e+00	3.959848e+00	4.100785e-04	93244453.000000	0.000000e+00
7.686374e+00	3.957498e+00	4.096813e-04	93314485.000000	0.000000e+00
7.688368e+00	3.955345e+00	4.094997e-04	93295671.000000	0.000000e+00
7.690363e+00	3.954132e+00	4.091011e-04	93420265.000000	0.000000e+00
7.692358e+00	3.951391e+00	4.087380e-04	93456597.000000	0.000000e+00
7.694352e+00	3.949633e+00	4.084952e-04	93484471.000000	0.000000e+00
7.696347e+00	3.947711e+00	4.081548e-04	93549333.000000	0.000000e+00
7.698341e+00	3.946370e+00	4.079685e-04	93571237.000000	0.000000e+00
7.700336e+00	3.944049e+00	4.075031e-04	93674809.000000	0.000000e+00
7.702331e+00	3.941901e+00	4.073272e-04	93653655.000000	0.000000e+00
7.704325e+00	3.940016e+00	4.069343e-04	93744817.000000	0.000000e+00
7.706320e+00	3.938191e+00	4.066215e-04	93802149.000000	0.000000e+00
7.708315e+00	3.936828e+00	4.064032e-04	93838003.000000	0.000000e+00
7.710310e+00	3.934243e+00	4.060766e-04	93865609.000000	0.000000e+00
7.712304e+00	3.932767e+00	4.057219e-04	93959277.000000	0.000000e+00
7.714299e+00	3.930524e+00	4.055198e-04	93945685.000000	0.000000e+00
7.716293e+00	3.928039e+00	4.050811e-04	94030263.000000	0.000000e+00
7.718288e+00	3.927369e+00	4.049123e-04	94076545.000000	0.000000e+00
7.720283e+00	3.924065e+00	4.044844e-04	94117161.000000	0.000000e+00
7.722277e+00	3.922672e+00	4.042204e-04	94173247.000000	0.000000e+00
7.724272e+00	3.921575e+00	4.039476e-04	94247749.000000	0.000000e+00
7.726267e+00	3.918784e+00	4.036024e-04	94274709.000000	0.000000e+00
7.728262e+00	3.916723e+00	4.033235e-04	94305853.000000	0.000000e+00
7.730256e+00	3.914854e+00	4.029846e-04	94374411.000000	0.000000e+00
7.732251e+00	3.913594e+00	4.028036e-04	94398433.000000	0.000000e+00
7.734245e+00	3.911403e+00	4.024163e-04	94474365.000000	0.000000e+00
7.736239e+00	3.909264e+00	4.022002e-04	94472491.000000	0.000000e+00
7.738234e+00	3.907363e+00	4.017207e-04	94606069.000000	0.000000e+00
7.740229e+00	3.905017e+00	4.014553e-04	94617477.000000	0.000000e+00
7.742224e+00	3.902960e+00	4.012012e-04	94637599.000000	0.000000e+00
7.744219e+00	3.902293e+00	4.008911e-04	94751697.000000	0.000000e+00
7.746213e+00	3.899249e+00	4.005990e-04	94741909.000000	0.000000e+00
7.748208e+00	3.897187e+00	4.003384e-04	94765005.000000	0.000000e+00
7.750202e+00	3.896228e+00	3.999648e-04	94895407.000000	0.000000e+00
7.752197e+00	3.894020e+00	3.997596e-04	94885213.000000	0.000000e+00
7.754192e+00	3.892115e+00	3.993963e-04	94964949.000000	0.000000e+00
7.756186e+00	3.890224e+00	3.991875e-04	94971919.000000	0.000000e+00
7.758181e+00	3.888514e+00	3.987776e-04	95083629.000000	0.000000e+00
7.760176e+00	3.886705e+00	3.985512e-04	95103121.000000	0.000000e+00
7.762170e+00	3.884173e+00	3.982512e-04	95122441.000000	0.000000e+00
7.764165e+00	3.883041e+00	3.978979e-04	95235891.000000	0.000000e+00
7.766159e+00	3.880395e+00	3.976907e-04	95205289.000000	0.000000e+00
7.768154e+00	3.879185e+00	3.973616e-04	95303577.000000	0.000000e+00
7.770149e+00	3.876778e+00	3.969778e-04	95369503.000000	0.000000e+00
7.772144e+00	3.875088e+00	3.967831e-04	95379885.000000	0.000000e+00
7.774138e+00	3.873092e+00	3.964427e-04	95445373.000000	0.000000e+00
7.776133e+00	3.871461e+00	3.961381e-04	95511679.000000	0.000000e+00
7.778128e+00	3.868557e+00	3.957994e-04	95531733.000000	0.000000e+00
7.780122e+00	3.866933e+00	3.955001e-04	95596045.000000	0.000000e+00
7.782117e+00	3.866061e+00	3.953085e-04	95645625.000000	0.000000e+00
7.784112e+00	3.864294e+00	3.951061e-04	95656123.000000	0.000000e+00
7.786105e+00	3.861829e+00	3.947831e-04	95690517.000000	0.000000e+00
7.788100e+00	3.859949e+00	3.943180e-04	95823013.000000	0.000000e+00
7.790095e+00	3.858344e+00	3.941045e-04	95847151.000000	0.000000e+00
7.792090e+00	3.856388e+00	3.938049e-04	95895729.000000	0.000000e+00
7.794085e+00	3.853745e+00	3.934760e-04	95924485.000000	0.000000e+00
7.796079e+00	3.852349e+00	3.932335e-04	95973249.000000	0.000000e+00
7.798074e+00	3.850742e+00	3.928980e-04	96057055.000000	0.000000e+00
7.800069e+00	3.848361e+00	3.926423e-04	96063301.000000	0.000000e+00
7.802063e+00	3.846961e+00	3.923531e-04	96134937.000000	0.000000e+00
7.804058e+00	3.845232e+00	3.921238e-04	96160939.000000	0.000000e+00
7.806052e+00	3.843475e+00	3.917642e-04	96249537.000000	0.000000e+00
7.808047e+00	3.841175e+00	3.914778e-04	96275041.000000	0.000000e+00
7.810042e+00	3.839643e+00	3.912002e-04	96334881.000000	0.000000e+00
7.812037e+00	3.837458e+00	3.909282e-04	96359215.000000	0.000000e+00
7.814031e+00	3.836257e+00	3.906795e-04	96421561.000000	0.000000e+00
7.816026e+00	3.833834e+00	3.903165e-04	96478989.000000	0.000000e+00
7.818020e+00	3.832666e+00	3.901298e-04	96512527.000000	0.000000e+00
7.820015e+00	3.829835e+00	3.897439e-04	96560937.000000	0.000000e+00
7.822009e+00	3.828379e+00	3.894230e-04	96646621.000000	0.000000e+00
7.824004e+00	3.826743e+00	3.892184e-04	96665583.000000	0.000000e+00
7.825999e+00	3.824420e+00	3.888225e-04	96744973.000000	0.000000e+00
7.827994e+00	3.823093e+00	3.886304e-04	96773449.000000	0.000000e+00
7.829989e+00	3.821418e+00	3.884111e-04	96797853.000000	0.000000e+00
7.831983e+00	3.819382e+00	3.880820e-04	96858871.000000	0.000000e+00
7.833978e+00	3.817071e+00	3.877166e-04	96924093.000000	0.000000e+00
7.835972e+00	3.815599e+00	3.874749e-04	96970237.000000	0.000000e+00
7.837967e+00	3.813708e+00	3.872161e-04	97003647.000000	0.000000e+00
7.839962e+00	3.811912e+00	3.868551e-04	97093237.000000	0.000000e+00
7.841956e+00	3.810394e+00	3.866945e-04	97096549.000000	0.000000e+00
7.843951e+00	3.807726e+00	3.862596e-04	97179105.000000	0.000000e+00
7.845946e+00	3.806386e+00	3.860609e-04	97210663.000000	0.000000e+00
7.847940e+00	3.803753e+00	3.856911e-04	97262481.000000	0.000000e+00
7.849935e+00	3.802887e+00	3.855170e-04	97306069.000000	0.000000e+00
7.851929e+00	3.800493e+00	3.851531e-04	97367275.000000	0.000000e+00
7.853924e+00	3.798581e+00	3.849257e-04	97384329.000000	0.000000e+00
7.855919e+00	3.796527e+00	3.845112e-04	97488853.000000	0.000000e+00
7.857913e+00	3.794533e+00	3.843195e-04	97483647.000000	0.000000e+00
7.859908e+00	3.793922e+00	3.840878e-04	97569877.000000	0.000000e+00
7.861902e+00	3.791420e+00	3.837881e-04	97593465.000000	0.000000e+00
7.863897e+00	3.789122e+00	3.833694e-04	97688257.000000	0.000000e+00
7.865892e+00	3.787412e+00	3.832067e-04	97683007.000000	0.000000e+00
7.867886e+00	3.785739e+00	3.828574e-04	97774893.000000	0.000000e+00
7.869881e+00	3.783956e+00	3.825651e-04	97832113.000000	0.000000e+00
7.871876e+00	3.782628e+00	3.824074e-04	97844151.000000	0.000000e+00
7.873871e+00	3.780300e+00	3.820432e-04	97910125.000000	0.000000e+00
7.875865e+00	3.778071e+00	3.817547e-04	97942569.000000	0.000000e+00
7.877860e+00	3.777137e+00	3.815185e-04	98015365.000000	0.000000e+00
7.879855e+00	3.774817e+00	3.811942e-04	98061643.000000	0.000000e+00
7.881849e+00	3.773323e+00	3.809815e-04	98093493.000000	0.000000e+00
7.883844e+00	3.771714e+00	3.806637e-04	98173573.000000	0.000000e+00
7.885839e+00	3.769327e+00	3.803676e-04	98202063.000000	0.000000e+00
7.887833e+00	3.768097e+00	3.801409e-04	98255077.000000	0.000000e+00
7.889828e+00	3.765761e+00	3.798116e-04	98303517.000000	0.000000e+00
7.891822e+00	3.764391e+00	3.796743e-04	98303065.000000	0.000000e+00
7.893817e+00	3.762661e+00	3.791858e-04	98465935.000000	0.000000e+00
7.895812e+00	3.761000e+00	3.790528e-04	98448105.000000	0.000000e+00
7.897806e+00	3.758747e+00	3.787480e-04	98488513.000000	0.000000e+00
7.899801e+00	3.757100e+00	3.784393e-04	98562783.000000	0.000000e+00
7.901796e+00	3.755587e+00	3.781893e-04	98613697.000000	0.000000e+00
7.903790e+00	3.753448e+00	3.779335e-04	98634757.000000	0.000000e+00
7.905785e+00	3.751859e+00	3.776543e-04	98697027.000000	0.000000e+00
7.907779e+00	3.750109e+00	3.773939e-04	98741137.000000	0.000000e+00
7.909774e+00	3.747996e+00	3.770095e-04	98831121.000000	0.000000e+00
7.911769e+00	3.746201e+00	3.768595e-04	98815045.000000	0.000000e+00
7.913763e+00	3.744222e+00	3.764646e-04	98917899.000000	0.000000e+00
7.915758e+00	3.742891e+00	3.762355e-04	98968033.000000	0.000000e+00
7.917753e+00	3.741482e+00	3.760504e-04	98990869.000000	0.000000e+00
7.919747e+00	3.738908e+00	3.756809e-04	99049299.000000	0.000000e+00
7.921742e+00	3.737406e+00	3.754032e-04	99116185.000000	0.000000e+00
7.923737e+00	3.735686e+00	3.752096e-04	99127209.000000	0.000000e+00
7.925731e+00	3.733843e+00	3.749172e-04	99183925.000000	0.000000e+00
7.927726e+00	3.732084e+00	3.745533e-04	99283155.000000	0.000000e+00
7.929721e+00	3.730575e+00	3.743870e-04	99291025.000000	0.000000e+00
7.931715e+00	3.727800e+00	3.739491e-04	99375685.000000	0.000000e+00
7.933710e+00	3.726091e+00	3.737817e-04	99373587.000000	0.000000e+00
7.935705e+00	3.724503e+00	3.734435e-04	99468793.000000	0.000000e+00
7.937699e+00	3.723082e+00	3.732523e-04	99494757.000000	0.000000e+00
7.939694e+00	3.721667e+00	3.730613e-04	99520999.000000	0.000000e+00
7.941688e+00	3.719946e+00	3.726847e-04	99630021.000000	0.000000e+00
7.943683e+00	3.718266e+00	3.724518e-04	99664585.000000	0.000000e+00
7.945678e+00	3.715414e+00	3.721332e-04	99682213.000000	0.000000e+00
7.947672e+00	3.714288e+00	3.718944e-04	99749763.000000	0.000000e+00
7.949667e+00	3.712704e+00	3.716229e-04	99810409.000000	0.000000e+00
7.951662e+00	3.711038e+00	3.713823e-04	99850077.000000	0.000000e+00
7.953656e+00	3.708557e+00	3.710381e-04	99901723.000000	0.000000e+00
7.955651e+00	3.706937e+00	3.707870e-04	99949681.000000	0.000000e+00
7.957646e+00	3.705710e+00	3.705906e-04	99989409.000000	0.000000e+00
7.959640e+00	3.703685e+00	3.702874e-04	100043833.000000	0.000000e+00
7.961635e+00	3.702347e+00	3.699914e-04	100131543.000000	0.000000e+00
7.963630e+00	3.700656e+00	3.698183e-04	100133761.000000	0.000000e+00
7.965624e+00	3.698324e+00	3.694362e-04	100214589.000000	0.000000e+00
7.967619e+00	3.697001e+00	3.691746e-04	100284895.000000	0.000000e+00
7.969614e+00	3.694960e+00	3.689852e-04	100277065.000000	0.000000e+00
7.971609e+00	3.692385e+00	3.685516e-04	100373097.000000	0.000000e+00
7.973603e+00	3.691080e+00	3.684661e-04	100348747.000000	0.000000e+00
7.975597e+00	3.689355e+00	3.680675e-04	100472205.000000	0.000000e+00
7.977592e+00	3.687847e+00	3.678804e-04	100492225.000000	0.000000e+00
7.979587e+00	3.686379e+00	3.675852e-04	100573557.000000	0.000000e+00
7.981582e+00	3.684370e+00	3.673252e-04	100606267.000000	0.000000e+00
7.983576e+00	3.682782e+00	3.670830e-04	100652233.000000	0.000000e+00
7.985571e+00	3.680553e+00	3.667040e-04	100738329.000000	0.000000e+00
7.987566e+00	3.679057e+00	3.665473e-04	100742587.000000	0.000000e+00
7.989560e+00	3.677437e+00	3.663247e-04	100776201.000000	0.000000e+00
7.991555e+00	3.675001e+00	3.659592e-04	100843885.000000	0.000000e+00
7.993549e+00	3.674340e+00	3.657701e-04	100911877.000000	0.000000e+00
7.995544e+00	3.672458e+00	3.655019e-04	100956531.000000	0.000000e+00
7.997539e+00	3.670069e+00	3.651546e-04	101017129.000000	0.000000e+00
7.999533e+00	3.668811e+00	3.649434e-04	101064741.000000	0.000000e+00
8.001528e+00	3.666724e+00	3.646637e-04	101104723.000000	0.000000e+00
8.003523e+00	3.665074e+00	3.643528e-04	101186181.000000	0.000000e+00
8.005517e+00	3.663264e+00	3.642108e-04	101165101.000000	0.000000e+00
8.007512e+00	3.661834e+00	3.639167e-04	101249617.000000	0.000000e+00
8.009506e+00	3.660475e+00	3.636933e-04	101298819.000000	0.000000e+00
8.011501e+00	3.658230e+00	3.633183e-04	101383537.000000	0.000000e+00
8.013496e+00	3.656118e+00	3.630424e-04	101420493.000000	0.000000e+00
8.015490e+00	3.655146e+00	3.628939e-04	101449519.000000	0.000000e+00
8.017485e+00	3.652484e+00	3.625110e-04	101515953.000000	0.000000e+00
8.019480e+00	3.650862e+00	3.622848e-04	101552509.000000	0.000000e+00
8.021474e+00	3.650297e+00	3.621360e-04	101604511.000000	0.000000e+00
8.023469e+00	3.648019e+00	3.617570e-04	101690469.000000	0.000000e+00
8.025464e+00	3.646434e+00	3.615846e-04	101699041.000000	0.000000e+00
8.027458e+00	3.644087e+00	3.612530e-04	101754681.000000	0.000000e+00
8.029453e+00	3.642729e+00	3.609480e-04	101850811.000000	0.000000e+00
8.031448e+00	3.640926e+00	3.607999e-04	101833533.000000	0.000000e+00
8.033442e+00	3.639756e+00	3.604944e-04	101940661.000000	0.000000e+00
8.035437e+00	3.637332e+00	3.602441e-04	101946415.000000	0.000000e+00
8.037432e+00	3.635714e+00	3.599257e-04	102036057.000000	0.000000e+00
8.039426e+00	3.634715e+00	3.598091e-04	102046117.000000	0.000000e+00
8.041421e+00	3.632312e+00	3.594737e-04	102101493.000000	0.000000e+00
8.043415e+00	3.630922e+00	3.591820e-04	102189151.000000	0.000000e+00
8.045410e+00	3.629808e+00	3.590299e-04	102212953.000000	0.000000e+00
8.047405e+00	3.627430e+00	3.586306e-04	102306525.000000	0.000000e+00
8.049400e+00	3.625786e+00	3.585075e-04	102284035.000000	0.000000e+00
8.051394e+00	3.623933e+00	3.581349e-04	102392193.000000	0.000000e+00
8.053389e+00	3.622896e+00	3.580094e-04	102405397.000000	0.000000e+00
8.055383e+00	3.621169e+00	3.577189e-04	102474063.000000	0.000000e+00
8.057378e+00	3.618906e+00	3.574134e-04	102520993.000000	0.000000e+00
8.059372e+00	3.617260e+00	3.571629e-04	102571501.000000	0.000000e+00
8.061367e+00	3.616227e+00	3.569703e-04	102623577.000000	0.000000e+00
8.063362e+00	3.613439e+00	3.565880e-04	102685183.000000	0.000000e+00
8.065356e+00	3.611805e+00	3.563657e-04	102720453.000000	0.000000e+00
8.067351e+00	3.609880e+00	3.560290e-04	102805165.000000	0.000000e+00
8.069346e+00	3.608939e+00	3.559105e-04	102820011.000000	0.000000e+00
8.071341e+00	3.606906e+00	3.555975e-04	102885013.000000	0.000000e+00
8.073335e+00	3.605640e+00	3.554174e-04	102917089.000000	0.000000e+00
8.075330e+00	3.603531e+00	3.551381e-04	102958413.000000	0.000000e+00
8.077324e+00	3.602101e+00	3.548187e-04	103062043.000000	0.000000e+00
8.079319e+00	3.600534e+00	3.546403e-04	103075989.000000	0.000000e+00
8.081314e+00	3.598903e+00	3.543359e-04	103159645.000000	0.000000e+00
8.083309e+00	3.597361e+00	3.541998e-04	103150515.000000	0.000000e+00
8.085303e+00	3.594825e+00	3.537650e-04	103258525.000000	0.000000e+00
8.087298e+00	3.593077e+00	3.535805e-04	103265785.000000	0.000000e+00
8.089292e+00	3.591674e+00	3.533235e-04	103335309.000000	0.000000e+00
8.091287e+00	3.590478e+00	3.530966e-04	103399291.000000	0.000000e+00
8.093282e+00	3.588602e+00	3.528609e-04	103429269.000000	0.000000e+00
8.095276e+00	3.587444e+00	3.526125e-04	103508173.000000	0.000000e+00
8.097271e+00	3.585275e+00	3.523129e-04	103559011.000000	0.000000e+00
8.099266e+00	3.584051e+00	3.521962e-04	103556901.000000	0.000000e+00
8.101260e+00	3.581498e+00	3.517421e-04	103676605.000000	0.000000e+00
8.103255e+00	3.580411e+00	3.516599e-04	103662123.000000	0.000000e+00
8.105249e+00	3.578924e+00	3.513618e-04	103751869.000000	0.000000e+00
8.107244e+00	3.577227e+00	3.510788e-04	103820673.000000	0.000000e+00
8.109239e+00	3.574619e+00	3.507984e-04	103835113.000000	0.000000e+00
8.111233e+00	3.573827e+00	3.506262e-04	103891075.000000	0.000000e+00
8.113228e+00	3.571727e+00	3.502923e-04	103966917.000000	0.000000e+00
8.115223e+00	3.570110e+00	3.500763e-04	104001097.000000	0.000000e+00
8.117218e+00	3.568480e+00	3.498554e-04	104037327.000000	0.000000e+00
8.119212e+00	3.566833e+00	3.495512e-04	104122369.000000	0.000000e+00
8.121207e+00	3.565187e+00	3.493606e-04	104139849.000000	0.000000e+00
8.123201e+00	3.564327e+00	3.491618e-04	104208097.000000	0.000000e+00
8.125196e+00	3.561847e+00	3.488737e-04	104235139.000000	0.000000e+00
8.127191e+00	3.560292e+00	3.485521e-04	104336421.000000	0.000000e+00
8.129185e+00	3.559100e+00	3.484434e-04	104331649.000000	0.000000e+00
8.131180e+00	3.556979e+00	3.480366e-04	104451063.000000	0.000000e+00
8.133175e+00	3.555530e+00	3.479320e-04	104428729.000000	0.000000e+00
8.135169e+00	3.553960e+00	3.476109e-04	104529405.000000	0.000000e+00
8.137164e+00	3.551830e+00	3.473478e-04	104562295.000000	0.000000e+00
8.139159e+00	3.550889e+00	3.471370e-04	104633845.000000	0.000000e+00
8.141153e+00	3.549163e+00	3.469624e-04	104637453.000000	0.000000e+00
8.143147e+00	3.546586e+00	3.466166e-04	104694109.000000	0.000000e+00
8.145142e+00	3.545531e+00	3.463242e-04	104808579.000000	0.000000e+00
8.147137e+00	3.543249e+00	3.460825e-04	104819965.000000	0.000000e+00
8.149132e+00	3.542834e+00	3.459343e-04	104885245.000000	0.000000e+00
8.151126e+00	3.541009e+00	3.457705e-04	104876463.000000	0.000000e+00
8.153121e+00	3.539414e+00	3.454077e-04	105002269.000000	0.000000e+00
8.155116e+00	3.536863e+00	3.450899e-04	105044193.000000	0.000000e+00
8.157111e+00	3.536179e+00	3.449540e-04	105086281.000000	0.000000e+00
8.159105e+00	3.533795e+00	3.446654e-04	105120483.000000	0.000000e+00
8.161100e+00	3.532857e+00	3.445024e-04	105164161.000000	0.000000e+00
8.163094e+00	3.530894e+00	3.442020e-04	105230773.000000	0.000000e+00
8.165089e+00	3.529505e+00	3.439476e-04	105303567.000000	0.000000e+00
8.167084e+00	3.527133e+00	3.437213e-04	105300601.000000	0.000000e+00
8.169078e+00	3.526066e+00	3.434629e-04	105395337.000000	0.000000e+00
8.171073e+00	3.524449e+00	3.432073e-04	105455599.000000	0.000000e+00
8.173068e+00	3.522843e+00	3.429929e-04	105491169.000000	0.000000e+00
8.175062e+00	3.520917e+00	3.427457e-04	105527977.000000	0.000000e+00
8.177057e+00	3.519017e+00	3.424536e-04	105594013.000000	0.000000e+00
8.179052e+00	3.517887e+00	3.422669e-04	105641355.000000	0.000000e+00
8.181046e+00	3.516842e+00	3.420592e-04	105706837.000000	0.000000e+00
8.183041e+00	3.514214e+00	3.417064e-04	105767025.000000	0.000000e+00
8.185036e+00	3.513097e+00	3.415596e-04	105790639.000000	0.000000e+00
8.187031e+00	3.511340e+00	3.412906e-04	105851521.000000	0.000000e+00
8.189025e+00	3.509971e+00	3.410675e-04	105907413.000000	0.000000e+00
8.191019e+00	3.508607e+00	3.409508e-04	105897589.000000	0.000000e+00
8.193014e+00	3.506830e+00	3.404976e-04	106072143.000000	0.000000e+00
8.195009e+00	3.505262e+00	3.404613e-04	105999853.000000	0.000000e+00
8.197003e+00	3.503024e+00	3.400522e-04	106119429.000000	0.000000e+00
8.198998e+00	3.501336e+00	3.398217e-04	106161067.000000	0.000000e+00
8.200993e+00	3.499883e+00	3.395804e-04	106223749.000000	0.000000e+00
8.202987e+00	3.498286e+00	3.393855e-04	106248849.000000	0.000000e+00
8.204982e+00	3.497018e+00	3.391553e-04	106315957.000000	0.000000e+00
8.206977e+00	3.494989e+00	3.388614e-04	106376907.000000	0.000000e+00
8.208971e+00	3.492990e+00	3.386259e-04	106403161.000000	0.000000e+00
8.210966e+00	3.492394e+00	3.384697e-04	106465017.000000	0.000000e+00
8.212961e+00	3.490750e+00	3.381742e-04	106550779.000000	0.000000e+00
8.214955e+00	3.488197e+00	3.379125e-04	106559833.000000	0.000000e+00
8.216950e+00	3.487121e+00	3.377289e-04	106609905.000000	0.000000e+00
8.218944e+00	3.485634e+00	3.374772e-04	106677991.000000	0.000000e+00
8.220939e+00	3.483908e+00	3.372170e-04	106736877.000000	0.000000e+00
8.222934e+00	3.482489e+00	3.370074e-04	106782601.000000	0.000000e+00
8.224928e+00	3.480684e+00	3.367703e-04	106822245.000000	0.000000e+00
8.226923e+00	3.479149e+00	3.365313e-04	106879663.000000	0.000000e+00
8.228918e+00	3.477514e+00	3.362560e-04	106954165.000000	0.000000e+00
8.230912e+00	3.475473e+00	3.360069e-04	106987077.000000	0.000000e+00
8.232907e+00	3.474219e+00	3.357794e-04	107054839.000000	0.000000e+00
8.234902e+00	3.472740e+00	3.355865e-04	107086701.000000	0.000000e+00
8.236897e+00	3.470485e+00	3.352809e-04	107142721.000000	0.000000e+00
8.238891e+00	3.469526e+00	3.351431e-04	107171593.000000	0.000000e+00
8.240886e+00	3.468281e+00	3.348767e-04	107265147.000000	0.000000e+00
8.242880e+00	3.467143e+00	3.347019e-04	107306773.000000	0.000000e+00
8.244875e+00	3.464432e+00	3.344026e-04	107330901.000000	0.000000e+00
8.246870e+00	3.463036e+00	3.341374e-04	107414683.000000	0.000000e+00
8.248864e+00	3.462147e+00	3.340173e-04	107436813.000000	0.000000e+00
8.250859e+00	3.460002e+00	3.336563e-04	107536021.000000	0.000000e+00
8.252854e+00	3.458970e+00	3.335676e-04	107529115.000000	0.000000e+00
8.254848e+00	3.457094e+00	3.332021e-04	107648241.000000	0.000000e+00
8.256843e+00	3.455735e+00	3.330429e-04	107666485.000000	0.000000e+00
8.258838e+00	3.453387e+00	3.327889e-04	107684421.000000	0.000000e+00
8.260832e+00	3.452366e+00	3.325850e-04	107752783.000000	0.000000e+00
8.262827e+00	3.450908e+00	3.323137e-04	107837613.000000	0.000000e+00
8.264821e+00	3.449343e+00	3.321399e-04	107852557.000000	0.000000e+00
8.266816e+00	3.447240e+00	3.317914e-04	107947567.000000	0.000000e+00
8.268811e+00	3.445614e+00	3.316238e-04	107954757.000000	0.000000e+00
8.270805e+00	3.444117e+00	3.313480e-04	108040633.000000	0.000000e+00
8.272800e+00	3.443333e+00	3.311828e-04	108099213.000000	0.000000e+00
8.274795e+00	3.440950e+00	3.309702e-04	108088363.000000	0.000000e+00
8.276789e+00	3.439714e+00	3.306747e-04	108203841.000000	0.000000e+00
8.278784e+00	3.437497e+00	3.303961e-04	108246733.000000	0.000000e+00
8.280779e+00	3.436563e+00	3.302701e-04	108270499.000000	0.000000e+00
8.282773e+00	3.435134e+00	3.300048e-04	108354477.000000	0.000000e+00
8.284768e+00	3.433255e+00	3.297768e-04	108385705.000000	0.000000e+00
8.286762e+00	3.431816e+00	3.295443e-04	108447693.000000	0.000000e+00
8.288757e+00	3.430273e+00	3.293778e-04	108459775.000000	0.000000e+00
8.290751e+00	3.429137e+00	3.290859e-04	108580273.000000	0.000000e+00
8.292746e+00	3.427943e+00	3.289271e-04	108609501.000000	0.000000e+00
8.294741e+00	3.425399e+00	3.286255e-04	108647503.000000	0.000000e+00
8.296735e+00	3.424556e+00	3.285263e-04	108659649.000000	0.000000e+00
8.298730e+00	3.422337e+00	3.280923e-04	108806149.000000	0.000000e+00
8.300725e+00	3.420972e+00	3.279186e-04	108834627.000000	0.000000e+00
8.302720e+00	3.419462e+00	3.277176e-04	108871933.000000	0.000000e+00
8.304715e+00	3.417820e+00	3.275381e-04	108886645.000000	0.000000e+00
8.306709e+00	3.415912e+00	3.272485e-04	108957729.000000	0.000000e+00
8.308704e+00	3.414883e+00	3.270479e-04	109025743.000000	0.000000e+00
8.310698e+00	3.413560e+00	3.268598e-04	109066677.000000	0.000000e+00
8.312693e+00	3.411724e+00	3.265920e-04	109128109.000000	0.000000e+00
8.314688e+00	3.410683e+00	3.264056e-04	109186119.000000	0.000000e+00
8.316683e+00	3.408271e+00	3.260860e-04	109245637.000000	0.000000e+00
8.318677e+00	3.406801e+00	3.258973e-04	109277845.000000	0.000000e+00
8.320672e+00	3.405105e+00	3.256966e-04	109303653.000000	0.000000e+00
8.322666e+00	3.404450e+00	3.255009e-04	109392979.000000	0.000000e+00
8.324661e+00	3.401890e+00	3.251960e-04	109433433.000000	0.000000e+00
8.326655e+00	3.400835e+00	3.249972e-04	109499485.000000	0.000000e+00
8.328650e+00	3.399293e+00	3.248417e-04	109504947.000000	0.000000e+00
8.330644e+00	3.397749e+00	3.245060e-04	109631929.000000	0.000000e+00
8.332639e+00	3.396177e+00	3.243398e-04	109642789.000000	0.000000e+00
8.334634e+00	3.395166e+00	3.241360e-04	109715355.000000	0.000000e+00
8.336629e+00	3.393746e+00	3.239873e-04	109724305.000000	0.000000e+00
8.338623e+00	3.391777e+00	3.236185e-04	109846905.000000	0.000000e+00
8.340618e+00	3.390511e+00	3.235185e-04	109832821.000000	0.000000e+00
8.342612e+00	3.389068e+00	3.232903e-04	109894315.000000	0.000000e+00
8.344607e+00	3.387393e+00	3.230310e-04	109961997.000000	0.000000e+00
8.346602e+00	3.385618e+00	3.227381e-04	110046289.000000	0.000000e+00
8.348597e+00	3.383932e+00	3.225356e-04	110074791.000000	0.000000e+00
8.350591e+00	3.382445e+00	3.223174e-04	110127037.000000	0.000000e+00
8.352586e+00	3.381059e+00	3.221223e-04	110170185.000000	0.000000e+00
8.354581e+00	3.379659e+00	3.218925e-04	110236093.000000	0.000000e+00
8.356575e+00	3.378631e+00	3.217669e-04	110255167.000000	0.000000e+00
8.358570e+00	3.376834e+00	3.215000e-04	110320833.000000	0.000000e+00
8.360564e+00	3.375194e+00	3.212553e-04	110381641.000000	0.000000e+00
8.362559e+00	3.373592e+00	3.210018e-04	110451123.000000	0.000000e+00
8.364554e+00	3.372081e+00	3.207929e-04	110496013.000000	0.000000e+00
8.366548e+00	3.371284e+00	3.206600e-04	110535273.000000	0.000000e+00
8.368543e+00	3.369298e+00	3.204050e-04	110580919.000000	0.000000e+00
8.370538e+00	3.366572e+00	3.199745e-04	110699341.000000	0.000000e+00
8.372532e+00	3.365335e+00	3.199130e-04	110660589.000000	0.000000e+00
8.374527e+00	3.364247e+00	3.196350e-04	110781421.000000	0.000000e+00
8.376522e+00	3.363211e+00	3.194949e-04	110810343.000000	0.000000e+00
8.378517e+00	3.361598e+00	3.192983e-04	110840473.000000	0.000000e+00
8.380511e+00	3.359956e+00	3.190230e-04	110923417.000000	0.000000e+00
8.382506e+00	3.358552e+00	3.188159e-04	110974779.000000	0.000000e+00
8.384500e+00	3.356919e+00	3.186254e-04	110999437.000000	0.000000e+00
8.386495e+00	3.355584e+00	3.183859e-04	111078117.000000	0.000000e+00
8.388489e+00	3.354566e+00	3.182666e-04	111094009.000000	0.000000e+00
8.390484e+00	3.351638e+00	3.178258e-04	111207951.000000	0.000000e+00
8.392479e+00	3.350388e+00	3.177201e-04	111198973.000000	0.000000e+00
8.394473e+00	3.349376e+00	3.174784e-04	111301141.000000	0.000000e+00
8.396468e+00	3.347910e+00	3.173130e-04	111319647.000000	0.000000e+00
8.398463e+00	3.346320e+00	3.170211e-04	111418861.000000	0.000000e+00
8.400458e+00	3.344625e+00	3.168438e-04	111430593.000000	0.000000e+00
8.402452e+00	3.342900e+00	3.165898e-04	111494377.000000	0.000000e+00
8.404447e+00	3.342118e+00	3.164525e-04	111538923.000000	0.000000e+00
8.406441e+00	3.340275e+00	3.162089e-04	111587689.000000	0.000000e+00
8.408436e+00	3.338953e+00	3.159907e-04	111653437.000000	0.000000e+00
8.410430e+00	3.337577e+00	3.157919e-04	111701967.000000	0.000000e+00
8.412425e+00	3.335859e+00	3.155395e-04	111765553.000000	0.000000e+00
8.414420e+00	3.335206e+00	3.154097e-04	111813753.000000	0.000000e+00
8.416415e+00	3.333581e+00	3.151629e-04	111879907.000000	0.000000e+00
8.418409e+00	3.331055e+00	3.148853e-04	111907401.000000	0.000000e+00
8.420404e+00	3.330049e+00	3.146757e-04	111988861.000000	0.000000e+00
8.422399e+00	3.328615e+00	3.145412e-04	111988153.000000	0.000000e+00
8.424393e+00	3.327410e+00	3.142754e-04	112096395.000000	0.000000e+00
8.426388e+00	3.325807e+00	3.141249e-04	112095793.000000	0.000000e+00
8.428382e+00	3.324219e+00	3.137723e-04	112240641.000000	0.000000e+00
8.430377e+00	3.322002e+00	3.136088e-04	112207879.000000	0.000000e+00
8.432372e+00	3.321345e+00	3.134318e-04	112290193.000000	0.000000e+00
8.434367e+00	3.320170e+00	3.132332e-04	112353105.000000	0.000000e+00
8.436361e+00	3.318072e+00	3.129957e-04	112381453.000000	0.000000e+00
8.438356e+00	3.317135e+00	3.128163e-04	112446927.000000	0.000000e+00
8.440350e+00	3.315468e+00	3.125720e-04	112509577.000000	0.000000e+00
8.442345e+00	3.313216e+00	3.122810e-04	112566273.000000	0.000000e+00
8.444340e+00	3.312618e+00	3.122052e-04	112580275.000000	0.000000e+00
8.446334e+00	3.310794e+00	3.118958e-04	112679641.000000	0.000000e+00
8.448329e+00	3.309088e+00	3.117194e-04	112690977.000000	0.000000e+00
8.450324e+00	3.308274e+00	3.114858e-04	112804555.000000	0.000000e+00
8.452318e+00	3.306879e+00	3.113874e-04	112780689.000000	0.000000e+00
8.454313e+00	3.305111e+00	3.110673e-04	112892101.000000	0.000000e+00
8.456307e+00	3.303303e+00	3.108717e-04	112910541.000000	0.000000e+00
8.458302e+00	3.301823e+00	3.106268e-04	112987327.000000	0.000000e+00
8.460297e+00	3.300685e+00	3.104643e-04	113027677.000000	0.000000e+00
8.462291e+00	3.298960e+00	3.101815e-04	113115597.000000	0.000000e+00
8.464286e+00	3.297682e+00	3.100403e-04	113130931.000000	0.000000e+00
8.466281e+00	3.296185e+00	3.098138e-04	113193525.000000	0.000000e+00
8.468275e+00	3.294726e+00	3.096131e-04	113240029.000000	0.000000e+00
8.470270e+00	3.292885e+00	3.093847e-04	113280597.000000	0.000000e+00
8.472264e+00	3.291514e+00	3.091196e-04	113380531.000000	0.000000e+00
8.474259e+00	3.290283e+00	3.089672e-04	113407489.000000	0.000000e+00
8.476254e+00	3.288901e+00	3.087481e-04	113473101.000000	0.000000e+00
8.478249e+00	3.286923e+00	3.085026e-04	113517127.000000	0.000000e+00
8.480243e+00	3.285770e+00	3.083746e-04	113531673.000000	0.000000e+00
8.482238e+00	3.284817e+00	3.081621e-04	113622409.000000	0.000000e+00
8.484232e+00	3.283518e+00	3.079587e-04	113682493.000000	0.000000e+00
8.486227e+00	3.281223e+00	3.076461e-04	113754519.000000	0.000000e+00
8.488222e+00	3.280013e+00	3.074839e-04	113790577.000000	0.000000e+00
8.490217e+00	3.279180e+00	3.073835e-04	113807121.000000	0.000000e+00
8.492211e+00	3.277973e+00	3.071377e-04	113905495.000000	0.000000e+00
8.494206e+00	3.276129e+00	3.069464e-04	113919177.000000	0.000000e+00
8.496201e+00	3.274520e+00	3.066390e-04	114035581.000000	0.000000e+00
8.498195e+00	3.273136e+00	3.065216e-04	114026551.000000	0.000000e+00
8.500190e+00	3.271237e+00	3.062450e-04	114100137.000000	0.000000e+00
8.502185e+00	3.270515e+00	3.060973e-04	114159793.000000	0.000000e+00
8.504179e+00	3.268828e+00	3.058696e-04	114211917.000000	0.000000e+00
8.506174e+00	3.267135e+00	3.056651e-04	114246391.000000	0.000000e+00
8.508168e+00	3.265562e+00	3.054515e-04	114296109.000000	0.000000e+00
8.510163e+00	3.264281e+00	3.052083e-04	114388537.000000	0.000000e+00
8.512158e+00	3.262332e+00	3.049371e-04	114455299.000000	0.000000e+00
8.514153e+00	3.261662e+00	3.048633e-04	114463653.000000	0.000000e+00
8.516147e+00	3.259608e+00	3.046002e-04	114517057.000000	0.000000e+00
8.518142e+00	3.258312e+00	3.043690e-04	114600009.000000	0.000000e+00
8.520136e+00	3.256925e+00	3.041729e-04	114650119.000000	0.000000e+00
8.522131e+00	3.255389e+00	3.040167e-04	114659685.000000	0.000000e+00
8.524125e+00	3.253401e+00	3.037099e-04	114751249.000000	0.000000e+00
8.526120e+00	3.252802e+00	3.035811e-04	114806323.000000	0.000000e+00
8.528115e+00	3.250808e+00	3.033331e-04	114853233.000000	0.000000e+00
8.530109e+00	3.249685e+00	3.031515e-04	114911341.000000	0.000000e+00
8.532104e+00	3.248415e+00	3.029645e-04	114963387.000000	0.000000e+00
8.534099e+00	3.247182e+00	3.027902e-04	115008469.000000	0.000000e+00
8.536093e+00	3.245758e+00	3.025752e-04	115070893.000000	0.000000e+00
8.538088e+00	3.243690e+00	3.023255e-04	115114245.000000	0.000000e+00
8.540083e+00	3.243118e+00	3.021870e-04	115179187.000000	0.000000e+00
8.542077e+00	3.241376e+00	3.019873e-04	115207665.000000	0.000000e+00
8.544072e+00	3.239990e+00	3.016898e-04	115336321.000000	0.000000e+00
8.546067e+00	3.238370e+00	3.015610e-04	115319403.000000	0.000000e+00
8.548062e+00	3.236603e+00	3.012784e-04	115409905.000000	0.000000e+00
8.550056e+00	3.235691e+00	3.012038e-04	115401961.000000	0.000000e+00
8.552050e+00	3.234297e+00	3.009263e-04	115515273.000000	0.000000e+00
8.554045e+00	3.232665e+00	3.006976e-04	115574323.000000	0.000000e+00
8.556040e+00	3.231300e+00	3.005204e-04	115612965.000000	0.000000e+00
8.558035e+00	3.230320e+00	3.003984e-04	115636813.000000	0.000000e+00
8.560029e+00	3.228395e+00	3.001409e-04	115697199.000000	0.000000e+00
8.562024e+00	3.227367e+00	2.999096e-04	115801945.000000	0.000000e+00
8.564019e+00	3.225380e+00	2.997267e-04	115800673.000000	0.000000e+00
8.566013e+00	3.224671e+00	2.995756e-04	115866513.000000	0.000000e+00
8.568008e+00	3.223116e+00	2.993243e-04	115949251.000000	0.000000e+00
8.570003e+00	3.222068e+00	2.991856e-04	115981341.000000	0.000000e+00
8.571997e+00	3.220369e+00	2.989459e-04	116044873.000000	0.000000e+00
8.573992e+00	3.218618e+00	2.987099e-04	116101951.000000	0.000000e+00
8.575987e+00	3.216789e+00	2.985114e-04	116124357.000000	0.000000e+00
8.577981e+00	3.216443e+00	2.983219e-04	116246917.000000	0.000000e+00
8.579976e+00	3.215296e+00	2.983017e-04	116179755.000000	0.000000e+00
8.581970e+00	3.213551e+00	2.979391e-04	116336365.000000	0.000000e+00
8.583965e+00	3.212187e+00	2.977669e-04	116372025.000000	0.000000e+00
8.585959e+00	3.210366e+00	2.975748e-04	116390305.000000	0.000000e+00
8.587954e+00	3.209201e+00	2.973095e-04	116513527.000000	0.000000e+00
8.589949e+00	3.207110e+00	2.971249e-04	116506365.000000	0.000000e+00
8.591943e+00	3.205952e+00	2.969526e-04	116557405.000000	0.000000e+00
8.593938e+00	3.204612e+00	2.966888e-04	116667159.000000	0.000000e+00
8.595933e+00	3.203889e+00	2.966120e-04	116674909.000000	0.000000e+00
8.597927e+00	3.201979e+00	2.963814e-04	116717229.000000	0.000000e+00
8.599922e+00	3.200997e+00	2.961612e-04	116819233.000000	0.000000e+00
8.601917e+00	3.199148e+00	2.959669e-04	116837515.000000	0.000000e+00
8.603911e+00	3.198130e+00	2.958141e-04	116883837.000000	0.000000e+00
8.605906e+00	3.196197e+00	2.955086e-04	116984089.000000	0.000000e+00
8.607901e+00	3.195377e+00	2.953652e-04	117037599.000000	0.000000e+00
8.609895e+00	3.193983e+00	2.952393e-04	117035233.000000	0.000000e+00
8.611890e+00	3.192134e+00	2.948967e-04	117171645.000000	0.000000e+00
8.613885e+00	3.190772e+00	2.948236e-04	117129715.000000	0.000000e+00
8.615879e+00	3.189891e+00	2.945856e-04	117254281.000000	0.000000e+00
8.617874e+00	3.188194e+00	2.944260e-04	117256569.000000	0.000000e+00
8.619869e+00	3.186927e+00	2.941815e-04	117358189.000000	0.000000e+00
8.621863e+00	3.185016e+00	2.939581e-04	117395739.000000	0.000000e+00
8.623858e+00	3.184100e+00	2.938173e-04	117440761.000000	0.000000e+00
8.625853e+00	3.183184e+00	2.936598e-04	117499141.000000	0.000000e+00
8.627847e+00	3.181815e+00	2.934807e-04	117541371.000000	0.000000e+00
8.629842e+00	3.179567e+00	2.931684e-04	117625561.000000	0.000000e+00
8.631837e+00	3.178263e+00	2.929739e-04	117685137.000000	0.000000e+00
8.633831e+00	3.177445e+00	2.928842e-04	117696649.000000	0.000000e+00
8.635826e+00	3.175591e+00	2.925977e-04	117789699.000000	0.000000e+00
8.637821e+00	3.174203e+00	2.924507e-04	117805093.000000	0.000000e+00
8.639815e+00	3.172809e+00	2.922036e-04	117900829.000000	0.000000e+00
8.641810e+00	3.172114e+00	2.920893e-04	117941367.000000	0.000000e+00
8.643804e+00	3.170208e+00	2.919267e-04	117931009.000000	0.000000e+00
8.645799e+00	3.168718e+00	2.915797e-04	118100805.000000	0.000000e+00
8.647794e+00	3.167119e+00	2.914714e-04	118069231.000000	0.000000e+00
8.649788e+00	3.166540e+00	2.913268e-04	118143261.000000	0.000000e+00
8.651783e+00	3.165164e+00	2.911325e-04	118198225.000000	0.000000e+00
8.653777e+00	3.163381e+00	2.908613e-04	118285417.000000	0.000000e+00
8.655772e+00	3.162108e+00	2.907124e-04	118311327.000000	0.000000e+00
8.657767e+00	3.160883e+00	2.904989e-04	118393477.000000	0.000000e+00
8.659762e+00	3.159196e+00	2.903157e-04	118416441.000000	0.000000e+00
8.661756e+00	3.157991e+00	2.901345e-04	118473991.000000	0.000000e+00
8.663751e+00	3.157001e+00	2.899548e-04	118546509.000000	0.000000e+00
8.665746e+00	3.155579e+00	2.897646e-04	118595305.000000	0.000000e+00
8.667740e+00	3.154139e+00	2.895733e-04	118643653.000000	0.000000e+00
8.669735e+00	3.152374e+00	2.893237e-04	118715511.000000	0.000000e+00
8.671730e+00	3.152028e+00	2.892566e-04	118744477.000000	0.000000e+00
8.673724e+00	3.149849e+00	2.889789e-04	118808481.000000	0.000000e+00
8.675719e+00	3.148186e+00	2.887819e-04	118844911.000000	0.000000e+00
8.677713e+00	3.147460e+00	2.886313e-04	118914217.000000	0.000000e+00
8.679708e+00	3.146031e+00	2.883832e-04	119010717.000000	0.000000e+00
8.681703e+00	3.144403e+00	2.882254e-04	119017741.000000	0.000000e+00
8.683697e+00	3.143310e+00	2.880559e-04	119075079.000000	0.000000e+00
8.685692e+00	3.141804e+00	2.878615e-04	119121793.000000	0.000000e+00
8.687687e+00	3.140882e+00	2.876782e-04	119203605.000000	0.000000e+00
8.689681e+00	3.139280e+00	2.875063e-04	119224483.000000	0.000000e+00
8.691676e+00	3.137169e+00	2.872069e-04	119312521.000000	0.000000e+00
8.693671e+00	3.136340e+00	2.870422e-04	119386353.000000	0.000000e+00
8.695665e+00	3.135077e+00	2.869435e-04	119372299.000000	0.000000e+00
8.697660e+00	3.133211e+00	2.866114e-04	119506713.000000	0.000000e+00
8.699655e+00	3.132145e+00	2.865036e-04	119515333.000000	0.000000e+00
8.701649e+00	3.130927e+00	2.863379e-04	119560653.000000	0.000000e+00
8.703644e+00	3.129832e+00	2.861684e-04	119618563.000000	0.000000e+00
8.705638e+00	3.128362e+00	2.859759e-04	119667229.000000	0.000000e+00
8.707633e+00	3.126692e+00	2.856701e-04	119795565.000000	0.000000e+00
8.709628e+00	3.125791e+00	2.856393e-04	119752267.000000	0.000000e+00
8.711622e+00	3.124629e+00	2.854158e-04	119850801.000000	0.000000e+00
8.713617e+00	3.122718e+00	2.851571e-04	119921485.000000	0.000000e+00
8.715612e+00	3.121939e+00	2.850584e-04	119944705.000000	0.000000e+00
8.717606e+00	3.120484e+00	2.848086e-04	120043239.000000	0.000000e+00
8.719601e+00	3.119035e+00	2.846711e-04	120047677.000000	0.000000e+00
8.721595e+00	3.117987e+00	2.845165e-04	120097437.000000	0.000000e+00
8.723590e+00	3.116219e+00	2.842472e-04	120188659.000000	0.000000e+00
8.725585e+00	3.115069e+00	2.840690e-04	120250773.000000	0.000000e+00
8.727579e+00	3.113744e+00	2.839219e-04	120272977.000000	0.000000e+00
8.729574e+00	3.112781e+00	2.837353e-04	120356719.000000	0.000000e+00
8.731569e+00	3.110920e+00	2.834987e-04	120413577.000000	0.000000e+00
8.733564e+00	3.109713e+00	2.833582e-04	120439513.000000	0.000000e+00
8.735558e+00	3.108118e+00	2.831207e-04	120517893.000000	0.000000e+00
8.737553e+00	3.107013e+00	2.829736e-04	120557503.000000	0.000000e+00
8.739547e+00	3.106277e+00	2.828322e-04	120620961.000000	0.000000e+00
8.741542e+00	3.104872e+00	2.826518e-04	120665701.000000	0.000000e+00
8.743537e+00	3.103131e+00	2.824020e-04	120743731.000000	0.000000e+00
8.745531e+00	3.101955e+00	2.822695e-04	120765621.000000	0.000000e+00
8.747526e+00	3.100381e+00	2.819839e-04	120887497.000000	0.000000e+00
8.749521e+00	3.099002e+00	2.818666e-04	120880581.000000	0.000000e+00
8.751515e+00	3.097753e+00	2.817078e-04	120919375.000000	0.000000e+00
8.753510e+00	3.096389e+00	2.814848e-04	121004433.000000	0.000000e+00
8.755505e+00	3.095412e+00	2.813134e-04	121075429.000000	0.000000e+00
8.757499e+00	3.093677e+00	2.811114e-04	121113619.000000	0.000000e+00
8.759494e+00	3.092370e+00	2.809066e-04	121187817.000000	0.000000e+00
8.761489e+00	3.091337e+00	2.807752e-04	121220257.000000	0.000000e+00
8.763483e+00	3.089643e+00	2.805868e-04	121250109.000000	0.000000e+00
8.765478e+00	3.088619e+00	2.803559e-04	121369423.000000	0.000000e+00
8.767473e+00	3.087506e+00	2.802778e-04	121349569.000000	0.000000e+00
8.769467e+00	3.085982e+00	2.800080e-04	121463541.000000	0.000000e+00
8.771462e+00	3.084357e+00	2.798406e-04	121480867.000000	0.000000e+00
8.773456e+00	3.083501e+00	2.796578e-04	121572213.000000	0.000000e+00
8.775451e+00	3.082220e+00	2.794671e-04	121637101.000000	0.000000e+00
8.777446e+00	3.080588e+00	2.792900e-04	121662375.000000	0.000000e+00
8.779441e+00	3.079443e+00	2.791168e-04	121722889.000000	0.000000e+00
8.781435e+00	3.078398e+00	2.789583e-04	121778593.000000	0.000000e+00
8.783430e+00	3.076453e+00	2.787340e-04	121820577.000000	0.000000e+00
8.785424e+00	3.075377e+00	2.785795e-04	121870411.000000	0.000000e+00
8.787419e+00	3.074625e+00	2.784061e-04	121962693.000000	0.000000e+00
8.789414e+00	3.072563e+00	2.781714e-04	122004745.000000	0.000000e+00
8.791408e+00	3.072236e+00	2.780717e-04	122066247.000000	0.000000e+00
8.793403e+00	3.070569e+00	2.778722e-04	122108965.000000	0.000000e+00
8.795398e+00	3.068992e+00	2.776903e-04	122143405.000000	0.000000e+00
8.797392e+00	3.067658e+00	2.774967e-04	122207541.000000	0.000000e+00
8.799387e+00	3.066637e+00	2.773026e-04	122297287.000000	0.000000e+00
8.801382e+00	3.064799e+00	2.770918e-04	122336697.000000	0.000000e+00
8.803376e+00	3.064309e+00	2.769738e-04	122401825.000000	0.000000e+00
8.805371e+00	3.063190e+00	2.768650e-04	122408511.000000	0.000000e+00
8.807365e+00	3.061542e+00	2.766142e-04	122498725.000000	0.000000e+00
8.809360e+00	3.060285e+00	2.764413e-04	122551309.000000	0.000000e+00
8.811355e+00	3.059345e+00	2.762675e-04	122630187.000000	0.000000e+00
8.813350e+00	3.057597e+00	2.760461e-04	122686645.000000	0.000000e+00
8.815344e+00	3.056193e+00	2.759165e-04	122689197.000000	0.000000e+00
8.817339e+00	3.054799e+00	2.756805e-04	122787253.000000	0.000000e+00
8.819333e+00	3.053917e+00	2.755637e-04	122820427.000000	0.000000e+00
8.821328e+00	3.052527e+00	2.753757e-04	122876205.000000	0.000000e+00
8.823323e+00	3.051449e+00	2.751657e-04	122976937.000000	0.000000e+00
8.825317e+00	3.049972e+00	2.750439e-04	122966751.000000	0.000000e+00
8.827312e+00	3.048430e+00	2.747657e-04	123091369.000000	0.000000e+00
8.829306e+00	3.047028e+00	2.746890e-04	123046821.000000	0.000000e+00
8.831301e+00	3.046381e+00	2.744881e-04	123174601.000000	0.000000e+00
8.833296e+00	3.045086e+00	2.742900e-04	123247819.000000	0.000000e+00
8.835290e+00	3.043760e+00	2.741398e-04	123275457.000000	0.000000e+00
8.837285e+00	3.041768e+00	2.738903e-04	123338545.000000	0.000000e+00
8.839280e+00	3.040998e+00	2.737573e-04	123395943.000000	0.000000e+00
8.841274e+00	3.040005e+00	2.736437e-04	123417781.000000	0.000000e+00
8.843269e+00	3.038308e+00	2.733946e-04	123504777.000000	0.000000e+00
8.845264e+00	3.037495e+00	2.732753e-04	123546511.000000	0.000000e+00
8.847258e+00	3.035570e+00	2.730357e-04	123606649.000000	0.000000e+00
8.849253e+00	3.034588e+00	2.728757e-04	123671565.000000	0.000000e+00
8.851248e+00	3.033549e+00	2.726976e-04	123748345.000000	0.000000e+00
8.853242e+00	3.031779e+00	2.725276e-04	123758175.000000	0.000000e+00
8.855237e+00	3.030707e+00	2.723467e-04	123835093.000000	0.000000e+00
8.857231e+00	3.029740e+00	2.722169e-04	123874113.000000	0.000000e+00
8.859226e+00	3.028203e+00	2.719502e-04	123991327.000000	0.000000e+00
8.861221e+00	3.026900e+00	2.718656e-04	123961693.000000	0.000000e+00
8.863216e+00	3.026295e+00	2.716834e-04	124078473.000000	0.000000e+00
8.865210e+00	3.024405e+00	2.714978e-04	124093021.000000	0.000000e+00
8.867205e+00	3.023289e+00	2.712954e-04	124186551.000000	0.000000e+00
8.869199e+00	3.021772e+00	2.711524e-04	124192837.000000	0.000000e+00
8.871194e+00	3.020431e+00	2.708701e-04	124341325.000000	0.000000e+00
8.873189e+00	3.019203e+00	2.707893e-04	124314483.000000	0.000000e+00
8.875183e+00	3.018214e+00	2.706600e-04	124351801.000000	0.000000e+00
8.877178e+00	3.016681e+00	2.703681e-04	124493901.000000	0.000000e+00
8.879173e+00	3.015730e+00	2.702709e-04	124504897.000000	0.000000e+00
8.881168e+00	3.014148e+00	2.700772e-04	124552767.000000	0.000000e+00
8.883162e+00	3.013862e+00	2.699955e-04	124604461.000000	0.000000e+00
8.885157e+00	3.011928e+00	2.697355e-04	124684645.000000	0.000000e+00
8.887151e+00	3.010537e+00	2.695971e-04	124697415.000000	0.000000e+00
8.889146e+00	3.009318e+00	2.693467e-04	124828261.000000	0.000000e+00
8.891141e+00	3.008571e+00	2.693053e-04	124804629.000000	0.000000e+00
8.893135e+00	3.006757e+00	2.690340e-04	124905715.000000	0.000000e+00
8.895130e+00	3.005754e+00	2.689072e-04	124940073.000000	0.000000e+00
8.897125e+00	3.004723e+00	2.687314e-04	125017837.000000	0.000000e+00
8.899119e+00	3.003366e+00	2.685624e-04	125062213.000000	0.000000e+00
8.901114e+00	3.001947e+00	2.683863e-04	125108043.000000	0.000000e+00
8.903108e+00	3.000378e+00	2.681544e-04	125193517.000000	0.000000e+00
8.905103e+00	2.999587e+00	2.680282e-04	125245461.000000	0.000000e+00
8.907098e+00	2.998027e+00	2.678812e-04	125252611.000000	0.000000e+00
8.909092e+00	2.997183e+00	2.677062e-04	125345761.000000	0.000000e+00
8.911087e+00	2.996009e+00	2.674866e-04	125453313.000000	0.000000e+00
8.913082e+00	2.994553e+00	2.673909e-04	125421157.000000	0.000000e+00
8.915076e+00	2.993640e+00	2.672259e-04	125499507.000000	0.000000e+00
8.917071e+00	2.991852e+00	2.669823e-04	125578453.000000	0.000000e+00
8.919066e+00	2.990770e+00	2.668123e-04	125647653.000000	0.000000e+00
8.921061e+00	2.989112e+00	2.666317e-04	125678479.000000	0.000000e+00
8.923055e+00	2.988642e+00	2.665601e-04	125706481.000000	0.000000e+00
8.925050e+00	2.987319e+00	2.663218e-04	125820057.000000	0.000000e+00
8.927044e+00	2.986212e+00	2.661936e-04	125847907.000000	0.000000e+00
8.929039e+00	2.984744e+00	2.660040e-04	125903481.000000	0.000000e+00
8.931034e+00	2.983426e+00	2.658305e-04	125956681.000000	0.000000e+00
8.933028e+00	2.982421e+00	2.656581e-04	126035205.000000	0.000000e+00
8.935023e+00	2.981900e+00	2.655315e-04	126111307.000000	0.000000e+00
8.937018e+00	2.979299e+00	2.653238e-04	126088525.000000	0.000000e+00
8.939012e+00	2.978076e+00	2.651438e-04	126156165.000000	0.000000e+00
8.941007e+00	2.977057e+00	2.649581e-04	126246643.000000	0.000000e+00
8.943001e+00	2.975731e+00	2.647631e-04	126320085.000000	0.000000e+00
8.944996e+00	2.974162e+00	2.645815e-04	126360205.000000	0.000000e+00
8.946991e+00	2.973251e+00	2.644515e-04	126407049.000000	0.000000e+00
8.948986e+00	2.972859e+00	2.643219e-04	126497659.000000	0.000000e+00
8.950980e+00	2.970517e+00	2.640913e-04	126519061.000000	0.000000e+00
8.952975e+00	2.970262e+00	2.640251e-04	126560793.000000	0.000000e+00
8.954969e+00	2.968686e+00	2.638199e-04	126623311.000000	0.000000e+00
8.956964e+00	2.967900e+00	2.636382e-04	126730785.000000	0.000000e+00
8.958959e+00	2.966620e+00	2.635354e-04	126720205.000000	0.000000e+00
8.960953e+00	2.965491e+00	2.633401e-04	126811669.000000	0.000000e+00
8.962948e+00	2.963496e+00	2.630902e-04	126881763.000000	0.000000e+00
8.964943e+00	2.962282e+00	2.629164e-04	126945577.000000	0.000000e+00
8.966937e+00	2.961157e+00	2.628280e-04	126934401.000000	0.000000e+00
8.968932e+00	2.959884e+00	2.626095e-04	127036471.000000	0.000000e+00
8.970927e+00	2.958739e+00	2.624365e-04	127105641.000000	0.000000e+00
8.972921e+00	2.957587e+00	2.623082e-04	127130965.000000	0.000000e+00
8.974916e+00	2.956548e+00	2.621303e-04	127214095.000000	0.000000e+00
8.976910e+00	2.955664e+00	2.620508e-04	127215237.000000	0.000000e+00
8.978905e+00	2.954141e+00	2.617434e-04	127382857.000000	0.000000e+00
8.980900e+00	2.952957e+00	2.616829e-04	127339593.000000	0.000000e+00
8.982894e+00	2.951573e+00	2.614493e-04	127447711.000000	0.000000e+00
8.984889e+00	2.950235e+00	2.613211e-04	127457121.000000	0.000000e+00
8.986883e+00	2.949359e+00	2.611554e-04	127543141.000000	0.000000e+00
8.988878e+00	2.947733e+00	2.609217e-04	127630855.000000	0.000000e+00
8.990873e+00	2.946472e+00	2.607631e-04	127676901.000000	0.000000e+00
8.992868e+00	2.945720e+00	2.607135e-04	127660357.000000	0.000000e+00
8.994862e+00	2.944516e+00	2.604486e-04	127815597.000000	0.000000e+00
8.996857e+00	2.943357e+00	2.603232e-04	127838047.000000	0.000000e+00
8.998852e+00	2.942061e+00	2.602245e-04	127822329.000000	0.000000e+00
9.000846e+00	2.940560e+00	2.599367e-04	127974937.000000	0.000000e+00
9.002841e+00	2.939633e+00	2.598233e-04	128005891.000000	0.000000e+00
9.004836e+00	2.937908e+00	2.596430e-04	128033349.000000	0.000000e+00
9.006830e+00	2.937235e+00	2.594893e-04	128126425.000000	0.000000e+00
9.008825e+00	2.935924e+00	2.593563e-04	128143335.000000	0.000000e+00
9.010819e+00	2.934552e+00	2.591655e-04	128212129.000000	0.000000e+00
9.012814e+00	2.933406e+00	2.589728e-04	128302837.000000	0.000000e+00
9.014809e+00	2.931935e+00	2.588282e-04	128317413.000000	0.000000e+00
9.016803e+00	2.930979e+00	2.586571e-04	128403391.000000	0.000000e+00
9.018798e+00	2.929833e+00	2.584850e-04	128473905.000000	0.000000e+00
9.020793e+00	2.928542e+00	2.583719e-04	128473129.000000	0.000000e+00
9.022787e+00	2.927919e+00	2.581928e-04	128596695.000000	0.000000e+00
9.024782e+00	2.926541e+00	2.580751e-04	128592961.000000	0.000000e+00
9.026777e+00	2.925510e+00	2.578874e-04	128689453.000000	0.000000e+00
9.028771e+00	2.924036e+00	2.577268e-04	128720133.000000	0.000000e+00
9.030766e+00	2.922626e+00	2.575100e-04	128812615.000000	0.000000e+00
9.032761e+00	2.921616e+00	2.573911e-04	128842545.000000	0.000000e+00
9.034755e+00	2.920408e+00	2.572116e-04	128915737.000000	0.000000e+00
9.036750e+00	2.919305e+00	2.570793e-04	128951019.000000	0.000000e+00
9.038744e+00	2.918229e+00	2.569576e-04	128978029.000000	0.000000e+00
9.040739e+00	2.917133e+00	2.567212e-04	129118621.000000	0.000000e+00
9.042734e+00	2.916111e+00	2.566189e-04	129131079.000000	0.000000e+00
9.044728e+00	2.914401e+00	2.564223e-04	129177529.000000	0.000000e+00
9.046723e+00	2.913538e+00	2.562590e-04	129265653.000000	0.000000e+00
9.048718e+00	2.912496e+00	2.561263e-04	129307069.000000	0.000000e+00
9.050713e+00	2.911097e+00	2.559525e-04	129358419.000000	0.000000e+00
9.052707e+00	2.909812e+00	2.557631e-04	129435697.000000	0.000000e+00
9.054702e+00	2.908492e+00	2.556264e-04	129456673.000000	0.000000e+00
9.056696e+00	2.907201e+00	2.554496e-04	129520851.000000	0.000000e+00
9.058691e+00	2.906646e+00	2.553262e-04	129596497.000000	0.000000e+00
9.060686e+00	2.905790e+00	2.551970e-04	129651381.000000	0.000000e+00
9.062680e+00	2.904084e+00	2.550270e-04	129671977.000000	0.000000e+00
9.064675e+00	2.902564e+00	2.547997e-04	129767419.000000	0.000000e+00
9.066670e+00	2.901551e+00	2.546381e-04	129841581.000000	0.000000e+00
9.068665e+00	2.900366e+00	2.544768e-04	129900049.000000	0.000000e+00
9.070659e+00	2.899043e+00	2.543656e-04	129895047.000000	0.000000e+00
9.072653e+00	2.898040e+00	2.542012e-04	129973189.000000	0.000000e+00
9.074648e+00	2.896737e+00	2.540123e-04	130049529.000000	0.000000e+00
9.076643e+00	2.895927e+00	2.538734e-04	130119085.000000	0.000000e+00
9.078637e+00	2.894779e+00	2.537507e-04	130141699.000000	0.000000e+00
9.080632e+00	2.893147e+00	2.535171e-04	130234557.000000	0.000000e+00
9.082627e+00	2.892364e+00	2.534009e-04	130283533.000000	0.000000e+00
9.084622e+00	2.890948e+00	2.532285e-04	130333299.000000	0.000000e+00
9.086616e+00	2.890127e+00	2.531306e-04	130360069.000000	0.000000e+00
9.088611e+00	2.888941e+00	2.529229e-04	130467093.000000	0.000000e+00
9.090605e+00	2.888065e+00	2.528298e-04	130484023.000000	0.000000e+00
9.092600e+00	2.886818e+00	2.526348e-04	130572781.000000	0.000000e+00
9.094595e+00	2.885004e+00	2.524204e-04	130630353.000000	0.000000e+00
9.096589e+00	2.884434e+00	2.523485e-04	130653121.000000	0.000000e+00
9.098584e+00	2.883175e+00	2.521249e-04	130770699.000000	0.000000e+00
9.100579e+00	2.882301e+00	2.520744e-04	130743829.000000	0.000000e+00
9.102573e+00	2.880278e+00	2.517655e-04	130880917.000000	0.000000e+00
9.104568e+00	2.879556e+00	2.516850e-04	130899099.000000	0.000000e+00
9.106563e+00	2.877988e+00	2.514604e-04	130990129.000000	0.000000e+00
9.108557e+00	2.877680e+00	2.514394e-04	130984053.000000	0.000000e+00
9.110552e+00	2.875899e+00	2.512028e-04	131068489.000000	0.000000e+00
9.112547e+00	2.875100e+00	2.510222e-04	131184231.000000	0.000000e+00
9.114541e+00	2.873248e+00	2.508786e-04	131165317.000000	0.000000e+00
9.116536e+00	2.872811e+00	2.507567e-04	131252905.000000	0.000000e+00
9.118531e+00	2.871947e+00	2.506256e-04	131311287.000000	0.000000e+00
9.120525e+00	2.870321e+00	2.504533e-04	131343205.000000	0.000000e+00
9.122520e+00	2.868672e+00	2.502078e-04	131449809.000000	0.000000e+00
9.124514e+00	2.868011e+00	2.501471e-04	131453047.000000	0.000000e+00
9.126509e+00	2.866861e+00	2.499575e-04	131546949.000000	0.000000e+00
9.128504e+00	2.865864e+00	2.498191e-04	131601169.000000	0.000000e+00
9.130498e+00	2.864685e+00	2.496870e-04	131632129.000000	0.000000e+00
9.132493e+00	2.863666e+00	2.495213e-04	131713311.000000	0.000000e+00
9.134488e+00	2.862366e+00	2.493596e-04	131764465.000000	0.000000e+00
9.136482e+00	2.860855e+00	2.491624e-04	131833761.000000	0.000000e+00
9.138477e+00	2.860114e+00	2.490490e-04	131885455.000000	0.000000e+00
9.140472e+00	2.858993e+00	2.489039e-04	131935785.000000	0.000000e+00
9.142466e+00	2.857750e+00	2.487274e-04	132008269.000000	0.000000e+00
9.144461e+00	2.856810e+00	2.486050e-04	132051397.000000	0.000000e+00
9.146456e+00	2.855122e+00	2.484016e-04	132111411.000000	0.000000e+00
9.148450e+00	2.854221e+00	2.482739e-04	132163909.000000	0.000000e+00
9.150445e+00	2.853193e+00	2.481164e-04	132236481.000000	0.000000e+00
9.152440e+00	2.851697e+00	2.479471e-04	132278287.000000	0.000000e+00
9.154434e+00	2.850828e+00	2.478333e-04	132319129.000000	0.000000e+00
9.156429e+00	2.849747e+00	2.476310e-04	132434949.000000	0.000000e+00
9.158424e+00	2.849063e+00	2.475360e-04	132472945.000000	0.000000e+00
9.160418e+00	2.847241e+00	2.473429e-04	132510207.000000	0.000000e+00
9.162413e+00	2.846249e+00	2.472392e-04	132529069.000000	0.000000e+00
9.164407e+00	2.844999e+00	2.470277e-04	132639453.000000	0.000000e+00
9.166402e+00	2.843880e+00	2.468764e-04	132697663.000000	0.000000e+00
9.168397e+00	2.843035e+00	2.467487e-04	132756157.000000	0.000000e+00
9.170391e+00	2.841903e+00	2.465896e-04	132821673.000000	0.000000e+00
9.172386e+00	2.840595e+00	2.464343e-04	132866731.000000	0.000000e+00
9.174381e+00	2.839877e+00	2.463179e-04	132925161.000000	0.000000e+00
9.176375e+00	2.838651e+00	2.461963e-04	132941581.000000	0.000000e+00
9.178370e+00	2.837740e+00	2.460568e-04	133006965.000000	0.000000e+00
9.180364e+00	2.835806e+00	2.457732e-04	133132435.000000	0.000000e+00
9.182359e+00	2.835151e+00	2.456815e-04	133170409.000000	0.000000e+00
9.184354e+00	2.834230e+00	2.455718e-04	133202709.000000	0.000000e+00
9.186348e+00	2.832797e+00	2.454078e-04	133245943.000000	0.000000e+00
9.188343e+00	2.831735e+00	2.452407e-04	133327641.000000	0.000000e+00
9.190338e+00	2.830769e+00	2.450923e-04	133398085.000000	0.000000e+00
9.192332e+00	2.829383e+00	2.449511e-04	133421181.000000	0.000000e+00
9.194327e+00	2.828443e+00	2.447734e-04	133526251.000000	0.000000e+00
9.196322e+00	2.827818e+00	2.447009e-04	133546273.000000	0.000000e+00
9.198316e+00	2.825884e+00	2.444856e-04	133598685.000000	0.000000e+00
9.200311e+00	2.824828e+00	2.443173e-04	133682827.000000	0.000000e+00
9.202306e+00	2.823591e+00	2.441628e-04	133734933.000000	0.000000e+00
9.204301e+00	2.822929e+00	2.440274e-04	133820521.000000	0.000000e+00
9.206295e+00	2.821591e+00	2.439458e-04	133783147.000000	0.000000e+00
9.208289e+00	2.820634e+00	2.437197e-04	133940625.000000	0.000000e+00
9.210284e+00	2.819569e+00	2.436301e-04	133937905.000000	0.000000e+00
9.212279e+00	2.818208e+00	2.434363e-04	134021769.000000	0.000000e+00
9.214273e+00	2.817371e+00	2.432991e-04	134093275.000000	0.000000e+00
9.216268e+00	2.816037e+00	2.431768e-04	134101113.000000	0.000000e+00
9.218263e+00	2.814947e+00	2.429388e-04	134260033.000000	0.000000e+00
9.220258e+00	2.814085e+00	2.428965e-04	134224567.000000	0.000000e+00
9.222252e+00	2.812408e+00	2.426525e-04	134334381.000000	0.000000e+00
9.224247e+00	2.812023e+00	2.425963e-04	134359801.000000	0.000000e+00
9.226241e+00	2.810349e+00	2.424173e-04	134398221.000000	0.000000e+00
9.228236e+00	2.809356e+00	2.422289e-04	134512123.000000	0.000000e+00
9.230231e+00	2.808752e+00	2.421466e-04	134545761.000000	0.000000e+00
9.232225e+00	2.807420e+00	2.419937e-04	134588113.000000	0.000000e+00
9.234220e+00	2.805909e+00	2.417921e-04	134667559.000000	0.000000e+00
9.236215e+00	2.804973e+00	2.416881e-04	134693589.000000	0.000000e+00
9.238209e+00	2.803831e+00	2.414895e-04	134805409.000000	0.000000e+00
9.240204e+00	2.803029e+00	2.413904e-04	134838945.000000	0.000000e+00
9.242199e+00	2.801594e+00	2.412181e-04	134893399.000000	0.000000e+00
9.244193e+00	2.800116e+00	2.410369e-04	134953761.000000	0.000000e+00
9.246188e+00	2.799315e+00	2.409087e-04	135020173.000000	0.000000e+00
9.248183e+00	2.799218e+00	2.408666e-04	135057943.000000	0.000000e+00
9.250177e+00	2.797859e+00	2.407469e-04	135061065.000000	0.000000e+00
9.252171e+00	2.796493e+00	2.404927e-04	135214633.000000	0.000000e+00
9.254166e+00	2.795337e+00	2.403616e-04	135250299.000000	0.000000e+00
9.256161e+00	2.794341e+00	2.402451e-04	135285061.000000	0.000000e+00
9.258155e+00	2.792991e+00	2.400579e-04	135365173.000000	0.000000e+00
9.260150e+00	2.792244e+00	2.399277e-04	135439713.000000	0.000000e+00
9.262145e+00	2.790925e+00	2.397723e-04	135487267.000000	0.000000e+00
9.264140e+00	2.790079e+00	2.396690e-04	135521805.000000	0.000000e+00
9.266134e+00	2.788646e+00	2.395096e-04	135562849.000000	0.000000e+00
9.268129e+00	2.787874e+00	2.393555e-04	135662379.000000	0.000000e+00
9.270124e+00	2.786508e+00	2.391746e-04	135734593.000000	0.000000e+00
9.272118e+00	2.785120e+00	2.390257e-04	135768469.000000	0.000000e+00
9.274113e+00	2.784292e+00	2.389120e-04	135816813.000000	0.000000e+00
9.276108e+00	2.783120e+00	2.387307e-04	135908635.000000	0.000000e+00
9.278103e+00	2.782455e+00	2.386581e-04	135926385.000000	0.000000e+00
9.280097e+00	2.781365e+00	2.384976e-04	136002841.000000	0.000000e+00
9.282092e+00	2.779724e+00	2.383316e-04	136031727.000000	0.000000e+00
9.284086e+00	2.778831e+00	2.381746e-04	136123645.000000	0.000000e+00
9.286081e+00	2.777868e+00	2.380459e-04	136176373.000000	0.000000e+00
9.288075e+00	2.776781e+00	2.378930e-04	136244823.000000	0.000000e+00
9.290070e+00	2.775512e+00	2.377378e-04	136298077.000000	0.000000e+00
9.292065e+00	2.774521e+00	2.376007e-04	136358025.000000	0.000000e+00
9.294059e+00	2.773830e+00	2.375129e-04	136390765.000000	0.000000e+00
9.296054e+00	2.772286e+00	2.372954e-04	136488943.000000	0.000000e+00
9.298049e+00	2.771304e+00	2.372094e-04	136491129.000000	0.000000e+00
9.300043e+00	2.770325e+00	2.369901e-04	136647325.000000	0.000000e+00
9.302038e+00	2.769175e+00	2.369362e-04	136595907.000000	0.000000e+00
9.304033e+00	2.768364e+00	2.367548e-04	136725313.000000	0.000000e+00
9.306028e+00	2.767260e+00	2.366072e-04	136786725.000000	0.000000e+00
9.308022e+00	2.766202e+00	2.364879e-04	136820185.000000	0.000000e+00
9.310017e+00	2.764819e+00	2.363342e-04	136861171.000000	0.000000e+00
9.312011e+00	2.763950e+00	2.362140e-04	136914345.000000	0.000000e+00
9.314006e+00	2.762765e+00	2.360169e-04	137025541.000000	0.000000e+00
9.316001e+00	2.761913e+00	2.359485e-04	137020491.000000	0.000000e+00
9.317995e+00	2.760788e+00	2.357655e-04	137121469.000000	0.000000e+00
9.319990e+00	2.759219e+00	2.355633e-04	137200989.000000	0.000000e+00
9.321984e+00	2.758498e+00	2.355063e-04	137195623.000000	0.000000e+00
9.323979e+00	2.757532e+00	2.353174e-04	137319781.000000	0.000000e+00
9.325974e+00	2.756314e+00	2.352026e-04	137332473.000000	0.000000e+00
9.327968e+00	2.755173e+00	2.350489e-04	137398369.000000	0.000000e+00
9.329963e+00	2.754166e+00	2.349023e-04	137469243.000000	0.000000e+00
9.331957e+00	2.753253e+00	2.347926e-04	137506597.000000	0.000000e+00
9.333952e+00	2.752138e+00	2.345982e-04	137622981.000000	0.000000e+00
9.335947e+00	2.750721e+00	2.344922e-04	137605591.000000	0.000000e+00
9.337941e+00	2.749955e+00	2.343231e-04	137727601.000000	0.000000e+00
9.339936e+00	2.749100e+00	2.342038e-04	137782305.000000	0.000000e+00
9.341931e+00	2.748019e+00	2.341070e-04	137787817.000000	0.000000e+00
9.343926e+00	2.746450e+00	2.338631e-04	137917659.000000	0.000000e+00
9.345920e+00	2.745625e+00	2.338050e-04	137903365.000000	0.000000e+00
9.347915e+00	2.745002e+00	2.336542e-04	138018829.000000	0.000000e+00
9.349910e+00	2.743748e+00	2.334961e-04	138079467.000000	0.000000e+00
9.351905e+00	2.742610e+00	2.333900e-04	138090469.000000	0.000000e+00
9.353899e+00	2.741554e+00	2.332633e-04	138134085.000000	0.000000e+00
9.355893e+00	2.740554e+00	2.330605e-04	138273709.000000	0.000000e+00
9.357888e+00	2.739446e+00	2.329321e-04	138314175.000000	0.000000e+00
9.359883e+00	2.738502e+00	2.328321e-04	138337609.000000	0.000000e+00
9.361878e+00	2.737025e+00	2.326726e-04	138378061.000000	0.000000e+00
9.363872e+00	2.736086e+00	2.324919e-04	138498171.000000	0.000000e+00
9.365867e+00	2.735345e+00	2.324256e-04	138502117.000000	0.000000e+00
9.367861e+00	2.734234e+00	2.322613e-04	138585393.000000	0.000000e+00
9.369856e+00	2.733037e+00	2.321371e-04	138612295.000000	0.000000e+00
9.371850e+00	2.732501e+00	2.319930e-04	138730197.000000	0.000000e+00
9.373845e+00	2.731581e+00	2.318915e-04	138758089.000000	0.000000e+00
9.375840e+00	2.729864e+00	2.316579e-04	138863365.000000	0.000000e+00
9.377835e+00	2.729187e+00	2.316244e-04	138834651.000000	0.000000e+00
9.379829e+00	2.727978e+00	2.314552e-04	138914509.000000	0.000000e+00
9.381824e+00	2.727205e+00	2.312738e-04	139053729.000000	0.000000e+00
9.383819e+00	2.725770e+00	2.311615e-04	139042423.000000	0.000000e+00
9.385813e+00	2.724898e+00	2.310133e-04	139131813.000000	0.000000e+00
9.387808e+00	2.724128e+00	2.309112e-04	139176289.000000	0.000000e+00
9.389803e+00	2.722486e+00	2.307047e-04	139257493.000000	0.000000e+00
9.391797e+00	2.721581e+00	2.306133e-04	139275267.000000	0.000000e+00
9.393792e+00	2.720915e+00	2.305112e-04	139330405.000000	0.000000e+00
9.395787e+00	2.719547e+00	2.302992e-04	139446609.000000	0.000000e+00
9.397781e+00	2.718779e+00	2.302154e-04	139469419.000000	0.000000e+00
9.399776e+00	2.717330e+00	2.300404e-04	139532821.000000	0.000000e+00
9.401771e+00	2.716767e+00	2.299334e-04	139604913.000000	0.000000e+00
9.403765e+00	2.715442e+00	2.298255e-04	139599703.000000	0.000000e+00
9.405760e+00	2.714372e+00	2.296241e-04	139734453.000000	0.000000e+00
9.407754e+00	2.713044e+00	2.294928e-04	139757653.000000	0.000000e+00
9.409749e+00	2.712061e+00	2.293437e-04	139838001.000000	0.000000e+00
9.411744e+00	2.711039e+00	2.292200e-04	139883515.000000	0.000000e+00
9.413738e+00	2.710287e+00	2.291108e-04	139939213.000000	0.000000e+00
9.415733e+00	2.708943e+00	2.289176e-04	140036565.000000	0.000000e+00
9.417728e+00	2.708364e+00	2.288814e-04	140020987.000000	0.000000e+00
9.419722e+00	2.707377e+00	2.286859e-04	140158245.000000	0.000000e+00
9.421717e+00	2.706278e+00	2.285776e-04	140177209.000000	0.000000e+00
9.423712e+00	2.705248e+00	2.284368e-04	140243265.000000	0.000000e+00
9.425706e+00	2.704058e+00	2.282857e-04	140305519.000000	0.000000e+00
9.427701e+00	2.703007e+00	2.281835e-04	140322073.000000	0.000000e+00
9.429695e+00	2.701887e+00	2.279887e-04	140445441.000000	0.000000e+00
9.431690e+00	2.701004e+00	2.278603e-04	140511943.000000	0.000000e+00
9.433685e+00	2.699668e+00	2.277496e-04	140509437.000000	0.000000e+00
9.435679e+00	2.699025e+00	2.276225e-04	140599417.000000	0.000000e+00
9.437674e+00	2.698147e+00	2.275152e-04	140640541.000000	0.000000e+00
9.439668e+00	2.696868e+00	2.273315e-04	140734323.000000	0.000000e+00
9.441663e+00	2.696130e+00	2.272155e-04	140801041.000000	0.000000e+00
9.443658e+00	2.695123e+00	2.270928e-04	140847993.000000	0.000000e+00
9.445653e+00	2.694274e+00	2.270074e-04	140865091.000000	0.000000e+00
9.447647e+00	2.693242e+00	2.268547e-04	140946813.000000	0.000000e+00
9.449642e+00	2.691901e+00	2.266581e-04	141050809.000000	0.000000e+00
9.451637e+00	2.691220e+00	2.266035e-04	141047419.000000	0.000000e+00
9.453631e+00	2.690064e+00	2.264074e-04	141170433.000000	0.000000e+00
9.455626e+00	2.688698e+00	2.262981e-04	141163405.000000	0.000000e+00
9.457621e+00	2.687671e+00	2.261179e-04	141280533.000000	0.000000e+00
9.459615e+00	2.686833e+00	2.260495e-04	141277831.000000	0.000000e+00
9.461610e+00	2.685693e+00	2.258599e-04	141395157.000000	0.000000e+00
9.463604e+00	2.684505e+00	2.257564e-04	141399661.000000	0.000000e+00
9.465599e+00	2.683606e+00	2.255522e-04	141560911.000000	0.000000e+00
9.467594e+00	2.682253e+00	2.254766e-04	141513081.000000	0.000000e+00
9.469588e+00	2.681485e+00	2.253234e-04	141624409.000000	0.000000e+00
9.471583e+00	2.680323e+00	2.251903e-04	141669045.000000	0.000000e+00
9.473578e+00	2.679862e+00	2.251019e-04	141731527.000000	0.000000e+00
9.475573e+00	2.678978e+00	2.249628e-04	141813201.000000	0.000000e+00
9.477567e+00	2.677973e+00	2.248634e-04	141832153.000000	0.000000e+00
9.479562e+00	2.676567e+00	2.246828e-04	141911095.000000	0.000000e+00
9.481557e+00	2.675686e+00	2.245555e-04	141978525.000000	0.000000e+00
9.483551e+00	2.674630e+00	2.244399e-04	142012693.000000	0.000000e+00
9.485545e+00	2.673799e+00	2.243358e-04	142056207.000000	0.000000e+00
9.487540e+00	2.672575e+00	2.241331e-04	142183033.000000	0.000000e+00
9.489535e+00	2.671852e+00	2.240442e-04	142218937.000000	0.000000e+00
9.491530e+00	2.670263e+00	2.238843e-04	142252809.000000	0.000000e+00
9.493524e+00	2.669493e+00	2.237474e-04	142344787.000000	0.000000e+00
9.495519e+00	2.668789e+00	2.236685e-04	142370133.000000	0.000000e+00
9.497514e+00	2.667369e+00	2.234724e-04	142468369.000000	0.000000e+00
9.499508e+00	2.666969e+00	2.234326e-04	142476327.000000	0.000000e+00
9.501503e+00	2.665856e+00	2.232547e-04	142584409.000000	0.000000e+00
9.503498e+00	2.664582e+00	2.230978e-04	142648717.000000	0.000000e+00
9.505492e+00	2.663961e+00	2.230438e-04	142651185.000000	0.000000e+00
9.507487e+00	2.662845e+00	2.228531e-04	142775815.000000	0.000000e+00
9.509482e+00	2.661794e+00	2.227365e-04	142812477.000000	0.000000e+00
9.511476e+00	2.661052e+00	2.226405e-04	142855885.000000	0.000000e+00
9.513471e+00	2.659700e+00	2.224730e-04	142925727.000000	0.000000e+00
9.515465e+00	2.658440e+00	2.223254e-04	142980133.000000	0.000000e+00
9.517460e+00	2.657559e+00	2.221726e-04	143081977.000000	0.000000e+00
9.519455e+00	2.656509e+00	2.220819e-04	143085723.000000	0.000000e+00
9.521449e+00	2.655926e+00	2.219619e-04	143177689.000000	0.000000e+00
9.523444e+00	2.654296e+00	2.218090e-04	143199129.000000	0.000000e+00
9.525438e+00	2.653706e+00	2.217087e-04	143265013.000000	0.000000e+00
9.527433e+00	2.652617e+00	2.215349e-04	143372079.000000	0.000000e+00
9.529428e+00	2.651657e+00	2.214042e-04	143437621.000000	0.000000e+00
9.531423e+00	2.650804e+00	2.213243e-04	143448757.000000	0.000000e+00
9.533417e+00	2.649799e+00	2.212005e-04	143500599.000000	0.000000e+00
9.535412e+00	2.648734e+00	2.209990e-04	143646865.000000	0.000000e+00
9.537407e+00	2.648094e+00	2.209783e-04	143604309.000000	0.000000e+00
9.539401e+00	2.647167e+00	2.208377e-04	143686597.000000	0.000000e+00
9.541395e+00	2.646070e+00	2.206784e-04	143774839.000000	0.000000e+00
9.543390e+00	2.644567e+00	2.204956e-04	143849841.000000	0.000000e+00
9.545385e+00	2.643826e+00	2.203943e-04	143901361.000000	0.000000e+00
9.547380e+00	2.643106e+00	2.203094e-04	143933871.000000	0.000000e+00
9.549374e+00	2.641685e+00	2.201655e-04	143967097.000000	0.000000e+00
9.551369e+00	2.641308e+00	2.200263e-04	144108237.000000	0.000000e+00
9.553363e+00	2.639705e+00	2.198911e-04	144110461.000000	0.000000e+00
9.555358e+00	2.639170e+00	2.197846e-04	144191647.000000	0.000000e+00
9.557353e+00	2.638084e+00	2.196371e-04	144266625.000000	0.000000e+00
9.559347e+00	2.637258e+00	2.195426e-04	144300433.000000	0.000000e+00
9.561342e+00	2.636161e+00	2.193721e-04	144404655.000000	0.000000e+00
9.563337e+00	2.635038e+00	2.192968e-04	144380629.000000	0.000000e+00
9.565331e+00	2.634135e+00	2.191292e-04	144502521.000000	0.000000e+00
9.567326e+00	2.633139e+00	2.189922e-04	144574015.000000	0.000000e+00
9.569321e+00	2.632219e+00	2.188917e-04	144605761.000000	0.000000e+00
9.571315e+00	2.631441e+00	2.188099e-04	144628401.000000	0.000000e+00
9.573310e+00	2.629846e+00	2.185577e-04	144786541.000000	0.000000e+00
9.575305e+00	2.629308e+00	2.185223e-04	144774303.000000	0.000000e+00
9.577299e+00	2.628090e+00	2.183609e-04	144854017.000000	0.000000e+00
9.579294e+00	2.627140e+00	2.182335e-04	144918381.000000	0.000000e+00
9.581289e+00	2.626492e+00	2.181239e-04	144992551.000000	0.000000e+00
9.583284e+00	2.625406e+00	2.180147e-04	145017853.000000	0.000000e+00
9.585278e+00	2.624428e+00	2.178732e-04	145098009.000000	0.000000e+00
9.587273e+00	2.623594e+00	2.177796e-04	145130449.000000	0.000000e+00
9.589267e+00	2.622061e+00	2.175900e-04	145213743.000000	0.000000e+00
9.591262e+00	2.621409e+00	2.174659e-04	145307281.000000	0.000000e+00
9.593257e+00	2.620125e+00	2.173718e-04	145290733.000000	0.000000e+00
9.595251e+00	2.619791e+00	2.172440e-04	145424475.000000	0.000000e+00
9.597246e+00	2.618558e+00	2.171334e-04	145435645.000000	0.000000e+00
9.599241e+00	2.618015e+00	2.170140e-04	145535493.000000	0.000000e+00
9.601235e+00	2.616786e+00	2.169048e-04	145545307.000000	0.000000e+00
9.603230e+00	2.616142e+00	2.167562e-04	145673097.000000	0.000000e+00
9.605225e+00	2.614678e+00	2.166185e-04	145695133.000000	0.000000e+00
9.607219e+00	2.613715e+00	2.165076e-04	145737133.000000	0.000000e+00
9.609214e+00	2.612721e+00	2.163698e-04	145811847.000000	0.000000e+00
9.611208e+00	2.611781e+00	2.162761e-04	145833229.000000	0.000000e+00
9.613203e+00	2.611173e+00	2.161105e-04	145988865.000000	0.000000e+00
9.615197e+00	2.610227e+00	2.160261e-04	145997083.000000	0.000000e+00
9.617192e+00	2.609324e+00	2.159006e-04	146065773.000000	0.000000e+00
9.619187e+00	2.608372e+00	2.157457e-04	146168833.000000	0.000000e+00
9.621182e+00	2.607221e+00	2.156706e-04	146141653.000000	0.000000e+00
9.623176e+00	2.605850e+00	2.154762e-04	146251563.000000	0.000000e+00
9.625171e+00	2.605761e+00	2.154266e-04	146308813.000000	0.000000e+00
9.627166e+00	2.604329e+00	2.152865e-04	146338257.000000	0.000000e+00
9.629160e+00	2.603197e+00	2.151079e-04	146454043.000000	0.000000e+00
9.631155e+00	2.602500e+00	2.150437e-04	146463037.000000	0.000000e+00
9.633150e+00	2.601558e+00	2.148821e-04	146577165.000000	0.000000e+00
9.635144e+00	2.600422e+00	2.147822e-04	146585533.000000	0.000000e+00
9.637139e+00	2.599757e+00	2.146627e-04	146673723.000000	0.000000e+00
9.639133e+00	2.598439e+00	2.145183e-04	146722417.000000	0.000000e+00
9.641128e+00	2.597663e+00	2.144068e-04	146787393.000000	0.000000e+00
9.643123e+00	2.596552e+00	2.142559e-04	146868475.000000	0.000000e+00
9.645118e+00	2.595718e+00	2.141587e-04	146907349.000000	0.000000e+00
9.647112e+00	2.594798e+00	2.140292e-04	146980905.000000	0.000000e+00
9.649107e+00	2.593786e+00	2.139281e-04	147005227.000000	0.000000e+00
9.651101e+00	2.593177e+00	2.138172e-04	147088641.000000	0.000000e+00
9.653096e+00	2.592050e+00	2.136595e-04	147177805.000000	0.000000e+00
9.655091e+00	2.591146e+00	2.135813e-04	147182949.000000	0.000000e+00
9.657085e+00	2.589827e+00	2.134086e-04	147271147.000000	0.000000e+00
9.659080e+00	2.589385e+00	2.133222e-04	147340141.000000	0.000000e+00
9.661075e+00	2.588126e+00	2.131404e-04	147448173.000000	0.000000e+00
9.663069e+00	2.587093e+00	2.130853e-04	147406759.000000	0.000000e+00
9.665064e+00	2.586282e+00	2.129089e-04	147558561.000000	0.000000e+00
9.667058e+00	2.585393e+00	2.128553e-04	147531301.000000	0.000000e+00
9.669053e+00	2.584999e+00	2.127520e-04	147629637.000000	0.000000e+00
9.671048e+00	2.583395e+00	2.125381e-04	147743359.000000	0.000000e+00
9.673042e+00	2.582795e+00	2.124766e-04	147760261.000000	0.000000e+00
9.675037e+00	2.581712e+00	2.123452e-04	147819201.000000	0.000000e+00
9.677032e+00	2.581036e+00	2.122311e-04	147900667.000000	0.000000e+00
9.679027e+00	2.579809e+00	2.121096e-04	147929385.000000	0.000000e+00
9.681021e+00	2.578410e+00	2.119357e-04	148011613.000000	0.000000e+00
9.683015e+00	2.577760e+00	2.118735e-04	148023871.000000	0.000000e+00
9.685010e+00	2.576547e+00	2.116553e-04	148189677.000000	0.000000e+00
9.687005e+00	2.575537e+00	2.115895e-04	148165549.000000	0.000000e+00
9.689000e+00	2.575330e+00	2.115104e-04	148252617.000000	0.000000e+00
9.690994e+00	2.574420e+00	2.113918e-04	148314187.000000	0.000000e+00
9.692989e+00	2.573003e+00	2.112300e-04	148377981.000000	0.000000e+00
9.694984e+00	2.572555e+00	2.111535e-04	148433713.000000	0.000000e+00
9.696978e+00	2.571213e+00	2.110095e-04	148481467.000000	0.000000e+00
9.698973e+00	2.570683e+00	2.109100e-04	148560285.000000	0.000000e+00
9.700968e+00	2.569448e+00	2.107537e-04	148637725.000000	0.000000e+00
9.702962e+00	2.568847e+00	2.106915e-04	148655925.000000	0.000000e+00
9.704957e+00	2.567720e+00	2.105374e-04	148743079.000000	0.000000e+00
9.706952e+00	2.566791e+00	2.103979e-04	148832649.000000	0.000000e+00
9.708946e+00	2.566017e+00	2.103536e-04	148805521.000000	0.000000e+00
9.710941e+00	2.565161e+00	2.101894e-04	148938799.000000	0.000000e+00
9.712935e+00	2.564248e+00	2.100852e-04	148980429.000000	0.000000e+00
9.714930e+00	2.563294e+00	2.099325e-04	149086309.000000	0.000000e+00
9.716925e+00	2.562248e+00	2.098598e-04	149067795.000000	0.000000e+00
9.718919e+00	2.560987e+00	2.096852e-04	149169193.000000	0.000000e+00
9.720914e+00	2.560345e+00	2.095935e-04	149224917.000000	0.000000e+00
9.722908e+00	2.559534e+00	2.094894e-04	149278753.000000	0.000000e+00
9.724903e+00	2.558279e+00	2.093253e-04	149366335.000000	0.000000e+00
9.726898e+00	2.557864e+00	2.092760e-04	149388069.000000	0.000000e+00
9.728892e+00	2.556856e+00	2.091103e-04	149507101.000000	0.000000e+00
9.730887e+00	2.555923e+00	2.090299e-04	149512899.000000	0.000000e+00
9.732882e+00	2.554905e+00	2.088748e-04	149615761.000000	0.000000e+00
9.734877e+00	2.553819e+00	2.087537e-04	149662165.000000	0.000000e+00
9.736871e+00	2.553338e+00	2.086745e-04	149719269.000000	0.000000e+00
9.738866e+00	2.551964e+00	2.085260e-04	149771335.000000	0.000000e+00
9.740860e+00	2.551640e+00	2.084629e-04	149823849.000000	0.000000e+00
9.742855e+00	2.550426e+00	2.082829e-04	149940325.000000	0.000000e+00
9.744850e+00	2.549673e+00	2.082008e-04	149969931.000000	0.000000e+00
9.746845e+00	2.548803e+00	2.080977e-04	150016093.000000	0.000000e+00
9.748839e+00	2.547755e+00	2.079615e-04	150089125.000000	0.000000e+00
9.750834e+00	2.546951e+00	2.078703e-04	150126081.000000	0.000000e+00
9.752828e+00	2.546020e+00	2.077286e-04	150221203.000000	0.000000e+00
9.754823e+00	2.544680e+00	2.075829e-04	150273789.000000	0.000000e+00
9.756818e+00	2.544339e+00	2.075171e-04	150328825.000000	0.000000e+00
9.758812e+00	2.543190e+00	2.073860e-04	150382971.000000	0.000000e+00
9.760807e+00	2.542270e+00	2.072515e-04	150469285.000000	0.000000e+00
9.762802e+00	2.541315e+00	2.071431e-04	150513817.000000	0.000000e+00
9.764796e+00	2.540083e+00	2.070122e-04	150557991.000000	0.000000e+00
9.766791e+00	2.539593e+00	2.068994e-04	150664189.000000	0.000000e+00
9.768786e+00	2.538581e+00	2.067816e-04	150715677.000000	0.000000e+00
9.770780e+00	2.537361e+00	2.066467e-04	150767341.000000	0.000000e+00
9.772775e+00	2.536530e+00	2.065789e-04	150767523.000000	0.000000e+00
9.774769e+00	2.536208e+00	2.064386e-04	150934201.000000	0.000000e+00
9.776764e+00	2.534834e+00	2.063063e-04	150964213.000000	0.000000e+00
9.778759e+00	2.534154e+00	2.062264e-04	151000155.000000	0.000000e+00
9.780753e+00	2.533212e+00	2.061189e-04	151045333.000000	0.000000e+00
9.782748e+00	2.532381e+00	2.059898e-04	151135557.000000	0.000000e+00
9.784743e+00	2.531677e+00	2.059015e-04	151181233.000000	0.000000e+00
9.786737e+00	2.530894e+00	2.057585e-04	151297699.000000	0.000000e+00
9.788732e+00	2.529756e+00	2.056633e-04	151301709.000000	0.000000e+00
9.790727e+00	2.528849e+00	2.055544e-04	151353481.000000	0.000000e+00
9.792721e+00	2.528032e+00	2.054278e-04	151442151.000000	0.000000e+00
9.794716e+00	2.527248e+00	2.052999e-04	151536805.000000	0.000000e+00
9.796711e+00	2.526032e+00	2.051686e-04	151584789.000000	0.000000e+00
9.798706e+00	2.525526e+00	2.051108e-04	151609567.000000	0.000000e+00
9.800700e+00	2.524677e+00	2.049941e-04	151680253.000000	0.000000e+00
9.802695e+00	2.523131e+00	2.048285e-04	151739661.000000	0.000000e+00
9.804689e+00	2.522633e+00	2.047209e-04	151839193.000000	0.000000e+00
9.806684e+00	2.521636e+00	2.046124e-04	151880127.000000	0.000000e+00
9.808678e+00	2.520608e+00	2.045333e-04	151873801.000000	0.000000e+00
9.810673e+00	2.520016e+00	2.043727e-04	152041053.000000	0.000000e+00
9.812668e+00	2.519514e+00	2.043417e-04	152026615.000000	0.000000e+00
9.814662e+00	2.518182e+00	2.041545e-04	152144413.000000	0.000000e+00
9.816657e+00	2.517297e+00	2.040629e-04	152174217.000000	0.000000e+00
9.818652e+00	2.516407e+00	2.039249e-04	152272321.000000	0.000000e+00
9.820646e+00	2.515492e+00	2.038519e-04	152270643.000000	0.000000e+00
9.822641e+00	2.514574e+00	2.036843e-04	152410081.000000	0.000000e+00
9.824636e+00	2.513629e+00	2.036395e-04	152362477.000000	0.000000e+00
9.826630e+00	2.512945e+00	2.034637e-04	152542995.000000	0.000000e+00
9.828625e+00	2.511914e+00	2.033805e-04	152542573.000000	0.000000e+00
9.830620e+00	2.510965e+00	2.032308e-04	152651985.000000	0.000000e+00
9.832614e+00	2.509983e+00	2.031696e-04	152624461.000000	0.000000e+00
9.834608e+00	2.509227e+00	2.030627e-04	152693223.000000	0.000000e+00
9.836603e+00	2.508528e+00	2.028987e-04	152854921.000000	0.000000e+00
9.838598e+00	2.507489e+00	2.028068e-04	152866753.000000	0.000000e+00
9.840593e+00	2.506715e+00	2.027082e-04	152921055.000000	0.000000e+00
9.842587e+00	2.505845e+00	2.025920e-04	152990293.000000	0.000000e+00
9.844582e+00	2.505143e+00	2.024653e-04	153095949.000000	0.000000e+00
9.846577e+00	2.504164e+00	2.023959e-04	153081307.000000	0.000000e+00
9.848572e+00	2.503261e+00	2.022535e-04	153186453.000000	0.000000e+00
9.850566e+00	2.502174e+00	2.021680e-04	153182929.000000	0.000000e+00
9.852561e+00	2.501332e+00	2.019995e-04	153335233.000000	0.000000e+00
9.854555e+00	2.500555e+00	2.019222e-04	153357423.000000	0.000000e+00
9.856550e+00	2.499713e+00	2.018128e-04	153420277.000000	0.000000e+00
9.858545e+00	2.498897e+00	2.016833e-04	153517113.000000	0.000000e+00
9.860540e+00	2.498323e+00	2.016289e-04	153529435.000000	0.000000e+00
9.862534e+00	2.497099e+00	2.014608e-04	153635073.000000	0.000000e+00
9.864529e+00	2.496042e+00	2.013644e-04	153652117.000000	0.000000e+00
9.866523e+00	2.495253e+00	2.012782e-04	153686497.000000	0.000000e+00
9.868518e+00	2.494591e+00	2.011449e-04	153808623.000000	0.000000e+00
9.870512e+00	2.493810e+00	2.010698e-04	153827233.000000	0.000000e+00
9.872507e+00	2.492813e+00	2.008998e-04	153964509.000000	0.000000e+00
9.874502e+00	2.491954e+00	2.008262e-04	153971179.000000	0.000000e+00
9.876496e+00	2.491123e+00	2.007207e-04	154030225.000000	0.000000e+00
9.878491e+00	2.490292e+00	2.005814e-04	154141437.000000	0.000000e+00
9.880486e+00	2.489749e+00	2.005370e-04	154142395.000000	0.000000e+00
9.882480e+00	2.488421e+00	2.003735e-04	154229397.000000	0.000000e+00
9.884475e+00	2.487665e+00	2.002689e-04	154296769.000000	0.000000e+00
9.886470e+00	2.486737e+00	2.001657e-04	154340553.000000	0.000000e+00
9.888464e+00	2.485957e+00	2.000380e-04	154440847.000000	0.000000e+00
9.890459e+00	2.485273e+00	1.999702e-04	154460617.000000	0.000000e+00
9.892454e+00	2.484107e+00	1.998111e-04	154561509.000000	0.000000e+00
9.894448e+00	2.483529e+00	1.997526e-04	154580095.000000	0.000000e+00
9.896443e+00	2.482487e+00	1.995986e-04	154688865.000000	0.000000e+00
9.898437e+00	2.481606e+00	1.995178e-04	154704349.000000	0.000000e+00
9.900432e+00	2.480957e+00	1.993751e-04	154844889.000000	0.000000e+00
9.902427e+00	2.480046e+00	1.993156e-04	154823419.000000	0.000000e+00
9.904422e+00	2.478945e+00	1.991717e-04	154909729.000000	0.000000e+00
9.906416e+00	2.478084e+00	1.990518e-04	154988541.000000	0.000000e+00
9.908411e+00	2.477348e+00	1.989776e-04	155012143.000000	0.000000e+00
9.910405e+00	2.476247e+00	1.988346e-04	155097141.000000	0.000000e+00
9.912400e+00	2.475472e+00	1.987150e-04	155186809.000000	0.000000e+00
9.914395e+00	2.474673e+00	1.986290e-04	155220837.000000	0.000000e+00
9.916389e+00	2.474030e+00	1.985140e-04	155320147.000000	0.000000e+00
9.918384e+00	2.473254e+00	1.984323e-04	155350609.000000	0.000000e+00
9.920379e+00	2.472522e+00	1.983329e-04	155414181.000000	0.000000e+00
9.922374e+00	2.471521e+00	1.982116e-04	155478451.000000	0.000000e+00
9.924368e+00	2.470852e+00	1.981110e-04	155552193.000000	0.000000e+00
9.926363e+00	2.469611e+00	1.979995e-04	155571061.000000	0.000000e+00
9.928357e+00	2.468981e+00	1.979066e-04	155637763.000000	0.000000e+00
9.930352e+00	2.467988e+00	1.977676e-04	155731365.000000	0.000000e+00
9.932346e+00	2.467150e+00	1.976309e-04	155840905.000000	0.000000e+00
9.934341e+00	2.466192e+00	1.975612e-04	155829777.000000	0.000000e+00
9.936336e+00	2.465564e+00	1.974700e-04	155894239.000000	0.000000e+00
9.938330e+00	2.465327e+00	1.973801e-04	156006297.000000	0.000000e+00
9.940325e+00	2.463888e+00	1.972313e-04	156059533.000000	0.000000e+00
9.942320e+00	2.462863e+00	1.971319e-04	156087055.000000	0.000000e+00
9.944314e+00	2.462255e+00	1.970429e-04	156150897.000000	0.000000e+00
9.946309e+00	2.460978e+00	1.968748e-04	156255493.000000	0.000000e+00
9.948304e+00	2.460485e+00	1.968140e-04	156289353.000000	0.000000e+00
9.950298e+00	2.459647e+00	1.967217e-04	156329515.000000	0.000000e+00
9.952293e+00	2.458592e+00	1.965791e-04	156422157.000000	0.000000e+00
9.954288e+00	2.457944e+00	1.964753e-04	156504949.000000	0.000000e+00
9.956282e+00	2.456797e+00	1.963698e-04	156526963.000000	0.000000e+00
9.958277e+00	2.456176e+00	1.962807e-04	156589857.000000	0.000000e+00
9.960272e+00	2.455740e+00	1.961789e-04	156696841.000000	0.000000e+00
9.962266e+00	2.455101e+00	1.961058e-04	156732003.000000	0.000000e+00
9.964261e+00	2.453593e+00	1.959428e-04	156800053.000000	0.000000e+00
9.966256e+00	2.452820e+00	1.958773e-04	156806205.000000	0.000000e+00
9.968250e+00	2.452055e+00	1.957079e-04	156979789.000000	0.000000e+00
9.970245e+00	2.451612e+00	1.956855e-04	156959083.000000	0.000000e+00
9.972240e+00	2.450671e+00	1.955665e-04	157029429.000000	0.000000e+00
9.974234e+00	2.449675e+00	1.954388e-04	157106845.000000	0.000000e+00
9.976229e+00	2.448605e+00	1.952996e-04	157193619.000000	0.000000e+00
9.978224e+00	2.447962e+00	1.952273e-04	157227373.000000	0.000000e+00
9.980218e+00	2.447384e+00	1.951404e-04	157293133.000000	0.000000e+00
9.982213e+00	2.446297e+00	1.950019e-04	157376709.000000	0.000000e+00
9.984208e+00	2.445684e+00	1.949309e-04	157412467.000000	0.000000e+00
9.986202e+00	2.444744e+00	1.948242e-04	157463997.000000	0.000000e+00
9.988197e+00	2.443654e+00	1.946751e-04	157564573.000000	0.000000e+00
9.990191e+00	2.443317e+00	1.946283e-04	157596879.000000	0.000000e+00
9.992186e+00	2.442028e+00	1.944586e-04	157705477.000000	0.000000e+00
9.994181e+00	2.441179e+00	1.943897e-04	157707721.000000	0.000000e+00
9.996175e+00	2.440753e+00	1.943068e-04	157787295.000000	0.000000e+00
9.998170e+00	2.439482e+00	1.941614e-04	157859041.000000	0.000000e+00
1.000016e+01	2.439185e+00	1.940751e-04	157961001.000000	0.000000e+00
1.000216e+01	2.438187e+00	1.939945e-04	157962985.000000	0.000000e+00
1.000415e+01	2.437148e+00	1.938636e-04	158041527.000000	0.000000e+00
1.000615e+01	2.436431e+00	1.937824e-04	158080933.000000	0.000000e+00
1.000814e+01	2.435969e+00	1.936383e-04	158256217.000000	0.000000e+00
1.001014e+01	2.434837e+00	1.935818e-04	158201655.000000	0.000000e+00
1.001213e+01	2.434176e+00	1.934677e-04	158302237.000000	0.000000e+00
1.001413e+01	2.433114e+00	1.933405e-04	158372241.000000	0.000000e+00
1.001612e+01	2.432450e+00	1.932427e-04	158446033.000000	0.000000e+00
1.001812e+01	2.431855e+00	1.931579e-04	158507707.000000	0.000000e+00
1.002011e+01	2.430751e+00	1.930571e-04	158529297.000000	0.000000e+00
1.002211e+01	2.430087e+00	1.929346e-04	158643949.000000	0.000000e+00
1.002410e+01	2.429153e+00	1.928369e-04	158682567.000000	0.000000e+00
1.002610e+01	2.428742e+00	1.927712e-04	158737021.000000	0.000000e+00
1.002809e+01	2.427596e+00	1.926494e-04	158788017.000000	0.000000e+00
1.003008e+01	2.426743e+00	1.925257e-04	158880373.000000	0.000000e+00
1.003208e+01	2.425777e+00	1.924100e-04	158944963.000000	0.000000e+00
1.003407e+01	2.425178e+00	1.923363e-04	158988105.000000	0.000000e+00
1.003607e+01	2.423687e+00	1.921571e-04	159088993.000000	0.000000e+00
1.003806e+01	2.423493e+00	1.921255e-04	159115983.000000	0.000000e+00
1.004006e+01	2.422457e+00	1.920274e-04	159142345.000000	0.000000e+00
1.004205e+01	2.422124e+00	1.919079e-04	159296757.000000	0.000000e+00
1.004405e+01	2.421207e+00	1.918531e-04	159267175.000000	0.000000e+00
1.004604e+01	2.420320e+00	1.917052e-04	159396145.000000	0.000000e+00
1.004804e+01	2.419395e+00	1.916030e-04	159444237.000000	0.000000e+00
1.005003e+01	2.418265e+00	1.914567e-04	159538873.000000	0.000000e+00
1.005203e+01	2.417947e+00	1.914203e-04	159557655.000000	0.000000e+00
1.005402e+01	2.417012e+00	1.913200e-04	159601417.000000	0.000000e+00
1.005601e+01	2.416090e+00	1.911942e-04	159689625.000000	0.000000e+00
1.005801e+01	2.415684e+00	1.911006e-04	159792403.000000	0.000000e+00
1.006000e+01	2.414759e+00	1.910077e-04	159825433.000000	0.000000e+00
1.006200e+01	2.414454e+00	1.909615e-04	159862281.000000	0.000000e+00
1.006399e+01	2.413075e+00	1.907978e-04	159953953.000000	0.000000e+00
1.006599e+01	2.412049e+00	1.906760e-04	160022259.000000	0.000000e+00
1.006798e+01	2.411829e+00	1.906240e-04	160080229.000000	0.000000e+00
1.006998e+01	2.410450e+00	1.904828e-04	160134409.000000	0.000000e+00
1.007197e+01	2.409931e+00	1.903879e-04	160225059.000000	0.000000e+00
1.007397e+01	2.409093e+00	1.903278e-04	160214773.000000	0.000000e+00
1.007596e+01	2.408554e+00	1.902142e-04	160334349.000000	0.000000e+00
1.007796e+01	2.407497e+00	1.900877e-04	160407043.000000	0.000000e+00
1.007995e+01	2.406607e+00	1.900037e-04	160430301.000000	0.000000e+00
1.008195e+01	2.406205e+00	1.899049e-04	160543549.000000	0.000000e+00
1.008394e+01	2.405193e+00	1.898140e-04	160562329.000000	0.000000e+00
1.008593e+01	2.404443e+00	1.896968e-04	160660491.000000	0.000000e+00
1.008793e+01	2.403543e+00	1.895867e-04	160726681.000000	0.000000e+00
1.008992e+01	2.402861e+00	1.895125e-04	160761249.000000	0.000000e+00
1.009192e+01	2.401920e+00	1.894212e-04	160790335.000000	0.000000e+00
1.009391e+01	2.400840e+00	1.892600e-04	160919625.000000	0.000000e+00
1.009591e+01	2.400339e+00	1.891806e-04	160987513.000000	0.000000e+00
1.009790e+01	2.399579e+00	1.891040e-04	161015797.000000	0.000000e+00
1.009990e+01	2.398744e+00	1.889944e-04	161090463.000000	0.000000e+00
1.010189e+01	2.397873e+00	1.888794e-04	161169601.000000	0.000000e+00
1.010389e+01	2.396852e+00	1.887700e-04	161219133.000000	0.000000e+00
1.010588e+01	2.396421e+00	1.887088e-04	161265583.000000	0.000000e+00
1.010788e+01	2.395861e+00	1.886152e-04	161350317.000000	0.000000e+00
1.010987e+01	2.394598e+00	1.884551e-04	161454301.000000	0.000000e+00
1.011187e+01	2.394296e+00	1.884419e-04	161436169.000000	0.000000e+00
1.011386e+01	2.393338e+00	1.883191e-04	161517459.000000	0.000000e+00
1.011585e+01	2.392582e+00	1.881910e-04	161635165.000000	0.000000e+00
1.011785e+01	2.391671e+00	1.880994e-04	161669481.000000	0.000000e+00
1.011984e+01	2.391166e+00	1.880493e-04	161687407.000000	0.000000e+00
1.012184e+01	2.390463e+00	1.879164e-04	161820949.000000	0.000000e+00
1.012383e+01	2.389481e+00	1.878099e-04	161871429.000000	0.000000e+00
1.012583e+01	2.389029e+00	1.877522e-04	161909623.000000	0.000000e+00
1.012782e+01	2.387925e+00	1.876202e-04	161987721.000000	0.000000e+00
1.012982e+01	2.386806e+00	1.875160e-04	162015889.000000	0.000000e+00
1.013181e+01	2.386180e+00	1.874062e-04	162120657.000000	0.000000e+00
1.013381e+01	2.385353e+00	1.872975e-04	162196459.000000	0.000000e+00
1.013580e+01	2.384758e+00	1.872491e-04	162199489.000000	0.000000e+00
1.013780e+01	2.383969e+00	1.870955e-04	162358329.000000	0.000000e+00
1.013979e+01	2.383315e+00	1.870639e-04	162323959.000000	0.000000e+00
1.014178e+01	2.382595e+00	1.869332e-04	162452937.000000	0.000000e+00
1.014378e+01	2.381762e+00	1.868603e-04	162465997.000000	0.000000e+00
1.014577e+01	2.381189e+00	1.867388e-04	162599253.000000	0.000000e+00
1.014777e+01	2.379991e+00	1.866658e-04	162562879.000000	0.000000e+00
1.014976e+01	2.379681e+00	1.865631e-04	162699337.000000	0.000000e+00
1.015176e+01	2.378337e+00	1.864286e-04	162750321.000000	0.000000e+00
1.015375e+01	2.377918e+00	1.863638e-04	162805999.000000	0.000000e+00
1.015575e+01	2.377011e+00	1.862408e-04	162896901.000000	0.000000e+00
1.015774e+01	2.376485e+00	1.861541e-04	162976489.000000	0.000000e+00
1.015974e+01	2.375685e+00	1.860970e-04	162966763.000000	0.000000e+00
1.016173e+01	2.374607e+00	1.859638e-04	163052217.000000	0.000000e+00
1.016373e+01	2.373856e+00	1.858449e-04	163157593.000000	0.000000e+00
1.016572e+01	2.372993e+00	1.857486e-04	163208169.000000	0.000000e+00
1.016772e+01	2.372550e+00	1.856869e-04	163255687.000000	0.000000e+00
1.016971e+01	2.371662e+00	1.855854e-04	163311933.000000	0.000000e+00
1.017170e+01	2.371336e+00	1.855117e-04	163396801.000000	0.000000e+00
1.017370e+01	2.370014e+00	1.853773e-04	163451323.000000	0.000000e+00
1.017569e+01	2.369276e+00	1.852699e-04	163539045.000000	0.000000e+00
1.017769e+01	2.368485e+00	1.851982e-04	163556509.000000	0.000000e+00
1.017968e+01	2.367952e+00	1.851042e-04	163649001.000000	0.000000e+00
1.018168e+01	2.367286e+00	1.850121e-04	163719859.000000	0.000000e+00
1.018367e+01	2.366332e+00	1.848761e-04	163828605.000000	0.000000e+00
1.018567e+01	2.365623e+00	1.848216e-04	163826989.000000	0.000000e+00
1.018766e+01	2.365012e+00	1.847490e-04	163871203.000000	0.000000e+00
1.018966e+01	2.364218e+00	1.846590e-04	163920813.000000	0.000000e+00
1.019165e+01	2.363085e+00	1.844963e-04	164052601.000000	0.000000e+00
1.019365e+01	2.362592e+00	1.844329e-04	164097015.000000	0.000000e+00
1.019564e+01	2.361678e+00	1.843172e-04	164175901.000000	0.000000e+00
1.019763e+01	2.360950e+00	1.842309e-04	164228481.000000	0.000000e+00
1.019963e+01	2.360216e+00	1.841472e-04	164275801.000000	0.000000e+00
1.020162e+01	2.359659e+00	1.840428e-04	164384455.000000	0.000000e+00
1.020362e+01	2.358877e+00	1.839962e-04	164358729.000000	0.000000e+00
1.020561e+01	2.358408e+00	1.838886e-04	164485621.000000	0.000000e+00
1.020761e+01	2.357129e+00	1.837413e-04	164570991.000000	0.000000e+00
1.020960e+01	2.356221e+00	1.836517e-04	164604781.000000	0.000000e+00
1.021160e+01	2.355644e+00	1.835690e-04	164672269.000000	0.000000e+00
1.021359e+01	2.355230e+00	1.835151e-04	164711193.000000	0.000000e+00
1.021559e+01	2.354366e+00	1.833920e-04	164811451.000000	0.000000e+00
1.021758e+01	2.353673e+00	1.833046e-04	164871441.000000	0.000000e+00
1.021958e+01	2.352378e+00	1.831575e-04	164954845.000000	0.000000e+00
1.022157e+01	2.352362e+00	1.831237e-04	165013455.000000	0.000000e+00
1.022357e+01	2.351071e+00	1.830129e-04	165032053.000000	0.000000e+00
1.022556e+01	2.350442e+00	1.828922e-04	165161425.000000	0.000000e+00
1.022755e+01	2.349624e+00	1.828400e-04	165140853.000000	0.000000e+00
1.022955e+01	2.348805e+00	1.826937e-04	165290083.000000	0.000000e+00
1.023154e+01	2.348095e+00	1.826172e-04	165328569.000000	0.000000e+00
1.023354e+01	2.347596e+00	1.825542e-04	165372421.000000	0.000000e+00
1.023553e+01	2.346948e+00	1.824703e-04	165433299.000000	0.000000e+00
1.023753e+01	2.346037e+00	1.823572e-04	165509833.000000	0.000000e+00
1.023952e+01	2.345369e+00	1.822736e-04	165567469.000000	0.000000e+00
1.024152e+01	2.344608e+00	1.821870e-04	165617307.000000	0.000000e+00
1.024351e+01	2.343949e+00	1.820719e-04	165733513.000000	0.000000e+00
1.024551e+01	2.343126e+00	1.819641e-04	165813549.000000	0.000000e+00
1.024750e+01	2.342618e+00	1.819399e-04	165785593.000000	0.000000e+00
1.024950e+01	2.341422e+00	1.817728e-04	165921171.000000	0.000000e+00
1.025149e+01	2.340756e+00	1.817174e-04	165927949.000000	0.000000e+00
1.025348e+01	2.340359e+00	1.816154e-04	166057969.000000	0.000000e+00
1.025548e+01	2.339415e+00	1.815341e-04	166072647.000000	0.000000e+00
1.025747e+01	2.338577e+00	1.814165e-04	166168837.000000	0.000000e+00
1.025947e+01	2.338174e+00	1.813488e-04	166235817.000000	0.000000e+00
1.026146e+01	2.337319e+00	1.812558e-04	166284529.000000	0.000000e+00
1.026346e+01	2.336478e+00	1.811644e-04	166332667.000000	0.000000e+00
1.026545e+01	2.335952e+00	1.810653e-04	166439997.000000	0.000000e+00
1.026745e+01	2.335295e+00	1.810077e-04	166452133.000000	0.000000e+00
1.026944e+01	2.334157e+00	1.808588e-04	166563879.000000	0.000000e+00
1.027144e+01	2.333636e+00	1.808000e-04	166597777.000000	0.000000e+00
1.027343e+01	2.333018e+00	1.807230e-04	166651557.000000	0.000000e+00
1.027543e+01	2.332211e+00	1.805982e-04	166766407.000000	0.000000e+00
1.027742e+01	2.331166e+00	1.804911e-04	166814773.000000	0.000000e+00
1.027942e+01	2.330666e+00	1.804223e-04	166870569.000000	0.000000e+00
1.028141e+01	2.329683e+00	1.803237e-04	166912201.000000	0.000000e+00
1.028340e+01	2.329250e+00	1.802342e-04	167015979.000000	0.000000e+00
1.028540e+01	2.328229e+00	1.801436e-04	167037421.000000	0.000000e+00
1.028739e+01	2.327838e+00	1.800527e-04	167150085.000000	0.000000e+00
1.028939e+01	2.326770e+00	1.799513e-04	167184871.000000	0.000000e+00
1.029138e+01	2.326543e+00	1.798742e-04	167295505.000000	0.000000e+00
1.029338e+01	2.325622e+00	1.797979e-04	167305161.000000	0.000000e+00
1.029537e+01	2.324931e+00	1.796922e-04	167402461.000000	0.000000e+00
1.029737e+01	2.324085e+00	1.796189e-04	167417163.000000	0.000000e+00
1.029936e+01	2.323558e+00	1.795453e-04	167478433.000000	0.000000e+00
1.030136e+01	2.322448e+00	1.793751e-04	167636121.000000	0.000000e+00
1.030335e+01	2.321935e+00	1.793205e-04	167664283.000000	0.000000e+00
1.030535e+01	2.321064e+00	1.792462e-04	167677429.000000	0.000000e+00
1.030734e+01	2.320401e+00	1.791557e-04	167750805.000000	0.000000e+00
1.030933e+01	2.319562e+00	1.790484e-04	167830525.000000	0.000000e+00
1.031133e+01	2.319211e+00	1.789562e-04	167952615.000000	0.000000e+00
1.031332e+01	2.318593e+00	1.789002e-04	167968357.000000	0.000000e+00
1.031532e+01	2.317568e+00	1.787873e-04	168031885.000000	0.000000e+00
1.031731e+01	2.316898e+00	1.786869e-04	168123471.000000	0.000000e+00
1.031931e+01	2.315875e+00	1.785795e-04	168177217.000000	0.000000e+00
1.032130e+01	2.315782e+00	1.785600e-04	168200409.000000	0.000000e+00
1.032330e+01	2.314827e+00	1.784323e-04	168302263.000000	0.000000e+00
1.032529e+01	2.314030e+00	1.783509e-04	168339981.000000	0.000000e+00
1.032729e+01	2.313372e+00	1.782402e-04	168453457.000000	0.000000e+00
1.032928e+01	2.312396e+00	1.781645e-04	168454453.000000	0.000000e+00
1.033128e+01	2.311706e+00	1.780619e-04	168547827.000000	0.000000e+00
1.033327e+01	2.311565e+00	1.780120e-04	168621805.000000	0.000000e+00
1.033527e+01	2.310542e+00	1.778685e-04	168744513.000000	0.000000e+00
1.033726e+01	2.309798e+00	1.778183e-04	168730999.000000	0.000000e+00
1.033925e+01	2.308950e+00	1.777054e-04	168821589.000000	0.000000e+00
1.034125e+01	2.308408e+00	1.776276e-04	168890137.000000	0.000000e+00
1.034324e+01	2.307577e+00	1.775376e-04	168939685.000000	0.000000e+00
1.034524e+01	2.307205e+00	1.774595e-04	169033887.000000	0.000000e+00
1.034723e+01	2.306404e+00	1.773965e-04	169036669.000000	0.000000e+00
1.034923e+01	2.305191e+00	1.772224e-04	169190709.000000	0.000000e+00
1.035122e+01	2.304780e+00	1.772091e-04	169155763.000000	0.000000e+00
1.035322e+01	2.304408e+00	1.771112e-04	169288261.000000	0.000000e+00
1.035521e+01	2.303619e+00	1.770120e-04	169362117.000000	0.000000e+00
1.035721e+01	2.302481e+00	1.769174e-04	169375699.000000	0.000000e+00
1.035920e+01	2.302179e+00	1.768469e-04	169466337.000000	0.000000e+00
1.036120e+01	2.301051e+00	1.767389e-04	169507165.000000	0.000000e+00
1.036319e+01	2.300625e+00	1.766318e-04	169649973.000000	0.000000e+00
1.036519e+01	2.299935e+00	1.765745e-04	169658263.000000	0.000000e+00
1.036718e+01	2.299140e+00	1.764886e-04	169706077.000000	0.000000e+00
1.036917e+01	2.298489e+00	1.763848e-04	169809717.000000	0.000000e+00
1.037117e+01	2.298104e+00	1.763489e-04	169821919.000000	0.000000e+00
1.037316e+01	2.297192e+00	1.762119e-04	169951077.000000	0.000000e+00
1.037516e+01	2.296620e+00	1.761539e-04	169978429.000000	0.000000e+00
1.037715e+01	2.295789e+00	1.760380e-04	170079093.000000	0.000000e+00
1.037915e+01	2.295220e+00	1.759769e-04	170112919.000000	0.000000e+00
1.038114e+01	2.294657e+00	1.758803e-04	170216185.000000	0.000000e+00
1.038314e+01	2.293835e+00	1.758037e-04	170242725.000000	0.000000e+00
1.038513e+01	2.292742e+00	1.756842e-04	170311807.000000	0.000000e+00
1.038713e+01	2.292452e+00	1.756112e-04	170410353.000000	0.000000e+00
1.038912e+01	2.291579e+00	1.755356e-04	170427193.000000	0.000000e+00
1.039112e+01	2.291148e+00	1.754671e-04	170496291.000000	0.000000e+00
1.039311e+01	2.290387e+00	1.753512e-04	170608357.000000	0.000000e+00
1.039510e+01	2.289373e+00	1.752466e-04	170660929.000000	0.000000e+00
1.039710e+01	2.288953e+00	1.751870e-04	170714337.000000	0.000000e+00
1.039909e+01	2.288003e+00	1.750924e-04	170756983.000000	0.000000e+00
1.040109e+01	2.287732e+00	1.750299e-04	170838597.000000	0.000000e+00
1.040308e+01	2.286870e+00	1.749406e-04	170884165.000000	0.000000e+00
1.040508e+01	2.286022e+00	1.748196e-04	170993959.000000	0.000000e+00
1.040707e+01	2.285237e+00	1.747271e-04	171057333.000000	0.000000e+00
1.040907e+01	2.284600e+00	1.746537e-04	171105925.000000	0.000000e+00
1.041106e+01	2.283820e+00	1.745999e-04	171094485.000000	0.000000e+00
1.041306e+01	2.283289e+00	1.744488e-04	171311167.000000	0.000000e+00
1.041505e+01	2.282733e+00	1.744256e-04	171273429.000000	0.000000e+00
1.041705e+01	2.281972e+00	1.742927e-04	171420373.000000	0.000000e+00
1.041904e+01	2.281067e+00	1.742549e-04	171358663.000000	0.000000e+00
1.042104e+01	2.280722e+00	1.741387e-04	171535497.000000	0.000000e+00
1.042303e+01	2.280199e+00	1.740789e-04	171574573.000000	0.000000e+00
1.042502e+01	2.279268e+00	1.740025e-04	171585129.000000	0.000000e+00
1.042702e+01	2.278677e+00	1.739017e-04	171695107.000000	0.000000e+00
1.042901e+01	2.278035e+00	1.738104e-04	171778701.000000	0.000000e+00
1.043101e+01	2.277096e+00	1.736951e-04	171864997.000000	0.000000e+00
1.043300e+01	2.276607e+00	1.736459e-04	171888703.000000	0.000000e+00
1.043500e+01	2.276314e+00	1.735988e-04	171937605.000000	0.000000e+00
1.043699e+01	2.275306e+00	1.734819e-04	172016989.000000	0.000000e+00
1.043899e+01	2.274760e+00	1.733887e-04	172119327.000000	0.000000e+00
1.044098e+01	2.273814e+00	1.733204e-04	172111669.000000	0.000000e+00
1.044298e+01	2.272984e+00	1.731874e-04	172250385.000000	0.000000e+00
1.044497e+01	2.272499e+00	1.731509e-04	172249537.000000	0.000000e+00
1.044697e+01	2.271927e+00	1.730377e-04	172388119.000000	0.000000e+00
1.044896e+01	2.271074e+00	1.729671e-04	172399401.000000	0.000000e+00
1.045095e+01	2.270504e+00	1.728845e-04	172477561.000000	0.000000e+00
1.045295e+01	2.269930e+00	1.727958e-04	172567431.000000	0.000000e+00
1.045494e+01	2.269072e+00	1.727165e-04	172595365.000000	0.000000e+00
1.045694e+01	2.268463e+00	1.726011e-04	172733209.000000	0.000000e+00
1.045893e+01	2.267790e+00	1.725545e-04	172724265.000000	0.000000e+00
1.046093e+01	2.267030e+00	1.724442e-04	172829251.000000	0.000000e+00
1.046292e+01	2.266401e+00	1.723878e-04	172846617.000000	0.000000e+00
1.046492e+01	2.265624e+00	1.722639e-04	172976437.000000	0.000000e+00
1.046691e+01	2.265422e+00	1.722328e-04	173008203.000000	0.000000e+00
1.046891e+01	2.264517e+00	1.721314e-04	173073733.000000	0.000000e+00
1.047090e+01	2.264009e+00	1.720755e-04	173108413.000000	0.000000e+00
1.047290e+01	2.263050e+00	1.719278e-04	173258979.000000	0.000000e+00
1.047489e+01	2.262371e+00	1.718862e-04	173238937.000000	0.000000e+00
1.047689e+01	2.261767e+00	1.717969e-04	173326545.000000	0.000000e+00
1.047888e+01	2.260908e+00	1.716739e-04	173443225.000000	0.000000e+00
1.048087e+01	2.260500e+00	1.716427e-04	173443551.000000	0.000000e+00
1.048287e+01	2.259713e+00	1.715206e-04	173569585.000000	0.000000e+00
1.048486e+01	2.259086e+00	1.714711e-04	173573665.000000	0.000000e+00
1.048686e+01	2.258454e+00	1.713733e-04	173674623.000000	0.000000e+00
1.048885e+01	2.257744e+00	1.712851e-04	173744221.000000	0.000000e+00
1.049085e+01	2.257231e+00	1.712153e-04	173806953.000000	0.000000e+00
1.049284e+01	2.256428e+00	1.711084e-04	173900245.000000	0.000000e+00
1.049484e+01	2.255659e+00	1.710442e-04	173912283.000000	0.000000e+00
1.049683e+01	2.254966e+00	1.709451e-04	174006961.000000	0.000000e+00
1.049883e+01	2.254474e+00	1.708689e-04	174086245.000000	0.000000e+00
1.050082e+01	2.253834e+00	1.707967e-04	174134559.000000	0.000000e+00
1.050282e+01	2.253141e+00	1.707119e-04	174200317.000000	0.000000e+00
1.050481e+01	2.252668e+00	1.706593e-04	174234669.000000	0.000000e+00
1.050680e+01	2.251743e+00	1.705441e-04	174326857.000000	0.000000e+00
1.050880e+01	2.251230e+00	1.704531e-04	174433543.000000	0.000000e+00
1.051079e+01	2.250221e+00	1.703659e-04	174455613.000000	0.000000e+00
1.051279e+01	2.249972e+00	1.703101e-04	174531337.000000	0.000000e+00
1.051478e+01	2.249182e+00	1.702277e-04	174577647.000000	0.000000e+00
1.051678e+01	2.248634e+00	1.701482e-04	174655669.000000	0.000000e+00
1.051877e+01	2.247992e+00	1.700524e-04	174752793.000000	0.000000e+00
1.052077e+01	2.247319e+00	1.699956e-04	174764923.000000	0.000000e+00
1.052276e+01	2.246751e+00	1.698881e-04	174897661.000000	0.000000e+00
1.052476e+01	2.245918e+00	1.698101e-04	174928545.000000	0.000000e+00
1.052675e+01	2.245398e+00	1.697455e-04	174980665.000000	0.000000e+00
1.052875e+01	2.244769e+00	1.696521e-04	175075203.000000	0.000000e+00
1.053074e+01	2.244050e+00	1.695764e-04	175119421.000000	0.000000e+00
1.053274e+01	2.243517e+00	1.694947e-04	175205025.000000	0.000000e+00
1.053473e+01	2.242717e+00	1.694059e-04	175263691.000000	0.000000e+00
1.053672e+01	2.242091e+00	1.693454e-04	175291021.000000	0.000000e+00
1.053872e+01	2.241635e+00	1.692525e-04	175412073.000000	0.000000e+00
1.054071e+01	2.240827e+00	1.691646e-04	175467913.000000	0.000000e+00
1.054271e+01	2.240505e+00	1.690959e-04	175560075.000000	0.000000e+00
1.054470e+01	2.239386e+00	1.690268e-04	175528093.000000	0.000000e+00
1.054670e+01	2.238768e+00	1.689048e-04	175684885.000000	0.000000e+00
1.054869e+01	2.238291e+00	1.688304e-04	175764819.000000	0.000000e+00
1.055069e+01	2.237536e+00	1.687688e-04	175774489.000000	0.000000e+00
1.055268e+01	2.236821e+00	1.686828e-04	175841145.000000	0.000000e+00
1.055468e+01	2.236342e+00	1.686010e-04	175936471.000000	0.000000e+00
1.055667e+01	2.235675e+00	1.685245e-04	175991361.000000	0.000000e+00
1.055867e+01	2.234866e+00	1.684501e-04	176019397.000000	0.000000e+00
1.056066e+01	2.234554e+00	1.683587e-04	176161429.000000	0.000000e+00
1.056266e+01	2.233802e+00	1.682861e-04	176194743.000000	0.000000e+00
1.056465e+01	2.233166e+00	1.682073e-04	176259277.000000	0.000000e+00
1.056664e+01	2.232321e+00	1.681148e-04	176319921.000000	0.000000e+00
1.056864e+01	2.231661e+00	1.680407e-04	176371027.000000	0.000000e+00
1.057063e+01	2.231083e+00	1.679645e-04	176439717.000000	0.000000e+00
1.057263e+01	2.230625e+00	1.678807e-04	176543461.000000	0.000000e+00
1.057462e+01	2.229682e+00	1.677861e-04	176593069.000000	0.000000e+00
1.057662e+01	2.229631e+00	1.677423e-04	176677323.000000	0.000000e+00
1.057861e+01	2.228949e+00	1.676988e-04	176661025.000000	0.000000e+00
1.058061e+01	2.228365e+00	1.675645e-04	176851473.000000	0.000000e+00
1.058260e+01	2.227366e+00	1.675188e-04	176789311.000000	0.000000e+00
1.058460e+01	2.226636e+00	1.673678e-04	176992341.000000	0.000000e+00
1.058659e+01	2.226078e+00	1.673240e-04	176996365.000000	0.000000e+00
1.058859e+01	2.225609e+00	1.672611e-04	177054769.000000	0.000000e+00
1.059058e+01	2.224831e+00	1.671699e-04	177124215.000000	0.000000e+00
1.059257e+01	2.224363e+00	1.671074e-04	177182173.000000	0.000000e+00
1.059457e+01	2.223450e+00	1.670000e-04	177264585.000000	0.000000e+00
1.059656e+01	2.223126e+00	1.669542e-04	177310171.000000	0.000000e+00
1.059856e+01	2.222582e+00	1.668691e-04	177404269.000000	0.000000e+00
1.060055e+01	2.222014e+00	1.667956e-04	177469881.000000	0.000000e+00
1.060255e+01	2.221331e+00	1.667267e-04	177507187.000000	0.000000e+00
1.060454e+01	2.220275e+00	1.665978e-04	177613161.000000	0.000000e+00
1.060654e+01	2.220278e+00	1.665813e-04	177648781.000000	0.000000e+00
1.060853e+01	2.218944e+00	1.664525e-04	177709989.000000	0.000000e+00
1.061053e+01	2.218906e+00	1.664096e-04	177795631.000000	0.000000e+00
1.061252e+01	2.217803e+00	1.662918e-04	177870625.000000	0.000000e+00
1.061452e+01	2.217398e+00	1.662455e-04	177904869.000000	0.000000e+00
1.061651e+01	2.217011e+00	1.661602e-04	178025227.000000	0.000000e+00
1.061851e+01	2.216390e+00	1.661199e-04	178012053.000000	0.000000e+00
1.062050e+01	2.215518e+00	1.660174e-04	178091605.000000	0.000000e+00
1.062249e+01	2.214896e+00	1.659011e-04	178241313.000000	0.000000e+00
1.062449e+01	2.214254e+00	1.658367e-04	178276267.000000	0.000000e+00
1.062648e+01	2.213692e+00	1.657804e-04	178306993.000000	0.000000e+00
1.062848e+01	2.213383e+00	1.657147e-04	178398321.000000	0.000000e+00
1.063047e+01	2.212419e+00	1.656129e-04	178462207.000000	0.000000e+00
1.063247e+01	2.212120e+00	1.655762e-04	178493265.000000	0.000000e+00
1.063446e+01	2.211206e+00	1.654344e-04	178651561.000000	0.000000e+00
1.063646e+01	2.210288e+00	1.653848e-04	178610343.000000	0.000000e+00
1.063845e+01	2.210003e+00	1.652910e-04	178767073.000000	0.000000e+00
1.064045e+01	2.209323e+00	1.652231e-04	178803973.000000	0.000000e+00
1.064244e+01	2.208867e+00	1.651730e-04	178838457.000000	0.000000e+00
1.064444e+01	2.207990e+00	1.650599e-04	178941583.000000	0.000000e+00
1.064643e+01	2.207461e+00	1.649984e-04	178989261.000000	0.000000e+00
1.064842e+01	2.206853e+00	1.649166e-04	179067973.000000	0.000000e+00
1.065042e+01	2.206044e+00	1.648195e-04	179147815.000000	0.000000e+00
1.065241e+01	2.205584e+00	1.647644e-04	179192745.000000	0.000000e+00
1.065441e+01	2.205103e+00	1.646917e-04	179272777.000000	0.000000e+00
1.065640e+01	2.204571e+00	1.646251e-04	179331357.000000	0.000000e+00
1.065840e+01	2.204252e+00	1.645801e-04	179377615.000000	0.000000e+00
1.066039e+01	2.203263e+00	1.644573e-04	179484357.000000	0.000000e+00
1.066239e+01	2.202678e+00	1.644044e-04	179504377.000000	0.000000e+00
1.066438e+01	2.202007e+00	1.642951e-04	179633971.000000	0.000000e+00
1.066638e+01	2.201085e+00	1.642080e-04	179673945.000000	0.000000e+00
1.066837e+01	2.200809e+00	1.641674e-04	179717617.000000	0.000000e+00
1.067037e+01	2.200274e+00	1.641033e-04	179770599.000000	0.000000e+00
1.067236e+01	2.199652e+00	1.639925e-04	179911981.000000	0.000000e+00
1.067436e+01	2.199035e+00	1.639430e-04	179919525.000000	0.000000e+00
1.067635e+01	2.198562e+00	1.638640e-04	180015733.000000	0.000000e+00
1.067834e+01	2.197687e+00	1.637779e-04	180061591.000000	0.000000e+00
1.068034e+01	2.197434e+00	1.637274e-04	180131277.000000	0.000000e+00
1.068233e+01	2.196601e+00	1.636235e-04	180223453.000000	0.000000e+00
1.068433e+01	2.196148e+00	1.635605e-04	180287823.000000	0.000000e+00
1.068632e+01	2.195639e+00	1.634983e-04	180341317.000000	0.000000e+00
1.068832e+01	2.194647e+00	1.634110e-04	180371073.000000	0.000000e+00
1.069031e+01	2.194569e+00	1.633356e-04	180524725.000000	0.000000e+00
1.069231e+01	2.193451e+00	1.632452e-04	180540643.000000	0.000000e+00
1.069430e+01	2.193077e+00	1.632013e-04	180576117.000000	0.000000e+00
1.069630e+01	2.192821e+00	1.631310e-04	180689785.000000	0.000000e+00
1.069829e+01	2.191841e+00	1.630421e-04	180725175.000000	0.000000e+00
1.070029e+01	2.191356e+00	1.629550e-04	180838333.000000	0.000000e+00
1.070228e+01	2.190472e+00	1.628650e-04	180892105.000000	0.000000e+00
1.070428e+01	2.190277e+00	1.628273e-04	180943677.000000	0.000000e+00
1.070627e+01	2.189732e+00	1.627606e-04	181001875.000000	0.000000e+00
1.070826e+01	2.188966e+00	1.626718e-04	181072905.000000	0.000000e+00
1.071026e+01	2.188235e+00	1.625802e-04	181156009.000000	0.000000e+00
1.071225e+01	2.187656e+00	1.625106e-04	181215159.000000	0.000000e+00
1.071425e+01	2.187269e+00	1.624487e-04	181289137.000000	0.000000e+00
1.071624e+01	2.186355e+00	1.623458e-04	181367389.000000	0.000000e+00
1.071824e+01	2.186016e+00	1.622973e-04	181419603.000000	0.000000e+00
1.072023e+01	2.185256e+00	1.622100e-04	181488541.000000	0.000000e+00
1.072223e+01	2.184677e+00	1.621362e-04	181557465.000000	0.000000e+00
1.072422e+01	2.184162e+00	1.620692e-04	181622257.000000	0.000000e+00
1.072622e+01	2.183707e+00	1.620042e-04	181692183.000000	0.000000e+00
1.072821e+01	2.182975e+00	1.619487e-04	181694749.000000	0.000000e+00
1.073021e+01	2.182486e+00	1.618398e-04	181858021.000000	0.000000e+00
1.073220e+01	2.181672e+00	1.617748e-04	181868439.000000	0.000000e+00
1.073419e+01	2.181143e+00	1.616657e-04	182025601.000000	0.000000e+00
1.073619e+01	2.180611e+00	1.616313e-04	182014353.000000	0.000000e+00
1.073818e+01	2.180150e+00	1.615788e-04	182055469.000000	0.000000e+00
1.074018e+01	2.179510e+00	1.614866e-04	182156383.000000	0.000000e+00
1.074217e+01	2.178943e+00	1.613934e-04	182272041.000000	0.000000e+00
1.074417e+01	2.178283e+00	1.613387e-04	182285197.000000	0.000000e+00
1.074616e+01	2.177585e+00	1.612521e-04	182364051.000000	0.000000e+00
1.074816e+01	2.176909e+00	1.611634e-04	182451589.000000	0.000000e+00
1.075015e+01	2.176400e+00	1.611074e-04	182493165.000000	0.000000e+00
1.075215e+01	2.175652e+00	1.610191e-04	182567671.000000	0.000000e+00
1.075414e+01	2.175632e+00	1.609802e-04	182652757.000000	0.000000e+00
1.075614e+01	2.175212e+00	1.609422e-04	182668401.000000	0.000000e+00
1.075813e+01	2.174095e+00	1.607882e-04	182830561.000000	0.000000e+00
1.076013e+01	2.173752e+00	1.607721e-04	182809407.000000	0.000000e+00
1.076212e+01	2.173547e+00	1.607143e-04	182906377.000000	0.000000e+00
1.076411e+01	2.172801e+00	1.606368e-04	182957277.000000	0.000000e+00
1.076611e+01	2.171871e+00	1.605247e-04	183056071.000000	0.000000e+00
1.076810e+01	2.171325e+00	1.604570e-04	183118441.000000	0.000000e+00
1.077010e+01	2.170910e+00	1.604097e-04	183156549.000000	0.000000e+00
1.077209e+01	2.170214e+00	1.603161e-04	183252877.000000	0.000000e+00
1.077409e+01	2.169717e+00	1.602550e-04	183308643.000000	0.000000e+00
1.077608e+01	2.169064e+00	1.601734e-04	183385009.000000	0.000000e+00
1.077808e+01	2.168517e+00	1.600954e-04	183471177.000000	0.000000e+00
1.078007e+01	2.168085e+00	1.600376e-04	183530515.000000	0.000000e+00
1.078207e+01	2.167513e+00	1.599836e-04	183557557.000000	0.000000e+00
1.078406e+01	2.166752e+00	1.598834e-04	183658785.000000	0.000000e+00
1.078606e+01	2.166177e+00	1.598113e-04	183726925.000000	0.000000e+00
1.078805e+01	2.165775e+00	1.597441e-04	183813339.000000	0.000000e+00
1.079005e+01	2.165118e+00	1.596719e-04	183867973.000000	0.000000e+00
1.079204e+01	2.164734e+00	1.596436e-04	183867985.000000	0.000000e+00
1.079403e+01	2.164171e+00	1.595311e-04	184031487.000000	0.000000e+00
1.079603e+01	2.163523e+00	1.594737e-04	184053853.000000	0.000000e+00
1.079802e+01	2.162537e+00	1.593537e-04	184163145.000000	0.000000e+00
1.080002e+01	2.162409e+00	1.593510e-04	184147639.000000	0.000000e+00
1.080201e+01	2.161769e+00	1.592310e-04	184316013.000000	0.000000e+00
1.080401e+01	2.161393e+00	1.592021e-04	184319029.000000	0.000000e+00
1.080600e+01	2.160522e+00	1.590988e-04	184409485.000000	0.000000e+00
1.080800e+01	2.160371e+00	1.590680e-04	184455171.000000	0.000000e+00
1.080999e+01	2.159454e+00	1.589614e-04	184545973.000000	0.000000e+00
1.081199e+01	2.158845e+00	1.588899e-04	184607865.000000	0.000000e+00
1.081398e+01	2.158510e+00	1.588431e-04	184659247.000000	0.000000e+00
1.081598e+01	2.158119e+00	1.587722e-04	184757373.000000	0.000000e+00
1.081797e+01	2.157587e+00	1.587131e-04	184803937.000000	0.000000e+00
1.081996e+01	2.156580e+00	1.586258e-04	184834705.000000	0.000000e+00
1.082196e+01	2.156525e+00	1.585547e-04	184991115.000000	0.000000e+00
1.082395e+01	2.155710e+00	1.584772e-04	185032177.000000	0.000000e+00
1.082595e+01	2.155275e+00	1.584286e-04	185070897.000000	0.000000e+00
1.082794e+01	2.154367e+00	1.583326e-04	185139367.000000	0.000000e+00
1.082994e+01	2.153754e+00	1.582324e-04	185268225.000000	0.000000e+00
1.083193e+01	2.153609e+00	1.582357e-04	185235769.000000	0.000000e+00
1.083393e+01	2.152679e+00	1.581086e-04	185373403.000000	0.000000e+00
1.083592e+01	2.152235e+00	1.580528e-04	185427789.000000	0.000000e+00
1.083792e+01	2.151783e+00	1.579946e-04	185486641.000000	0.000000e+00
1.083991e+01	2.151571e+00	1.579573e-04	185537601.000000	0.000000e+00
1.084191e+01	2.150624e+00	1.578357e-04	185660143.000000	0.000000e+00
1.084390e+01	2.150492e+00	1.578106e-04	185696485.000000	0.000000e+00
1.084590e+01	2.149420e+00	1.576980e-04	185776137.000000	0.000000e+00
1.084789e+01	2.149175e+00	1.576479e-04	185852119.000000	0.000000e+00
1.084988e+01	2.148539e+00	1.575781e-04	185906589.000000	0.000000e+00
1.085188e+01	2.147825e+00	1.574967e-04	185975125.000000	0.000000e+00
1.085387e+01	2.147309e+00	1.574467e-04	186003813.000000	0.000000e+00
1.085587e+01	2.146918e+00	1.573580e-04	186145795.000000	0.000000e+00
1.085786e+01	2.146412e+00	1.573106e-04	186170293.000000	0.000000e+00
1.085986e+01	2.145859e+00	1.572340e-04	186255585.000000	0.000000e+00
1.086185e+01	2.145147e+00	1.571601e-04	186307255.000000	0.000000e+00
1.086385e+01	2.145005e+00	1.571209e-04	186375537.000000	0.000000e+00
1.086584e+01	2.144037e+00	1.570086e-04	186473629.000000	0.000000e+00
1.086784e+01	2.143880e+00	1.569913e-04	186487491.000000	0.000000e+00
1.086983e+01	2.142831e+00	1.568765e-04	186577885.000000	0.000000e+00
1.087183e+01	2.142785e+00	1.568488e-04	186635641.000000	0.000000e+00
1.087382e+01	2.142207e+00	1.567560e-04	186755865.000000	0.000000e+00
1.087581e+01	2.141447e+00	1.566810e-04	186802183.000000	0.000000e+00
1.087781e+01	2.141002e+00	1.566348e-04	186834765.000000	0.000000e+00
1.087980e+01	2.140518e+00	1.565508e-04	186950641.000000	0.000000e+00
1.088180e+01	2.140231e+00	1.565037e-04	187013011.000000	0.000000e+00
1.088379e+01	2.139343e+00	1.564278e-04	187039365.000000	0.000000e+00
1.088579e+01	2.138514e+00	1.563348e-04	187116877.000000	0.000000e+00
1.088778e+01	2.138307e+00	1.562674e-04	187242069.000000	0.000000e+00
1.088978e+01	2.137667e+00	1.561981e-04	187296019.000000	0.000000e+00
1.089177e+01	2.136940e+00	1.561519e-04	187279329.000000	0.000000e+00
1.089377e+01	2.136904e+00	1.560789e-04	187448341.000000	0.000000e+00
1.089576e+01	2.136382e+00	1.560251e-04	187486003.000000	0.000000e+00
1.089776e+01	2.135475e+00	1.559439e-04	187521993.000000	0.000000e+00
1.089975e+01	2.135341e+00	1.558924e-04	187622317.000000	0.000000e+00
1.090175e+01	2.134468e+00	1.557972e-04	187698153.000000	0.000000e+00
1.090374e+01	2.134093e+00	1.557304e-04	187793239.000000	0.000000e+00
1.090573e+01	2.133264e+00	1.556663e-04	187801977.000000	0.000000e+00
1.090773e+01	2.132889e+00	1.556224e-04	187841665.000000	0.000000e+00
1.090972e+01	2.132345e+00	1.555088e-04	188020591.000000	0.000000e+00
1.091172e+01	2.132074e+00	1.555023e-04	187988253.000000	0.000000e+00
1.091371e+01	2.131319e+00	1.553818e-04	188146741.000000	0.000000e+00
1.091571e+01	2.130757e+00	1.553536e-04	188115663.000000	0.000000e+00
1.091770e+01	2.130383e+00	1.552703e-04	188251453.000000	0.000000e+00
1.091970e+01	2.129796e+00	1.552180e-04	188274609.000000	0.000000e+00
1.092169e+01	2.129093e+00	1.551255e-04	188374921.000000	0.000000e+00
1.092369e+01	2.128755e+00	1.550596e-04	188475199.000000	0.000000e+00
1.092568e+01	2.128149e+00	1.550108e-04	188486577.000000	0.000000e+00
1.092768e+01	2.127769e+00	1.549215e-04	188636377.000000	0.000000e+00
1.092967e+01	2.127018e+00	1.548766e-04	188612667.000000	0.000000e+00
1.093166e+01	2.126755e+00	1.548288e-04	188682325.000000	0.000000e+00
1.093366e+01	2.125952e+00	1.547266e-04	188789233.000000	0.000000e+00
1.093565e+01	2.125762e+00	1.546909e-04	188842641.000000	0.000000e+00
1.093765e+01	2.124962e+00	1.545869e-04	188954227.000000	0.000000e+00
1.093964e+01	2.124338e+00	1.545266e-04	188990733.000000	0.000000e+00
1.094164e+01	2.123993e+00	1.544650e-04	189080197.000000	0.000000e+00
1.094363e+01	2.123467e+00	1.544124e-04	189115335.000000	0.000000e+00
1.094563e+01	2.123049e+00	1.543367e-04	189226321.000000	0.000000e+00
1.094762e+01	2.122813e+00	1.543087e-04	189252889.000000	0.000000e+00
1.094962e+01	2.121998e+00	1.542235e-04	189316743.000000	0.000000e+00
1.095161e+01	2.121306e+00	1.541362e-04	189407725.000000	0.000000e+00
1.095361e+01	2.120781e+00	1.540574e-04	189507585.000000	0.000000e+00
1.095560e+01	2.120279e+00	1.540211e-04	189507073.000000	0.000000e+00
1.095760e+01	2.119674e+00	1.539263e-04	189632463.000000	0.000000e+00
1.095959e+01	2.119372e+00	1.538913e-04	189664609.000000	0.000000e+00
1.096158e+01	2.119078e+00	1.538344e-04	189752401.000000	0.000000e+00
1.096358e+01	2.118415e+00	1.537501e-04	189841503.000000	0.000000e+00
1.096557e+01	2.118015e+00	1.537051e-04	189881077.000000	0.000000e+00
1.096757e+01	2.117392e+00	1.536302e-04	189954465.000000	0.000000e+00
1.096956e+01	2.117008e+00	1.535818e-04	190005349.000000	0.000000e+00
1.097156e+01	2.116356e+00	1.534861e-04	190125003.000000	0.000000e+00
1.097355e+01	2.115932e+00	1.534495e-04	190139605.000000	0.000000e+00
1.097555e+01	2.115261e+00	1.533587e-04	190244161.000000	0.000000e+00
1.097754e+01	2.114607e+00	1.532857e-04	190307559.000000	0.000000e+00
1.097954e+01	2.114433e+00	1.532397e-04	190390441.000000	0.000000e+00
1.098153e+01	2.113775e+00	1.531843e-04	190409505.000000	0.000000e+00
1.098353e+01	2.113322e+00	1.531074e-04	190519273.000000	0.000000e+00
1.098552e+01	2.112671e+00	1.530336e-04	190585747.000000	0.000000e+00
1.098751e+01	2.112404e+00	1.529871e-04	190653129.000000	0.000000e+00
1.098951e+01	2.111867e+00	1.529121e-04	190743445.000000	0.000000e+00
1.099150e+01	2.111314e+00	1.528534e-04	190790055.000000	0.000000e+00
1.099350e+01	2.110737e+00	1.528007e-04	190817089.000000	0.000000e+00
1.099549e+01	2.110421e+00	1.527239e-04	190952073.000000	0.000000e+00
1.099749e+01	2.109572e+00	1.526339e-04	191023327.000000	0.000000e+00
1.099948e+01	2.109142e+00	1.526008e-04	191028397.000000	0.000000e+00
1.100148e+01	2.108730e+00	1.525292e-04	191133177.000000	0.000000e+00
1.100347e+01	2.108636e+00	1.524934e-04	191205781.000000	0.000000e+00
1.100547e+01	2.107791e+00	1.523886e-04	191315643.000000	0.000000e+00
1.100746e+01	2.107440e+00	1.523728e-04	191291389.000000	0.000000e+00
1.100946e+01	2.106689e+00	1.522655e-04	191424549.000000	0.000000e+00
1.101145e+01	2.106306e+00	1.522070e-04	191502139.000000	0.000000e+00
1.101345e+01	2.105872e+00	1.521653e-04	191528185.000000	0.000000e+00
1.101544e+01	2.105296e+00	1.520775e-04	191644521.000000	0.000000e+00
1.101743e+01	2.104819e+00	1.520360e-04	191662261.000000	0.000000e+00
1.101943e+01	2.104333e+00	1.519571e-04	191772855.000000	0.000000e+00
1.102142e+01	2.103865e+00	1.518972e-04	191838577.000000	0.000000e+00
1.102342e+01	2.103304e+00	1.518484e-04	191859717.000000	0.000000e+00
1.102541e+01	2.103014e+00	1.517734e-04	191996275.000000	0.000000e+00
1.102741e+01	2.102399e+00	1.517105e-04	192043153.000000	0.000000e+00
1.102940e+01	2.101750e+00	1.516330e-04	192120825.000000	0.000000e+00
1.103140e+01	2.101219e+00	1.515949e-04	192120331.000000	0.000000e+00
1.103339e+01	2.100606e+00	1.514823e-04	192293877.000000	0.000000e+00
1.103539e+01	2.100186e+00	1.514565e-04	192282433.000000	0.000000e+00
1.103738e+01	2.100070e+00	1.514083e-04	192383641.000000	0.000000e+00
1.103938e+01	2.099524e+00	1.513344e-04	192471603.000000	0.000000e+00
1.104137e+01	2.099089e+00	1.513013e-04	192475933.000000	0.000000e+00
1.104336e+01	2.098486e+00	1.511938e-04	192639009.000000	0.000000e+00
1.104536e+01	2.097914e+00	1.511385e-04	192674911.000000	0.000000e+00
1.104735e+01	2.097583e+00	1.510973e-04	192719073.000000	0.000000e+00
1.104935e+01	2.096915e+00	1.510046e-04	192832945.000000	0.000000e+00
1.105134e+01	2.096460e+00	1.509634e-04	192854497.000000	0.000000e+00
1.105334e+01	2.095983e+00	1.509046e-04	192917067.000000	0.000000e+00
1.105533e+01	2.095672e+00	1.508366e-04	193033801.000000	0.000000e+00
1.105733e+01	2.095061e+00	1.507803e-04	193065213.000000	0.000000e+00
1.105932e+01	2.094481e+00	1.506933e-04	193181287.000000	0.000000e+00
1.106132e+01	2.094024e+00	1.506576e-04	193188453.000000	0.000000e+00
1.106331e+01	2.093601e+00	1.505800e-04	193309357.000000	0.000000e+00
1.106531e+01	2.093190e+00	1.505288e-04	193365079.000000	0.000000e+00
1.106730e+01	2.092642e+00	1.504743e-04	193403937.000000	0.000000e+00
1.106930e+01	2.091818e+00	1.503938e-04	193458721.000000	0.000000e+00
1.107129e+01	2.091713e+00	1.503146e-04	193643061.000000	0.000000e+00
1.107329e+01	2.091345e+00	1.502913e-04	193634935.000000	0.000000e+00
1.107528e+01	2.090546e+00	1.502082e-04	193701085.000000	0.000000e+00
1.107727e+01	2.090310e+00	1.501806e-04	193728477.000000	0.000000e+00
1.107927e+01	2.089834e+00	1.500811e-04	193897231.000000	0.000000e+00
1.108126e+01	2.089500e+00	1.500523e-04	193909581.000000	0.000000e+00
1.108326e+01	2.088610e+00	1.499636e-04	193973725.000000	0.000000e+00
1.108525e+01	2.088216e+00	1.499161e-04	194023389.000000	0.000000e+00
1.108725e+01	2.087981e+00	1.498509e-04	194148727.000000	0.000000e+00
1.108924e+01	2.087423e+00	1.497800e-04	194228605.000000	0.000000e+00
1.109124e+01	2.086769e+00	1.497183e-04	194266881.000000	0.000000e+00
1.109323e+01	2.086287e+00	1.496714e-04	194298991.000000	0.000000e+00
1.109523e+01	2.086076e+00	1.496087e-04	194422677.000000	0.000000e+00
1.109722e+01	2.085493e+00	1.495362e-04	194502241.000000	0.000000e+00
1.109922e+01	2.085136e+00	1.495086e-04	194507421.000000	0.000000e+00
1.110121e+01	2.084566e+00	1.494185e-04	194635567.000000	0.000000e+00
1.110320e+01	2.084180e+00	1.493687e-04	194693425.000000	0.000000e+00
1.110520e+01	2.083517e+00	1.493077e-04	194728641.000000	0.000000e+00
1.110719e+01	2.083034e+00	1.492294e-04	194842603.000000	0.000000e+00
1.110919e+01	2.082696e+00	1.491909e-04	194879901.000000	0.000000e+00
1.111118e+01	2.082150e+00	1.491083e-04	194993677.000000	0.000000e+00
1.111318e+01	2.081820e+00	1.490741e-04	195021339.000000	0.000000e+00
1.111517e+01	2.081161e+00	1.489783e-04	195148705.000000	0.000000e+00
1.111717e+01	2.080859e+00	1.489712e-04	195110593.000000	0.000000e+00
1.111916e+01	2.080394e+00	1.488756e-04	195273921.000000	0.000000e+00
1.112116e+01	2.079805e+00	1.488229e-04	195301651.000000	0.000000e+00
1.112315e+01	2.079409e+00	1.487652e-04	195378705.000000	0.000000e+00
1.112515e+01	2.079098e+00	1.487065e-04	195474349.000000	0.000000e+00
1.112714e+01	2.078778e+00	1.486719e-04	195505363.000000	0.000000e+00
1.112913e+01	2.078188e+00	1.485888e-04	195612897.000000	0.000000e+00
1.113113e+01	2.077729e+00	1.485361e-04	195665293.000000	0.000000e+00
1.113312e+01	2.077093e+00	1.484527e-04	195765177.000000	0.000000e+00
1.113512e+01	2.076676e+00	1.484065e-04	195808423.000000	0.000000e+00
1.113711e+01	2.076193e+00	1.483576e-04	195846393.000000	0.000000e+00
1.113911e+01	2.075902e+00	1.483000e-04	195943837.000000	0.000000e+00
1.114110e+01	2.075538e+00	1.482251e-04	196072999.000000	0.000000e+00
1.114310e+01	2.075051e+00	1.482045e-04	196035393.000000	0.000000e+00
1.114509e+01	2.074299e+00	1.480923e-04	196190305.000000	0.000000e+00
1.114709e+01	2.074027e+00	1.480661e-04	196208499.000000	0.000000e+00
1.114908e+01	2.073747e+00	1.480190e-04	196280269.000000	0.000000e+00
1.115108e+01	2.073002e+00	1.479342e-04	196364337.000000	0.000000e+00
1.115307e+01	2.072405e+00	1.478514e-04	196470949.000000	0.000000e+00
1.115507e+01	2.072355e+00	1.478449e-04	196478839.000000	0.000000e+00
1.115706e+01	2.071997e+00	1.477962e-04	196540401.000000	0.000000e+00
1.115905e+01	2.071273e+00	1.476731e-04	196730509.000000	0.000000e+00
1.116105e+01	2.070785e+00	1.476490e-04	196702095.000000	0.000000e+00
1.116304e+01	2.070383e+00	1.475819e-04	196804465.000000	0.000000e+00
1.116504e+01	2.070092e+00	1.475489e-04	196837257.000000	0.000000e+00
1.116703e+01	2.069324e+00	1.474508e-04	196953001.000000	0.000000e+00
1.116903e+01	2.069065e+00	1.474203e-04	196985347.000000	0.000000e+00
1.117102e+01	2.068448e+00	1.473437e-04	197072565.000000	0.000000e+00
1.117302e+01	2.068240e+00	1.473146e-04	197110921.000000	0.000000e+00
1.117501e+01	2.067777e+00	1.472321e-04	197243283.000000	0.000000e+00
1.117701e+01	2.067387e+00	1.471865e-04	197291017.000000	0.000000e+00
1.117900e+01	2.066849e+00	1.471280e-04	197345185.000000	0.000000e+00
1.118100e+01	2.066401e+00	1.470811e-04	197385477.000000	0.000000e+00
1.118299e+01	2.065910e+00	1.469981e-04	197514619.000000	0.000000e+00
1.118499e+01	2.065553e+00	1.469501e-04	197575449.000000	0.000000e+00
1.118698e+01	2.065270e+00	1.469208e-04	197600005.000000	0.000000e+00
1.118897e+01	2.064755e+00	1.468354e-04	197731179.000000	0.000000e+00
1.119097e+01	2.064396e+00	1.467887e-04	197788369.000000	0.000000e+00
1.119296e+01	2.064113e+00	1.467512e-04	197835217.000000	0.000000e+00
1.119496e+01	2.063474e+00	1.466730e-04	197923515.000000	0.000000e+00
1.119695e+01	2.062821e+00	1.465885e-04	198026533.000000	0.000000e+00
1.119895e+01	2.062317e+00	1.465539e-04	198023145.000000	0.000000e+00
1.120094e+01	2.061869e+00	1.464822e-04	198131089.000000	0.000000e+00
1.120294e+01	2.061768e+00	1.464554e-04	198183975.000000	0.000000e+00
1.120493e+01	2.061369e+00	1.463926e-04	198277453.000000	0.000000e+00
1.120693e+01	2.060740e+00	1.463214e-04	198349321.000000	0.000000e+00
1.120892e+01	2.060424e+00	1.462839e-04	198390159.000000	0.000000e+00
1.121092e+01	2.059896e+00	1.462055e-04	198501169.000000	0.000000e+00
1.121291e+01	2.059645e+00	1.461746e-04	198536841.000000	0.000000e+00
1.121490e+01	2.058906e+00	1.460911e-04	198621277.000000	0.000000e+00
1.121690e+01	2.058793e+00	1.460589e-04	198686883.000000	0.000000e+00
1.121889e+01	2.058002e+00	1.459736e-04	198766273.000000	0.000000e+00
1.122089e+01	2.057796e+00	1.459284e-04	198849673.000000	0.000000e+00
1.122288e+01	2.057552e+00	1.458962e-04	198890379.000000	0.000000e+00
1.122488e+01	2.056752e+00	1.458057e-04	198982429.000000	0.000000e+00
1.122687e+01	2.056435e+00	1.457606e-04	199044345.000000	0.000000e+00
1.122887e+01	2.056014e+00	1.456943e-04	199143823.000000	0.000000e+00
1.123086e+01	2.055602e+00	1.456637e-04	199147837.000000	0.000000e+00
1.123286e+01	2.055376e+00	1.455970e-04	199286577.000000	0.000000e+00
1.123485e+01	2.054753e+00	1.455430e-04	199313509.000000	0.000000e+00
1.123685e+01	2.054535e+00	1.454815e-04	199439715.000000	0.000000e+00
1.123884e+01	2.053702e+00	1.454291e-04	199421497.000000	0.000000e+00
1.124084e+01	2.053366e+00	1.453345e-04	199615893.000000	0.000000e+00
1.124283e+01	2.053135e+00	1.453455e-04	199540795.000000	0.000000e+00
1.124482e+01	2.052557e+00	1.452529e-04	199682965.000000	0.000000e+00
1.124682e+01	2.052015e+00	1.451813e-04	199774377.000000	0.000000e+00
1.124881e+01	2.051833e+00	1.451375e-04	199859497.000000	0.000000e+00
1.125081e+01	2.051284e+00	1.450817e-04	199906431.000000	0.000000e+00
1.125280e+01	2.051081e+00	1.450666e-04	199908241.000000	0.000000e+00
1.125480e+01	2.050512e+00	1.449643e-04	200079441.000000	0.000000e+00
1.125679e+01	2.050237e+00	1.449435e-04	200083267.000000	0.000000e+00
1.125879e+01	2.049843e+00	1.448609e-04	200234341.000000	0.000000e+00
1.126078e+01	2.049403e+00	1.448451e-04	200192169.000000	0.000000e+00
1.126278e+01	2.048934e+00	1.447806e-04	200279029.000000	0.000000e+00
1.126477e+01	2.048575e+00	1.446889e-04	200462595.000000	0.000000e+00
1.126677e+01	2.048119e+00	1.446517e-04	200476429.000000	0.000000e+00
1.126876e+01	2.047759e+00	1.446125e-04	200514685.000000	0.000000e+00
1.127076e+01	2.047381e+00	1.445484e-04	200618199.000000	0.000000e+00
1.127275e+01	2.046806e+00	1.445009e-04	200637697.000000	0.000000e+00
1.127474e+01	2.046509e+00	1.444345e-04	200763813.000000	0.000000e+00
1.127674e+01	2.046008e+00	1.443905e-04	200788039.000000	0.000000e+00
1.127873e+01	2.045693e+00	1.443187e-04	200925945.000000	0.000000e+00
1.128073e+01	2.045213e+00	1.442650e-04	200981113.000000	0.000000e+00
1.128272e+01	2.044562e+00	1.442158e-04	200990125.000000	0.000000e+00
1.128472e+01	2.044559e+00	1.441782e-04	201094443.000000	0.000000e+00
1.128671e+01	2.043924e+00	1.440946e-04	201202945.000000	0.000000e+00
1.128871e+01	2.043678e+00	1.440666e-04	201232749.000000	0.000000e+00
1.129070e+01	2.043127e+00	1.439823e-04	201359815.000000	0.000000e+00
1.129270e+01	2.042463e+00	1.439376e-04	201353853.000000	0.000000e+00
1.129469e+01	2.042314e+00	1.438867e-04	201466813.000000	0.000000e+00
1.129669e+01	2.042224e+00	1.438661e-04	201506905.000000	0.000000e+00
1.129868e+01	2.041568e+00	1.437719e-04	201641319.000000	0.000000e+00
1.130067e+01	2.040972e+00	1.437258e-04	201652945.000000	0.000000e+00
1.130267e+01	2.040909e+00	1.436825e-04	201762177.000000	0.000000e+00
1.130466e+01	2.040157e+00	1.436123e-04	201810787.000000	0.000000e+00
1.130666e+01	2.039961e+00	1.435869e-04	201843057.000000	0.000000e+00
1.130865e+01	2.039582e+00	1.434989e-04	202015789.000000	0.000000e+00
1.131065e+01	2.039144e+00	1.434741e-04	201998683.000000	0.000000e+00
1.131264e+01	2.038781e+00	1.434218e-04	202074213.000000	0.000000e+00
1.131464e+01	2.038392e+00	1.433449e-04	202213909.000000	0.000000e+00
1.131663e+01	2.038154e+00	1.433189e-04	202240029.000000	0.000000e+00
1.131863e+01	2.037348e+00	1.432346e-04	202318087.000000	0.000000e+00
1.132062e+01	2.037145e+00	1.432094e-04	202348837.000000	0.000000e+00
1.132262e+01	2.036924e+00	1.431458e-04	202484745.000000	0.000000e+00
1.132461e+01	2.036346e+00	1.430986e-04	202503319.000000	0.000000e+00
1.132661e+01	2.036202e+00	1.430530e-04	202603965.000000	0.000000e+00
1.132860e+01	2.035693e+00	1.429912e-04	202677553.000000	0.000000e+00
1.133059e+01	2.035413e+00	1.429668e-04	202691181.000000	0.000000e+00
1.133259e+01	2.034991e+00	1.428686e-04	202885639.000000	0.000000e+00
1.133458e+01	2.034315e+00	1.428190e-04	202891789.000000	0.000000e+00
1.133658e+01	2.034094e+00	1.427772e-04	202966365.000000	0.000000e+00
1.133857e+01	2.033345e+00	1.427131e-04	202999267.000000	0.000000e+00
1.134057e+01	2.033125e+00	1.426662e-04	203088861.000000	0.000000e+00
1.134256e+01	2.032990e+00	1.426219e-04	203188009.000000	0.000000e+00
1.134456e+01	2.032366e+00	1.425528e-04	203260227.000000	0.000000e+00
1.134655e+01	2.032150e+00	1.425344e-04	203269573.000000	0.000000e+00
1.134855e+01	2.031726e+00	1.424582e-04	203402173.000000	0.000000e+00
1.135054e+01	2.030990e+00	1.423868e-04	203458533.000000	0.000000e+00
1.135254e+01	2.030870e+00	1.423500e-04	203539747.000000	0.000000e+00
1.135453e+01	2.030681e+00	1.423089e-04	203619417.000000	0.000000e+00
1.135653e+01	2.030169e+00	1.422683e-04	203632837.000000	0.000000e+00
1.135852e+01	2.029734e+00	1.421968e-04	203750499.000000	0.000000e+00
1.136051e+01	2.029212e+00	1.421395e-04	203809861.000000	0.000000e+00
1.136251e+01	2.029417e+00	1.421272e-04	203886409.000000	0.000000e+00
1.136450e+01	2.028368e+00	1.420455e-04	203909805.000000	0.000000e+00
1.136650e+01	2.028416e+00	1.419826e-04	204100351.000000	0.000000e+00
1.136849e+01	2.028097e+00	1.419750e-04	204057897.000000	0.000000e+00
1.137049e+01	2.027613e+00	1.418959e-04	204188245.000000	0.000000e+00
1.137248e+01	2.027014e+00	1.418562e-04	204181879.000000	0.000000e+00
1.137448e+01	2.026621e+00	1.417643e-04	204367173.000000	0.000000e+00
1.137647e+01	2.025966e+00	1.417087e-04	204395629.000000	0.000000e+00
1.137847e+01	2.026131e+00	1.417030e-04	204445353.000000	0.000000e+00
1.138046e+01	2.025640e+00	1.416366e-04	204537751.000000	0.000000e+00
1.138246e+01	2.025008e+00	1.415774e-04	204581121.000000	0.000000e+00
1.138445e+01	2.024864e+00	1.415150e-04	204732613.000000	0.000000e+00
1.138644e+01	2.024113e+00	1.414667e-04	204720175.000000	0.000000e+00
1.138844e+01	2.023922e+00	1.414135e-04	204835653.000000	0.000000e+00
1.139043e+01	2.023476e+00	1.413889e-04	204816589.000000	0.000000e+00
1.139243e+01	2.023400e+00	1.413191e-04	205003851.000000	0.000000e+00
1.139442e+01	2.023048e+00	1.412899e-04	205017097.000000	0.000000e+00
1.139642e+01	2.022762e+00	1.412292e-04	205135233.000000	0.000000e+00
1.139841e+01	2.022444e+00	1.412051e-04	205140817.000000	0.000000e+00
1.140041e+01	2.021767e+00	1.411073e-04	205287955.000000	0.000000e+00
1.140240e+01	2.021571e+00	1.410925e-04	205291101.000000	0.000000e+00
1.140440e+01	2.020992e+00	1.410235e-04	205374433.000000	0.000000e+00
1.140639e+01	2.021068e+00	1.409995e-04	205459767.000000	0.000000e+00
1.140839e+01	2.020180e+00	1.409148e-04	205526149.000000	0.000000e+00
1.141038e+01	2.019943e+00	1.408614e-04	205633545.000000	0.000000e+00
1.141237e+01	2.019898e+00	1.408413e-04	205683181.000000	0.000000e+00
1.141437e+01	2.019340e+00	1.407782e-04	205753999.000000	0.000000e+00
1.141636e+01	2.018663e+00	1.407008e-04	205842249.000000	0.000000e+00
1.141836e+01	2.018601e+00	1.406945e-04	205847941.000000	0.000000e+00
1.142035e+01	2.018022e+00	1.405986e-04	206010519.000000	0.000000e+00
1.142235e+01	2.017922e+00	1.405974e-04	205993885.000000	0.000000e+00
1.142434e+01	2.017517e+00	1.405148e-04	206153449.000000	0.000000e+00
1.142634e+01	2.017213e+00	1.404992e-04	206136879.000000	0.000000e+00
1.142833e+01	2.016565e+00	1.403949e-04	206310757.000000	0.000000e+00
1.143033e+01	2.016592e+00	1.404030e-04	206292621.000000	0.000000e+00
1.143232e+01	2.016144e+00	1.403340e-04	206403529.000000	0.000000e+00
1.143432e+01	2.015516e+00	1.402632e-04	206483343.000000	0.000000e+00
1.143631e+01	2.015482e+00	1.402372e-04	206552905.000000	0.000000e+00
1.143831e+01	2.014712e+00	1.401664e-04	206603593.000000	0.000000e+00
1.144030e+01	2.014525e+00	1.401317e-04	206667795.000000	0.000000e+00
1.144229e+01	2.014308e+00	1.400754e-04	206789125.000000	0.000000e+00
1.144429e+01	2.013836e+00	1.400498e-04	206767917.000000	0.000000e+00
1.144628e+01	2.013588e+00	1.399576e-04	206989489.000000	0.000000e+00
1.144828e+01	2.013150e+00	1.399356e-04	206964555.000000	0.000000e+00
1.145027e+01	2.012727e+00	1.398873e-04	207020329.000000	0.000000e+00
1.145227e+01	2.012566e+00	1.398370e-04	207136357.000000	0.000000e+00
1.145426e+01	2.011851e+00	1.397769e-04	207166947.000000	0.000000e+00
1.145626e+01	2.011882e+00	1.397612e-04	207220057.000000	0.000000e+00
1.145825e+01	2.011479e+00	1.396622e-04	207430809.000000	0.000000e+00
1.146025e+01	2.011030e+00	1.396660e-04	207327109.000000	0.000000e+00
1.146224e+01	2.010699e+00	1.395697e-04	207544747.000000	0.000000e+00
1.146424e+01	2.010392e+00	1.395380e-04	207575745.000000	0.000000e+00
1.146623e+01	2.010240e+00	1.395326e-04	207560245.000000	0.000000e+00
1.146823e+01	2.010010e+00	1.394636e-04	207718083.000000	0.000000e+00
1.147022e+01	2.009079e+00	1.393764e-04	207785545.000000	0.000000e+00
1.147221e+01	2.008819e+00	1.393389e-04	207843573.000000	0.000000e+00
1.147421e+01	2.008535e+00	1.392991e-04	207903691.000000	0.000000e+00
1.147620e+01	2.007975e+00	1.392351e-04	207978817.000000	0.000000e+00
1.147820e+01	2.007684e+00	1.391908e-04	208050789.000000	0.000000e+00
1.148019e+01	2.007596e+00	1.391564e-04	208135717.000000	0.000000e+00
1.148219e+01	2.007194e+00	1.391094e-04	208192851.000000	0.000000e+00
1.148418e+01	2.006971e+00	1.390712e-04	208261021.000000	0.000000e+00
1.148618e+01	2.006567e+00	1.390023e-04	208383633.000000	0.000000e+00
1.148817e+01	2.006095e+00	1.389516e-04	208437619.000000	0.000000e+00
1.149017e+01	2.005738e+00	1.389095e-04	208489705.000000	0.000000e+00
1.149216e+01	2.005581e+00	1.388934e-04	208505433.000000	0.000000e+00
1.149416e+01	2.005430e+00	1.388412e-04	208630561.000000	0.000000e+00
1.149615e+01	2.004742e+00	1.387532e-04	208751943.000000	0.000000e+00
1.149814e+01	2.004613e+00	1.387318e-04	208789549.000000	0.000000e+00
1.150014e+01	2.004212e+00	1.386787e-04	208866225.000000	0.000000e+00
1.150213e+01	2.003836e+00	1.386417e-04	208899139.000000	0.000000e+00
1.150413e+01	2.003292e+00	1.385704e-04	209000773.000000	0.000000e+00
1.150612e+01	2.002951e+00	1.385264e-04	209062329.000000	0.000000e+00
1.150812e+01	2.002826e+00	1.384871e-04	209154655.000000	0.000000e+00
1.151011e+01	2.002571e+00	1.384420e-04	209237973.000000	0.000000e+00
1.151211e+01	2.002169e+00	1.383944e-04	209297761.000000	0.000000e+00
1.151410e+01	2.002039e+00	1.383806e-04	209312125.000000	0.000000e+00
1.151610e+01	2.001422e+00	1.382872e-04	209465859.000000	0.000000e+00
1.151809e+01	2.001359e+00	1.382743e-04	209491789.000000	0.000000e+00
1.152009e+01	2.001192e+00	1.382289e-04	209594625.000000	0.000000e+00
1.152208e+01	2.000713e+00	1.381749e-04	209657875.000000	0.000000e+00
1.152408e+01	2.000435e+00	1.381360e-04	209717745.000000	0.000000e+00
1.152607e+01	1.999910e+00	1.380656e-04	209821585.000000	0.000000e+00
1.152806e+01	1.999951e+00	1.380541e-04	209865109.000000	0.000000e+00
1.153006e+01	1.999178e+00	1.379745e-04	209944863.000000	0.000000e+00
1.153205e+01	1.998873e+00	1.379344e-04	210002977.000000	0.000000e+00
1.153405e+01	1.998669e+00	1.378961e-04	210076701.000000	0.000000e+00
1.153604e+01	1.998201e+00	1.378216e-04	210205267.000000	0.000000e+00
1.153804e+01	1.997977e+00	1.378112e-04	210189897.000000	0.000000e+00
1.154003e+01	1.997469e+00	1.377325e-04	210323221.000000	0.000000e+00
1.154203e+01	1.997433e+00	1.377187e-04	210357787.000000	0.000000e+00
1.154402e+01	1.997122e+00	1.376646e-04	210457641.000000	0.000000e+00
1.154602e+01	1.996709e+00	1.376091e-04	210540133.000000	0.000000e+00
1.154801e+01	1.996331e+00	1.375742e-04	210567489.000000	0.000000e+00
1.155001e+01	1.995927e+00	1.375086e-04	210683119.000000	0.000000e+00
1.155200e+01	1.995548e+00	1.374647e-04	210737457.000000	0.000000e+00
1.155400e+01	1.995460e+00	1.374250e-04	210840625.000000	0.000000e+00
1.155599e+01	1.995165e+00	1.373893e-04	210888007.000000	0.000000e+00
1.155798e+01	1.994545e+00	1.373295e-04	210940569.000000	0.000000e+00
1.155998e+01	1.994391e+00	1.372911e-04	211025773.000000	0.000000e+00
1.156197e+01	1.993984e+00	1.372376e-04	211104249.000000	0.000000e+00
1.156397e+01	1.993499e+00	1.371772e-04	211187383.000000	0.000000e+00
1.156596e+01	1.993618e+00	1.371700e-04	211234885.000000	0.000000e+00
1.156796e+01	1.993294e+00	1.371073e-04	211359549.000000	0.000000e+00
1.156995e+01	1.992935e+00	1.370728e-04	211389775.000000	0.000000e+00
1.157195e+01	1.992283e+00	1.370052e-04	211459821.000000	0.000000e+00
1.157394e+01	1.992250e+00	1.369760e-04	211542961.000000	0.000000e+00
1.157594e+01	1.991799e+00	1.369305e-04	211587609.000000	0.000000e+00
1.157793e+01	1.991520e+00	1.368587e-04	211750291.000000	0.000000e+00
1.157993e+01	1.991377e+00	1.368490e-04	211750249.000000	0.000000e+00
1.158192e+01	1.991019e+00	1.367915e-04	211852065.000000	0.000000e+00
1.158391e+01	1.990566e+00	1.367508e-04	211881667.000000	0.000000e+00
1.158591e+01	1.990252e+00	1.367017e-04	211966833.000000	0.000000e+00
1.158790e+01	1.989902e+00	1.366440e-04	212071477.000000	0.000000e+00
1.158990e+01	1.989859e+00	1.366158e-04	212149767.000000	0.000000e+00
1.159189e+01	1.989246e+00	1.365702e-04	212160925.000000	0.000000e+00
1.159389e+01	1.989022e+00	1.365142e-04	212287225.000000	0.000000e+00
1.159588e+01	1.989092e+00	1.365002e-04	212345397.000000	0.000000e+00
1.159788e+01	1.988574e+00	1.364366e-04	212432803.000000	0.000000e+00
1.159987e+01	1.988340e+00	1.364147e-04	212451033.000000	0.000000e+00
1.160187e+01	1.987602e+00	1.363177e-04	212595769.000000	0.000000e+00
1.160386e+01	1.987583e+00	1.363084e-04	212620539.000000	0.000000e+00
1.160586e+01	1.987266e+00	1.362389e-04	212769781.000000	0.000000e+00
1.160785e+01	1.987051e+00	1.362367e-04	212730565.000000	0.000000e+00
1.160985e+01	1.986689e+00	1.361652e-04	212876349.000000	0.000000e+00
1.161184e+01	1.986596e+00	1.361334e-04	212955895.000000	0.000000e+00
1.161383e+01	1.986151e+00	1.361025e-04	212957193.000000	0.000000e+00
1.161583e+01	1.985879e+00	1.360542e-04	213050137.000000	0.000000e+00
1.161782e+01	1.985681e+00	1.359918e-04	213202939.000000	0.000000e+00
1.161982e+01	1.985306e+00	1.359588e-04	213225933.000000	0.000000e+00
1.162181e+01	1.985126e+00	1.359136e-04	213328993.000000	0.000000e+00
1.162381e+01	1.984568e+00	1.358704e-04	213344919.000000	0.000000e+00
1.162580e+01	1.984539e+00	1.358407e-04	213431797.000000	0.000000e+00
1.162780e+01	1.984290e+00	1.357939e-04	213525513.000000	0.000000e+00
1.162979e+01	1.983718e+00	1.357301e-04	213602905.000000	0.000000e+00
1.163179e+01	1.983785e+00	1.357201e-04	213649027.000000	0.000000e+00
1.163378e+01	1.983344e+00	1.356750e-04	213696213.000000	0.000000e+00
1.163578e+01	1.983136e+00	1.356080e-04	213862453.000000	0.000000e+00
1.163777e+01	1.982790e+00	1.355722e-04	213900627.000000	0.000000e+00
1.163976e+01	1.982465e+00	1.355404e-04	213930901.000000	0.000000e+00
1.164176e+01	1.981912e+00	1.354690e-04	214037109.000000	0.000000e+00
1.164375e+01	1.981641e+00	1.354464e-04	214050049.000000	0.000000e+00
1.164575e+01	1.981438e+00	1.353630e-04	214269811.000000	0.000000e+00
1.164774e+01	1.981382e+00	1.353885e-04	214176969.000000	0.000000e+00
1.164974e+01	1.980935e+00	1.353010e-04	214357501.000000	0.000000e+00
1.165173e+01	1.980774e+00	1.352776e-04	214396539.000000	0.000000e+00
1.165373e+01	1.980408e+00	1.352327e-04	214460053.000000	0.000000e+00
1.165572e+01	1.980362e+00	1.352023e-04	214546345.000000	0.000000e+00
1.165772e+01	1.979901e+00	1.351676e-04	214556709.000000	0.000000e+00
1.165971e+01	1.979682e+00	1.350840e-04	214774639.000000	0.000000e+00
1.166171e+01	1.979290e+00	1.350659e-04	214747137.000000	0.000000e+00
1.166370e+01	1.979059e+00	1.350318e-04	214805617.000000	0.000000e+00
1.166570e+01	1.978610e+00	1.349646e-04	214921827.000000	0.000000e+00
1.166769e+01	1.978341e+00	1.349230e-04	214996009.000000	0.000000e+00
1.166968e+01	1.978261e+00	1.348999e-04	215052049.000000	0.000000e+00
1.167168e+01	1.977958e+00	1.348497e-04	215146383.000000	0.000000e+00
1.167367e+01	1.977896e+00	1.348238e-04	215215741.000000	0.000000e+00
1.167567e+01	1.977390e+00	1.347600e-04	215309085.000000	0.000000e+00
1.167766e+01	1.977168e+00	1.347586e-04	215265193.000000	0.000000e+00
1.167966e+01	1.977254e+00	1.347081e-04	215445447.000000	0.000000e+00
1.168165e+01	1.976777e+00	1.346467e-04	215538049.000000	0.000000e+00
1.168365e+01	1.976401e+00	1.346065e-04	215584693.000000	0.000000e+00
1.168564e+01	1.975946e+00	1.345661e-04	215615007.000000	0.000000e+00
1.168764e+01	1.975930e+00	1.345321e-04	215720557.000000	0.000000e+00
1.168963e+01	1.975528e+00	1.344813e-04	215795697.000000	0.000000e+00
1.169163e+01	1.975351e+00	1.344398e-04	215889949.000000	0.000000e+00
1.169362e+01	1.974929e+00	1.344110e-04	215890311.000000	0.000000e+00
1.169561e+01	1.974676e+00	1.343487e-04	216035365.000000	0.000000e+00
1.169761e+01	1.974370e+00	1.343017e-04	216119533.000000	0.000000e+00
1.169960e+01	1.974274e+00	1.342843e-04	216154635.000000	0.000000e+00
1.170160e+01	1.973755e+00	1.342408e-04	216180817.000000	0.000000e+00
1.170359e+01	1.973662e+00	1.341774e-04	216364881.000000	0.000000e+00
1.170559e+01	1.973157e+00	1.341494e-04	216344539.000000	0.000000e+00
1.170758e+01	1.973016e+00	1.340996e-04	216474337.000000	0.000000e+00
1.170958e+01	1.972895e+00	1.340717e-04	216537945.000000	0.000000e+00
1.171157e+01	1.972690e+00	1.340364e-04	216606973.000000	0.000000e+00
1.171357e+01	1.972479e+00	1.340012e-04	216674295.000000	0.000000e+00
1.171556e+01	1.972040e+00	1.339497e-04	216744325.000000	0.000000e+00
1.171756e+01	1.971759e+00	1.339008e-04	216840993.000000	0.000000e+00
1.171955e+01	1.971118e+00	1.338263e-04	216941359.000000	0.000000e+00
1.172155e+01	1.971305e+00	1.338391e-04	216940993.000000	0.000000e+00
1.172354e+01	1.970842e+00	1.337840e-04	217017789.000000	0.000000e+00
1.172553e+01	1.970714e+00	1.337357e-04	217146421.000000	0.000000e+00
1.172753e+01	1.970330e+00	1.336960e-04	217190823.000000	0.000000e+00
1.172952e+01	1.970392e+00	1.336715e-04	217284109.000000	0.000000e+00
1.173152e+01	1.970109e+00	1.336378e-04	217331253.000000	0.000000e+00
1.173351e+01	1.969696e+00	1.335765e-04	217439371.000000	0.000000e+00
1.173551e+01	1.969492e+00	1.335579e-04	217455193.000000	0.000000e+00
1.173750e+01	1.969142e+00	1.334890e-04	217602153.000000	0.000000e+00
1.173950e+01	1.968700e+00	1.334662e-04	217578589.000000	0.000000e+00
1.174149e+01	1.968755e+00	1.334077e-04	217781655.000000	0.000000e+00
1.174349e+01	1.968438e+00	1.334043e-04	217722529.000000	0.000000e+00
1.174548e+01	1.968074e+00	1.333284e-04	217889949.000000	0.000000e+00
1.174748e+01	1.968151e+00	1.333115e-04	217962403.000000	0.000000e+00
1.174947e+01	1.967640e+00	1.332721e-04	217978177.000000	0.000000e+00
1.175147e+01	1.967603e+00	1.332271e-04	218117253.000000	0.000000e+00
1.175346e+01	1.967206e+00	1.331999e-04	218118367.000000	0.000000e+00
1.175545e+01	1.967000e+00	1.331509e-04	218232933.000000	0.000000e+00
1.175745e+01	1.966826e+00	1.331157e-04	218309965.000000	0.000000e+00
1.175944e+01	1.966532e+00	1.330679e-04	218401513.000000	0.000000e+00
1.176144e+01	1.966287e+00	1.330496e-04	218407131.000000	0.000000e+00
1.176343e+01	1.966118e+00	1.329879e-04	218572081.000000	0.000000e+00
1.176543e+01	1.965972e+00	1.329732e-04	218587833.000000	0.000000e+00
1.176742e+01	1.965661e+00	1.329302e-04	218660323.000000	0.000000e+00
1.176942e+01	1.965423e+00	1.328766e-04	218783781.000000	0.000000e+00
1.177141e+01	1.964902e+00	1.328360e-04	218801665.000000	0.000000e+00
1.177341e+01	1.964729e+00	1.327946e-04	218899369.000000	0.000000e+00
1.177540e+01	1.964783e+00	1.327844e-04	218944863.000000	0.000000e+00
1.177740e+01	1.964095e+00	1.326987e-04	219074269.000000	0.000000e+00
1.177939e+01	1.964174e+00	1.326830e-04	219143769.000000	0.000000e+00
1.178138e+01	1.963739e+00	1.326496e-04	219157279.000000	0.000000e+00
1.178338e+01	1.963801e+00	1.326029e-04	219325317.000000	0.000000e+00
1.178537e+01	1.963381e+00	1.325783e-04	219312997.000000	0.000000e+00
1.178737e+01	1.963133e+00	1.325390e-04	219387535.000000	0.000000e+00
1.178936e+01	1.962969e+00	1.324869e-04	219523701.000000	0.000000e+00
1.179136e+01	1.962484e+00	1.324450e-04	219553765.000000	0.000000e+00
1.179335e+01	1.962666e+00	1.324364e-04	219623229.000000	0.000000e+00
1.179535e+01	1.962346e+00	1.323854e-04	219720859.000000	0.000000e+00
1.179734e+01	1.962064e+00	1.323394e-04	219810145.000000	0.000000e+00
1.179934e+01	1.961722e+00	1.323057e-04	219845697.000000	0.000000e+00
1.180133e+01	1.961543e+00	1.322610e-04	219953947.000000	0.000000e+00
1.180333e+01	1.961284e+00	1.322271e-04	220008777.000000	0.000000e+00
1.180532e+01	1.961082e+00	1.322003e-04	220052677.000000	0.000000e+00
1.180732e+01	1.960937e+00	1.321438e-04	220208301.000000	0.000000e+00
1.180931e+01	1.960535e+00	1.321008e-04	220261219.000000	0.000000e+00
1.181130e+01	1.960237e+00	1.320842e-04	220249825.000000	0.000000e+00
1.181330e+01	1.960270e+00	1.320369e-04	220414929.000000	0.000000e+00
1.181529e+01	1.959950e+00	1.319902e-04	220499059.000000	0.000000e+00
1.181729e+01	1.959725e+00	1.319714e-04	220511181.000000	0.000000e+00
1.181928e+01	1.959430e+00	1.319368e-04	220560613.000000	0.000000e+00
1.182128e+01	1.959076e+00	1.318839e-04	220657623.000000	0.000000e+00
1.182327e+01	1.959141e+00	1.318384e-04	220824613.000000	0.000000e+00
1.182527e+01	1.958933e+00	1.318258e-04	220819957.000000	0.000000e+00
1.182726e+01	1.958643e+00	1.317938e-04	220862061.000000	0.000000e+00
1.182926e+01	1.958382e+00	1.317358e-04	220997431.000000	0.000000e+00
1.183125e+01	1.958018e+00	1.316913e-04	221064765.000000	0.000000e+00
1.183325e+01	1.958095e+00	1.316739e-04	221140321.000000	0.000000e+00
1.183524e+01	1.957818e+00	1.316435e-04	221179923.000000	0.000000e+00
1.183723e+01	1.957538e+00	1.315867e-04	221307637.000000	0.000000e+00
1.183923e+01	1.957285e+00	1.315586e-04	221344825.000000	0.000000e+00
1.184122e+01	1.957251e+00	1.315258e-04	221447673.000000	0.000000e+00
1.184322e+01	1.956816e+00	1.314923e-04	221461915.000000	0.000000e+00
1.184521e+01	1.956441e+00	1.314323e-04	221579373.000000	0.000000e+00
1.184721e+01	1.956286e+00	1.313986e-04	221657809.000000	0.000000e+00
1.184920e+01	1.956515e+00	1.314019e-04	221698711.000000	0.000000e+00
1.185120e+01	1.956128e+00	1.313343e-04	221839053.000000	0.000000e+00
1.185319e+01	1.955833e+00	1.312967e-04	221899357.000000	0.000000e+00
1.185519e+01	1.955806e+00	1.312907e-04	221913345.000000	0.000000e+00
1.185718e+01	1.955337e+00	1.312191e-04	222049003.000000	0.000000e+00
1.185918e+01	1.955210e+00	1.311975e-04	222093405.000000	0.000000e+00
1.186117e+01	1.955023e+00	1.311641e-04	222163957.000000	0.000000e+00
1.186317e+01	1.954580e+00	1.311192e-04	222215443.000000	0.000000e+00
1.186516e+01	1.954372e+00	1.310693e-04	222337245.000000	0.000000e+00
1.186715e+01	1.954367e+00	1.310377e-04	222443365.000000	0.000000e+00
1.186915e+01	1.954040e+00	1.310078e-04	222470439.000000	0.000000e+00
1.187114e+01	1.954022e+00	1.309843e-04	222546145.000000	0.000000e+00
1.187314e+01	1.953845e+00	1.309624e-04	222580509.000000	0.000000e+00
1.187513e+01	1.953663e+00	1.309105e-04	222715321.000000	0.000000e+00
1.187713e+01	1.953123e+00	1.308545e-04	222783055.000000	0.000000e+00
1.187912e+01	1.953433e+00	1.308613e-04	222830397.000000	0.000000e+00
1.188112e+01	1.953203e+00	1.308155e-04	222933985.000000	0.000000e+00
1.188311e+01	1.953071e+00	1.307874e-04	222999807.000000	0.000000e+00
1.188511e+01	1.952434e+00	1.307301e-04	223049881.000000	0.000000e+00
1.188710e+01	1.952431e+00	1.307095e-04	223119465.000000	0.000000e+00
1.188910e+01	1.952204e+00	1.306608e-04	223233793.000000	0.000000e+00
1.189109e+01	1.952104e+00	1.306272e-04	223325587.000000	0.000000e+00
1.189308e+01	1.951917e+00	1.306070e-04	223351929.000000	0.000000e+00
1.189508e+01	1.951370e+00	1.305431e-04	223445389.000000	0.000000e+00
1.189707e+01	1.951311e+00	1.305192e-04	223513923.000000	0.000000e+00
1.189907e+01	1.951232e+00	1.304812e-04	223625749.000000	0.000000e+00
1.190106e+01	1.950907e+00	1.304523e-04	223650313.000000	0.000000e+00
1.190306e+01	1.950733e+00	1.304023e-04	223781895.000000	0.000000e+00
1.190505e+01	1.950543e+00	1.303880e-04	223787437.000000	0.000000e+00
1.190705e+01	1.950550e+00	1.303459e-04	223933545.000000	0.000000e+00
1.190904e+01	1.950279e+00	1.303224e-04	223952161.000000	0.000000e+00
1.191104e+01	1.949903e+00	1.302668e-04	224056971.000000	0.000000e+00
1.191303e+01	1.950044e+00	1.302619e-04	224106397.000000	0.000000e+00
1.191503e+01	1.949552e+00	1.301960e-04	224219953.000000	0.000000e+00
1.191702e+01	1.949569e+00	1.301764e-04	224291511.000000	0.000000e+00
1.191902e+01	1.949423e+00	1.301713e-04	224275297.000000	0.000000e+00
1.192101e+01	1.949013e+00	1.300977e-04	224434893.000000	0.000000e+00
1.192300e+01	1.949099e+00	1.300860e-04	224495017.000000	0.000000e+00
1.192500e+01	1.948666e+00	1.300346e-04	224572767.000000	0.000000e+00
1.192699e+01	1.948442e+00	1.300029e-04	224630521.000000	0.000000e+00
1.192899e+01	1.948440e+00	1.299675e-04	224752597.000000	0.000000e+00
1.193098e+01	1.948565e+00	1.299752e-04	224754771.000000	0.000000e+00
1.193298e+01	1.947944e+00	1.299043e-04	224856649.000000	0.000000e+00
1.193497e+01	1.948002e+00	1.298671e-04	224999049.000000	0.000000e+00
1.193697e+01	1.947461e+00	1.298314e-04	224997745.000000	0.000000e+00
1.193896e+01	1.947498e+00	1.297935e-04	225137871.000000	0.000000e+00
1.194096e+01	1.947479e+00	1.297891e-04	225148429.000000	0.000000e+00
1.194295e+01	1.947329e+00	1.297532e-04	225238609.000000	0.000000e+00
1.194495e+01	1.946992e+00	1.296993e-04	225347583.000000	0.000000e+00
1.194694e+01	1.946682e+00	1.296588e-04	225416605.000000	0.000000e+00
1.194894e+01	1.946560e+00	1.296430e-04	225443529.000000	0.000000e+00
1.195093e+01	1.946334e+00	1.295904e-04	225574183.000000	0.000000e+00
1.195292e+01	1.946176e+00	1.295776e-04	225581905.000000	0.000000e+00
1.195492e+01	1.946308e+00	1.295464e-04	225721161.000000	0.000000e+00
1.195691e+01	1.945994e+00	1.295069e-04	225786241.000000	0.000000e+00
1.195891e+01	1.945848e+00	1.294793e-04	225848427.000000	0.000000e+00
1.196090e+01	1.945581e+00	1.294339e-04	225945097.000000	0.000000e+00
1.196290e+01	1.945342e+00	1.293999e-04	226008261.000000	0.000000e+00
1.196489e+01	1.945321e+00	1.294018e-04	225996799.000000	0.000000e+00
1.196689e+01	1.945248e+00	1.293388e-04	226199881.000000	0.000000e+00
1.196888e+01	1.945008e+00	1.293237e-04	226196901.000000	0.000000e+00
1.197088e+01	1.944913e+00	1.292841e-04	226313305.000000	0.000000e+00
1.197287e+01	1.944617e+00	1.292408e-04	226396107.000000	0.000000e+00
1.197487e+01	1.944659e+00	1.292264e-04	226456153.000000	0.000000e+00
1.197686e+01	1.944353e+00	1.291875e-04	226521477.000000	0.000000e+00
1.197885e+01	1.944199e+00	1.291528e-04	226606999.000000	0.000000e+00
1.198085e+01	1.943852e+00	1.291272e-04	226616137.000000	0.000000e+00
1.198284e+01	1.943707e+00	1.290531e-04	226842405.000000	0.000000e+00
1.198484e+01	1.943830e+00	1.290645e-04	226831147.000000	0.000000e+00
1.198683e+01	1.943283e+00	1.290078e-04	226903041.000000	0.000000e+00
1.198883e+01	1.943271e+00	1.289956e-04	226943365.000000	0.000000e+00
1.199082e+01	1.943239e+00	1.289473e-04	227105581.000000	0.000000e+00
1.199282e+01	1.942967e+00	1.289289e-04	227106687.000000	0.000000e+00
1.199481e+01	1.942875e+00	1.288866e-04	227234329.000000	0.000000e+00
1.199681e+01	1.942647e+00	1.288579e-04	227282241.000000	0.000000e+00
1.199880e+01	1.942651e+00	1.288441e-04	227331859.000000	0.000000e+00
1.200080e+01	1.942596e+00	1.288061e-04	227453385.000000	0.000000e+00
1.200279e+01	1.942471e+00	1.287794e-04	227518093.000000	0.000000e+00
1.200479e+01	1.942082e+00	1.287352e-04	227583517.000000	0.000000e+00
1.200678e+01	1.941990e+00	1.287025e-04	227677623.000000	0.000000e+00
1.200877e+01	1.941888e+00	1.286839e-04	227719357.000000	0.000000e+00
1.201077e+01	1.941619e+00	1.286465e-04	227788617.000000	0.000000e+00
1.201276e+01	1.941606e+00	1.286129e-04	227904631.000000	0.000000e+00
1.201476e+01	1.941462e+00	1.286000e-04	227916669.000000	0.000000e+00
1.201675e+01	1.941314e+00	1.285428e-04	228084469.000000	0.000000e+00
1.201875e+01	1.940938e+00	1.285166e-04	228089119.000000	0.000000e+00
1.202074e+01	1.940893e+00	1.284753e-04	228225501.000000	0.000000e+00
1.202274e+01	1.940750e+00	1.284482e-04	228288121.000000	0.000000e+00
1.202473e+01	1.940547e+00	1.284316e-04	228299349.000000	0.000000e+00
1.202673e+01	1.940751e+00	1.284033e-04	228447883.000000	0.000000e+00
1.202872e+01	1.940344e+00	1.283661e-04	228484509.000000	0.000000e+00
1.203072e+01	1.940198e+00	1.283262e-04	228592105.000000	0.000000e+00
1.203271e+01	1.940102e+00	1.283041e-04	228648211.000000	0.000000e+00
1.203471e+01	1.940008e+00	1.282811e-04	228708069.000000	0.000000e+00
1.203670e+01	1.939806e+00	1.282372e-04	228817249.000000	0.000000e+00
1.203869e+01	1.939853e+00	1.282361e-04	228832101.000000	0.000000e+00
1.204069e+01	1.939655e+00	1.281781e-04	228992359.000000	0.000000e+00
1.204268e+01	1.939522e+00	1.281660e-04	229004161.000000	0.000000e+00
1.204468e+01	1.939523e+00	1.281371e-04	229107825.000000	0.000000e+00
1.204667e+01	1.939000e+00	1.280852e-04	229170091.000000	0.000000e+00
1.204867e+01	1.938944e+00	1.280582e-04	229253253.000000	0.000000e+00
1.205066e+01	1.938652e+00	1.280037e-04	229379401.000000	0.000000e+00
1.205266e+01	1.938390e+00	1.279915e-04	229361025.000000	0.000000e+00
1.205465e+01	1.938644e+00	1.279761e-04	229476571.000000	0.000000e+00
1.205665e+01	1.938288e+00	1.279478e-04	229493797.000000	0.000000e+00
1.205864e+01	1.938186e+00	1.278851e-04	229694973.000000	0.000000e+00
1.206064e+01	1.938109e+00	1.278677e-04	229738903.000000	0.000000e+00
1.206263e+01	1.937897e+00	1.278448e-04	229770933.000000	0.000000e+00
1.206462e+01	1.937990e+00	1.278289e-04	229850185.000000	0.000000e+00
1.206662e+01	1.937857e+00	1.278030e-04	229911951.000000	0.000000e+00
1.206861e+01	1.937702e+00	1.277632e-04	230018029.000000	0.000000e+00
1.207061e+01	1.937685e+00	1.277412e-04	230093461.000000	0.000000e+00
1.207260e+01	1.937478e+00	1.277147e-04	230139897.000000	0.000000e+00
1.207460e+01	1.937369e+00	1.276689e-04	230279179.000000	0.000000e+00
1.207659e+01	1.937299e+00	1.276631e-04	230283489.000000	0.000000e+00
1.207859e+01	1.936985e+00	1.276027e-04	230426689.000000	0.000000e+00
1.208058e+01	1.937217e+00	1.275993e-04	230494239.000000	0.000000e+00
1.208258e+01	1.936470e+00	1.275441e-04	230515705.000000	0.000000e+00
1.208457e+01	1.936815e+00	1.275340e-04	230634565.000000	0.000000e+00
1.208657e+01	1.936429e+00	1.274856e-04	230717733.000000	0.000000e+00
1.208856e+01	1.936356e+00	1.274710e-04	230752987.000000	0.000000e+00
1.209056e+01	1.936050e+00	1.274213e-04	230860125.000000	0.000000e+00
1.209255e+01	1.936395e+00	1.274300e-04	230910781.000000	0.000000e+00
1.209454e+01	1.936093e+00	1.273871e-04	230994247.000000	0.000000e+00
1.209654e+01	1.936042e+00	1.273562e-04	231094245.000000	0.000000e+00
1.209853e+01	1.935901e+00	1.273279e-04	231163369.000000	0.000000e+00
1.210053e+01	1.935896e+00	1.273185e-04	231196527.000000	0.000000e+00
1.210252e+01	1.935771e+00	1.272842e-04	231291397.000000	0.000000e+00
1.210452e+01	1.935570e+00	1.272316e-04	231434433.000000	0.000000e+00
1.210651e+01	1.935580e+00	1.272309e-04	231439513.000000	0.000000e+00
1.210851e+01	1.935276e+00	1.271814e-04	231546511.000000	0.000000e+00
1.211050e+01	1.935319e+00	1.271700e-04	231598389.000000	0.000000e+00
1.211250e+01	1.935181e+00	1.271289e-04	231715357.000000	0.000000e+00
1.211449e+01	1.935202e+00	1.271227e-04	231742839.000000	0.000000e+00
1.211649e+01	1.934599e+00	1.270557e-04	231843001.000000	0.000000e+00
1.211848e+01	1.934751e+00	1.270447e-04	231919437.000000	0.000000e+00
1.212047e+01	1.934743e+00	1.270251e-04	231989149.000000	0.000000e+00
1.212247e+01	1.934694e+00	1.269951e-04	232087099.000000	0.000000e+00
1.212446e+01	1.934516e+00	1.269690e-04	232139493.000000	0.000000e+00
1.212646e+01	1.934251e+00	1.269279e-04	232226245.000000	0.000000e+00
1.212845e+01	1.934329e+00	1.269078e-04	232318443.000000	0.000000e+00
1.213045e+01	1.934245e+00	1.268832e-04	232388545.000000	0.000000e+00
1.213244e+01	1.934182e+00	1.268719e-04	232414785.000000	0.000000e+00
1.213444e+01	1.934019e+00	1.268395e-04	232494565.000000	0.000000e+00
1.213643e+01	1.933739e+00	1.267703e-04	232680871.000000	0.000000e+00
1.213843e+01	1.933753e+00	1.267831e-04	232637265.000000	0.000000e+00
1.214042e+01	1.933786e+00	1.267417e-04	232797157.000000	0.000000e+00
1.214242e+01	1.933561e+00	1.267231e-04	232811235.000000	0.000000e+00
1.214441e+01	1.933443e+00	1.266909e-04	232901425.000000	0.000000e+00
1.214641e+01	1.933271e+00	1.266510e-04	233006725.000000	0.000000e+00
1.214840e+01	1.933573e+00	1.266625e-04	233037195.000000	0.000000e+00
1.215039e+01	1.933333e+00	1.266221e-04	233127901.000000	0.000000e+00
1.215239e+01	1.933245e+00	1.265778e-04	233269929.000000	0.000000e+00
1.215438e+01	1.933125e+00	1.265716e-04	233263777.000000	0.000000e+00
1.215638e+01	1.933167e+00	1.265464e-04	233366883.000000	0.000000e+00
1.215837e+01	1.932939e+00	1.265224e-04	233400505.000000	0.000000e+00
1.216037e+01	1.932761e+00	1.264575e-04	233596729.000000	0.000000e+00
1.216236e+01	1.932818e+00	1.264604e-04	233599947.000000	0.000000e+00
1.216436e+01	1.932468e+00	1.264108e-04	233698693.000000	0.000000e+00
1.216635e+01	1.932377e+00	1.263924e-04	233744517.000000	0.000000e+00
1.216835e+01	1.932469e+00	1.263806e-04	233810509.000000	0.000000e+00
1.217034e+01	1.932117e+00	1.263411e-04	233871567.000000	0.000000e+00
1.217234e+01	1.932290e+00	1.263062e-04	234042661.000000	0.000000e+00
1.217433e+01	1.932318e+00	1.263123e-04	234026893.000000	0.000000e+00
1.217632e+01	1.932268e+00	1.262844e-04	234118383.000000	0.000000e+00
1.217832e+01	1.931998e+00	1.262380e-04	234224953.000000	0.000000e+00
1.218031e+01	1.931836e+00	1.262029e-04	234316077.000000	0.000000e+00
1.218231e+01	1.931840e+00	1.262024e-04	234318511.000000	0.000000e+00
1.218430e+01	1.931752e+00	1.261556e-04	234471397.000000	0.000000e+00
1.218630e+01	1.931738e+00	1.261343e-04	234546981.000000	0.000000e+00
1.218829e+01	1.931653e+00	1.261038e-04	234639877.000000	0.000000e+00
1.219029e+01	1.931547e+00	1.261093e-04	234593547.000000	0.000000e+00
1.219228e+01	1.931491e+00	1.260659e-04	234741685.000000	0.000000e+00
1.219428e+01	1.931513e+00	1.260382e-04	234850449.000000	0.000000e+00
1.219627e+01	1.931386e+00	1.260093e-04	234927067.000000	0.000000e+00
1.219827e+01	1.931193e+00	1.259867e-04	234964297.000000	0.000000e+00
1.220026e+01	1.931008e+00	1.259535e-04	235043205.000000	0.000000e+00
1.220226e+01	1.931118e+00	1.259387e-04	235125157.000000	0.000000e+00
1.220425e+01	1.930957e+00	1.258925e-04	235258719.000000	0.000000e+00
1.220624e+01	1.931004e+00	1.258865e-04	235292341.000000	0.000000e+00
1.220824e+01	1.931111e+00	1.258816e-04	235336965.000000	0.000000e+00
1.221023e+01	1.930839e+00	1.258363e-04	235440139.000000	0.000000e+00
1.221223e+01	1.930772e+00	1.258210e-04	235480933.000000	0.000000e+00
1.221422e+01	1.930722e+00	1.257752e-04	235640145.000000	0.000000e+00
1.221622e+01	1.930683e+00	1.257768e-04	235624627.000000	0.000000e+00
1.221821e+01	1.930321e+00	1.256973e-04	235834449.000000	0.000000e+00
1.222021e+01	1.930563e+00	1.257199e-04	235808713.000000	0.000000e+00
1.222220e+01	1.930390e+00	1.256737e-04	235939893.000000	0.000000e+00
1.222420e+01	1.930235e+00	1.256547e-04	235973467.000000	0.000000e+00
1.222619e+01	1.930543e+00	1.256615e-04	236023321.000000	0.000000e+00
1.222819e+01	1.930194e+00	1.256128e-04	236120649.000000	0.000000e+00
1.223018e+01	1.930245e+00	1.255912e-04	236214235.000000	0.000000e+00
1.223217e+01	1.930173e+00	1.255623e-04	236305497.000000	0.000000e+00
1.223417e+01	1.930073e+00	1.255521e-04	236319277.000000	0.000000e+00
1.223616e+01	1.930151e+00	1.255061e-04	236511733.000000	0.000000e+00
1.223816e+01	1.930128e+00	1.255029e-04	236518119.000000	0.000000e+00
1.224015e+01	1.930102e+00	1.254931e-04	236548933.000000	0.000000e+00
1.224215e+01	1.930071e+00	1.254461e-04	236718621.000000	0.000000e+00
1.224414e+01	1.929933e+00	1.254290e-04	236749111.000000	0.000000e+00
1.224614e+01	1.929486e+00	1.253800e-04	236824449.000000	0.000000e+00
1.224813e+01	1.930049e+00	1.254011e-04	236882989.000000	0.000000e+00
1.225013e+01	1.929741e+00	1.253458e-04	237016441.000000	0.000000e+00
1.225212e+01	1.929506e+00	1.253186e-04	237061659.000000	0.000000e+00
1.225412e+01	1.929422e+00	1.252957e-04	237127621.000000	0.000000e+00
1.225611e+01	1.929635e+00	1.252939e-04	237186693.000000	0.000000e+00
1.225811e+01	1.929432e+00	1.252455e-04	237320275.000000	0.000000e+00
1.226010e+01	1.929536e+00	1.252416e-04	237360549.000000	0.000000e+00
1.226209e+01	1.929234e+00	1.251807e-04	237517273.000000	0.000000e+00
1.226409e+01	1.929402e+00	1.252026e-04	237475471.000000	0.000000e+00
1.226608e+01	1.929437e+00	1.251680e-04	237615393.000000	0.000000e+00
1.226808e+01	1.929238e+00	1.251468e-04	237647077.000000	0.000000e+00
1.227007e+01	1.929196e+00	1.251066e-04	237789477.000000	0.000000e+00
1.227207e+01	1.929413e+00	1.251062e-04	237844279.000000	0.000000e+00
1.227406e+01	1.929266e+00	1.250975e-04	237841041.000000	0.000000e+00
1.227606e+01	1.929189e+00	1.250316e-04	238072729.000000	0.000000e+00
1.227805e+01	1.929118e+00	1.250458e-04	238001491.000000	0.000000e+00
1.228005e+01	1.929025e+00	1.250024e-04	238143585.000000	0.000000e+00
1.228204e+01	1.929144e+00	1.249888e-04	238224877.000000	0.000000e+00
1.228404e+01	1.929116e+00	1.249620e-04	238320045.000000	0.000000e+00
1.228603e+01	1.928765e+00	1.249314e-04	238350163.000000	0.000000e+00
1.228803e+01	1.929006e+00	1.249152e-04	238471621.000000	0.000000e+00
1.229002e+01	1.928882e+00	1.248912e-04	238532469.000000	0.000000e+00
1.229201e+01	1.928971e+00	1.248858e-04	238575163.000000	0.000000e+00
1.229401e+01	1.928564e+00	1.248255e-04	238705005.000000	0.000000e+00
1.229600e+01	1.928838e+00	1.248283e-04	238762381.000000	0.000000e+00
1.229800e+01	1.928664e+00	1.247937e-04	238851567.000000	0.000000e+00
1.229999e+01	1.928782e+00	1.247858e-04	238911109.000000	0.000000e+00
1.230199e+01	1.928714e+00	1.247569e-04	239004553.000000	0.000000e+00
1.230398e+01	1.928572e+00	1.247455e-04	239013393.000000	0.000000e+00
1.230598e+01	1.928537e+00	1.246847e-04	239237731.000000	0.000000e+00
1.230797e+01	1.928653e+00	1.246985e-04	239213493.000000	0.000000e+00
1.230997e+01	1.928389e+00	1.246613e-04	239290885.000000	0.000000e+00
1.231196e+01	1.928652e+00	1.246458e-04	239415459.000000	0.000000e+00
1.231396e+01	1.928517e+00	1.246323e-04	239433913.000000	0.000000e+00
1.231595e+01	1.928551e+00	1.246130e-04	239516545.000000	0.000000e+00
1.231794e+01	1.928441e+00	1.245825e-04	239606625.000000	0.000000e+00
1.231994e+01	1.928695e+00	1.245648e-04	239737615.000000	0.000000e+00
1.232193e+01	1.928449e+00	1.245421e-04	239763909.000000	0.000000e+00
1.232393e+01	1.928567e+00	1.245195e-04	239880601.000000	0.000000e+00
1.232592e+01	1.928474e+00	1.245379e-04	239786571.000000	0.000000e+00
1.232792e+01	1.928492e+00	1.244574e-04	240101089.000000	0.000000e+00
1.232991e+01	1.928403e+00	1.244580e-04	240076897.000000	0.000000e+00
1.233191e+01	1.928585e+00	1.244560e-04	240129585.000000	0.000000e+00
1.233390e+01	1.928402e+00	1.244168e-04	240235591.000000	0.000000e+00
1.233590e+01	1.928353e+00	1.244027e-04	240277569.000000	0.000000e+00
1.233789e+01	1.928410e+00	1.243597e-04	240457885.000000	0.000000e+00
1.233989e+01	1.928388e+00	1.243566e-04	240464719.000000	0.000000e+00
1.234188e+01	1.928533e+00	1.243492e-04	240529317.000000	0.000000e+00
1.234388e+01	1.928203e+00	1.242998e-04	240638317.000000	0.000000e+00
1.234587e+01	1.927997e+00	1.242772e-04	240674487.000000	0.000000e+00
1.234786e+01	1.928297e+00	1.242615e-04	240810277.000000	0.000000e+00
1.234986e+01	1.928439e+00	1.242627e-04	240840969.000000	0.000000e+00
1.235185e+01	1.928181e+00	1.242206e-04	240939709.000000	0.000000e+00
1.235385e+01	1.928208e+00	1.241967e-04	241039243.000000	0.000000e+00
1.235584e+01	1.928298e+00	1.241997e-04	241050021.000000	0.000000e+00
1.235784e+01	1.928016e+00	1.241450e-04	241191889.000000	0.000000e+00
1.235983e+01	1.928545e+00	1.241576e-04	241275471.000000	0.000000e+00
1.236183e+01	1.928451e+00	1.241498e-04	241282177.000000	0.000000e+00
1.236382e+01	1.928420e+00	1.241016e-04	241461969.000000	0.000000e+00
1.236582e+01	1.928591e+00	1.241167e-04	241446061.000000	0.000000e+00
1.236781e+01	1.928333e+00	1.240712e-04	241558507.000000	0.000000e+00
1.236981e+01	1.928178e+00	1.240448e-04	241622397.000000	0.000000e+00
1.237180e+01	1.928345e+00	1.240322e-04	241713409.000000	0.000000e+00
1.237379e+01	1.928408e+00	1.240086e-04	241820967.000000	0.000000e+00
1.237579e+01	1.928397e+00	1.240017e-04	241845349.000000	0.000000e+00
1.237778e+01	1.928215e+00	1.239614e-04	241956961.000000	0.000000e+00
1.237978e+01	1.928147e+00	1.239340e-04	242047083.000000	0.000000e+00
1.238177e+01	1.928362e+00	1.239339e-04	242101153.000000	0.000000e+00
1.238377e+01	1.928433e+00	1.239213e-04	242168385.000000	0.000000e+00
1.238576e+01	1.928353e+00	1.238847e-04	242291257.000000	0.000000e+00
1.238776e+01	1.928181e+00	1.238613e-04	242339499.000000	0.000000e+00
1.238975e+01	1.928365e+00	1.238655e-04	242369617.000000	0.000000e+00
1.239175e+01	1.928408e+00	1.238302e-04	242518489.000000	0.000000e+00
1.239374e+01	1.928364e+00	1.238085e-04	242592159.000000	0.000000e+00
1.239574e+01	1.928130e+00	1.237814e-04	242639905.000000	0.000000e+00
1.239773e+01	1.928429e+00	1.237875e-04	242690985.000000	0.000000e+00
1.239973e+01	1.928528e+00	1.237536e-04	242848885.000000	0.000000e+00
1.240172e+01	1.928377e+00	1.237402e-04	242863383.000000	0.000000e+00
1.240371e+01	1.928163e+00	1.237002e-04	242966473.000000	0.000000e+00
1.240571e+01	1.928572e+00	1.237029e-04	243059029.000000	0.000000e+00
1.240770e+01	1.928388e+00	1.236753e-04	243121287.000000	0.000000e+00
1.240970e+01	1.928721e+00	1.236782e-04	243193981.000000	0.000000e+00
1.241169e+01	1.928556e+00	1.236493e-04	243265617.000000	0.000000e+00
1.241369e+01	1.928589e+00	1.236418e-04	243303733.000000	0.000000e+00
1.241568e+01	1.928233e+00	1.235698e-04	243497571.000000	0.000000e+00
1.241768e+01	1.928778e+00	1.236003e-04	243514873.000000	0.000000e+00
1.241967e+01	1.928622e+00	1.235712e-04	243590113.000000	0.000000e+00
1.242167e+01	1.928688e+00	1.235651e-04	243630723.000000	0.000000e+00
1.242366e+01	1.928988e+00	1.235497e-04	243767605.000000	0.000000e+00
1.242566e+01	1.928702e+00	1.235054e-04	243870069.000000	0.000000e+00
1.242765e+01	1.928930e+00	1.235234e-04	243856867.000000	0.000000e+00
1.242965e+01	1.928593e+00	1.234711e-04	243977965.000000	0.000000e+00
1.243164e+01	1.928878e+00	1.234675e-04	244064205.000000	0.000000e+00
1.243363e+01	1.929038e+00	1.234529e-04	244162489.000000	0.000000e+00
1.243563e+01	1.928969e+00	1.234344e-04	244218183.000000	0.000000e+00
1.243762e+01	1.928996e+00	1.234220e-04	244274077.000000	0.000000e+00
1.243962e+01	1.929046e+00	1.234052e-04	244353177.000000	0.000000e+00
1.244161e+01	1.928995e+00	1.233700e-04	244479691.000000	0.000000e+00
1.244361e+01	1.929050e+00	1.233585e-04	244539253.000000	0.000000e+00
1.244560e+01	1.928948e+00	1.233458e-04	244564113.000000	0.000000e+00
1.244760e+01	1.929314e+00	1.233314e-04	244713853.000000	0.000000e+00
1.244959e+01	1.929032e+00	1.232973e-04	244777539.000000	0.000000e+00
1.245159e+01	1.929213e+00	1.233084e-04	244779409.000000	0.000000e+00
1.245358e+01	1.929187e+00	1.232456e-04	245022297.000000	0.000000e+00
1.245558e+01	1.929501e+00	1.232849e-04	244946023.000000	0.000000e+00
1.245757e+01	1.929497e+00	1.232464e-04	245097793.000000	0.000000e+00
1.245957e+01	1.929313e+00	1.232242e-04	245139777.000000	0.000000e+00
1.246156e+01	1.929631e+00	1.232290e-04	245201215.000000	0.000000e+00
1.246355e+01	1.929604e+00	1.231815e-04	245383389.000000	0.000000e+00
1.246555e+01	1.929593e+00	1.231953e-04	245325781.000000	0.000000e+00
1.246754e+01	1.929702e+00	1.231693e-04	245457081.000000	0.000000e+00
1.246954e+01	1.929647e+00	1.231329e-04	245588263.000000	0.000000e+00
1.247153e+01	1.929675e+00	1.231311e-04	245602537.000000	0.000000e+00
1.247353e+01	1.929875e+00	1.231122e-04	245728809.000000	0.000000e+00
1.247552e+01	1.929803e+00	1.230918e-04	245791939.000000	0.000000e+00
1.247752e+01	1.929876e+00	1.230821e-04	245849457.000000	0.000000e+00
1.247951e+01	1.929864e+00	1.230546e-04	245956033.000000	0.000000e+00
1.248151e+01	1.929901e+00	1.230342e-04	246047017.000000	0.000000e+00
1.248350e+01	1.929873e+00	1.230214e-04	246091107.000000	0.000000e+00
1.248550e+01	1.930329e+00	1.230277e-04	246182425.000000	0.000000e+00
1.248749e+01	1.930060e+00	1.229930e-04	246252729.000000	0.000000e+00
1.248948e+01	1.930148e+00	1.229876e-04	246296527.000000	0.000000e+00
1.249148e+01	1.930282e+00	1.229657e-04	246418533.000000	0.000000e+00
1.249347e+01	1.930473e+00	1.229707e-04	246447265.000000	0.000000e+00
1.249547e+01	1.930487e+00	1.229251e-04	246634027.000000	0.000000e+00
1.249746e+01	1.930378e+00	1.229311e-04	246581649.000000	0.000000e+00
1.249946e+01	1.930703e+00	1.229009e-04	246786397.000000	0.000000e+00
1.250145e+01	1.930554e+00	1.228926e-04	246781617.000000	0.000000e+00
1.250345e+01	1.930781e+00	1.228714e-04	246924667.000000	0.000000e+00
1.250544e+01	1.930690e+00	1.228654e-04	246925737.000000	0.000000e+00
1.250744e+01	1.930711e+00	1.228219e-04	247105777.000000	0.000000e+00
1.250943e+01	1.930864e+00	1.228314e-04	247106599.000000	0.000000e+00
1.251143e+01	1.930871e+00	1.228138e-04	247179321.000000	0.000000e+00
1.251342e+01	1.930820e+00	1.227973e-04	247232809.000000	0.000000e+00
1.251541e+01	1.931124e+00	1.227718e-04	247413597.000000	0.000000e+00
1.251741e+01	1.931197e+00	1.227703e-04	247438003.000000	0.000000e+00
1.251940e+01	1.931271e+00	1.227597e-04	247499713.000000	0.000000e+00
1.252140e+01	1.931120e+00	1.227199e-04	247621389.000000	0.000000e+00
1.252339e+01	1.931304e+00	1.227176e-04	247678039.000000	0.000000e+00
1.252539e+01	1.931389e+00	1.226956e-04	247788849.000000	0.000000e+00
1.252738e+01	1.931412e+00	1.227030e-04	247764757.000000	0.000000e+00
1.252938e+01	1.931764e+00	1.226792e-04	247951281.000000	0.000000e+00
1.253137e+01	1.931735e+00	1.226724e-04	247971427.000000	0.000000e+00
1.253337e+01	1.931754e+00	1.226533e-04	248053261.000000	0.000000e+00
1.253536e+01	1.931781e+00	1.226229e-04	248183397.000000	0.000000e+00
1.253736e+01	1.931842e+00	1.226296e-04	248171875.000000	0.000000e+00
1.253935e+01	1.931975e+00	1.225927e-04	248355489.000000	0.000000e+00
1.254135e+01	1.932125e+00	1.226014e-04	248358685.000000	0.000000e+00
1.254334e+01	1.932264e+00	1.225754e-04	248500095.000000	0.000000e+00
1.254533e+01	1.932151e+00	1.225724e-04	248483185.000000	0.000000e+00
1.254733e+01	1.932338e+00	1.225382e-04	248669905.000000	0.000000e+00
1.254932e+01	1.932672e+00	1.225480e-04	248716245.000000	0.000000e+00
1.255132e+01	1.932567e+00	1.225220e-04	248794507.000000	0.000000e+00
1.255331e+01	1.932580e+00	1.225214e-04	248800389.000000	0.000000e+00
1.255531e+01	1.932661e+00	1.224864e-04	248963437.000000	0.000000e+00
1.255730e+01	1.932592e+00	1.224655e-04	249030579.000000	0.000000e+00
1.255930e+01	1.933049e+00	1.224876e-04	249058525.000000	0.000000e+00
1.256129e+01	1.932975e+00	1.224460e-04	249208645.000000	0.000000e+00
1.256329e+01	1.933110e+00	1.224493e-04	249229977.000000	0.000000e+00
1.256528e+01	1.933387e+00	1.224339e-04	249364087.000000	0.000000e+00
1.256728e+01	1.933005e+00	1.224135e-04	249348619.500000	0.000000e+00
1.256927e+01	1.932608e+00	1.223981e-04	249309406.000000	0.000000e+00
1.257127e+01	1.932380e+00	1.223887e-04	249288616.000000	0.000000e+00
1.257326e+01	1.931731e+00	1.223571e-04	249249918.000000	0.000000e+00
1.257525e+01	1.931488e+00	1.223480e-04	249224152.000000	0.000000e+00
1.257725e+01	1.931067e+00	1.223456e-04	249125574.000000	0.000000e+00
1.257924e+01	1.930693e+00	1.223196e-04	249134812.000000	0.000000e+00
1.258124e+01	1.930041e+00	1.222873e-04	249098238.000000	0.000000e+00
1.258323e+01	1.929782e+00	1.222980e-04	248987710.000000	0.000000e+00
1.258523e+01	1.929209e+00	1.222504e-04	249033646.000000	0.000000e+00
1.258722e+01	1.928896e+00	1.222444e-04	248977272.000000	0.000000e+00
1.258922e+01	1.928508e+00	1.222432e-04	248881948.000000	0.000000e+00
1.259121e+01	1.928055e+00	1.221997e-04	248942070.000000	0.000000e+00
1.259321e+01	1.927603e+00	1.222045e-04	248805898.000000	0.000000e+00
1.259520e+01	1.927021e+00	1.221748e-04	248776674.000000	0.000000e+00
1.259720e+01	1.926695e+00	1.221532e-04	248780578.000000	0.000000e+00
1.259919e+01	1.926139e+00	1.221366e-04	248704204.000000	0.000000e+00
1.260118e+01	1.925876e+00	1.221077e-04	248754354.000000	0.000000e+00
1.260318e+01	1.925399e+00	1.221052e-04	248641396.000000	0.000000e+00
1.260517e+01	1.925223e+00	1.221077e-04	248585634.000000	0.000000e+00
1.260717e+01	1.924705e+00	1.220895e-04	248526058.000000	0.000000e+00
1.260916e+01	1.924305e+00	1.220553e-04	248561652.000000	0.000000e+00
1.261116e+01	1.923649e+00	1.220432e-04	248441782.000000	0.000000e+00
1.261315e+01	1.923326e+00	1.220201e-04	248452102.000000	0.000000e+00
1.261515e+01	1.923012e+00	1.220052e-04	248431758.000000	0.000000e+00
1.261714e+01	1.922805e+00	1.220128e-04	248347492.000000	0.000000e+00
1.261914e+01	1.922115e+00	1.219722e-04	248334390.000000	0.000000e+00
1.262113e+01	1.921958e+00	1.219796e-04	248263708.000000	0.000000e+00
1.262313e+01	1.921042e+00	1.219159e-04	248286364.000000	0.000000e+00
1.262512e+01	1.920924e+00	1.219407e-04	248154792.000000	0.000000e+00
1.262712e+01	1.920664e+00	1.219301e-04	248130946.000000	0.000000e+00
1.262911e+01	1.920180e+00	1.218967e-04	248142012.000000	0.000000e+00
1.263110e+01	1.919728e+00	1.218836e-04	248078056.000000	0.000000e+00
1.263310e+01	1.919292e+00	1.218660e-04	248037300.000000	0.000000e+00
1.263509e+01	1.918624e+00	1.218291e-04	248014906.000000	0.000000e+00
1.263709e+01	1.918297e+00	1.218208e-04	247964104.000000	0.000000e+00
1.263908e+01	1.918017e+00	1.218100e-04	247935456.000000	0.000000e+00
1.264108e+01	1.917401e+00	1.217946e-04	247838872.000000	0.000000e+00
1.264307e+01	1.917073e+00	1.217700e-04	247854186.000000	0.000000e+00
1.264507e+01	1.916768e+00	1.217737e-04	247760596.000000	0.000000e+00
1.264706e+01	1.916408e+00	1.217414e-04	247798614.000000	0.000000e+00
1.264906e+01	1.915855e+00	1.217195e-04	247744984.000000	0.000000e+00
1.265105e+01	1.915552e+00	1.217312e-04	247619284.000000	0.000000e+00
1.265305e+01	1.915074e+00	1.216949e-04	247642938.000000	0.000000e+00
1.265504e+01	1.914733e+00	1.216905e-04	247572862.000000	0.000000e+00
1.265703e+01	1.914240e+00	1.216575e-04	247579572.000000	0.000000e+00
1.265903e+01	1.913891e+00	1.216508e-04	247516786.000000	0.000000e+00
1.266102e+01	1.913415e+00	1.216347e-04	247458966.000000	0.000000e+00
1.266302e+01	1.913023e+00	1.216119e-04	247450486.000000	0.000000e+00
1.266501e+01	1.912827e+00	1.216100e-04	247407574.000000	0.000000e+00
1.266701e+01	1.911942e+00	1.215728e-04	247329978.000000	0.000000e+00
1.266900e+01	1.911817e+00	1.215768e-04	247281310.000000	0.000000e+00
1.267100e+01	1.911264e+00	1.215465e-04	247261680.000000	0.000000e+00
1.267299e+01	1.911294e+00	1.215532e-04	247242112.000000	0.000000e+00
1.267499e+01	1.910556e+00	1.215215e-04	247179994.000000	0.000000e+00
1.267698e+01	1.910189e+00	1.215143e-04	247114302.000000	0.000000e+00
1.267898e+01	1.909661e+00	1.214634e-04	247184932.000000	0.000000e+00
1.268097e+01	1.909309e+00	1.214776e-04	247035996.000000	0.000000e+00
1.268297e+01	1.909052e+00	1.214825e-04	246949630.000000	0.000000e+00
1.268496e+01	1.908558e+00	1.214310e-04	247031082.000000	0.000000e+00
1.268695e+01	1.907922e+00	1.214149e-04	246932068.000000	0.000000e+00
1.268895e+01	1.907726e+00	1.214008e-04	246938350.000000	0.000000e+00
1.269094e+01	1.907251e+00	1.214057e-04	246795822.000000	0.000000e+00
1.269294e+01	1.906846e+00	1.213698e-04	246837040.000000	0.000000e+00
1.269493e+01	1.906663e+00	1.213666e-04	246802482.000000	0.000000e+00
1.269693e+01	1.905904e+00	1.213324e-04	246745018.000000	0.000000e+00
1.269892e+01	1.905571e+00	1.213323e-04	246659286.000000	0.000000e+00
1.270092e+01	1.905166e+00	1.212996e-04	246687592.000000	0.000000e+00
1.270291e+01	1.904942e+00	1.213045e-04	246609472.000000	0.000000e+00
1.270491e+01	1.904450e+00	1.212887e-04	246546246.000000	0.000000e+00
1.270690e+01	1.903917e+00	1.212633e-04	246511564.000000	0.000000e+00
1.270890e+01	1.903562e+00	1.212450e-04	246493824.000000	0.000000e+00
1.271089e+01	1.903178e+00	1.212219e-04	246488356.000000	0.000000e+00
1.271289e+01	1.902940e+00	1.212463e-04	246327646.000000	0.000000e+00
1.271488e+01	1.902359e+00	1.211946e-04	246387198.000000	0.000000e+00
1.271687e+01	1.902016e+00	1.211860e-04	246333424.000000	0.000000e+00
1.271887e+01	1.901585e+00	1.211697e-04	246288000.000000	0.000000e+00
1.272086e+01	1.901246e+00	1.211658e-04	246215938.000000	0.000000e+00
1.272286e+01	1.900957e+00	1.211525e-04	246195288.000000	0.000000e+00
1.272485e+01	1.900260e+00	1.211142e-04	246170698.000000	0.000000e+00
1.272685e+01	1.900006e+00	1.211240e-04	246065002.000000	0.000000e+00
1.272884e+01	1.899720e+00	1.210931e-04	246116292.000000	0.000000e+00
1.273084e+01	1.899367e+00	1.211037e-04	245981944.000000	0.000000e+00
1.273283e+01	1.898736e+00	1.210571e-04	246007806.000000	0.000000e+00
1.273483e+01	1.898464e+00	1.210599e-04	245925736.000000	0.000000e+00
1.273682e+01	1.897772e+00	1.210133e-04	245935686.000000	0.000000e+00
1.273882e+01	1.897439e+00	1.210055e-04	245881282.000000	0.000000e+00
1.274081e+01	1.897218e+00	1.210112e-04	245800984.000000	0.000000e+00
1.274280e+01	1.896656e+00	1.209902e-04	245740656.000000	0.000000e+00
1.274480e+01	1.896433e+00	1.209710e-04	245760850.000000	0.000000e+00
1.274679e+01	1.896251e+00	1.209698e-04	245718630.000000	0.000000e+00
1.274879e+01	1.895620e+00	1.209432e-04	245663116.000000	0.000000e+00
1.275078e+01	1.895019e+00	1.209281e-04	245568696.000000	0.000000e+00
1.275278e+01	1.894659e+00	1.208971e-04	245601274.000000	0.000000e+00
1.275477e+01	1.894452e+00	1.209074e-04	245505538.000000	0.000000e+00
1.275677e+01	1.894162e+00	1.209003e-04	245459514.000000	0.000000e+00
1.275876e+01	1.893600e+00	1.208665e-04	245450746.000000	0.000000e+00
1.276076e+01	1.893324e+00	1.208657e-04	245382498.000000	0.000000e+00
1.276275e+01	1.892938e+00	1.208290e-04	245431366.000000	0.000000e+00
1.276475e+01	1.892602e+00	1.208491e-04	245262958.000000	0.000000e+00
1.276674e+01	1.891904e+00	1.208071e-04	245252166.000000	0.000000e+00
1.276873e+01	1.891505e+00	1.207821e-04	245250550.000000	0.000000e+00
1.277073e+01	1.891102e+00	1.207832e-04	245141562.000000	0.000000e+00
1.277272e+01	1.890889e+00	1.207440e-04	245245546.000000	0.000000e+00
1.277472e+01	1.890325e+00	1.207527e-04	245063934.000000	0.000000e+00
1.277671e+01	1.890224e+00	1.207419e-04	245081686.000000	0.000000e+00
1.277871e+01	1.889594e+00	1.207172e-04	245018620.000000	0.000000e+00
1.278070e+01	1.889111e+00	1.206883e-04	245010510.000000	0.000000e+00
1.278270e+01	1.888919e+00	1.207004e-04	244911622.000000	0.000000e+00
1.278469e+01	1.888408e+00	1.206698e-04	244903032.000000	0.000000e+00
1.278669e+01	1.887680e+00	1.206343e-04	244858588.000000	0.000000e+00
1.278868e+01	1.887744e+00	1.206604e-04	244769178.000000	0.000000e+00
1.279068e+01	1.887088e+00	1.206148e-04	244784062.000000	0.000000e+00
1.279267e+01	1.886863e+00	1.206091e-04	244748740.000000	0.000000e+00
1.279467e+01	1.886560e+00	1.206140e-04	244650414.000000	0.000000e+00
1.279666e+01	1.886108e+00	1.205816e-04	244664584.000000	0.000000e+00
1.279865e+01	1.885645e+00	1.205796e-04	244552392.000000	0.000000e+00
1.280065e+01	1.885176e+00	1.205428e-04	244580104.000000	0.000000e+00
1.280264e+01	1.884812e+00	1.205329e-04	244525986.000000	0.000000e+00
1.280464e+01	1.884315e+00	1.205091e-04	244493704.000000	0.000000e+00
1.280663e+01	1.884138e+00	1.205198e-04	244404100.000000	0.000000e+00
1.280863e+01	1.883703e+00	1.205055e-04	244349082.000000	0.000000e+00
1.281062e+01	1.883111e+00	1.204747e-04	244320778.000000	0.000000e+00
1.281262e+01	1.882842e+00	1.204482e-04	244358184.000000	0.000000e+00
1.281461e+01	1.882583e+00	1.204609e-04	244239706.000000	0.000000e+00
1.281661e+01	1.882086e+00	1.204388e-04	244200412.000000	0.000000e+00
1.281860e+01	1.881845e+00	1.204314e-04	244167594.000000	0.000000e+00
1.282060e+01	1.881360e+00	1.203981e-04	244176832.000000	0.000000e+00
1.282259e+01	1.881038e+00	1.203972e-04	244096704.000000	0.000000e+00
1.282459e+01	1.880431e+00	1.203702e-04	244048960.000000	0.000000e+00
1.282658e+01	1.879966e+00	1.203595e-04	243971628.000000	0.000000e+00
1.282857e+01	1.880021e+00	1.203730e-04	243931150.000000	0.000000e+00
1.283057e+01	1.879486e+00	1.203393e-04	243929014.000000	0.000000e+00
1.283256e+01	1.879135e+00	1.203359e-04	243851442.000000	0.000000e+00
1.283456e+01	1.878619e+00	1.203047e-04	243843940.000000	0.000000e+00
1.283655e+01	1.878291e+00	1.202892e-04	243821910.000000	0.000000e+00
1.283855e+01	1.878103e+00	1.202956e-04	243747118.000000	0.000000e+00
1.284054e+01	1.877584e+00	1.202846e-04	243656856.000000	0.000000e+00
1.284254e+01	1.877192e+00	1.202631e-04	243642358.000000	0.000000e+00
1.284453e+01	1.876557e+00	1.202212e-04	243647002.000000	0.000000e+00
1.284653e+01	1.876172e+00	1.202166e-04	243566106.000000	0.000000e+00
1.284852e+01	1.876200e+00	1.202214e-04	243553552.000000	0.000000e+00
1.285052e+01	1.875417e+00	1.201886e-04	243482994.000000	0.000000e+00
1.285251e+01	1.875343e+00	1.202047e-04	243398950.000000	0.000000e+00
1.285450e+01	1.874615e+00	1.201599e-04	243391260.000000	0.000000e+00
1.285650e+01	1.874266e+00	1.201421e-04	243373030.000000	0.000000e+00
1.285849e+01	1.873881e+00	1.201437e-04	243266254.000000	0.000000e+00
1.286049e+01	1.873573e+00	1.201107e-04	243320040.000000	0.000000e+00
1.286248e+01	1.873102e+00	1.201156e-04	243177814.000000	0.000000e+00
1.286448e+01	1.872535e+00	1.200627e-04	243244794.000000	0.000000e+00
1.286647e+01	1.872631e+00	1.201049e-04	243098980.000000	0.000000e+00
1.286847e+01	1.872058e+00	1.200669e-04	243103966.000000	0.000000e+00
1.287046e+01	1.871721e+00	1.200626e-04	243034014.000000	0.000000e+00
1.287246e+01	1.871495e+00	1.200458e-04	243043342.000000	0.000000e+00
1.287445e+01	1.870956e+00	1.200305e-04	242964990.000000	0.000000e+00
1.287645e+01	1.870606e+00	1.200344e-04	242858506.000000	0.000000e+00
1.287844e+01	1.870119e+00	1.199820e-04	242944056.000000	0.000000e+00
1.288044e+01	1.869608e+00	1.199817e-04	242812768.000000	0.000000e+00
1.288243e+01	1.869468e+00	1.199738e-04	242807974.000000	0.000000e+00
1.288442e+01	1.869158e+00	1.199814e-04	242696724.000000	0.000000e+00
1.288642e+01	1.868962e+00	1.199619e-04	242725126.000000	0.000000e+00
1.288841e+01	1.868360e+00	1.199407e-04	242654268.000000	0.000000e+00
1.289041e+01	1.867873e+00	1.199212e-04	242606848.000000	0.000000e+00
1.289240e+01	1.867363e+00	1.198872e-04	242611788.000000	0.000000e+00
1.289440e+01	1.866998e+00	1.198993e-04	242468164.000000	0.000000e+00
1.289639e+01	1.866950e+00	1.198870e-04	242505136.000000	0.000000e+00
1.289839e+01	1.866437e+00	1.198656e-04	242458626.000000	0.000000e+00
1.290038e+01	1.865955e+00	1.198527e-04	242385538.000000	0.000000e+00
1.290238e+01	1.865641e+00	1.198360e-04	242371476.000000	0.000000e+00
1.290437e+01	1.865288e+00	1.198258e-04	242320852.000000	0.000000e+00
1.290637e+01	1.864700e+00	1.198008e-04	242269360.000000	0.000000e+00
1.290836e+01	1.864635e+00	1.198129e-04	242203488.000000	0.000000e+00
1.291036e+01	1.864013e+00	1.197813e-04	242169526.000000	0.000000e+00
1.291235e+01	1.863968e+00	1.197795e-04	242165136.000000	0.000000e+00
1.291434e+01	1.863389e+00	1.197768e-04	242025904.000000	0.000000e+00
1.291634e+01	1.862967e+00	1.197416e-04	242058558.000000	0.000000e+00
1.291833e+01	1.862439e+00	1.197208e-04	242005438.000000	0.000000e+00
1.292033e+01	1.862156e+00	1.197056e-04	241993192.000000	0.000000e+00
1.292232e+01	1.861592e+00	1.196876e-04	241919658.000000	0.000000e+00
1.292432e+01	1.861334e+00	1.196772e-04	241894480.000000	0.000000e+00
1.292631e+01	1.861064e+00	1.196821e-04	241804494.000000	0.000000e+00
1.292831e+01	1.860562e+00	1.196633e-04	241749946.000000	0.000000e+00
1.293030e+01	1.860229e+00	1.196445e-04	241739280.000000	0.000000e+00
1.293230e+01	1.859955e+00	1.196390e-04	241690342.000000	0.000000e+00
1.293429e+01	1.859596e+00	1.196237e-04	241658884.000000	0.000000e+00
1.293629e+01	1.859427e+00	1.196232e-04	241617120.000000	0.000000e+00
1.293828e+01	1.859005e+00	1.196111e-04	241556056.000000	0.000000e+00
1.294027e+01	1.858543e+00	1.195935e-04	241507248.000000	0.000000e+00
1.294227e+01	1.858114e+00	1.195705e-04	241488784.000000	0.000000e+00
1.294426e+01	1.857394e+00	1.195453e-04	241403028.000000	0.000000e+00
1.294626e+01	1.857460e+00	1.195530e-04	241389262.000000	0.000000e+00
1.294825e+01	1.856913e+00	1.195330e-04	241327972.000000	0.000000e+00
1.295025e+01	1.856591e+00	1.195066e-04	241350732.000000	0.000000e+00
1.295224e+01	1.856256e+00	1.195324e-04	241159690.000000	0.000000e+00
1.295424e+01	1.855898e+00	1.194800e-04	241278216.000000	0.000000e+00
1.295623e+01	1.855701e+00	1.195033e-04	241132768.000000	0.000000e+00
1.295823e+01	1.854995e+00	1.194576e-04	241133992.000000	0.000000e+00
1.296022e+01	1.854763e+00	1.194602e-04	241062762.000000	0.000000e+00
1.296222e+01	1.854550e+00	1.194487e-04	241053940.000000	0.000000e+00
1.296421e+01	1.853987e+00	1.194320e-04	240975060.000000	0.000000e+00
1.296621e+01	1.853720e+00	1.194177e-04	240963178.000000	0.000000e+00
1.296820e+01	1.853425e+00	1.194349e-04	240817014.000000	0.000000e+00
1.297019e+01	1.852764e+00	1.193747e-04	240888316.000000	0.000000e+00
1.297219e+01	1.852528e+00	1.193877e-04	240774550.000000	0.000000e+00
1.297418e+01	1.852090e+00	1.193605e-04	240770490.000000	0.000000e+00
1.297618e+01	1.851818e+00	1.193476e-04	240751684.000000	0.000000e+00
1.297817e+01	1.851419e+00	1.193568e-04	240610632.000000	0.000000e+00
1.298017e+01	1.851091e+00	1.193256e-04	240651214.000000	0.000000e+00
1.298216e+01	1.850839e+00	1.193239e-04	240592536.000000	0.000000e+00
1.298416e+01	1.850349e+00	1.193019e-04	240554236.000000	0.000000e+00
1.298615e+01	1.849896e+00	1.192947e-04	240465382.000000	0.000000e+00
1.298815e+01	1.849719e+00	1.192934e-04	240424488.000000	0.000000e+00
1.299014e+01	1.849412e+00	1.192774e-04	240409192.000000	0.000000e+00
1.299214e+01	1.848821e+00	1.192403e-04	240404982.000000	0.000000e+00
1.299413e+01	1.848621e+00	1.192564e-04	240288274.000000	0.000000e+00
1.299612e+01	1.848335e+00	1.192524e-04	240229932.000000	0.000000e+00
1.299812e+01	1.847842e+00	1.192140e-04	240256732.000000	0.000000e+00
1.300011e+01	1.847333e+00	1.191984e-04	240187120.000000	0.000000e+00
1.300211e+01	1.846887e+00	1.191877e-04	240114072.000000	0.000000e+00
1.300410e+01	1.846782e+00	1.191903e-04	240076492.000000	0.000000e+00
1.300610e+01	1.846593e+00	1.191915e-04	240022560.000000	0.000000e+00
1.300809e+01	1.846110e+00	1.191568e-04	240036730.000000	0.000000e+00
1.301009e+01	1.845719e+00	1.191693e-04	239884552.000000	0.000000e+00
1.301208e+01	1.845315e+00	1.191316e-04	239931360.000000	0.000000e+00
1.301408e+01	1.844855e+00	1.191079e-04	239907358.000000	0.000000e+00
1.301607e+01	1.844431e+00	1.191195e-04	239750154.000000	0.000000e+00
1.301807e+01	1.844033e+00	1.190804e-04	239804032.000000	0.000000e+00
1.302006e+01	1.843730e+00	1.190861e-04	239702538.000000	0.000000e+00
1.302206e+01	1.843482e+00	1.190781e-04	239670412.000000	0.000000e+00
1.302405e+01	1.843040e+00	1.190485e-04	239674456.000000	0.000000e+00
1.302604e+01	1.842820e+00	1.190428e-04	239640252.000000	0.000000e+00
1.302804e+01	1.842281e+00	1.190430e-04	239499292.000000	0.000000e+00
1.303003e+01	1.842125e+00	1.190450e-04	239450400.000000	0.000000e+00
1.303203e+01	1.841648e+00	1.190042e-04	239490610.000000	0.000000e+00
1.303402e+01	1.841023e+00	1.189939e-04	239369700.000000	0.000000e+00
1.303602e+01	1.840887e+00	1.189688e-04	239435272.000000	0.000000e+00
1.303801e+01	1.840708e+00	1.190000e-04	239263204.000000	0.000000e+00
1.304001e+01	1.840377e+00	1.189899e-04	239217924.000000	0.000000e+00
1.304200e+01	1.839672e+00	1.189145e-04	239337718.000000	0.000000e+00
1.304400e+01	1.839429e+00	1.189512e-04	239127036.000000	0.000000e+00
1.304599e+01	1.838980e+00	1.189262e-04	239110780.000000	0.000000e+00
1.304799e+01	1.838788e+00	1.189206e-04	239083266.000000	0.000000e+00
1.304998e+01	1.838440e+00	1.188907e-04	239113204.000000	0.000000e+00
1.305198e+01	1.838019e+00	1.189035e-04	238952038.000000	0.000000e+00
1.305397e+01	1.837707e+00	1.188912e-04	238920432.000000	0.000000e+00
1.305596e+01	1.837289e+00	1.188552e-04	238956550.000000	0.000000e+00
1.305796e+01	1.837055e+00	1.188682e-04	238843128.000000	0.000000e+00
1.305995e+01	1.836665e+00	1.188545e-04	238796842.000000	0.000000e+00
1.306195e+01	1.836318e+00	1.188415e-04	238758724.000000	0.000000e+00
1.306394e+01	1.836102e+00	1.188286e-04	238754640.000000	0.000000e+00
1.306594e+01	1.835673e+00	1.188178e-04	238686328.000000	0.000000e+00
1.306793e+01	1.835027e+00	1.187928e-04	238618974.000000	0.000000e+00
1.306993e+01	1.834848e+00	1.187960e-04	238559374.000000	0.000000e+00
1.307192e+01	1.834306e+00	1.187633e-04	238549590.000000	0.000000e+00
1.307392e+01	1.833875e+00	1.187493e-04	238493776.000000	0.000000e+00
1.307591e+01	1.833785e+00	1.187465e-04	238481602.000000	0.000000e+00
1.307791e+01	1.833543e+00	1.187748e-04	238305384.000000	0.000000e+00
1.307990e+01	1.833218e+00	1.187288e-04	238405582.000000	0.000000e+00
1.308189e+01	1.832552e+00	1.187071e-04	238319184.000000	0.000000e+00
1.308389e+01	1.832423e+00	1.187149e-04	238254406.000000	0.000000e+00
1.308588e+01	1.831810e+00	1.186886e-04	238200618.000000	0.000000e+00
1.308788e+01	1.831768e+00	1.186951e-04	238163602.000000	0.000000e+00
1.308987e+01	1.831451e+00	1.186758e-04	238158310.000000	0.000000e+00
1.309187e+01	1.830674e+00	1.186564e-04	238034196.000000	0.000000e+00
1.309386e+01	1.830447e+00	1.186292e-04	238084264.000000	0.000000e+00
1.309586e+01	1.830399e+00	1.186579e-04	237956670.000000	0.000000e+00
1.309785e+01	1.830054e+00	1.186472e-04	237910336.000000	0.000000e+00
1.309985e+01	1.829393e+00	1.186031e-04	237914950.000000	0.000000e+00
1.310184e+01	1.828942e+00	1.185775e-04	237900624.000000	0.000000e+00
1.310384e+01	1.828541e+00	1.185875e-04	237755914.000000	0.000000e+00
1.310583e+01	1.828408e+00	1.185779e-04	237760110.000000	0.000000e+00
1.310783e+01	1.828102e+00	1.185665e-04	237726328.000000	0.000000e+00
1.310982e+01	1.827721e+00	1.185673e-04	237623886.000000	0.000000e+00
1.311181e+01	1.827393e+00	1.185432e-04	237635020.000000	0.000000e+00
1.311381e+01	1.827050e+00	1.185446e-04	237540292.000000	0.000000e+00
1.311580e+01	1.826727e+00	1.185217e-04	237548166.000000	0.000000e+00
1.311780e+01	1.826333e+00	1.185210e-04	237448300.000000	0.000000e+00
1.311979e+01	1.826089e+00	1.184943e-04	237492216.000000	0.000000e+00
1.312179e+01	1.825646e+00	1.185135e-04	237299920.000000	0.000000e+00
1.312378e+01	1.825093e+00	1.184677e-04	237339570.000000	0.000000e+00
1.312578e+01	1.824824e+00	1.184539e-04	237324892.000000	0.000000e+00
1.312777e+01	1.824618e+00	1.184629e-04	237234964.000000	0.000000e+00
1.312977e+01	1.824350e+00	1.184546e-04	237198618.000000	0.000000e+00
1.313176e+01	1.823928e+00	1.184329e-04	237176044.000000	0.000000e+00
1.313376e+01	1.823430e+00	1.184280e-04	237066246.000000	0.000000e+00
1.313575e+01	1.823385e+00	1.184396e-04	237007948.000000	0.000000e+00
1.313774e+01	1.822689e+00	1.183867e-04	237038670.000000	0.000000e+00
1.313974e+01	1.822525e+00	1.183960e-04	236959114.000000	0.000000e+00
1.314173e+01	1.822086e+00	1.183783e-04	236915356.000000	0.000000e+00
1.314373e+01	1.821667e+00	1.183640e-04	236863662.000000	0.000000e+00
1.314572e+01	1.821669e+00	1.183763e-04	236815072.000000	0.000000e+00
1.314772e+01	1.821045e+00	1.183471e-04	236769894.000000	0.000000e+00
1.314971e+01	1.820761e+00	1.183322e-04	236755516.000000	0.000000e+00
1.315171e+01	1.820543e+00	1.183352e-04	236686504.000000	0.000000e+00
1.315370e+01	1.820042e+00	1.183196e-04	236618916.000000	0.000000e+00
1.315570e+01	1.819648e+00	1.183031e-04	236582704.000000	0.000000e+00
1.315769e+01	1.819530e+00	1.182943e-04	236587014.000000	0.000000e+00
1.315969e+01	1.819229e+00	1.183124e-04	236436136.000000	0.000000e+00
1.316168e+01	1.818876e+00	1.182806e-04	236471664.000000	0.000000e+00
1.316368e+01	1.818726e+00	1.182900e-04	236394976.000000	0.000000e+00
1.316567e+01	1.817896e+00	1.182569e-04	236311774.000000	0.000000e+00
1.316766e+01	1.817873e+00	1.182499e-04	236333484.000000	0.000000e+00
1.316966e+01	1.817436e+00	1.182327e-04	236288590.000000	0.000000e+00
1.317165e+01	1.817007e+00	1.182352e-04	236167344.000000	0.000000e+00
1.317365e+01	1.816542e+00	1.181982e-04	236194264.000000	0.000000e+00
1.317564e+01	1.816294e+00	1.182140e-04	236066580.000000	0.000000e+00
1.317764e+01	1.816015e+00	1.181892e-04	236093278.000000	0.000000e+00
1.317963e+01	1.815787e+00	1.182006e-04	235988476.000000	0.000000e+00
1.318163e+01	1.815452e+00	1.181702e-04	236022528.000000	0.000000e+00
1.318362e+01	1.815102e+00	1.181753e-04	235911370.000000	0.000000e+00
1.318562e+01	1.814652e+00	1.181559e-04	235871688.000000	0.000000e+00
1.318761e+01	1.814300e+00	1.181443e-04	235826446.000000	0.000000e+00
1.318961e+01	1.813879e+00	1.181347e-04	235755606.000000	0.000000e+00
1.319160e+01	1.813780e+00	1.181232e-04	235775626.000000	0.000000e+00
1.319360e+01	1.813315e+00	1.181160e-04	235683202.000000	0.000000e+00
1.319559e+01	1.812739e+00	1.180860e-04	235653294.000000	0.000000e+00
1.319758e+01	1.812544e+00	1.180973e-04	235557706.000000	0.000000e+00
1.319958e+01	1.812236e+00	1.180712e-04	235581774.000000	0.000000e+00
1.320157e+01	1.811991e+00	1.180829e-04	235471276.000000	0.000000e+00
1.320357e+01	1.811625e+00	1.180537e-04	235492666.000000	0.000000e+00
1.320556e+01	1.811036e+00	1.180449e-04	235374906.000000	0.000000e+00
1.320756e+01	1.810840e+00	1.180449e-04	235323622.000000	0.000000e+00
1.320955e+01	1.810632e+00	1.180294e-04	235331400.000000	0.000000e+00
1.321155e+01	1.810134e+00	1.180152e-04	235258564.000000	0.000000e+00
1.321354e+01	1.809971e+00	1.180150e-04	235216998.000000	0.000000e+00
1.321554e+01	1.809672e+00	1.180191e-04	235123228.000000	0.000000e+00
1.321753e+01	1.809280e+00	1.179892e-04	235140250.000000	0.000000e+00
1.321953e+01	1.808794e+00	1.179726e-04	235080330.000000	0.000000e+00
1.322152e+01	1.808562e+00	1.179675e-04	235039942.000000	0.000000e+00
1.322351e+01	1.807905e+00	1.179528e-04	234927912.000000	0.000000e+00
1.322551e+01	1.807795e+00	1.179365e-04	234964402.000000	0.000000e+00
1.322750e+01	1.807749e+00	1.179581e-04	234866022.000000	0.000000e+00
1.322950e+01	1.807140e+00	1.179277e-04	234829030.000000	0.000000e+00
1.323149e+01	1.806792e+00	1.179252e-04	234748750.000000	0.000000e+00
1.323349e+01	1.806601e+00	1.179140e-04	234743376.000000	0.000000e+00
1.323548e+01	1.806168e+00	1.178869e-04	234738850.000000	0.000000e+00
1.323748e+01	1.805578e+00	1.178859e-04	234589488.000000	0.000000e+00
1.323947e+01	1.805765e+00	1.178926e-04	234611500.000000	0.000000e+00
1.324147e+01	1.805329e+00	1.178858e-04	234525124.000000	0.000000e+00
1.324346e+01	1.804989e+00	1.178563e-04	234554334.000000	0.000000e+00
1.324546e+01	1.804608e+00	1.178668e-04	234413674.000000	0.000000e+00
1.324745e+01	1.803997e+00	1.178444e-04	234343884.000000	0.000000e+00
1.324945e+01	1.803871e+00	1.178280e-04	234376468.000000	0.000000e+00
1.325144e+01	1.803399e+00	1.178090e-04	234329514.000000	0.000000e+00
1.325343e+01	1.802970e+00	1.178046e-04	234235408.000000	0.000000e+00
1.325543e+01	1.802869e+00	1.177958e-04	234244072.000000	0.000000e+00
1.325742e+01	1.802558e+00	1.178151e-04	234086652.000000	0.000000e+00
1.325942e+01	1.802174e+00	1.177801e-04	234125902.000000	0.000000e+00
1.326141e+01	1.801849e+00	1.177814e-04	234036390.000000	0.000000e+00
1.326341e+01	1.801532e+00	1.177661e-04	234014848.000000	0.000000e+00
1.326540e+01	1.801202e+00	1.177537e-04	233978142.000000	0.000000e+00
1.326740e+01	1.800695e+00	1.177352e-04	233920114.000000	0.000000e+00
1.326939e+01	1.800412e+00	1.177379e-04	233836084.000000	0.000000e+00
1.327139e+01	1.800053e+00	1.177099e-04	233853666.000000	0.000000e+00
1.327338e+01	1.799689e+00	1.177053e-04	233777494.000000	0.000000e+00
1.327538e+01	1.799347e+00	1.177019e-04	233702268.000000	0.000000e+00
1.327737e+01	1.799251e+00	1.177062e-04	233660116.000000	0.000000e+00
1.327936e+01	1.798862e+00	1.176820e-04	233655510.000000	0.000000e+00
1.328136e+01	1.798773e+00	1.176987e-04	233565766.000000	0.000000e+00
1.328335e+01	1.798247e+00	1.176646e-04	233564620.000000	0.000000e+00
1.328535e+01	1.798147e+00	1.177017e-04	233391456.000000	0.000000e+00
1.328734e+01	1.797763e+00	1.176681e-04	233424976.000000	0.000000e+00
1.328934e+01	1.797147e+00	1.176278e-04	233425080.000000	0.000000e+00
1.329133e+01	1.797019e+00	1.176442e-04	233326672.000000	0.000000e+00
1.329333e+01	1.796490e+00	1.176173e-04	233295892.000000	0.000000e+00
1.329532e+01	1.796299e+00	1.176248e-04	233216676.000000	0.000000e+00
1.329732e+01	1.796002e+00	1.175981e-04	233245408.000000	0.000000e+00
1.329931e+01	1.795651e+00	1.176259e-04	233044278.000000	0.000000e+00
1.330131e+01	1.795335e+00	1.175822e-04	233135236.000000	0.000000e+00
1.330330e+01	1.795072e+00	1.175991e-04	232999968.000000	0.000000e+00
1.330530e+01	1.794553e+00	1.175539e-04	233044174.000000	0.000000e+00
1.330729e+01	1.794393e+00	1.175737e-04	232924258.000000	0.000000e+00
1.330928e+01	1.793899e+00	1.175516e-04	232883400.000000	0.000000e+00
1.331128e+01	1.793399e+00	1.175343e-04	232822372.000000	0.000000e+00
1.331327e+01	1.793271e+00	1.175236e-04	232831290.000000	0.000000e+00
1.331527e+01	1.793088e+00	1.175431e-04	232706572.000000	0.000000e+00
1.331726e+01	1.792430e+00	1.174970e-04	232718352.000000	0.000000e+00
1.331926e+01	1.792549e+00	1.175202e-04	232657414.000000	0.000000e+00
1.332125e+01	1.792095e+00	1.175127e-04	232569034.000000	0.000000e+00
1.332325e+01	1.791872e+00	1.175057e-04	232539252.000000	0.000000e+00
1.332524e+01	1.791237e+00	1.174732e-04	232503088.000000	0.000000e+00
1.332724e+01	1.791296e+00	1.174771e-04	232502778.000000	0.000000e+00
1.332923e+01	1.790760e+00	1.174711e-04	232387624.000000	0.000000e+00
1.333123e+01	1.790220e+00	1.174495e-04	232332780.000000	0.000000e+00
1.333322e+01	1.790189e+00	1.174524e-04	232313494.000000	0.000000e+00
1.333522e+01	1.789645e+00	1.174358e-04	232237450.000000	0.000000e+00
1.333721e+01	1.789530e+00	1.174355e-04	232209000.000000	0.000000e+00
1.333920e+01	1.789152e+00	1.174399e-04	232093312.000000	0.000000e+00
1.334120e+01	1.788939e+00	1.174157e-04	232133922.000000	0.000000e+00
1.334319e+01	1.788581e+00	1.174077e-04	232072732.000000	0.000000e+00
1.334519e+01	1.788184e+00	1.173863e-04	232054288.000000	0.000000e+00
1.334718e+01	1.788041e+00	1.174210e-04	231880206.000000	0.000000e+00
1.334918e+01	1.787521e+00	1.173773e-04	231917632.000000	0.000000e+00
1.335117e+01	1.787373e+00	1.173801e-04	231868260.000000	0.000000e+00
1.335317e+01	1.786970e+00	1.173701e-04	231803212.000000	0.000000e+00
1.335516e+01	1.786552e+00	1.173469e-04	231786648.000000	0.000000e+00
1.335716e+01	1.786322e+00	1.173495e-04	231716800.000000	0.000000e+00
1.335915e+01	1.786130e+00	1.173511e-04	231660256.000000	0.000000e+00
1.336115e+01	1.785797e+00	1.173491e-04	231581766.000000	0.000000e+00
1.336314e+01	1.785091e+00	1.172951e-04	231612160.000000	0.000000e+00
1.336513e+01	1.785295e+00	1.173442e-04	231471204.000000	0.000000e+00
1.336713e+01	1.784875e+00	1.173183e-04	231464650.000000	0.000000e+00
1.336912e+01	1.784423e+00	1.172990e-04	231423156.000000	0.000000e+00
1.337112e+01	1.784270e+00	1.172980e-04	231387370.000000	0.000000e+00
1.337311e+01	1.783666e+00	1.172880e-04	231270352.000000	0.000000e+00
1.337511e+01	1.783340e+00	1.172709e-04	231253146.000000	0.000000e+00
1.337710e+01	1.783225e+00	1.172613e-04	231261340.000000	0.000000e+00
1.337910e+01	1.782839e+00	1.172675e-04	231136908.000000	0.000000e+00
1.338109e+01	1.782610e+00	1.172588e-04	231111658.000000	0.000000e+00
1.338309e+01	1.782045e+00	1.172457e-04	231016614.000000	0.000000e+00
1.338508e+01	1.781939e+00	1.172243e-04	231073828.000000	0.000000e+00
1.338708e+01	1.781611e+00	1.172348e-04	230947168.000000	0.000000e+00
1.338907e+01	1.781062e+00	1.172110e-04	230898534.000000	0.000000e+00
1.339107e+01	1.780839e+00	1.172034e-04	230870728.000000	0.000000e+00
1.339306e+01	1.780733e+00	1.172116e-04	230811042.000000	0.000000e+00
1.339505e+01	1.780359e+00	1.171886e-04	230804446.000000	0.000000e+00
1.339705e+01	1.780120e+00	1.172039e-04	230682520.000000	0.000000e+00
1.339904e+01	1.779660e+00	1.171783e-04	230663820.000000	0.000000e+00
1.340104e+01	1.779381e+00	1.171739e-04	230608948.000000	0.000000e+00
1.340303e+01	1.779078e+00	1.171662e-04	230560782.000000	0.000000e+00
1.340503e+01	1.778693e+00	1.171483e-04	230531536.000000	0.000000e+00
1.340702e+01	1.778330e+00	1.171404e-04	230468364.000000	0.000000e+00
1.340902e+01	1.778109e+00	1.171438e-04	230397580.000000	0.000000e+00
1.341101e+01	1.777816e+00	1.171436e-04	230322880.000000	0.000000e+00
1.341301e+01	1.777718e+00	1.171357e-04	230328180.000000	0.000000e+00
1.341500e+01	1.777270e+00	1.171168e-04	230286310.000000	0.000000e+00
1.341700e+01	1.776890e+00	1.171112e-04	230209908.000000	0.000000e+00
1.341899e+01	1.776507e+00	1.170993e-04	230157616.000000	0.000000e+00
1.342098e+01	1.776094e+00	1.170810e-04	230122320.000000	0.000000e+00
1.342298e+01	1.775864e+00	1.170817e-04	230059996.000000	0.000000e+00
1.342497e+01	1.775427e+00	1.170680e-04	230000716.000000	0.000000e+00
1.342697e+01	1.775599e+00	1.170909e-04	229955268.000000	0.000000e+00
1.342896e+01	1.774967e+00	1.170529e-04	229941190.000000	0.000000e+00
1.343096e+01	1.774678e+00	1.170627e-04	229827552.000000	0.000000e+00
1.343295e+01	1.774354e+00	1.170473e-04	229803868.000000	0.000000e+00
1.343495e+01	1.774133e+00	1.170430e-04	229763962.000000	0.000000e+00
1.343694e+01	1.773754e+00	1.170300e-04	229716738.000000	0.000000e+00
1.343894e+01	1.773524e+00	1.170277e-04	229665880.000000	0.000000e+00
1.344093e+01	1.773205e+00	1.170210e-04	229609728.000000	0.000000e+00
1.344293e+01	1.772842e+00	1.170077e-04	229567858.000000	0.000000e+00
1.344492e+01	1.772629e+00	1.170170e-04	229476228.000000	0.000000e+00
1.344692e+01	1.772227e+00	1.169866e-04	229491274.000000	0.000000e+00
1.344891e+01	1.771955e+00	1.170057e-04	229345978.000000	0.000000e+00
1.345090e+01	1.771626e+00	1.169729e-04	229389348.000000	0.000000e+00
1.345290e+01	1.771592e+00	1.169845e-04	229335160.000000	0.000000e+00
1.345489e+01	1.771033e+00	1.169807e-04	229205148.000000	0.000000e+00
1.345689e+01	1.770703e+00	1.169437e-04	229265236.000000	0.000000e+00
1.345888e+01	1.770485e+00	1.169748e-04	229086648.000000	0.000000e+00
1.346088e+01	1.770234e+00	1.169511e-04	229114792.000000	0.000000e+00
1.346287e+01	1.769769e+00	1.169486e-04	229004230.000000	0.000000e+00
1.346487e+01	1.769403e+00	1.169135e-04	229046886.000000	0.000000e+00
1.346686e+01	1.769090e+00	1.169185e-04	228946156.000000	0.000000e+00
1.346886e+01	1.768874e+00	1.169243e-04	228867564.000000	0.000000e+00
1.347085e+01	1.768586e+00	1.169072e-04	228860194.000000	0.000000e+00
1.347285e+01	1.768429e+00	1.169040e-04	228831648.000000	0.000000e+00
1.347484e+01	1.767842e+00	1.168923e-04	228725770.000000	0.000000e+00
1.347684e+01	1.767882e+00	1.169088e-04	228671494.000000	0.000000e+00
1.347883e+01	1.767508e+00	1.168995e-04	228611100.000000	0.000000e+00
1.348082e+01	1.767061e+00	1.168702e-04	228610252.000000	0.000000e+00
1.348282e+01	1.766575e+00	1.168531e-04	228551370.000000	0.000000e+00
1.348481e+01	1.766453e+00	1.168661e-04	228468934.000000	0.000000e+00
1.348681e+01	1.766245e+00	1.168525e-04	228468214.000000	0.000000e+00
1.348880e+01	1.766044e+00	1.168638e-04	228372132.000000	0.000000e+00
1.349080e+01	1.765515e+00	1.168334e-04	228354172.000000	0.000000e+00
1.349279e+01	1.765354e+00	1.168529e-04	228236328.000000	0.000000e+00
1.349479e+01	1.765064e+00	1.168371e-04	228223192.000000	0.000000e+00
1.349678e+01	1.764720e+00	1.168221e-04	228192654.000000	0.000000e+00
1.349878e+01	1.764336e+00	1.168135e-04	228126790.000000	0.000000e+00
1.350077e+01	1.764302e+00	1.168252e-04	228072280.000000	0.000000e+00
1.350277e+01	1.763758e+00	1.168051e-04	228010440.000000	0.000000e+00
1.350476e+01	1.763527e+00	1.167929e-04	227998174.000000	0.000000e+00
1.350675e+01	1.763235e+00	1.167959e-04	227910894.000000	0.000000e+00
1.350875e+01	1.762941e+00	1.167777e-04	227906068.000000	0.000000e+00
1.351074e+01	1.762390e+00	1.167743e-04	227776878.000000	0.000000e+00
1.351274e+01	1.762309e+00	1.167601e-04	227811178.000000	0.000000e+00
1.351473e+01	1.761944e+00	1.167605e-04	227715208.000000	0.000000e+00
1.351673e+01	1.761638e+00	1.167598e-04	227639082.000000	0.000000e+00
1.351872e+01	1.761435e+00	1.167528e-04	227613910.000000	0.000000e+00
1.352072e+01	1.761019e+00	1.167408e-04	227553306.000000	0.000000e+00
1.352271e+01	1.761031e+00	1.167403e-04	227557900.000000	0.000000e+00
1.352471e+01	1.760445e+00	1.167353e-04	227426202.000000	0.000000e+00
1.352670e+01	1.760275e+00	1.167152e-04	227460814.000000	0.000000e+00
1.352870e+01	1.759818e+00	1.167111e-04	227358460.000000	0.000000e+00
1.353069e+01	1.759598e+00	1.167245e-04	227249526.000000	0.000000e+00
1.353269e+01	1.759443e+00	1.167020e-04	227296984.000000	0.000000e+00
1.353468e+01	1.759201e+00	1.167207e-04	227161470.000000	0.000000e+00
1.353667e+01	1.758931e+00	1.167010e-04	227168656.000000	0.000000e+00
1.353867e+01	1.758474e+00	1.166967e-04	227067280.000000	0.000000e+00
1.354066e+01	1.758204e+00	1.166892e-04	227026710.000000	0.000000e+00
1.354266e+01	1.757783e+00	1.166696e-04	226994152.000000	0.000000e+00
1.354465e+01	1.757523e+00	1.166645e-04	226946970.000000	0.000000e+00
1.354665e+01	1.757362e+00	1.166627e-04	226912426.000000	0.000000e+00
1.354864e+01	1.757174e+00	1.166639e-04	226859304.000000	0.000000e+00
1.355064e+01	1.756830e+00	1.166677e-04	226755940.000000	0.000000e+00
1.355263e+01	1.756522e+00	1.166466e-04	226758160.000000	0.000000e+00
1.355463e+01	1.756163e+00	1.166492e-04	226655448.000000	0.000000e+00
1.355662e+01	1.756031e+00	1.166350e-04	226676338.000000	0.000000e+00
1.355862e+01	1.755518e+00	1.166406e-04	226522176.000000	0.000000e+00
1.356061e+01	1.755240e+00	1.166194e-04	226533100.000000	0.000000e+00
1.356260e+01	1.754872e+00	1.166044e-04	226496208.000000	0.000000e+00
1.356460e+01	1.754715e+00	1.166297e-04	226357288.000000	0.000000e+00
1.356659e+01	1.754353e+00	1.165908e-04	226415200.000000	0.000000e+00
1.356859e+01	1.754119e+00	1.165992e-04	226321932.000000	0.000000e+00
1.357058e+01	1.753876e+00	1.166044e-04	226239334.000000	0.000000e+00
1.357258e+01	1.753560e+00	1.165813e-04	226247316.000000	0.000000e+00
1.357457e+01	1.753255e+00	1.165863e-04	226149256.000000	0.000000e+00
1.357657e+01	1.752773e+00	1.165653e-04	226106406.000000	0.000000e+00
1.357856e+01	1.752756e+00	1.165819e-04	226037554.000000	0.000000e+00
1.358056e+01	1.752311e+00	1.165477e-04	226055614.000000	0.000000e+00
1.358255e+01	1.752140e+00	1.165757e-04	225902640.000000	0.000000e+00
1.358455e+01	1.751777e+00	1.165508e-04	225905668.000000	0.000000e+00
1.358654e+01	1.751394e+00	1.165381e-04	225855912.000000	0.000000e+00
1.358854e+01	1.751108e+00	1.165490e-04	225740230.000000	0.000000e+00
1.359053e+01	1.751072e+00	1.165277e-04	225813580.000000	0.000000e+00
1.359252e+01	1.750802e+00	1.165527e-04	225646944.000000	0.000000e+00
1.359452e+01	1.750203e+00	1.165107e-04	225655048.000000	0.000000e+00
1.359651e+01	1.750097e+00	1.165258e-04	225569046.000000	0.000000e+00
1.359851e+01	1.750060e+00	1.165203e-04	225581188.000000	0.000000e+00
1.360050e+01	1.749419e+00	1.165207e-04	225414342.000000	0.000000e+00
1.360250e+01	1.749024e+00	1.164882e-04	225438340.000000	0.000000e+00
1.360449e+01	1.748963e+00	1.165017e-04	225370264.000000	0.000000e+00
1.360649e+01	1.748445e+00	1.164708e-04	225356346.000000	0.000000e+00
1.360848e+01	1.748162e+00	1.164792e-04	225250834.000000	0.000000e+00
1.361048e+01	1.747820e+00	1.164719e-04	225191196.000000	0.000000e+00
1.361247e+01	1.747665e+00	1.164646e-04	225179452.000000	0.000000e+00
1.361447e+01	1.747620e+00	1.164799e-04	225108582.000000	0.000000e+00
1.361646e+01	1.747167e+00	1.164594e-04	225071092.000000	0.000000e+00
1.361846e+01	1.746977e+00	1.164667e-04	224993998.000000	0.000000e+00
1.362045e+01	1.746784e+00	1.164776e-04	224902062.000000	0.000000e+00
1.362244e+01	1.746298e+00	1.164386e-04	224927638.000000	0.000000e+00
1.362444e+01	1.746036e+00	1.164311e-04	224889072.000000	0.000000e+00
1.362643e+01	1.745778e+00	1.164516e-04	224743528.000000	0.000000e+00
1.362843e+01	1.745654e+00	1.164425e-04	224746834.000000	0.000000e+00
1.363042e+01	1.745095e+00	1.164259e-04	224666592.000000	0.000000e+00
1.363242e+01	1.744865e+00	1.164146e-04	224651290.000000	0.000000e+00
1.363441e+01	1.744744e+00	1.164276e-04	224570046.000000	0.000000e+00
1.363641e+01	1.744358e+00	1.164106e-04	224536186.000000	0.000000e+00
1.363840e+01	1.744143e+00	1.164081e-04	224490342.000000	0.000000e+00
1.364040e+01	1.743629e+00	1.164036e-04	224375674.000000	0.000000e+00
1.364239e+01	1.743825e+00	1.164086e-04	224406442.000000	0.000000e+00
1.364439e+01	1.743316e+00	1.164009e-04	224305152.000000	0.000000e+00
1.364638e+01	1.742997e+00	1.163924e-04	224256136.000000	0.000000e+00
1.364837e+01	1.742827e+00	1.163862e-04	224235942.000000	0.000000e+00
1.365037e+01	1.742409e+00	1.163859e-04	224129746.000000	0.000000e+00
1.365236e+01	1.742141e+00	1.163645e-04	224143248.000000	0.000000e+00
1.365436e+01	1.741890e+00	1.163788e-04	224023876.000000	0.000000e+00
1.365635e+01	1.741678e+00	1.163792e-04	223967656.000000	0.000000e+00
1.365835e+01	1.741540e+00	1.163789e-04	223933362.000000	0.000000e+00
1.366034e+01	1.741261e+00	1.163718e-04	223888600.000000	0.000000e+00
1.366234e+01	1.740761e+00	1.163458e-04	223860084.000000	0.000000e+00
1.366433e+01	1.740333e+00	1.163440e-04	223757230.000000	0.000000e+00
1.366633e+01	1.740201e+00	1.163295e-04	223778988.000000	0.000000e+00
1.366832e+01	1.740247e+00	1.163559e-04	223689190.000000	0.000000e+00
1.367032e+01	1.739582e+00	1.163393e-04	223581916.000000	0.000000e+00
1.367231e+01	1.739642e+00	1.163539e-04	223541286.000000	0.000000e+00
1.367430e+01	1.739046e+00	1.163156e-04	223535326.000000	0.000000e+00
1.367630e+01	1.738829e+00	1.163132e-04	223488990.000000	0.000000e+00
1.367829e+01	1.738734e+00	1.163242e-04	223422358.000000	0.000000e+00
1.368029e+01	1.738459e+00	1.163417e-04	223283968.000000	0.000000e+00
1.368228e+01	1.738075e+00	1.163013e-04	223340532.000000	0.000000e+00
1.368428e+01	1.737864e+00	1.163141e-04	223237528.000000	0.000000e+00
1.368627e+01	1.737336e+00	1.162815e-04	223226922.000000	0.000000e+00
1.368827e+01	1.737259e+00	1.163153e-04	223077232.000000	0.000000e+00
1.369026e+01	1.736980e+00	1.162873e-04	223113114.000000	0.000000e+00
1.369226e+01	1.736528e+00	1.162686e-04	223068712.000000	0.000000e+00
1.369425e+01	1.736665e+00	1.163143e-04	222928732.000000	0.000000e+00
1.369625e+01	1.735976e+00	1.162652e-04	222940218.000000	0.000000e+00
1.369824e+01	1.735685e+00	1.162606e-04	222882790.000000	0.000000e+00
1.370024e+01	1.735568e+00	1.162798e-04	222779424.000000	0.000000e+00
1.370223e+01	1.735181e+00	1.162621e-04	222747820.000000	0.000000e+00
1.370422e+01	1.734968e+00	1.162548e-04	222720936.000000	0.000000e+00
1.370622e+01	1.734854e+00	1.162657e-04	222650020.000000	0.000000e+00
1.370821e+01	1.734416e+00	1.162520e-04	222590086.000000	0.000000e+00
1.371021e+01	1.734331e+00	1.162537e-04	222561450.000000	0.000000e+00
1.371220e+01	1.733878e+00	1.162359e-04	222513460.000000	0.000000e+00
1.371420e+01	1.733540e+00	1.162332e-04	222437340.000000	0.000000e+00
1.371619e+01	1.733251e+00	1.162314e-04	222369862.000000	0.000000e+00
1.371819e+01	1.733291e+00	1.162364e-04	222361218.000000	0.000000e+00
1.372018e+01	1.733063e+00	1.162478e-04	222258712.000000	0.000000e+00
1.372218e+01	1.732527e+00	1.162222e-04	222219286.000000	0.000000e+00
1.372417e+01	1.732416e+00	1.162269e-04	222172632.000000	0.000000e+00
1.372617e+01	1.732075e+00	1.162223e-04	222103114.000000	0.000000e+00
1.372816e+01	1.732026e+00	1.162363e-04	222037086.000000	0.000000e+00
1.373016e+01	1.731434e+00	1.161940e-04	222046684.000000	0.000000e+00
1.373215e+01	1.731405e+00	1.162278e-04	221910244.000000	0.000000e+00
1.373414e+01	1.731017e+00	1.161997e-04	221917962.000000	0.000000e+00
1.373614e+01	1.730801e+00	1.161973e-04	221871634.000000	0.000000e+00
1.373813e+01	1.730627e+00	1.162204e-04	221739192.000000	0.000000e+00
1.374013e+01	1.730113e+00	1.161906e-04	221721076.000000	0.000000e+00
1.374212e+01	1.729730e+00	1.161721e-04	221693676.000000	0.000000e+00
1.374412e+01	1.729714e+00	1.161813e-04	221654242.000000	0.000000e+00
1.374611e+01	1.729359e+00	1.161872e-04	221540818.000000	0.000000e+00
1.374811e+01	1.729164e+00	1.161781e-04	221525550.000000	0.000000e+00
1.375010e+01	1.728917e+00	1.161754e-04	221472586.000000	0.000000e+00
1.375210e+01	1.728721e+00	1.161872e-04	221377218.000000	0.000000e+00
1.375409e+01	1.728257e+00	1.161590e-04	221366002.000000	0.000000e+00
1.375609e+01	1.728091e+00	1.161705e-04	221279400.000000	0.000000e+00
1.375808e+01	1.727863e+00	1.161515e-04	221293876.000000	0.000000e+00
1.376007e+01	1.727588e+00	1.161714e-04	221147470.000000	0.000000e+00
1.376207e+01	1.727307e+00	1.161518e-04	221149998.000000	0.000000e+00
1.376406e+01	1.726758e+00	1.161404e-04	221053084.000000	0.000000e+00
1.376606e+01	1.726873e+00	1.161445e-04	221067048.000000	0.000000e+00
1.376805e+01	1.726566e+00	1.161475e-04	220976866.000000	0.000000e+00
1.377005e+01	1.726288e+00	1.161501e-04	220895862.000000	0.000000e+00
1.377204e+01	1.725839e+00	1.161283e-04	220863640.000000	0.000000e+00
1.377404e+01	1.725768e+00	1.161394e-04	220803166.000000	0.000000e+00
1.377603e+01	1.725377e+00	1.161263e-04	220752900.000000	0.000000e+00
1.377803e+01	1.724958e+00	1.161219e-04	220662754.000000	0.000000e+00
1.378002e+01	1.724888e+00	1.161167e-04	220664712.000000	0.000000e+00
1.378202e+01	1.724503e+00	1.161161e-04	220568218.000000	0.000000e+00
1.378401e+01	1.724330e+00	1.161122e-04	220538746.000000	0.000000e+00
1.378601e+01	1.724016e+00	1.161048e-04	220486656.000000	0.000000e+00
1.378800e+01	1.723828e+00	1.161081e-04	220426006.000000	0.000000e+00
1.378999e+01	1.723498e+00	1.161060e-04	220349526.000000	0.000000e+00
1.379199e+01	1.723206e+00	1.160964e-04	220311364.000000	0.000000e+00
1.379398e+01	1.723301e+00	1.161070e-04	220295412.000000	0.000000e+00
1.379598e+01	1.722791e+00	1.161126e-04	220143898.000000	0.000000e+00
1.379797e+01	1.722562e+00	1.160899e-04	220171234.000000	0.000000e+00
1.379997e+01	1.722332e+00	1.160975e-04	220083876.000000	0.000000e+00
1.380196e+01	1.721949e+00	1.160788e-04	220056634.000000	0.000000e+00
1.380396e+01	1.721627e+00	1.160792e-04	219972918.000000	0.000000e+00
1.380595e+01	1.721633e+00	1.160842e-04	219955708.000000	0.000000e+00
1.380795e+01	1.721223e+00	1.160797e-04	219868104.000000	0.000000e+00
1.380994e+01	1.720879e+00	1.160835e-04	219765376.000000	0.000000e+00
1.381194e+01	1.720660e+00	1.160623e-04	219789724.000000	0.000000e+00
1.381393e+01	1.720428e+00	1.160677e-04	219710100.000000	0.000000e+00
1.381593e+01	1.720294e+00	1.160740e-04	219652006.000000	0.000000e+00
1.381792e+01	1.719855e+00	1.160687e-04	219560244.000000	0.000000e+00
1.381991e+01	1.719866e+00	1.160729e-04	219546958.000000	0.000000e+00
1.382191e+01	1.719336e+00	1.160624e-04	219451210.000000	0.000000e+00
1.382390e+01	1.719291e+00	1.160623e-04	219440274.000000	0.000000e+00
1.382590e+01	1.718912e+00	1.160514e-04	219384964.000000	0.000000e+00
1.382789e+01	1.718888e+00	1.160647e-04	219328332.000000	0.000000e+00
1.382989e+01	1.718548e+00	1.160555e-04	219276334.000000	0.000000e+00
1.383188e+01	1.718102e+00	1.160506e-04	219181026.000000	0.000000e+00
1.383388e+01	1.717941e+00	1.160466e-04	219155104.000000	0.000000e+00
1.383587e+01	1.717711e+00	1.160445e-04	219104206.000000	0.000000e+00
1.383787e+01	1.717576e+00	1.160519e-04	219041844.000000	0.000000e+00
1.383986e+01	1.717121e+00	1.160412e-04	218966578.000000	0.000000e+00
1.384186e+01	1.717077e+00	1.160390e-04	218963226.000000	0.000000e+00
1.384385e+01	1.716824e+00	1.160539e-04	218842720.000000	0.000000e+00
1.384584e+01	1.716241e+00	1.160173e-04	218832258.000000	0.000000e+00
1.384784e+01	1.716102e+00	1.160302e-04	218748082.000000	0.000000e+00
1.384983e+01	1.715726e+00	1.160196e-04	218692066.000000	0.000000e+00
1.385183e+01	1.715946e+00	1.160407e-04	218668908.000000	0.000000e+00
1.385382e+01	1.715410e+00	1.160273e-04	218582584.000000	0.000000e+00
1.385582e+01	1.715168e+00	1.160164e-04	218561730.000000	0.000000e+00
1.385781e+01	1.714903e+00	1.160370e-04	218416882.000000	0.000000e+00
1.385981e+01	1.714711e+00	1.160100e-04	218469684.000000	0.000000e+00
1.386180e+01	1.714179e+00	1.160005e-04	218369902.000000	0.000000e+00
1.386380e+01	1.714220e+00	1.160154e-04	218324344.000000	0.000000e+00
1.386579e+01	1.713703e+00	1.160029e-04	218239722.000000	0.000000e+00
1.386779e+01	1.713635e+00	1.160025e-04	218223442.000000	0.000000e+00
1.386978e+01	1.713488e+00	1.160207e-04	218117742.000000	0.000000e+00
1.387178e+01	1.713204e+00	1.160029e-04	218112400.000000	0.000000e+00
1.387377e+01	1.713114e+00	1.160262e-04	218002198.000000	0.000000e+00
1.387576e+01	1.712667e+00	1.159952e-04	218004846.000000	0.000000e+00
1.387776e+01	1.712517e+00	1.160040e-04	217933378.000000	0.000000e+00
1.387975e+01	1.712203e+00	1.160073e-04	217841268.000000	0.000000e+00
1.388175e+01	1.711983e+00	1.160019e-04	217805446.000000	0.000000e+00
1.388374e+01	1.711608e+00	1.159825e-04	217782942.000000	0.000000e+00
1.388574e+01	1.711556e+00	1.159933e-04	217729372.000000	0.000000e+00
1.388773e+01	1.711190e+00	1.160022e-04	217602682.000000	0.000000e+00
1.388973e+01	1.710768e+00	1.159838e-04	217564290.000000	0.000000e+00
1.389172e+01	1.710664e+00	1.159803e-04	217551100.000000	0.000000e+00
1.389372e+01	1.710438e+00	1.159918e-04	217450470.000000	0.000000e+00
1.389571e+01	1.709967e+00	1.159626e-04	217440178.000000	0.000000e+00
1.389771e+01	1.709992e+00	1.159962e-04	217320546.000000	0.000000e+00
1.389970e+01	1.709520e+00	1.159594e-04	217338568.000000	0.000000e+00
1.390169e+01	1.709337e+00	1.159723e-04	217243522.000000	0.000000e+00
1.390369e+01	1.709170e+00	1.159782e-04	217179000.000000	0.000000e+00
1.390568e+01	1.708779e+00	1.159664e-04	217123594.000000	0.000000e+00
1.390768e+01	1.708498e+00	1.159567e-04	217088682.000000	0.000000e+00
1.390967e+01	1.708415e+00	1.159593e-04	217057816.000000	0.000000e+00
1.391167e+01	1.708259e+00	1.159875e-04	216912708.000000	0.000000e+00
1.391366e+01	1.707920e+00	1.159550e-04	216948400.000000	0.000000e+00
1.391566e+01	1.707883e+00	1.159848e-04	216827584.000000	0.000000e+00
1.391765e+01	1.707417e+00	1.159575e-04	216811056.000000	0.000000e+00
1.391965e+01	1.707237e+00	1.159737e-04	216704728.000000	0.000000e+00
1.392164e+01	1.706813e+00	1.159466e-04	216698532.000000	0.000000e+00
1.392364e+01	1.706688e+00	1.159545e-04	216637048.000000	0.000000e+00
1.392563e+01	1.706671e+00	1.159793e-04	216540304.000000	0.000000e+00
1.392763e+01	1.706284e+00	1.159525e-04	216542172.000000	0.000000e+00
1.392962e+01	1.706107e+00	1.159661e-04	216446188.000000	0.000000e+00
1.393161e+01	1.705730e+00	1.159443e-04	216432114.000000	0.000000e+00
1.393361e+01	1.705513e+00	1.159712e-04	216276610.000000	0.000000e+00
1.393560e+01	1.705176e+00	1.159348e-04	216326928.000000	0.000000e+00
1.393760e+01	1.704756e+00	1.159359e-04	216216304.000000	0.000000e+00
1.393959e+01	1.704879e+00	1.159583e-04	216164032.000000	0.000000e+00
1.394159e+01	1.704666e+00	1.159652e-04	216084312.000000	0.000000e+00
1.394358e+01	1.704125e+00	1.159347e-04	216060904.000000	0.000000e+00
1.394558e+01	1.703941e+00	1.159329e-04	216021042.000000	0.000000e+00
1.394757e+01	1.703666e+00	1.159329e-04	215951254.000000	0.000000e+00
1.394957e+01	1.703715e+00	1.159604e-04	215861340.000000	0.000000e+00
1.395156e+01	1.703305e+00	1.159363e-04	215846914.000000	0.000000e+00
1.395356e+01	1.703200e+00	1.159429e-04	215795782.000000	0.000000e+00
1.395555e+01	1.702796e+00	1.159444e-04	215687976.000000	0.000000e+00
1.395755e+01	1.702727e+00	1.159397e-04	215687830.000000	0.000000e+00
1.395954e+01	1.702416e+00	1.159537e-04	215556996.000000	0.000000e+00
1.396153e+01	1.702223e+00	1.159332e-04	215584306.000000	0.000000e+00
1.396353e+01	1.701999e+00	1.159545e-04	215448498.000000	0.000000e+00
1.396552e+01	1.701501e+00	1.159253e-04	215430868.000000	0.000000e+00
1.396752e+01	1.701539e+00	1.159364e-04	215399008.000000	0.000000e+00
1.396951e+01	1.701206e+00	1.159450e-04	215283018.000000	0.000000e+00
1.397151e+01	1.700966e+00	1.159184e-04	215321170.000000	0.000000e+00
1.397350e+01	1.700896e+00	1.159579e-04	215156688.000000	0.000000e+00
1.397550e+01	1.700290e+00	1.159252e-04	215124514.000000	0.000000e+00
1.397749e+01	1.700494e+00	1.159529e-04	215073502.000000	0.000000e+00
1.397949e+01	1.699849e+00	1.159188e-04	215037030.000000	0.000000e+00
1.398148e+01	1.699874e+00	1.159369e-04	214976002.000000	0.000000e+00
1.398348e+01	1.699547e+00	1.159308e-04	214916076.000000	0.000000e+00
1.398547e+01	1.699306e+00	1.159339e-04	214843492.000000	0.000000e+00
1.398746e+01	1.699080e+00	1.159357e-04	214779864.000000	0.000000e+00
1.398946e+01	1.699120e+00	1.159348e-04	214793332.000000	0.000000e+00
1.399145e+01	1.698301e+00	1.159124e-04	214668892.000000	0.000000e+00
1.399345e+01	1.698427e+00	1.159261e-04	214650090.000000	0.000000e+00
1.399544e+01	1.698209e+00	1.159452e-04	214524322.000000	0.000000e+00
1.399744e+01	1.698135e+00	1.159410e-04	214521192.000000	0.000000e+00
1.399943e+01	1.697886e+00	1.159473e-04	214434922.000000	0.000000e+00
1.400143e+01	1.697361e+00	1.159163e-04	214417230.000000	0.000000e+00
1.400342e+01	1.697373e+00	1.159411e-04	214328422.000000	0.000000e+00
1.400542e+01	1.696798e+00	1.159196e-04	214262770.000000	0.000000e+00
1.400741e+01	1.696924e+00	1.159355e-04	214235640.000000	0.000000e+00
1.400941e+01	1.696583e+00	1.159255e-04	214186522.000000	0.000000e+00
1.401140e+01	1.696010e+00	1.159008e-04	214132878.000000	0.000000e+00
1.401340e+01	1.695932e+00	1.159303e-04	214004590.000000	0.000000e+00
1.401539e+01	1.695729e+00	1.159149e-04	214010146.000000	0.000000e+00
1.401738e+01	1.695682e+00	1.159448e-04	213887946.000000	0.000000e+00
1.401938e+01	1.695457e+00	1.159241e-04	213907540.000000	0.000000e+00
1.402137e+01	1.694964e+00	1.159153e-04	213815730.000000	0.000000e+00
1.402337e+01	1.695058e+00	1.159440e-04	213733402.000000	0.000000e+00
1.402536e+01	1.694544e+00	1.159103e-04	213728124.000000	0.000000e+00
1.402736e+01	1.694506e+00	1.159335e-04	213633148.000000	0.000000e+00
1.402935e+01	1.694209e+00	1.159155e-04	213624496.000000	0.000000e+00
1.403135e+01	1.693940e+00	1.159360e-04	213481032.000000	0.000000e+00
1.403334e+01	1.693723e+00	1.159196e-04	213486922.000000	0.000000e+00
1.403534e+01	1.693527e+00	1.159273e-04	213409200.000000	0.000000e+00
1.403733e+01	1.693532e+00	1.159413e-04	213358798.000000	0.000000e+00
1.403933e+01	1.692926e+00	1.159132e-04	213309576.000000	0.000000e+00
1.404132e+01	1.692838e+00	1.159343e-04	213209536.000000	0.000000e+00
1.404331e+01	1.692488e+00	1.159185e-04	213179536.000000	0.000000e+00
1.404531e+01	1.692390e+00	1.159220e-04	213142092.000000	0.000000e+00
1.404730e+01	1.692339e+00	1.159414e-04	213057898.000000	0.000000e+00
1.404930e+01	1.691843e+00	1.159264e-04	212987970.000000	0.000000e+00
1.405129e+01	1.691757e+00	1.159410e-04	212912842.000000	0.000000e+00
1.405329e+01	1.691539e+00	1.159189e-04	212938944.000000	0.000000e+00
1.405528e+01	1.691121e+00	1.159293e-04	212795986.000000	0.000000e+00
1.405728e+01	1.691040e+00	1.159237e-04	212796082.000000	0.000000e+00
1.405927e+01	1.690824e+00	1.159323e-04	212709984.000000	0.000000e+00
1.406127e+01	1.690430e+00	1.159244e-04	212640052.000000	0.000000e+00
1.406326e+01	1.690362e+00	1.159349e-04	212584158.000000	0.000000e+00
1.406526e+01	1.690191e+00	1.159393e-04	212525050.000000	0.000000e+00
1.406725e+01	1.689816e+00	1.159238e-04	212487634.000000	0.000000e+00
1.406925e+01	1.689704e+00	1.159227e-04	212463420.000000	0.000000e+00
1.407124e+01	1.689284e+00	1.159238e-04	212354062.000000	0.000000e+00
1.407323e+01	1.689373e+00	1.159425e-04	212307828.000000	0.000000e+00
1.407523e+01	1.689041e+00	1.159508e-04	212193898.000000	0.000000e+00
1.407722e+01	1.688927e+00	1.159251e-04	212259486.000000	0.000000e+00
1.407922e+01	1.688685e+00	1.159643e-04	212055004.000000	0.000000e+00
1.408121e+01	1.688387e+00	1.159344e-04	212089342.000000	0.000000e+00
1.408321e+01	1.688043e+00	1.159262e-04	212033082.000000	0.000000e+00
1.408520e+01	1.687815e+00	1.159433e-04	211913290.000000	0.000000e+00
1.408720e+01	1.687726e+00	1.159339e-04	211925196.000000	0.000000e+00
1.408919e+01	1.687369e+00	1.159436e-04	211800394.000000	0.000000e+00
1.409119e+01	1.687533e+00	1.159570e-04	211792584.000000	0.000000e+00
1.409318e+01	1.687128e+00	1.159493e-04	211718794.000000	0.000000e+00
1.409518e+01	1.686913e+00	1.159528e-04	211652230.000000	0.000000e+00
1.409717e+01	1.686577e+00	1.159400e-04	211614516.000000	0.000000e+00
1.409916e+01	1.686416e+00	1.159617e-04	211495138.000000	0.000000e+00
1.410116e+01	1.686102e+00	1.159363e-04	211508952.000000	0.000000e+00
1.410315e+01	1.685981e+00	1.159536e-04	211415380.000000	0.000000e+00
1.410515e+01	1.685782e+00	1.159533e-04	211366716.000000	0.000000e+00
1.410714e+01	1.685549e+00	1.159557e-04	211299640.000000	0.000000e+00
1.410914e+01	1.685307e+00	1.159568e-04	211235008.000000	0.000000e+00
1.411113e+01	1.685207e+00	1.159562e-04	211212180.000000	0.000000e+00
1.411313e+01	1.684925e+00	1.159730e-04	211080070.000000	0.000000e+00
1.411512e+01	1.684626e+00	1.159426e-04	211115676.000000	0.000000e+00
1.411712e+01	1.684406e+00	1.159538e-04	211019926.000000	0.000000e+00
1.411911e+01	1.684404e+00	1.159798e-04	210925012.000000	0.000000e+00
1.412111e+01	1.684015e+00	1.159630e-04	210888558.000000	0.000000e+00
1.412310e+01	1.683817e+00	1.159632e-04	210838378.000000	0.000000e+00
1.412510e+01	1.683406e+00	1.159530e-04	210772242.000000	0.000000e+00
1.412709e+01	1.683535e+00	1.159796e-04	210708052.000000	0.000000e+00
1.412908e+01	1.683185e+00	1.159711e-04	210651420.000000	0.000000e+00
1.413108e+01	1.682845e+00	1.159703e-04	210569050.000000	0.000000e+00
1.413307e+01	1.682904e+00	1.159813e-04	210543754.000000	0.000000e+00
1.413507e+01	1.682520e+00	1.159744e-04	210473046.000000	0.000000e+00
1.413706e+01	1.682270e+00	1.159812e-04	210385570.000000	0.000000e+00
1.413906e+01	1.681970e+00	1.159591e-04	210391068.000000	0.000000e+00
1.414105e+01	1.682018e+00	1.159896e-04	210292204.000000	0.000000e+00
1.414305e+01	1.681600e+00	1.159733e-04	210246762.000000	0.000000e+00
1.414504e+01	1.681397e+00	1.159677e-04	210216262.000000	0.000000e+00
1.414704e+01	1.681363e+00	1.159971e-04	210101290.000000	0.000000e+00
1.414903e+01	1.681345e+00	1.160126e-04	210040524.000000	0.000000e+00
1.415103e+01	1.680758e+00	1.159875e-04	209985022.000000	0.000000e+00
1.415302e+01	1.680357e+00	1.159654e-04	209964756.000000	0.000000e+00
1.415502e+01	1.680150e+00	1.159678e-04	209904226.000000	0.000000e+00
1.415701e+01	1.680285e+00	1.160118e-04	209778838.000000	0.000000e+00
1.415900e+01	1.679920e+00	1.159860e-04	209781066.000000	0.000000e+00
1.416100e+01	1.679814e+00	1.160046e-04	209687272.000000	0.000000e+00
1.416299e+01	1.679474e+00	1.159886e-04	209660328.000000	0.000000e+00
1.416499e+01	1.679309e+00	1.160007e-04	209575096.000000	0.000000e+00
1.416698e+01	1.678989e+00	1.159913e-04	209529264.000000	0.000000e+00
1.416898e+01	1.678871e+00	1.160095e-04	209434234.000000	0.000000e+00
1.417097e+01	1.678719e+00	1.160043e-04	209415094.000000	0.000000e+00
1.417297e+01	1.678376e+00	1.160040e-04	209330520.000000	0.000000e+00
1.417496e+01	1.678110e+00	1.159908e-04	209311552.000000	0.000000e+00
1.417696e+01	1.677884e+00	1.160077e-04	209194710.000000	0.000000e+00
1.417895e+01	1.677825e+00	1.160143e-04	209155942.000000	0.000000e+00
1.418095e+01	1.677677e+00	1.160194e-04	209100798.000000	0.000000e+00
1.418294e+01	1.677371e+00	1.160064e-04	209071384.000000	0.000000e+00
1.418493e+01	1.677223e+00	1.160196e-04	208986712.000000	0.000000e+00
1.418693e+01	1.676789e+00	1.160105e-04	208911366.000000	0.000000e+00
1.418892e+01	1.676722e+00	1.160117e-04	208890442.000000	0.000000e+00
1.419092e+01	1.676698e+00	1.160509e-04	208743240.000000	0.000000e+00
1.419291e+01	1.676505e+00	1.160226e-04	208797136.000000	0.000000e+00
1.419491e+01	1.676052e+00	1.160336e-04	208644726.000000	0.000000e+00
1.419690e+01	1.675774e+00	1.160106e-04	208658428.000000	0.000000e+00
1.419890e+01	1.675671e+00	1.160310e-04	208559338.000000	0.000000e+00
1.420089e+01	1.675526e+00	1.160350e-04	208508664.000000	0.000000e+00
1.420289e+01	1.675413e+00	1.160505e-04	208425142.000000	0.000000e+00
1.420488e+01	1.675091e+00	1.160389e-04	208386438.000000	0.000000e+00
1.420688e+01	1.674999e+00	1.160612e-04	208283518.000000	0.000000e+00
1.420887e+01	1.674836e+00	1.160481e-04	208289956.000000	0.000000e+00
1.421087e+01	1.674652e+00	1.160604e-04	208200126.000000	0.000000e+00
1.421286e+01	1.674535e+00	1.160686e-04	208141672.000000	0.000000e+00
1.421485e+01	1.674382e+00	1.160696e-04	208100154.000000	0.000000e+00
1.421685e+01	1.674007e+00	1.160676e-04	208013872.000000	0.000000e+00
1.421884e+01	1.673778e+00	1.160722e-04	207940572.000000	0.000000e+00
1.422084e+01	1.673725e+00	1.160701e-04	207934828.000000	0.000000e+00
1.422283e+01	1.673510e+00	1.160927e-04	207800806.000000	0.000000e+00
1.422483e+01	1.673196e+00	1.160744e-04	207788040.000000	0.000000e+00
1.422682e+01	1.673062e+00	1.160886e-04	207703792.000000	0.000000e+00
1.422882e+01	1.672853e+00	1.160747e-04	207701802.000000	0.000000e+00
1.423081e+01	1.672611e+00	1.160933e-04	207575242.000000	0.000000e+00
1.423281e+01	1.672439e+00	1.160795e-04	207582066.000000	0.000000e+00
1.423480e+01	1.672194e+00	1.161091e-04	207415258.000000	0.000000e+00
1.423680e+01	1.671849e+00	1.160772e-04	207443680.000000	0.000000e+00
1.423879e+01	1.671852e+00	1.161079e-04	207334944.000000	0.000000e+00
1.424078e+01	1.671434e+00	1.160853e-04	207312028.000000	0.000000e+00
1.424278e+01	1.671354e+00	1.160993e-04	207242004.000000	0.000000e+00
1.424477e+01	1.670972e+00	1.161035e-04	207132400.000000	0.000000e+00
1.424677e+01	1.671153e+00	1.161155e-04	207134292.000000	0.000000e+00
1.424876e+01	1.670791e+00	1.161168e-04	207040036.000000	0.000000e+00
1.425076e+01	1.670509e+00	1.161032e-04	207018634.000000	0.000000e+00
1.425275e+01	1.670239e+00	1.161135e-04	206914926.000000	0.000000e+00
1.425475e+01	1.670160e+00	1.161190e-04	206875822.000000	0.000000e+00
1.425674e+01	1.669993e+00	1.161378e-04	206767296.000000	0.000000e+00
1.425874e+01	1.669839e+00	1.161289e-04	206761006.000000	0.000000e+00
1.426073e+01	1.669649e+00	1.161326e-04	206700604.000000	0.000000e+00
1.426273e+01	1.669308e+00	1.161230e-04	206650518.000000	0.000000e+00
1.426472e+01	1.669241e+00	1.161403e-04	206572396.000000	0.000000e+00
1.426672e+01	1.668976e+00	1.161562e-04	206450280.000000	0.000000e+00
1.426871e+01	1.669020e+00	1.161528e-04	206473108.000000	0.000000e+00
1.427070e+01	1.668422e+00	1.161375e-04	206379750.000000	0.000000e+00
1.427270e+01	1.668259e+00	1.161507e-04	206292508.000000	0.000000e+00
1.427469e+01	1.668254e+00	1.161474e-04	206302828.000000	0.000000e+00
1.427669e+01	1.668168e+00	1.161822e-04	206158176.000000	0.000000e+00
1.427868e+01	1.667847e+00	1.161566e-04	206169544.000000	0.000000e+00
1.428068e+01	1.667629e+00	1.161681e-04	206074866.000000	0.000000e+00
1.428267e+01	1.667647e+00	1.161930e-04	205991302.000000	0.000000e+00
1.428467e+01	1.667214e+00	1.161692e-04	205968588.000000	0.000000e+00
1.428666e+01	1.667114e+00	1.161816e-04	205899796.000000	0.000000e+00
1.428866e+01	1.666933e+00	1.161995e-04	205791700.000000	0.000000e+00
1.429065e+01	1.666740e+00	1.161857e-04	205792938.000000	0.000000e+00
1.429265e+01	1.666452e+00	1.161903e-04	205705396.000000	0.000000e+00
1.429464e+01	1.666210e+00	1.161948e-04	205629792.000000	0.000000e+00
1.429663e+01	1.666123e+00	1.162003e-04	205588816.000000	0.000000e+00
1.429863e+01	1.665947e+00	1.162050e-04	205528920.000000	0.000000e+00
1.430062e+01	1.665808e+00	1.162178e-04	205449106.000000	0.000000e+00
1.430262e+01	1.665742e+00	1.162231e-04	205414318.000000	0.000000e+00
1.430461e+01	1.665150e+00	1.162020e-04	205342668.000000	0.000000e+00
1.430661e+01	1.665261e+00	1.162339e-04	205257580.000000	0.000000e+00
1.430860e+01	1.665036e+00	1.162210e-04	205247664.000000	0.000000e+00
1.431060e+01	1.664820e+00	1.162326e-04	205153348.000000	0.000000e+00
1.431259e+01	1.664720e+00	1.162421e-04	205095346.000000	0.000000e+00
1.431459e+01	1.664243e+00	1.162272e-04	205030350.000000	0.000000e+00
1.431658e+01	1.664069e+00	1.162300e-04	204977578.000000	0.000000e+00
1.431858e+01	1.664109e+00	1.162501e-04	204916272.000000	0.000000e+00
1.432057e+01	1.664075e+00	1.162906e-04	204765466.000000	0.000000e+00
1.432257e+01	1.663426e+00	1.162179e-04	204861696.000000	0.000000e+00
1.432456e+01	1.663450e+00	1.162723e-04	204675898.000000	0.000000e+00
1.432655e+01	1.663244e+00	1.162532e-04	204692404.000000	0.000000e+00
1.432855e+01	1.662938e+00	1.162666e-04	204570204.000000	0.000000e+00
1.433054e+01	1.662840e+00	1.162585e-04	204574516.000000	0.000000e+00
1.433254e+01	1.662691e+00	1.162841e-04	204447810.000000	0.000000e+00
1.433453e+01	1.662699e+00	1.162890e-04	204432622.000000	0.000000e+00
1.433653e+01	1.662251e+00	1.162733e-04	204377622.000000	0.000000e+00
1.433852e+01	1.662226e+00	1.162938e-04	204299428.000000	0.000000e+00
1.434052e+01	1.661980e+00	1.163038e-04	204203890.000000	0.000000e+00
1.434251e+01	1.661859e+00	1.163091e-04	204155310.000000	0.000000e+00
1.434451e+01	1.661682e+00	1.163106e-04	204106558.000000	0.000000e+00
1.434650e+01	1.661261e+00	1.162938e-04	204062046.000000	0.000000e+00
1.434850e+01	1.661074e+00	1.162985e-04	203999818.000000	0.000000e+00
1.435049e+01	1.660898e+00	1.163212e-04	203876854.000000	0.000000e+00
1.435249e+01	1.660706e+00	1.163145e-04	203853456.000000	0.000000e+00
1.435448e+01	1.660694e+00	1.163214e-04	203826202.000000	0.000000e+00
1.435647e+01	1.660566e+00	1.163399e-04	203729958.000000	0.000000e+00
1.435847e+01	1.660410e+00	1.163505e-04	203654518.000000	0.000000e+00
1.436046e+01	1.660173e+00	1.163456e-04	203613564.000000	0.000000e+00
1.436246e+01	1.659741e+00	1.163310e-04	203558872.000000	0.000000e+00
1.436445e+01	1.659690e+00	1.163605e-04	203443240.000000	0.000000e+00
1.436645e+01	1.659603e+00	1.163536e-04	203445966.000000	0.000000e+00
1.436844e+01	1.659487e+00	1.163762e-04	203338342.000000	0.000000e+00
1.437044e+01	1.659275e+00	1.163638e-04	203329752.000000	0.000000e+00
1.437243e+01	1.658771e+00	1.163643e-04	203204638.000000	0.000000e+00
1.437443e+01	1.658899e+00	1.163862e-04	203159226.000000	0.000000e+00
1.437642e+01	1.658829e+00	1.163909e-04	203125828.000000	0.000000e+00
1.437842e+01	1.658661e+00	1.164044e-04	203037628.000000	0.000000e+00
1.438041e+01	1.658281e+00	1.163855e-04	203010378.000000	0.000000e+00
1.438240e+01	1.658061e+00	1.163973e-04	202915294.000000	0.000000e+00
1.438440e+01	1.658074e+00	1.164062e-04	202887822.000000	0.000000e+00
1.438639e+01	1.657840e+00	1.164269e-04	202758088.000000	0.000000e+00
1.438839e+01	1.657570e+00	1.164117e-04	202745046.000000	0.000000e+00
1.439038e+01	1.657506e+00	1.164208e-04	202697914.000000	0.000000e+00
1.439238e+01	1.657083e+00	1.164155e-04	202612876.000000	0.000000e+00
1.439437e+01	1.657064e+00	1.164377e-04	202530990.000000	0.000000e+00
1.439637e+01	1.657063e+00	1.164553e-04	202469626.000000	0.000000e+00
1.439836e+01	1.656606e+00	1.164306e-04	202443678.000000	0.000000e+00
1.440036e+01	1.656737e+00	1.164606e-04	202371136.000000	0.000000e+00
1.440235e+01	1.656435e+00	1.164721e-04	202257820.000000	0.000000e+00
1.440435e+01	1.656039e+00	1.164561e-04	202216452.000000	0.000000e+00
1.440634e+01	1.655816e+00	1.164511e-04	202179442.000000	0.000000e+00
1.440834e+01	1.655590e+00	1.164474e-04	202137084.000000	0.000000e+00
1.441033e+01	1.655755e+00	1.164896e-04	202030978.000000	0.000000e+00
1.441232e+01	1.655430e+00	1.164802e-04	201984006.000000	0.000000e+00
1.441432e+01	1.655237e+00	1.164818e-04	201931690.000000	0.000000e+00
1.441631e+01	1.655385e+00	1.165194e-04	201837160.000000	0.000000e+00
1.441831e+01	1.654994e+00	1.164997e-04	201810252.000000	0.000000e+00
1.442030e+01	1.654882e+00	1.165117e-04	201741454.000000	0.000000e+00
1.442230e+01	1.654734e+00	1.165281e-04	201648492.000000	0.000000e+00
1.442429e+01	1.654470e+00	1.165217e-04	201606484.000000	0.000000e+00
1.442629e+01	1.654064e+00	1.165188e-04	201517608.000000	0.000000e+00
1.442828e+01	1.654108e+00	1.165272e-04	201499132.000000	0.000000e+00
1.443028e+01	1.653930e+00	1.165348e-04	201429568.000000	0.000000e+00
1.443227e+01	1.653804e+00	1.165455e-04	201361848.000000	0.000000e+00
1.443427e+01	1.653641e+00	1.165626e-04	201262870.000000	0.000000e+00
1.443626e+01	1.653341e+00	1.165536e-04	201221220.000000	0.000000e+00
1.443826e+01	1.653137e+00	1.165417e-04	201212512.000000	0.000000e+00
1.444025e+01	1.653048e+00	1.165834e-04	201047124.000000	0.000000e+00
1.444224e+01	1.652703e+00	1.165541e-04	201063898.000000	0.000000e+00
1.444424e+01	1.652800e+00	1.165847e-04	200982334.000000	0.000000e+00
1.444623e+01	1.652610e+00	1.165972e-04	200892732.000000	0.000000e+00
1.444823e+01	1.652423e+00	1.165988e-04	200841910.000000	0.000000e+00
1.445022e+01	1.652192e+00	1.165997e-04	200782782.000000	0.000000e+00
1.445222e+01	1.651960e+00	1.165922e-04	200752102.000000	0.000000e+00
1.445421e+01	1.651728e+00	1.166123e-04	200626648.000000	0.000000e+00
1.445621e+01	1.651462e+00	1.166030e-04	200593950.000000	0.000000e+00
1.445820e+01	1.651740e+00	1.166311e-04	200564830.000000	0.000000e+00
1.446020e+01	1.651447e+00	1.166505e-04	200427108.000000	0.000000e+00
1.446219e+01	1.651390e+00	1.166455e-04	200430226.000000	0.000000e+00
1.446419e+01	1.651075e+00	1.166593e-04	200306334.000000	0.000000e+00
1.446618e+01	1.650863e+00	1.166444e-04	200306350.000000	0.000000e+00
1.446817e+01	1.650905e+00	1.166735e-04	200216404.000000	0.000000e+00
1.447017e+01	1.650363e+00	1.166552e-04	200147694.000000	0.000000e+00
1.447216e+01	1.650393e+00	1.166737e-04	200091718.000000	0.000000e+00
1.447416e+01	1.650188e+00	1.166809e-04	200017452.000000	0.000000e+00
1.447615e+01	1.649949e+00	1.166835e-04	199950334.000000	0.000000e+00
1.447815e+01	1.649785e+00	1.166764e-04	199934766.000000	0.000000e+00
1.448014e+01	1.649746e+00	1.167087e-04	199814878.000000	0.000000e+00
1.448214e+01	1.649635e+00	1.167175e-04	199758076.000000	0.000000e+00
1.448413e+01	1.649210e+00	1.167102e-04	199680024.000000	0.000000e+00
1.448613e+01	1.649397e+00	1.167271e-04	199667260.000000	0.000000e+00
1.448812e+01	1.649063e+00	1.167338e-04	199563552.000000	0.000000e+00
1.449012e+01	1.649014e+00	1.167423e-04	199522654.000000	0.000000e+00
1.449211e+01	1.648710e+00	1.167414e-04	199452150.000000	0.000000e+00
1.449411e+01	1.648446e+00	1.167522e-04	199351246.000000	0.000000e+00
1.449610e+01	1.648137e+00	1.167308e-04	199349872.000000	0.000000e+00
1.449809e+01	1.648302e+00	1.167677e-04	199263810.000000	0.000000e+00
1.450009e+01	1.648217e+00	1.167834e-04	199189330.000000	0.000000e+00
1.450208e+01	1.647887e+00	1.167719e-04	199148880.000000	0.000000e+00
1.450408e+01	1.647694e+00	1.167881e-04	199047058.000000	0.000000e+00
1.450607e+01	1.647552e+00	1.167910e-04	199002910.000000	0.000000e+00
1.450807e+01	1.647463e+00	1.168035e-04	198939042.000000	0.000000e+00
1.451006e+01	1.647184e+00	1.168104e-04	198847912.000000	0.000000e+00
1.451206e+01	1.647082e+00	1.168196e-04	198792114.000000	0.000000e+00
1.451405e+01	1.647109e+00	1.168252e-04	198779710.000000	0.000000e+00
1.451605e+01	1.646845e+00	1.168386e-04	198670236.000000	0.000000e+00
1.451804e+01	1.646504e+00	1.168251e-04	198633916.000000	0.000000e+00
1.452004e+01	1.646580e+00	1.168651e-04	198516184.000000	0.000000e+00
1.452203e+01	1.646313e+00	1.168527e-04	198493980.000000	0.000000e+00
1.452402e+01	1.646200e+00	1.168561e-04	198454954.000000	0.000000e+00
1.452602e+01	1.646031e+00	1.168773e-04	198342354.000000	0.000000e+00
1.452801e+01	1.645845e+00	1.168832e-04	198277846.000000	0.000000e+00
1.453001e+01	1.645528e+00	1.168684e-04	198251388.000000	0.000000e+00
1.453200e+01	1.645490e+00	1.168845e-04	198187642.000000	0.000000e+00
1.453400e+01	1.645257e+00	1.168934e-04	198101566.000000	0.000000e+00
1.453599e+01	1.645261e+00	1.169116e-04	198040584.000000	0.000000e+00
1.453799e+01	1.645159e+00	1.169281e-04	197960206.000000	0.000000e+00
1.453998e+01	1.644921e+00	1.169270e-04	197906694.000000	0.000000e+00
1.454198e+01	1.644765e+00	1.169358e-04	197839552.000000	0.000000e+00
1.454397e+01	1.644474e+00	1.169334e-04	197777518.000000	0.000000e+00
1.454597e+01	1.644121e+00	1.169258e-04	197718354.000000	0.000000e+00
1.454796e+01	1.644252e+00	1.169501e-04	197667586.000000	0.000000e+00
1.454996e+01	1.644041e+00	1.169659e-04	197563464.000000	0.000000e+00
1.455195e+01	1.644048e+00	1.169775e-04	197526010.000000	0.000000e+00
1.455394e+01	1.643843e+00	1.169725e-04	197493522.000000	0.000000e+00
1.455594e+01	1.643786e+00	1.170090e-04	197356840.000000	0.000000e+00
1.455793e+01	1.643381e+00	1.169896e-04	197325010.000000	0.000000e+00
1.455993e+01	1.643138e+00	1.169957e-04	197245890.000000	0.000000e+00
1.456192e+01	1.643170e+00	1.170057e-04	197219950.000000	0.000000e+00
1.456392e+01	1.642999e+00	1.170150e-04	197147820.000000	0.000000e+00
1.456591e+01	1.642896e+00	1.170367e-04	197049874.000000	0.000000e+00
1.456791e+01	1.642506e+00	1.170204e-04	197011326.000000	0.000000e+00
1.456990e+01	1.642474e+00	1.170373e-04	196946584.000000	0.000000e+00
1.457190e+01	1.642293e+00	1.170408e-04	196891516.000000	0.000000e+00
1.457389e+01	1.642270e+00	1.170664e-04	196799976.000000	0.000000e+00
1.457589e+01	1.642041e+00	1.170791e-04	196701964.000000	0.000000e+00
1.457788e+01	1.642072e+00	1.170821e-04	196699578.000000	0.000000e+00
1.457988e+01	1.641723e+00	1.170705e-04	196654834.000000	0.000000e+00
1.458187e+01	1.641584e+00	1.170982e-04	196528656.000000	0.000000e+00
1.458386e+01	1.641697e+00	1.171227e-04	196473370.000000	0.000000e+00
1.458586e+01	1.641532e+00	1.171249e-04	196426444.000000	0.000000e+00
1.458785e+01	1.641323e+00	1.171239e-04	196379928.000000	0.000000e+00
1.458985e+01	1.640939e+00	1.171292e-04	196270336.000000	0.000000e+00
1.459184e+01	1.640974e+00	1.171494e-04	196210776.000000	0.000000e+00
1.459384e+01	1.640526e+00	1.171291e-04	196171804.000000	0.000000e+00
1.459583e+01	1.640617e+00	1.171557e-04	196104364.000000	0.000000e+00
1.459783e+01	1.640290e+00	1.171614e-04	196007346.000000	0.000000e+00
1.459982e+01	1.640096e+00	1.171584e-04	195970810.000000	0.000000e+00
1.460182e+01	1.640242e+00	1.171849e-04	195917268.000000	0.000000e+00
1.460381e+01	1.639989e+00	1.171988e-04	195810274.000000	0.000000e+00
1.460581e+01	1.640020e+00	1.172139e-04	195767172.000000	0.000000e+00
1.460780e+01	1.639681e+00	1.172000e-04	195732706.000000	0.000000e+00
1.460979e+01	1.639610e+00	1.172308e-04	195612868.000000	0.000000e+00
1.461179e+01	1.639204e+00	1.172100e-04	195585660.000000	0.000000e+00
1.461378e+01	1.639220e+00	1.172309e-04	195519616.000000	0.000000e+00
1.461578e+01	1.638950e+00	1.172393e-04	195427248.000000	0.000000e+00
1.461777e+01	1.638872e+00	1.172498e-04	195373492.000000	0.000000e+00
1.461977e+01	1.638659e+00	1.172463e-04	195334494.000000	0.000000e+00
1.462176e+01	1.638570e+00	1.172695e-04	195235834.000000	0.000000e+00
1.462376e+01	1.638470e+00	1.172820e-04	195170650.000000	0.000000e+00
1.462575e+01	1.638470e+00	1.172996e-04	195112080.000000	0.000000e+00
1.462775e+01	1.638152e+00	1.172973e-04	195043870.000000	0.000000e+00
1.462974e+01	1.637928e+00	1.172919e-04	195008586.000000	0.000000e+00
1.463174e+01	1.638049e+00	1.173311e-04	194907184.000000	0.000000e+00
1.463373e+01	1.637955e+00	1.173539e-04	194808894.000000	0.000000e+00
1.463572e+01	1.637719e+00	1.173386e-04	194803786.000000	0.000000e+00
1.463772e+01	1.637522e+00	1.173425e-04	194744056.000000	0.000000e+00
1.463971e+01	1.637428e+00	1.173589e-04	194667198.000000	0.000000e+00
1.464171e+01	1.637284e+00	1.173677e-04	194603578.000000	0.000000e+00
1.464370e+01	1.636946e+00	1.173756e-04	194497056.000000	0.000000e+00
1.464570e+01	1.636949e+00	1.173794e-04	194485138.000000	0.000000e+00
1.464769e+01	1.636892e+00	1.174129e-04	194360506.000000	0.000000e+00
1.464969e+01	1.636764e+00	1.174141e-04	194326326.000000	0.000000e+00
1.465168e+01	1.636559e+00	1.174202e-04	194257594.000000	0.000000e+00
1.465368e+01	1.636333e+00	1.174253e-04	194187036.000000	0.000000e+00
1.465567e+01	1.636347e+00	1.174425e-04	194133196.000000	0.000000e+00
1.465767e+01	1.636069e+00	1.174434e-04	194064456.000000	0.000000e+00
1.465966e+01	1.636128e+00	1.174624e-04	194015776.000000	0.000000e+00
1.466166e+01	1.635840e+00	1.174786e-04	193893892.000000	0.000000e+00
1.466365e+01	1.635794e+00	1.174829e-04	193868856.000000	0.000000e+00
1.466564e+01	1.635534e+00	1.174798e-04	193817506.000000	0.000000e+00
1.466764e+01	1.635489e+00	1.175054e-04	193722360.000000	0.000000e+00
1.466963e+01	1.635286e+00	1.175114e-04	193654426.000000	0.000000e+00
1.467163e+01	1.635475e+00	1.175324e-04	193630146.000000	0.000000e+00
1.467362e+01	1.635096e+00	1.175269e-04	193558264.000000	0.000000e+00
1.467562e+01	1.634995e+00	1.175453e-04	193473886.000000	0.000000e+00
1.467761e+01	1.634779e+00	1.175629e-04	193364898.000000	0.000000e+00
1.467961e+01	1.634697e+00	1.175513e-04	193383568.000000	0.000000e+00
1.468160e+01	1.634410e+00	1.175805e-04	193219698.000000	0.000000e+00
1.468360e+01	1.634151e+00	1.175704e-04	193191496.000000	0.000000e+00
1.468559e+01	1.634386e+00	1.175977e-04	193157532.000000	0.000000e+00
1.468759e+01	1.634102e+00	1.176098e-04	193050550.000000	0.000000e+00
1.468958e+01	1.633879e+00	1.175887e-04	193067230.000000	0.000000e+00
1.469158e+01	1.633849e+00	1.176430e-04	192882036.000000	0.000000e+00
1.469357e+01	1.633782e+00	1.176330e-04	192898930.000000	0.000000e+00
1.469556e+01	1.633630e+00	1.176556e-04	192788886.000000	0.000000e+00
1.469756e+01	1.633442e+00	1.176523e-04	192755248.000000	0.000000e+00
1.469955e+01	1.633266e+00	1.176769e-04	192633466.000000	0.000000e+00
1.470155e+01	1.633044e+00	1.176628e-04	192627324.000000	0.000000e+00
1.470354e+01	1.632999e+00	1.176777e-04	192567970.000000	0.000000e+00
1.470554e+01	1.633013e+00	1.177190e-04	192435870.000000	0.000000e+00
1.470753e+01	1.632783e+00	1.177112e-04	192407104.000000	0.000000e+00
1.470953e+01	1.632477e+00	1.176989e-04	192375324.000000	0.000000e+00
1.471152e+01	1.632572e+00	1.177380e-04	192270022.000000	0.000000e+00
1.471352e+01	1.632542e+00	1.177636e-04	192179416.000000	0.000000e+00
1.471551e+01	1.632268e+00	1.177533e-04	192148440.000000	0.000000e+00
1.471751e+01	1.632034e+00	1.177521e-04	192097024.000000	0.000000e+00
1.471950e+01	1.631969e+00	1.177780e-04	191997432.000000	0.000000e+00
1.472150e+01	1.631812e+00	1.177844e-04	191939482.000000	0.000000e+00
1.472349e+01	1.631775e+00	1.178085e-04	191852502.000000	0.000000e+00
1.472548e+01	1.631641e+00	1.178054e-04	191831032.000000	0.000000e+00
1.472748e+01	1.631476e+00	1.178180e-04	191751262.000000	0.000000e+00
1.472947e+01	1.631516e+00	1.178543e-04	191642430.000000	0.000000e+00
1.473147e+01	1.631216e+00	1.178354e-04	191633638.000000	0.000000e+00
1.473346e+01	1.631251e+00	1.178742e-04	191515440.000000	0.000000e+00
1.473546e+01	1.630965e+00	1.178676e-04	191469670.000000	0.000000e+00
1.473745e+01	1.630942e+00	1.178856e-04	191406148.000000	0.000000e+00
1.473945e+01	1.630686e+00	1.178792e-04	191366736.000000	0.000000e+00
1.474144e+01	1.630535e+00	1.179102e-04	191230780.000000	0.000000e+00
1.474344e+01	1.630377e+00	1.179030e-04	191217000.000000	0.000000e+00
1.474543e+01	1.630290e+00	1.179238e-04	191129164.000000	0.000000e+00
1.474743e+01	1.630194e+00	1.179277e-04	191093928.000000	0.000000e+00
1.474942e+01	1.630284e+00	1.179690e-04	190981270.000000	0.000000e+00
1.475141e+01	1.630000e+00	1.179572e-04	190952902.000000	0.000000e+00
1.475341e+01	1.629794e+00	1.179658e-04	190876788.000000	0.000000e+00
1.475540e+01	1.629847e+00	1.179977e-04	190786030.000000	0.000000e+00
1.475740e+01	1.629939e+00	1.180092e-04	190770372.000000	0.000000e+00
1.475939e+01	1.629630e+00	1.180272e-04	190639960.000000	0.000000e+00
1.476139e+01	1.629370e+00	1.180157e-04	190616298.000000	0.000000e+00
1.476338e+01	1.629061e+00	1.180303e-04	190496842.000000	0.000000e+00
1.476538e+01	1.629188e+00	1.180306e-04	190525540.000000	0.000000e+00
1.476737e+01	1.628969e+00	1.180750e-04	190331238.000000	0.000000e+00
1.476937e+01	1.628874e+00	1.180668e-04	190335460.000000	0.000000e+00
1.477136e+01	1.628976e+00	1.180949e-04	190268652.000000	0.000000e+00
1.477336e+01	1.628526e+00	1.180859e-04	190192348.000000	0.000000e+00
1.477535e+01	1.628641e+00	1.181113e-04	190137336.000000	0.000000e+00
1.477734e+01	1.628433e+00	1.181139e-04	190080604.000000	0.000000e+00
1.477934e+01	1.628167e+00	1.181286e-04	189971206.000000	0.000000e+00
1.478133e+01	1.628093e+00	1.181337e-04	189937620.000000	0.000000e+00
1.478333e+01	1.627807e+00	1.181351e-04	189866218.000000	0.000000e+00
1.478532e+01	1.628067e+00	1.181752e-04	189798246.000000	0.000000e+00
1.478732e+01	1.627865e+00	1.181827e-04	189726904.000000	0.000000e+00
1.478931e+01	1.627622e+00	1.181931e-04	189636898.000000	0.000000e+00
1.479131e+01	1.627374e+00	1.181887e-04	189593358.000000	0.000000e+00
1.479330e+01	1.627565e+00	1.182183e-04	189542860.000000	0.000000e+00
1.479530e+01	1.627392e+00	1.182332e-04	189454650.000000	0.000000e+00
1.479729e+01	1.627117e+00	1.182437e-04	189357022.000000	0.000000e+00
1.479929e+01	1.627195e+00	1.182643e-04	189309246.000000	0.000000e+00
1.480128e+01	1.626959e+00	1.182591e-04	189271054.000000	0.000000e+00
1.480328e+01	1.627014e+00	1.182925e-04	189177040.000000	0.000000e+00
1.480527e+01	1.626571e+00	1.182768e-04	189124086.000000	0.000000e+00
1.480726e+01	1.626635e+00	1.183100e-04	189033022.000000	0.000000e+00
1.480926e+01	1.626488e+00	1.183114e-04	188994348.000000	0.000000e+00
1.481125e+01	1.626365e+00	1.183246e-04	188923474.000000	0.000000e+00
1.481325e+01	1.626435e+00	1.183632e-04	188816430.000000	0.000000e+00
1.481524e+01	1.626285e+00	1.183595e-04	188793472.000000	0.000000e+00
1.481724e+01	1.626116e+00	1.183786e-04	188693278.000000	0.000000e+00
1.481923e+01	1.625837e+00	1.183596e-04	188689200.000000	0.000000e+00
1.482123e+01	1.625799e+00	1.184115e-04	188514988.000000	0.000000e+00
1.482322e+01	1.625883e+00	1.184081e-04	188545224.000000	0.000000e+00
1.482522e+01	1.625726e+00	1.184427e-04	188398900.000000	0.000000e+00
1.482721e+01	1.625399e+00	1.184181e-04	188401332.000000	0.000000e+00
1.482921e+01	1.625435e+00	1.184547e-04	188293312.000000	0.000000e+00
1.483120e+01	1.625329e+00	1.184661e-04	188232370.000000	0.000000e+00
1.483320e+01	1.625200e+00	1.184765e-04	188169360.000000	0.000000e+00
1.483519e+01	1.625032e+00	1.184895e-04	188089372.000000	0.000000e+00
1.483718e+01	1.624994e+00	1.185041e-04	188034366.000000	0.000000e+00
1.483918e+01	1.624809e+00	1.185111e-04	187969006.000000	0.000000e+00
1.484117e+01	1.624910e+00	1.185485e-04	187873900.000000	0.000000e+00
1.484317e+01	1.624573e+00	1.185436e-04	187811394.000000	0.000000e+00
1.484516e+01	1.624423e+00	1.185520e-04	187750366.000000	0.000000e+00
1.484716e+01	1.624408e+00	1.185680e-04	187696212.000000	0.000000e+00
1.484915e+01	1.624489e+00	1.186040e-04	187600810.000000	0.000000e+00
1.485115e+01	1.624193e+00	1.186018e-04	187539690.000000	0.000000e+00
1.485314e+01	1.624380e+00	1.186304e-04	187492078.000000	0.000000e+00
1.485514e+01	1.624140e+00	1.186324e-04	187430662.000000	0.000000e+00
1.485713e+01	1.623997e+00	1.186533e-04	187331616.000000	0.000000e+00
1.485913e+01	1.623670e+00	1.186484e-04	187271758.000000	0.000000e+00
1.486112e+01	1.623614e+00	1.186664e-04	187201770.000000	0.000000e+00
1.486311e+01	1.623691e+00	1.186815e-04	187171768.000000	0.000000e+00
1.486511e+01	1.623257e+00	1.186924e-04	187037472.000000	0.000000e+00
1.486710e+01	1.623345e+00	1.187012e-04	187030054.000000	0.000000e+00
1.486910e+01	1.623257e+00	1.187270e-04	186928636.000000	0.000000e+00
1.487109e+01	1.623384e+00	1.187581e-04	186860040.000000	0.000000e+00
1.487309e+01	1.622871e+00	1.187403e-04	186797842.000000	0.000000e+00
1.487508e+01	1.622839e+00	1.187671e-04	186705906.000000	0.000000e+00
1.487708e+01	1.622890e+00	1.187795e-04	186679108.000000	0.000000e+00
1.487907e+01	1.622571e+00	1.187987e-04	186545110.000000	0.000000e+00
1.488107e+01	1.622585e+00	1.187850e-04	186591348.000000	0.000000e+00
1.488306e+01	1.622545e+00	1.188443e-04	186396196.000000	0.000000e+00
1.488506e+01	1.622405e+00	1.188436e-04	186366204.000000	0.000000e+00
1.488705e+01	1.622339e+00	1.188492e-04	186333280.000000	0.000000e+00
1.488904e+01	1.621966e+00	1.188599e-04	186214212.000000	0.000000e+00
1.489104e+01	1.622212e+00	1.188779e-04	186214420.000000	0.000000e+00
1.489303e+01	1.622104e+00	1.189075e-04	186096976.000000	0.000000e+00
1.489503e+01	1.621791e+00	1.188979e-04	186055164.000000	0.000000e+00
1.489702e+01	1.621903e+00	1.189310e-04	185977030.000000	0.000000e+00
1.489902e+01	1.621840e+00	1.189594e-04	185874042.000000	0.000000e+00
1.490101e+01	1.621443e+00	1.189352e-04	185858542.000000	0.000000e+00
1.490301e+01	1.621603e+00	1.189703e-04	185785488.000000	0.000000e+00
1.490500e+01	1.621347e+00	1.189839e-04	185684518.000000	0.000000e+00
1.490700e+01	1.621447e+00	1.190212e-04	185591086.000000	0.000000e+00
1.490899e+01	1.621089e+00	1.190002e-04	185574540.000000	0.000000e+00
1.491099e+01	1.621102e+00	1.190260e-04	185496880.000000	0.000000e+00
1.491298e+01	1.620798e+00	1.190328e-04	185406246.000000	0.000000e+00
1.491498e+01	1.620864e+00	1.190628e-04	185328004.000000	0.000000e+00
1.491697e+01	1.620906e+00	1.190691e-04	185318124.000000	0.000000e+00
1.491897e+01	1.620771e+00	1.191036e-04	185179702.000000	0.000000e+00
1.492096e+01	1.620685e+00	1.190959e-04	185184106.000000	0.000000e+00
1.492295e+01	1.620560e+00	1.191393e-04	185020644.000000	0.000000e+00
1.492495e+01	1.620462e+00	1.191329e-04	185018176.000000	0.000000e+00
1.492694e+01	1.620467e+00	1.191563e-04	184946466.000000	0.000000e+00
1.492894e+01	1.619975e+00	1.191561e-04	184835128.000000	0.000000e+00
1.493093e+01	1.620006e+00	1.191708e-04	184796638.000000	0.000000e+00
1.493293e+01	1.620112e+00	1.191940e-04	184748688.000000	0.000000e+00
1.493492e+01	1.619748e+00	1.192019e-04	184641310.000000	0.000000e+00
1.493692e+01	1.619951e+00	1.192377e-04	184576464.000000	0.000000e+00
1.493891e+01	1.619683e+00	1.192283e-04	184544608.000000	0.000000e+00
1.494091e+01	1.619738e+00	1.192754e-04	184411554.000000	0.000000e+00
1.494290e+01	1.619701e+00	1.192696e-04	184421020.000000	0.000000e+00
1.494490e+01	1.619539e+00	1.192989e-04	184293562.000000	0.000000e+00
1.494689e+01	1.619401e+00	1.193108e-04	184225296.000000	0.000000e+00
1.494888e+01	1.619239e+00	1.193033e-04	184211626.000000	0.000000e+00
1.495088e+01	1.619317e+00	1.193599e-04	184054752.000000	0.000000e+00
1.495287e+01	1.619030e+00	1.193540e-04	184007764.000000	0.000000e+00
1.495487e+01	1.618897e+00	1.193486e-04	183994098.000000	0.000000e+00
1.495686e+01	1.618811e+00	1.193721e-04	183901990.000000	0.000000e+00
1.495886e+01	1.618612e+00	1.193812e-04	183828988.000000	0.000000e+00
1.496085e+01	1.618825e+00	1.194346e-04	183712986.000000	0.000000e+00
1.496285e+01	1.618680e+00	1.194299e-04	183694456.000000	0.000000e+00
1.496484e+01	1.618309e+00	1.194283e-04	183615060.000000	0.000000e+00
1.496684e+01	1.618494e+00	1.194664e-04	183540052.000000	0.000000e+00
1.496883e+01	1.618312e+00	1.194838e-04	183445266.000000	0.000000e+00
1.497083e+01	1.618074e+00	1.194724e-04	183426250.000000	0.000000e+00
1.497282e+01	1.618145e+00	1.195014e-04	183353380.000000	0.000000e+00
1.497482e+01	1.618109e+00	1.195286e-04	183261966.000000	0.000000e+00
1.497681e+01	1.617929e+00	1.195461e-04	183167164.000000	0.000000e+00
1.497880e+01	1.617817e+00	1.195563e-04	183110808.000000	0.000000e+00
1.498080e+01	1.617766e+00	1.195602e-04	183087280.000000	0.000000e+00
1.498279e+01	1.617757e+00	1.196002e-04	182962876.000000	0.000000e+00
1.498479e+01	1.617646e+00	1.196048e-04	182923560.000000	0.000000e+00
1.498678e+01	1.617356e+00	1.196015e-04	182868076.000000	0.000000e+00
1.498878e+01	1.617465e+00	1.196570e-04	182723112.000000	0.000000e+00
1.499077e+01	1.617467e+00	1.196694e-04	182685850.000000	0.000000e+00
1.499277e+01	1.617108e+00	1.196571e-04	182642160.000000	0.000000e+00
1.499476e+01	1.617277e+00	1.196940e-04	182567602.000000	0.000000e+00
1.499676e+01	1.617180e+00	1.197106e-04	182495254.000000	0.000000e+00
1.499875e+01	1.617059e+00	1.197301e-04	182408520.000000	0.000000e+00
1.500075e+01	1.617188e+00	1.197476e-04	182384170.000000	0.000000e+00
1.500274e+01	1.616950e+00	1.197616e-04	182288070.000000	0.000000e+00
1.500473e+01	1.616816e+00	1.197884e-04	182176162.000000	0.000000e+00
1.500673e+01	1.616711e+00	1.197935e-04	182137092.000000	0.000000e+00
1.500872e+01	1.616642e+00	1.198092e-04	182073730.000000	0.000000e+00
1.501072e+01	1.616608e+00	1.198157e-04	182046310.000000	0.000000e+00
1.501271e+01	1.616234e+00	1.198406e-04	181886610.000000	0.000000e+00
1.501471e+01	1.616367e+00	1.198639e-04	181845748.000000	0.000000e+00
1.501670e+01	1.616315e+00	1.198682e-04	181820796.000000	0.000000e+00
1.501870e+01	1.616114e+00	1.198927e-04	181701508.000000	0.000000e+00
1.502069e+01	1.616094e+00	1.199141e-04	181631988.000000	0.000000e+00
1.502269e+01	1.616097e+00	1.199352e-04	181569064.000000	0.000000e+00
1.502468e+01	1.615813e+00	1.199273e-04	181528942.000000	0.000000e+00
1.502668e+01	1.615937e+00	1.199744e-04	181414548.000000	0.000000e+00
1.502867e+01	1.615881e+00	1.199886e-04	181359016.000000	0.000000e+00
1.503067e+01	1.615672e+00	1.199762e-04	181349256.000000	0.000000e+00
1.503266e+01	1.615539e+00	1.200165e-04	181197808.000000	0.000000e+00
1.503465e+01	1.615364e+00	1.200173e-04	181156210.000000	0.000000e+00
1.503665e+01	1.615259e+00	1.200374e-04	181072074.000000	0.000000e+00
1.503864e+01	1.615338e+00	1.200671e-04	181000030.000000	0.000000e+00
1.504064e+01	1.615112e+00	1.200632e-04	180961308.000000	0.000000e+00
1.504263e+01	1.615224e+00	1.201054e-04	180859258.000000	0.000000e+00
1.504463e+01	1.615357e+00	1.201357e-04	180797514.000000	0.000000e+00
1.504662e+01	1.615056e+00	1.201317e-04	180742378.000000	0.000000e+00
1.504862e+01	1.614892e+00	1.201571e-04	180629200.000000	0.000000e+00
1.505061e+01	1.614863e+00	1.201619e-04	180608370.000000	0.000000e+00
1.505261e+01	1.614867e+00	1.201955e-04	180508414.000000	0.000000e+00
1.505460e+01	1.614875e+00	1.202109e-04	180463860.000000	0.000000e+00
1.505660e+01	1.614739e+00	1.202373e-04	180354088.000000	0.000000e+00
1.505859e+01	1.614665e+00	1.202434e-04	180319326.000000	0.000000e+00
1.506058e+01	1.614348e+00	1.202569e-04	180208084.000000	0.000000e+00
1.506258e+01	1.614425e+00	1.202784e-04	180161032.000000	0.000000e+00
1.506457e+01	1.614570e+00	1.203092e-04	180100770.000000	0.000000e+00
1.506657e+01	1.614391e+00	1.203285e-04	180003268.000000	0.000000e+00
1.506856e+01	1.614223e+00	1.203343e-04	179948436.000000	0.000000e+00
1.507056e+01	1.614043e+00	1.203435e-04	179880826.000000	0.000000e+00
1.507255e+01	1.614056e+00	1.203700e-04	179804386.000000	0.000000e+00
1.507455e+01	1.613955e+00	1.203835e-04	179741940.000000	0.000000e+00
1.507654e+01	1.614019e+00	1.204175e-04	179654434.000000	0.000000e+00
1.507854e+01	1.613826e+00	1.204263e-04	179585370.000000	0.000000e+00
1.508053e+01	1.613869e+00	1.204454e-04	179537662.000000	0.000000e+00
1.508253e+01	1.613804e+00	1.204696e-04	179451216.000000	0.000000e+00
1.508452e+01	1.613696e+00	1.204773e-04	179404222.000000	0.000000e+00
1.508652e+01	1.613741e+00	1.205234e-04	179277250.000000	0.000000e+00
1.508851e+01	1.613679e+00	1.205283e-04	179248914.000000	0.000000e+00
1.509050e+01	1.613390e+00	1.205454e-04	179133742.000000	0.000000e+00
1.509250e+01	1.613402e+00	1.205564e-04	179103576.000000	0.000000e+00
1.509449e+01	1.613448e+00	1.205819e-04	179038414.000000	0.000000e+00
1.509649e+01	1.613289e+00	1.206089e-04	178922880.000000	0.000000e+00
1.509848e+01	1.613401e+00	1.206269e-04	178894048.000000	0.000000e+00
1.510048e+01	1.613275e+00	1.206663e-04	178749568.000000	0.000000e+00
1.510247e+01	1.613133e+00	1.206429e-04	178787442.000000	0.000000e+00
1.510447e+01	1.613274e+00	1.206946e-04	178665334.000000	0.000000e+00
1.510646e+01	1.613052e+00	1.207044e-04	178587324.000000	0.000000e+00
1.510846e+01	1.612622e+00	1.206925e-04	178527316.000000	0.000000e+00
1.511045e+01	1.612615e+00	1.207286e-04	178418976.000000	0.000000e+00
1.511245e+01	1.612870e+00	1.207537e-04	178401034.000000	0.000000e+00
1.511444e+01	1.612661e+00	1.207675e-04	178314244.000000	0.000000e+00
1.511644e+01	1.612600e+00	1.207873e-04	178242090.000000	0.000000e+00
1.511843e+01	1.612622e+00	1.208172e-04	178158880.000000	0.000000e+00
1.512042e+01	1.612464e+00	1.208323e-04	178079472.000000	0.000000e+00
1.512242e+01	1.612315e+00	1.208398e-04	178024408.000000	0.000000e+00
1.512441e+01	1.612316e+00	1.208696e-04	177936964.000000	0.000000e+00
1.512641e+01	1.612108e+00	1.208687e-04	177893496.000000	0.000000e+00
1.512840e+01	1.612178e+00	1.209074e-04	177795418.000000	0.000000e+00
1.513040e+01	1.612324e+00	1.209478e-04	177708894.000000	0.000000e+00
1.513239e+01	1.612008e+00	1.209481e-04	177638026.000000	0.000000e+00
1.513439e+01	1.611926e+00	1.209478e-04	177620940.000000	0.000000e+00
1.513638e+01	1.611976e+00	1.209950e-04	177493288.000000	0.000000e+00
1.513838e+01	1.611932e+00	1.210011e-04	177465922.000000	0.000000e+00
1.514037e+01	1.611832e+00	1.210250e-04	177373656.000000	0.000000e+00
1.514237e+01	1.611668e+00	1.210423e-04	177287116.000000	0.000000e+00
1.514436e+01	1.611695e+00	1.210711e-04	177208440.000000	0.000000e+00
1.514635e+01	1.611737e+00	1.210836e-04	177181180.000000	0.000000e+00
1.514835e+01	1.611733e+00	1.211144e-04	177090234.000000	0.000000e+00
1.515034e+01	1.611524e+00	1.211260e-04	177010492.000000	0.000000e+00
1.515234e+01	1.611514e+00	1.211508e-04	176935966.000000	0.000000e+00
1.515433e+01	1.611304e+00	1.211637e-04	176852010.000000	0.000000e+00
1.515633e+01	1.611442e+00	1.211845e-04	176821510.000000	0.000000e+00
1.515832e+01	1.611384e+00	1.212209e-04	176702826.000000	0.000000e+00
1.516032e+01	1.611255e+00	1.212197e-04	176677786.000000	0.000000e+00
1.516231e+01	1.611020e+00	1.212426e-04	176559624.000000	0.000000e+00
1.516431e+01	1.611442e+00	1.212841e-04	176531212.000000	0.000000e+00
1.516630e+01	1.611248e+00	1.213168e-04	176393788.000000	0.000000e+00
1.516830e+01	1.610860e+00	1.213099e-04	176328714.000000	0.000000e+00
1.517029e+01	1.610876e+00	1.213128e-04	176323912.000000	0.000000e+00
1.517229e+01	1.611081e+00	1.213645e-04	176218314.000000	0.000000e+00
1.517428e+01	1.610753e+00	1.213638e-04	176148580.000000	0.000000e+00
1.517627e+01	1.610854e+00	1.214033e-04	176056324.000000	0.000000e+00
1.517827e+01	1.610738e+00	1.214093e-04	176013480.000000	0.000000e+00
1.518026e+01	1.610582e+00	1.214251e-04	175933678.000000	0.000000e+00
1.518226e+01	1.610803e+00	1.214743e-04	175839192.000000	0.000000e+00
1.518425e+01	1.610465e+00	1.214691e-04	175780420.000000	0.000000e+00
1.518625e+01	1.610490e+00	1.214988e-04	175700154.000000	0.000000e+00
1.518824e+01	1.610509e+00	1.215165e-04	175652980.000000	0.000000e+00
1.519024e+01	1.610304e+00	1.215319e-04	175564000.000000	0.000000e+00
1.519223e+01	1.610526e+00	1.215845e-04	175460244.000000	0.000000e+00
1.519423e+01	1.610390e+00	1.215857e-04	175427218.000000	0.000000e+00
1.519622e+01	1.610415e+00	1.216078e-04	175369008.000000	0.000000e+00
1.519822e+01	1.610282e+00	1.216389e-04	175250296.000000	0.000000e+00
1.520021e+01	1.610343e+00	1.216568e-04	175212036.000000	0.000000e+00
1.520220e+01	1.609972e+00	1.216609e-04	175119622.000000	0.000000e+00
1.520420e+01	1.610171e+00	1.217029e-04	175042024.000000	0.000000e+00
1.520619e+01	1.610346e+00	1.217450e-04	174959118.000000	0.000000e+00
1.520819e+01	1.609771e+00	1.217037e-04	174952462.000000	0.000000e+00
1.521018e+01	1.610103e+00	1.217727e-04	174826728.000000	0.000000e+00
1.521218e+01	1.609990e+00	1.217845e-04	174768118.000000	0.000000e+00
1.521417e+01	1.609768e+00	1.217918e-04	174699000.000000	0.000000e+00
1.521617e+01	1.609754e+00	1.218340e-04	174574852.000000	0.000000e+00
1.521816e+01	1.609750e+00	1.218331e-04	174576568.000000	0.000000e+00
1.522016e+01	1.609921e+00	1.218854e-04	174463932.000000	0.000000e+00
1.522215e+01	1.609667e+00	1.218927e-04	174387898.000000	0.000000e+00
1.522415e+01	1.609536e+00	1.219015e-04	174334656.000000	0.000000e+00
1.522614e+01	1.609613e+00	1.219396e-04	174242104.000000	0.000000e+00
1.522814e+01	1.609549e+00	1.219485e-04	174202858.000000	0.000000e+00
1.523013e+01	1.609456e+00	1.219736e-04	174111240.000000	0.000000e+00
1.523212e+01	1.609371e+00	1.220099e-04	173989180.000000	0.000000e+00
1.523412e+01	1.609395e+00	1.220043e-04	174010350.000000	0.000000e+00
1.523611e+01	1.609170e+00	1.220417e-04	173855032.000000	0.000000e+00
1.523811e+01	1.609410e+00	1.220759e-04	173809632.000000	0.000000e+00
1.524010e+01	1.608897e+00	1.220629e-04	173735770.000000	0.000000e+00
1.524210e+01	1.609062e+00	1.220922e-04	173688016.000000	0.000000e+00
1.524409e+01	1.609129e+00	1.221355e-04	173579352.000000	0.000000e+00
1.524609e+01	1.609028e+00	1.221514e-04	173512288.000000	0.000000e+00
1.524808e+01	1.608963e+00	1.221657e-04	173457618.000000	0.000000e+00
1.525008e+01	1.608915e+00	1.221917e-04	173373412.000000	0.000000e+00
1.525207e+01	1.608934e+00	1.222266e-04	173278572.000000	0.000000e+00
1.525407e+01	1.608760e+00	1.222345e-04	173218948.000000	0.000000e+00
1.525606e+01	1.608732e+00	1.222536e-04	173158414.000000	0.000000e+00
1.525806e+01	1.608796e+00	1.222786e-04	173101656.000000	0.000000e+00
1.526005e+01	1.608865e+00	1.223298e-04	172971640.000000	0.000000e+00
1.526204e+01	1.608792e+00	1.223249e-04	172969860.000000	0.000000e+00
1.526404e+01	1.608786e+00	1.223678e-04	172847158.000000	0.000000e+00
1.526603e+01	1.608697e+00	1.223909e-04	172762780.000000	0.000000e+00
1.526803e+01	1.608607e+00	1.223944e-04	172733550.000000	0.000000e+00
1.527002e+01	1.608568e+00	1.224273e-04	172632484.000000	0.000000e+00
1.527202e+01	1.608428e+00	1.224313e-04	172591140.000000	0.000000e+00
1.527401e+01	1.608624e+00	1.224986e-04	172443466.000000	0.000000e+00
1.527601e+01	1.608427e+00	1.224843e-04	172441596.000000	0.000000e+00
1.527800e+01	1.608466e+00	1.225330e-04	172312828.000000	0.000000e+00
1.528000e+01	1.608350e+00	1.225236e-04	172314268.000000	0.000000e+00
1.528199e+01	1.608470e+00	1.225857e-04	172165530.000000	0.000000e+00
1.528399e+01	1.608142e+00	1.225840e-04	172100116.000000	0.000000e+00
1.528598e+01	1.608011e+00	1.225768e-04	172092144.000000	0.000000e+00
1.528797e+01	1.608264e+00	1.226518e-04	171936094.000000	0.000000e+00
1.528997e+01	1.608255e+00	1.226604e-04	171909984.000000	0.000000e+00
1.529196e+01	1.608049e+00	1.226733e-04	171829732.000000	0.000000e+00
1.529396e+01	1.608322e+00	1.227316e-04	171724972.000000	0.000000e+00
1.529595e+01	1.608238e+00	1.227336e-04	171701286.000000	0.000000e+00
1.529795e+01	1.607889e+00	1.227476e-04	171587872.000000	0.000000e+00
1.529994e+01	1.607963e+00	1.227668e-04	171549744.000000	0.000000e+00
1.530194e+01	1.608083e+00	1.228169e-04	171435334.000000	0.000000e+00
1.530393e+01	1.608016e+00	1.228183e-04	171417096.000000	0.000000e+00
1.530593e+01	1.607969e+00	1.228576e-04	171297820.000000	0.000000e+00
1.530792e+01	1.608108e+00	1.228930e-04	171228580.000000	0.000000e+00
1.530992e+01	1.607827e+00	1.229015e-04	171144918.000000	0.000000e+00
1.531191e+01	1.608177e+00	1.229437e-04	171102004.000000	0.000000e+00
1.531391e+01	1.607689e+00	1.229487e-04	170984196.000000	0.000000e+00
1.531590e+01	1.607826e+00	1.229716e-04	170949742.000000	0.000000e+00
1.531789e+01	1.607705e+00	1.229959e-04	170856592.000000	0.000000e+00
1.531989e+01	1.607818e+00	1.230266e-04	170795298.000000	0.000000e+00
1.532188e+01	1.607645e+00	1.230390e-04	170724088.000000	0.000000e+00
1.532388e+01	1.607620e+00	1.230748e-04	170619624.000000	0.000000e+00
1.532587e+01	1.607607e+00	1.230909e-04	170572084.000000	0.000000e+00
1.532787e+01	1.607416e+00	1.230999e-04	170506734.000000	0.000000e+00
1.532986e+01	1.607559e+00	1.231537e-04	170388148.000000	0.000000e+00
1.533186e+01	1.607477e+00	1.231668e-04	170334292.000000	0.000000e+00
1.533385e+01	1.607348e+00	1.231679e-04	170303952.000000	0.000000e+00
1.533585e+01	1.607448e+00	1.232187e-04	170184640.000000	0.000000e+00
1.533784e+01	1.607323e+00	1.232411e-04	170096442.000000	0.000000e+00
1.533984e+01	1.607696e+00	1.232844e-04	170055868.000000	0.000000e+00
1.534183e+01	1.607215e+00	1.232764e-04	169976160.000000	0.000000e+00
1.534383e+01	1.607366e+00	1.233090e-04	169918072.000000	0.000000e+00
1.534582e+01	1.607350e+00	1.233610e-04	169771750.000000	0.000000e+00
1.534781e+01	1.607287e+00	1.233554e-04	169773864.000000	0.000000e+00
1.534981e+01	1.607163e+00	1.233873e-04	169659706.000000	0.000000e+00
1.535180e+01	1.607294e+00	1.234068e-04	169633950.000000	0.000000e+00
1.535380e+01	1.607223e+00	1.234589e-04	169475884.000000	0.000000e+00
1.535579e+01	1.607290e+00	1.234688e-04	169462644.000000	0.000000e+00
1.535779e+01	1.607157e+00	1.234923e-04	169370116.000000	0.000000e+00
1.535978e+01	1.607033e+00	1.235005e-04	169321450.000000	0.000000e+00
1.536178e+01	1.607215e+00	1.235691e-04	169171812.000000	0.000000e+00
1.536377e+01	1.607234e+00	1.235721e-04	169167508.000000	0.000000e+00
1.536577e+01	1.607154e+00	1.235916e-04	169097520.000000	0.000000e+00
1.536776e+01	1.607253e+00	1.236310e-04	169010638.000000	0.000000e+00
1.536976e+01	1.607115e+00	1.236659e-04	168886222.000000	0.000000e+00
1.537175e+01	1.607020e+00	1.236674e-04	168862218.000000	0.000000e+00
1.537374e+01	1.607090e+00	1.237029e-04	168779926.000000	0.000000e+00
1.537574e+01	1.607073e+00	1.237376e-04	168681528.000000	0.000000e+00
1.537773e+01	1.607207e+00	1.237600e-04	168648742.000000	0.000000e+00
1.537973e+01	1.607066e+00	1.237884e-04	168541860.000000	0.000000e+00
1.538172e+01	1.607085e+00	1.238168e-04	168468352.000000	0.000000e+00
1.538372e+01	1.606927e+00	1.238334e-04	168390250.000000	0.000000e+00
1.538571e+01	1.607044e+00	1.238734e-04	168305916.000000	0.000000e+00
1.538771e+01	1.606839e+00	1.238611e-04	168296248.000000	0.000000e+00
1.538970e+01	1.606821e+00	1.239228e-04	168125082.000000	0.000000e+00
1.539170e+01	1.606898e+00	1.239350e-04	168108280.000000	0.000000e+00
1.539369e+01	1.606981e+00	1.239687e-04	168034056.000000	0.000000e+00
1.539569e+01	1.606867e+00	1.239994e-04	167927080.000000	0.000000e+00
1.539768e+01	1.606889e+00	1.240145e-04	167890792.000000	0.000000e+00
1.539967e+01	1.606970e+00	1.240597e-04	167785518.000000	0.000000e+00
1.540167e+01	1.606687e+00	1.240590e-04	167728108.000000	0.000000e+00
1.540366e+01	1.606649e+00	1.240822e-04	167657520.000000	0.000000e+00
1.540566e+01	1.606751e+00	1.241189e-04	167579572.000000	0.000000e+00
1.540765e+01	1.606721e+00	1.241561e-04	167473158.000000	0.000000e+00
1.540965e+01	1.606919e+00	1.241864e-04	167432332.000000	0.000000e+00
1.541164e+01	1.606627e+00	1.241947e-04	167349244.000000	0.000000e+00
1.541364e+01	1.606480e+00	1.242163e-04	167260608.000000	0.000000e+00
1.541563e+01	1.606806e+00	1.242659e-04	167194912.000000	0.000000e+00
1.541763e+01	1.606789e+00	1.242992e-04	167101896.000000	0.000000e+00
1.541962e+01	1.606491e+00	1.242927e-04	167057266.000000	0.000000e+00
1.542162e+01	1.606474e+00	1.243300e-04	166953592.000000	0.000000e+00
1.542361e+01	1.606592e+00	1.243626e-04	166890612.000000	0.000000e+00
1.542561e+01	1.606503e+00	1.243839e-04	166815058.000000	0.000000e+00
1.542760e+01	1.606617e+00	1.244192e-04	166743948.000000	0.000000e+00
1.542959e+01	1.606723e+00	1.244520e-04	166678192.000000	0.000000e+00
1.543159e+01	1.606637e+00	1.244777e-04	166591350.000000	0.000000e+00
1.543358e+01	1.606689e+00	1.245099e-04	166515814.000000	0.000000e+00
1.543558e+01	1.606423e+00	1.245157e-04	166445134.000000	0.000000e+00
1.543757e+01	1.606689e+00	1.245738e-04	166345338.000000	0.000000e+00
1.543957e+01	1.606566e+00	1.245834e-04	166294300.000000	0.000000e+00
1.544156e+01	1.606762e+00	1.246218e-04	166231938.000000	0.000000e+00
1.544356e+01	1.606721e+00	1.246693e-04	166097062.000000	0.000000e+00
1.544555e+01	1.606486e+00	1.246654e-04	166058910.000000	0.000000e+00
1.544755e+01	1.606519e+00	1.247020e-04	165968242.000000	0.000000e+00
1.544954e+01	1.606631e+00	1.247242e-04	165932176.000000	0.000000e+00
1.545154e+01	1.606490e+00	1.247488e-04	165837570.000000	0.000000e+00
1.545353e+01	1.606605e+00	1.248001e-04	165725038.000000	0.000000e+00
1.545553e+01	1.606536e+00	1.248036e-04	165701718.000000	0.000000e+00
1.545752e+01	1.606646e+00	1.248540e-04	165590512.000000	0.000000e+00
1.545951e+01	1.606546e+00	1.248696e-04	165528646.000000	0.000000e+00
1.546151e+01	1.606604e+00	1.249011e-04	165456966.000000	0.000000e+00
1.546350e+01	1.606467e+00	1.249230e-04	165370654.000000	0.000000e+00
1.546550e+01	1.606538e+00	1.249486e-04	165317478.000000	0.000000e+00
1.546749e+01	1.606637e+00	1.250018e-04	165197248.000000	0.000000e+00
1.546949e+01	1.606446e+00	1.249937e-04	165179226.000000	0.000000e+00
1.547148e+01	1.606593e+00	1.250494e-04	165062404.000000	0.000000e+00
1.547348e+01	1.606582e+00	1.250821e-04	164973940.000000	0.000000e+00
1.547547e+01	1.606524e+00	1.251022e-04	164909046.000000	0.000000e+00
1.547747e+01	1.606333e+00	1.250982e-04	164880424.000000	0.000000e+00
1.547946e+01	1.606679e+00	1.251719e-04	164757102.000000	0.000000e+00
1.548146e+01	1.606209e+00	1.251625e-04	164685814.000000	0.000000e+00
1.548345e+01	1.606714e+00	1.252257e-04	164622798.000000	0.000000e+00
1.548544e+01	1.606641e+00	1.252630e-04	164509798.000000	0.000000e+00
1.548744e+01	1.606602e+00	1.252724e-04	164477356.000000	0.000000e+00
1.548943e+01	1.606538e+00	1.253103e-04	164364606.000000	0.000000e+00
1.549143e+01	1.606539e+00	1.253298e-04	164313682.000000	0.000000e+00
1.549342e+01	1.606551e+00	1.253588e-04	164239962.000000	0.000000e+00
1.549542e+01	1.606483e+00	1.253892e-04	164146600.000000	0.000000e+00
1.549741e+01	1.606606e+00	1.254277e-04	164070990.000000	0.000000e+00
1.549941e+01	1.606551e+00	1.254520e-04	163996390.000000	0.000000e+00
1.550140e+01	1.606428e+00	1.254600e-04	163950190.000000	0.000000e+00
1.550340e+01	1.606535e+00	1.255084e-04	163845438.000000	0.000000e+00
1.550539e+01	1.606372e+00	1.255321e-04	163750348.000000	0.000000e+00
1.550739e+01	1.606562e+00	1.255627e-04	163709418.000000	0.000000e+00
1.550938e+01	1.606692e+00	1.256110e-04	163610170.000000	0.000000e+00
1.551138e+01	1.606747e+00	1.256423e-04	163539838.000000	0.000000e+00
1.551337e+01	1.606580e+00	1.256557e-04	163470726.000000	0.000000e+00
1.551536e+01	1.606427e+00	1.256725e-04	163396216.000000	0.000000e+00
1.551736e+01	1.606805e+00	1.257274e-04	163330338.000000	0.000000e+00
1.551935e+01	1.606603e+00	1.257635e-04	163195312.000000	0.000000e+00
1.552135e+01	1.606691e+00	1.257850e-04	163157424.000000	0.000000e+00
1.552334e+01	1.606922e+00	1.258363e-04	163071478.000000	0.000000e+00
1.552534e+01	1.606684e+00	1.258453e-04	162999568.000000	0.000000e+00
1.552733e+01	1.606631e+00	1.258503e-04	162975822.000000	0.000000e+00
1.552933e+01	1.606570e+00	1.259028e-04	162827722.000000	0.000000e+00
1.553132e+01	1.606568e+00	1.259353e-04	162743262.000000	0.000000e+00
1.553332e+01	1.606922e+00	1.259710e-04	162722698.000000	0.000000e+00
1.553531e+01	1.606506e+00	1.259840e-04	162604944.000000	0.000000e+00
1.553731e+01	1.606660e+00	1.260110e-04	162566590.000000	0.000000e+00
1.553930e+01	1.606335e+00	1.260313e-04	162448294.000000	0.000000e+00
1.554129e+01	1.606746e+00	1.260819e-04	162401130.000000	0.000000e+00
1.554329e+01	1.606589e+00	1.261070e-04	162304714.000000	0.000000e+00
1.554528e+01	1.606750e+00	1.261325e-04	162271524.000000	0.000000e+00
1.554728e+01	1.606790e+00	1.261938e-04	162121894.000000	0.000000e+00
1.554927e+01	1.606869e+00	1.262136e-04	162087186.000000	0.000000e+00
1.555127e+01	1.606953e+00	1.262516e-04	162006622.000000	0.000000e+00
1.555326e+01	1.606775e+00	1.262765e-04	161906722.000000	0.000000e+00
1.555526e+01	1.606844e+00	1.262988e-04	161863356.000000	0.000000e+00
1.555725e+01	1.606724e+00	1.263316e-04	161755198.000000	0.000000e+00
1.555925e+01	1.606926e+00	1.263601e-04	161723106.000000	0.000000e+00
1.556124e+01	1.606805e+00	1.263977e-04	161602414.000000	0.000000e+00
1.556324e+01	1.606796e+00	1.264224e-04	161537494.000000	0.000000e+00
1.556523e+01	1.606928e+00	1.264572e-04	161475216.000000	0.000000e+00
1.556723e+01	1.607045e+00	1.265079e-04	161369326.000000	0.000000e+00
1.556922e+01	1.607051e+00	1.265350e-04	161301336.000000	0.000000e+00
1.557121e+01	1.607108e+00	1.265625e-04	161242732.000000	0.000000e+00
1.557321e+01	1.606817e+00	1.265758e-04	161150400.000000	0.000000e+00
1.557520e+01	1.607010e+00	1.266161e-04	161086510.000000	0.000000e+00
1.557720e+01	1.606836e+00	1.266521e-04	160960150.000000	0.000000e+00
1.557919e+01	1.606947e+00	1.266723e-04	160931082.000000	0.000000e+00
1.558119e+01	1.607104e+00	1.267061e-04	160876438.000000	0.000000e+00
1.558318e+01	1.607106e+00	1.267651e-04	160727430.000000	0.000000e+00
1.558518e+01	1.607203e+00	1.267795e-04	160710112.000000	0.000000e+00
1.558717e+01	1.606986e+00	1.268096e-04	160590498.000000	0.000000e+00
1.558917e+01	1.606898e+00	1.268216e-04	160542424.000000	0.000000e+00
1.559116e+01	1.606871e+00	1.268530e-04	160457596.000000	0.000000e+00
1.559316e+01	1.606884e+00	1.268985e-04	160345056.000000	0.000000e+00
1.559515e+01	1.607101e+00	1.269247e-04	160322536.000000	0.000000e+00
1.559715e+01	1.606897e+00	1.269494e-04	160219224.000000	0.000000e+00
1.559914e+01	1.607035e+00	1.269800e-04	160169536.000000	0.000000e+00
1.560113e+01	1.607226e+00	1.270544e-04	160020028.000000	0.000000e+00
1.560313e+01	1.607244e+00	1.270698e-04	159985038.000000	0.000000e+00
1.560512e+01	1.607271e+00	1.270867e-04	159947656.000000	0.000000e+00
1.560712e+01	1.607422e+00	1.271504e-04	159817620.000000	0.000000e+00
1.560911e+01	1.607400e+00	1.271796e-04	159739612.000000	0.000000e+00
1.561111e+01	1.607193e+00	1.271906e-04	159671022.000000	0.000000e+00
1.561310e+01	1.607045e+00	1.271954e-04	159629692.000000	0.000000e+00
1.561510e+01	1.607002e+00	1.272435e-04	159500320.000000	0.000000e+00
1.561709e+01	1.607370e+00	1.273087e-04	159410112.000000	0.000000e+00
1.561909e+01	1.607532e+00	1.273187e-04	159417076.000000	0.000000e+00
1.562108e+01	1.607228e+00	1.273632e-04	159245436.000000	0.000000e+00
1.562308e+01	1.607650e+00	1.273957e-04	159247858.000000	0.000000e+00
1.562507e+01	1.607634e+00	1.274496e-04	159110040.000000	0.000000e+00
1.562706e+01	1.607558e+00	1.274581e-04	159073690.000000	0.000000e+00
1.562906e+01	1.607571e+00	1.275083e-04	158951218.000000	0.000000e+00
1.563105e+01	1.607643e+00	1.275419e-04	158881506.000000	0.000000e+00
1.563305e+01	1.607574e+00	1.275579e-04	158827966.000000	0.000000e+00
1.563504e+01	1.607775e+00	1.276228e-04	158706186.000000	0.000000e+00
1.563704e+01	1.607923e+00	1.276302e-04	158717092.000000	0.000000e+00
1.563903e+01	1.607746e+00	1.276825e-04	158552172.000000	0.000000e+00
1.564103e+01	1.607554e+00	1.276877e-04	158501494.000000	0.000000e+00
1.564302e+01	1.607917e+00	1.277368e-04	158451052.000000	0.000000e+00
1.564502e+01	1.607711e+00	1.277691e-04	158330424.000000	0.000000e+00
1.564701e+01	1.607805e+00	1.278063e-04	158256610.000000	0.000000e+00
1.564901e+01	1.607821e+00	1.278275e-04	158207418.000000	0.000000e+00
1.565100e+01	1.607855e+00	1.278699e-04	158109196.000000	0.000000e+00
1.565300e+01	1.608038e+00	1.279152e-04	158033164.000000	0.000000e+00
1.565499e+01	1.608042e+00	1.279578e-04	157928664.000000	0.000000e+00
1.565698e+01	1.607969e+00	1.279687e-04	157887502.000000	0.000000e+00
1.565898e+01	1.608072e+00	1.280098e-04	157806450.000000	0.000000e+00
1.566097e+01	1.608133e+00	1.280518e-04	157714864.000000	0.000000e+00
1.566297e+01	1.607940e+00	1.280572e-04	157663836.000000	0.000000e+00
1.566496e+01	1.608168e+00	1.281244e-04	157543054.000000	0.000000e+00
1.566696e+01	1.607898e+00	1.281191e-04	157503136.000000	0.000000e+00
1.566895e+01	1.608338e+00	1.282078e-04	157371354.000000	0.000000e+00
1.567095e+01	1.608126e+00	1.282049e-04	157337038.000000	0.000000e+00
1.567294e+01	1.608292e+00	1.282506e-04	157257516.000000	0.000000e+00
1.567494e+01	1.608096e+00	1.282697e-04	157172266.000000	0.000000e+00
1.567693e+01	1.608360e+00	1.283276e-04	157081920.000000	0.000000e+00
1.567893e+01	1.608404e+00	1.283623e-04	157005484.000000	0.000000e+00
1.568092e+01	1.608224e+00	1.283805e-04	156926044.000000	0.000000e+00
1.568291e+01	1.608243e+00	1.284049e-04	156870132.000000	0.000000e+00
1.568491e+01	1.608274e+00	1.284469e-04	156773434.000000	0.000000e+00
1.568690e+01	1.608614e+00	1.285073e-04	156692640.000000	0.000000e+00
1.568890e+01	1.608455e+00	1.285225e-04	156624418.000000	0.000000e+00
1.569089e+01	1.608831e+00	1.285925e-04	156527034.000000	0.000000e+00
1.569289e+01	1.608500e+00	1.285897e-04	156469444.000000	0.000000e+00
1.569488e+01	1.608709e+00	1.286336e-04	156403390.000000	0.000000e+00
1.569688e+01	1.608905e+00	1.287106e-04	156254340.000000	0.000000e+00
1.569887e+01	1.608746e+00	1.287130e-04	156217624.000000	0.000000e+00
1.570087e+01	1.608861e+00	1.287497e-04	156151002.000000	0.000000e+00
1.570286e+01	1.608987e+00	1.287937e-04	156068836.000000	0.000000e+00
1.570486e+01	1.608817e+00	1.288086e-04	155999602.000000	0.000000e+00
1.570685e+01	1.608844e+00	1.288534e-04	155896368.000000	0.000000e+00
1.570885e+01	1.608922e+00	1.288807e-04	155845528.000000	0.000000e+00
1.571084e+01	1.608949e+00	1.289346e-04	155720466.000000	0.000000e+00
1.571283e+01	1.609164e+00	1.289762e-04	155661562.000000	0.000000e+00
1.571483e+01	1.609334e+00	1.290088e-04	155615760.000000	0.000000e+00
1.571682e+01	1.608956e+00	1.290263e-04	155500390.000000	0.000000e+00
1.571882e+01	1.609130e+00	1.290684e-04	155432776.000000	0.000000e+00
1.572081e+01	1.609114e+00	1.291036e-04	155344848.000000	0.000000e+00
1.572281e+01	1.609237e+00	1.291486e-04	155260324.000000	0.000000e+00
1.572480e+01	1.609464e+00	1.291925e-04	155198844.000000	0.000000e+00
1.572680e+01	1.609302e+00	1.292182e-04	155105572.000000	0.000000e+00
1.572879e+01	1.609426e+00	1.292527e-04	155046768.000000	0.000000e+00
1.573079e+01	1.609402e+00	1.292994e-04	154930246.000000	0.000000e+00
1.573278e+01	1.609451e+00	1.293207e-04	154888696.000000	0.000000e+00
1.573478e+01	1.609756e+00	1.293895e-04	154782576.000000	0.000000e+00
1.573677e+01	1.609489e+00	1.293967e-04	154713982.000000	0.000000e+00
1.573876e+01	1.609754e+00	1.294489e-04	154640082.000000	0.000000e+00
1.574076e+01	1.609718e+00	1.294816e-04	154555054.000000	0.000000e+00
1.574275e+01	1.609679e+00	1.295044e-04	154493130.000000	0.000000e+00
1.574475e+01	1.609791e+00	1.295635e-04	154373878.000000	0.000000e+00
1.574674e+01	1.609791e+00	1.295840e-04	154325092.000000	0.000000e+00
1.574874e+01	1.609843e+00	1.296212e-04	154246374.000000	0.000000e+00
1.575073e+01	1.609857e+00	1.296711e-04	154130314.000000	0.000000e+00
1.575273e+01	1.609979e+00	1.296850e-04	154120650.000000	0.000000e+00
1.575472e+01	1.610090e+00	1.297532e-04	153979810.000000	0.000000e+00
1.575672e+01	1.610078e+00	1.297810e-04	153911764.000000	0.000000e+00
1.575871e+01	1.610376e+00	1.298247e-04	153864930.000000	0.000000e+00
1.576071e+01	1.610285e+00	1.298651e-04	153751990.000000	0.000000e+00
1.576270e+01	1.610150e+00	1.298838e-04	153681936.000000	0.000000e+00
1.576470e+01	1.610235e+00	1.299349e-04	153577144.000000	0.000000e+00
1.576669e+01	1.610518e+00	1.299702e-04	153547710.000000	0.000000e+00
1.576868e+01	1.610577e+00	1.300272e-04	153424312.000000	0.000000e+00
1.577068e+01	1.610674e+00	1.300639e-04	153356356.000000	0.000000e+00
1.577267e+01	1.610594e+00	1.300897e-04	153280212.000000	0.000000e+00
1.577467e+01	1.610575e+00	1.301337e-04	153173140.000000	0.000000e+00
1.577666e+01	1.610583e+00	1.301463e-04	153144990.000000	0.000000e+00
1.577866e+01	1.610621e+00	1.301987e-04	153028912.000000	0.000000e+00
1.578065e+01	1.610782e+00	1.302308e-04	152984016.000000	0.000000e+00
1.578265e+01	1.610826e+00	1.302799e-04	152877226.000000	0.000000e+00
1.578464e+01	1.611045e+00	1.303436e-04	152769208.000000	0.000000e+00
1.578664e+01	1.610816e+00	1.303372e-04	152740830.000000	0.000000e+00
1.578863e+01	1.610831e+00	1.303805e-04	152642236.000000	0.000000e+00
1.579063e+01	1.610985e+00	1.304253e-04	152566620.000000	0.000000e+00
1.579262e+01	1.611322e+00	1.304913e-04	152475970.000000	0.000000e+00
1.579462e+01	1.611123e+00	1.305218e-04	152367178.000000	0.000000e+00
1.579661e+01	1.611348e+00	1.305473e-04	152349984.000000	0.000000e+00
1.579860e+01	1.611438e+00	1.305963e-04	152253034.000000	0.000000e+00
1.580060e+01	1.611266e+00	1.306430e-04	152111412.000000	0.000000e+00
1.580259e+01	1.611335e+00	1.306619e-04	152080564.000000	0.000000e+00
1.580459e+01	1.611431e+00	1.306948e-04	152022216.000000	0.000000e+00
1.580658e+01	1.611611e+00	1.307555e-04	151914880.000000	0.000000e+00
1.580858e+01	1.611559e+00	1.307943e-04	151815052.000000	0.000000e+00
1.581057e+01	1.611737e+00	1.308314e-04	151762536.000000	0.000000e+00
1.581257e+01	1.611763e+00	1.308711e-04	151675270.000000	0.000000e+00
1.581456e+01	1.611892e+00	1.309287e-04	151566276.000000	0.000000e+00
1.581656e+01	1.611980e+00	1.309476e-04	151539004.000000	0.000000e+00
1.581855e+01	1.611900e+00	1.309906e-04	151424574.000000	0.000000e+00
1.582055e+01	1.611849e+00	1.310162e-04	151355698.000000	0.000000e+00
1.582254e+01	1.612063e+00	1.310627e-04	151288534.000000	0.000000e+00
1.582454e+01	1.612222e+00	1.311064e-04	151217538.000000	0.000000e+00
1.582653e+01	1.611928e+00	1.311380e-04	151089526.000000	0.000000e+00
1.582852e+01	1.612275e+00	1.312024e-04	151006242.000000	0.000000e+00
1.583052e+01	1.612150e+00	1.312049e-04	150977116.000000	0.000000e+00
1.583251e+01	1.612518e+00	1.312947e-04	150839466.000000	0.000000e+00
1.583451e+01	1.612317e+00	1.312932e-04	150805318.000000	0.000000e+00
1.583650e+01	1.612386e+00	1.313419e-04	150706270.000000	0.000000e+00
1.583850e+01	1.612379e+00	1.313752e-04	150628728.000000	0.000000e+00
1.584049e+01	1.612682e+00	1.314480e-04	150518512.000000	0.000000e+00
1.584249e+01	1.612841e+00	1.314842e-04	150465192.000000	0.000000e+00
1.584448e+01	1.612972e+00	1.315150e-04	150419284.000000	0.000000e+00
1.584648e+01	1.612882e+00	1.315672e-04	150283060.000000	0.000000e+00
1.584847e+01	1.612938e+00	1.315926e-04	150235314.000000	0.000000e+00
1.585047e+01	1.612837e+00	1.316206e-04	150152782.000000	0.000000e+00
1.585246e+01	1.612970e+00	1.316846e-04	150031476.000000	0.000000e+00
1.585445e+01	1.613210e+00	1.317206e-04	149994034.000000	0.000000e+00
1.585645e+01	1.613301e+00	1.317691e-04	149900886.000000	0.000000e+00
1.585844e+01	1.613446e+00	1.318174e-04	149817700.000000	0.000000e+00
1.586044e+01	1.613456e+00	1.318625e-04	149717218.000000	0.000000e+00
1.586243e+01	1.613536e+00	1.318959e-04	149656248.000000	0.000000e+00
1.586443e+01	1.613422e+00	1.319057e-04	149612896.000000	0.000000e+00
1.586642e+01	1.613470e+00	1.319871e-04	149437230.000000	0.000000e+00
1.586842e+01	1.613803e+00	1.320256e-04	149411770.000000	0.000000e+00
1.587041e+01	1.613715e+00	1.320479e-04	149345172.000000	0.000000e+00
1.587241e+01	1.613774e+00	1.320908e-04	149258890.000000	0.000000e+00
1.587440e+01	1.613750e+00	1.321221e-04	149183740.000000	0.000000e+00
1.587640e+01	1.613938e+00	1.321936e-04	149057232.000000	0.000000e+00
1.587839e+01	1.614232e+00	1.322422e-04	149001838.000000	0.000000e+00
1.588038e+01	1.613852e+00	1.322385e-04	148940142.000000	0.000000e+00
1.588238e+01	1.614324e+00	1.323158e-04	148853008.000000	0.000000e+00
1.588437e+01	1.614293e+00	1.323581e-04	148752330.000000	0.000000e+00
1.588637e+01	1.614497e+00	1.324031e-04	148688914.000000	0.000000e+00
1.588836e+01	1.614511e+00	1.324443e-04	148598914.000000	0.000000e+00
1.589036e+01	1.614519e+00	1.324887e-04	148500786.000000	0.000000e+00
1.589235e+01	1.614602e+00	1.325132e-04	148461124.000000	0.000000e+00
1.589435e+01	1.614796e+00	1.325943e-04	148315224.000000	0.000000e+00
1.589634e+01	1.614823e+00	1.326125e-04	148279552.000000	0.000000e+00
1.589834e+01	1.614982e+00	1.326546e-04	148214476.000000	0.000000e+00
1.590033e+01	1.614852e+00	1.326990e-04	148091544.000000	0.000000e+00
1.590233e+01	1.615029e+00	1.327331e-04	148047778.000000	0.000000e+00
1.590432e+01	1.615164e+00	1.328064e-04	147909120.000000	0.000000e+00
1.590632e+01	1.615187e+00	1.328120e-04	147900922.000000	0.000000e+00
1.590831e+01	1.615287e+00	1.328786e-04	147771114.000000	0.000000e+00
1.591030e+01	1.615332e+00	1.329142e-04	147699988.000000	0.000000e+00
1.591230e+01	1.615315e+00	1.329444e-04	147629908.000000	0.000000e+00
1.591429e+01	1.615723e+00	1.330312e-04	147511914.000000	0.000000e+00
1.591629e+01	1.615514e+00	1.330313e-04	147473290.000000	0.000000e+00
1.591828e+01	1.615647e+00	1.330931e-04	147360852.000000	0.000000e+00
1.592028e+01	1.615932e+00	1.331468e-04	147293848.000000	0.000000e+00
1.592227e+01	1.615843e+00	1.331694e-04	147227676.000000	0.000000e+00
1.592427e+01	1.616110e+00	1.332457e-04	147107824.000000	0.000000e+00
1.592626e+01	1.616028e+00	1.332441e-04	147096406.000000	0.000000e+00
1.592826e+01	1.616137e+00	1.333362e-04	146913156.000000	0.000000e+00
1.593025e+01	1.616190e+00	1.333583e-04	146873980.000000	0.000000e+00
1.593225e+01	1.616338e+00	1.333911e-04	146828574.000000	0.000000e+00
1.593424e+01	1.616184e+00	1.334314e-04	146712028.000000	0.000000e+00
1.593623e+01	1.616390e+00	1.334968e-04	146605614.000000	0.000000e+00
1.593823e+01	1.616649e+00	1.335366e-04	146565094.000000	0.000000e+00
1.594022e+01	1.616699e+00	1.335745e-04	146490922.000000	0.000000e+00
1.594222e+01	1.616718e+00	1.336269e-04	146379582.000000	0.000000e+00
1.594421e+01	1.616957e+00	1.336743e-04	146319190.000000	0.000000e+00
1.594621e+01	1.616825e+00	1.337072e-04	146223360.000000	0.000000e+00
1.594820e+01	1.616892e+00	1.337479e-04	146146456.000000	0.000000e+00
1.595020e+01	1.616957e+00	1.337987e-04	146047012.000000	0.000000e+00
1.595219e+01	1.617400e+00	1.338574e-04	145999014.000000	0.000000e+00
1.595419e+01	1.617379e+00	1.338991e-04	145904302.000000	0.000000e+00
1.595618e+01	1.617568e+00	1.339633e-04	145798590.000000	0.000000e+00
1.595818e+01	1.617522e+00	1.339976e-04	145715752.000000	0.000000e+00
1.596017e+01	1.617402e+00	1.340002e-04	145688358.000000	0.000000e+00
1.596217e+01	1.617445e+00	1.340693e-04	145546186.000000	0.000000e+00
1.596416e+01	1.617951e+00	1.341310e-04	145503274.000000	0.000000e+00
1.596615e+01	1.618172e+00	1.342014e-04	145390290.000000	0.000000e+00
1.596815e+01	1.617868e+00	1.342086e-04	145320052.000000	0.000000e+00
1.597014e+01	1.618108e+00	1.342553e-04	145261896.000000	0.000000e+00
1.597214e+01	1.618210e+00	1.343376e-04	145102276.000000	0.000000e+00
1.597413e+01	1.618363e+00	1.343441e-04	145115856.000000	0.000000e+00
1.597613e+01	1.618286e+00	1.344019e-04	144977164.000000	0.000000e+00
1.597812e+01	1.618562e+00	1.344521e-04	144918472.000000	0.000000e+00
1.598012e+01	1.618375e+00	1.344902e-04	144802788.000000	0.000000e+00
1.598211e+01	1.618663e+00	1.345480e-04	144729928.000000	0.000000e+00
1.598411e+01	1.618850e+00	1.345751e-04	144705114.000000	0.000000e+00
1.598610e+01	1.619010e+00	1.346534e-04	144565390.000000	0.000000e+00
1.598810e+01	1.618991e+00	1.346919e-04	144479308.000000	0.000000e+00
1.599009e+01	1.618870e+00	1.347002e-04	144439992.000000	0.000000e+00
1.599209e+01	1.618994e+00	1.347775e-04	144296380.000000	0.000000e+00
1.599408e+01	1.619160e+00	1.348059e-04	144265158.000000	0.000000e+00
1.599607e+01	1.619495e+00	1.348930e-04	144138652.000000	0.000000e+00
1.599807e+01	1.619243e+00	1.348936e-04	144092544.000000	0.000000e+00
1.600006e+01	1.619484e+00	1.349455e-04	144024544.000000	0.000000e+00
1.600206e+01	1.619906e+00	1.350357e-04	143907166.000000	0.000000e+00
1.600405e+01	1.619897e+00	1.350732e-04	143825706.000000	0.000000e+00
1.600605e+01	1.619701e+00	1.351096e-04	143713558.000000	0.000000e+00
1.600804e+01	1.620004e+00	1.351374e-04	143708022.000000	0.000000e+00
1.601004e+01	1.620069e+00	1.352006e-04	143585170.000000	0.000000e+00
1.601203e+01	1.620177e+00	1.352658e-04	143465958.000000	0.000000e+00
1.601403e+01	1.620150e+00	1.352733e-04	143445316.000000	0.000000e+00
1.601602e+01	1.620391e+00	1.353435e-04	143339218.000000	0.000000e+00
1.601802e+01	1.620583e+00	1.354150e-04	143221722.000000	0.000000e+00
1.602001e+01	1.620696e+00	1.354473e-04	143173384.000000	0.000000e+00
1.602200e+01	1.620670e+00	1.354734e-04	143113680.000000	0.000000e+00
1.602400e+01	1.621068e+00	1.355652e-04	142990246.000000	0.000000e+00
1.602599e+01	1.620946e+00	1.355934e-04	142909056.000000	0.000000e+00
1.602799e+01	1.620858e+00	1.356072e-04	142864486.000000	0.000000e+00
1.602998e+01	1.621049e+00	1.356950e-04	142713310.000000	0.000000e+00
1.603198e+01	1.621352e+00	1.357344e-04	142683858.000000	0.000000e+00
1.603397e+01	1.621367e+00	1.357867e-04	142576624.000000	0.000000e+00
1.603597e+01	1.621401e+00	1.358156e-04	142521846.000000	0.000000e+00
1.603796e+01	1.621643e+00	1.358717e-04	142446688.000000	0.000000e+00
1.603996e+01	1.621739e+00	1.359599e-04	142278772.000000	0.000000e+00
1.604195e+01	1.621608e+00	1.359473e-04	142282230.000000	0.000000e+00
1.604395e+01	1.622121e+00	1.360495e-04	142158478.000000	0.000000e+00
1.604594e+01	1.622069e+00	1.360782e-04	142089432.000000	0.000000e+00
1.604794e+01	1.621962e+00	1.361058e-04	142013002.000000	0.000000e+00
1.604993e+01	1.622214e+00	1.361708e-04	141921630.000000	0.000000e+00
1.605192e+01	1.622382e+00	1.362172e-04	141854188.000000	0.000000e+00
1.605392e+01	1.622289e+00	1.362743e-04	141719056.000000	0.000000e+00
1.605591e+01	1.622681e+00	1.363258e-04	141680364.000000	0.000000e+00
1.605791e+01	1.622669e+00	1.363655e-04	141596032.000000	0.000000e+00
1.605990e+01	1.622721e+00	1.364131e-04	141506088.000000	0.000000e+00
1.606190e+01	1.623027e+00	1.364877e-04	141404842.000000	0.000000e+00
1.606389e+01	1.623396e+00	1.365546e-04	141330570.000000	0.000000e+00
1.606589e+01	1.623295e+00	1.365886e-04	141242746.000000	0.000000e+00
1.606788e+01	1.623306e+00	1.366231e-04	141173122.000000	0.000000e+00
1.606988e+01	1.623584e+00	1.366872e-04	141089172.000000	0.000000e+00
1.607187e+01	1.623560e+00	1.367218e-04	141013588.000000	0.000000e+00
1.607387e+01	1.623606e+00	1.367919e-04	140877036.000000	0.000000e+00
1.607586e+01	1.623751e+00	1.368150e-04	140854600.000000	0.000000e+00
1.607786e+01	1.623873e+00	1.368786e-04	140745012.000000	0.000000e+00
1.607985e+01	1.624052e+00	1.369283e-04	140673934.000000	0.000000e+00
1.608184e+01	1.624198e+00	1.369915e-04	140569414.000000	0.000000e+00
1.608384e+01	1.624263e+00	1.370346e-04	140492148.000000	0.000000e+00
1.608583e+01	1.624225e+00	1.370678e-04	140417614.000000	0.000000e+00
1.608783e+01	1.624412e+00	1.371326e-04	140317350.000000	0.000000e+00
1.608982e+01	1.624582e+00	1.371771e-04	140255416.000000	0.000000e+00
1.609182e+01	1.624869e+00	1.372539e-04	140148118.000000	0.000000e+00
1.609381e+01	1.624685e+00	1.372653e-04	140093250.000000	0.000000e+00
1.609581e+01	1.625080e+00	1.373386e-04	140011750.000000	0.000000e+00
1.609780e+01	1.625176e+00	1.374086e-04	139885530.000000	0.000000e+00
1.609980e+01	1.625225e+00	1.374420e-04	139826014.000000	0.000000e+00
1.610179e+01	1.625290e+00	1.374867e-04	139746276.000000	0.000000e+00
1.610379e+01	1.625416e+00	1.375340e-04	139671886.000000	0.000000e+00
1.610578e+01	1.625485e+00	1.375958e-04	139558198.000000	0.000000e+00
1.610777e+01	1.625588e+00	1.376537e-04	139458534.000000	0.000000e+00
1.610977e+01	1.625623e+00	1.376667e-04	139438150.000000	0.000000e+00
1.611176e+01	1.626089e+00	1.377777e-04	139293552.000000	0.000000e+00
1.611376e+01	1.625940e+00	1.377823e-04	139258660.000000	0.000000e+00
1.611575e+01	1.626241e+00	1.378713e-04	139130448.000000	0.000000e+00
1.611775e+01	1.626169e+00	1.379028e-04	139054534.000000	0.000000e+00
1.611974e+01	1.626680e+00	1.379666e-04	139013326.000000	0.000000e+00
1.612174e+01	1.626494e+00	1.380214e-04	138871122.000000	0.000000e+00
1.612373e+01	1.626740e+00	1.380662e-04	138823132.000000	0.000000e+00
1.612573e+01	1.626719e+00	1.380996e-04	138752436.000000	0.000000e+00
1.612772e+01	1.626868e+00	1.381714e-04	138633550.000000	0.000000e+00
1.612972e+01	1.627065e+00	1.382318e-04	138545952.000000	0.000000e+00
1.613171e+01	1.627216e+00	1.382800e-04	138475150.000000	0.000000e+00
1.613371e+01	1.627050e+00	1.383003e-04	138406210.000000	0.000000e+00
1.613570e+01	1.627377e+00	1.383872e-04	138287940.000000	0.000000e+00
1.613769e+01	1.627567e+00	1.384289e-04	138236998.000000	0.000000e+00
1.613969e+01	1.627683e+00	1.384907e-04	138133230.000000	0.000000e+00
1.614168e+01	1.627958e+00	1.385623e-04	138037276.000000	0.000000e+00
1.614368e+01	1.628110e+00	1.385983e-04	137991292.000000	0.000000e+00
1.614567e+01	1.628304e+00	1.386886e-04	137844558.000000	0.000000e+00
1.614767e+01	1.628134e+00	1.386811e-04	137830654.000000	0.000000e+00
1.614966e+01	1.628663e+00	1.387908e-04	137702280.000000	0.000000e+00
1.615166e+01	1.628268e+00	1.387967e-04	137623834.000000	0.000000e+00
1.615365e+01	1.628522e+00	1.388504e-04	137560086.000000	0.000000e+00
1.615565e+01	1.628761e+00	1.389313e-04	137440372.000000	0.000000e+00
1.615764e+01	1.628904e+00	1.389661e-04	137395816.000000	0.000000e+00
1.615964e+01	1.628933e+00	1.390282e-04	137277858.000000	0.000000e+00
1.616163e+01	1.629187e+00	1.390860e-04	137206558.000000	0.000000e+00
1.616363e+01	1.629422e+00	1.391311e-04	137157192.000000	0.000000e+00
1.616562e+01	1.629479e+00	1.392106e-04	137010088.000000	0.000000e+00
1.616761e+01	1.629490e+00	1.392401e-04	136953984.000000	0.000000e+00
1.616961e+01	1.629407e+00	1.392777e-04	136866004.000000	0.000000e+00
1.617160e+01	1.629960e+00	1.393695e-04	136778626.000000	0.000000e+00
1.617360e+01	1.630042e+00	1.394288e-04	136675980.000000	0.000000e+00
1.617559e+01	1.630286e+00	1.394764e-04	136623586.000000	0.000000e+00
1.617759e+01	1.630477e+00	1.395342e-04	136542444.000000	0.000000e+00
1.617958e+01	1.630486e+00	1.396070e-04	136401820.000000	0.000000e+00
1.618158e+01	1.630603e+00	1.396276e-04	136380988.000000	0.000000e+00
1.618357e+01	1.630423e+00	1.396790e-04	136250580.000000	0.000000e+00
1.618557e+01	1.630932e+00	1.397493e-04	136198534.000000	0.000000e+00
1.618756e+01	1.630933e+00	1.397926e-04	136114242.000000	0.000000e+00
1.618956e+01	1.631249e+00	1.398852e-04	135986974.000000	0.000000e+00
1.619155e+01	1.631217e+00	1.399001e-04	135952602.000000	0.000000e+00
1.619354e+01	1.631481e+00	1.399812e-04	135838990.000000	0.000000e+00
1.619554e+01	1.631521e+00	1.400211e-04	135768286.000000	0.000000e+00
1.619753e+01	1.631651e+00	1.400827e-04	135670620.000000	0.000000e+00
1.619953e+01	1.631925e+00	1.401507e-04	135584488.000000	0.000000e+00
1.620152e+01	1.631625e+00	1.401697e-04	135497880.000000	0.000000e+00
1.620352e+01	1.632390e+00	1.402889e-04	135394516.000000	0.000000e+00
1.620551e+01	1.632489e+00	1.403208e-04	135349410.000000	0.000000e+00
1.620751e+01	1.632070e+00	1.403397e-04	135243376.000000	0.000000e+00
1.620950e+01	1.632574e+00	1.404287e-04	135155518.000000	0.000000e+00
1.621150e+01	1.632847e+00	1.404876e-04	135087504.000000	0.000000e+00
1.621349e+01	1.632888e+00	1.405402e-04	134993056.000000	0.000000e+00
1.621549e+01	1.632965e+00	1.405943e-04	134901996.000000	0.000000e+00
1.621748e+01	1.633087e+00	1.406567e-04	134802460.000000	0.000000e+00
1.621947e+01	1.633500e+00	1.407262e-04	134737554.000000	0.000000e+00
1.622147e+01	1.633224e+00	1.407520e-04	134642542.000000	0.000000e+00
1.622346e+01	1.633375e+00	1.407993e-04	134576968.000000	0.000000e+00
1.622546e+01	1.634075e+00	1.409089e-04	134482884.000000	0.000000e+00
1.622745e+01	1.633755e+00	1.409325e-04	134385358.000000	0.000000e+00
1.622945e+01	1.634231e+00	1.410099e-04	134315994.000000	0.000000e+00
1.623144e+01	1.634304e+00	1.410683e-04	134216680.000000	0.000000e+00
1.623344e+01	1.634383e+00	1.411245e-04	134122714.000000	0.000000e+00
1.623543e+01	1.634481e+00	1.411712e-04	134050074.000000	0.000000e+00
1.623743e+01	1.634508e+00	1.412198e-04	133962292.000000	0.000000e+00
1.623942e+01	1.634706e+00	1.412792e-04	133882122.000000	0.000000e+00
1.624142e+01	1.635085e+00	1.413725e-04	133767544.000000	0.000000e+00
1.624341e+01	1.634937e+00	1.413841e-04	133721466.000000	0.000000e+00
1.624541e+01	1.635095e+00	1.414498e-04	133623160.000000	0.000000e+00
1.624740e+01	1.635558e+00	1.415442e-04	133520482.000000	0.000000e+00
1.624939e+01	1.635322e+00	1.415653e-04	133442154.000000	0.000000e+00
1.625139e+01	1.635608e+00	1.416391e-04	133349728.000000	0.000000e+00
1.625338e+01	1.635954e+00	1.416993e-04	133292766.000000	0.000000e+00
1.625538e+01	1.636118e+00	1.417649e-04	133196206.000000	0.000000e+00
1.625737e+01	1.636182e+00	1.418308e-04	133082964.000000	0.000000e+00
1.625937e+01	1.636331e+00	1.418779e-04	133018900.000000	0.000000e+00
1.626136e+01	1.636282e+00	1.419238e-04	132924724.000000	0.000000e+00
1.626336e+01	1.636622e+00	1.419908e-04	132854400.000000	0.000000e+00
1.626535e+01	1.636576e+00	1.420524e-04	132731932.000000	0.000000e+00
1.626735e+01	1.637255e+00	1.421446e-04	132669846.000000	0.000000e+00
1.626934e+01	1.637090e+00	1.421598e-04	132614602.000000	0.000000e+00
1.627134e+01	1.637100e+00	1.422330e-04	132479706.000000	0.000000e+00
1.627333e+01	1.637077e+00	1.422530e-04	132438856.000000	0.000000e+00
1.627533e+01	1.637772e+00	1.423838e-04	132307960.000000	0.000000e+00
1.627732e+01	1.637815e+00	1.424263e-04	132235998.000000	0.000000e+00
1.627931e+01	1.637961e+00	1.424791e-04	132161464.000000	0.000000e+00
1.628131e+01	1.638078e+00	1.425370e-04	132072978.000000	0.000000e+00
1.628330e+01	1.638190e+00	1.426016e-04	131971330.000000	0.000000e+00
1.628530e+01	1.638241e+00	1.426698e-04	131853442.000000	0.000000e+00
1.628729e+01	1.638500e+00	1.426981e-04	131842980.000000	0.000000e+00
1.628929e+01	1.638992e+00	1.428038e-04	131726818.000000	0.000000e+00
1.629128e+01	1.638909e+00	1.428475e-04	131632902.000000	0.000000e+00
1.629328e+01	1.638887e+00	1.428934e-04	131544898.000000	0.000000e+00
1.629527e+01	1.639108e+00	1.429647e-04	131449194.000000	0.000000e+00
1.629727e+01	1.639287e+00	1.430073e-04	131399386.000000	0.000000e+00
1.629926e+01	1.639563e+00	1.431050e-04	131264230.000000	0.000000e+00
1.630126e+01	1.639617e+00	1.431325e-04	131222652.000000	0.000000e+00
1.630325e+01	1.640031e+00	1.432394e-04	131092906.000000	0.000000e+00
1.630524e+01	1.640199e+00	1.432768e-04	131051274.000000	0.000000e+00
1.630724e+01	1.640066e+00	1.433238e-04	130944208.000000	0.000000e+00
1.630923e+01	1.639961e+00	1.433649e-04	130852152.000000	0.000000e+00
1.631123e+01	1.640636e+00	1.434662e-04	130775182.000000	0.000000e+00
1.631322e+01	1.640477e+00	1.435054e-04	130678378.000000	0.000000e+00
1.631522e+01	1.640817e+00	1.435834e-04	130590504.000000	0.000000e+00
1.631721e+01	1.641206e+00	1.436693e-04	130496332.000000	0.000000e+00
1.631921e+01	1.641263e+00	1.437188e-04	130415460.000000	0.000000e+00
1.632120e+01	1.641248e+00	1.437530e-04	130351036.000000	0.000000e+00
1.632320e+01	1.641638e+00	1.438384e-04	130258144.000000	0.000000e+00
1.632519e+01	1.641712e+00	1.439045e-04	130150320.000000	0.000000e+00
1.632719e+01	1.641813e+00	1.439479e-04	130087738.000000	0.000000e+00
1.632918e+01	1.641801e+00	1.440178e-04	129959718.000000	0.000000e+00
1.633118e+01	1.642228e+00	1.440746e-04	129924832.000000	0.000000e+00
1.633317e+01	1.642281e+00	1.441612e-04	129777072.000000	0.000000e+00
1.633516e+01	1.642631e+00	1.442090e-04	129746332.000000	0.000000e+00
1.633716e+01	1.642711e+00	1.442746e-04	129640996.000000	0.000000e+00
1.633915e+01	1.643120e+00	1.443653e-04	129542688.000000	0.000000e+00
1.634115e+01	1.642909e+00	1.443858e-04	129472654.000000	0.000000e+00
1.634314e+01	1.643096e+00	1.444636e-04	129362742.000000	0.000000e+00
1.634514e+01	1.643505e+00	1.445445e-04	129282250.000000	0.000000e+00
1.634713e+01	1.643672e+00	1.445997e-04	129209844.000000	0.000000e+00
1.634913e+01	1.643943e+00	1.446873e-04	129095818.000000	0.000000e+00
1.635112e+01	1.643982e+00	1.447188e-04	129045940.000000	0.000000e+00
1.635312e+01	1.644151e+00	1.447929e-04	128940468.000000	0.000000e+00
1.635511e+01	1.644160e+00	1.448337e-04	128869234.000000	0.000000e+00
1.635711e+01	1.644418e+00	1.449250e-04	128747226.000000	0.000000e+00
1.635910e+01	1.644795e+00	1.449860e-04	128697778.000000	0.000000e+00
1.636110e+01	1.644782e+00	1.450505e-04	128581416.000000	0.000000e+00
1.636309e+01	1.645154e+00	1.451206e-04	128515354.000000	0.000000e+00
1.636508e+01	1.645162e+00	1.451762e-04	128418214.000000	0.000000e+00
1.636708e+01	1.645492e+00	1.452760e-04	128293182.000000	0.000000e+00
1.636907e+01	1.645435e+00	1.452891e-04	128261182.000000	0.000000e+00
1.637107e+01	1.645282e+00	1.453272e-04	128170098.000000	0.000000e+00
1.637306e+01	1.645879e+00	1.454434e-04	128058334.000000	0.000000e+00
1.637506e+01	1.645965e+00	1.455056e-04	127962244.000000	0.000000e+00
1.637705e+01	1.646330e+00	1.455752e-04	127896534.000000	0.000000e+00
1.637905e+01	1.646672e+00	1.456400e-04	127835854.000000	0.000000e+00
1.638104e+01	1.646655e+00	1.457133e-04	127704600.000000	0.000000e+00
1.638304e+01	1.646739e+00	1.457818e-04	127597774.000000	0.000000e+00
1.638503e+01	1.647011e+00	1.458232e-04	127567470.000000	0.000000e+00
1.638703e+01	1.647286e+00	1.459184e-04	127443604.000000	0.000000e+00
1.638902e+01	1.647424e+00	1.459753e-04	127365580.000000	0.000000e+00
1.639101e+01	1.647201e+00	1.460085e-04	127273296.000000	0.000000e+00
1.639301e+01	1.647631e+00	1.460850e-04	127206328.000000	0.000000e+00
1.639500e+01	1.647682e+00	1.461546e-04	127092978.000000	0.000000e+00
1.639700e+01	1.647863e+00	1.462120e-04	127021192.000000	0.000000e+00
1.639899e+01	1.648212e+00	1.462995e-04	126923058.000000	0.000000e+00
1.640099e+01	1.648219e+00	1.463773e-04	126789334.000000	0.000000e+00
1.640298e+01	1.648579e+00	1.464083e-04	126790888.000000	0.000000e+00
1.640498e+01	1.648608e+00	1.464785e-04	126673848.000000	0.000000e+00
1.640697e+01	1.649118e+00	1.465987e-04	126544426.000000	0.000000e+00
1.640897e+01	1.649095e+00	1.466094e-04	126522570.000000	0.000000e+00
1.641096e+01	1.649223e+00	1.467043e-04	126378412.000000	0.000000e+00
1.641296e+01	1.649722e+00	1.467914e-04	126304908.000000	0.000000e+00
1.641495e+01	1.649585e+00	1.468298e-04	126217912.000000	0.000000e+00
1.641695e+01	1.649916e+00	1.469061e-04	126137428.000000	0.000000e+00
1.641894e+01	1.650222e+00	1.469844e-04	126049728.000000	0.000000e+00
1.642093e+01	1.650039e+00	1.470269e-04	125949100.000000	0.000000e+00
1.642293e+01	1.650416e+00	1.471058e-04	125871402.000000	0.000000e+00
1.642492e+01	1.650685e+00	1.471773e-04	125790106.000000	0.000000e+00
1.642692e+01	1.650679e+00	1.472284e-04	125701828.000000	0.000000e+00
1.642891e+01	1.650942e+00	1.473074e-04	125607192.000000	0.000000e+00
1.643091e+01	1.651132e+00	1.473769e-04	125517598.000000	0.000000e+00
1.643290e+01	1.651380e+00	1.474470e-04	125435934.000000	0.000000e+00
1.643490e+01	1.651418e+00	1.475252e-04	125308906.000000	0.000000e+00
1.643689e+01	1.651625e+00	1.475608e-04	125279724.000000	0.000000e+00
1.643889e+01	1.651942e+00	1.476616e-04	125156878.000000	0.000000e+00
1.644088e+01	1.652310e+00	1.477400e-04	125079658.000000	0.000000e+00
1.644288e+01	1.652488e+00	1.478169e-04	124976544.000000	0.000000e+00
1.644487e+01	1.652559e+00	1.478624e-04	124910446.000000	0.000000e+00
1.644686e+01	1.652471e+00	1.479212e-04	124797648.000000	0.000000e+00
1.644886e+01	1.652748e+00	1.479986e-04	124709110.000000	0.000000e+00
1.645085e+01	1.653160e+00	1.480730e-04	124645896.000000	0.000000e+00
1.645285e+01	1.653387e+00	1.481446e-04	124559680.000000	0.000000e+00
1.645484e+01	1.653568e+00	1.482383e-04	124429576.000000	0.000000e+00
1.645684e+01	1.653681e+00	1.482851e-04	124367880.000000	0.000000e+00
1.645883e+01	1.654161e+00	1.483782e-04	124284094.000000	0.000000e+00
1.646083e+01	1.654255e+00	1.484267e-04	124216986.000000	0.000000e+00
1.646282e+01	1.654168e+00	1.485058e-04	124071562.000000	0.000000e+00
1.646482e+01	1.654522e+00	1.485714e-04	124015200.000000	0.000000e+00
1.646681e+01	1.654927e+00	1.486585e-04	123930532.000000	0.000000e+00
1.646881e+01	1.654987e+00	1.487261e-04	123826822.000000	0.000000e+00
1.647080e+01	1.655334e+00	1.488014e-04	123753462.000000	0.000000e+00
1.647280e+01	1.655199e+00	1.488576e-04	123639850.000000	0.000000e+00
1.647479e+01	1.655454e+00	1.489116e-04	123588258.000000	0.000000e+00
1.647678e+01	1.655846e+00	1.490147e-04	123475780.000000	0.000000e+00
1.647878e+01	1.655923e+00	1.490816e-04	123376396.000000	0.000000e+00
1.648077e+01	1.656068e+00	1.491357e-04	123308664.000000	0.000000e+00
1.648277e+01	1.656363e+00	1.492216e-04	123210460.000000	0.000000e+00
1.648476e+01	1.656685e+00	1.493027e-04	123124578.000000	0.000000e+00
1.648676e+01	1.656935e+00	1.493667e-04	123056170.000000	0.000000e+00
1.648875e+01	1.657033e+00	1.494489e-04	122935362.000000	0.000000e+00
1.649075e+01	1.657186e+00	1.495042e-04	122867050.000000	0.000000e+00
1.649274e+01	1.657400e+00	1.496016e-04	122739010.000000	0.000000e+00
1.649474e+01	1.657599e+00	1.496391e-04	122706846.000000	0.000000e+00
1.649673e+01	1.657568e+00	1.497095e-04	122586790.000000	0.000000e+00
1.649873e+01	1.657773e+00	1.497764e-04	122507556.000000	0.000000e+00
1.650072e+01	1.658040e+00	1.498507e-04	122425726.000000	0.000000e+00
1.650272e+01	1.658385e+00	1.499515e-04	122311962.000000	0.000000e+00
1.650471e+01	1.658677e+00	1.500220e-04	122240056.000000	0.000000e+00
1.650670e+01	1.658642e+00	1.500900e-04	122124196.000000	0.000000e+00
1.650870e+01	1.658950e+00	1.501545e-04	122064588.000000	0.000000e+00
1.651069e+01	1.659316e+00	1.502586e-04	121949422.000000	0.000000e+00
1.651269e+01	1.659359e+00	1.502990e-04	121890150.000000	0.000000e+00
1.651468e+01	1.659613e+00	1.503855e-04	121787116.000000	0.000000e+00
1.651668e+01	1.659524e+00	1.504544e-04	121662616.000000	0.000000e+00
1.651867e+01	1.659920e+00	1.505048e-04	121639206.000000	0.000000e+00
1.652067e+01	1.659965e+00	1.505822e-04	121520710.000000	0.000000e+00
1.652266e+01	1.660392e+00	1.506705e-04	121440840.000000	0.000000e+00
1.652466e+01	1.660638e+00	1.507642e-04	121325842.000000	0.000000e+00
1.652665e+01	1.660551e+00	1.507951e-04	121263432.000000	0.000000e+00
1.652865e+01	1.660771e+00	1.508831e-04	121154176.000000	0.000000e+00
1.653064e+01	1.661136e+00	1.509837e-04	121045936.000000	0.000000e+00
1.653263e+01	1.661201e+00	1.510129e-04	121008678.000000	0.000000e+00
1.653463e+01	1.661816e+00	1.511368e-04	120899872.000000	0.000000e+00
1.653662e+01	1.661543e+00	1.511796e-04	120791634.000000	0.000000e+00
1.653862e+01	1.661916e+00	1.512626e-04	120713260.000000	0.000000e+00
1.654061e+01	1.662045e+00	1.513537e-04	120586668.000000	0.000000e+00
1.654261e+01	1.662275e+00	1.513855e-04	120569440.000000	0.000000e+00
1.654460e+01	1.662854e+00	1.515120e-04	120452050.000000	0.000000e+00
1.654660e+01	1.662809e+00	1.515850e-04	120329484.000000	0.000000e+00
1.654859e+01	1.662837e+00	1.516264e-04	120268000.000000	0.000000e+00
1.655059e+01	1.663213e+00	1.517159e-04	120180264.000000	0.000000e+00
1.655258e+01	1.663347e+00	1.517848e-04	120090724.000000	0.000000e+00
1.655458e+01	1.663657e+00	1.518674e-04	120004692.000000	0.000000e+00
1.655657e+01	1.663899e+00	1.519591e-04	119894734.000000	0.000000e+00
1.655857e+01	1.663925e+00	1.520001e-04	119833990.000000	0.000000e+00
1.656056e+01	1.664199e+00	1.521064e-04	119705904.000000	0.000000e+00
1.656255e+01	1.664494e+00	1.521683e-04	119650936.000000	0.000000e+00
1.656455e+01	1.664953e+00	1.522828e-04	119536956.000000	0.000000e+00
1.656654e+01	1.665163e+00	1.523545e-04	119454682.000000	0.000000e+00
1.656854e+01	1.665121e+00	1.524032e-04	119372230.000000	0.000000e+00
1.657053e+01	1.665500e+00	1.524955e-04	119281998.000000	0.000000e+00
1.657253e+01	1.665771e+00	1.525907e-04	119172124.000000	0.000000e+00
1.657452e+01	1.665953e+00	1.526648e-04	119082438.000000	0.000000e+00
1.657652e+01	1.666145e+00	1.527141e-04	119033086.000000	0.000000e+00
1.657851e+01	1.666295e+00	1.528185e-04	118891740.000000	0.000000e+00
1.658051e+01	1.666370e+00	1.528569e-04	118842748.000000	0.000000e+00
1.658250e+01	1.666926e+00	1.529793e-04	118731910.000000	0.000000e+00
1.658450e+01	1.666913e+00	1.530340e-04	118645026.000000	0.000000e+00
1.658649e+01	1.667362e+00	1.531295e-04	118561156.000000	0.000000e+00
1.658848e+01	1.667807e+00	1.532409e-04	118451964.000000	0.000000e+00
1.659048e+01	1.667734e+00	1.532729e-04	118392136.000000	0.000000e+00
1.659247e+01	1.667593e+00	1.533371e-04	118273134.000000	0.000000e+00
1.659447e+01	1.667883e+00	1.534134e-04	118196500.000000	0.000000e+00
1.659646e+01	1.668332e+00	1.535071e-04	118115860.000000	0.000000e+00
1.659846e+01	1.668497e+00	1.536028e-04	117992088.000000	0.000000e+00
1.660045e+01	1.668829e+00	1.536603e-04	117950578.000000	0.000000e+00
1.660245e+01	1.668900e+00	1.537511e-04	117821334.000000	0.000000e+00
1.660444e+01	1.669283e+00	1.538506e-04	117723040.000000	0.000000e+00
1.660644e+01	1.669511e+00	1.539198e-04	117649356.000000	0.000000e+00
1.660843e+01	1.669332e+00	1.539630e-04	117558034.000000	0.000000e+00
1.661043e+01	1.669775e+00	1.540525e-04	117484006.000000	0.000000e+00
1.661242e+01	1.669847e+00	1.541399e-04	117360840.000000	0.000000e+00
1.661442e+01	1.670211e+00	1.542086e-04	117307462.000000	0.000000e+00
1.661641e+01	1.670295e+00	1.542840e-04	117204594.000000	0.000000e+00
1.661840e+01	1.670512e+00	1.543783e-04	117091894.000000	0.000000e+00
1.662040e+01	1.671066e+00	1.544720e-04	117027484.000000	0.000000e+00
1.662239e+01	1.670826e+00	1.545197e-04	116921532.000000	0.000000e+00
1.662439e+01	1.671474e+00	1.546254e-04	116852404.000000	0.000000e+00
1.662638e+01	1.671605e+00	1.547150e-04	116735406.000000	0.000000e+00
1.662838e+01	1.671973e+00	1.548079e-04	116646748.000000	0.000000e+00
1.663037e+01	1.671996e+00	1.548605e-04	116570622.000000	0.000000e+00
1.663237e+01	1.672205e+00	1.549496e-04	116465596.000000	0.000000e+00
1.663436e+01	1.672765e+00	1.550485e-04	116395210.000000	0.000000e+00
1.663636e+01	1.672424e+00	1.550960e-04	116276370.000000	0.000000e+00
1.663835e+01	1.673094e+00	1.551985e-04	116215942.000000	0.000000e+00
1.664035e+01	1.673240e+00	1.552765e-04	116119416.000000	0.000000e+00
1.664234e+01	1.673374e+00	1.553745e-04	115991662.000000	0.000000e+00
1.664433e+01	1.673675e+00	1.554378e-04	115938870.000000	0.000000e+00
1.664633e+01	1.673785e+00	1.555258e-04	115822804.000000	0.000000e+00
1.664832e+01	1.673944e+00	1.555796e-04	115764862.000000	0.000000e+00
1.665032e+01	1.674099e+00	1.556870e-04	115626510.000000	0.000000e+00
1.665231e+01	1.674780e+00	1.557820e-04	115579594.000000	0.000000e+00
1.665431e+01	1.674881e+00	1.558548e-04	115485498.000000	0.000000e+00
1.665630e+01	1.674998e+00	1.559473e-04	115364734.000000	0.000000e+00
1.665830e+01	1.675179e+00	1.560092e-04	115298130.000000	0.000000e+00
1.666029e+01	1.675319e+00	1.560901e-04	115197814.000000	0.000000e+00
1.666229e+01	1.675997e+00	1.562050e-04	115121524.000000	0.000000e+00
1.666428e+01	1.675935e+00	1.562759e-04	115008600.000000	0.000000e+00
1.666628e+01	1.676312e+00	1.563857e-04	114898852.000000	0.000000e+00
1.666827e+01	1.676697e+00	1.564335e-04	114881370.000000	0.000000e+00
1.667027e+01	1.676469e+00	1.565274e-04	114712390.000000	0.000000e+00
1.667226e+01	1.676839e+00	1.565945e-04	114664798.000000	0.000000e+00
1.667425e+01	1.677128e+00	1.566922e-04	114561228.000000	0.000000e+00
1.667625e+01	1.677143e+00	1.567685e-04	114451834.000000	0.000000e+00
1.667824e+01	1.677650e+00	1.568592e-04	114388614.000000	0.000000e+00
1.668024e+01	1.677693e+00	1.569441e-04	114270760.000000	0.000000e+00
1.668223e+01	1.677812e+00	1.569877e-04	114223560.000000	0.000000e+00
1.668423e+01	1.678271e+00	1.571253e-04	114085972.000000	0.000000e+00
1.668622e+01	1.678481e+00	1.571966e-04	114010948.000000	0.000000e+00
1.668822e+01	1.679048e+00	1.573081e-04	113926314.000000	0.000000e+00
1.669021e+01	1.678727e+00	1.573644e-04	113801404.000000	0.000000e+00
1.669221e+01	1.678935e+00	1.574015e-04	113775870.000000	0.000000e+00
1.669420e+01	1.679318e+00	1.575365e-04	113632714.000000	0.000000e+00
1.669620e+01	1.679667e+00	1.576190e-04	113561028.000000	0.000000e+00
1.669819e+01	1.679677e+00	1.576869e-04	113464516.000000	0.000000e+00
1.670019e+01	1.680097e+00	1.577951e-04	113365804.000000	0.000000e+00
1.670218e+01	1.680115e+00	1.578693e-04	113261562.000000	0.000000e+00
1.670417e+01	1.680631e+00	1.579772e-04	113176450.000000	0.000000e+00
1.670617e+01	1.680656e+00	1.580170e-04	113122722.000000	0.000000e+00
1.670816e+01	1.680907e+00	1.581204e-04	113008678.000000	0.000000e+00
1.671016e+01	1.681415e+00	1.582603e-04	112877062.000000	0.000000e+00
1.671215e+01	1.681615e+00	1.583080e-04	112836054.000000	0.000000e+00
1.671415e+01	1.681819e+00	1.583901e-04	112746262.000000	0.000000e+00
1.671614e+01	1.682145e+00	1.585046e-04	112627128.000000	0.000000e+00
1.671814e+01	1.682213e+00	1.585677e-04	112546672.000000	0.000000e+00
1.672013e+01	1.682552e+00	1.586564e-04	112466100.000000	0.000000e+00
1.672213e+01	1.682579e+00	1.587366e-04	112356082.000000	0.000000e+00
1.672412e+01	1.682786e+00	1.588288e-04	112253224.000000	0.000000e+00
1.672612e+01	1.683098e+00	1.589012e-04	112192668.000000	0.000000e+00
1.672811e+01	1.683606e+00	1.590405e-04	112063816.000000	0.000000e+00
1.673010e+01	1.683846e+00	1.591069e-04	112002318.000000	0.000000e+00
1.673210e+01	1.684114e+00	1.591961e-04	111912382.000000	0.000000e+00
1.673409e+01	1.684356e+00	1.592984e-04	111800862.000000	0.000000e+00
1.673609e+01	1.684625e+00	1.593877e-04	111711310.000000	0.000000e+00
1.673808e+01	1.684696e+00	1.594786e-04	111593224.000000	0.000000e+00
1.674008e+01	1.684956e+00	1.595274e-04	111559428.000000	0.000000e+00
1.674207e+01	1.685335e+00	1.596544e-04	111432250.000000	0.000000e+00
1.674407e+01	1.685257e+00	1.597016e-04	111356004.000000	0.000000e+00
1.674606e+01	1.685637e+00	1.598038e-04	111263848.000000	0.000000e+00
1.674806e+01	1.685892e+00	1.599079e-04	111152676.000000	0.000000e+00
1.675005e+01	1.686125e+00	1.599657e-04	111102970.000000	0.000000e+00
1.675205e+01	1.686373e+00	1.600981e-04	110951926.000000	0.000000e+00
1.675404e+01	1.686678e+00	1.601652e-04	110899158.000000	0.000000e+00
1.675604e+01	1.686954e+00	1.602727e-04	110786596.000000	0.000000e+00
1.675803e+01	1.687129e+00	1.603437e-04	110711580.000000	0.000000e+00
1.676002e+01	1.687448e+00	1.604451e-04	110613400.000000	0.000000e+00
1.676202e+01	1.687334e+00	1.605283e-04	110483944.000000	0.000000e+00
1.676401e+01	1.687971e+00	1.606112e-04	110453280.000000	0.000000e+00
1.676601e+01	1.687841e+00	1.606899e-04	110328046.000000	0.000000e+00
1.676800e+01	1.687980e+00	1.607813e-04	110220810.000000	0.000000e+00
1.677000e+01	1.688686e+00	1.608930e-04	110159860.000000	0.000000e+00
1.677199e+01	1.688549e+00	1.609724e-04	110033430.000000	0.000000e+00
1.677399e+01	1.689105e+00	1.610682e-04	109974934.000000	0.000000e+00
1.677598e+01	1.689155e+00	1.611475e-04	109873246.000000	0.000000e+00
1.677798e+01	1.689506e+00	1.612554e-04	109771812.000000	0.000000e+00
1.677997e+01	1.689550e+00	1.613101e-04	109703164.000000	0.000000e+00
1.678197e+01	1.690395e+00	1.614879e-04	109571220.000000	0.000000e+00
1.678396e+01	1.690204e+00	1.615147e-04	109510126.000000	0.000000e+00
1.678595e+01	1.690385e+00	1.616171e-04	109394682.000000	0.000000e+00
1.678795e+01	1.691014e+00	1.617156e-04	109342846.000000	0.000000e+00
1.678994e+01	1.690792e+00	1.618067e-04	109191076.000000	0.000000e+00
1.679194e+01	1.691249e+00	1.618953e-04	109130574.000000	0.000000e+00
1.679393e+01	1.691482e+00	1.619848e-04	109040176.000000	0.000000e+00
1.679593e+01	1.691640e+00	1.620837e-04	108927342.000000	0.000000e+00
1.679792e+01	1.692186e+00	1.621801e-04	108868168.000000	0.000000e+00
1.679992e+01	1.692129e+00	1.622720e-04	108737628.000000	0.000000e+00
1.680191e+01	1.692088e+00	1.623160e-04	108673396.000000	0.000000e+00
1.680391e+01	1.693016e+00	1.624839e-04	108567814.000000	0.000000e+00
1.680590e+01	1.693001e+00	1.625575e-04	108467700.000000	0.000000e+00
1.680790e+01	1.693609e+00	1.626758e-04	108387748.000000	0.000000e+00
1.680989e+01	1.693351e+00	1.627245e-04	108289992.000000	0.000000e+00
1.681189e+01	1.693934e+00	1.628392e-04	108211882.000000	0.000000e+00
1.681388e+01	1.694016e+00	1.629214e-04	108113170.000000	0.000000e+00
1.681587e+01	1.694208e+00	1.630459e-04	107972574.000000	0.000000e+00
1.681787e+01	1.694695e+00	1.631069e-04	107953936.000000	0.000000e+00
1.681986e+01	1.694514e+00	1.632124e-04	107791332.000000	0.000000e+00
1.682186e+01	1.694956e+00	1.632827e-04	107754748.000000	0.000000e+00
1.682385e+01	1.695056e+00	1.633801e-04	107638926.000000	0.000000e+00
1.682585e+01	1.695412e+00	1.634915e-04	107537566.000000	0.000000e+00
1.682784e+01	1.695618e+00	1.635622e-04	107470744.000000	0.000000e+00
1.682984e+01	1.695759e+00	1.636776e-04	107337096.000000	0.000000e+00
1.683183e+01	1.696521e+00	1.637945e-04	107280286.000000	0.000000e+00
1.683383e+01	1.696381e+00	1.638691e-04	107164998.000000	0.000000e+00
1.683582e+01	1.696769e+00	1.639689e-04	107083450.000000	0.000000e+00
1.683782e+01	1.696939e+00	1.640706e-04	106972224.000000	0.000000e+00
1.683981e+01	1.697271e+00	1.641537e-04	106905670.000000	0.000000e+00
1.684181e+01	1.697614e+00	1.642667e-04	106801834.000000	0.000000e+00
1.684380e+01	1.697633e+00	1.643641e-04	106677738.000000	0.000000e+00
1.684579e+01	1.698179e+00	1.644532e-04	106630744.000000	0.000000e+00
1.684779e+01	1.698419e+00	1.645619e-04	106519944.000000	0.000000e+00
1.684978e+01	1.698341e+00	1.646219e-04	106432660.000000	0.000000e+00
1.685178e+01	1.698591e+00	1.647356e-04	106317006.000000	0.000000e+00
1.685377e+01	1.699121e+00	1.648512e-04	106234180.000000	0.000000e+00
1.685577e+01	1.699353e+00	1.649287e-04	106163440.000000	0.000000e+00
1.685776e+01	1.699268e+00	1.650168e-04	106039410.000000	0.000000e+00
1.685976e+01	1.699899e+00	1.651468e-04	105951190.000000	0.000000e+00
1.686175e+01	1.699950e+00	1.652004e-04	105888822.000000	0.000000e+00
1.686375e+01	1.700461e+00	1.653558e-04	105753466.000000	0.000000e+00
1.686574e+01	1.700638e+00	1.654296e-04	105681208.000000	0.000000e+00
1.686774e+01	1.700357e+00	1.654943e-04	105563544.000000	0.000000e+00
1.686973e+01	1.700916e+00	1.655930e-04	105507076.000000	0.000000e+00
1.687172e+01	1.701122e+00	1.657138e-04	105378822.000000	0.000000e+00
1.687372e+01	1.701542e+00	1.658249e-04	105289696.000000	0.000000e+00
1.687571e+01	1.701543e+00	1.658677e-04	105235512.000000	0.000000e+00
1.687771e+01	1.701922e+00	1.660148e-04	105095872.000000	0.000000e+00
1.687970e+01	1.702560e+00	1.661358e-04	105021610.000000	0.000000e+00
1.688170e+01	1.702582e+00	1.662104e-04	104930022.000000	0.000000e+00
1.688369e+01	1.702780e+00	1.663184e-04	104818162.000000	0.000000e+00
1.688569e+01	1.703050e+00	1.663920e-04	104758632.000000	0.000000e+00
1.688768e+01	1.703115e+00	1.665164e-04	104610250.000000	0.000000e+00
1.688968e+01	1.703409e+00	1.665591e-04	104592618.000000	0.000000e+00
1.689167e+01	1.703694e+00	1.667119e-04	104435932.000000	0.000000e+00
1.689367e+01	1.703926e+00	1.667912e-04	104365084.000000	0.000000e+00
1.689566e+01	1.704615e+00	1.669378e-04	104266092.000000	0.000000e+00
1.689766e+01	1.704668e+00	1.670289e-04	104158924.000000	0.000000e+00
1.689965e+01	1.705025e+00	1.671092e-04	104102502.000000	0.000000e+00
1.690164e+01	1.704997e+00	1.672290e-04	103949878.000000	0.000000e+00
1.690364e+01	1.705242e+00	1.672995e-04	103892110.000000	0.000000e+00
1.690563e+01	1.705289e+00	1.673745e-04	103804716.000000	0.000000e+00
1.690763e+01	1.705794e+00	1.675038e-04	103706026.000000	0.000000e+00
1.690962e+01	1.705791e+00	1.675788e-04	103612806.000000	0.000000e+00
1.691162e+01	1.706286e+00	1.677308e-04	103485130.000000	0.000000e+00
1.691361e+01	1.706823e+00	1.678152e-04	103446192.000000	0.000000e+00
1.691561e+01	1.706779e+00	1.679159e-04	103316752.000000	0.000000e+00
1.691760e+01	1.707168e+00	1.680281e-04	103225864.000000	0.000000e+00
1.691960e+01	1.707188e+00	1.680944e-04	103146966.000000	0.000000e+00
1.692159e+01	1.707641e+00	1.682410e-04	103021840.000000	0.000000e+00
1.692359e+01	1.708144e+00	1.683338e-04	102968928.000000	0.000000e+00
1.692558e+01	1.708272e+00	1.684578e-04	102832750.000000	0.000000e+00
1.692757e+01	1.708442e+00	1.685323e-04	102762378.000000	0.000000e+00
1.692957e+01	1.708929e+00	1.686666e-04	102657358.000000	0.000000e+00
1.693156e+01	1.708762e+00	1.687257e-04	102565354.000000	0.000000e+00
1.693356e+01	1.709774e+00	1.689037e-04	102470628.000000	0.000000e+00
1.693555e+01	1.709434e+00	1.689601e-04	102361372.000000	0.000000e+00
1.693755e+01	1.709674e+00	1.690167e-04	102321564.000000	0.000000e+00
1.693954e+01	1.709972e+00	1.691673e-04	102175126.000000	0.000000e+00
1.694154e+01	1.710252e+00	1.692671e-04	102088176.000000	0.000000e+00
1.694353e+01	1.710233e+00	1.693231e-04	102018328.000000	0.000000e+00
1.694553e+01	1.710668e+00	1.694631e-04	101901628.000000	0.000000e+00
1.694752e+01	1.711106e+00	1.695819e-04	101810982.000000	0.000000e+00
1.694952e+01	1.711255e+00	1.696852e-04	101704798.000000	0.000000e+00
1.695151e+01	1.711580e+00	1.697816e-04	101628030.000000	0.000000e+00
1.695351e+01	1.711867e+00	1.698892e-04	101533360.000000	0.000000e+00
1.695550e+01	1.711968e+00	1.699889e-04	101426278.000000	0.000000e+00
1.695749e+01	1.712490e+00	1.701050e-04	101349618.000000	0.000000e+00
1.695949e+01	1.712282e+00	1.701882e-04	101225938.000000	0.000000e+00
1.696148e+01	1.712809e+00	1.703122e-04	101140848.000000	0.000000e+00
1.696348e+01	1.712912e+00	1.703901e-04	101060518.000000	0.000000e+00
1.696547e+01	1.713474e+00	1.705410e-04	100947966.000000	0.000000e+00
1.696747e+01	1.713730e+00	1.706399e-04	100861096.000000	0.000000e+00
1.696946e+01	1.713750e+00	1.707256e-04	100762198.000000	0.000000e+00
1.697146e+01	1.714555e+00	1.708796e-04	100675194.000000	0.000000e+00
1.697345e+01	1.714171e+00	1.709328e-04	100567462.000000	0.000000e+00
1.697545e+01	1.714768e+00	1.710525e-04	100496748.000000	0.000000e+00
1.697744e+01	1.715045e+00	1.711725e-04	100388332.000000	0.000000e+00
1.697944e+01	1.714944e+00	1.712485e-04	100287396.000000	0.000000e+00
1.698143e+01	1.715443e+00	1.713610e-04	100214014.000000	0.000000e+00
1.698343e+01	1.715666e+00	1.715038e-04	100073254.000000	0.000000e+00
1.698542e+01	1.716230e+00	1.716126e-04	100012182.000000	0.000000e+00
1.698741e+01	1.715937e+00	1.716751e-04	99905164.000000	0.000000e+00
1.698941e+01	1.716384e+00	1.717867e-04	99827418.000000	0.000000e+00
1.699140e+01	1.716686e+00	1.719108e-04	99718354.000000	0.000000e+00
1.699340e+01	1.716760e+00	1.720225e-04	99597534.000000	0.000000e+00
1.699539e+01	1.717268e+00	1.721147e-04	99549784.000000	0.000000e+00
1.699739e+01	1.717531e+00	1.722418e-04	99433372.000000	0.000000e+00
1.699938e+01	1.717843e+00	1.723627e-04	99330048.000000	0.000000e+00
1.700138e+01	1.717845e+00	1.724336e-04	99248536.000000	0.000000e+00
1.700337e+01	1.718151e+00	1.725584e-04	99140364.000000	0.000000e+00
1.700537e+01	1.718546e+00	1.726569e-04	99072784.000000	0.000000e+00
1.700736e+01	1.718743e+00	1.727975e-04	98934280.000000	0.000000e+00
1.700936e+01	1.719254e+00	1.728987e-04	98877234.000000	0.000000e+00
1.701135e+01	1.719438e+00	1.730236e-04	98755726.000000	0.000000e+00
1.701334e+01	1.719560e+00	1.731026e-04	98679630.000000	0.000000e+00
1.701534e+01	1.719951e+00	1.732383e-04	98569816.000000	0.000000e+00
1.701733e+01	1.720118e+00	1.733651e-04	98444940.000000	0.000000e+00
1.701933e+01	1.720366e+00	1.734283e-04	98401480.000000	0.000000e+00
1.702132e+01	1.720528e+00	1.735471e-04	98285350.000000	0.000000e+00
1.702332e+01	1.720846e+00	1.736576e-04	98196588.000000	0.000000e+00
1.702531e+01	1.721134e+00	1.737777e-04	98093728.000000	0.000000e+00
1.702731e+01	1.721489e+00	1.739055e-04	97990008.000000	0.000000e+00
1.702930e+01	1.721823e+00	1.740061e-04	97914730.000000	0.000000e+00
1.703130e+01	1.721611e+00	1.740885e-04	97797948.000000	0.000000e+00
1.703329e+01	1.722311e+00	1.742315e-04	97716880.000000	0.000000e+00
1.703529e+01	1.722374e+00	1.743135e-04	97632106.000000	0.000000e+00
1.703728e+01	1.722511e+00	1.744428e-04	97502988.000000	0.000000e+00
1.703928e+01	1.722794e+00	1.745347e-04	97432324.000000	0.000000e+00
1.704127e+01	1.722854e+00	1.746544e-04	97305648.000000	0.000000e+00
1.704326e+01	1.723349e+00	1.747437e-04	97262044.000000	0.000000e+00
1.704526e+01	1.723538e+00	1.749019e-04	97107462.000000	0.000000e+00
1.704725e+01	1.723831e+00	1.749853e-04	97047838.000000	0.000000e+00
1.704925e+01	1.724343e+00	1.751281e-04	96947284.000000	0.000000e+00
1.705124e+01	1.723973e+00	1.751948e-04	96831870.000000	0.000000e+00
1.705324e+01	1.724482e+00	1.752962e-04	96776998.000000	0.000000e+00
1.705523e+01	1.724757e+00	1.754445e-04	96644286.000000	0.000000e+00
1.705723e+01	1.725243e+00	1.755702e-04	96560380.000000	0.000000e+00
1.705922e+01	1.725296e+00	1.756659e-04	96461188.000000	0.000000e+00
1.706122e+01	1.725452e+00	1.757669e-04	96367740.000000	0.000000e+00
1.706321e+01	1.726161e+00	1.759176e-04	96281710.000000	0.000000e+00
1.706521e+01	1.726173e+00	1.760403e-04	96148914.000000	0.000000e+00
1.706720e+01	1.726415e+00	1.761116e-04	96097978.000000	0.000000e+00
1.706919e+01	1.726666e+00	1.762404e-04	95985492.000000	0.000000e+00
1.707119e+01	1.727056e+00	1.763833e-04	95873362.000000	0.000000e+00
1.707318e+01	1.727222e+00	1.764643e-04	95803714.000000	0.000000e+00
1.707518e+01	1.727340e+00	1.765971e-04	95672766.000000	0.000000e+00
1.707717e+01	1.727751e+00	1.766871e-04	95620774.000000	0.000000e+00
1.707917e+01	1.727474e+00	1.767801e-04	95489634.000000	0.000000e+00
1.708116e+01	1.728116e+00	1.769327e-04	95395870.000000	0.000000e+00
1.708316e+01	1.728532e+00	1.770467e-04	95318940.000000	0.000000e+00
1.708515e+01	1.728391e+00	1.771527e-04	95189278.000000	0.000000e+00
1.708715e+01	1.729153e+00	1.772741e-04	95142976.000000	0.000000e+00
1.708914e+01	1.729387e+00	1.774355e-04	94995570.000000	0.000000e+00
1.709114e+01	1.729284e+00	1.774899e-04	94926112.000000	0.000000e+00
1.709313e+01	1.729875e+00	1.776402e-04	94830156.000000	0.000000e+00
1.709513e+01	1.730175e+00	1.777710e-04	94723708.000000	0.000000e+00
1.709712e+01	1.730256e+00	1.778694e-04	94627738.000000	0.000000e+00
1.709911e+01	1.730476e+00	1.779879e-04	94525770.000000	0.000000e+00
1.710111e+01	1.730444e+00	1.780565e-04	94449490.000000	0.000000e+00
1.710310e+01	1.730833e+00	1.781942e-04	94345992.000000	0.000000e+00
1.710510e+01	1.731026e+00	1.783233e-04	94230406.000000	0.000000e+00
1.710709e+01	1.731336e+00	1.784232e-04	94158654.000000	0.000000e+00
1.710909e+01	1.731692e+00	1.785744e-04	94037878.000000	0.000000e+00
1.711108e+01	1.732067e+00	1.786875e-04	93959560.000000	0.000000e+00
1.711308e+01	1.731761e+00	1.787659e-04	93844080.000000	0.000000e+00
1.711507e+01	1.732706e+00	1.789240e-04	93780424.000000	0.000000e+00
1.711707e+01	1.732780e+00	1.790453e-04	93661482.000000	0.000000e+00
1.711906e+01	1.732859e+00	1.791460e-04	93564790.000000	0.000000e+00
1.712106e+01	1.733088e+00	1.792630e-04	93467370.000000	0.000000e+00
1.712305e+01	1.733163e+00	1.793755e-04	93358246.000000	0.000000e+00
1.712504e+01	1.734036e+00	1.795271e-04	93294496.000000	0.000000e+00
1.712704e+01	1.733776e+00	1.796326e-04	93156996.000000	0.000000e+00
1.712903e+01	1.733990e+00	1.797255e-04	93083764.000000	0.000000e+00
1.713103e+01	1.734469e+00	1.798617e-04	92994174.000000	0.000000e+00
1.713302e+01	1.734247e+00	1.799537e-04	92875360.000000	0.000000e+00
1.713502e+01	1.734967e+00	1.801007e-04	92800794.000000	0.000000e+00
1.713701e+01	1.735201e+00	1.802284e-04	92694364.000000	0.000000e+00
1.713901e+01	1.735559e+00	1.803537e-04	92603782.000000	0.000000e+00
1.714100e+01	1.735770e+00	1.804827e-04	92493906.000000	0.000000e+00
1.714300e+01	1.735726e+00	1.805734e-04	92396302.000000	0.000000e+00
1.714499e+01	1.736160e+00	1.806987e-04	92314416.000000	0.000000e+00
1.714699e+01	1.736537e+00	1.808599e-04	92189932.000000	0.000000e+00
1.714898e+01	1.736728e+00	1.809476e-04	92120848.000000	0.000000e+00
1.715098e+01	1.736753e+00	1.810593e-04	92009874.000000	0.000000e+00
1.715297e+01	1.737289e+00	1.811992e-04	91924570.000000	0.000000e+00
1.715496e+01	1.737353e+00	1.813216e-04	91807290.000000	0.000000e+00
1.715696e+01	1.737705e+00	1.814680e-04	91696354.000000	0.000000e+00
1.715895e+01	1.737839e+00	1.815199e-04	91658064.000000	0.000000e+00
1.716095e+01	1.738274e+00	1.817252e-04	91496908.000000	0.000000e+00
1.716294e+01	1.738499e+00	1.818222e-04	91422892.000000	0.000000e+00
1.716494e+01	1.738786e+00	1.819290e-04	91345782.000000	0.000000e+00
1.716693e+01	1.738976e+00	1.820839e-04	91210360.000000	0.000000e+00
1.716893e+01	1.739204e+00	1.821565e-04	91161624.000000	0.000000e+00
1.717092e+01	1.738979e+00	1.822619e-04	91032556.000000	0.000000e+00
1.717292e+01	1.739688e+00	1.824291e-04	90939906.000000	0.000000e+00
1.717491e+01	1.740261e+00	1.825775e-04	90851902.000000	0.000000e+00
1.717691e+01	1.740092e+00	1.826795e-04	90732826.000000	0.000000e+00
1.717890e+01	1.740308e+00	1.827880e-04	90647712.000000	0.000000e+00
1.718089e+01	1.740448e+00	1.829130e-04	90538384.000000	0.000000e+00
1.718289e+01	1.741162e+00	1.830620e-04	90465294.000000	0.000000e+00
1.718488e+01	1.741163e+00	1.831928e-04	90336268.000000	0.000000e+00
1.718688e+01	1.740976e+00	1.832507e-04	90259740.000000	0.000000e+00
1.718887e+01	1.741543e+00	1.833939e-04	90177646.000000	0.000000e+00
1.719087e+01	1.741479e+00	1.835394e-04	90028126.000000	0.000000e+00
1.719286e+01	1.742179e+00	1.836580e-04	89984088.000000	0.000000e+00
1.719486e+01	1.742279e+00	1.838113e-04	89844340.000000	0.000000e+00
1.719685e+01	1.742602e+00	1.839054e-04	89785764.000000	0.000000e+00
1.719885e+01	1.742414e+00	1.840150e-04	89659450.000000	0.000000e+00
1.720084e+01	1.742982e+00	1.841724e-04	89564716.000000	0.000000e+00
1.720284e+01	1.743446e+00	1.842986e-04	89489676.000000	0.000000e+00
1.720483e+01	1.743456e+00	1.844192e-04	89373700.000000	0.000000e+00
1.720683e+01	1.743733e+00	1.845605e-04	89265258.000000	0.000000e+00
1.720882e+01	1.743838e+00	1.846555e-04	89184190.000000	0.000000e+00
1.721081e+01	1.743607e+00	1.847376e-04	89081358.000000	0.000000e+00
1.721281e+01	1.744080e+00	1.848960e-04	88976950.000000	0.000000e+00
1.721480e+01	1.744391e+00	1.850434e-04	88866994.000000	0.000000e+00
1.721680e+01	1.744720e+00	1.851478e-04	88800306.000000	0.000000e+00
1.721879e+01	1.744675e+00	1.852630e-04	88685272.000000	0.000000e+00
1.722079e+01	1.745515e+00	1.854398e-04	88601562.000000	0.000000e+00
1.722278e+01	1.745351e+00	1.855515e-04	88478230.000000	0.000000e+00
1.722478e+01	1.745496e+00	1.856745e-04	88375782.000000	0.000000e+00
1.722677e+01	1.746041e+00	1.857877e-04	88323184.000000	0.000000e+00
1.722877e+01	1.745930e+00	1.859230e-04	88183432.000000	0.000000e+00
1.723076e+01	1.746518e+00	1.860741e-04	88099680.000000	0.000000e+00
1.723276e+01	1.746625e+00	1.861851e-04	88005478.000000	0.000000e+00
1.723475e+01	1.746579e+00	1.862930e-04	87898896.000000	0.000000e+00
1.723675e+01	1.747010e+00	1.864239e-04	87818764.000000	0.000000e+00
1.723874e+01	1.747050e+00	1.865863e-04	87670066.000000	0.000000e+00
1.724073e+01	1.747415e+00	1.866799e-04	87618780.000000	0.000000e+00
1.724273e+01	1.747313e+00	1.867928e-04	87502672.000000	0.000000e+00
1.724472e+01	1.747867e+00	1.869573e-04	87404130.000000	0.000000e+00
1.724672e+01	1.747939e+00	1.870620e-04	87313534.000000	0.000000e+00
1.724871e+01	1.748225e+00	1.872052e-04	87208560.000000	0.000000e+00
1.725071e+01	1.748835e+00	1.873431e-04	87140944.000000	0.000000e+00
1.725270e+01	1.748705e+00	1.874933e-04	86988424.000000	0.000000e+00
1.725470e+01	1.748750e+00	1.875760e-04	86916210.000000	0.000000e+00
1.725669e+01	1.749099e+00	1.877075e-04	86829118.000000	0.000000e+00
1.725869e+01	1.749337e+00	1.878761e-04	86696970.000000	0.000000e+00
1.726068e+01	1.749665e+00	1.879662e-04	86646316.000000	0.000000e+00
1.726268e+01	1.749249e+00	1.880784e-04	86501820.000000	0.000000e+00
1.726467e+01	1.750299e+00	1.882593e-04	86439310.000000	0.000000e+00
1.726667e+01	1.750390e+00	1.883986e-04	86320600.000000	0.000000e+00
1.726866e+01	1.750764e+00	1.885577e-04	86211870.000000	0.000000e+00
1.727065e+01	1.750959e+00	1.886561e-04	86141050.000000	0.000000e+00
1.727265e+01	1.750947e+00	1.888048e-04	86004294.000000	0.000000e+00
1.727464e+01	1.751297e+00	1.888989e-04	85952872.000000	0.000000e+00
1.727664e+01	1.750889e+00	1.890058e-04	85815684.000000	0.000000e+00
1.727863e+01	1.751607e+00	1.891741e-04	85733344.000000	0.000000e+00
1.728063e+01	1.751779e+00	1.893012e-04	85635130.000000	0.000000e+00
1.728262e+01	1.751561e+00	1.894053e-04	85519752.000000	0.000000e+00
1.728462e+01	1.752005e+00	1.895337e-04	85447192.000000	0.000000e+00
1.728661e+01	1.752493e+00	1.897229e-04	85324374.000000	0.000000e+00
1.728861e+01	1.752418e+00	1.898098e-04	85239004.000000	0.000000e+00
1.729060e+01	1.752589e+00	1.899529e-04	85127200.000000	0.000000e+00
1.729260e+01	1.753232e+00	1.901270e-04	85033716.000000	0.000000e+00
1.729459e+01	1.752939e+00	1.901878e-04	84950986.000000	0.000000e+00
1.729658e+01	1.753174e+00	1.903513e-04	84827862.000000	0.000000e+00
1.729858e+01	1.753457e+00	1.904722e-04	84747514.000000	0.000000e+00
1.730057e+01	1.753609e+00	1.906018e-04	84646980.000000	0.000000e+00
1.730257e+01	1.753779e+00	1.907548e-04	84527614.000000	0.000000e+00
1.730456e+01	1.754144e+00	1.908981e-04	84435946.000000	0.000000e+00
1.730656e+01	1.753935e+00	1.909839e-04	84339966.000000	0.000000e+00
1.730855e+01	1.754899e+00	1.911696e-04	84268738.000000	0.000000e+00
1.731055e+01	1.754543e+00	1.912953e-04	84123864.000000	0.000000e+00
1.731254e+01	1.755116e+00	1.914649e-04	84029758.000000	0.000000e+00
1.731454e+01	1.754962e+00	1.915329e-04	83955432.000000	0.000000e+00
1.731653e+01	1.755555e+00	1.917156e-04	83852086.000000	0.000000e+00
1.731853e+01	1.755430e+00	1.918232e-04	83746078.000000	0.000000e+00
1.732052e+01	1.755741e+00	1.919892e-04	83631030.000000	0.000000e+00
1.732251e+01	1.756086e+00	1.921003e-04	83567116.000000	0.000000e+00
1.732451e+01	1.755928e+00	1.922324e-04	83437260.000000	0.000000e+00
1.732650e+01	1.756035e+00	1.923569e-04	83339440.000000	0.000000e+00
1.732850e+01	1.756631e+00	1.925192e-04	83255466.000000	0.000000e+00
1.733049e+01	1.756048e+00	1.925936e-04	83136010.000000	0.000000e+00
1.733249e+01	1.757123e+00	1.927938e-04	83065090.000000	0.000000e+00
1.733448e+01	1.757427e+00	1.929629e-04	82948146.000000	0.000000e+00
1.733648e+01	1.757187e+00	1.930487e-04	82851868.000000	0.000000e+00
1.733847e+01	1.757187e+00	1.931531e-04	82762320.000000	0.000000e+00
1.734047e+01	1.757391e+00	1.933390e-04	82622440.000000	0.000000e+00
1.734246e+01	1.757943e+00	1.934549e-04	82575286.000000	0.000000e+00
1.734446e+01	1.757932e+00	1.936129e-04	82439562.000000	0.000000e+00
1.734645e+01	1.758262e+00	1.937394e-04	82362790.000000	0.000000e+00
1.734845e+01	1.758646e+00	1.939280e-04	82238652.000000	0.000000e+00
1.735044e+01	1.758105e+00	1.939763e-04	82147114.000000	0.000000e+00
1.735243e+01	1.758671e+00	1.941329e-04	82067472.000000	0.000000e+00
1.735443e+01	1.758206e+00	1.942378e-04	81935500.000000	0.000000e+00
1.735642e+01	1.759171e+00	1.944312e-04	81862318.000000	0.000000e+00
1.735842e+01	1.759298e+00	1.945974e-04	81734370.000000	0.000000e+00
1.736041e+01	1.758947e+00	1.946392e-04	81666706.000000	0.000000e+00
1.736241e+01	1.759344e+00	1.948144e-04	81556632.000000	0.000000e+00
1.736440e+01	1.759086e+00	1.949360e-04	81431110.000000	0.000000e+00
1.736640e+01	1.759970e+00	1.950963e-04	81379062.000000	0.000000e+00
1.736839e+01	1.759521e+00	1.952245e-04	81230686.000000	0.000000e+00
1.737039e+01	1.760143e+00	1.953716e-04	81165850.000000	0.000000e+00
1.737238e+01	1.760117e+00	1.955223e-04	81038286.000000	0.000000e+00
1.737438e+01	1.760103e+00	1.956207e-04	80955562.000000	0.000000e+00
1.737637e+01	1.760636e+00	1.957878e-04	80866308.000000	0.000000e+00
1.737837e+01	1.760394e+00	1.959324e-04	80724784.000000	0.000000e+00
1.738036e+01	1.761260e+00	1.961133e-04	80655312.000000	0.000000e+00
1.738235e+01	1.760894e+00	1.961991e-04	80551270.000000	0.000000e+00
1.738435e+01	1.761454e+00	1.963765e-04	80456956.000000	0.000000e+00
1.738634e+01	1.761149e+00	1.964840e-04	80341140.000000	0.000000e+00
1.738834e+01	1.761716e+00	1.966677e-04	80242744.000000	0.000000e+00
1.739033e+01	1.761844e+00	1.967893e-04	80155296.000000	0.000000e+00
1.739233e+01	1.761988e+00	1.969298e-04	80053972.000000	0.000000e+00
1.739432e+01	1.762368e+00	1.971127e-04	79939960.000000	0.000000e+00
1.739632e+01	1.762364e+00	1.972040e-04	79865622.000000	0.000000e+00
1.739831e+01	1.762278e+00	1.973625e-04	79729636.000000	0.000000e+00
1.740031e+01	1.762597e+00	1.974762e-04	79666668.000000	0.000000e+00
1.740230e+01	1.762361e+00	1.976293e-04	79521976.000000	0.000000e+00
1.740430e+01	1.762995e+00	1.977794e-04	79458462.000000	0.000000e+00
1.740629e+01	1.762872e+00	1.978948e-04	79354732.000000	0.000000e+00
1.740828e+01	1.763139e+00	1.980812e-04	79229428.000000	0.000000e+00
1.741028e+01	1.763237e+00	1.981963e-04	79146318.000000	0.000000e+00
1.741227e+01	1.762507e+00	1.982741e-04	79018690.000000	0.000000e+00
1.741427e+01	1.763933e+00	1.984872e-04	78976674.000000	0.000000e+00
1.741626e+01	1.763505e+00	1.986161e-04	78835972.000000	0.000000e+00
1.741826e+01	1.763660e+00	1.987752e-04	78723630.000000	0.000000e+00
1.742025e+01	1.764026e+00	1.988825e-04	78671398.000000	0.000000e+00
1.742225e+01	1.764002e+00	1.990724e-04	78519250.000000	0.000000e+00
1.742424e+01	1.764118e+00	1.991842e-04	78441474.000000	0.000000e+00
1.742624e+01	1.764016e+00	1.993084e-04	78334630.000000	0.000000e+00
1.742823e+01	1.764674e+00	1.994912e-04	78249510.000000	0.000000e+00
1.743023e+01	1.764277e+00	1.995871e-04	78139120.000000	0.000000e+00
1.743222e+01	1.764787e+00	1.998013e-04	78016714.000000	0.000000e+00
1.743422e+01	1.764446e+00	1.998370e-04	77958762.000000	0.000000e+00
1.743621e+01	1.764570e+00	2.000383e-04	77812918.000000	0.000000e+00
1.743820e+01	1.765083e+00	2.001855e-04	77743656.000000	0.000000e+00
1.744020e+01	1.765259e+00	2.003744e-04	77612680.000000	0.000000e+00
1.744219e+01	1.764920e+00	2.004262e-04	77542710.000000	0.000000e+00
1.744419e+01	1.765150e+00	2.005755e-04	77447512.000000	0.000000e+00
1.744618e+01	1.765338e+00	2.007970e-04	77293222.000000	0.000000e+00
1.744818e+01	1.765961e+00	2.009195e-04	77253426.000000	0.000000e+00
1.745017e+01	1.765417e+00	2.010384e-04	77114650.000000	0.000000e+00
1.745217e+01	1.765436e+00	2.011331e-04	77043720.000000	0.000000e+00
1.745416e+01	1.765803e+00	2.013467e-04	76912240.000000	0.000000e+00
1.745616e+01	1.765725e+00	2.014537e-04	76823772.000000	0.000000e+00
1.745815e+01	1.766007e+00	2.015979e-04	76738426.000000	0.000000e+00
1.746015e+01	1.766266e+00	2.018043e-04	76604032.000000	0.000000e+00
1.746214e+01	1.766070e+00	2.018906e-04	76521540.000000	0.000000e+00
1.746413e+01	1.766304e+00	2.020592e-04	76414102.000000	0.000000e+00
1.746613e+01	1.766012e+00	2.021455e-04	76323684.000000	0.000000e+00
1.746812e+01	1.766344e+00	2.023382e-04	76206988.000000	0.000000e+00
1.747012e+01	1.766477e+00	2.024868e-04	76106616.000000	0.000000e+00
1.747211e+01	1.766737e+00	2.026127e-04	76034482.000000	0.000000e+00
1.747411e+01	1.766505e+00	2.027746e-04	75893206.000000	0.000000e+00
1.747610e+01	1.766690e+00	2.028953e-04	75818826.000000	0.000000e+00
1.747810e+01	1.766923e+00	2.030634e-04	75713302.000000	0.000000e+00
1.748009e+01	1.766813e+00	2.031962e-04	75604956.000000	0.000000e+00
1.748209e+01	1.767364e+00	2.033850e-04	75511672.000000	0.000000e+00
1.748408e+01	1.767239e+00	2.035326e-04	75391504.000000	0.000000e+00
1.748608e+01	1.767387e+00	2.036584e-04	75311070.000000	0.000000e+00
1.748807e+01	1.767262e+00	2.037752e-04	75214036.000000	0.000000e+00
1.749007e+01	1.767274e+00	2.039599e-04	75078930.000000	0.000000e+00
1.749206e+01	1.767303e+00	2.040720e-04	74999002.000000	0.000000e+00
1.749405e+01	1.767328e+00	2.042335e-04	74882502.000000	0.000000e+00
1.749605e+01	1.767351e+00	2.043390e-04	74807206.000000	0.000000e+00
1.749804e+01	1.767493e+00	2.045199e-04	74686804.000000	0.000000e+00
1.750004e+01	1.767675e+00	2.046641e-04	74597070.000000	0.000000e+00
1.750203e+01	1.767679e+00	2.047946e-04	74502346.000000	0.000000e+00
1.750403e+01	1.767185e+00	2.049268e-04	74364618.000000	0.000000e+00
1.750602e+01	1.768257e+00	2.051305e-04	74307148.000000	0.000000e+00
1.750802e+01	1.767849e+00	2.052733e-04	74169564.000000	0.000000e+00
1.751001e+01	1.768235e+00	2.054223e-04	74094262.000000	0.000000e+00
1.751201e+01	1.768113e+00	2.055668e-04	73980004.000000	0.000000e+00
1.751400e+01	1.768061e+00	2.057189e-04	73866222.000000	0.000000e+00
1.751600e+01	1.768210e+00	2.058489e-04	73785466.000000	0.000000e+00
1.751799e+01	1.768118e+00	2.060217e-04	73653978.000000	0.000000e+00
1.751999e+01	1.768148e+00	2.061064e-04	73596064.000000	0.000000e+00
1.752198e+01	1.767984e+00	2.062861e-04	73454244.000000	0.000000e+00
1.752397e+01	1.767717e+00	2.063817e-04	73364014.000000	0.000000e+00
1.752597e+01	1.768341e+00	2.065499e-04	73296328.000000	0.000000e+00
1.752796e+01	1.768048e+00	2.067637e-04	73120578.000000	0.000000e+00
1.752996e+01	1.768316e+00	2.068394e-04	73089250.000000	0.000000e+00
1.753195e+01	1.767877e+00	2.069730e-04	72958686.000000	0.000000e+00
1.753395e+01	1.768523e+00	2.071867e-04	72861412.000000	0.000000e+00
1.753594e+01	1.768733e+00	2.073697e-04	72750220.000000	0.000000e+00
1.753794e+01	1.768062e+00	2.074353e-04	72649014.000000	0.000000e+00
1.753993e+01	1.768274e+00	2.075794e-04	72565564.000000	0.000000e+00
1.754193e+01	1.768070e+00	2.077572e-04	72424704.000000	0.000000e+00
1.754392e+01	1.768642e+00	2.079215e-04	72357016.000000	0.000000e+00
1.754592e+01	1.768547e+00	2.080669e-04	72248238.000000	0.000000e+00
1.754791e+01	1.768363e+00	2.082061e-04	72136636.000000	0.000000e+00
1.754990e+01	1.768726e+00	2.083817e-04	72044680.000000	0.000000e+00
1.755190e+01	1.768234e+00	2.085157e-04	71912160.000000	0.000000e+00
1.755389e+01	1.768700e+00	2.086434e-04	71861986.000000	0.000000e+00
1.755589e+01	1.768568e+00	2.088238e-04	71727144.000000	0.000000e+00
1.755788e+01	1.767907e+00	2.088805e-04	71634640.000000	0.000000e+00
1.755988e+01	1.767990e+00	2.090455e-04	71528334.000000	0.000000e+00
1.756187e+01	1.767930e+00	2.092087e-04	71411968.000000	0.000000e+00
1.756387e+01	1.768550e+00	2.093848e-04	71341864.000000	0.000000e+00
1.756586e+01	1.768598e+00	2.096038e-04	71196708.000000	0.000000e+00
1.756786e+01	1.768252e+00	2.096816e-04	71116066.000000	0.000000e+00
1.756985e+01	1.768302e+00	2.098105e-04	71032656.000000	0.000000e+00
1.757185e+01	1.767722e+00	2.099304e-04	70905088.000000	0.000000e+00
1.757384e+01	1.768524e+00	2.101915e-04	70793226.000000	0.000000e+00
1.757583e+01	1.767762e+00	2.102092e-04	70720294.000000	0.000000e+00
1.757783e+01	1.768456e+00	2.104623e-04	70605754.000000	0.000000e+00
1.757982e+01	1.767948e+00	2.105725e-04	70491348.000000	0.000000e+00
1.758182e+01	1.767524e+00	2.106655e-04	70395262.000000	0.000000e+00
1.758381e+01	1.768493e+00	2.108984e-04	70316952.000000	0.000000e+00
1.758581e+01	1.767669e+00	2.110214e-04	70169584.000000	0.000000e+00
1.758780e+01	1.767988e+00	2.111555e-04	70105762.000000	0.000000e+00
1.758980e+01	1.767130e+00	2.112570e-04	69970422.000000	0.000000e+00
1.759179e+01	1.768115e+00	2.114969e-04	69889630.000000	0.000000e+00
1.759379e+01	1.767691e+00	2.115870e-04	69796692.000000	0.000000e+00
1.759578e+01	1.767487e+00	2.117914e-04	69645970.000000	0.000000e+00
1.759778e+01	1.767945e+00	2.119004e-04	69610356.000000	0.000000e+00
1.759977e+01	1.767591e+00	2.121005e-04	69451300.000000	0.000000e+00
1.760177e+01	1.767473e+00	2.122124e-04	69368758.000000	0.000000e+00
1.760376e+01	1.767187e+00	2.123208e-04	69275502.000000	0.000000e+00
1.760575e+01	1.766872e+00	2.124707e-04	69153154.000000	0.000000e+00
1.760775e+01	1.767450e+00	2.126664e-04	69071136.000000	0.000000e+00
1.760974e+01	1.766789e+00	2.128037e-04	68930458.000000	0.000000e+00
1.761174e+01	1.767365e+00	2.129499e-04	68880756.000000	0.000000e+00
1.761373e+01	1.766690e+00	2.130865e-04	68739904.000000	0.000000e+00
1.761573e+01	1.767085e+00	2.132646e-04	68655754.000000	0.000000e+00
1.761772e+01	1.767000e+00	2.134252e-04	68545962.000000	0.000000e+00
1.761972e+01	1.766265e+00	2.135337e-04	68419366.000000	0.000000e+00
1.762171e+01	1.766771e+00	2.136689e-04	68371968.000000	0.000000e+00
1.762371e+01	1.765737e+00	2.138015e-04	68207200.000000	0.000000e+00
1.762570e+01	1.766859e+00	2.140387e-04	68142682.000000	0.000000e+00
1.762770e+01	1.766310e+00	2.141466e-04	68031744.000000	0.000000e+00
1.762969e+01	1.766340e+00	2.143477e-04	67906438.000000	0.000000e+00
1.763169e+01	1.766280e+00	2.144513e-04	67836282.000000	0.000000e+00
1.763368e+01	1.765621e+00	2.145947e-04	67695046.000000	0.000000e+00
1.763567e+01	1.765886e+00	2.147297e-04	67630296.000000	0.000000e+00
1.763767e+01	1.765559e+00	2.148911e-04	67503652.000000	0.000000e+00
1.763966e+01	1.765756e+00	2.150483e-04	67420090.000000	0.000000e+00
1.764166e+01	1.765186e+00	2.151580e-04	67307868.000000	0.000000e+00
1.764365e+01	1.764665e+00	2.153112e-04	67172446.000000	0.000000e+00
1.764565e+01	1.765342e+00	2.154704e-04	67124706.000000	0.000000e+00
1.764764e+01	1.764570e+00	2.156175e-04	66974518.000000	0.000000e+00
1.764964e+01	1.765079e+00	2.157757e-04	66914910.000000	0.000000e+00
1.765163e+01	1.764153e+00	2.159045e-04	66764998.000000	0.000000e+00
1.765363e+01	1.764576e+00	2.160872e-04	66684154.000000	0.000000e+00
1.765562e+01	1.764594e+00	2.162462e-04	66587544.000000	0.000000e+00
1.765762e+01	1.763994e+00	2.164002e-04	66447568.000000	0.000000e+00
1.765961e+01	1.764373e+00	2.165499e-04	66384204.000000	0.000000e+00
1.766160e+01	1.763575e+00	2.166443e-04	66266374.000000	0.000000e+00
1.766360e+01	1.763525e+00	2.168181e-04	66156450.000000	0.000000e+00
1.766559e+01	1.763921e+00	2.169970e-04	66077080.000000	0.000000e+00
1.766759e+01	1.763157e+00	2.171414e-04	65932078.000000	0.000000e+00
1.766958e+01	1.763730e+00	2.172990e-04	65879232.000000	0.000000e+00
1.767158e+01	1.762285e+00	2.173563e-04	65736652.000000	0.000000e+00
1.767357e+01	1.762963e+00	2.175584e-04	65665104.000000	0.000000e+00
1.767557e+01	1.762532e+00	2.177516e-04	65516590.000000	0.000000e+00
1.767756e+01	1.761815e+00	2.178176e-04	65423686.000000	0.000000e+00
1.767956e+01	1.762265e+00	2.179907e-04	65353158.000000	0.000000e+00
1.768155e+01	1.761257e+00	2.181114e-04	65206222.000000	0.000000e+00
1.768355e+01	1.761609e+00	2.182727e-04	65135856.000000	0.000000e+00
1.768554e+01	1.760964e+00	2.183910e-04	65017684.000000	0.000000e+00
1.768754e+01	1.761091e+00	2.185634e-04	64924488.000000	0.000000e+00
1.768953e+01	1.760930e+00	2.187417e-04	64806862.000000	0.000000e+00
1.769152e+01	1.760407e+00	2.188807e-04	64686100.000000	0.000000e+00
1.769352e+01	1.760447e+00	2.190010e-04	64618032.000000	0.000000e+00
1.769551e+01	1.759793e+00	2.191226e-04	64498354.000000	0.000000e+00
1.769751e+01	1.759745e+00	2.192641e-04	64411692.000000	0.000000e+00
1.769950e+01	1.759636e+00	2.194866e-04	64273192.000000	0.000000e+00
1.770150e+01	1.759007e+00	2.195657e-04	64180986.000000	0.000000e+00
1.770349e+01	1.759234e+00	2.197283e-04	64102540.000000	0.000000e+00
1.770549e+01	1.758666e+00	2.199037e-04	63958996.000000	0.000000e+00
1.770748e+01	1.758836e+00	2.200640e-04	63878148.000000	0.000000e+00
1.770948e+01	1.758079e+00	2.201405e-04	63778846.000000	0.000000e+00
1.771147e+01	1.757370e+00	2.202428e-04	63668208.000000	0.000000e+00
1.771347e+01	1.758147e+00	2.205376e-04	63554308.000000	0.000000e+00
1.771546e+01	1.757026e+00	2.206008e-04	63436926.000000	0.000000e+00
1.771745e+01	1.757394e+00	2.207648e-04	63369220.000000	0.000000e+00
1.771945e+01	1.756426e+00	2.208622e-04	63243628.000000	0.000000e+00
1.772144e+01	1.756712e+00	2.210737e-04	63143268.000000	0.000000e+00
1.772344e+01	1.756203e+00	2.212056e-04	63031450.000000	0.000000e+00
1.772543e+01	1.756188e+00	2.213688e-04	62937462.000000	0.000000e+00
1.772743e+01	1.756037e+00	2.215194e-04	62841106.000000	0.000000e+00
1.772942e+01	1.754705e+00	2.216017e-04	62699230.000000	0.000000e+00
1.773142e+01	1.754786e+00	2.217112e-04	62643072.000000	0.000000e+00
1.773341e+01	1.754994e+00	2.219825e-04	62504836.000000	0.000000e+00
1.773541e+01	1.754427e+00	2.220699e-04	62415324.000000	0.000000e+00
1.773740e+01	1.754087e+00	2.222303e-04	62301118.000000	0.000000e+00
1.773940e+01	1.753035e+00	2.222936e-04	62190960.000000	0.000000e+00
1.774139e+01	1.752992e+00	2.224334e-04	62109712.000000	0.000000e+00
1.774339e+01	1.752647e+00	2.226104e-04	61986622.000000	0.000000e+00
1.774538e+01	1.752322e+00	2.227737e-04	61872792.000000	0.000000e+00
1.774737e+01	1.751597e+00	2.228511e-04	61778668.000000	0.000000e+00
1.774937e+01	1.751784e+00	2.230360e-04	61689474.000000	0.000000e+00
1.775136e+01	1.751187e+00	2.231897e-04	61562560.000000	0.000000e+00
1.775336e+01	1.751339e+00	2.233916e-04	61461996.000000	0.000000e+00
1.775535e+01	1.750477e+00	2.234294e-04	61380700.000000	0.000000e+00
1.775735e+01	1.750040e+00	2.236167e-04	61247350.000000	0.000000e+00
1.775934e+01	1.750110e+00	2.237892e-04	61157904.000000	0.000000e+00
1.776134e+01	1.749174e+00	2.238932e-04	61035784.000000	0.000000e+00
1.776333e+01	1.748447e+00	2.239625e-04	60947274.000000	0.000000e+00
1.776533e+01	1.748599e+00	2.241815e-04	60838816.000000	0.000000e+00
1.776732e+01	1.747972e+00	2.243213e-04	60719460.000000	0.000000e+00
1.776932e+01	1.747855e+00	2.244700e-04	60630928.000000	0.000000e+00
1.777131e+01	1.747456e+00	2.245891e-04	60539024.500000	0.000000e+00
1.777331e+01	1.746756e+00	2.247538e-04	60401880.000000	0.000000e+00
1.777530e+01	1.746426e+00	2.248938e-04	60303889.000000	0.000000e+00
1.777729e+01	1.745924e+00	2.249621e-04	60232623.000000	0.000000e+00
1.777929e+01	1.745430e+00	2.251271e-04	60110368.000000	0.000000e+00
1.778128e+01	1.745220e+00	2.252676e-04	60020980.000000	0.000000e+00
1.778328e+01	1.744942e+00	2.254163e-04	59922726.000000	0.000000e+00
1.778527e+01	1.744834e+00	2.255974e-04	59819161.000000	0.000000e+00
1.778727e+01	1.744609e+00	2.257288e-04	59734134.000000	0.000000e+00
1.778926e+01	1.743829e+00	2.258362e-04	59623951.000000	0.000000e+00
1.779126e+01	1.743791e+00	2.260065e-04	59531517.000000	0.000000e+00
1.779325e+01	1.743519e+00	2.261352e-04	59445286.000000	0.000000e+00
1.779525e+01	1.743131e+00	2.262873e-04	59338894.000000	0.000000e+00
1.779724e+01	1.743338e+00	2.265048e-04	59239044.000000	0.000000e+00
1.779924e+01	1.742883e+00	2.265953e-04	59160940.000000	0.000000e+00
1.780123e+01	1.742706e+00	2.267333e-04	59076873.000000	0.000000e+00
1.780322e+01	1.742702e+00	2.269548e-04	58961377.000000	0.000000e+00
1.780522e+01	1.741829e+00	2.269993e-04	58879254.000000	0.000000e+00
1.780721e+01	1.742221e+00	2.272293e-04	58786558.000000	0.000000e+00
1.780921e+01	1.741745e+00	2.273362e-04	58699138.000000	0.000000e+00
1.781120e+01	1.741934e+00	2.275599e-04	58596543.000000	0.000000e+00
1.781320e+01	1.740877e+00	2.276023e-04	58503628.000000	0.000000e+00
1.781519e+01	1.741119e+00	2.277739e-04	58431759.000000	0.000000e+00
1.781719e+01	1.740765e+00	2.279435e-04	58321144.000000	0.000000e+00
1.781918e+01	1.740587e+00	2.280963e-04	58231117.000000	0.000000e+00
1.782118e+01	1.740429e+00	2.282059e-04	58164636.000000	0.000000e+00
1.782317e+01	1.740499e+00	2.284182e-04	58061221.000000	0.000000e+00
1.782517e+01	1.740520e+00	2.286170e-04	57961725.000000	0.000000e+00
1.782716e+01	1.740334e+00	2.287560e-04	57878902.000000	0.000000e+00
1.782916e+01	1.740020e+00	2.288650e-04	57802941.000000	0.000000e+00
1.783115e+01	1.739378e+00	2.289926e-04	57695938.000000	0.000000e+00
1.783314e+01	1.739602e+00	2.291683e-04	57622282.000000	0.000000e+00
1.783514e+01	1.739455e+00	2.293524e-04	57520134.000000	0.000000e+00
1.783713e+01	1.738871e+00	2.294252e-04	57445042.000000	0.000000e+00
1.783913e+01	1.739113e+00	2.296381e-04	57354519.000000	0.000000e+00
1.784112e+01	1.739461e+00	2.298646e-04	57264463.000000	0.000000e+00
1.784312e+01	1.738989e+00	2.299798e-04	57176082.000000	0.000000e+00
1.784511e+01	1.738799e+00	2.301232e-04	57092311.000000	0.000000e+00
1.784711e+01	1.738431e+00	2.302463e-04	57007156.000000	0.000000e+00
1.784910e+01	1.738472e+00	2.304479e-04	56910207.000000	0.000000e+00
1.785110e+01	1.738147e+00	2.305493e-04	56838871.000000	0.000000e+00
1.785309e+01	1.737913e+00	2.307021e-04	56748324.000000	0.000000e+00
1.785509e+01	1.738292e+00	2.309161e-04	56667859.000000	0.000000e+00
1.785708e+01	1.737931e+00	2.310926e-04	56557872.000000	0.000000e+00
1.785907e+01	1.737593e+00	2.311596e-04	56503144.000000	0.000000e+00
1.786107e+01	1.737442e+00	2.313426e-04	56403916.000000	0.000000e+00
1.786306e+01	1.737732e+00	2.315618e-04	56316000.000000	0.000000e+00
1.786506e+01	1.737363e+00	2.316749e-04	56237140.000000	0.000000e+00
1.786705e+01	1.736908e+00	2.317782e-04	56157609.000000	0.000000e+00
1.786905e+01	1.737357e+00	2.320288e-04	56065300.000000	0.000000e+00
1.787104e+01	1.736974e+00	2.321462e-04	55983925.000000	0.000000e+00
1.787304e+01	1.736763e+00	2.322896e-04	55901268.000000	0.000000e+00
1.787503e+01	1.736528e+00	2.324157e-04	55825501.000000	0.000000e+00
1.787703e+01	1.736605e+00	2.326294e-04	55727913.000000	0.000000e+00
1.787902e+01	1.736593e+00	2.327936e-04	55648591.000000	0.000000e+00
1.788102e+01	1.736721e+00	2.329801e-04	55567668.000000	0.000000e+00
1.788301e+01	1.736344e+00	2.330992e-04	55486834.000000	0.000000e+00
1.788501e+01	1.736238e+00	2.332523e-04	55407253.000000	0.000000e+00
1.788700e+01	1.736147e+00	2.334152e-04	55324161.000000	0.000000e+00
1.788899e+01	1.736289e+00	2.336298e-04	55231585.000000	0.000000e+00
1.789099e+01	1.736372e+00	2.337884e-04	55161945.000000	0.000000e+00
1.789298e+01	1.736233e+00	2.339725e-04	55066366.000000	0.000000e+00
1.789498e+01	1.736228e+00	2.341178e-04	54997701.000000	0.000000e+00
1.789697e+01	1.736144e+00	2.342680e-04	54921910.000000	0.000000e+00
1.789897e+01	1.735419e+00	2.343825e-04	54822457.000000	0.000000e+00
1.790096e+01	1.735689e+00	2.345946e-04	54740370.000000	0.000000e+00
1.790296e+01	1.735857e+00	2.347679e-04	54670162.000000	0.000000e+00
1.790495e+01	1.735763e+00	2.349173e-04	54594726.000000	0.000000e+00
1.790695e+01	1.735714e+00	2.351165e-04	54499165.000000	0.000000e+00
1.790894e+01	1.735840e+00	2.352957e-04	54424110.000000	0.000000e+00
1.791094e+01	1.734904e+00	2.353172e-04	54355510.000000	0.000000e+00
1.791293e+01	1.735167e+00	2.355374e-04	54270334.000000	0.000000e+00
1.791493e+01	1.735045e+00	2.357102e-04	54183222.000000	0.000000e+00
1.791692e+01	1.734694e+00	2.358285e-04	54106951.000000	0.000000e+00
1.791891e+01	1.734925e+00	2.360282e-04	54029862.000000	0.000000e+00
1.792091e+01	1.735204e+00	2.362436e-04	53948734.000000	0.000000e+00
1.792290e+01	1.734897e+00	2.363767e-04	53868910.000000	0.000000e+00
1.792490e+01	1.734721e+00	2.365218e-04	53791911.000000	0.000000e+00
1.792689e+01	1.734513e+00	2.366778e-04	53708182.000000	0.000000e+00
1.792889e+01	1.735091e+00	2.369054e-04	53640690.000000	0.000000e+00
1.793088e+01	1.735259e+00	2.371377e-04	53546059.000000	0.000000e+00
1.793288e+01	1.734545e+00	2.371909e-04	53478030.000000	0.000000e+00
1.793487e+01	1.734411e+00	2.373399e-04	53402623.000000	0.000000e+00
1.793687e+01	1.734155e+00	2.375062e-04	53312083.000000	0.000000e+00
1.793886e+01	1.734873e+00	2.377573e-04	53243646.000000	0.000000e+00
1.794086e+01	1.734287e+00	2.378719e-04	53156395.000000	0.000000e+00
1.794285e+01	1.734659e+00	2.380337e-04	53106975.000000	0.000000e+00
1.794485e+01	1.734270e+00	2.382202e-04	53000011.000000	0.000000e+00
1.794684e+01	1.734054e+00	2.383623e-04	52923678.000000	0.000000e+00
1.794883e+01	1.734316e+00	2.385165e-04	52871239.000000	0.000000e+00
1.795083e+01	1.733711e+00	2.386681e-04	52767283.000000	0.000000e+00
1.795282e+01	1.734696e+00	2.389671e-04	52695135.000000	0.000000e+00
1.795482e+01	1.734058e+00	2.390359e-04	52626115.000000	0.000000e+00
1.795681e+01	1.733931e+00	2.391796e-04	52555167.000000	0.000000e+00
1.795881e+01	1.734419e+00	2.394320e-04	52473931.000000	0.000000e+00
1.796080e+01	1.734156e+00	2.396111e-04	52379611.000000	0.000000e+00
1.796280e+01	1.733303e+00	2.396226e-04	52323123.000000	0.000000e+00
1.796479e+01	1.734494e+00	2.399660e-04	52245160.000000	0.000000e+00
1.796679e+01	1.734389e+00	2.401408e-04	52162827.000000	0.000000e+00
1.796878e+01	1.734032e+00	2.402744e-04	52083367.000000	0.000000e+00
1.797078e+01	1.733631e+00	2.403437e-04	52029243.000000	0.000000e+00
1.797277e+01	1.733976e+00	2.406135e-04	51933364.000000	0.000000e+00
1.797476e+01	1.734029e+00	2.408018e-04	51855307.000000	0.000000e+00
1.797676e+01	1.734339e+00	2.409762e-04	51798783.000000	0.000000e+00
1.797875e+01	1.733289e+00	2.410445e-04	51706756.000000	0.000000e+00
1.798075e+01	1.734109e+00	2.413000e-04	51646155.000000	0.000000e+00
1.798274e+01	1.734074e+00	2.414973e-04	51559744.000000	0.000000e+00
1.798474e+01	1.733889e+00	2.416259e-04	51493863.000000	0.000000e+00
1.798673e+01	1.734030e+00	2.418585e-04	51403204.000000	0.000000e+00
1.798873e+01	1.733732e+00	2.419461e-04	51348343.000000	0.000000e+00
1.799072e+01	1.733604e+00	2.421512e-04	51253848.000000	0.000000e+00
1.799272e+01	1.733953e+00	2.423147e-04	51205339.000000	0.000000e+00
1.799471e+01	1.733399e+00	2.424303e-04	51123804.000000	0.000000e+00
1.799671e+01	1.733619e+00	2.426831e-04	51030352.000000	0.000000e+00
1.799870e+01	1.733780e+00	2.428493e-04	50969967.000000	0.000000e+00
1.800070e+01	1.733705e+00	2.429999e-04	50902360.000000	0.000000e+00
1.800269e+01	1.733361e+00	2.431553e-04	50817160.000000	0.000000e+00
1.800468e+01	1.734053e+00	2.434111e-04	50750943.000000	0.000000e+00
1.800668e+01	1.733737e+00	2.435347e-04	50680948.000000	0.000000e+00
1.800867e+01	1.733888e+00	2.437431e-04	50603100.000000	0.000000e+00
1.801067e+01	1.734386e+00	2.440096e-04	50521684.000000	0.000000e+00
1.801266e+01	1.733783e+00	2.440920e-04	50452456.000000	0.000000e+00
1.801466e+01	1.733672e+00	2.442103e-04	50397156.000000	0.000000e+00
1.801665e+01	1.733762e+00	2.444435e-04	50306260.000000	0.000000e+00
1.801865e+01	1.733916e+00	2.446506e-04	50230080.000000	0.000000e+00
1.802064e+01	1.733658e+00	2.447497e-04	50174479.000000	0.000000e+00
1.802264e+01	1.733849e+00	2.449822e-04	50090316.000000	0.000000e+00
1.802463e+01	1.733672e+00	2.451292e-04	50020024.000000	0.000000e+00
1.802663e+01	1.733578e+00	2.452842e-04	49951369.000000	0.000000e+00
1.802862e+01	1.733780e+00	2.454771e-04	49884552.000000	0.000000e+00
1.803061e+01	1.733500e+00	2.456474e-04	49799344.000000	0.000000e+00
1.803261e+01	1.733594e+00	2.458087e-04	49739364.000000	0.000000e+00
1.803460e+01	1.733348e+00	2.459744e-04	49658296.000000	0.000000e+00
1.803660e+01	1.733543e+00	2.461585e-04	49595220.000000	0.000000e+00
1.803859e+01	1.733470e+00	2.463219e-04	49525252.000000	0.000000e+00
1.804059e+01	1.734078e+00	2.466193e-04	49440520.000000	0.000000e+00
1.804258e+01	1.733412e+00	2.466823e-04	49377309.000000	0.000000e+00
1.804458e+01	1.733983e+00	2.469337e-04	49309348.000000	0.000000e+00
1.804657e+01	1.733974e+00	2.471169e-04	49235700.000000	0.000000e+00
1.804857e+01	1.733968e+00	2.473371e-04	49147756.000000	0.000000e+00
1.805056e+01	1.733977e+00	2.474647e-04	49097577.000000	0.000000e+00
1.805256e+01	1.733445e+00	2.475344e-04	49039816.000000	0.000000e+00
1.805455e+01	1.734660e+00	2.479346e-04	48950188.000000	0.000000e+00
1.805655e+01	1.733619e+00	2.479926e-04	48868593.000000	0.000000e+00
1.805854e+01	1.734012e+00	2.481496e-04	48828904.000000	0.000000e+00
1.806053e+01	1.733533e+00	2.483040e-04	48741288.000000	0.000000e+00
1.806253e+01	1.734206e+00	2.485917e-04	48666247.000000	0.000000e+00
1.806452e+01	1.733926e+00	2.487199e-04	48600412.000000	0.000000e+00
1.806652e+01	1.733841e+00	2.488937e-04	48527841.000000	0.000000e+00
1.806851e+01	1.733693e+00	2.490296e-04	48466588.000000	0.000000e+00
1.807051e+01	1.734141e+00	2.492755e-04	48395997.000000	0.000000e+00
1.807250e+01	1.734080e+00	2.494761e-04	48314812.000000	0.000000e+00
1.807450e+01	1.733932e+00	2.496089e-04	48255177.000000	0.000000e+00
1.807649e+01	1.733982e+00	2.497769e-04	48193072.000000	0.000000e+00
1.807849e+01	1.733905e+00	2.499665e-04	48115765.000000	0.000000e+00
1.808048e+01	1.733951e+00	2.501694e-04	48040236.000000	0.000000e+00
1.808248e+01	1.734350e+00	2.503579e-04	47990005.000000	0.000000e+00
1.808447e+01	1.734165e+00	2.505595e-04	47902596.000000	0.000000e+00
1.808646e+01	1.734130e+00	2.507074e-04	47844193.000000	0.000000e+00
1.808846e+01	1.734268e+00	2.509258e-04	47768541.000000	0.000000e+00
1.809045e+01	1.734178e+00	2.510790e-04	47705320.000000	0.000000e+00
1.809245e+01	1.733847e+00	2.512052e-04	47639197.000000	0.000000e+00
1.809444e+01	1.734465e+00	2.515089e-04	47558061.000000	0.000000e+00
1.809644e+01	1.734628e+00	2.516989e-04	47495248.000000	0.000000e+00
1.809843e+01	1.734297e+00	2.517847e-04	47444769.000000	0.000000e+00
1.810043e+01	1.734958e+00	2.521241e-04	47353189.000000	0.000000e+00
1.810242e+01	1.734656e+00	2.522656e-04	47283633.000000	0.000000e+00
1.810442e+01	1.735066e+00	2.524414e-04	47240116.000000	0.000000e+00
1.810641e+01	1.734883e+00	2.526557e-04	47150017.000000	0.000000e+00
1.810841e+01	1.734821e+00	2.528022e-04	47092077.000000	0.000000e+00
1.811040e+01	1.734960e+00	2.530209e-04	47018245.000000	0.000000e+00
1.811240e+01	1.734647e+00	2.531331e-04	46959573.000000	0.000000e+00
1.811439e+01	1.734527e+00	2.532959e-04	46892788.000000	0.000000e+00
1.811638e+01	1.735313e+00	2.536144e-04	46817461.000000	0.000000e+00
1.811838e+01	1.734965e+00	2.537478e-04	46749465.000000	0.000000e+00
1.812037e+01	1.735203e+00	2.539246e-04	46697233.000000	0.000000e+00
1.812237e+01	1.735513e+00	2.541712e-04	46623297.000000	0.000000e+00
1.812436e+01	1.735050e+00	2.543382e-04	46537261.000000	0.000000e+00
1.812636e+01	1.735441e+00	2.544851e-04	46504497.000000	0.000000e+00
1.812835e+01	1.735649e+00	2.547608e-04	46415065.000000	0.000000e+00
1.813035e+01	1.735838e+00	2.549813e-04	46344877.000000	0.000000e+00
1.813234e+01	1.735691e+00	2.551098e-04	46290333.000000	0.000000e+00
1.813434e+01	1.735453e+00	2.552535e-04	46225573.000000	0.000000e+00
1.813633e+01	1.735260e+00	2.554195e-04	46155261.000000	0.000000e+00
1.813833e+01	1.735485e+00	2.556517e-04	46083373.000000	0.000000e+00
1.814032e+01	1.735374e+00	2.558143e-04	46018917.000000	0.000000e+00
1.814231e+01	1.735708e+00	2.560251e-04	45960865.000000	0.000000e+00
1.814431e+01	1.736231e+00	2.562757e-04	45898669.000000	0.000000e+00
1.814630e+01	1.735668e+00	2.564537e-04	45805245.000000	0.000000e+00
1.814830e+01	1.735674e+00	2.565452e-04	45772909.000000	0.000000e+00
1.815029e+01	1.735504e+00	2.567297e-04	45698229.000000	0.000000e+00
1.815229e+01	1.735866e+00	2.569936e-04	45623425.000000	0.000000e+00
1.815428e+01	1.736350e+00	2.572627e-04	45553393.000000	0.000000e+00
1.815628e+01	1.736326e+00	2.573814e-04	45510141.000000	0.000000e+00
1.815827e+01	1.736499e+00	2.576410e-04	45427549.000000	0.000000e+00
1.816027e+01	1.736603e+00	2.578147e-04	45371793.000000	0.000000e+00
1.816226e+01	1.735992e+00	2.579487e-04	45292738.000000	0.000000e+00
1.816426e+01	1.736428e+00	2.581549e-04	45243189.000000	0.000000e+00
1.816625e+01	1.736830e+00	2.584176e-04	45172105.000000	0.000000e+00
1.816825e+01	1.736364e+00	2.585413e-04	45104677.000000	0.000000e+00
1.817024e+01	1.737237e+00	2.588577e-04	45039753.000000	0.000000e+00
1.817223e+01	1.737207e+00	2.590189e-04	44982151.000000	0.000000e+00
1.817423e+01	1.736818e+00	2.591613e-04	44912622.000000	0.000000e+00
1.817622e+01	1.737279e+00	2.594223e-04	44846077.000000	0.000000e+00
1.817822e+01	1.737067e+00	2.595516e-04	44790453.000000	0.000000e+00
1.818021e+01	1.736714e+00	2.597070e-04	44718709.000000	0.000000e+00
1.818221e+01	1.736997e+00	2.599161e-04	44661358.000000	0.000000e+00
1.818420e+01	1.737254e+00	2.601892e-04	44580813.000000	0.000000e+00
1.818620e+01	1.737007e+00	2.602792e-04	44537317.000000	0.000000e+00
1.818819e+01	1.737472e+00	2.605387e-04	44472438.000000	0.000000e+00
1.819019e+01	1.737701e+00	2.608230e-04	44387233.000000	0.000000e+00
1.819218e+01	1.737702e+00	2.609678e-04	44338077.000000	0.000000e+00
1.819418e+01	1.738036e+00	2.611942e-04	44278234.000000	0.000000e+00
1.819617e+01	1.737610e+00	2.613284e-04	44211097.000000	0.000000e+00
1.819817e+01	1.738980e+00	2.617380e-04	44142333.000000	0.000000e+00
1.820016e+01	1.738026e+00	2.617818e-04	44079226.000000	0.000000e+00
1.820215e+01	1.738322e+00	2.619692e-04	44031141.000000	0.000000e+00
1.820415e+01	1.738216e+00	2.622013e-04	43947853.000000	0.000000e+00
1.820614e+01	1.738387e+00	2.623801e-04	43896622.000000	0.000000e+00
1.820814e+01	1.738201e+00	2.625596e-04	43827261.000000	0.000000e+00
1.821013e+01	1.738497e+00	2.627690e-04	43772326.000000	0.000000e+00
1.821213e+01	1.738520e+00	2.630007e-04	43696377.000000	0.000000e+00
1.821412e+01	1.738457e+00	2.631368e-04	43648057.000000	0.000000e+00
1.821612e+01	1.738764e+00	2.633709e-04	43585842.000000	0.000000e+00
1.821811e+01	1.738906e+00	2.636016e-04	43516717.000000	0.000000e+00
1.822011e+01	1.738883e+00	2.637902e-04	43453354.000000	0.000000e+00
1.822210e+01	1.738592e+00	2.639252e-04	43394373.000000	0.000000e+00
1.822410e+01	1.739219e+00	2.642315e-04	43325086.000000	0.000000e+00
1.822609e+01	1.739358e+00	2.644101e-04	43273509.000000	0.000000e+00
1.822808e+01	1.739158e+00	2.646230e-04	43193938.000000	0.000000e+00
1.823008e+01	1.739261e+00	2.647724e-04	43150341.000000	0.000000e+00
1.823207e+01	1.739528e+00	2.649903e-04	43092598.000000	0.000000e+00
1.823407e+01	1.739541e+00	2.652256e-04	43016821.000000	0.000000e+00
1.823606e+01	1.739795e+00	2.655055e-04	42938730.000000	0.000000e+00
1.823806e+01	1.740064e+00	2.656427e-04	42907657.000000	0.000000e+00
1.824005e+01	1.739735e+00	2.658048e-04	42839130.000000	0.000000e+00
1.824205e+01	1.740278e+00	2.661009e-04	42770506.000000	0.000000e+00
1.824404e+01	1.740653e+00	2.663771e-04	42700257.000000	0.000000e+00
1.824604e+01	1.740546e+00	2.664750e-04	42663670.000000	0.000000e+00
1.824803e+01	1.739860e+00	2.666077e-04	42587593.000000	0.000000e+00
1.825003e+01	1.740235e+00	2.668804e-04	42518958.000000	0.000000e+00
1.825202e+01	1.741108e+00	2.671720e-04	42468742.000000	0.000000e+00
1.825402e+01	1.740849e+00	2.673004e-04	42415353.000000	0.000000e+00
1.825601e+01	1.740784e+00	2.675316e-04	42338902.000000	0.000000e+00
1.825800e+01	1.740788e+00	2.677454e-04	42271507.000000	0.000000e+00
1.826000e+01	1.741266e+00	2.679414e-04	42232902.000000	0.000000e+00
1.826199e+01	1.741324e+00	2.681717e-04	42163174.000000	0.000000e+00
1.826399e+01	1.741168e+00	2.683626e-04	42095673.000000	0.000000e+00
1.826598e+01	1.741212e+00	2.685455e-04	42040450.000000	0.000000e+00
1.826798e+01	1.741009e+00	2.686974e-04	41983158.000000	0.000000e+00
1.826997e+01	1.741485e+00	2.689712e-04	41920657.000000	0.000000e+00
1.827197e+01	1.741542e+00	2.691952e-04	41853658.000000	0.000000e+00
1.827396e+01	1.742202e+00	2.694726e-04	41799162.000000	0.000000e+00
1.827596e+01	1.741802e+00	2.695884e-04	41744110.000000	0.000000e+00
1.827795e+01	1.742096e+00	2.698464e-04	41678385.000000	0.000000e+00
1.827995e+01	1.741802e+00	2.700139e-04	41612626.000000	0.000000e+00
1.828194e+01	1.742192e+00	2.702486e-04	41559030.000000	0.000000e+00
1.828394e+01	1.742833e+00	2.705278e-04	41503789.000000	0.000000e+00
1.828593e+01	1.742556e+00	2.706927e-04	41440054.000000	0.000000e+00
1.828792e+01	1.743059e+00	2.710060e-04	41368194.000000	0.000000e+00
1.828992e+01	1.742643e+00	2.710719e-04	41328310.000000	0.000000e+00
1.829191e+01	1.743301e+00	2.714053e-04	41257998.000000	0.000000e+00
1.829391e+01	1.743377e+00	2.716212e-04	41196013.000000	0.000000e+00
1.829590e+01	1.743111e+00	2.717808e-04	41135130.000000	0.000000e+00
1.829790e+01	1.743275e+00	2.719751e-04	41084098.000000	0.000000e+00
1.829989e+01	1.742996e+00	2.721128e-04	41029378.000000	0.000000e+00
1.830189e+01	1.743546e+00	2.724449e-04	40955262.000000	0.000000e+00
1.830388e+01	1.743544e+00	2.726251e-04	40901005.000000	0.000000e+00
1.830588e+01	1.743690e+00	2.728006e-04	40855254.000000	0.000000e+00
1.830787e+01	1.743830e+00	2.730878e-04	40775878.000000	0.000000e+00
1.830987e+01	1.744363e+00	2.733273e-04	40729354.000000	0.000000e+00
1.831186e+01	1.744246e+00	2.734882e-04	40675998.000000	0.000000e+00
1.831385e+01	1.744559e+00	2.737859e-04	40602154.000000	0.000000e+00
1.831585e+01	1.744381e+00	2.739337e-04	40550109.000000	0.000000e+00
1.831784e+01	1.744662e+00	2.741921e-04	40486714.000000	0.000000e+00
1.831984e+01	1.743955e+00	2.742437e-04	40438698.000000	0.000000e+00
1.832183e+01	1.744744e+00	2.745823e-04	40375534.000000	0.000000e+00
1.832383e+01	1.744764e+00	2.748080e-04	40310146.000000	0.000000e+00
1.832582e+01	1.745280e+00	2.750701e-04	40257186.000000	0.000000e+00
1.832782e+01	1.745167e+00	2.752245e-04	40206850.000000	0.000000e+00
1.832981e+01	1.745970e+00	2.755756e-04	40141350.000000	0.000000e+00
1.833181e+01	1.745683e+00	2.757353e-04	40081672.000000	0.000000e+00
1.833380e+01	1.745311e+00	2.758814e-04	40022166.000000	0.000000e+00
1.833580e+01	1.745934e+00	2.761344e-04	39977422.000000	0.000000e+00
1.833779e+01	1.746267e+00	2.764450e-04	39902833.000000	0.000000e+00
1.833978e+01	1.746323e+00	2.766635e-04	39842394.000000	0.000000e+00
1.834178e+01	1.746155e+00	2.767778e-04	39801862.000000	0.000000e+00
1.834377e+01	1.746311e+00	2.770070e-04	39743106.000000	0.000000e+00
1.834577e+01	1.746423e+00	2.772633e-04	39674722.000000	0.000000e+00
1.834776e+01	1.746860e+00	2.775454e-04	39613942.000000	0.000000e+00
1.834976e+01	1.746953e+00	2.777050e-04	39572634.000000	0.000000e+00
1.835175e+01	1.746988e+00	2.779390e-04	39507622.000000	0.000000e+00
1.835375e+01	1.747066e+00	2.781930e-04	39439050.000000	0.000000e+00
1.835574e+01	1.747460e+00	2.784213e-04	39392134.000000	0.000000e+00
1.835774e+01	1.747595e+00	2.786246e-04	39340734.000000	0.000000e+00
1.835973e+01	1.747077e+00	2.787685e-04	39276850.000000	0.000000e+00
1.836173e+01	1.747790e+00	2.790919e-04	39217858.000000	0.000000e+00
1.836372e+01	1.748211e+00	2.793422e-04	39166494.000000	0.000000e+00
1.836572e+01	1.748309e+00	2.795563e-04	39110878.000000	0.000000e+00
1.836771e+01	1.748312e+00	2.797756e-04	39049722.000000	0.000000e+00
1.836970e+01	1.748298e+00	2.799899e-04	38989363.000000	0.000000e+00
1.837170e+01	1.748923e+00	2.802932e-04	38932830.000000	0.000000e+00
1.837369e+01	1.748600e+00	2.803881e-04	38892130.000000	0.000000e+00
1.837569e+01	1.749158e+00	2.807548e-04	38815390.000000	0.000000e+00
1.837768e+01	1.749108e+00	2.809365e-04	38762970.000000	0.000000e+00
1.837968e+01	1.749433e+00	2.811541e-04	38717350.000000	0.000000e+00
1.838167e+01	1.749272e+00	2.813571e-04	38654406.000000	0.000000e+00
1.838367e+01	1.749227e+00	2.815792e-04	38591458.000000	0.000000e+00
1.838566e+01	1.750171e+00	2.819101e-04	38542506.000000	0.000000e+00
1.838766e+01	1.749794e+00	2.820566e-04	38485870.000000	0.000000e+00
1.838965e+01	1.750012e+00	2.822615e-04	38439562.000000	0.000000e+00
1.839165e+01	1.750209e+00	2.825663e-04	38365338.000000	0.000000e+00
1.839364e+01	1.750376e+00	2.827740e-04	38316307.000000	0.000000e+00
1.839564e+01	1.750772e+00	2.830192e-04	38267262.000000	0.000000e+00
1.839763e+01	1.750337e+00	2.831775e-04	38205508.000000	0.000000e+00
1.839962e+01	1.750804e+00	2.834735e-04	38146078.000000	0.000000e+00
1.840162e+01	1.750995e+00	2.836679e-04	38102154.000000	0.000000e+00
1.840361e+01	1.751302e+00	2.839593e-04	38037310.000000	0.000000e+00
1.840561e+01	1.751230e+00	2.841505e-04	37983018.000000	0.000000e+00
1.840760e+01	1.751674e+00	2.844593e-04	37919827.000000	0.000000e+00
1.840960e+01	1.751702e+00	2.846097e-04	37880958.000000	0.000000e+00
1.841159e+01	1.751554e+00	2.848457e-04	37811818.000000	0.000000e+00
1.841359e+01	1.752534e+00	2.851595e-04	37770898.000000	0.000000e+00
1.841558e+01	1.751924e+00	2.853417e-04	37696410.000000	0.000000e+00
1.841758e+01	1.752222e+00	2.855144e-04	37663618.000000	0.000000e+00
1.841957e+01	1.752411e+00	2.858111e-04	37593567.000000	0.000000e+00
1.842157e+01	1.752816e+00	2.860719e-04	37542442.000000	0.000000e+00
1.842356e+01	1.753046e+00	2.863196e-04	37487334.000000	0.000000e+00
1.842556e+01	1.752994e+00	2.865057e-04	37436434.000000	0.000000e+00
1.842755e+01	1.753661e+00	2.868347e-04	37379023.000000	0.000000e+00
1.842954e+01	1.753420e+00	2.870358e-04	37316382.000000	0.000000e+00
1.843154e+01	1.752816e+00	2.871027e-04	37273306.000000	0.000000e+00
1.843353e+01	1.753638e+00	2.874807e-04	37210242.000000	0.000000e+00
1.843553e+01	1.753988e+00	2.877338e-04	37159642.000000	0.000000e+00
1.843752e+01	1.754264e+00	2.880231e-04	37096707.000000	0.000000e+00
1.843952e+01	1.754616e+00	2.882119e-04	37062982.000000	0.000000e+00
1.844151e+01	1.754716e+00	2.884839e-04	36997318.000000	0.000000e+00
1.844351e+01	1.754303e+00	2.886559e-04	36935874.000000	0.000000e+00
1.844550e+01	1.754642e+00	2.888867e-04	36891127.000000	0.000000e+00
1.844750e+01	1.754913e+00	2.891348e-04	36839238.000000	0.000000e+00
1.844949e+01	1.755007e+00	2.894100e-04	36773146.000000	0.000000e+00
1.845149e+01	1.755158e+00	2.896247e-04	36724975.000000	0.000000e+00
1.845348e+01	1.755279e+00	2.898304e-04	36677886.000000	0.000000e+00
1.845547e+01	1.755820e+00	2.901592e-04	36617374.000000	0.000000e+00
1.845747e+01	1.755937e+00	2.904002e-04	36561492.000000	0.000000e+00
1.845946e+01	1.755869e+00	2.905887e-04	36511243.000000	0.000000e+00
1.846146e+01	1.756085e+00	2.908434e-04	36456318.000000	0.000000e+00
1.846345e+01	1.756869e+00	2.911780e-04	36405058.000000	0.000000e+00
1.846545e+01	1.756513e+00	2.913375e-04	36350467.000000	0.000000e+00
1.846744e+01	1.757193e+00	2.916988e-04	36288546.000000	0.000000e+00
1.846944e+01	1.756649e+00	2.917872e-04	36244114.000000	0.000000e+00
1.847143e+01	1.757624e+00	2.921630e-04	36191091.000000	0.000000e+00
1.847343e+01	1.757519e+00	2.923594e-04	36138166.000000	0.000000e+00
1.847542e+01	1.757321e+00	2.925525e-04	36082326.000000	0.000000e+00
1.847742e+01	1.757829e+00	2.928203e-04	36037195.000000	0.000000e+00
1.847941e+01	1.758423e+00	2.931712e-04	35975266.000000	0.000000e+00
1.848140e+01	1.758676e+00	2.934729e-04	35911674.000000	0.000000e+00
1.848340e+01	1.757892e+00	2.934699e-04	35880391.000000	0.000000e+00
1.848539e+01	1.758952e+00	2.938915e-04	35820714.000000	0.000000e+00
1.848739e+01	1.758799e+00	2.941034e-04	35762875.000000	0.000000e+00
1.848938e+01	1.759177e+00	2.944072e-04	35704422.000000	0.000000e+00
1.849138e+01	1.758860e+00	2.944996e-04	35669170.000000	0.000000e+00
1.849337e+01	1.759867e+00	2.949498e-04	35601103.000000	0.000000e+00
1.849537e+01	1.759671e+00	2.951029e-04	35556234.000000	0.000000e+00
1.849736e+01	1.759664e+00	2.953181e-04	35504158.000000	0.000000e+00
1.849936e+01	1.759935e+00	2.955680e-04	35455071.000000	0.000000e+00
1.850135e+01	1.759745e+00	2.958140e-04	35388514.000000	0.000000e+00
1.850335e+01	1.760349e+00	2.960869e-04	35347531.000000	0.000000e+00
1.850534e+01	1.760699e+00	2.963770e-04	35292402.000000	0.000000e+00
1.850734e+01	1.760847e+00	2.966292e-04	35238346.000000	0.000000e+00
1.850933e+01	1.761384e+00	2.969182e-04	35191215.000000	0.000000e+00
1.851132e+01	1.761701e+00	2.972095e-04	35134906.000000	0.000000e+00
1.851332e+01	1.761667e+00	2.974061e-04	35087121.000000	0.000000e+00
1.851531e+01	1.761324e+00	2.975717e-04	35034454.000000	0.000000e+00
1.851731e+01	1.762285e+00	2.979870e-04	34975003.000000	0.000000e+00
1.851930e+01	1.762467e+00	2.982351e-04	34924038.000000	0.000000e+00
1.852130e+01	1.761905e+00	2.983075e-04	34884859.000000	0.000000e+00
1.852329e+01	1.762340e+00	2.986172e-04	34829718.000000	0.000000e+00
1.852529e+01	1.762808e+00	2.989772e-04	34764322.000000	0.000000e+00
1.852728e+01	1.763217e+00	2.992393e-04	34719555.000000	0.000000e+00
1.852928e+01	1.763124e+00	2.994101e-04	34676314.000000	0.000000e+00
1.853127e+01	1.763765e+00	2.997842e-04	34614979.000000	0.000000e+00
1.853327e+01	1.764032e+00	3.000539e-04	34563246.000000	0.000000e+00
1.853526e+01	1.763784e+00	3.001879e-04	34522687.000000	0.000000e+00
1.853726e+01	1.764459e+00	3.005295e-04	34470630.000000	0.000000e+00
1.853925e+01	1.763896e+00	3.007022e-04	34409059.000000	0.000000e+00
1.854124e+01	1.764524e+00	3.010401e-04	34356298.000000	0.000000e+00
1.854324e+01	1.764665e+00	3.012245e-04	34319715.000000	0.000000e+00
1.854523e+01	1.764987e+00	3.015568e-04	34256662.000000	0.000000e+00
1.854723e+01	1.765014e+00	3.017755e-04	34208055.000000	0.000000e+00
1.854922e+01	1.765234e+00	3.020428e-04	34156054.000000	0.000000e+00
1.855122e+01	1.765591e+00	3.023164e-04	34108035.000000	0.000000e+00
1.855321e+01	1.765852e+00	3.025843e-04	34057750.000000	0.000000e+00
1.855521e+01	1.766020e+00	3.028606e-04	34002091.000000	0.000000e+00
1.855720e+01	1.766331e+00	3.031198e-04	33955914.000000	0.000000e+00
1.855920e+01	1.766969e+00	3.034368e-04	33909523.000000	0.000000e+00
1.856119e+01	1.766855e+00	3.036445e-04	33858726.000000	0.000000e+00
1.856319e+01	1.767571e+00	3.040570e-04	33794335.000000	0.000000e+00
1.856518e+01	1.767102e+00	3.041558e-04	33754461.000000	0.000000e+00
1.856717e+01	1.767441e+00	3.044315e-04	33706258.000000	0.000000e+00
1.856917e+01	1.767560e+00	3.046612e-04	33659995.000000	0.000000e+00
1.857116e+01	1.767686e+00	3.050349e-04	33582366.000000	0.000000e+00
1.857316e+01	1.767868e+00	3.051633e-04	33561007.000000	0.000000e+00
1.857515e+01	1.768919e+00	3.056148e-04	33501726.000000	0.000000e+00
1.857715e+01	1.768133e+00	3.057134e-04	33450355.000000	0.000000e+00
1.857914e+01	1.769029e+00	3.061073e-04	33398142.000000	0.000000e+00
1.858114e+01	1.769578e+00	3.064174e-04	33351307.000000	0.000000e+00
1.858313e+01	1.768874e+00	3.065134e-04	33303907.000000	0.000000e+00
1.858513e+01	1.769214e+00	3.068426e-04	33245262.000000	0.000000e+00
1.858712e+01	1.769741e+00	3.071228e-04	33204379.000000	0.000000e+00
1.858912e+01	1.769906e+00	3.073577e-04	33159834.000000	0.000000e+00
1.859111e+01	1.770190e+00	3.076997e-04	33096763.000000	0.000000e+00
1.859311e+01	1.770950e+00	3.080638e-04	33046939.000000	0.000000e+00
1.859510e+01	1.771042e+00	3.082563e-04	33009114.000000	0.000000e+00
1.859709e+01	1.770970e+00	3.084894e-04	32956555.000000	0.000000e+00
1.859909e+01	1.770745e+00	3.087201e-04	32898954.000000	0.000000e+00
1.860108e+01	1.771116e+00	3.090046e-04	32852155.000000	0.000000e+00
1.860308e+01	1.771120e+00	3.091848e-04	32814051.000000	0.000000e+00
1.860507e+01	1.772135e+00	3.096770e-04	32747302.000000	0.000000e+00
1.860707e+01	1.772291e+00	3.098803e-04	32710147.000000	0.000000e+00
1.860906e+01	1.772721e+00	3.102187e-04	32654622.000000	0.000000e+00
1.861106e+01	1.772770e+00	3.104379e-04	32610343.000000	0.000000e+00
1.861305e+01	1.773262e+00	3.107520e-04	32562519.000000	0.000000e+00
1.861505e+01	1.773161e+00	3.110176e-04	32503228.000000	0.000000e+00
1.861704e+01	1.773841e+00	3.113616e-04	32456307.000000	0.000000e+00
1.861904e+01	1.773712e+00	3.114937e-04	32424079.000000	0.000000e+00
1.862103e+01	1.773520e+00	3.117615e-04	32361394.000000	0.000000e+00
1.862303e+01	1.773955e+00	3.120891e-04	32309331.000000	0.000000e+00
1.862502e+01	1.774403e+00	3.123977e-04	32261815.000000	0.000000e+00
1.862701e+01	1.774910e+00	3.126520e-04	32227770.000000	0.000000e+00
1.862901e+01	1.775053e+00	3.130063e-04	32160031.000000	0.000000e+00
1.863100e+01	1.775864e+00	3.133727e-04	32114223.000000	0.000000e+00
1.863300e+01	1.775196e+00	3.134187e-04	32080630.000000	0.000000e+00
1.863499e+01	1.776054e+00	3.138529e-04	32022847.000000	0.000000e+00
1.863699e+01	1.775812e+00	3.140868e-04	31966479.000000	0.000000e+00
1.863898e+01	1.776124e+00	3.143349e-04	31927246.000000	0.000000e+00
1.864098e+01	1.776141e+00	3.145362e-04	31886991.000000	0.000000e+00
1.864297e+01	1.776883e+00	3.149742e-04	31824943.000000	0.000000e+00
1.864497e+01	1.776910e+00	3.152382e-04	31772638.000000	0.000000e+00
1.864696e+01	1.777515e+00	3.154968e-04	31742163.000000	0.000000e+00
1.864896e+01	1.777126e+00	3.157222e-04	31682995.000000	0.000000e+00
1.865095e+01	1.777690e+00	3.160801e-04	31631343.000000	0.000000e+00
1.865294e+01	1.778017e+00	3.163208e-04	31594870.000000	0.000000e+00
1.865494e+01	1.778113e+00	3.166069e-04	31541187.000000	0.000000e+00
1.865693e+01	1.778093e+00	3.168078e-04	31500487.000000	0.000000e+00
1.865893e+01	1.779090e+00	3.172679e-04	31444414.000000	0.000000e+00
1.866092e+01	1.778499e+00	3.174546e-04	31386561.000000	0.000000e+00
1.866292e+01	1.779837e+00	3.178457e-04	31356511.000000	0.000000e+00
1.866491e+01	1.779249e+00	3.180024e-04	31304931.000000	0.000000e+00
1.866691e+01	1.779697e+00	3.183308e-04	31256098.000000	0.000000e+00
1.866890e+01	1.780444e+00	3.187703e-04	31196151.000000	0.000000e+00
1.867090e+01	1.780546e+00	3.188951e-04	31175299.000000	0.000000e+00
1.867289e+01	1.780976e+00	3.193386e-04	31103782.000000	0.000000e+00
1.867489e+01	1.780556e+00	3.194861e-04	31060407.000000	0.000000e+00
1.867688e+01	1.781861e+00	3.199131e-04	31023007.000000	0.000000e+00
1.867888e+01	1.781788e+00	3.201469e-04	30975171.000000	0.000000e+00
1.868087e+01	1.781693e+00	3.204377e-04	30915646.000000	0.000000e+00
1.868286e+01	1.782421e+00	3.208269e-04	30865915.000000	0.000000e+00
1.868486e+01	1.782549e+00	3.209679e-04	30843207.000000	0.000000e+00
1.868685e+01	1.782256e+00	3.212328e-04	30782251.000000	0.000000e+00
1.868885e+01	1.782929e+00	3.216125e-04	30732819.000000	0.000000e+00
1.869084e+01	1.783227e+00	3.219103e-04	30686242.000000	0.000000e+00
1.869284e+01	1.783205e+00	3.221273e-04	30644127.000000	0.000000e+00
1.869483e+01	1.783501e+00	3.224668e-04	30589795.000000	0.000000e+00
1.869683e+01	1.783791e+00	3.227214e-04	30551479.000000	0.000000e+00
1.869882e+01	1.784028e+00	3.230641e-04	30494814.000000	0.000000e+00
1.870082e+01	1.784331e+00	3.233207e-04	30456775.000000	0.000000e+00
1.870281e+01	1.785572e+00	3.237858e-04	30411567.000000	0.000000e+00
1.870481e+01	1.784953e+00	3.239824e-04	30353635.000000	0.000000e+00
1.870680e+01	1.785584e+00	3.243000e-04	30315621.000000	0.000000e+00
1.870879e+01	1.786209e+00	3.246423e-04	30272902.000000	0.000000e+00
1.871079e+01	1.785996e+00	3.248919e-04	30219223.000000	0.000000e+00
1.871278e+01	1.786371e+00	3.252432e-04	30166635.000000	0.000000e+00
1.871478e+01	1.786383e+00	3.254195e-04	30134359.000000	0.000000e+00
1.871677e+01	1.787175e+00	3.258295e-04	30085227.000000	0.000000e+00
1.871877e+01	1.786947e+00	3.260777e-04	30031786.000000	0.000000e+00
1.872076e+01	1.787487e+00	3.264218e-04	29986599.000000	0.000000e+00
1.872276e+01	1.787629e+00	3.266346e-04	29952331.000000	0.000000e+00
1.872475e+01	1.787328e+00	3.268744e-04	29898319.000000	0.000000e+00
1.872675e+01	1.788410e+00	3.273708e-04	29843823.000000	0.000000e+00
1.872874e+01	1.788576e+00	3.275846e-04	29810407.000000	0.000000e+00
1.873074e+01	1.788481e+00	3.278308e-04	29762490.000000	0.000000e+00
1.873273e+01	1.789221e+00	3.282275e-04	29715151.000000	0.000000e+00
1.873473e+01	1.789406e+00	3.285575e-04	29661643.000000	0.000000e+00
1.873672e+01	1.789310e+00	3.287264e-04	29627979.000000	0.000000e+00
1.873871e+01	1.790393e+00	3.292483e-04	29569879.000000	0.000000e+00
1.874071e+01	1.790194e+00	3.294375e-04	29529351.000000	0.000000e+00
1.874270e+01	1.790141e+00	3.296642e-04	29487034.000000	0.000000e+00
1.874470e+01	1.790739e+00	3.300318e-04	29441031.000000	0.000000e+00
1.874669e+01	1.791486e+00	3.303958e-04	29400727.000000	0.000000e+00
1.874869e+01	1.791319e+00	3.307068e-04	29339989.000000	0.000000e+00
1.875068e+01	1.791465e+00	3.309347e-04	29304339.000000	0.000000e+00
1.875268e+01	1.792481e+00	3.313644e-04	29261551.000000	0.000000e+00
1.875467e+01	1.792372e+00	3.315748e-04	29220891.000000	0.000000e+00
1.875667e+01	1.793511e+00	3.321686e-04	29153515.000000	0.000000e+00
1.875866e+01	1.792735e+00	3.321754e-04	29127102.000000	0.000000e+00
1.876066e+01	1.793516e+00	3.325827e-04	29081107.000000	0.000000e+00
1.876265e+01	1.793626e+00	3.328801e-04	29032759.000000	0.000000e+00
1.876464e+01	1.794127e+00	3.332776e-04	28979727.000000	0.000000e+00
1.876664e+01	1.793542e+00	3.333388e-04	28950187.000000	0.000000e+00
1.876863e+01	1.794262e+00	3.337663e-04	28899255.000000	0.000000e+00
1.877063e+01	1.795467e+00	3.343071e-04	28844563.000000	0.000000e+00
1.877262e+01	1.795982e+00	3.346166e-04	28807731.000000	0.000000e+00
1.877462e+01	1.795012e+00	3.346548e-04	28770031.000000	0.000000e+00
1.877661e+01	1.796273e+00	3.351891e-04	28718698.000000	0.000000e+00
1.877861e+01	1.795538e+00	3.353702e-04	28664247.000000	0.000000e+00
1.878060e+01	1.796236e+00	3.356759e-04	28634287.000000	0.000000e+00
1.878260e+01	1.796624e+00	3.359983e-04	28591695.000000	0.000000e+00
1.878459e+01	1.796516e+00	3.363331e-04	28531399.000000	0.000000e+00
1.878659e+01	1.797650e+00	3.367525e-04	28496323.000000	0.000000e+00
1.878858e+01	1.797409e+00	3.369819e-04	28449891.000000	0.000000e+00
1.879058e+01	1.797230e+00	3.371641e-04	28413493.000000	0.000000e+00
1.879257e+01	1.797953e+00	3.376223e-04	28359231.000000	0.000000e+00
1.879456e+01	1.798903e+00	3.380775e-04	28312807.000000	0.000000e+00
1.879656e+01	1.798951e+00	3.382719e-04	28281771.000000	0.000000e+00
1.879855e+01	1.799740e+00	3.387512e-04	28226575.000000	0.000000e+00
1.880055e+01	1.799962e+00	3.390309e-04	28186954.000000	0.000000e+00
1.880254e+01	1.800217e+00	3.393810e-04	28136799.000000	0.000000e+00
1.880454e+01	1.799765e+00	3.395094e-04	28101415.000000	0.000000e+00
1.880653e+01	1.801045e+00	3.400331e-04	28054767.000000	0.000000e+00
1.880853e+01	1.800788e+00	3.403124e-04	28000747.000000	0.000000e+00
1.881052e+01	1.800580e+00	3.404561e-04	27970659.000000	0.000000e+00
1.881252e+01	1.801599e+00	3.408985e-04	27929683.000000	0.000000e+00
1.881451e+01	1.801594e+00	3.412287e-04	27875515.000000	0.000000e+00
1.881651e+01	1.802163e+00	3.416523e-04	27823983.000000	0.000000e+00
1.881850e+01	1.802793e+00	3.419657e-04	27792427.000000	0.000000e+00
1.882050e+01	1.802476e+00	3.421401e-04	27754359.000000	0.000000e+00
1.882249e+01	1.802900e+00	3.425607e-04	27699271.000000	0.000000e+00
1.882448e+01	1.803765e+00	3.429939e-04	27655851.000000	0.000000e+00
1.882648e+01	1.803494e+00	3.431450e-04	27623203.000000	0.000000e+00
1.882847e+01	1.803590e+00	3.434871e-04	27571159.000000	0.000000e+00
1.883047e+01	1.804380e+00	3.439158e-04	27526557.000000	0.000000e+00
1.883246e+01	1.804834e+00	3.442429e-04	27488071.000000	0.000000e+00
1.883446e+01	1.804783e+00	3.444867e-04	27447639.000000	0.000000e+00
1.883645e+01	1.805596e+00	3.449801e-04	27393859.000000	0.000000e+00
1.883845e+01	1.805668e+00	3.452240e-04	27357331.000000	0.000000e+00
1.884044e+01	1.805965e+00	3.455327e-04	27317451.000000	0.000000e+00
1.884244e+01	1.805783e+00	3.458186e-04	27266815.000000	0.000000e+00
1.884443e+01	1.807004e+00	3.462688e-04	27232755.000000	0.000000e+00
1.884643e+01	1.807094e+00	3.466497e-04	27175639.000000	0.000000e+00
1.884842e+01	1.806361e+00	3.467240e-04	27141963.000000	0.000000e+00
1.885041e+01	1.808300e+00	3.473367e-04	27104407.000000	0.000000e+00
1.885241e+01	1.808248e+00	3.476579e-04	27052759.000000	0.000000e+00
1.885440e+01	1.808602e+00	3.480340e-04	27004899.000000	0.000000e+00
1.885640e+01	1.808288e+00	3.481409e-04	26978935.000000	0.000000e+00
1.885839e+01	1.809496e+00	3.487358e-04	26922915.000000	0.000000e+00
1.886039e+01	1.809126e+00	3.489094e-04	26885143.000000	0.000000e+00
1.886238e+01	1.809945e+00	3.493759e-04	26837667.000000	0.000000e+00
1.886438e+01	1.810847e+00	3.497494e-04	26807071.000000	0.000000e+00
1.886637e+01	1.810587e+00	3.500313e-04	26756239.000000	0.000000e+00
1.886837e+01	1.811211e+00	3.505165e-04	26700591.000000	0.000000e+00
1.887036e+01	1.811548e+00	3.507103e-04	26681029.000000	0.000000e+00
1.887236e+01	1.811717e+00	3.510682e-04	26631639.000000	0.000000e+00
1.887435e+01	1.811961e+00	3.514166e-04	26586007.000000	0.000000e+00
1.887634e+01	1.812341e+00	3.518191e-04	26536351.000000	0.000000e+00
1.887834e+01	1.812806e+00	3.520822e-04	26510295.000000	0.000000e+00
1.888033e+01	1.812482e+00	3.523177e-04	26465407.000000	0.000000e+00
1.888233e+01	1.813169e+00	3.527838e-04	26415543.000000	0.000000e+00
1.888432e+01	1.814070e+00	3.532604e-04	26370487.000000	0.000000e+00
1.888632e+01	1.813778e+00	3.534112e-04	26339499.000000	0.000000e+00
1.888831e+01	1.814638e+00	3.539158e-04	26289367.000000	0.000000e+00
1.889031e+01	1.814740e+00	3.542112e-04	26248471.000000	0.000000e+00
1.889230e+01	1.815258e+00	3.545775e-04	26209239.000000	0.000000e+00
1.889430e+01	1.815318e+00	3.548935e-04	26164303.000000	0.000000e+00
1.889629e+01	1.815938e+00	3.552269e-04	26133063.000000	0.000000e+00
1.889829e+01	1.816553e+00	3.557473e-04	26074315.000000	0.000000e+00
1.890028e+01	1.816630e+00	3.560117e-04	26037804.000000	0.000000e+00
1.890228e+01	1.817077e+00	3.563106e-04	26006923.000000	0.000000e+00
1.890427e+01	1.817875e+00	3.568231e-04	25955059.000000	0.000000e+00
1.890626e+01	1.817338e+00	3.570668e-04	25904325.000000	0.000000e+00
1.890826e+01	1.817922e+00	3.573307e-04	25882723.000000	0.000000e+00
1.891025e+01	1.818371e+00	3.577132e-04	25840155.000000	0.000000e+00
1.891225e+01	1.818009e+00	3.580515e-04	25781083.000000	0.000000e+00
1.891424e+01	1.819229e+00	3.585289e-04	25746999.000000	0.000000e+00
1.891624e+01	1.819217e+00	3.587077e-04	25720999.000000	0.000000e+00
1.891823e+01	1.820049e+00	3.592551e-04	25666135.000000	0.000000e+00
1.892023e+01	1.820011e+00	3.595786e-04	25618875.000000	0.000000e+00
1.892222e+01	1.820434e+00	3.598889e-04	25586623.000000	0.000000e+00
1.892422e+01	1.820841e+00	3.602177e-04	25551363.000000	0.000000e+00
1.892621e+01	1.821078e+00	3.606593e-04	25495444.000000	0.000000e+00
1.892821e+01	1.821964e+00	3.611120e-04	25456327.000000	0.000000e+00
1.893020e+01	1.822074e+00	3.613454e-04	25426515.000000	0.000000e+00
1.893220e+01	1.822193e+00	3.617125e-04	25378243.000000	0.000000e+00
1.893419e+01	1.823381e+00	3.622183e-04	25340439.000000	0.000000e+00
1.893618e+01	1.823763e+00	3.626260e-04	25294075.000000	0.000000e+00
1.893818e+01	1.823990e+00	3.629175e-04	25259751.000000	0.000000e+00
1.894017e+01	1.823687e+00	3.631483e-04	25219291.000000	0.000000e+00
1.894217e+01	1.824924e+00	3.637453e-04	25170655.000000	0.000000e+00
1.894416e+01	1.824832e+00	3.640200e-04	25130145.000000	0.000000e+00
1.894616e+01	1.825426e+00	3.643814e-04	25096684.000000	0.000000e+00
1.894815e+01	1.825956e+00	3.647382e-04	25062123.000000	0.000000e+00
1.895015e+01	1.825530e+00	3.651054e-04	25000063.000000	0.000000e+00
1.895214e+01	1.826483e+00	3.655271e-04	24968487.000000	0.000000e+00
1.895414e+01	1.826695e+00	3.657311e-04	24946423.000000	0.000000e+00
1.895613e+01	1.826336e+00	3.661077e-04	24885343.000000	0.000000e+00
1.895813e+01	1.827633e+00	3.666916e-04	24841407.000000	0.000000e+00
1.896012e+01	1.827819e+00	3.668552e-04	24824287.000000	0.000000e+00
1.896212e+01	1.827967e+00	3.673133e-04	24766428.000000	0.000000e+00
1.896411e+01	1.828450e+00	3.677144e-04	24725503.000000	0.000000e+00
1.896610e+01	1.828854e+00	3.681125e-04	24682935.000000	0.000000e+00
1.896810e+01	1.829444e+00	3.684075e-04	24659323.000000	0.000000e+00
1.897009e+01	1.830305e+00	3.689448e-04	24610699.000000	0.000000e+00
1.897209e+01	1.829894e+00	3.692529e-04	24558627.000000	0.000000e+00
1.897408e+01	1.830438e+00	3.695407e-04	24534979.000000	0.000000e+00
1.897608e+01	1.830689e+00	3.699067e-04	24493152.000000	0.000000e+00
1.897807e+01	1.832052e+00	3.705337e-04	24446707.000000	0.000000e+00
1.898007e+01	1.831833e+00	3.708068e-04	24404869.000000	0.000000e+00
1.898206e+01	1.832097e+00	3.711069e-04	24372435.000000	0.000000e+00
1.898406e+01	1.832979e+00	3.716168e-04	24328999.000000	0.000000e+00
1.898605e+01	1.832696e+00	3.718605e-04	24289611.000000	0.000000e+00
1.898805e+01	1.832986e+00	3.723005e-04	24239920.000000	0.000000e+00
1.899004e+01	1.833415e+00	3.725432e-04	24219663.000000	0.000000e+00
1.899203e+01	1.834005e+00	3.730313e-04	24171883.000000	0.000000e+00
1.899403e+01	1.834399e+00	3.734638e-04	24126283.000000	0.000000e+00
1.899602e+01	1.835142e+00	3.739232e-04	24086559.000000	0.000000e+00
1.899802e+01	1.834806e+00	3.740583e-04	24060331.000000	0.000000e+00
1.900001e+01	1.835086e+00	3.744925e-04	24011916.000000	0.000000e+00
1.900201e+01	1.836330e+00	3.750869e-04	23968327.000000	0.000000e+00
1.900400e+01	1.836643e+00	3.754204e-04	23933919.000000	0.000000e+00
1.900600e+01	1.836669e+00	3.756713e-04	23902627.000000	0.000000e+00
1.900799e+01	1.837799e+00	3.762967e-04	23852575.000000	0.000000e+00
1.900999e+01	1.837633e+00	3.766013e-04	23809683.000000	0.000000e+00
1.901198e+01	1.838383e+00	3.769717e-04	23782336.000000	0.000000e+00
1.901398e+01	1.838821e+00	3.774016e-04	23739501.000000	0.000000e+00
1.901597e+01	1.838928e+00	3.778060e-04	23691463.000000	0.000000e+00
1.901796e+01	1.839235e+00	3.781796e-04	23652555.000000	0.000000e+00
1.901996e+01	1.840211e+00	3.785531e-04	23630983.000000	0.000000e+00
1.902195e+01	1.840111e+00	3.789295e-04	23581492.000000	0.000000e+00
1.902395e+01	1.840593e+00	3.793872e-04	23536947.000000	0.000000e+00
1.902594e+01	1.841514e+00	3.798821e-04	23499175.000000	0.000000e+00
1.902794e+01	1.841586e+00	3.800479e-04	23480499.000000	0.000000e+00
1.902993e+01	1.841660e+00	3.805930e-04	23415175.000000	0.000000e+00
1.903193e+01	1.842423e+00	3.810079e-04	23383564.000000	0.000000e+00
1.903392e+01	1.842548e+00	3.812866e-04	23352567.000000	0.000000e+00
1.903592e+01	1.843022e+00	3.817654e-04	23306011.000000	0.000000e+00
1.903791e+01	1.843459e+00	3.821130e-04	23274651.000000	0.000000e+00
1.903991e+01	1.844172e+00	3.826336e-04	23229343.000000	0.000000e+00
1.904190e+01	1.844332e+00	3.829556e-04	23194296.000000	0.000000e+00
1.904390e+01	1.845172e+00	3.834467e-04	23156023.000000	0.000000e+00
1.904589e+01	1.845495e+00	3.838655e-04	23113603.000000	0.000000e+00
1.904788e+01	1.846058e+00	3.843400e-04	23070633.000000	0.000000e+00
1.904988e+01	1.845869e+00	3.845056e-04	23046040.000000	0.000000e+00
1.905187e+01	1.846441e+00	3.849558e-04	23006415.000000	0.000000e+00
1.905387e+01	1.846978e+00	3.854689e-04	22958563.000000	0.000000e+00
1.905586e+01	1.847504e+00	3.858924e-04	22921251.000000	0.000000e+00
1.905786e+01	1.847341e+00	3.860626e-04	22897003.000000	0.000000e+00
1.905985e+01	1.848433e+00	3.867193e-04	22846300.000000	0.000000e+00
1.906185e+01	1.849477e+00	3.873224e-04	22800939.000000	0.000000e+00
1.906384e+01	1.849120e+00	3.874266e-04	22779871.000000	0.000000e+00
1.906584e+01	1.849603e+00	3.878690e-04	22739823.000000	0.000000e+00
1.906783e+01	1.849802e+00	3.883432e-04	22689208.000000	0.000000e+00
1.906983e+01	1.850698e+00	3.888451e-04	22652587.000000	0.000000e+00
1.907182e+01	1.851834e+00	3.893086e-04	22626447.000000	0.000000e+00
1.907382e+01	1.850845e+00	3.894648e-04	22584139.000000	0.000000e+00
1.907581e+01	1.852327e+00	3.901481e-04	22541172.000000	0.000000e+00
1.907780e+01	1.852372e+00	3.904611e-04	22506127.000000	0.000000e+00
1.907980e+01	1.852178e+00	3.907200e-04	22471623.000000	0.000000e+00
1.908179e+01	1.853699e+00	3.914092e-04	22429321.000000	0.000000e+00
1.908379e+01	1.853834e+00	3.917485e-04	22393768.000000	0.000000e+00
1.908578e+01	1.853674e+00	3.920682e-04	22353387.000000	0.000000e+00
1.908778e+01	1.854467e+00	3.925166e-04	22321435.000000	0.000000e+00
1.908977e+01	1.855086e+00	3.929769e-04	22284051.000000	0.000000e+00
1.909177e+01	1.856165e+00	3.935988e-04	22239532.000000	0.000000e+00
1.909376e+01	1.855639e+00	3.937826e-04	22206195.000000	0.000000e+00
1.909576e+01	1.856872e+00	3.943696e-04	22169551.000000	0.000000e+00
1.909775e+01	1.856375e+00	3.946127e-04	22130395.000000	0.000000e+00
1.909975e+01	1.857646e+00	3.953302e-04	22080336.000000	0.000000e+00
1.910174e+01	1.857689e+00	3.954320e-04	22070011.000000	0.000000e+00
1.910374e+01	1.858845e+00	3.960877e-04	22024383.000000	0.000000e+00
1.910573e+01	1.858135e+00	3.963756e-04	21975604.000000	0.000000e+00
1.910772e+01	1.859630e+00	3.970199e-04	21939579.000000	0.000000e+00
1.910972e+01	1.858990e+00	3.970806e-04	21917779.000000	0.000000e+00
1.911171e+01	1.860122e+00	3.977577e-04	21869839.000000	0.000000e+00
1.911371e+01	1.860169e+00	3.981597e-04	21826812.000000	0.000000e+00
1.911570e+01	1.861001e+00	3.985684e-04	21801553.000000	0.000000e+00
1.911770e+01	1.860353e+00	3.988046e-04	21760563.000000	0.000000e+00
1.911969e+01	1.861607e+00	3.994319e-04	21721540.000000	0.000000e+00
1.912169e+01	1.862075e+00	3.998958e-04	21682063.000000	0.000000e+00
1.912368e+01	1.862545e+00	4.002479e-04	21654867.000000	0.000000e+00
1.912568e+01	1.863233e+00	4.008046e-04	21610699.000000	0.000000e+00
1.912767e+01	1.864001e+00	4.012988e-04	21575280.000000	0.000000e+00
1.912967e+01	1.864174e+00	4.017385e-04	21532087.000000	0.000000e+00
1.913166e+01	1.864741e+00	4.020870e-04	21507843.000000	0.000000e+00
1.913365e+01	1.864873e+00	4.024732e-04	21469624.000000	0.000000e+00
1.913565e+01	1.864925e+00	4.028791e-04	21427591.000000	0.000000e+00
1.913764e+01	1.865832e+00	4.034437e-04	21388443.000000	0.000000e+00
1.913964e+01	1.866330e+00	4.038600e-04	21355756.000000	0.000000e+00
1.914163e+01	1.867216e+00	4.043443e-04	21324879.000000	0.000000e+00
1.914363e+01	1.867145e+00	4.048096e-04	21274267.000000	0.000000e+00
1.914562e+01	1.867251e+00	4.050675e-04	21249603.000000	0.000000e+00
1.914762e+01	1.867771e+00	4.054482e-04	21221530.000000	0.000000e+00
1.914961e+01	1.869448e+00	4.063381e-04	21166615.000000	0.000000e+00
1.915161e+01	1.869659e+00	4.067277e-04	21130863.000000	0.000000e+00
1.915360e+01	1.869376e+00	4.068692e-04	21109780.000000	0.000000e+00
1.915560e+01	1.870133e+00	4.074333e-04	21068415.000000	0.000000e+00
1.915759e+01	1.869535e+00	4.077574e-04	21021499.000000	0.000000e+00
1.915958e+01	1.871519e+00	4.085232e-04	20987232.000000	0.000000e+00
1.916158e+01	1.871320e+00	4.086751e-04	20967163.000000	0.000000e+00
1.916357e+01	1.872449e+00	4.094143e-04	20916751.000000	0.000000e+00
1.916557e+01	1.872545e+00	4.097538e-04	20884236.000000	0.000000e+00
1.916756e+01	1.873601e+00	4.103048e-04	20851687.000000	0.000000e+00
1.916956e+01	1.872737e+00	4.104581e-04	20816895.000000	0.000000e+00
1.917155e+01	1.874191e+00	4.111886e-04	20775208.000000	0.000000e+00
1.917355e+01	1.874907e+00	4.117254e-04	20736919.000000	0.000000e+00
1.917554e+01	1.874938e+00	4.120093e-04	20709027.000000	0.000000e+00
1.917754e+01	1.875306e+00	4.124838e-04	20669530.000000	0.000000e+00
1.917953e+01	1.876125e+00	4.130149e-04	20634423.000000	0.000000e+00
1.918153e+01	1.876352e+00	4.134510e-04	20595883.000000	0.000000e+00
1.918352e+01	1.877044e+00	4.139098e-04	20565408.000000	0.000000e+00
1.918552e+01	1.877375e+00	4.143519e-04	20528779.000000	0.000000e+00
1.918751e+01	1.877850e+00	4.148329e-04	20491567.000000	0.000000e+00
1.918950e+01	1.878534e+00	4.154088e-04	20449692.000000	0.000000e+00
1.919150e+01	1.878678e+00	4.156579e-04	20428315.000000	0.000000e+00
1.919349e+01	1.879636e+00	4.163018e-04	20385939.000000	0.000000e+00
1.919549e+01	1.880118e+00	4.168362e-04	20344132.000000	0.000000e+00
1.919748e+01	1.880979e+00	4.173080e-04	20316771.000000	0.000000e+00
1.919948e+01	1.881554e+00	4.177447e-04	20286700.000000	0.000000e+00
1.920147e+01	1.881574e+00	4.181783e-04	20245099.000000	0.000000e+00
1.920347e+01	1.882526e+00	4.188946e-04	20196327.000000	0.000000e+00
1.920546e+01	1.881601e+00	4.188446e-04	20181292.000000	0.000000e+00
1.920746e+01	1.883346e+00	4.196205e-04	20144043.000000	0.000000e+00
1.920945e+01	1.883916e+00	4.202152e-04	20099245.000000	0.000000e+00
1.921145e+01	1.883796e+00	4.205321e-04	20066388.000000	0.000000e+00
1.921344e+01	1.884750e+00	4.210213e-04	20040067.000000	0.000000e+00
1.921544e+01	1.885394e+00	4.216049e-04	19998307.000000	0.000000e+00
1.921743e+01	1.885413e+00	4.220144e-04	19959912.000000	0.000000e+00
1.921942e+01	1.886374e+00	4.226132e-04	19923667.000000	0.000000e+00
1.922142e+01	1.886936e+00	4.229789e-04	19901088.000000	0.000000e+00
1.922341e+01	1.887563e+00	4.235888e-04	19857019.000000	0.000000e+00
1.922541e+01	1.886613e+00	4.237489e-04	19822051.000000	0.000000e+00
1.922740e+01	1.888155e+00	4.244142e-04	19792272.000000	0.000000e+00
1.922940e+01	1.888706e+00	4.249263e-04	19756123.000000	0.000000e+00
1.923139e+01	1.889682e+00	4.255237e-04	19721043.000000	0.000000e+00
1.923339e+01	1.890209e+00	4.261058e-04	19678180.000000	0.000000e+00
1.923538e+01	1.890105e+00	4.262925e-04	19658775.000000	0.000000e+00
1.923738e+01	1.890409e+00	4.267862e-04	19619632.000000	0.000000e+00
1.923937e+01	1.891655e+00	4.274888e-04	19580989.000000	0.000000e+00
1.924137e+01	1.893099e+00	4.283177e-04	19535067.000000	0.000000e+00
1.924336e+01	1.891511e+00	4.281096e-04	19521256.000000	0.000000e+00
1.924536e+01	1.893222e+00	4.288970e-04	19484847.000000	0.000000e+00
1.924735e+01	1.893699e+00	4.295326e-04	19437016.000000	0.000000e+00
1.924934e+01	1.894408e+00	4.300216e-04	19407363.000000	0.000000e+00
1.925134e+01	1.893721e+00	4.300950e-04	19386679.000000	0.000000e+00
1.925333e+01	1.895031e+00	4.309714e-04	19334620.000000	0.000000e+00
1.925533e+01	1.895555e+00	4.314386e-04	19303443.000000	0.000000e+00
1.925732e+01	1.896830e+00	4.320469e-04	19275028.000000	0.000000e+00
1.925932e+01	1.896500e+00	4.323176e-04	19244199.000000	0.000000e+00
1.926131e+01	1.897301e+00	4.329714e-04	19202347.000000	0.000000e+00
1.926331e+01	1.897273e+00	4.334034e-04	19163512.000000	0.000000e+00
1.926530e+01	1.898400e+00	4.338356e-04	19148079.000000	0.000000e+00
1.926730e+01	1.898536e+00	4.344114e-04	19100080.000000	0.000000e+00
1.926929e+01	1.899055e+00	4.349139e-04	19066389.000000	0.000000e+00
1.927128e+01	1.899295e+00	4.353486e-04	19033147.000000	0.000000e+00
1.927328e+01	1.899407e+00	4.356821e-04	19006260.000000	0.000000e+00
1.927527e+01	1.901133e+00	4.365069e-04	18968935.000000	0.000000e+00
1.927727e+01	1.901712e+00	4.370612e-04	18932368.000000	0.000000e+00
1.927926e+01	1.901649e+00	4.374402e-04	18898323.000000	0.000000e+00
1.928126e+01	1.902143e+00	4.378750e-04	18870616.000000	0.000000e+00
1.928325e+01	1.902074e+00	4.382931e-04	18833259.000000	0.000000e+00
1.928525e+01	1.904163e+00	4.392455e-04	18792883.000000	0.000000e+00
1.928724e+01	1.903868e+00	4.394709e-04	18767808.000000	0.000000e+00
1.928924e+01	1.904672e+00	4.400308e-04	18735883.000000	0.000000e+00
1.929123e+01	1.904884e+00	4.405190e-04	18698536.000000	0.000000e+00
1.929323e+01	1.905644e+00	4.412601e-04	18650655.000000	0.000000e+00
1.929522e+01	1.906304e+00	4.415237e-04	18641308.000000	0.000000e+00
1.929722e+01	1.907181e+00	4.421339e-04	18606999.000000	0.000000e+00
1.929921e+01	1.906652e+00	4.426234e-04	18555565.000000	0.000000e+00
1.930120e+01	1.907996e+00	4.432760e-04	18527052.000000	0.000000e+00
1.930320e+01	1.908243e+00	4.435904e-04	18505603.000000	0.000000e+00
1.930519e+01	1.908785e+00	4.441710e-04	18467740.000000	0.000000e+00
1.930719e+01	1.909879e+00	4.449367e-04	18425319.000000	0.000000e+00
1.930918e+01	1.910374e+00	4.453728e-04	18398788.000000	0.000000e+00
1.931118e+01	1.910257e+00	4.456497e-04	18373695.000000	0.000000e+00
1.931317e+01	1.911885e+00	4.466166e-04	18325420.000000	0.000000e+00
1.931517e+01	1.911777e+00	4.468977e-04	18300295.000000	0.000000e+00
1.931716e+01	1.912634e+00	4.474819e-04	18268923.000000	0.000000e+00
1.931916e+01	1.912831e+00	4.479687e-04	18232996.000000	0.000000e+00
1.932115e+01	1.912875e+00	4.483537e-04	18202515.000000	0.000000e+00
1.932315e+01	1.914169e+00	4.492083e-04	18157876.000000	0.000000e+00
1.932514e+01	1.914497e+00	4.494697e-04	18142983.000000	0.000000e+00
1.932714e+01	1.915061e+00	4.501056e-04	18102418.000000	0.000000e+00
1.932913e+01	1.915438e+00	4.506065e-04	18069307.000000	0.000000e+00
1.933112e+01	1.916505e+00	4.512961e-04	18034200.000000	0.000000e+00
1.933312e+01	1.916286e+00	4.516455e-04	18002191.000000	0.000000e+00
1.933511e+01	1.917242e+00	4.521595e-04	17979204.000000	0.000000e+00
1.933711e+01	1.918060e+00	4.530029e-04	17927611.000000	0.000000e+00
1.933910e+01	1.918037e+00	4.532528e-04	17907411.000000	0.000000e+00
1.934110e+01	1.919346e+00	4.539014e-04	17880652.000000	0.000000e+00
1.934309e+01	1.919554e+00	4.544624e-04	17840407.000000	0.000000e+00
1.934509e+01	1.920700e+00	4.552779e-04	17797788.000000	0.000000e+00
1.934708e+01	1.919708e+00	4.552043e-04	17785147.000000	0.000000e+00
1.934908e+01	1.921630e+00	4.561622e-04	17746020.000000	0.000000e+00
1.935107e+01	1.921751e+00	4.567430e-04	17703151.000000	0.000000e+00
1.935307e+01	1.923348e+00	4.574763e-04	17675772.000000	0.000000e+00
1.935506e+01	1.923433e+00	4.577731e-04	17654431.000000	0.000000e+00
1.935706e+01	1.923544e+00	4.583397e-04	17612842.000000	0.000000e+00
1.935905e+01	1.924178e+00	4.589564e-04	17577123.000000	0.000000e+00
1.936104e+01	1.923938e+00	4.592129e-04	17553112.000000	0.000000e+00
1.936304e+01	1.924839e+00	4.598476e-04	17521083.000000	0.000000e+00
1.936503e+01	1.926994e+00	4.608487e-04	17484124.000000	0.000000e+00
1.936703e+01	1.925971e+00	4.610807e-04	17447995.000000	0.000000e+00
1.936902e+01	1.927295e+00	4.616912e-04	17425824.000000	0.000000e+00
1.937102e+01	1.927399e+00	4.621947e-04	17389759.000000	0.000000e+00
1.937301e+01	1.928136e+00	4.627772e-04	17359272.000000	0.000000e+00
1.937501e+01	1.928861e+00	4.634943e-04	17318611.000000	0.000000e+00
1.937700e+01	1.928577e+00	4.637393e-04	17295216.000000	0.000000e+00
1.937900e+01	1.930433e+00	4.645608e-04	17267287.000000	0.000000e+00
1.938099e+01	1.930660e+00	4.651187e-04	17229952.000000	0.000000e+00
1.938299e+01	1.930621e+00	4.656820e-04	17187603.000000	0.000000e+00
1.938498e+01	1.932781e+00	4.663760e-04	17174854.000000	0.000000e+00
1.938698e+01	1.932252e+00	4.667914e-04	17134911.000000	0.000000e+00
1.938897e+01	1.933939e+00	4.676525e-04	17101684.000000	0.000000e+00
1.939096e+01	1.933855e+00	4.680675e-04	17069883.000000	0.000000e+00
1.939296e+01	1.934107e+00	4.684828e-04	17044096.000000	0.000000e+00
1.939495e+01	1.934831e+00	4.690954e-04	17012335.000000	0.000000e+00
1.939695e+01	1.935437e+00	4.699235e-04	16963044.000000	0.000000e+00
1.939894e+01	1.936139e+00	4.702334e-04	16952983.000000	0.000000e+00
1.940094e+01	1.937413e+00	4.710267e-04	16918164.000000	0.000000e+00
1.940293e+01	1.937054e+00	4.715731e-04	16872739.000000	0.000000e+00
1.940493e+01	1.938492e+00	4.722358e-04	16850400.000000	0.000000e+00
1.940692e+01	1.937757e+00	4.723984e-04	16826035.000000	0.000000e+00
1.940892e+01	1.939071e+00	4.732076e-04	16791292.000000	0.000000e+00
1.941091e+01	1.939307e+00	4.738141e-04	16752399.000000	0.000000e+00
1.941291e+01	1.940668e+00	4.745632e-04	16723006.000000	0.000000e+00
1.941490e+01	1.940934e+00	4.749355e-04	16701375.000000	0.000000e+00
1.941689e+01	1.942091e+00	4.758266e-04	16658728.000000	0.000000e+00
1.941889e+01	1.942344e+00	4.762617e-04	16632643.000000	0.000000e+00
1.942088e+01	1.941601e+00	4.765652e-04	16598748.000000	0.000000e+00
1.942288e+01	1.942189e+00	4.770529e-04	16574863.000000	0.000000e+00
1.942487e+01	1.944468e+00	4.780836e-04	16542228.000000	0.000000e+00
1.942687e+01	1.944637e+00	4.787657e-04	16497991.000000	0.000000e+00
1.942886e+01	1.945097e+00	4.790903e-04	16483440.000000	0.000000e+00
1.943086e+01	1.946470e+00	4.799107e-04	16450327.000000	0.000000e+00
1.943285e+01	1.946789e+00	4.805456e-04	16412260.000000	0.000000e+00
1.943485e+01	1.947608e+00	4.812574e-04	16377531.000000	0.000000e+00
1.943684e+01	1.948090e+00	4.815804e-04	16363660.000000	0.000000e+00
1.943884e+01	1.949146e+00	4.824376e-04	16323249.000000	0.000000e+00
1.944083e+01	1.949822e+00	4.831496e-04	16286452.000000	0.000000e+00
1.944282e+01	1.950360e+00	4.836913e-04	16258971.000000	0.000000e+00
1.944482e+01	1.949978e+00	4.839060e-04	16238176.000000	0.000000e+00
1.944681e+01	1.950872e+00	4.847282e-04	16197988.000000	0.000000e+00
1.944881e+01	1.950662e+00	4.851837e-04	16164099.000000	0.000000e+00
1.945080e+01	1.952097e+00	4.858280e-04	16144984.000000	0.000000e+00
1.945280e+01	1.953033e+00	4.865497e-04	16112571.000000	0.000000e+00
1.945479e+01	1.953493e+00	4.872623e-04	16073032.000000	0.000000e+00
1.945679e+01	1.953806e+00	4.877526e-04	16045879.000000	0.000000e+00
1.945878e+01	1.954794e+00	4.883342e-04	16023876.000000	0.000000e+00
1.946078e+01	1.954861e+00	4.888897e-04	15988579.000000	0.000000e+00
1.946277e+01	1.956762e+00	4.899233e-04	15952176.000000	0.000000e+00
1.946477e+01	1.957527e+00	4.905169e-04	15926035.000000	0.000000e+00
1.946676e+01	1.957432e+00	4.909591e-04	15895818.000000	0.000000e+00
1.946876e+01	1.958295e+00	4.915901e-04	15869008.000000	0.000000e+00
1.947075e+01	1.959077e+00	4.923657e-04	15831691.000000	0.000000e+00
1.947274e+01	1.959768e+00	4.929446e-04	15805680.000000	0.000000e+00
1.947474e+01	1.959829e+00	4.933706e-04	15779383.000000	0.000000e+00
1.947673e+01	1.960471e+00	4.940227e-04	15748068.000000	0.000000e+00
1.947873e+01	1.962437e+00	4.951536e-04	15707671.000000	0.000000e+00
1.948072e+01	1.961620e+00	4.952987e-04	15685392.000000	0.000000e+00
1.948272e+01	1.961957e+00	4.957789e-04	15660403.000000	0.000000e+00
1.948471e+01	1.963325e+00	4.966834e-04	15625180.000000	0.000000e+00
1.948671e+01	1.962868e+00	4.971938e-04	15585852.000000	0.000000e+00
1.948870e+01	1.963911e+00	4.976334e-04	15574879.000000	0.000000e+00
1.949070e+01	1.965889e+00	4.987507e-04	15536424.000000	0.000000e+00
1.949269e+01	1.965951e+00	4.993093e-04	15502657.000000	0.000000e+00
1.949469e+01	1.966398e+00	4.999489e-04	15470052.000000	0.000000e+00
1.949668e+01	1.967029e+00	5.003637e-04	15454315.000000	0.000000e+00
1.949868e+01	1.968555e+00	5.013152e-04	15419608.000000	0.000000e+00
1.950067e+01	1.968061e+00	5.018285e-04	15380352.000000	0.000000e+00
1.950266e+01	1.969783e+00	5.026099e-04	15359407.000000	0.000000e+00
1.950466e+01	1.969979e+00	5.030771e-04	15333948.000000	0.000000e+00
1.950665e+01	1.971702e+00	5.041835e-04	15293443.000000	0.000000e+00
1.950865e+01	1.970896e+00	5.044526e-04	15264640.000000	0.000000e+00
1.951064e+01	1.971600e+00	5.049784e-04	15243759.000000	0.000000e+00
1.951264e+01	1.971805e+00	5.055869e-04	15210244.000000	0.000000e+00
1.951463e+01	1.974227e+00	5.066754e-04	15182196.000000	0.000000e+00
1.951663e+01	1.974599e+00	5.074666e-04	15140599.000000	0.000000e+00
1.951862e+01	1.974381e+00	5.075773e-04	15130644.000000	0.000000e+00
1.952062e+01	1.975028e+00	5.083554e-04	15094261.000000	0.000000e+00
1.952261e+01	1.976643e+00	5.093609e-04	15059320.000000	0.000000e+00
1.952461e+01	1.977575e+00	5.101249e-04	15028407.000000	0.000000e+00
1.952660e+01	1.976851e+00	5.102365e-04	15010840.000000	0.000000e+00
1.952860e+01	1.978765e+00	5.112622e-04	14979636.000000	0.000000e+00
1.953059e+01	1.978496e+00	5.119493e-04	14935387.000000	0.000000e+00
1.953258e+01	1.979701e+00	5.125214e-04	14920212.000000	0.000000e+00
1.953458e+01	1.980504e+00	5.131557e-04	14895427.000000	0.000000e+00
1.953657e+01	1.980462e+00	5.138516e-04	14854492.000000	0.000000e+00
1.953857e+01	1.981543e+00	5.146809e-04	14822820.000000	0.000000e+00
1.954056e+01	1.982265e+00	5.150722e-04	14811103.000000	0.000000e+00
1.954256e+01	1.983239e+00	5.159677e-04	14774232.000000	0.000000e+00
1.954455e+01	1.983468e+00	5.166689e-04	14737567.000000	0.000000e+00
1.954655e+01	1.984062e+00	5.173188e-04	14709366.000000	0.000000e+00
1.954854e+01	1.983903e+00	5.175050e-04	14696428.000000	0.000000e+00
1.955054e+01	1.985732e+00	5.187302e-04	14654071.000000	0.000000e+00
1.955253e+01	1.987167e+00	5.196483e-04	14623452.000000	0.000000e+00
1.955453e+01	1.987852e+00	5.202061e-04	14602159.000000	0.000000e+00
1.955652e+01	1.987810e+00	5.207255e-04	14572428.000000	0.000000e+00
1.955851e+01	1.987748e+00	5.212983e-04	14539516.000000	0.000000e+00
1.956051e+01	1.989255e+00	5.222532e-04	14508367.000000	0.000000e+00
1.956250e+01	1.989612e+00	5.227175e-04	14487804.000000	0.000000e+00
1.956450e+01	1.990049e+00	5.233897e-04	14456971.000000	0.000000e+00
1.956649e+01	1.990843e+00	5.240652e-04	14431236.000000	0.000000e+00
1.956849e+01	1.992343e+00	5.251513e-04	14393272.000000	0.000000e+00
1.957048e+01	1.994062e+00	5.260505e-04	14368863.000000	0.000000e+00
1.957248e+01	1.992765e+00	5.260155e-04	14352082.000000	0.000000e+00
1.957447e+01	1.994270e+00	5.271626e-04	14311288.000000	0.000000e+00
1.957647e+01	1.994577e+00	5.278921e-04	14276151.000000	0.000000e+00
1.957846e+01	1.995586e+00	5.283633e-04	14265124.000000	0.000000e+00
1.958046e+01	1.996750e+00	5.293321e-04	14229543.000000	0.000000e+00
1.958245e+01	1.997312e+00	5.300695e-04	14197960.000000	0.000000e+00
1.958444e+01	1.997876e+00	5.307413e-04	14170044.000000	0.000000e+00
1.958644e+01	1.999487e+00	5.315088e-04	14151943.000000	0.000000e+00
1.958843e+01	1.999173e+00	5.320978e-04	14116192.000000	0.000000e+00
1.959043e+01	1.999435e+00	5.329173e-04	14076507.000000	0.000000e+00
1.959242e+01	2.001074e+00	5.334835e-04	14069692.000000	0.000000e+00
1.959442e+01	2.001255e+00	5.342263e-04	14033124.000000	0.000000e+00
1.959641e+01	2.002542e+00	5.352363e-04	13998199.000000	0.000000e+00
1.959841e+01	2.001603e+00	5.354717e-04	13972774.000000	0.000000e+00
1.960040e+01	2.003496e+00	5.363555e-04	13953132.000000	0.000000e+00
1.960240e+01	2.003988e+00	5.370930e-04	13921663.000000	0.000000e+00
1.960439e+01	2.005031e+00	5.379769e-04	13890408.000000	0.000000e+00
1.960639e+01	2.006544e+00	5.389686e-04	13860223.000000	0.000000e+00
1.960838e+01	2.006712e+00	5.393086e-04	13845072.000000	0.000000e+00
1.961038e+01	2.007226e+00	5.402618e-04	13803328.000000	0.000000e+00
1.961237e+01	2.008192e+00	5.410275e-04	13777543.000000	0.000000e+00
1.961436e+01	2.008637e+00	5.415621e-04	13756452.000000	0.000000e+00
1.961636e+01	2.008557e+00	5.421282e-04	13726648.000000	0.000000e+00
1.961835e+01	2.010598e+00	5.431664e-04	13702023.000000	0.000000e+00
1.962035e+01	2.010744e+00	5.440195e-04	13661068.000000	0.000000e+00
1.962234e+01	2.012205e+00	5.446735e-04	13648098.000000	0.000000e+00
1.962434e+01	2.011820e+00	5.451840e-04	13617331.000000	0.000000e+00
1.962633e+01	2.013637e+00	5.463161e-04	13585468.000000	0.000000e+00
1.962833e+01	2.013958e+00	5.470478e-04	13553460.000000	0.000000e+00
1.963032e+01	2.015513e+00	5.477409e-04	13540063.000000	0.000000e+00
1.963232e+01	2.015439e+00	5.483345e-04	13509780.000000	0.000000e+00
1.963431e+01	2.016366e+00	5.493591e-04	13471819.000000	0.000000e+00
1.963631e+01	2.018038e+00	5.502344e-04	13451268.000000	0.000000e+00
1.963830e+01	2.017916e+00	5.507123e-04	13426312.000000	0.000000e+00
1.964030e+01	2.018208e+00	5.514473e-04	13394419.000000	0.000000e+00
1.964229e+01	2.019298e+00	5.523307e-04	13366032.000000	0.000000e+00
1.964428e+01	2.020473e+00	5.531724e-04	13340896.000000	0.000000e+00
1.964628e+01	2.021210e+00	5.538302e-04	13318935.000000	0.000000e+00
1.964827e+01	2.022128e+00	5.547796e-04	13285450.000000	0.000000e+00
1.965027e+01	2.022671e+00	5.556137e-04	13252708.000000	0.000000e+00
1.965226e+01	2.021978e+00	5.556425e-04	13242255.000000	0.000000e+00
1.965426e+01	2.023469e+00	5.568281e-04	13205380.000000	0.000000e+00
1.965625e+01	2.023694e+00	5.574736e-04	13177740.000000	0.000000e+00
1.965825e+01	2.025483e+00	5.586186e-04	13146991.000000	0.000000e+00
1.966024e+01	2.026607e+00	5.592752e-04	13130700.000000	0.000000e+00
1.966224e+01	2.026731e+00	5.599269e-04	13101760.000000	0.000000e+00
1.966423e+01	2.028524e+00	5.611804e-04	13066375.000000	0.000000e+00
1.966623e+01	2.027377e+00	5.613911e-04	13041816.000000	0.000000e+00
1.966822e+01	2.028333e+00	5.620470e-04	13023664.000000	0.000000e+00
1.967022e+01	2.029609e+00	5.631228e-04	12990279.000000	0.000000e+00
1.967221e+01	2.030518e+00	5.640495e-04	12959230.000000	0.000000e+00
1.967420e+01	2.031401e+00	5.647276e-04	12939372.000000	0.000000e+00
1.967620e+01	2.031278e+00	5.652313e-04	12914755.000000	0.000000e+00
1.967819e+01	2.033070e+00	5.663872e-04	12884800.000000	0.000000e+00
1.968019e+01	2.032902e+00	5.671484e-04	12848112.000000	0.000000e+00
1.968218e+01	2.034247e+00	5.677426e-04	12838207.000000	0.000000e+00
1.968418e+01	2.035325e+00	5.687292e-04	12807264.000000	0.000000e+00
1.968617e+01	2.036724e+00	5.698636e-04	12773872.000000	0.000000e+00
1.968817e+01	2.037725e+00	5.707778e-04	12745503.000000	0.000000e+00
1.969016e+01	2.037648e+00	5.710788e-04	12731104.000000	0.000000e+00
1.969216e+01	2.038248e+00	5.719217e-04	12701092.000000	0.000000e+00
1.969415e+01	2.038674e+00	5.728975e-04	12663147.000000	0.000000e+00
1.969614e+01	2.040132e+00	5.735947e-04	12650458.000000	0.000000e+00
1.969814e+01	2.041094e+00	5.744593e-04	12624312.000000	0.000000e+00
1.970014e+01	2.042570e+00	5.756239e-04	12591463.000000	0.000000e+00
1.970213e+01	2.042605e+00	5.762715e-04	12563608.000000	0.000000e+00
1.970412e+01	2.043282e+00	5.769900e-04	12540648.000000	0.000000e+00
1.970612e+01	2.044260e+00	5.778049e-04	12517279.000000	0.000000e+00
1.970811e+01	2.045056e+00	5.787275e-04	12487116.000000	0.000000e+00
1.971011e+01	2.045414e+00	5.796071e-04	12453604.000000	0.000000e+00
1.971210e+01	2.046771e+00	5.801947e-04	12444888.000000	0.000000e+00
1.971410e+01	2.048273e+00	5.814111e-04	12411067.000000	0.000000e+00
1.971609e+01	2.049917e+00	5.825340e-04	12383116.000000	0.000000e+00
1.971809e+01	2.049262e+00	5.830750e-04	12352248.000000	0.000000e+00
1.972008e+01	2.050012e+00	5.835971e-04	12339187.000000	0.000000e+00
1.972208e+01	2.051125e+00	5.847138e-04	12305454.000000	0.000000e+00
1.972407e+01	2.051282e+00	5.854966e-04	12274444.000000	0.000000e+00
1.972606e+01	2.053525e+00	5.865178e-04	12258507.000000	0.000000e+00
1.972806e+01	2.052272e+00	5.867977e-04	12231880.000000	0.000000e+00
1.973005e+01	2.052767e+00	5.876609e-04	12201844.000000	0.000000e+00
1.973205e+01	2.052864e+00	5.884277e-04	12171219.000000	0.000000e+00
1.973404e+01	2.055855e+00	5.896950e-04	12154300.000000	0.000000e+00
1.973604e+01	2.056264e+00	5.903797e-04	12130956.000000	0.000000e+00
1.973803e+01	2.057944e+00	5.917357e-04	12095152.000000	0.000000e+00
1.974003e+01	2.059226e+00	5.927700e-04	12068007.000000	0.000000e+00
1.974202e+01	2.059070e+00	5.930384e-04	12055264.000000	0.000000e+00
1.974402e+01	2.060000e+00	5.940915e-04	12023416.000000	0.000000e+00
1.974601e+01	2.060108e+00	5.948432e-04	11994309.000000	0.000000e+00
1.974801e+01	2.061602e+00	5.958526e-04	11971048.000000	0.000000e+00
1.975000e+01	2.061354e+00	5.962945e-04	11950428.000000	0.000000e+00
1.975200e+01	2.063021e+00	5.974501e-04	11923504.000000	0.000000e+00
1.975399e+01	2.063584e+00	5.985081e-04	11887879.000000	0.000000e+00
1.975598e+01	2.064808e+00	5.992758e-04	11871504.000000	0.000000e+00
1.975798e+01	2.065211e+00	6.000026e-04	11847388.000000	0.000000e+00
1.975997e+01	2.066799e+00	6.011366e-04	11820891.000000	0.000000e+00
1.976197e+01	2.067538e+00	6.021398e-04	11789956.000000	0.000000e+00
1.976396e+01	2.068792e+00	6.029749e-04	11771592.000000	0.000000e+00
1.976596e+01	2.069093e+00	6.036809e-04	11747488.000000	0.000000e+00
1.976795e+01	2.070217e+00	6.048552e-04	11714635.000000	0.000000e+00
1.976995e+01	2.070688e+00	6.056489e-04	11689266.000000	0.000000e+00
1.977194e+01	2.071251e+00	6.062603e-04	11672056.000000	0.000000e+00
1.977394e+01	2.072921e+00	6.074568e-04	11644875.000000	0.000000e+00
1.977593e+01	2.074361e+00	6.085949e-04	11617480.000000	0.000000e+00
1.977793e+01	2.074335e+00	6.093341e-04	11589024.000000	0.000000e+00
1.977992e+01	2.075322e+00	6.099876e-04	11575216.000000	0.000000e+00
1.978192e+01	2.074986e+00	6.107120e-04	11544031.000000	0.000000e+00
1.978391e+01	2.075890e+00	6.119796e-04	11506272.000000	0.000000e+00
1.978590e+01	2.077982e+00	6.128099e-04	11498260.000000	0.000000e+00
1.978790e+01	2.078857e+00	6.137880e-04	11471295.000000	0.000000e+00
1.978989e+01	2.079391e+00	6.146123e-04	11446420.000000	0.000000e+00
1.979189e+01	2.080624e+00	6.159714e-04	11409484.000000	0.000000e+00
1.979388e+01	2.081867e+00	6.165091e-04	11403210.000000	0.000000e+00
1.979588e+01	2.082120e+00	6.174728e-04	11370403.000000	0.000000e+00
1.979787e+01	2.083833e+00	6.188607e-04	11338092.000000	0.000000e+00
1.979987e+01	2.083554e+00	6.193234e-04	11318128.000000	0.000000e+00
1.980186e+01	2.084422e+00	6.200646e-04	11300496.000000	0.000000e+00
1.980386e+01	2.085102e+00	6.210509e-04	11271979.000000	0.000000e+00
1.980585e+01	2.085955e+00	6.221541e-04	11241232.000000	0.000000e+00
1.980784e+01	2.085770e+00	6.227102e-04	11219172.000000	0.000000e+00
1.980984e+01	2.087923e+00	6.236928e-04	11206948.000000	0.000000e+00
1.981184e+01	2.089768e+00	6.254067e-04	11165319.000000	0.000000e+00
1.981383e+01	2.088881e+00	6.256742e-04	11146300.000000	0.000000e+00
1.981582e+01	2.091089e+00	6.268785e-04	11127006.000000	0.000000e+00
1.981782e+01	2.091604e+00	6.278026e-04	11099743.000000	0.000000e+00
1.981981e+01	2.092528e+00	6.288057e-04	11074132.000000	0.000000e+00
1.982181e+01	2.093398e+00	6.300040e-04	11041224.000000	0.000000e+00
1.982380e+01	2.094916e+00	6.306366e-04	11035060.000000	0.000000e+00
1.982580e+01	2.095383e+00	6.316352e-04	11005107.000000	0.000000e+00
1.982779e+01	2.094913e+00	6.324619e-04	10971424.000000	0.000000e+00
1.982979e+01	2.096982e+00	6.336319e-04	10952556.000000	0.000000e+00
1.983178e+01	2.098042e+00	6.345205e-04	10932940.000000	0.000000e+00
1.983378e+01	2.098854e+00	6.355199e-04	10907023.000000	0.000000e+00
1.983577e+01	2.100325e+00	6.369121e-04	10874616.000000	0.000000e+00
1.983776e+01	2.100039e+00	6.373774e-04	10855792.000000	0.000000e+00
1.983976e+01	2.101422e+00	6.383310e-04	10837638.000000	0.000000e+00
1.984175e+01	2.102739e+00	6.395366e-04	10810351.000000	0.000000e+00
1.984375e+01	2.101851e+00	6.402931e-04	10775716.000000	0.000000e+00
1.984574e+01	2.105128e+00	6.415466e-04	10767144.000000	0.000000e+00
1.984774e+01	2.104251e+00	6.421030e-04	10739536.000000	0.000000e+00
1.984973e+01	2.105358e+00	6.432814e-04	10711491.000000	0.000000e+00
1.985173e+01	2.106384e+00	6.444915e-04	10681708.000000	0.000000e+00
1.985372e+01	2.107788e+00	6.452145e-04	10671996.000000	0.000000e+00
1.985572e+01	2.108762e+00	6.463420e-04	10644628.000000	0.000000e+00
1.985771e+01	2.109178e+00	6.474719e-04	10611691.000000	0.000000e+00
1.985971e+01	2.110177e+00	6.483178e-04	10594044.000000	0.000000e+00
1.986170e+01	2.110816e+00	6.491226e-04	10574194.000000	0.000000e+00
1.986370e+01	2.111674e+00	6.502848e-04	10545000.000000	0.000000e+00
1.986569e+01	2.113884e+00	6.517761e-04	10518784.000000	0.000000e+00
1.986768e+01	2.114858e+00	6.527168e-04	10498155.000000	0.000000e+00
1.986968e+01	2.116481e+00	6.536444e-04	10484452.000000	0.000000e+00
1.987167e+01	2.116734e+00	6.548591e-04	10448092.000000	0.000000e+00
1.987367e+01	2.116681e+00	6.556982e-04	10420848.000000	0.000000e+00
1.987566e+01	2.117870e+00	6.563346e-04	10412335.000000	0.000000e+00
1.987766e+01	2.119618e+00	6.578093e-04	10382820.000000	0.000000e+00
1.987965e+01	2.119343e+00	6.585746e-04	10356016.000000	0.000000e+00
1.988165e+01	2.120841e+00	6.599683e-04	10326900.000000	0.000000e+00
1.988364e+01	2.120964e+00	6.602631e-04	10318879.000000	0.000000e+00
1.988564e+01	2.123065e+00	6.617901e-04	10291678.000000	0.000000e+00
1.988763e+01	2.123778e+00	6.631736e-04	10255668.000000	0.000000e+00
1.988963e+01	2.124750e+00	6.638914e-04	10242868.000000	0.000000e+00
1.989162e+01	2.124940e+00	6.646131e-04	10222464.000000	0.000000e+00
1.989362e+01	2.127240e+00	6.661359e-04	10197823.000000	0.000000e+00
1.989561e+01	2.127409e+00	6.673251e-04	10163116.000000	0.000000e+00
1.989760e+01	2.128152e+00	6.679765e-04	10150392.000000	0.000000e+00
1.989960e+01	2.130290e+00	6.692605e-04	10131808.000000	0.000000e+00
1.990159e+01	2.129718e+00	6.702728e-04	10095807.000000	0.000000e+00
1.990359e+01	2.131246e+00	6.714919e-04	10073620.000000	0.000000e+00
1.990558e+01	2.131635e+00	6.718515e-04	10066512.000000	0.000000e+00
1.990758e+01	2.133168e+00	6.734161e-04	10034206.000000	0.000000e+00
1.990957e+01	2.134949e+00	6.749103e-04	10006516.000000	0.000000e+00
1.991157e+01	2.136186e+00	6.761215e-04	9982251.000000	0.000000e+00
1.991356e+01	2.135618e+00	6.763375e-04	9970576.000000	0.000000e+00
1.991556e+01	2.136697e+00	6.776943e-04	9940728.000000	0.000000e+00
1.991755e+01	2.139624e+00	6.795597e-04	9913336.000000	0.000000e+00
1.991955e+01	2.139464e+00	6.800630e-04	9897183.000000	0.000000e+00
1.992154e+01	2.138567e+00	6.804424e-04	9877864.000000	0.000000e+00
1.992354e+01	2.139823e+00	6.818173e-04	9849628.000000	0.000000e+00
1.992553e+01	2.142034e+00	6.835519e-04	9819960.000000	0.000000e+00
1.992752e+01	2.143356e+00	6.842999e-04	9810604.000000	0.000000e+00
1.992952e+01	2.145380e+00	6.858490e-04	9784791.000000	0.000000e+00
1.993151e+01	2.145095e+00	6.867901e-04	9755398.000000	0.000000e+00
1.993351e+01	2.146284e+00	6.880878e-04	9729408.000000	0.000000e+00
1.993550e+01	2.147694e+00	6.888130e-04	9721696.000000	0.000000e+00
1.993750e+01	2.147441e+00	6.896659e-04	9695380.000000	0.000000e+00
1.993949e+01	2.149338e+00	6.913689e-04	9664731.000000	0.000000e+00
1.994149e+01	2.150082e+00	6.923954e-04	9642772.000000	0.000000e+00
1.994348e+01	2.149487e+00	6.926441e-04	9630516.000000	0.000000e+00
1.994548e+01	2.151037e+00	6.941850e-04	9601636.000000	0.000000e+00
1.994747e+01	2.152491e+00	6.957146e-04	9572392.000000	0.000000e+00
1.994946e+01	2.153861e+00	6.966663e-04	9558411.000000	0.000000e+00
1.995146e+01	2.155071e+00	6.977416e-04	9539680.000000	0.000000e+00
1.995346e+01	2.155160e+00	6.987568e-04	9512766.000000	0.000000e+00
1.995545e+01	2.157963e+00	7.008127e-04	9481648.000000	0.000000e+00
1.995744e+01	2.157590e+00	7.011167e-04	9470160.000000	0.000000e+00
1.995944e+01	2.159407e+00	7.023602e-04	9452551.000000	0.000000e+00
1.996143e+01	2.159627e+00	7.037411e-04	9417412.000000	0.000000e+00
1.996343e+01	2.160499e+00	7.047515e-04	9398016.000000	0.000000e+00
1.996542e+01	2.161289e+00	7.055196e-04	9384424.000000	0.000000e+00
1.996742e+01	2.162427e+00	7.068287e-04	9359544.000000	0.000000e+00
1.996941e+01	2.163878e+00	7.084033e-04	9330487.000000	0.000000e+00
1.997141e+01	2.165162e+00	7.096948e-04	9307596.000000	0.000000e+00
1.997340e+01	2.167419e+00	7.107328e-04	9299788.000000	0.000000e+00
1.997540e+01	2.167453e+00	7.119852e-04	9267394.000000	0.000000e+00
1.997739e+01	2.169385e+00	7.136405e-04	9240900.000000	0.000000e+00
1.997938e+01	2.167717e+00	7.136010e-04	9227719.000000	0.000000e+00
1.998138e+01	2.168974e+00	7.149509e-04	9203568.000000	0.000000e+00
1.998337e+01	2.170843e+00	7.164258e-04	9181516.000000	0.000000e+00
1.998537e+01	2.172764e+00	7.181702e-04	9153148.000000	0.000000e+00
1.998736e+01	2.172433e+00	7.184122e-04	9144192.000000	0.000000e+00
1.998936e+01	2.174937e+00	7.203058e-04	9117163.000000	0.000000e+00
1.999135e+01	2.176222e+00	7.218074e-04	9090000.000000	0.000000e+00
1.999335e+01	2.176513e+00	7.227987e-04	9067504.000000	0.000000e+00
1.999534e+01	2.177558e+00	7.235750e-04	9056748.000000	0.000000e+00
1.999734e+01	2.177396e+00	7.246585e-04	9028342.000000	0.000000e+00
1.999933e+01	2.179843e+00	7.264775e-04	9003388.000000	0.000000e+00
2.000133e+01	2.180152e+00	7.272987e-04	8985615.000000	0.000000e+00
2.000332e+01	2.180466e+00	7.279836e-04	8971300.000000	0.000000e+00
2.000532e+01	2.181835e+00	7.296997e-04	8940372.000000	0.000000e+00
2.000731e+01	2.183395e+00	7.312923e-04	8914204.000000	0.000000e+00
2.000930e+01	2.184682e+00	7.321970e-04	8902680.000000	0.000000e+00
2.001130e+01	2.185649e+00	7.333465e-04	8882644.000000	0.000000e+00
2.001329e+01	2.186813e+00	7.349378e-04	8853643.000000	0.000000e+00
2.001529e+01	2.188983e+00	7.367693e-04	8827176.000000	0.000000e+00
2.001728e+01	2.188693e+00	7.368416e-04	8823100.000000	0.000000e+00
2.001928e+01	2.189661e+00	7.384030e-04	8793606.000000	0.000000e+00
2.002127e+01	2.191263e+00	7.400955e-04	8766244.000000	0.000000e+00
2.002327e+01	2.191666e+00	7.410258e-04	8747463.000000	0.000000e+00
2.002526e+01	2.193348e+00	7.422026e-04	8733136.000000	0.000000e+00
2.002726e+01	2.194107e+00	7.434381e-04	8710156.000000	0.000000e+00
2.002925e+01	2.195068e+00	7.449929e-04	8681436.000000	0.000000e+00
2.003125e+01	2.196652e+00	7.462974e-04	8663608.000000	0.000000e+00
2.003324e+01	2.196960e+00	7.469130e-04	8651760.000000	0.000000e+00
2.003524e+01	2.197977e+00	7.486399e-04	8619859.000000	0.000000e+00
2.003723e+01	2.199947e+00	7.503062e-04	8597008.000000	0.000000e+00
2.003922e+01	2.200480e+00	7.509552e-04	8586312.000000	0.000000e+00
2.004122e+01	2.202005e+00	7.526089e-04	8560474.000000	0.000000e+00
2.004321e+01	2.202926e+00	7.539479e-04	8537232.000000	0.000000e+00
2.004521e+01	2.203352e+00	7.553447e-04	8508976.000000	0.000000e+00
2.004720e+01	2.204977e+00	7.559664e-04	8507523.000000	0.000000e+00
2.004920e+01	2.206890e+00	7.580660e-04	8475148.000000	0.000000e+00
2.005119e+01	2.206390e+00	7.589773e-04	8450980.000000	0.000000e+00
2.005319e+01	2.207277e+00	7.600448e-04	8434032.000000	0.000000e+00
2.005518e+01	2.208957e+00	7.613852e-04	8417164.000000	0.000000e+00
2.005718e+01	2.209966e+00	7.627171e-04	8395452.000000	0.000000e+00
2.005917e+01	2.209913e+00	7.640408e-04	8365984.000000	0.000000e+00
2.006116e+01	2.211001e+00	7.651380e-04	8350227.000000	0.000000e+00
2.006316e+01	2.214199e+00	7.668381e-04	8337310.000000	0.000000e+00
2.006516e+01	2.214241e+00	7.683102e-04	8305708.000000	0.000000e+00
2.006715e+01	2.215525e+00	7.697397e-04	8284488.000000	0.000000e+00
2.006914e+01	2.215902e+00	7.702699e-04	8275900.000000	0.000000e+00
2.007114e+01	2.217871e+00	7.721601e-04	8250072.000000	0.000000e+00
2.007313e+01	2.218909e+00	7.737641e-04	8223595.000000	0.000000e+00
2.007513e+01	2.220090e+00	7.753806e-04	8198064.000000	0.000000e+00
2.007712e+01	2.220916e+00	7.757105e-04	8197192.000000	0.000000e+00
2.007912e+01	2.223453e+00	7.780831e-04	8165896.000000	0.000000e+00
2.008111e+01	2.223616e+00	7.791986e-04	8143728.000000	0.000000e+00
2.008311e+01	2.225472e+00	7.807730e-04	8124466.000000	0.000000e+00
2.008510e+01	2.225960e+00	7.816578e-04	8109636.000000	0.000000e+00
2.008710e+01	2.227214e+00	7.833453e-04	8083831.000000	0.000000e+00
2.008909e+01	2.227226e+00	7.846595e-04	8056864.000000	0.000000e+00
2.009108e+01	2.228946e+00	7.856659e-04	8048652.000000	0.000000e+00
2.009308e+01	2.230941e+00	7.874215e-04	8027152.000000	0.000000e+00
2.009508e+01	2.231797e+00	7.890013e-04	8001180.000000	0.000000e+00
2.009707e+01	2.232870e+00	7.906204e-04	7976104.000000	0.000000e+00
2.009906e+01	2.233057e+00	7.909191e-04	7971420.000000	0.000000e+00
2.010106e+01	2.234414e+00	7.926954e-04	7945375.000000	0.000000e+00
2.010305e+01	2.235363e+00	7.943887e-04	7918264.000000	0.000000e+00
2.010505e+01	2.237727e+00	7.962079e-04	7898802.000000	0.000000e+00
2.010704e+01	2.237860e+00	7.968221e-04	7887568.000000	0.000000e+00
2.010904e+01	2.238613e+00	7.981652e-04	7866336.000000	0.000000e+00
2.011103e+01	2.239611e+00	8.000043e-04	7837192.000000	0.000000e+00
2.011303e+01	2.241139e+00	8.013620e-04	7821324.000000	0.000000e+00
2.011502e+01	2.242804e+00	8.026763e-04	7807315.000000	0.000000e+00
2.011702e+01	2.242878e+00	8.039743e-04	7782640.000000	0.000000e+00
2.011901e+01	2.245811e+00	8.062930e-04	7758192.000000	0.000000e+00
2.012100e+01	2.247230e+00	8.073927e-04	7746856.000000	0.000000e+00
2.012300e+01	2.247392e+00	8.084869e-04	7727016.000000	0.000000e+00
2.012499e+01	2.247265e+00	8.099286e-04	7698658.000000	0.000000e+00
2.012699e+01	2.250738e+00	8.123383e-04	7676724.000000	0.000000e+00
2.012898e+01	2.249152e+00	8.119491e-04	7673260.000000	0.000000e+00
2.013098e+01	2.251359e+00	8.141914e-04	7646035.000000	0.000000e+00
2.013297e+01	2.252701e+00	8.159826e-04	7621584.000000	0.000000e+00
2.013497e+01	2.256363e+00	8.184648e-04	7600072.000000	0.000000e+00
2.013696e+01	2.255173e+00	8.183676e-04	7593864.000000	0.000000e+00
2.013896e+01	2.256338e+00	8.203419e-04	7565164.000000	0.000000e+00
2.014095e+01	2.256298e+00	8.217710e-04	7538608.000000	0.000000e+00
2.014295e+01	2.259629e+00	8.234552e-04	7529988.000000	0.000000e+00
2.014494e+01	2.258653e+00	8.240778e-04	7512124.000000	0.000000e+00
2.014694e+01	2.261319e+00	8.264084e-04	7487457.000000	0.000000e+00
2.014893e+01	2.261236e+00	8.278075e-04	7461616.000000	0.000000e+00
2.015092e+01	2.264299e+00	8.294230e-04	7452732.000000	0.000000e+00
2.015292e+01	2.264237e+00	8.305327e-04	7432420.000000	0.000000e+00
2.015491e+01	2.265949e+00	8.324987e-04	7408552.000000	0.000000e+00
2.015691e+01	2.268497e+00	8.348975e-04	7382616.000000	0.000000e+00
2.015890e+01	2.267548e+00	8.347861e-04	7378408.000000	0.000000e+00
2.016090e+01	2.270455e+00	8.371904e-04	7354908.000000	0.000000e+00
2.016289e+01	2.271031e+00	8.387808e-04	7330759.000000	0.000000e+00
2.016489e+01	2.272103e+00	8.403482e-04	7310340.000000	0.000000e+00
2.016688e+01	2.273233e+00	8.414074e-04	7299202.000000	0.000000e+00
2.016888e+01	2.274998e+00	8.434578e-04	7275040.000000	0.000000e+00
2.017087e+01	2.274249e+00	8.445894e-04	7250784.000000	0.000000e+00
2.017286e+01	2.275885e+00	8.459376e-04	7238092.000000	0.000000e+00
2.017486e+01	2.277355e+00	8.473076e-04	7224024.000000	0.000000e+00
2.017686e+01	2.278102e+00	8.491355e-04	7197676.000000	0.000000e+00
2.017885e+01	2.281583e+00	8.520677e-04	7170088.000000	0.000000e+00
2.018084e+01	2.281472e+00	8.520547e-04	7169607.000000	0.000000e+00
2.018284e+01	2.284574e+00	8.547703e-04	7143508.000000	0.000000e+00
2.018483e+01	2.285027e+00	8.563286e-04	7120356.000000	0.000000e+00
2.018683e+01	2.285218e+00	8.576388e-04	7099804.000000	0.000000e+00
2.018882e+01	2.287250e+00	8.589538e-04	7090674.000000	0.000000e+00
2.019082e+01	2.287602e+00	8.604985e-04	7067416.000000	0.000000e+00
2.019281e+01	2.289863e+00	8.629534e-04	7041160.000000	0.000000e+00
2.019481e+01	2.290712e+00	8.640184e-04	7029024.000000	0.000000e+00
2.019680e+01	2.293451e+00	8.658128e-04	7016668.000000	0.000000e+00
2.019880e+01	2.292420e+00	8.671041e-04	6989499.000000	0.000000e+00
2.020079e+01	2.293983e+00	8.691048e-04	6966844.000000	0.000000e+00
2.020278e+01	2.295344e+00	8.702811e-04	6956268.000000	0.000000e+00
2.020478e+01	2.298321e+00	8.724301e-04	6940012.000000	0.000000e+00
2.020678e+01	2.298448e+00	8.742212e-04	6912364.000000	0.000000e+00
2.020877e+01	2.299265e+00	8.758793e-04	6891114.000000	0.000000e+00
2.021076e+01	2.299984e+00	8.763418e-04	6888148.000000	0.000000e+00
2.021276e+01	2.302112e+00	8.788534e-04	6861516.000000	0.000000e+00
2.021475e+01	2.303016e+00	8.805871e-04	6839896.000000	0.000000e+00
2.021675e+01	2.302023e+00	8.815758e-04	6818676.000000	0.000000e+00
2.021874e+01	2.306468e+00	8.837457e-04	6811459.000000	0.000000e+00
2.022074e+01	2.304908e+00	8.848090e-04	6785908.000000	0.000000e+00
2.022273e+01	2.308165e+00	8.873622e-04	6765996.000000	0.000000e+00
2.022473e+01	2.308334e+00	8.885396e-04	6749068.000000	0.000000e+00
2.022672e+01	2.309399e+00	8.895613e-04	6739788.000000	0.000000e+00
2.022872e+01	2.312742e+00	8.927818e-04	6710638.000000	0.000000e+00
2.023071e+01	2.311695e+00	8.938314e-04	6688828.000000	0.000000e+00
2.023270e+01	2.314821e+00	8.956355e-04	6679932.000000	0.000000e+00
2.023470e+01	2.314264e+00	8.966248e-04	6661996.000000	0.000000e+00
2.023670e+01	2.316920e+00	8.992785e-04	6637944.000000	0.000000e+00
2.023869e+01	2.317172e+00	9.010537e-04	6613252.000000	0.000000e+00
2.024068e+01	2.317643e+00	9.011953e-04	6613863.000000	0.000000e+00
2.024268e+01	2.320382e+00	9.040022e-04	6588400.000000	0.000000e+00
2.024467e+01	2.322516e+00	9.066511e-04	6562012.000000	0.000000e+00
2.024667e+01	2.321766e+00	9.074222e-04	6546636.000000	0.000000e+00
2.024866e+01	2.325386e+00	9.093492e-04	6539260.000000	0.000000e+00
2.025066e+01	2.325425e+00	9.111613e-04	6513498.000000	0.000000e+00
2.025265e+01	2.326263e+00	9.132520e-04	6488380.000000	0.000000e+00
2.025465e+01	2.327780e+00	9.144257e-04	6480180.000000	0.000000e+00
2.025664e+01	2.328222e+00	9.157385e-04	6464068.000000	0.000000e+00
2.025864e+01	2.330496e+00	9.183804e-04	6439492.000000	0.000000e+00
2.026063e+01	2.332050e+00	9.205194e-04	6418152.000000	0.000000e+00
2.026262e+01	2.332462e+00	9.211631e-04	6411448.000000	0.000000e+00
2.026462e+01	2.332016e+00	9.224168e-04	6391587.000000	0.000000e+00
2.026662e+01	2.335042e+00	9.253945e-04	6367012.000000	0.000000e+00
2.026861e+01	2.337556e+00	9.279235e-04	6345996.000000	0.000000e+00
2.027060e+01	2.337191e+00	9.281051e-04	6341530.000000	0.000000e+00
2.027260e+01	2.339976e+00	9.308670e-04	6318988.000000	0.000000e+00
2.027459e+01	2.340246e+00	9.326489e-04	6296316.000000	0.000000e+00
2.027659e+01	2.341981e+00	9.345522e-04	6280000.000000	0.000000e+00
2.027858e+01	2.343300e+00	9.358389e-04	6269796.000000	0.000000e+00
2.028058e+01	2.343246e+00	9.374136e-04	6248464.000000	0.000000e+00
2.028257e+01	2.345481e+00	9.404105e-04	6220552.000000	0.000000e+00
2.028456e+01	2.346873e+00	9.415875e-04	6212376.000000	0.000000e+00
2.028656e+01	2.347847e+00	9.430406e-04	6198388.000000	0.000000e+00
2.028856e+01	2.349706e+00	9.454513e-04	6176592.000000	0.000000e+00
2.029055e+01	2.351085e+00	9.479905e-04	6150757.000000	0.000000e+00
2.029254e+01	2.351882e+00	9.484693e-04	6148716.000000	0.000000e+00
2.029454e+01	2.354085e+00	9.510128e-04	6127336.000000	0.000000e+00
2.029653e+01	2.356026e+00	9.536412e-04	6103660.000000	0.000000e+00
2.029853e+01	2.357561e+00	9.558482e-04	6083424.000000	0.000000e+00
2.030052e+01	2.356824e+00	9.560434e-04	6077140.000000	0.000000e+00
2.030252e+01	2.359842e+00	9.589175e-04	6056244.000000	0.000000e+00
2.030451e+01	2.361119e+00	9.612844e-04	6032980.000000	0.000000e+00
2.030651e+01	2.361128e+00	9.623313e-04	6019908.000000	0.000000e+00
2.030850e+01	2.363104e+00	9.639939e-04	6009208.000000	0.000000e+00
2.031050e+01	2.365520e+00	9.669900e-04	5984242.000000	0.000000e+00
2.031249e+01	2.366523e+00	9.691964e-04	5962080.000000	0.000000e+00
2.031448e+01	2.369553e+00	9.710961e-04	5953996.000000	0.000000e+00
2.031648e+01	2.369881e+00	9.724269e-04	5939352.000000	0.000000e+00
2.031848e+01	2.370489e+00	9.746907e-04	5914828.000000	0.000000e+00
2.032047e+01	2.372192e+00	9.773420e-04	5891239.000000	0.000000e+00
2.032246e+01	2.371157e+00	9.767966e-04	5892672.000000	0.000000e+00
2.032446e+01	2.373933e+00	9.800116e-04	5867788.000000	0.000000e+00
2.032645e+01	2.377241e+00	9.832091e-04	5845944.000000	0.000000e+00
2.032845e+01	2.376903e+00	9.844744e-04	5829268.000000	0.000000e+00
2.033044e+01	2.379867e+00	9.864068e-04	5820942.000000	0.000000e+00
2.033244e+01	2.379593e+00	9.882040e-04	5798452.000000	0.000000e+00
2.033443e+01	2.381102e+00	9.907435e-04	5776084.000000	0.000000e+00
2.033643e+01	2.382909e+00	9.924579e-04	5764884.000000	0.000000e+00
2.033842e+01	2.383852e+00	9.937995e-04	5753884.000000	0.000000e+00
2.034042e+01	2.385220e+00	9.964452e-04	5729940.000000	0.000000e+00
2.034241e+01	2.388239e+00	9.997494e-04	5706544.000000	0.000000e+00
2.034440e+01	2.389696e+00	1.000675e-03	5702940.000000	0.000000e+00
2.034640e+01	2.389531e+00	1.002294e-03	5683756.000000	0.000000e+00
2.034840e+01	2.391894e+00	1.005206e-03	5662048.000000	0.000000e+00
2.035039e+01	2.392803e+00	1.007656e-03	5638830.000000	0.000000e+00
2.035238e+01	2.393367e+00	1.007986e-03	5637796.000000	0.000000e+00
2.035438e+01	2.395305e+00	1.010459e-03	5619324.000000	0.000000e+00
2.035637e+01	2.397556e+00	1.013710e-03	5593843.000000	0.000000e+00
2.035837e+01	2.398052e+00	1.015328e-03	5578332.000000	0.000000e+00
2.036036e+01	2.398949e+00	1.016478e-03	5569888.000000	0.000000e+00
2.036236e+01	2.401778e+00	1.019769e-03	5547052.000000	0.000000e+00
2.036435e+01	2.401503e+00	1.021558e-03	5526372.000000	0.000000e+00
2.036635e+01	2.404238e+00	1.023696e-03	5515852.000000	0.000000e+00
2.036834e+01	2.406404e+00	1.025619e-03	5505096.000000	0.000000e+00
2.037034e+01	2.407543e+00	1.028381e-03	5480746.000000	0.000000e+00
2.037233e+01	2.407757e+00	1.030453e-03	5459704.000000	0.000000e+00
2.037432e+01	2.407903e+00	1.030958e-03	5455020.000000	0.000000e+00
2.037632e+01	2.411135e+00	1.034099e-03	5436496.000000	0.000000e+00
2.037832e+01	2.412642e+00	1.036828e-03	5414676.000000	0.000000e+00
2.038031e+01	2.413647e+00	1.039314e-03	5393296.000000	0.000000e+00
2.038230e+01	2.414135e+00	1.039674e-03	5391732.000000	0.000000e+00
2.038430e+01	2.416824e+00	1.042847e-03	5370928.000000	0.000000e+00
2.038629e+01	2.420055e+00	1.046380e-03	5348992.000000	0.000000e+00
2.038829e+01	2.419707e+00	1.047556e-03	5335452.000000	0.000000e+00
2.039028e+01	2.420442e+00	1.048958e-03	5324434.000000	0.000000e+00
2.039228e+01	2.422585e+00	1.052062e-03	5302440.000000	0.000000e+00
2.039427e+01	2.425188e+00	1.055275e-03	5281528.000000	0.000000e+00
2.039627e+01	2.426123e+00	1.056127e-03	5277072.000000	0.000000e+00
2.039826e+01	2.425110e+00	1.057508e-03	5258908.000000	0.000000e+00
2.040026e+01	2.427680e+00	1.060757e-03	5237824.000000	0.000000e+00
2.040225e+01	2.429883e+00	1.064010e-03	5215299.000000	0.000000e+00
2.040424e+01	2.431285e+00	1.064683e-03	5214724.000000	0.000000e+00
2.040624e+01	2.432571e+00	1.067200e-03	5195640.000000	0.000000e+00
2.040823e+01	2.433594e+00	1.070033e-03	5172514.000000	0.000000e+00
2.041023e+01	2.436485e+00	1.073053e-03	5155668.000000	0.000000e+00
2.041222e+01	2.437008e+00	1.073778e-03	5150920.000000	0.000000e+00
2.041422e+01	2.438483e+00	1.076571e-03	5130436.000000	0.000000e+00
2.041621e+01	2.439032e+00	1.079260e-03	5107200.000000	0.000000e+00
2.041821e+01	2.442352e+00	1.081916e-03	5095996.000000	0.000000e+00
2.042020e+01	2.443507e+00	1.083271e-03	5088072.000000	0.000000e+00
2.042220e+01	2.446324e+00	1.086997e-03	5064904.000000	0.000000e+00
2.042419e+01	2.445986e+00	1.089059e-03	5044348.000000	0.000000e+00
2.042619e+01	2.449350e+00	1.091210e-03	5038308.000000	0.000000e+00
2.042818e+01	2.449464e+00	1.093153e-03	5020882.000000	0.000000e+00
2.043018e+01	2.450938e+00	1.096004e-03	5000808.000000	0.000000e+00
2.043217e+01	2.452986e+00	1.099265e-03	4979500.000000	0.000000e+00
2.043416e+01	2.452410e+00	1.098672e-03	4982532.000000	0.000000e+00
2.043616e+01	2.456175e+00	1.103006e-03	4958644.000000	0.000000e+00
2.043815e+01	2.457485e+00	1.106018e-03	4936936.000000	0.000000e+00
2.044015e+01	2.459323e+00	1.108374e-03	4923324.000000	0.000000e+00
2.044214e+01	2.458044e+00	1.108789e-03	4914520.000000	0.000000e+00
2.044414e+01	2.463847e+00	1.113432e-03	4896660.000000	0.000000e+00
2.044613e+01	2.462666e+00	1.115477e-03	4874044.000000	0.000000e+00
2.044813e+01	2.464034e+00	1.117147e-03	4864890.000000	0.000000e+00
2.045012e+01	2.467151e+00	1.119764e-03	4854436.000000	0.000000e+00
2.045212e+01	2.467944e+00	1.122636e-03	4832728.000000	0.000000e+00
2.045411e+01	2.469444e+00	1.125827e-03	4811220.000000	0.000000e+00
2.045610e+01	2.468227e+00	1.125645e-03	4808032.000000	0.000000e+00
2.045810e+01	2.473069e+00	1.129825e-03	4791264.000000	0.000000e+00
2.046010e+01	2.473255e+00	1.132493e-03	4769428.000000	0.000000e+00
2.046209e+01	2.474342e+00	1.135163e-03	4751196.000000	0.000000e+00
2.046408e+01	2.475887e+00	1.135981e-03	4750288.000000	0.000000e+00
2.046608e+01	2.477860e+00	1.139431e-03	4729090.000000	0.000000e+00
2.046807e+01	2.479221e+00	1.142691e-03	4707312.000000	0.000000e+00
2.047007e+01	2.479189e+00	1.144206e-03	4694728.000000	0.000000e+00
2.047206e+01	2.483666e+00	1.146965e-03	4689060.000000	0.000000e+00
2.047406e+01	2.481582e+00	1.148760e-03	4666576.000000	0.000000e+00
2.047605e+01	2.487092e+00	1.153790e-03	4646548.000000	0.000000e+00
2.047805e+01	2.485595e+00	1.154063e-03	4638756.000000	0.000000e+00
2.048004e+01	2.488775e+00	1.157128e-03	4626028.000000	0.000000e+00
2.048204e+01	2.490165e+00	1.160203e-03	4606680.000000	0.000000e+00
2.048403e+01	2.491522e+00	1.163735e-03	4583752.000000	0.000000e+00
2.048602e+01	2.493931e+00	1.164680e-03	4585170.000000	0.000000e+00
2.048802e+01	2.493569e+00	1.167084e-03	4564972.000000	0.000000e+00
2.049002e+01	2.497820e+00	1.171701e-03	4544524.000000	0.000000e+00
2.049201e+01	2.500631e+00	1.175112e-03	4528359.000000	0.000000e+00
2.049400e+01	2.501104e+00	1.175775e-03	4524964.000000	0.000000e+00
2.049600e+01	2.501344e+00	1.178538e-03	4504632.000000	0.000000e+00
2.049799e+01	2.502182e+00	1.181635e-03	4484056.000000	0.000000e+00
2.049999e+01	2.503510e+00	1.183664e-03	4473444.000000	0.000000e+00
2.050198e+01	2.506257e+00	1.185748e-03	4467520.000000	0.000000e+00
2.050398e+01	2.506691e+00	1.189077e-03	4444078.000000	0.000000e+00
2.050597e+01	2.510790e+00	1.193699e-03	4424160.000000	0.000000e+00
2.050797e+01	2.511230e+00	1.194652e-03	4418656.000000	0.000000e+00
2.050996e+01	2.513081e+00	1.197226e-03	4406160.000000	0.000000e+00
2.051196e+01	2.514425e+00	1.200858e-03	4384240.000000	0.000000e+00
2.051395e+01	2.515198e+00	1.203881e-03	4364932.000000	0.000000e+00
2.051594e+01	2.518270e+00	1.205123e-03	4366584.000000	0.000000e+00
2.051794e+01	2.521152e+00	1.209400e-03	4345684.000000	0.000000e+00
2.051994e+01	2.522357e+00	1.212878e-03	4324932.000000	0.000000e+00
2.052193e+01	2.520028e+00	1.213794e-03	4310428.000000	0.000000e+00
2.052392e+01	2.524373e+00	1.216327e-03	4307310.000000	0.000000e+00
2.052592e+01	2.526098e+00	1.220072e-03	4286764.000000	0.000000e+00
2.052791e+01	2.527420e+00	1.223617e-03	4266424.000000	0.000000e+00
2.052991e+01	2.529496e+00	1.225814e-03	4258128.000000	0.000000e+00
2.053190e+01	2.531295e+00	1.228187e-03	4247728.000000	0.000000e+00
2.053390e+01	2.532057e+00	1.231525e-03	4227276.000000	0.000000e+00
2.053589e+01	2.535019e+00	1.235750e-03	4208248.000000	0.000000e+00
2.053788e+01	2.535499e+00	1.236360e-03	4205688.000000	0.000000e+00
2.053988e+01	2.535704e+00	1.238656e-03	4190788.000000	0.000000e+00
2.054188e+01	2.537364e+00	1.242599e-03	4169686.000000	0.000000e+00
2.054387e+01	2.541163e+00	1.247308e-03	4150668.000000	0.000000e+00
2.054586e+01	2.539953e+00	1.246623e-03	4151272.000000	0.000000e+00
2.054786e+01	2.540722e+00	1.249661e-03	4133616.000000	0.000000e+00
2.054986e+01	2.545463e+00	1.255271e-03	4112053.000000	0.000000e+00
2.055185e+01	2.547577e+00	1.258548e-03	4097460.000000	0.000000e+00
2.055384e+01	2.547236e+00	1.258728e-03	4095196.000000	0.000000e+00
2.055584e+01	2.552451e+00	1.264404e-03	4075144.000000	0.000000e+00
2.055783e+01	2.552631e+00	1.267517e-03	4055724.000000	0.000000e+00
2.055983e+01	2.553716e+00	1.269423e-03	4046992.000000	0.000000e+00
2.056182e+01	2.554512e+00	1.271456e-03	4036578.000000	0.000000e+00
2.056382e+01	2.559545e+00	1.277271e-03	4015684.000000	0.000000e+00
2.056581e+01	2.560620e+00	1.280335e-03	3999844.000000	0.000000e+00
2.056780e+01	2.560361e+00	1.280542e-03	3997740.000000	0.000000e+00
2.056980e+01	2.562695e+00	1.284430e-03	3980824.000000	0.000000e+00
2.057180e+01	2.563661e+00	1.288349e-03	3959628.000000	0.000000e+00
2.057379e+01	2.567180e+00	1.292770e-03	3943396.000000	0.000000e+00
2.057578e+01	2.567997e+00	1.293111e-03	3943824.000000	0.000000e+00
2.057778e+01	2.568685e+00	1.296795e-03	3923548.000000	0.000000e+00
2.057977e+01	2.571817e+00	1.301406e-03	3905302.000000	0.000000e+00
2.058177e+01	2.573282e+00	1.304194e-03	3893052.000000	0.000000e+00
2.058376e+01	2.573771e+00	1.305085e-03	3889216.000000	0.000000e+00
2.058576e+01	2.576398e+00	1.309943e-03	3868308.000000	0.000000e+00
2.058775e+01	2.577891e+00	1.314190e-03	3847804.000000	0.000000e+00
2.058975e+01	2.576850e+00	1.314564e-03	3842508.000000	0.000000e+00
2.059174e+01	2.580922e+00	1.318371e-03	3832432.000000	0.000000e+00
2.059374e+01	2.583225e+00	1.322905e-03	3813004.000000	0.000000e+00
2.059573e+01	2.586172e+00	1.327808e-03	3793536.000000	0.000000e+00
2.059772e+01	2.588653e+00	1.328925e-03	3794434.000000	0.000000e+00
2.059972e+01	2.587176e+00	1.331247e-03	3776892.000000	0.000000e+00
2.060172e+01	2.587660e+00	1.335040e-03	3756868.000000	0.000000e+00
2.060371e+01	2.588924e+00	1.338404e-03	3741660.000000	0.000000e+00
2.060570e+01	2.595958e+00	1.342119e-03	3741220.000000	0.000000e+00
2.060770e+01	2.596326e+00	1.345687e-03	3722464.000000	0.000000e+00
2.060969e+01	2.595315e+00	1.348806e-03	3702384.000000	0.000000e+00
2.061169e+01	2.597187e+00	1.351608e-03	3692368.000000	0.000000e+00
2.061368e+01	2.601987e+00	1.354931e-03	3687876.000000	0.000000e+00
2.061568e+01	2.600414e+00	1.357927e-03	3667180.000000	0.000000e+00
2.061767e+01	2.603747e+00	1.363278e-03	3647782.000000	0.000000e+00
2.061966e+01	2.605538e+00	1.364745e-03	3644952.000000	0.000000e+00
2.062166e+01	2.607112e+00	1.367720e-03	3633496.000000	0.000000e+00
2.062366e+01	2.610125e+00	1.372977e-03	3614064.000000	0.000000e+00
2.062565e+01	2.611845e+00	1.377801e-03	3593536.000000	0.000000e+00
2.062764e+01	2.614655e+00	1.378547e-03	3597372.000000	0.000000e+00
2.062964e+01	2.615811e+00	1.382886e-03	3577996.000000	0.000000e+00
2.063164e+01	2.615211e+00	1.385856e-03	3561040.000000	0.000000e+00
2.063363e+01	2.617286e+00	1.389824e-03	3546360.000000	0.000000e+00
2.063562e+01	2.621974e+00	1.392660e-03	3544594.000000	0.000000e+00
2.063762e+01	2.620231e+00	1.395742e-03	3524268.000000	0.000000e+00
2.063961e+01	2.626724e+00	1.402626e-03	3507076.000000	0.000000e+00
2.064161e+01	2.626734e+00	1.404009e-03	3500196.000000	0.000000e+00
2.064360e+01	2.627240e+00	1.406151e-03	3490885.000000	0.000000e+00
2.064560e+01	2.631599e+00	1.412419e-03	3471460.000000	0.000000e+00
2.064759e+01	2.630149e+00	1.415095e-03	3454536.000000	0.000000e+00
2.064958e+01	2.632088e+00	1.416686e-03	3451864.000000	0.000000e+00
2.065158e+01	2.632663e+00	1.419498e-03	3439704.000000	0.000000e+00
2.065358e+01	2.634380e+00	1.424687e-03	3419146.000000	0.000000e+00
2.065557e+01	2.637124e+00	1.429645e-03	3402552.000000	0.000000e+00
2.065756e+01	2.640659e+00	1.431222e-03	3404164.000000	0.000000e+00
2.065956e+01	2.640684e+00	1.434806e-03	3387244.000000	0.000000e+00
2.066156e+01	2.643054e+00	1.440049e-03	3368664.000000	0.000000e+00
2.066355e+01	2.642988e+00	1.443262e-03	3353512.000000	0.000000e+00
2.066554e+01	2.644361e+00	1.443762e-03	3354672.000000	0.000000e+00
2.066754e+01	2.650962e+00	1.451705e-03	3334648.000000	0.000000e+00
2.066953e+01	2.649775e+00	1.454964e-03	3316756.000000	0.000000e+00
2.067153e+01	2.650313e+00	1.456912e-03	3309234.000000	0.000000e+00
2.067352e+01	2.657125e+00	1.462154e-03	3302464.000000	0.000000e+00
2.067552e+01	2.655036e+00	1.465351e-03	3282900.000000	0.000000e+00
2.067751e+01	2.658678e+00	1.471681e-03	3263656.000000	0.000000e+00
2.067950e+01	2.659227e+00	1.471082e-03	3267660.000000	0.000000e+00
2.068150e+01	2.663617e+00	1.477629e-03	3249472.000000	0.000000e+00
2.068350e+01	2.664757e+00	1.482106e-03	3232636.000000	0.000000e+00
2.068549e+01	2.666431e+00	1.486909e-03	3215820.000000	0.000000e+00
2.068748e+01	2.666615e+00	1.486215e-03	3219268.000000	0.000000e+00
2.068948e+01	2.668053e+00	1.491577e-03	3199614.000000	0.000000e+00
2.069148e+01	2.669955e+00	1.497070e-03	3180709.000000	0.000000e+00
2.069347e+01	2.673163e+00	1.500948e-03	3171900.000000	0.000000e+00
2.069546e+01	2.673997e+00	1.502590e-03	3166948.000000	0.000000e+00
2.069746e+01	2.678548e+00	1.509078e-03	3150472.000000	0.000000e+00
2.069945e+01	2.679904e+00	1.514482e-03	3131196.000000	0.000000e+00
2.070145e+01	2.680094e+00	1.515497e-03	3127444.000000	0.000000e+00
2.070344e+01	2.683579e+00	1.519868e-03	3117576.000000	0.000000e+00
2.070544e+01	2.685915e+00	1.525553e-03	3099772.000000	0.000000e+00
2.070743e+01	2.684308e+00	1.529159e-03	3081478.000000	0.000000e+00
2.070942e+01	2.686720e+00	1.530184e-03	3082884.000000	0.000000e+00
2.071142e+01	2.691149e+00	1.536220e-03	3068800.000000	0.000000e+00
2.071342e+01	2.691032e+00	1.541052e-03	3049320.000000	0.000000e+00
2.071541e+01	2.695109e+00	1.546420e-03	3037372.000000	0.000000e+00
2.071740e+01	2.695847e+00	1.547110e-03	3036324.000000	0.000000e+00
2.071940e+01	2.698664e+00	1.553405e-03	3018064.000000	0.000000e+00
2.072139e+01	2.699891e+00	1.558470e-03	3001204.000000	0.000000e+00
2.072339e+01	2.704446e+00	1.563400e-03	2992380.000000	0.000000e+00
2.072538e+01	2.705380e+00	1.564858e-03	2988868.000000	0.000000e+00
2.072738e+01	2.707448e+00	1.571327e-03	2968842.000000	0.000000e+00
2.072937e+01	2.707090e+00	1.575947e-03	2950681.000000	0.000000e+00
2.073136e+01	2.708102e+00	1.576039e-03	2952540.000000	0.000000e+00
2.073336e+01	2.711737e+00	1.581690e-03	2939356.000000	0.000000e+00
2.073536e+01	2.712875e+00	1.587463e-03	2920468.000000	0.000000e+00
2.073735e+01	2.715076e+00	1.593694e-03	2902380.000000	0.000000e+00
2.073934e+01	2.715221e+00	1.591798e-03	2909608.000000	0.000000e+00
2.074134e+01	2.718112e+00	1.598403e-03	2891760.000000	0.000000e+00
2.074334e+01	2.721842e+00	1.606217e-03	2871556.000000	0.000000e+00
2.074533e+01	2.722476e+00	1.608996e-03	2862978.000000	0.000000e+00
2.074732e+01	2.724732e+00	1.611350e-03	2859352.000000	0.000000e+00
2.074932e+01	2.725177e+00	1.616015e-03	2843800.000000	0.000000e+00
2.075131e+01	2.729426e+00	1.623510e-03	2826396.000000	0.000000e+00
2.075331e+01	2.735264e+00	1.628967e-03	2819512.000000	0.000000e+00
2.075530e+01	2.731526e+00	1.628733e-03	2812620.000000	0.000000e+00
2.075730e+01	2.733198e+00	1.634351e-03	2796736.000000	0.000000e+00
2.075929e+01	2.734502e+00	1.640298e-03	2779144.000000	0.000000e+00
2.076129e+01	2.738291e+00	1.642670e-03	2778807.000000	0.000000e+00
2.076328e+01	2.739060e+00	1.647202e-03	2765092.000000	0.000000e+00
2.076528e+01	2.741542e+00	1.653348e-03	2749548.000000	0.000000e+00
2.076727e+01	2.742206e+00	1.658743e-03	2733016.000000	0.000000e+00
2.076926e+01	2.746545e+00	1.660075e-03	2737272.000000	0.000000e+00
2.077126e+01	2.747303e+00	1.666147e-03	2718856.000000	0.000000e+00
2.077326e+01	2.750568e+00	1.673305e-03	2702056.000000	0.000000e+00
2.077525e+01	2.754157e+00	1.678650e-03	2691888.000000	0.000000e+00
2.077724e+01	2.755239e+00	1.679458e-03	2691412.000000	0.000000e+00
2.077924e+01	2.760658e+00	1.688473e-03	2673234.000000	0.000000e+00
2.078123e+01	2.759355e+00	1.693338e-03	2655388.000000	0.000000e+00
2.078323e+01	2.758992e+00	1.694188e-03	2652024.000000	0.000000e+00
2.078522e+01	2.763511e+00	1.699004e-03	2645656.000000	0.000000e+00
2.078722e+01	2.764246e+00	1.705442e-03	2627116.000000	0.000000e+00
2.078921e+01	2.767035e+00	1.713173e-03	2608716.000000	0.000000e+00
2.079120e+01	2.769622e+00	1.713400e-03	2612905.000000	0.000000e+00
2.079320e+01	2.772480e+00	1.719676e-03	2599224.000000	0.000000e+00
2.079520e+01	2.771300e+00	1.724565e-03	2582308.000000	0.000000e+00
2.079719e+01	2.775056e+00	1.731704e-03	2568006.000000	0.000000e+00
2.079918e+01	2.777680e+00	1.732553e-03	2570344.000000	0.000000e+00
2.080118e+01	2.778894e+00	1.739023e-03	2553484.000000	0.000000e+00
2.080318e+01	2.780990e+00	1.745957e-03	2537064.000000	0.000000e+00
2.080517e+01	2.783215e+00	1.749909e-03	2529664.000000	0.000000e+00
2.080716e+01	2.783661e+00	1.751807e-03	2524992.000000	0.000000e+00
2.080916e+01	2.789264e+00	1.761310e-03	2507884.000000	0.000000e+00
2.081115e+01	2.790049e+00	1.767192e-03	2492620.000000	0.000000e+00
2.081315e+01	2.789990e+00	1.767646e-03	2491236.000000	0.000000e+00
2.081514e+01	2.790962e+00	1.772446e-03	2479486.000000	0.000000e+00
2.081714e+01	2.797708e+00	1.782134e-03	2464473.000000	0.000000e+00
2.081913e+01	2.800367e+00	1.789660e-03	2448436.000000	0.000000e+00
2.082112e+01	2.802623e+00	1.789552e-03	2452680.000000	0.000000e+00
2.082312e+01	2.804957e+00	1.796985e-03	2436484.000000	0.000000e+00
2.082512e+01	2.806234e+00	1.803975e-03	2419840.000000	0.000000e+00
2.082711e+01	2.805906e+00	1.807913e-03	2408748.000000	0.000000e+00
2.082910e+01	2.807260e+00	1.808360e-03	2409880.000000	0.000000e+00
2.083110e+01	2.810720e+00	1.816739e-03	2393592.000000	0.000000e+00
2.083309e+01	2.813955e+00	1.825409e-03	2376370.000000	0.000000e+00
2.083509e+01	2.813097e+00	1.827562e-03	2369328.000000	0.000000e+00
2.083708e+01	2.817338e+00	1.831118e-03	2367256.000000	0.000000e+00
2.083908e+01	2.816597e+00	1.837181e-03	2350420.000000	0.000000e+00
2.084107e+01	2.822538e+00	1.847964e-03	2332881.000000	0.000000e+00
2.084306e+01	2.820202e+00	1.846209e-03	2333452.000000	0.000000e+00
2.084506e+01	2.826068e+00	1.853839e-03	2323920.000000	0.000000e+00
2.084706e+01	2.827001e+00	1.861368e-03	2306680.000000	0.000000e+00
2.084905e+01	2.830894e+00	1.870548e-03	2290392.000000	0.000000e+00
2.085104e+01	2.832391e+00	1.868905e-03	2296846.000000	0.000000e+00
2.085304e+01	2.833234e+00	1.876433e-03	2279812.000000	0.000000e+00
2.085504e+01	2.835734e+00	1.884658e-03	2263944.000000	0.000000e+00
2.085703e+01	2.838719e+00	1.889975e-03	2255968.000000	0.000000e+00
2.085902e+01	2.844251e+00	1.894183e-03	2254716.000000	0.000000e+00
2.086102e+01	2.843108e+00	1.900769e-03	2237320.000000	0.000000e+00
2.086301e+01	2.847025e+00	1.909987e-03	2221885.000000	0.000000e+00
2.086501e+01	2.851988e+00	1.914377e-03	2219424.000000	0.000000e+00
2.086700e+01	2.850740e+00	1.916519e-03	2212528.000000	0.000000e+00
2.086900e+01	2.852669e+00	1.925133e-03	2195742.000000	0.000000e+00
2.087099e+01	2.851025e+00	1.930896e-03	2180140.000000	0.000000e+00
2.087298e+01	2.856433e+00	1.933645e-03	2182200.000000	0.000000e+00
2.087498e+01	2.860746e+00	1.941121e-03	2171968.000000	0.000000e+00
2.087698e+01	2.861509e+00	1.949501e-03	2154484.000000	0.000000e+00
2.087897e+01	2.862163e+00	1.956520e-03	2140032.000000	0.000000e+00
2.088096e+01	2.867262e+00	1.957190e-03	2146192.000000	0.000000e+00
2.088296e+01	2.868848e+00	1.965852e-03	2129676.000000	0.000000e+00
2.088496e+01	2.871205e+00	1.974766e-03	2113963.000000	0.000000e+00
2.088695e+01	2.872350e+00	1.979758e-03	2104992.000000	0.000000e+00
2.088894e+01	2.876288e+00	1.982600e-03	2104720.000000	0.000000e+00
2.089094e+01	2.876514e+00	1.990243e-03	2088916.000000	0.000000e+00
2.089293e+01	2.878964e+00	1.999460e-03	2073228.000000	0.000000e+00
2.089493e+01	2.878226e+00	2.000387e-03	2070244.000000	0.000000e+00
2.089692e+01	2.884227e+00	2.007460e-03	2064264.000000	0.000000e+00
2.089892e+01	2.886812e+00	2.017134e-03	2048176.000000	0.000000e+00
2.090091e+01	2.891046e+00	2.027818e-03	2032600.000000	0.000000e+00
2.090290e+01	2.888170e+00	2.023490e-03	2037246.000000	0.000000e+00
2.090490e+01	2.889738e+00	2.031639e-03	2023129.000000	0.000000e+00
2.090690e+01	2.891448e+00	2.040445e-03	2008080.000000	0.000000e+00
2.090889e+01	2.893699e+00	2.048019e-03	1996360.000000	0.000000e+00
2.091088e+01	2.899738e+00	2.050115e-03	2000604.000000	0.000000e+00
2.091288e+01	2.902284e+00	2.061169e-03	1982680.000000	0.000000e+00
2.091487e+01	2.901759e+00	2.068403e-03	1968124.000000	0.000000e+00
2.091687e+01	2.907308e+00	2.074791e-03	1963512.000000	0.000000e+00
2.091886e+01	2.907957e+00	2.076839e-03	1960516.000000	0.000000e+00
2.092086e+01	2.909032e+00	2.086739e-03	1943394.000000	0.000000e+00
2.092285e+01	2.914346e+00	2.098444e-03	1928800.000000	0.000000e+00
2.092484e+01	2.916518e+00	2.099484e-03	1929765.000000	0.000000e+00
2.092684e+01	2.914678e+00	2.102401e-03	1921984.000000	0.000000e+00
2.092884e+01	2.923023e+00	2.117810e-03	1904980.000000	0.000000e+00
2.093083e+01	2.921561e+00	2.125339e-03	1889616.000000	0.000000e+00
2.093282e+01	2.919685e+00	2.119769e-03	1897120.000000	0.000000e+00
2.093482e+01	2.926997e+00	2.132804e-03	1883400.000000	0.000000e+00
2.093682e+01	2.928010e+00	2.143116e-03	1866610.000000	0.000000e+00
2.093881e+01	2.927689e+00	2.149086e-03	1855848.000000	0.000000e+00
2.094080e+01	2.936488e+00	2.153649e-03	1859116.000000	0.000000e+00
2.094280e+01	2.934251e+00	2.160485e-03	1844557.000000	0.000000e+00
2.094480e+01	2.937835e+00	2.172651e-03	1828416.000000	0.000000e+00
2.094679e+01	2.939456e+00	2.176227e-03	1824424.000000	0.000000e+00
2.094878e+01	2.942759e+00	2.181301e-03	1820028.000000	0.000000e+00
2.095078e+01	2.944541e+00	2.190643e-03	1806724.000000	0.000000e+00
2.095277e+01	2.948964e+00	2.203718e-03	1790716.000000	0.000000e+00
2.095476e+01	2.951616e+00	2.204747e-03	1792266.000000	0.000000e+00
2.095676e+01	2.952801e+00	2.211274e-03	1783132.000000	0.000000e+00
2.095876e+01	2.955518e+00	2.222256e-03	1768800.000000	0.000000e+00
2.096075e+01	2.958451e+00	2.233724e-03	1754161.000000	0.000000e+00
2.096274e+01	2.958279e+00	2.229353e-03	1760844.000000	0.000000e+00
2.096474e+01	2.960000e+00	2.240579e-03	1745272.000000	0.000000e+00
2.096674e+01	2.963238e+00	2.252192e-03	1731100.000000	0.000000e+00
2.096873e+01	2.967333e+00	2.260232e-03	1723560.000000	0.000000e+00
2.097072e+01	2.966628e+00	2.259531e-03	1723810.000000	0.000000e+00
2.097272e+01	2.973375e+00	2.275146e-03	1707972.000000	0.000000e+00
2.097471e+01	2.973272e+00	2.284304e-03	1694188.000000	0.000000e+00
2.097670e+01	2.976242e+00	2.287327e-03	1693089.000000	0.000000e+00
2.097870e+01	2.978192e+00	2.292415e-03	1687792.000000	0.000000e+00
2.098070e+01	2.984068e+00	2.308439e-03	1671016.000000	0.000000e+00
2.098269e+01	2.985546e+00	2.319207e-03	1657176.000000	0.000000e+00
2.098468e+01	2.981537e+00	2.311825e-03	1663300.000000	0.000000e+00
2.098669e+01	2.987757e+00	2.324766e-03	1651704.000000	0.000000e+00
2.098868e+01	2.989601e+00	2.338166e-03	1634842.000000	0.000000e+00
2.099067e+01	2.989286e+00	2.346381e-03	1623072.000000	0.000000e+00
2.099266e+01	2.994768e+00	2.345286e-03	1630552.000000	0.000000e+00
2.099466e+01	2.992331e+00	2.353910e-03	1615993.000000	0.000000e+00
2.099666e+01	2.997228e+00	2.369467e-03	1600068.000000	0.000000e+00
2.099865e+01	3.001909e+00	2.378316e-03	1593148.000000	0.000000e+00
2.100064e+01	3.000910e+00	2.376954e-03	1593912.000000	0.000000e+00
2.100264e+01	3.004448e+00	2.390041e-03	1580224.000000	0.000000e+00
2.100463e+01	3.007168e+00	2.403797e-03	1565020.000000	0.000000e+00
2.100662e+01	3.009816e+00	2.406899e-03	1563738.000000	0.000000e+00
2.100862e+01	3.015332e+00	2.415217e-03	1558684.000000	0.000000e+00
2.101062e+01	3.018991e+00	2.428826e-03	1545009.000000	0.000000e+00
2.101261e+01	3.019091e+00	2.440357e-03	1530544.000000	0.000000e+00
2.101460e+01	3.015709e+00	2.433604e-03	1535604.000000	0.000000e+00
2.101660e+01	3.025171e+00	2.451168e-03	1523188.000000	0.000000e+00
2.101860e+01	3.026171e+00	2.462340e-03	1510396.000000	0.000000e+00
2.102059e+01	3.027408e+00	2.472284e-03	1499496.000000	0.000000e+00
2.102258e+01	3.033123e+00	2.473747e-03	1503382.000000	0.000000e+00
2.102458e+01	3.031724e+00	2.485223e-03	1488156.000000	0.000000e+00
2.102658e+01	3.037092e+00	2.500169e-03	1475629.000000	0.000000e+00
2.102857e+01	3.036757e+00	2.503081e-03	1471872.000000	0.000000e+00
2.103057e+01	3.036797e+00	2.505113e-03	1469524.000000	0.000000e+00
2.103256e+01	3.043028e+00	2.523789e-03	1453804.000000	0.000000e+00
2.103455e+01	3.043170e+00	2.535373e-03	1440684.000000	0.000000e+00
2.103654e+01	3.050342e+00	2.538070e-03	1444408.000000	0.000000e+00
2.103855e+01	3.050080e+00	2.545012e-03	1436292.000000	0.000000e+00
2.104054e+01	3.054791e+00	2.563564e-03	1419955.000000	0.000000e+00
2.104253e+01	3.055617e+00	2.576582e-03	1406404.000000	0.000000e+00
2.104452e+01	3.057623e+00	2.568804e-03	1416792.000000	0.000000e+00
2.104653e+01	3.065750e+00	2.588607e-03	1402624.000000	0.000000e+00
2.104852e+01	3.062032e+00	2.599891e-03	1387104.000000	0.000000e+00
2.105050e+01	3.065455e+00	2.610529e-03	1378900.000000	0.000000e+00
2.105250e+01	3.072836e+00	2.611879e-03	1384116.000000	0.000000e+00
2.105450e+01	3.068956e+00	2.622438e-03	1369528.000000	0.000000e+00
2.105650e+01	3.073501e+00	2.641019e-03	1354327.000000	0.000000e+00
2.105848e+01	3.080326e+00	2.649227e-03	1351932.000000	0.000000e+00
2.106048e+01	3.079043e+00	2.649355e-03	1350676.000000	0.000000e+00
2.106248e+01	3.081100e+00	2.664598e-03	1337052.000000	0.000000e+00
2.106447e+01	3.083504e+00	2.682026e-03	1321792.000000	0.000000e+00
2.106646e+01	3.086963e+00	2.680832e-03	1325940.000000	0.000000e+00
2.106846e+01	3.093585e+00	2.694638e-03	1318024.000000	0.000000e+00
2.107046e+01	3.098207e+00	2.712807e-03	1304317.000000	0.000000e+00
2.107245e+01	3.097748e+00	2.726230e-03	1291122.000000	0.000000e+00
2.107444e+01	3.099712e+00	2.720197e-03	1298500.000000	0.000000e+00
2.107644e+01	3.096421e+00	2.730543e-03	1285944.000000	0.000000e+00
2.107844e+01	3.107545e+00	2.755483e-03	1271860.000000	0.000000e+00
2.108043e+01	3.102274e+00	2.757090e-03	1266072.000000	0.000000e+00
2.108242e+01	3.108502e+00	2.762175e-03	1266484.000000	0.000000e+00
2.108442e+01	3.116588e+00	2.783377e-03	1253761.000000	0.000000e+00
2.108641e+01	3.113069e+00	2.795312e-03	1240272.000000	0.000000e+00
2.108840e+01	3.113140e+00	2.794817e-03	1240768.000000	0.000000e+00
2.109041e+01	3.119628e+00	2.807176e-03	1234998.000000	0.000000e+00
2.109240e+01	3.122946e+00	2.824777e-03	1222252.000000	0.000000e+00
2.109439e+01	3.122680e+00	2.839842e-03	1209112.000000	0.000000e+00
2.109638e+01	3.130081e+00	2.838448e-03	1216044.000000	0.000000e+00
2.109839e+01	3.131520e+00	2.853811e-03	1204093.000000	0.000000e+00
2.110038e+01	3.132775e+00	2.870705e-03	1190916.000000	0.000000e+00
2.110236e+01	3.132775e+00	2.882663e-03	1181056.000000	0.000000e+00
2.110436e+01	3.136606e+00	2.876943e-03	1188660.000000	0.000000e+00
2.110637e+01	3.139252e+00	2.897876e-03	1173526.000000	0.000000e+00
2.110836e+01	3.143707e+00	2.919060e-03	1159840.000000	0.000000e+00
2.111034e+01	3.142288e+00	2.920968e-03	1157280.000000	0.000000e+00
2.111234e+01	3.149467e+00	2.926957e-03	1157821.000000	0.000000e+00
2.111435e+01	3.148841e+00	2.945101e-03	1143144.000000	0.000000e+00
2.111633e+01	3.152708e+00	2.966564e-03	1129432.000000	0.000000e+00
2.111832e+01	3.151860e+00	2.960194e-03	1133688.000000	0.000000e+00
2.112033e+01	3.156739e+00	2.972394e-03	1127884.000000	0.000000e+00
2.112232e+01	3.161993e+00	2.996912e-03	1113202.000000	0.000000e+00
2.112431e+01	3.158151e+00	3.011633e-03	1099668.000000	0.000000e+00
2.112630e+01	3.166825e+00	3.007051e-03	1109089.000000	0.000000e+00
2.112831e+01	3.171051e+00	3.025867e-03	1098264.000000	0.000000e+00
2.113030e+01	3.172316e+00	3.046301e-03	1084444.000000	0.000000e+00
2.113229e+01	3.177911e+00	3.066459e-03	1074012.000000	0.000000e+00
2.113428e+01	3.177865e+00	3.056012e-03	1081336.000000	0.000000e+00
2.113629e+01	3.179897e+00	3.075991e-03	1068700.000000	0.000000e+00
2.113828e+01	3.183073e+00	3.098038e-03	1055649.000000	0.000000e+00
2.114026e+01	3.184496e+00	3.105996e-03	1051186.000000	0.000000e+00
2.114226e+01	3.191612e+00	3.111620e-03	1052076.000000	0.000000e+00
2.114426e+01	3.194324e+00	3.132569e-03	1039816.000000	0.000000e+00
2.114625e+01	3.195721e+00	3.154391e-03	1026376.000000	0.000000e+00
2.114824e+01	3.195042e+00	3.149753e-03	1028964.000000	0.000000e+00
2.115024e+01	3.199175e+00	3.162963e-03	1023028.000000	0.000000e+00
2.115224e+01	3.198680e+00	3.180953e-03	1011177.000000	0.000000e+00
2.115423e+01	3.207761e+00	3.210883e-03	998056.000000	0.000000e+00
2.115622e+01	3.205519e+00	3.193790e-03	1007358.000000	0.000000e+00
2.115823e+01	3.212038e+00	3.221271e-03	994276.000000	0.000000e+00
2.116022e+01	3.218030e+00	3.246476e-03	982552.000000	0.000000e+00
2.116221e+01	3.220934e+00	3.258560e-03	977040.000000	0.000000e+00
2.116420e+01	3.222436e+00	3.257039e-03	978865.000000	0.000000e+00
2.116621e+01	3.224255e+00	3.280954e-03	965736.000000	0.000000e+00
2.116819e+01	3.224330e+00	3.300044e-03	954640.000000	0.000000e+00
2.117018e+01	3.228190e+00	3.303295e-03	955044.000000	0.000000e+00
2.117219e+01	3.224480e+00	3.305135e-03	951790.000000	0.000000e+00
2.117418e+01	3.235803e+00	3.340035e-03	938560.000000	0.000000e+00
2.117617e+01	3.240554e+00	3.365540e-03	927105.000000	0.000000e+00
2.117816e+01	3.237111e+00	3.350738e-03	933328.000000	0.000000e+00
2.118017e+01	3.245674e+00	3.374961e-03	924852.000000	0.000000e+00
2.118216e+01	3.240702e+00	3.396082e-03	910588.000000	0.000000e+00
2.118414e+01	3.252585e+00	3.426083e-03	901284.000000	0.000000e+00
2.118614e+01	3.254610e+00	3.408501e-03	911740.000000	0.000000e+00
2.118815e+01	3.245402e+00	3.425322e-03	897706.000000	0.000000e+00
2.119014e+01	3.255061e+00	3.462445e-03	883797.000000	0.000000e+00
2.119212e+01	3.265566e+00	3.478947e-03	881092.000000	0.000000e+00
2.119412e+01	3.259370e+00	3.465494e-03	884580.000000	0.000000e+00
2.119613e+01	3.266194e+00	3.499331e-03	871192.000000	0.000000e+00
2.119811e+01	3.270664e+00	3.532875e-03	857068.000000	0.000000e+00
2.120010e+01	3.278270e+00	3.533119e-03	860940.000000	0.000000e+00
2.120211e+01	3.267781e+00	3.528064e-03	857893.000000	0.000000e+00
2.120411e+01	3.279740e+00	3.566384e-03	845712.000000	0.000000e+00
2.120609e+01	3.273576e+00	3.591862e-03	830626.000000	0.000000e+00
2.120808e+01	3.281438e+00	3.578503e-03	840864.000000	0.000000e+00
2.121009e+01	3.283635e+00	3.599482e-03	832204.000000	0.000000e+00
2.121208e+01	3.285954e+00	3.629898e-03	819472.000000	0.000000e+00
2.121406e+01	3.292513e+00	3.660633e-03	808989.000000	0.000000e+00
2.121606e+01	3.294279e+00	3.643820e-03	817348.000000	0.000000e+00
2.121807e+01	3.305281e+00	3.680723e-03	806400.000000	0.000000e+00
2.122006e+01	3.301550e+00	3.703972e-03	794512.000000	0.000000e+00
2.122204e+01	3.303665e+00	3.718603e-03	789282.000000	0.000000e+00
2.122404e+01	3.303346e+00	3.711681e-03	792076.000000	0.000000e+00
2.122605e+01	3.310453e+00	3.745180e-03	781321.000000	0.000000e+00
2.122803e+01	3.312014e+00	3.776559e-03	769116.000000	0.000000e+00
2.123002e+01	3.314835e+00	3.775380e-03	770908.000000	0.000000e+00
2.123203e+01	3.316762e+00	3.787146e-03	767016.000000	0.000000e+00
2.123402e+01	3.330669e+00	3.830106e-03	756208.000000	0.000000e+00
2.123601e+01	3.323344e+00	3.854027e-03	743569.000000	0.000000e+00
2.123800e+01	3.330744e+00	3.838144e-03	753078.000000	0.000000e+00
2.124001e+01	3.328316e+00	3.862434e-03	742552.000000	0.000000e+00
2.124200e+01	3.341056e+00	3.907788e-03	730980.000000	0.000000e+00
2.124398e+01	3.335936e+00	3.916444e-03	725524.000000	0.000000e+00
2.124598e+01	3.339985e+00	3.910518e-03	729492.000000	0.000000e+00
2.124799e+01	3.345793e+00	3.949508e-03	717649.000000	0.000000e+00
2.124997e+01	3.345313e+00	3.978311e-03	707092.000000	0.000000e+00
2.125196e+01	3.339771e+00	3.971361e-03	707220.000000	0.000000e+00
2.125397e+01	3.349193e+00	3.986666e-03	705766.000000	0.000000e+00
2.125597e+01	3.356456e+00	4.029849e-03	693720.000000	0.000000e+00
2.125795e+01	3.359615e+00	4.063795e-03	683464.000000	0.000000e+00
2.125994e+01	3.357647e+00	4.042458e-03	689889.000000	0.000000e+00
2.126195e+01	3.357764e+00	4.065447e-03	682156.000000	0.000000e+00
2.126394e+01	3.362623e+00	4.108171e-03	669976.000000	0.000000e+00
2.126592e+01	3.376726e+00	4.155178e-03	660408.000000	0.000000e+00
2.126792e+01	3.369479e+00	4.109084e-03	672412.000000	0.000000e+00
2.126993e+01	3.378304e+00	4.162788e-03	658611.000000	0.000000e+00
2.127192e+01	3.378437e+00	4.199879e-03	647080.000000	0.000000e+00
2.127390e+01	3.379875e+00	4.212985e-03	643608.000000	0.000000e+00
2.127590e+01	3.384225e+00	4.199838e-03	649312.000000	0.000000e+00
2.127791e+01	3.387030e+00	4.247628e-03	635836.000000	0.000000e+00
2.127989e+01	3.388322e+00	4.290349e-03	623712.000000	0.000000e+00
2.128188e+01	3.395249e+00	4.286230e-03	627469.000000	0.000000e+00
2.128389e+01	3.398259e+00	4.293196e-03	626544.000000	0.000000e+00
2.128589e+01	3.394487e+00	4.333025e-03	613714.000000	0.000000e+00
2.128787e+01	3.398022e+00	4.383702e-03	600856.000000	0.000000e+00
2.128985e+01	3.407271e+00	4.358122e-03	611244.000000	0.000000e+00
2.129187e+01	3.406144e+00	4.381739e-03	604273.000000	0.000000e+00
2.129387e+01	3.405440e+00	4.427865e-03	591504.000000	0.000000e+00
2.129584e+01	3.410695e+00	4.472867e-03	581452.000000	0.000000e+00
2.129784e+01	3.414727e+00	4.435579e-03	592668.000000	0.000000e+00
2.129985e+01	3.421025e+00	4.482808e-03	582388.000000	0.000000e+00
2.130184e+01	3.423787e+00	4.536548e-03	569590.000000	0.000000e+00
2.130382e+01	3.427974e+00	4.557344e-03	565785.000000	0.000000e+00
2.130582e+01	3.433107e+00	4.542132e-03	571288.000000	0.000000e+00
2.130783e+01	3.428161e+00	4.577673e-03	560832.000000	0.000000e+00
2.130982e+01	3.432023e+00	4.635888e-03	548068.000000	0.000000e+00
2.131180e+01	3.443947e+00	4.641304e-03	550596.000000	0.000000e+00
2.131381e+01	3.446304e+00	4.646045e-03	550225.000000	0.000000e+00
2.131581e+01	3.447337e+00	4.694031e-03	539356.000000	0.000000e+00
2.131779e+01	3.452876e+00	4.757139e-03	526830.000000	0.000000e+00
2.131977e+01	3.441194e+00	4.700435e-03	535972.000000	0.000000e+00
2.132179e+01	3.462055e+00	4.760764e-03	528828.000000	0.000000e+00
2.132379e+01	3.454423e+00	4.796029e-03	518785.000000	0.000000e+00
2.132576e+01	3.474699e+00	4.863378e-03	510456.000000	0.000000e+00
2.132776e+01	3.473047e+00	4.828131e-03	517444.000000	0.000000e+00
2.132977e+01	3.467821e+00	4.866159e-03	507856.000000	0.000000e+00
2.133176e+01	3.474143e+00	4.921554e-03	498300.000000	0.000000e+00
2.133374e+01	3.476079e+00	4.934895e-03	496162.000000	0.000000e+00
2.133574e+01	3.489273e+00	4.949084e-03	497073.000000	0.000000e+00
2.133775e+01	3.480696e+00	4.981704e-03	488176.000000	0.000000e+00
2.133973e+01	3.476228e+00	5.029757e-03	477664.000000	0.000000e+00
2.134172e+01	3.488811e+00	5.022373e-03	482544.000000	0.000000e+00
2.134373e+01	3.489599e+00	5.051642e-03	477184.000000	0.000000e+00
2.134573e+01	3.495946e+00	5.111311e-03	467805.000000	0.000000e+00
2.134770e+01	3.500697e+00	5.173250e-03	457912.000000	0.000000e+00
2.134970e+01	3.503647e+00	5.113412e-03	469482.000000	0.000000e+00
2.135171e+01	3.503780e+00	5.182971e-03	457000.000000	0.000000e+00
2.135370e+01	3.508690e+00	5.237551e-03	448780.000000	0.000000e+00
2.135568e+01	3.511195e+00	5.266671e-03	444465.000000	0.000000e+00
2.135768e+01	3.518423e+00	5.244653e-03	450052.000000	0.000000e+00
2.135969e+01	3.522345e+00	5.323777e-03	437748.000000	0.000000e+00
2.136167e+01	3.524375e+00	5.377699e-03	429508.000000	0.000000e+00
2.136366e+01	3.520184e+00	5.357576e-03	431712.000000	0.000000e+00
2.136567e+01	3.527667e+00	5.370713e-03	431431.000000	0.000000e+00
2.136767e+01	3.534502e+00	5.462028e-03	418744.000000	0.000000e+00
2.136964e+01	3.537155e+00	5.521738e-03	410352.000000	0.000000e+00
2.137163e+01	3.538302e+00	5.462034e-03	419644.000000	0.000000e+00
2.137366e+01	3.546273e+00	5.522986e-03	412284.000000	0.000000e+00
2.137565e+01	3.535812e+00	5.587782e-03	400405.000000	0.000000e+00
2.137761e+01	3.550594e+00	5.662462e-03	393180.000000	0.000000e+00
2.137961e+01	3.551684e+00	5.572162e-03	406276.000000	0.000000e+00
2.138164e+01	3.543781e+00	5.649284e-03	393502.000000	0.000000e+00
2.138362e+01	3.552935e+00	5.746648e-03	382248.000000	0.000000e+00
2.138559e+01	3.555863e+00	5.757254e-03	381469.000000	0.000000e+00
2.138760e+01	3.555817e+00	5.705198e-03	388452.000000	0.000000e+00
2.138962e+01	3.567672e+00	5.821390e-03	375592.000000	0.000000e+00
2.139159e+01	3.571617e+00	5.918726e-03	364144.000000	0.000000e+00
2.139357e+01	3.573611e+00	5.873869e-03	370140.000000	0.000000e+00
2.139559e+01	3.582648e+00	5.884615e-03	370657.000000	0.000000e+00
2.139760e+01	3.590517e+00	6.002783e-03	357774.000000	0.000000e+00
2.139956e+01	3.588522e+00	6.093805e-03	346780.000000	0.000000e+00
2.140154e+01	3.593736e+00	5.996060e-03	359220.000000	0.000000e+00
2.140358e+01	3.599677e+00	6.057556e-03	353128.000000	0.000000e+00
2.140558e+01	3.592284e+00	6.156508e-03	340465.000000	0.000000e+00
2.140753e+01	3.596061e+00	6.236285e-03	332508.000000	0.000000e+00
2.140953e+01	3.605317e+00	6.134119e-03	345448.000000	0.000000e+00
2.141156e+01	3.610488e+00	6.226238e-03	336264.000000	0.000000e+00
2.141355e+01	3.612848e+00	6.356600e-03	323035.000000	0.000000e+00
2.141551e+01	3.606028e+00	6.349389e-03	322548.000000	0.000000e+00
2.141752e+01	3.612957e+00	6.300779e-03	328804.000000	0.000000e+00
2.141954e+01	3.620250e+00	6.402800e-03	319696.000000	0.000000e+00
2.142152e+01	3.634787e+00	6.569512e-03	306120.000000	0.000000e+00
2.142348e+01	3.622364e+00	6.479705e-03	312517.000000	0.000000e+00
2.142551e+01	3.627064e+00	6.488870e-03	312444.000000	0.000000e+00
2.142752e+01	3.639467e+00	6.609091e-03	303244.000000	0.000000e+00
2.142948e+01	3.650378e+00	6.783754e-03	289558.000000	0.000000e+00
2.143146e+01	3.640273e+00	6.613216e-03	303000.000000	0.000000e+00
2.143349e+01	3.643264e+00	6.690838e-03	296497.000000	0.000000e+00
2.143550e+01	3.650384e+00	6.809469e-03	287376.000000	0.000000e+00
2.143745e+01	3.652559e+00	6.923489e-03	278320.000000	0.000000e+00
2.143945e+01	3.643835e+00	6.781132e-03	288744.000000	0.000000e+00
2.144148e+01	3.666540e+00	6.916966e-03	280984.000000	0.000000e+00
2.144347e+01	3.659628e+00	7.020359e-03	271741.000000	0.000000e+00
2.144543e+01	3.659261e+00	7.056142e-03	268938.000000	0.000000e+00
2.144744e+01	3.671784e+00	7.021505e-03	273460.000000	0.000000e+00
2.144946e+01	3.687397e+00	7.152568e-03	265776.000000	0.000000e+00
2.145143e+01	3.680698e+00	7.271593e-03	256213.000000	0.000000e+00
2.145341e+01	3.682270e+00	7.221470e-03	260004.000000	0.000000e+00
2.145543e+01	3.702671e+00	7.281954e-03	258544.000000	0.000000e+00
2.145744e+01	3.680000e+00	7.347491e-03	250852.000000	0.000000e+00
2.145939e+01	3.684889e+00	7.503947e-03	241140.000000	0.000000e+00
2.146138e+01	3.693766e+00	7.368766e-03	251275.000000	0.000000e+00
2.146342e+01	3.713749e+00	7.517033e-03	244080.000000	0.000000e+00
2.146541e+01	3.703906e+00	7.618432e-03	236368.000000	0.000000e+00
2.146737e+01	3.689611e+00	7.649134e-03	232668.000000	0.000000e+00
2.146938e+01	3.711335e+00	7.627133e-03	236776.000000	0.000000e+00
2.147140e+01	3.720352e+00	7.760829e-03	229801.000000	0.000000e+00
2.147338e+01	3.722257e+00	7.896636e-03	222192.000000	0.000000e+00
2.147536e+01	3.728847e+00	7.866275e-03	224704.000000	0.000000e+00
2.147737e+01	3.726254e+00	7.901171e-03	222414.000000	0.000000e+00
2.147938e+01	3.735808e+00	8.040840e-03	215857.000000	0.000000e+00
2.148134e+01	3.731190e+00	8.173634e-03	208384.000000	0.000000e+00
2.148333e+01	3.750382e+00	8.055899e-03	216732.000000	0.000000e+00
2.148536e+01	3.754588e+00	8.216849e-03	208792.000000	0.000000e+00
2.148735e+01	3.733356e+00	8.298314e-03	202404.000000	0.000000e+00
2.148930e+01	3.732763e+00	8.416072e-03	196717.000000	0.000000e+00
2.149131e+01	3.757807e+00	8.260254e-03	206958.000000	0.000000e+00
2.149335e+01	3.740827e+00	8.457698e-03	195628.000000	0.000000e+00
2.149532e+01	3.770366e+00	8.668173e-03	189196.000000	0.000000e+00
2.149728e+01	3.763848e+00	8.631204e-03	190161.000000	0.000000e+00
2.149931e+01	3.767371e+00	8.572575e-03	193132.000000	0.000000e+00
2.150133e+01	3.766958e+00	8.807750e-03	182916.000000	0.000000e+00
2.150328e+01	3.769507e+00	8.976443e-03	176344.000000	0.000000e+00
2.150526e+01	3.797008e+00	8.860590e-03	183636.000000	0.000000e+00
2.150731e+01	3.781464e+00	8.920854e-03	179683.000000	0.000000e+00
2.150931e+01	3.786345e+00	9.174281e-03	170332.000000	0.000000e+00
2.151123e+01	3.781446e+00	9.337161e-03	164016.000000	0.000000e+00
2.151324e+01	3.773153e+00	8.957130e-03	177448.000000	0.000000e+00
2.151530e+01	3.800969e+00	9.312827e-03	166581.000000	0.000000e+00
2.151727e+01	3.802054e+00	9.556883e-03	158272.000000	0.000000e+00
2.151920e+01	3.802276e+00	9.633828e-03	155772.000000	0.000000e+00
2.152124e+01	3.795922e+00	9.262976e-03	167932.000000	0.000000e+00
2.152330e+01	3.826111e+00	9.761820e-03	153622.000000	0.000000e+00
2.152523e+01	3.816755e+00	9.966776e-03	146649.000000	0.000000e+00
2.152718e+01	3.823757e+00	9.857401e-03	150472.000000	0.000000e+00
2.152925e+01	3.835768e+00	9.716070e-03	155856.000000	0.000000e+00
2.153128e+01	3.823774e+00	1.017566e-02	141208.000000	0.000000e+00
2.153318e+01	3.852137e+00	1.046974e-02	135373.000000	0.000000e+00
2.153516e+01	3.826285e+00	1.002938e-02	145548.000000	0.000000e+00
2.153725e+01	3.856026e+00	1.016265e-02	143968.000000	0.000000e+00
2.153925e+01	3.831425e+00	1.065395e-02	129330.000000	0.000000e+00
2.154111e+01	3.835921e+00	1.087711e-02	124369.000000	0.000000e+00
2.154313e+01	3.853221e+00	1.025504e-02	141180.000000	0.000000e+00
2.154525e+01	3.842354e+00	1.058664e-02	131728.000000	0.000000e+00
2.154721e+01	3.875565e+00	1.126275e-02	118408.000000	0.000000e+00
2.154909e+01	3.879808e+00	1.124341e-02	119076.000000	0.000000e+00
2.155115e+01	3.872894e+00	1.067723e-02	131569.000000	0.000000e+00
2.155325e+01	3.863861e+00	1.116546e-02	119754.000000	0.000000e+00
2.155516e+01	3.879181e+00	1.179916e-02	108088.000000	0.000000e+00
2.155707e+01	3.860681e+00	1.137286e-02	115236.000000	0.000000e+00
2.155916e+01	3.895468e+00	1.118995e-02	121189.000000	0.000000e+00
2.156123e+01	3.912822e+00	1.190347e-02	108052.000000	0.000000e+00
2.156309e+01	3.876118e+00	1.237701e-02	98076.000000	0.000000e+00
2.156504e+01	3.905265e+00	1.167860e-02	111820.000000	0.000000e+00
2.156718e+01	3.903845e+00	1.171819e-02	110985.000000	0.000000e+00
2.156921e+01	3.911106e+00	1.256675e-02	96862.000000	0.000000e+00
2.157101e+01	3.902609e+00	1.306544e-02	89220.000000	0.000000e+00
2.157302e+01	3.904440e+00	1.188193e-02	107980.000000	0.000000e+00
2.157519e+01	3.910399e+00	1.230336e-02	101017.000000	0.000000e+00
2.157717e+01	3.903850e+00	1.330985e-02	86028.000000	0.000000e+00
2.157898e+01	3.927336e+00	1.335056e-02	86536.000000	0.000000e+00
2.158104e+01	3.937170e+00	1.253215e-02	98700.000000	0.000000e+00
2.158319e+01	3.946487e+00	1.306784e-02	91204.000000	0.000000e+00
2.158511e+01	3.971717e+00	1.444089e-02	75643.000000	0.000000e+00
2.158695e+01	3.955847e+00	1.362660e-02	84276.000000	0.000000e+00
2.158907e+01	3.978056e+00	1.327051e-02	89860.000000	0.000000e+00
2.159119e+01	3.934777e+00	1.380904e-02	81192.000000	0.000000e+00
2.159301e+01	3.961427e+00	1.540852e-02	66097.000000	0.000000e+00
2.159492e+01	3.942104e+00	1.373564e-02	82368.000000	0.000000e+00
2.159709e+01	3.979441e+00	1.395926e-02	81268.000000	0.000000e+00
2.159917e+01	3.995879e+00	1.504572e-02	70534.000000	0.000000e+00
2.160091e+01	3.969768e+00	1.616012e-02	60345.000000	0.000000e+00
2.160291e+01	3.950419e+00	1.410648e-02	78424.000000	0.000000e+00
2.160512e+01	3.994334e+00	1.478531e-02	72984.000000	0.000000e+00
2.160712e+01	3.964285e+00	1.617227e-02	60088.000000	0.000000e+00
2.160887e+01	3.993129e+00	1.641762e-02	59157.000000	0.000000e+00
2.161094e+01	4.031379e+00	1.515556e-02	70756.000000	0.000000e+00
2.161314e+01	3.996018e+00	1.567995e-02	64948.000000	0.000000e+00
2.161505e+01	3.978039e+00	1.777150e-02	50106.000000	0.000000e+00
2.161683e+01	4.004150e+00	1.659246e-02	58237.000000	0.000000e+00
2.161898e+01	4.012126e+00	1.593017e-02	63432.000000	0.000000e+00
2.162115e+01	4.023341e+00	1.683539e-02	57112.000000	0.000000e+00
2.162292e+01	4.000829e+00	1.985285e-02	40612.000000	0.000000e+00
2.162478e+01	4.008002e+00	1.668828e-02	57681.000000	0.000000e+00
2.162701e+01	4.034028e+00	1.697669e-02	56464.000000	0.000000e+00
2.162916e+01	4.034292e+00	1.818578e-02	49212.000000	0.000000e+00
2.163084e+01	4.017420e+00	2.118131e-02	35974.000000	0.000000e+00
2.163278e+01	4.037252e+00	1.747925e-02	53349.000000	0.000000e+00
2.163504e+01	4.024953e+00	1.801816e-02	49900.000000	0.000000e+00
2.163712e+01	4.092823e+00	2.037567e-02	40348.000000	0.000000e+00
2.163878e+01	4.021799e+00	2.142652e-02	35232.000000	0.000000e+00
2.164082e+01	4.065027e+00	1.873284e-02	47089.000000	0.000000e+00
2.164308e+01	4.072398e+00	1.950683e-02	43584.000000	0.000000e+00
2.164503e+01	4.055691e+00	2.306381e-02	30922.000000	0.000000e+00
2.164669e+01	4.038105e+00	2.135040e-02	35772.000000	0.000000e+00
2.164886e+01	4.034094e+00	1.987238e-02	41209.000000	0.000000e+00
2.165111e+01	4.113389e+00	2.123692e-02	37516.000000	0.000000e+00
2.165282e+01	4.086611e+00	2.765266e-02	21840.000000	0.000000e+00
2.165461e+01	4.063376e+00	2.120719e-02	36712.000000	0.000000e+00
2.165689e+01	4.136072e+00	2.188306e-02	35724.000000	0.000000e+00
2.165913e+01	4.118238e+00	2.316360e-02	31609.000000	0.000000e+00
2.166079e+01	4.114587e+00	2.970841e-02	19182.000000	0.000000e+00
2.166264e+01	4.122361e+00	2.302887e-02	32044.000000	0.000000e+00
2.166494e+01	4.106318e+00	2.346467e-02	30625.000000	0.000000e+00
2.166713e+01	4.112924e+00	2.574401e-02	25524.000000	0.000000e+00
2.166875e+01	4.149142e+00	3.106773e-02	17836.000000	0.000000e+00
2.167068e+01	4.088718e+00	2.477874e-02	27228.000000	0.000000e+00
2.167298e+01	4.156230e+00	2.582107e-02	25909.000000	0.000000e+00
2.167504e+01	4.168088e+00	3.121485e-02	17830.000000	0.000000e+00
2.167660e+01	4.131060e+00	3.021254e-02	18696.000000	0.000000e+00
2.167872e+01	4.128903e+00	2.734193e-02	22804.000000	0.000000e+00
2.168102e+01	4.117455e+00	2.803326e-02	21573.000000	0.000000e+00
2.168275e+01	4.205150e+00	4.121904e-02	10408.000000	0.000000e+00
2.168447e+01	4.158504e+00	2.949071e-02	19884.000000	0.000000e+00
2.168677e+01	4.140482e+00	3.022008e-02	18772.000000	0.000000e+00
2.168906e+01	4.137860e+00	3.122847e-02	17557.000000	0.000000e+00
2.169079e+01	4.190322e+00	4.522223e-02	8586.000000	0.000000e+00
2.169252e+01	4.180930e+00	3.291765e-02	16132.000000	0.000000e+00
2.169482e+01	4.149082e+00	3.372903e-02	15132.000000	0.000000e+00
2.169709e+01	4.170975e+00	3.567543e-02	13669.000000	0.000000e+00
2.169878e+01	4.269446e+00	5.023226e-02	7224.000000	0.000000e+00
2.170056e+01	4.165313e+00	3.685684e-02	12772.000000	0.000000e+00
2.170286e+01	4.175611e+00	3.830353e-02	11884.000000	0.000000e+00
2.170503e+01	4.168391e+00	4.365585e-02	9117.000000	0.000000e+00
2.170660e+01	4.145088e+00	4.914471e-02	7114.000000	0.000000e+00
2.170861e+01	4.233619e+00	4.275728e-02	9804.000000	0.000000e+00
2.171091e+01	4.201586e+00	4.421987e-02	9028.000000	0.000000e+00
2.171265e+01	4.158879e+00	6.392227e-02	4233.000000	0.000000e+00
2.171436e+01	4.227766e+00	4.749400e-02	7924.000000	0.000000e+00
2.171666e+01	4.274015e+00	5.027210e-02	7228.000000	0.000000e+00
2.171896e+01	4.227298e+00	5.217693e-02	6564.000000	0.000000e+00
2.172070e+01	4.164042e+00	7.548561e-02	3043.000000	0.000000e+00
2.172241e+01	4.204427e+00	5.604409e-02	5628.000000	0.000000e+00
2.172471e+01	4.182803e+00	5.889519e-02	5044.000000	0.000000e+00
2.172701e+01	4.364063e+00	6.511352e-02	4492.000000	0.000000e+00
2.172876e+01	4.325301e+00	9.555322e-02	2049.000000	0.000000e+00
2.173046e+01	4.379013e+00	7.175818e-02	3724.000000	0.000000e+00
2.173276e+01	4.198243e+00	7.361940e-02	3252.000000	0.000000e+00
2.173504e+01	4.438950e+00	8.560219e-02	2689.000000	0.000000e+00
2.173671e+01	4.046561e+00	1.091673e-01	1374.000000	0.000000e+00
2.173851e+01	4.386741e+00	9.327159e-02	2212.000000	0.000000e+00
2.174081e+01	4.339293e+00	1.008320e-01	1852.000000	0.000000e+00
2.174257e+01	4.451208e+00	1.572757e-01	801.000000	0.000000e+00
2.174426e+01	4.320815e+00	1.166510e-01	1372.000000	0.000000e+00
2.174656e+01	4.279130e+00	1.294924e-01	1092.000000	0.000000e+00
2.174886e+01	4.152531e+00	1.429360e-01	844.000000	0.000000e+00
2.175062e+01	4.057035e+00	2.203479e-01	339.000000	0.000000e+00
2.175230e+01	4.504051e+00	1.952754e-01	532.000000	0.000000e+00
2.175459e+01	4.451215e+00	2.333071e-01	364.000000	0.000000e+00
2.175688e+01	4.282280e+00	2.836009e-01	228.000000	0.000000e+00
2.175868e+01	4.302646e+00	5.035867e-01	73.000000	0.000000e+00
2.176029e+01	4.435642e+00	4.839682e-01	84.000000	0.000000e+00
2.176251e+01	4.000637e+00	7.560493e-01	28.000000	0.000000e+00
2.176444e+01	1.318848e+00	7.614375e-01	3.000000	0.000000e+00
